scenario,algorithm,cycle,C_true_factor,ESR_true_factor,C_est_factor,ESR_est_factor
load_25_to_75,B0 Closed-form,0,1,1,1,1
load_25_to_75,B0 Closed-form,1,1,1,1,1
load_25_to_75,B0 Closed-form,2,1,1,1,1
load_25_to_75,B0 Closed-form,3,1,1,1,1
load_25_to_75,B0 Closed-form,4,1,1,1,1
load_25_to_75,B0 Closed-form,5,1,1,1,1
load_25_to_75,B0 Closed-form,6,1,1,1,1
load_25_to_75,B0 Closed-form,7,1,1,1,1
load_25_to_75,B0 Closed-form,8,1,1,1,1
load_25_to_75,B0 Closed-form,9,1,1,1,1
load_25_to_75,B0 Closed-form,10,1,1,1,1
load_25_to_75,B0 Closed-form,11,1,1,1,1
load_25_to_75,B0 Closed-form,12,1,1,1,1
load_25_to_75,B0 Closed-form,13,1,1,1,1
load_25_to_75,B0 Closed-form,14,1,1,1,1
load_25_to_75,B0 Closed-form,15,1,1,1,1
load_25_to_75,B0 Closed-form,16,1,1,1,1
load_25_to_75,B0 Closed-form,17,1,1,1,1
load_25_to_75,B0 Closed-form,18,1,1,1,1
load_25_to_75,B0 Closed-form,19,1,1,1,1
load_25_to_75,B0 Closed-form,20,1,1,1,1
load_25_to_75,B0 Closed-form,21,1,1,1,1
load_25_to_75,B0 Closed-form,22,1,1,1,1
load_25_to_75,B0 Closed-form,23,1,1,1,1
load_25_to_75,B0 Closed-form,24,1,1,1,1
load_25_to_75,B0 Closed-form,25,1,1,1,1
load_25_to_75,B0 Closed-form,26,1,1,1,1
load_25_to_75,B0 Closed-form,27,1,1,1,1
load_25_to_75,B0 Closed-form,28,1,1,1,1
load_25_to_75,B0 Closed-form,29,1,1,1,1
load_25_to_75,B0 Closed-form,30,1,1,1,1
load_25_to_75,B0 Closed-form,31,1,1,1,1
load_25_to_75,B0 Closed-form,32,1,1,1,1
load_25_to_75,B0 Closed-form,33,1,1,1,1
load_25_to_75,B0 Closed-form,34,1,1,1,1
load_25_to_75,B0 Closed-form,35,1,1,1,1
load_25_to_75,B0 Closed-form,36,1,1,1,1
load_25_to_75,B0 Closed-form,37,1,1,1,1
load_25_to_75,B0 Closed-form,38,1,1,1,1
load_25_to_75,B0 Closed-form,39,1,1,1,1
load_25_to_75,B0 Closed-form,40,1,1,1,1
load_25_to_75,B0 Closed-form,41,1,1,1,1
load_25_to_75,B0 Closed-form,42,1,1,1,1
load_25_to_75,B0 Closed-form,43,1,1,1,1
load_25_to_75,B0 Closed-form,44,1,1,1,1
load_25_to_75,B0 Closed-form,45,1,1,1,1
load_25_to_75,B0 Closed-form,46,1,1,1,1
load_25_to_75,B0 Closed-form,47,1,1,1,1
load_25_to_75,B0 Closed-form,48,1,1,1,1
load_25_to_75,B0 Closed-form,49,1,1,1,1
load_25_to_75,B0 Closed-form,50,1,1,1,1
load_25_to_75,B0 Closed-form,51,1,1,1,1
load_25_to_75,B0 Closed-form,52,1,1,1,1
load_25_to_75,B0 Closed-form,53,1,1,1,1
load_25_to_75,B0 Closed-form,54,1,1,1,1
load_25_to_75,B0 Closed-form,55,1,1,1,1
load_25_to_75,B0 Closed-form,56,1,1,1,1
load_25_to_75,B0 Closed-form,57,1,1,1,1
load_25_to_75,B0 Closed-form,58,1,1,1,1
load_25_to_75,B0 Closed-form,59,1,1,1,1
load_25_to_75,B0 Closed-form,60,1,1,1,1
load_25_to_75,B0 Closed-form,61,1,1,1,1
load_25_to_75,B0 Closed-form,62,1,1,1,1
load_25_to_75,B0 Closed-form,63,1,1,1,1
load_25_to_75,B0 Closed-form,64,1,1,1,1
load_25_to_75,B0 Closed-form,65,1,1,1,1
load_25_to_75,B0 Closed-form,66,1,1,1,1
load_25_to_75,B0 Closed-form,67,1,1,1,1
load_25_to_75,B0 Closed-form,68,1,1,1,1
load_25_to_75,B0 Closed-form,69,1,1,1,1
load_25_to_75,B0 Closed-form,70,1,1,1,1
load_25_to_75,B0 Closed-form,71,1,1,1,1
load_25_to_75,B0 Closed-form,72,1,1,1,1
load_25_to_75,B0 Closed-form,73,1,1,1,1
load_25_to_75,B0 Closed-form,74,1,1,1,1
load_25_to_75,B0 Closed-form,75,1,1,1,1
load_25_to_75,B0 Closed-form,76,1,1,1,1
load_25_to_75,B0 Closed-form,77,1,1,1,1
load_25_to_75,B0 Closed-form,78,1,1,1,1
load_25_to_75,B0 Closed-form,79,1,1,1,1
load_25_to_75,B0 Closed-form,80,1,1,1,1
load_25_to_75,B0 Closed-form,81,1,1,1,1
load_25_to_75,B0 Closed-form,82,1,1,1,1
load_25_to_75,B0 Closed-form,83,1,1,1,1
load_25_to_75,B0 Closed-form,84,1,1,1,1
load_25_to_75,B0 Closed-form,85,1,1,1,1
load_25_to_75,B0 Closed-form,86,1,1,1,1
load_25_to_75,B0 Closed-form,87,1,1,1,1
load_25_to_75,B0 Closed-form,88,1,1,1,1
load_25_to_75,B0 Closed-form,89,1,1,1,1
load_25_to_75,B0 Closed-form,90,1,1,1,1
load_25_to_75,B0 Closed-form,91,1,1,1,1
load_25_to_75,B0 Closed-form,92,1,1,1,1
load_25_to_75,B0 Closed-form,93,1,1,1,1
load_25_to_75,B0 Closed-form,94,1,1,1,1
load_25_to_75,B0 Closed-form,95,1,1,1,1
load_25_to_75,B0 Closed-form,96,1,1,1,1
load_25_to_75,B0 Closed-form,97,1,1,1,1
load_25_to_75,B0 Closed-form,98,1,1,1,1
load_25_to_75,B0 Closed-form,99,1,1,1,1
load_25_to_75,B0 Closed-form,100,1,1,1,1
load_25_to_75,B0 Closed-form,101,1,1,1,1
load_25_to_75,B0 Closed-form,102,1,1,1,1
load_25_to_75,B0 Closed-form,103,1,1,1,1
load_25_to_75,B0 Closed-form,104,1,1,1,1
load_25_to_75,B0 Closed-form,105,1,1,1,1
load_25_to_75,B0 Closed-form,106,1,1,1,1
load_25_to_75,B0 Closed-form,107,1,1,1,1
load_25_to_75,B0 Closed-form,108,1,1,1,1
load_25_to_75,B0 Closed-form,109,1,1,1,1
load_25_to_75,B0 Closed-form,110,1,1,1,1
load_25_to_75,B0 Closed-form,111,1,1,1,1
load_25_to_75,B0 Closed-form,112,1,1,1,1
load_25_to_75,B0 Closed-form,113,1,1,1,1
load_25_to_75,B0 Closed-form,114,1,1,1,1
load_25_to_75,B0 Closed-form,115,1,1,1,1
load_25_to_75,B0 Closed-form,116,1,1,1,1
load_25_to_75,B0 Closed-form,117,1,1,1,1
load_25_to_75,B0 Closed-form,118,1,1,1,1
load_25_to_75,B0 Closed-form,119,1,1,1,1
load_25_to_75,B0 Closed-form,120,1,1,1,1
load_25_to_75,B0 Closed-form,121,1,1,1,1
load_25_to_75,B0 Closed-form,122,1,1,1,1
load_25_to_75,B0 Closed-form,123,1,1,1,1
load_25_to_75,B0 Closed-form,124,1,1,1,1
load_25_to_75,B0 Closed-form,125,1,1,1,1
load_25_to_75,B0 Closed-form,126,1,1,1,1
load_25_to_75,B0 Closed-form,127,1,1,1,1
load_25_to_75,B0 Closed-form,128,1,1,1,1
load_25_to_75,B0 Closed-form,129,1,1,1,1
load_25_to_75,B0 Closed-form,130,1,1,1,1
load_25_to_75,B0 Closed-form,131,1,1,1,1
load_25_to_75,B0 Closed-form,132,1,1,1,1
load_25_to_75,B0 Closed-form,133,1,1,1,1
load_25_to_75,B0 Closed-form,134,1,1,1,1
load_25_to_75,B0 Closed-form,135,1,1,1,1
load_25_to_75,B0 Closed-form,136,1,1,1,1
load_25_to_75,B0 Closed-form,137,1,1,1,1
load_25_to_75,B0 Closed-form,138,1,1,1,1
load_25_to_75,B0 Closed-form,139,1,1,1,1
load_25_to_75,B0 Closed-form,140,1,1,1,1
load_25_to_75,B0 Closed-form,141,1,1,1,1
load_25_to_75,B0 Closed-form,142,1,1,1,1
load_25_to_75,B0 Closed-form,143,1,1,1,1
load_25_to_75,B0 Closed-form,144,1,1,1,1
load_25_to_75,B0 Closed-form,145,1,1,1,1
load_25_to_75,B0 Closed-form,146,1,1,1,1
load_25_to_75,B0 Closed-form,147,1,1,1,1
load_25_to_75,B0 Closed-form,148,1,1,1,1
load_25_to_75,B0 Closed-form,149,1,1,1,1
load_25_to_75,B0 Closed-form,150,1,1,1,1
load_25_to_75,B0 Closed-form,151,1,1,1,1
load_25_to_75,B0 Closed-form,152,1,1,1,1
load_25_to_75,B0 Closed-form,153,1,1,1,1
load_25_to_75,B0 Closed-form,154,1,1,1,1
load_25_to_75,B0 Closed-form,155,1,1,1,1
load_25_to_75,B0 Closed-form,156,1,1,1,1
load_25_to_75,B0 Closed-form,157,1,1,1,1
load_25_to_75,B0 Closed-form,158,1,1,1,1
load_25_to_75,B0 Closed-form,159,1,1,1,1
load_25_to_75,B0 Closed-form,160,1,1,1,1
load_25_to_75,B0 Closed-form,161,1,1,1,1
load_25_to_75,B0 Closed-form,162,1,1,1,1
load_25_to_75,B0 Closed-form,163,1,1,1,1
load_25_to_75,B0 Closed-form,164,1,1,1,1
load_25_to_75,B0 Closed-form,165,1,1,1,1
load_25_to_75,B0 Closed-form,166,1,1,1,1
load_25_to_75,B0 Closed-form,167,1,1,1,1
load_25_to_75,B0 Closed-form,168,1,1,1,1
load_25_to_75,B0 Closed-form,169,1,1,1,1
load_25_to_75,B0 Closed-form,170,1,1,1,1
load_25_to_75,B0 Closed-form,171,1,1,1,1
load_25_to_75,B0 Closed-form,172,1,1,1,1
load_25_to_75,B0 Closed-form,173,1,1,1,1
load_25_to_75,B0 Closed-form,174,1,1,1,1
load_25_to_75,B0 Closed-form,175,1,1,1,1
load_25_to_75,B0 Closed-form,176,1,1,1,1
load_25_to_75,B0 Closed-form,177,1,1,1,1
load_25_to_75,B0 Closed-form,178,1,1,1,1
load_25_to_75,B0 Closed-form,179,1,1,1,1
load_25_to_75,B0 Closed-form,180,1,1,1,1
load_25_to_75,B0 Closed-form,181,1,1,1,1
load_25_to_75,B0 Closed-form,182,1,1,1,1
load_25_to_75,B0 Closed-form,183,1,1,1,1
load_25_to_75,B0 Closed-form,184,1,1,1,1
load_25_to_75,B0 Closed-form,185,1,1,1,1
load_25_to_75,B0 Closed-form,186,1,1,1,1
load_25_to_75,B0 Closed-form,187,1,1,1,1
load_25_to_75,B0 Closed-form,188,1,1,1,1
load_25_to_75,B0 Closed-form,189,1,1,1,1
load_25_to_75,B0 Closed-form,190,1,1,1,1
load_25_to_75,B0 Closed-form,191,1,1,1,1
load_25_to_75,B0 Closed-form,192,1,1,1,1
load_25_to_75,B0 Closed-form,193,1,1,1,1
load_25_to_75,B0 Closed-form,194,1,1,1,1
load_25_to_75,B0 Closed-form,195,1,1,1,1
load_25_to_75,B0 Closed-form,196,1,1,1,1
load_25_to_75,B0 Closed-form,197,1,1,1,1
load_25_to_75,B0 Closed-form,198,1,1,1,1
load_25_to_75,B0 Closed-form,199,1,1,1,1
load_25_to_75,B0 Closed-form,200,1,1,1.03,0.976
load_25_to_75,B0 Closed-form,201,1,1,1.029375,0.976625
load_25_to_75,B0 Closed-form,202,1,1,1.02876302083333,0.977233723958333
load_25_to_75,B0 Closed-form,203,1,1,1.02816379123264,0.977826595730252
load_25_to_75,B0 Closed-form,204,1,1,1.02757704558196,0.97840402813311
load_25_to_75,B0 Closed-form,205,1,1,1.027002523799,0.97896642323381
load_25_to_75,B0 Closed-form,206,1,1,1.02643997121986,0.979514172628763
load_25_to_75,B0 Closed-form,207,1,1,1.02588913848611,0.980047657716555
load_25_to_75,B0 Closed-form,208,1,1,1.02534978143431,0.98056724996352
load_25_to_75,B0 Closed-form,209,1,1,1.02482166098777,0.981073311162387
load_25_to_75,B0 Closed-form,210,1,1,1.02430454305052,0.9815661936842
load_25_to_75,B0 Closed-form,211,1,1,1.02379819840364,0.982046240723674
load_25_to_75,B0 Closed-form,212,1,1,1.02330240260356,0.982513786538161
load_25_to_75,B0 Closed-form,213,1,1,1.02281693588265,0.982969156680397
load_25_to_75,B0 Closed-form,214,1,1,1.02234158305176,0.983412668225178
load_25_to_75,B0 Closed-form,215,1,1,1.02187613340485,0.983844629990147
load_25_to_75,B0 Closed-form,216,1,1,1.02142038062558,0.984265342750821
load_25_to_75,B0 Closed-form,217,1,1,1.02097412269588,0.984675099450018
load_25_to_75,B0 Closed-form,218,1,1,1.02053716180639,0.98507418540184
load_25_to_75,B0 Closed-form,219,1,1,1.02010930426875,0.985462878490334
load_25_to_75,B0 Closed-form,220,1,1,1.01969036042982,0.985841449362982
load_25_to_75,B0 Closed-form,221,1,1,1.01928014458753,0.986210161619154
load_25_to_75,B0 Closed-form,222,1,1,1.01887847490863,0.986569271993655
load_25_to_75,B0 Closed-form,223,1,1,1.01848517334803,0.986919030535487
load_25_to_75,B0 Closed-form,224,1,1,1.01810006556995,0.987259680781959
load_25_to_75,B0 Closed-form,225,1,1,1.01772298087057,0.987591459928262
load_25_to_75,B0 Closed-form,226,1,1,1.01735375210244,0.98791459899263
load_25_to_75,B0 Closed-form,227,1,1,1.0169922156003,0.988229322977197
load_25_to_75,B0 Closed-form,228,1,1,1.01663821110863,0.988535851024666
load_25_to_75,B0 Closed-form,229,1,1,1.01629158171053,0.988834396570899
load_25_to_75,B0 Closed-form,230,1,1,1.01595217375823,0.989125167493531
load_25_to_75,B0 Closed-form,231,1,1,1.01561983680493,0.989408366256721
load_25_to_75,B0 Closed-form,232,1,1,1.01529442353816,0.989684190052119
load_25_to_75,B0 Closed-form,233,1,1,1.01497578971445,0.989952830936178
load_25_to_75,B0 Closed-form,234,1,1,1.0146637940954,0.990214475963882
load_25_to_75,B0 Closed-form,235,1,1,1.01435829838508,0.990469307318989
load_25_to_75,B0 Closed-form,236,1,1,1.01405916716872,0.99071750244089
load_25_to_75,B0 Closed-form,237,1,1,1.01376626785271,0.990959234148159
load_25_to_75,B0 Closed-form,238,1,1,1.01347947060578,0.991194670758884
load_25_to_75,B0 Closed-form,239,1,1,1.01319864830149,0.991423976207871
load_25_to_75,B0 Closed-form,240,1,1,1.01292367646188,0.991647310160791
load_25_to_75,B0 Closed-form,241,1,1,1.01265443320225,0.991864828125354
load_25_to_75,B0 Closed-form,242,1,1,1.01239079917721,0.99207668155959
load_25_to_75,B0 Closed-form,243,1,1,1.01213265752768,0.992283017977309
load_25_to_75,B0 Closed-form,244,1,1,1.01187989382919,0.992483981050816
load_25_to_75,B0 Closed-form,245,1,1,1.01163239604108,0.992679710710951
load_25_to_75,B0 Closed-form,246,1,1,1.01139005445689,0.99287034324452
load_25_to_75,B0 Closed-form,247,1,1,1.01115276165571,0.993056011389194
load_25_to_75,B0 Closed-form,248,1,1,1.01092041245455,0.993236844425934
load_25_to_75,B0 Closed-form,249,1,1,1.01069290386174,0.993412968269008
load_25_to_75,B0 Closed-form,250,1,1,1.01047013503129,0.99358450555367
load_25_to_75,B0 Closed-form,251,1,1,1.01025200721814,0.993751575721543
load_25_to_75,B0 Closed-form,252,1,1,1.01003842373443,0.993914295103794
load_25_to_75,B0 Closed-form,253,1,1,1.00982928990663,0.994072777002133
load_25_to_75,B0 Closed-form,254,1,1,1.00962451303357,0.994227131767702
load_25_to_75,B0 Closed-form,255,1,1,1.00942400234537,0.994377466877919
load_25_to_75,B0 Closed-form,256,1,1,1.00922766896318,0.994523887011306
load_25_to_75,B0 Closed-form,257,1,1,1.00903542585978,0.994666494120387
load_25_to_75,B0 Closed-form,258,1,1,1.00884718782103,0.994805387502668
load_25_to_75,B0 Closed-form,259,1,1,1.00866287140809,0.994940663869786
load_25_to_75,B0 Closed-form,260,1,1,1.00848239492042,0.995072417414844
load_25_to_75,B0 Closed-form,261,1,1,1.00830567835958,0.995200739877999
load_25_to_75,B0 Closed-form,262,1,1,1.00813264339376,0.995325720610343
load_25_to_75,B0 Closed-form,263,1,1,1.00796321332305,0.995447446636115
load_25_to_75,B0 Closed-form,264,1,1,1.00779731304549,0.9955660027133
load_25_to_75,B0 Closed-form,265,1,1,1.00763486902371,0.995681471392641
load_25_to_75,B0 Closed-form,266,1,1,1.00747580925238,0.995793933075124
load_25_to_75,B0 Closed-form,267,1,1,1.00732006322629,0.995903466067959
load_25_to_75,B0 Closed-form,268,1,1,1.00716756190908,0.996010146639106
load_25_to_75,B0 Closed-form,269,1,1,1.00701823770264,0.99611404907038
load_25_to_75,B0 Closed-form,270,1,1,1.00687202441717,0.996215245709172
load_25_to_75,B0 Closed-form,271,1,1,1.00672885724181,0.996313807018829
load_25_to_75,B0 Closed-form,272,1,1,1.00658867271594,0.996409801627713
load_25_to_75,B0 Closed-form,273,1,1,1.00645140870102,0.996503296376992
load_25_to_75,B0 Closed-form,274,1,1,1.00631700435308,0.996594356367174
load_25_to_75,B0 Closed-form,275,1,1,1.00618540009573,0.996683045003446
load_25_to_75,B0 Closed-form,276,1,1,1.00605653759373,0.996769424039814
load_25_to_75,B0 Closed-form,277,1,1,1.0059303597272,0.996853553622111
load_25_to_75,B0 Closed-form,278,1,1,1.00580681056621,0.996935492329868
load_25_to_75,B0 Closed-form,279,1,1,1.00568583534609,0.997015297217111
load_25_to_75,B0 Closed-form,280,1,1,1.00556738044304,0.997093023852083
load_25_to_75,B0 Closed-form,281,1,1,1.00545139335048,0.997168726355935
load_25_to_75,B0 Closed-form,282,1,1,1.00533782265568,0.997242457440415
load_25_to_75,B0 Closed-form,283,1,1,1.00522661801702,0.997314268444571
load_25_to_75,B0 Closed-form,284,1,1,1.00511773014166,0.997384209370494
load_25_to_75,B0 Closed-form,285,1,1,1.00501111076371,0.997452328918137
load_25_to_75,B0 Closed-form,286,1,1,1.0049067126228,0.997518674519227
load_25_to_75,B0 Closed-form,287,1,1,1.00480448944316,0.997583292370289
load_25_to_75,B0 Closed-form,288,1,1,1.00470439591309,0.997646227464813
load_25_to_75,B0 Closed-form,289,1,1,1.0046063876649,0.997707523624583
load_25_to_75,B0 Closed-form,290,1,1,1.00451042125522,0.997767223530193
load_25_to_75,B0 Closed-form,291,1,1,1.00441645414573,0.997825368750761
load_25_to_75,B0 Closed-form,292,1,1,1.00432444468436,0.997881999772877
load_25_to_75,B0 Closed-form,293,1,1,1.00423435208677,0.997937156028792
load_25_to_75,B0 Closed-form,294,1,1,1.0041461364183,0.997990875923875
load_25_to_75,B0 Closed-form,295,1,1,1.00405975857625,0.998043196863357
load_25_to_75,B0 Closed-form,296,1,1,1.00397518027258,0.998094155278374
load_25_to_75,B0 Closed-form,297,1,1,1.0038923640169,0.998143786651333
load_25_to_75,B0 Closed-form,298,1,1,1.00381127309988,0.998192125540621
load_25_to_75,B0 Closed-form,299,1,1,1.00373187157697,0.998239205604668
load_25_to_75,B0 Closed-form,300,1,1,1.00365412425245,0.99828505962538
load_25_to_75,B0 Closed-form,301,1,1,1.00357799666385,0.998329719530969
load_25_to_75,B0 Closed-form,302,1,1,1.00350345506669,0.998373216418183
load_25_to_75,B0 Closed-form,303,1,1,1.00343046641947,0.99841558057396
load_25_to_75,B0 Closed-form,304,1,1,1.00335899836906,0.998456841496513
load_25_to_75,B0 Closed-form,305,1,1,1.00328901923637,0.998497027915874
load_25_to_75,B0 Closed-form,306,1,1,1.00322049800228,0.998536167813898
load_25_to_75,B0 Closed-form,307,1,1,1.0031534042939,0.998574288443745
load_25_to_75,B0 Closed-form,308,1,1,1.00308770837111,0.998611416348856
load_25_to_75,B0 Closed-form,309,1,1,1.00302338111338,0.998647577381438
load_25_to_75,B0 Closed-form,310,1,1,1.00296039400685,0.998682796720463
load_25_to_75,B0 Closed-form,311,1,1,1.00289871913171,0.9987170988892
load_25_to_75,B0 Closed-form,312,1,1,1.0028383291498,0.998750507772294
load_25_to_75,B0 Closed-form,313,1,1,1.00277919729251,0.998783046632391
load_25_to_75,B0 Closed-form,314,1,1,1.00272129734892,0.998814738126339
load_25_to_75,B0 Closed-form,315,1,1,1.00266460365415,0.998845604320965
load_25_to_75,B0 Closed-form,316,1,1,1.00260909107802,0.99887566670844
load_25_to_75,B0 Closed-form,317,1,1,1.00255473501389,0.998904946221241
load_25_to_75,B0 Closed-form,318,1,1,1.00250151136777,0.99893346324673
load_25_to_75,B0 Closed-form,319,1,1,1.00244939654761,0.998961237641346
load_25_to_75,B0 Closed-form,320,1,1,1.00239836745287,0.998988288744436
load_25_to_75,B0 Closed-form,321,1,1,1.00234840146427,0.999014635391717
load_25_to_75,B0 Closed-form,322,1,1,1.00229947643376,0.999040295928391
load_25_to_75,B0 Closed-form,323,1,1,1.00225157067472,0.999065288221922
load_25_to_75,B0 Closed-form,324,1,1,1.00220466295233,0.999089629674476
load_25_to_75,B0 Closed-form,325,1,1,1.00215873247416,0.999113337235037
load_25_to_75,B0 Closed-form,326,1,1,1.00211375888095,0.999136427411208
load_25_to_75,B0 Closed-form,327,1,1,1.0020697222376,0.999158916280708
load_25_to_75,B0 Closed-form,328,1,1,1.00202660302431,0.999180819502564
load_25_to_75,B0 Closed-form,329,1,1,1.00198438212797,0.999202152328018
load_25_to_75,B0 Closed-form,330,1,1,1.00194304083364,0.999222929611143
load_25_to_75,B0 Closed-form,331,1,1,1.00190256081627,0.999243165819186
load_25_to_75,B0 Closed-form,332,1,1,1.0018629241326,0.999262875042645
load_25_to_75,B0 Closed-form,333,1,1,1.00182411321317,0.999282071005076
load_25_to_75,B0 Closed-form,334,1,1,1.00178611085456,0.999300767072652
load_25_to_75,B0 Closed-form,335,1,1,1.00174890021176,0.999318976263468
load_25_to_75,B0 Closed-form,336,1,1,1.00171246479068,0.999336711256607
load_25_to_75,B0 Closed-form,337,1,1,1.00167678844088,0.999353984400966
load_25_to_75,B0 Closed-form,338,1,1,1.00164185534836,0.999370807723858
load_25_to_75,B0 Closed-form,339,1,1,1.0016076500286,0.999387192939382
load_25_to_75,B0 Closed-form,340,1,1,1.00157415731967,0.999403151456586
load_25_to_75,B0 Closed-form,341,1,1,1.00154136237551,0.999418694387404
load_25_to_75,B0 Closed-form,342,1,1,1.00150925065935,0.999433832554399
load_25_to_75,B0 Closed-form,343,1,1,1.00147780793728,0.999448576498295
load_25_to_75,B0 Closed-form,344,1,1,1.00144702027192,0.999462936485318
load_25_to_75,B0 Closed-form,345,1,1,1.00141687401626,0.999476922514346
load_25_to_75,B0 Closed-form,346,1,1,1.00138735580759,0.999490544323869
load_25_to_75,B0 Closed-form,347,1,1,1.0013584525616,0.999503811398768
load_25_to_75,B0 Closed-form,348,1,1,1.00133015146656,0.999516732976925
load_25_to_75,B0 Closed-form,349,1,1,1.00130243997768,0.999529318055651
load_25_to_75,B0 Closed-form,350,1,1,1.00127530581147,0.999541575397952
load_25_to_75,B0 Closed-form,351,1,1,1.0012487369404,0.99955351353863
load_25_to_75,B0 Closed-form,352,1,1,1.00122272158748,0.999565140790228
load_25_to_75,B0 Closed-form,353,1,1,1.00119724822107,0.999576465248816
load_25_to_75,B0 Closed-form,354,1,1,1.0011723055498,0.999587494799628
load_25_to_75,B0 Closed-form,355,1,1,1.00114788251751,0.999598237122554
load_25_to_75,B0 Closed-form,356,1,1,1.0011239682984,0.999608699697488
load_25_to_75,B0 Closed-form,357,1,1,1.00110055229218,0.999618889809533
load_25_to_75,B0 Closed-form,358,1,1,1.00107762411943,0.999628814554076
load_25_to_75,B0 Closed-form,359,1,1,1.00105517361694,0.99963848084173
load_25_to_75,B0 Closed-form,360,1,1,1.00103319083325,0.999647895403143
load_25_to_75,B0 Closed-form,361,1,1,1.00101166602423,0.999657064793687
load_25_to_75,B0 Closed-form,362,1,1,1.00099058964872,0.999665995398018
load_25_to_75,B0 Closed-form,363,1,1,1.00096995236437,0.999674693434528
load_25_to_75,B0 Closed-form,364,1,1,1.00094974502345,0.99968316495967
load_25_to_75,B0 Closed-form,365,1,1,1.00092995866879,0.999691415872179
load_25_to_75,B0 Closed-form,366,1,1,1.00091058452986,0.999699451917174
load_25_to_75,B0 Closed-form,367,1,1,1.00089161401882,0.999707278690164
load_25_to_75,B0 Closed-form,368,1,1,1.00087303872676,0.999714901640941
load_25_to_75,B0 Closed-form,369,1,1,1.00085485041996,0.999722326077375
load_25_to_75,B0 Closed-form,370,1,1,1.00083704103621,0.99972955716911
load_25_to_75,B0 Closed-form,371,1,1,1.00081960268129,0.999736599951165
load_25_to_75,B0 Closed-form,372,1,1,1.00080252762543,0.999743459327436
load_25_to_75,B0 Closed-form,373,1,1,1.0007858082999,0.999750140074118
load_25_to_75,B0 Closed-form,374,1,1,1.00076943729365,0.999756646843021
load_25_to_75,B0 Closed-form,375,1,1,1.00075340735003,0.999762984164817
load_25_to_75,B0 Closed-form,376,1,1,1.00073771136357,0.999769156452192
load_25_to_75,B0 Closed-form,377,1,1,1.00072234237683,0.999775168002916
load_25_to_75,B0 Closed-form,378,1,1,1.00070729357731,0.99978102300284
load_25_to_75,B0 Closed-form,379,1,1,1.00069255829445,0.999786725528808
load_25_to_75,B0 Closed-form,380,1,1,1.00067812999665,0.999792279551495
load_25_to_75,B0 Closed-form,381,1,1,1.00066400228839,0.999797688938175
load_25_to_75,B0 Closed-form,382,1,1,1.00065016890738,0.99980295745541
load_25_to_75,B0 Closed-form,383,1,1,1.00063662372181,0.999808088771675
load_25_to_75,B0 Closed-form,384,1,1,1.0006233607276,0.999813086459913
load_25_to_75,B0 Closed-form,385,1,1,1.00061037404578,0.999817954000019
load_25_to_75,B0 Closed-form,386,1,1,1.00059765791983,0.999822694781269
load_25_to_75,B0 Closed-form,387,1,1,1.00058520671316,0.999827312104673
load_25_to_75,B0 Closed-form,388,1,1,1.00057301490664,0.999831809185281
load_25_to_75,B0 Closed-form,389,1,1,1.00056107709608,0.999836189154414
load_25_to_75,B0 Closed-form,390,1,1,1.00054938798992,0.999840455061851
load_25_to_75,B0 Closed-form,391,1,1,1.00053794240679,0.999844609877949
load_25_to_75,B0 Closed-form,392,1,1,1.00052673527332,0.999848656495711
load_25_to_75,B0 Closed-form,393,1,1,1.00051576162179,0.999852597732801
load_25_to_75,B0 Closed-form,394,1,1,1.000505016588,0.99985643633351
load_25_to_75,B0 Closed-form,395,1,1,1.00049449540909,0.999860174970658
load_25_to_75,B0 Closed-form,396,1,1,1.0004841934214,0.999863816247464
load_25_to_75,B0 Closed-form,397,1,1,1.00047410605845,0.999867362699353
load_25_to_75,B0 Closed-form,398,1,1,1.0004642288489,0.999870816795724
load_25_to_75,B0 Closed-form,399,1,1,1.00045455741455,0.999874180941668
load_25_to_75,B0 Closed-form,400,1,1,1.00044508746841,0.999877457479646
load_25_to_75,B0 Closed-form,401,1,1,1.00043581481282,0.999880648691113
load_25_to_75,B0 Closed-form,402,1,1,1.00042673533755,0.999883756798115
load_25_to_75,B0 Closed-form,403,1,1,1.00041784501802,0.999886783964831
load_25_to_75,B0 Closed-form,404,1,1,1.00040913991348,0.99988973229908
load_25_to_75,B0 Closed-form,405,1,1,1.00040061616528,0.999892603853792
load_25_to_75,B0 Closed-form,406,1,1,1.00039226999517,0.999895400628433
load_25_to_75,B0 Closed-form,407,1,1,1.0003840977036,0.999898124570401
load_25_to_75,B0 Closed-form,408,1,1,1.00037609566811,0.99990077757638
load_25_to_75,B0 Closed-form,409,1,1,1.00036826034169,0.999903361493662
load_25_to_75,B0 Closed-form,410,1,1,1.00036058825124,0.999905878121431
load_25_to_75,B0 Closed-form,411,1,1,1.00035307599601,0.999908329212018
load_25_to_75,B0 Closed-form,412,1,1,1.00034572024609,0.999910716472122
load_25_to_75,B0 Closed-form,413,1,1,1.00033851774096,0.999913041563994
load_25_to_75,B0 Closed-form,414,1,1,1.00033146528803,0.999915306106598
load_25_to_75,B0 Closed-form,415,1,1,1.00032455976119,0.999917511676739
load_25_to_75,B0 Closed-form,416,1,1,1.0003177980995,0.999919659810157
load_25_to_75,B0 Closed-form,417,1,1,1.00031117730576,0.999921752002601
load_25_to_75,B0 Closed-form,418,1,1,1.00030469444523,0.999923789710867
load_25_to_75,B0 Closed-form,419,1,1,1.00029834664428,0.999925774353813
load_25_to_75,B0 Closed-form,420,1,1,1.00029213108919,0.999927707313349
load_25_to_75,B0 Closed-form,421,1,1,1.00028604502484,0.999929589935397
load_25_to_75,B0 Closed-form,422,1,1,1.00028008575348,0.99993142353083
load_25_to_75,B0 Closed-form,423,1,1,1.00027425063362,0.999933209376381
load_25_to_75,B0 Closed-form,424,1,1,1.00026853707875,0.999934948715538
load_25_to_75,B0 Closed-form,425,1,1,1.00026294255628,0.999936642759404
load_25_to_75,B0 Closed-form,426,1,1,1.00025746458636,0.999938292687544
load_25_to_75,B0 Closed-form,427,1,1,1.00025210074081,0.999939899648806
load_25_to_75,B0 Closed-form,428,1,1,1.00024684864204,0.999941464762118
load_25_to_75,B0 Closed-form,429,1,1,1.000241705962,0.999942989117272
load_25_to_75,B0 Closed-form,430,1,1,1.00023667042112,0.999944473775676
load_25_to_75,B0 Closed-form,431,1,1,1.00023173978735,0.999945919771101
load_25_to_75,B0 Closed-form,432,1,1,1.00022691187511,0.999947328110395
load_25_to_75,B0 Closed-form,433,1,1,1.00022218454438,0.999948699774187
load_25_to_75,B0 Closed-form,434,1,1,1.00021755569971,0.999950035717568
load_25_to_75,B0 Closed-form,435,1,1,1.0002130232893,0.999951336870756
load_25_to_75,B0 Closed-form,436,1,1,1.0002085853041,0.999952604139747
load_25_to_75,B0 Closed-form,437,1,1,1.00020423977693,0.999953838406941
load_25_to_75,B0 Closed-form,438,1,1,1.00019998478158,0.99995504053176
load_25_to_75,B0 Closed-form,439,1,1,1.00019581843197,0.999956211351246
load_25_to_75,B0 Closed-form,440,1,1,1.0001917388813,0.99995735168064
load_25_to_75,B0 Closed-form,441,1,1,1.00018774432127,0.999958462313957
load_25_to_75,B0 Closed-form,442,1,1,1.00018383298125,0.999959544024531
load_25_to_75,B0 Closed-form,443,1,1,1.00018000312747,0.999960597565559
load_25_to_75,B0 Closed-form,444,1,1,1.00017625306231,0.999961623670622
load_25_to_75,B0 Closed-form,445,1,1,1.00017258112352,0.9999626230542
load_25_to_75,B0 Closed-form,446,1,1,1.00016898568344,0.999963596412163
load_25_to_75,B0 Closed-form,447,1,1,1.00016546514837,0.999964544422263
load_25_to_75,B0 Closed-form,448,1,1,1.00016201795778,0.9999654677446
load_25_to_75,B0 Closed-form,449,1,1,1.00015864258366,0.999966367022085
load_25_to_75,B0 Closed-form,450,1,1,1.00015533752983,0.999967242880885
load_25_to_75,B0 Closed-form,451,1,1,1.0001521013313,0.999968095930862
load_25_to_75,B0 Closed-form,452,1,1,1.00014893255356,0.999968926765995
load_25_to_75,B0 Closed-form,453,1,1,1.00014582979203,0.999969735964798
load_25_to_75,B0 Closed-form,454,1,1,1.00014279167136,0.999970524090714
load_25_to_75,B0 Closed-form,455,1,1,1.00013981684487,0.999971291692519
load_25_to_75,B0 Closed-form,456,1,1,1.00013690399394,0.999972039304693
load_25_to_75,B0 Closed-form,457,1,1,1.0001340518274,0.9999727674478
load_25_to_75,B0 Closed-form,458,1,1,1.00013125908099,0.999973476628846
load_25_to_75,B0 Closed-form,459,1,1,1.00012852451681,0.999974167341637
load_25_to_75,B0 Closed-form,460,1,1,1.00012584692271,0.999974840067115
load_25_to_75,B0 Closed-form,461,1,1,1.00012322511182,0.999975495273701
load_25_to_75,B0 Closed-form,462,1,1,1.00012065792199,0.999976133417615
load_25_to_75,B0 Closed-form,463,1,1,1.00011814421528,0.999976754943198
load_25_to_75,B0 Closed-form,464,1,1,1.00011568287746,0.999977360283218
load_25_to_75,B0 Closed-form,465,1,1,1.00011327281751,0.999977949859176
load_25_to_75,B0 Closed-form,466,1,1,1.00011091296715,0.999978524081594
load_25_to_75,B0 Closed-form,467,1,1,1.00010860228033,0.999979083350302
load_25_to_75,B0 Closed-form,468,1,1,1.00010633973283,0.999979628054721
load_25_to_75,B0 Closed-form,469,1,1,1.00010412432173,0.99998015857413
load_25_to_75,B0 Closed-form,470,1,1,1.00010195506502,0.999980675277928
load_25_to_75,B0 Closed-form,471,1,1,1.00009983100117,0.999981178525899
load_25_to_75,B0 Closed-form,472,1,1,1.00009775118864,0.999981668668454
load_25_to_75,B0 Closed-form,473,1,1,1.00009571470555,0.999982146046879
load_25_to_75,B0 Closed-form,474,1,1,1.00009372064918,0.999982610993575
load_25_to_75,B0 Closed-form,475,1,1,1.00009176813566,0.999983063832284
load_25_to_75,B0 Closed-form,476,1,1,1.0000898562995,0.999983504878318
load_25_to_75,B0 Closed-form,477,1,1,1.00008798429326,0.999983934438779
load_25_to_75,B0 Closed-form,478,1,1,1.00008615128715,0.999984352812769
load_25_to_75,B0 Closed-form,479,1,1,1.00008435646867,0.999984760291603
load_25_to_75,B0 Closed-form,480,1,1,1.00008259904224,0.999985157159009
load_25_to_75,B0 Closed-form,481,1,1,1.00008087822886,0.999985543691327
load_25_to_75,B0 Closed-form,482,1,1,1.00007919326575,0.999985920157698
load_25_to_75,B0 Closed-form,483,1,1,1.00007754340605,0.999986286820258
load_25_to_75,B0 Closed-form,484,1,1,1.00007592791843,0.999986643934314
load_25_to_75,B0 Closed-form,485,1,1,1.00007434608679,0.999986991748525
load_25_to_75,B0 Closed-form,486,1,1,1.00007279720998,0.999987330505074
load_25_to_75,B0 Closed-form,487,1,1,1.00007128060144,0.999987660439837
load_25_to_75,B0 Closed-form,488,1,1,1.00006979558891,0.99998798178255
load_25_to_75,B0 Closed-form,489,1,1,1.00006834151414,0.999988294756963
load_25_to_75,B0 Closed-form,490,1,1,1.0000669177326,0.999988599581
load_25_to_75,B0 Closed-form,491,1,1,1.00006552361317,0.999988896466911
load_25_to_75,B0 Closed-form,492,1,1,1.00006415853789,0.999989185621419
load_25_to_75,B0 Closed-form,493,1,1,1.00006282190169,0.999989467245861
load_25_to_75,B0 Closed-form,494,1,1,1.00006151311207,0.999989741536334
load_25_to_75,B0 Closed-form,495,1,1,1.0000602315889,0.999990008683825
load_25_to_75,B0 Closed-form,496,1,1,1.00005897676413,0.99999026887435
load_25_to_75,B0 Closed-form,497,1,1,1.00005774808155,0.999990522289081
load_25_to_75,B0 Closed-form,498,1,1,1.00005654499651,0.999990769104469
load_25_to_75,B0 Closed-form,499,1,1,1.00005536697575,0.999991009492374
load_25_to_75,B0 Closed-form,500,1,1,1.00005421349709,0.999991243620177
load_25_to_75,B0 Closed-form,501,1,1,1.00005308404924,0.999991471650901
load_25_to_75,B0 Closed-form,502,1,1,1.00005197813154,0.999991693743326
load_25_to_75,B0 Closed-form,503,1,1,1.0000508952538,0.999991910052093
load_25_to_75,B0 Closed-form,504,1,1,1.00004983493602,0.99999212072782
load_25_to_75,B0 Closed-form,505,1,1,1.00004879670818,0.9999923259172
load_25_to_75,B0 Closed-form,506,1,1,1.00004778011009,0.999992525763106
load_25_to_75,B0 Closed-form,507,1,1,1.00004678469113,0.999992720404692
load_25_to_75,B0 Closed-form,508,1,1,1.00004581001007,0.999992909977486
load_25_to_75,B0 Closed-form,509,1,1,1.00004485563486,0.999993094613489
load_25_to_75,B0 Closed-form,510,1,1,1.00004392114247,0.999993274441263
load_25_to_75,B0 Closed-form,511,1,1,1.00004300611867,0.999993449586021
load_25_to_75,B0 Closed-form,512,1,1,1.00004211015786,0.999993620169719
load_25_to_75,B0 Closed-form,513,1,1,1.0000412328629,0.999993786311132
load_25_to_75,B0 Closed-form,514,1,1,1.00004037384493,0.999993948125947
load_25_to_75,B0 Closed-form,515,1,1,1.00003953272316,0.999994105726833
load_25_to_75,B0 Closed-form,516,1,1,1.00003870912476,0.99999425922353
load_25_to_75,B0 Closed-form,517,1,1,1.00003790268466,0.999994408722918
load_25_to_75,B0 Closed-form,518,1,1,1.0000371130454,0.999994554329092
load_25_to_75,B0 Closed-form,519,1,1,1.00003633985695,0.999994696143438
load_25_to_75,B0 Closed-form,520,1,1,1.0000355827766,0.999994834264703
load_25_to_75,B0 Closed-form,521,1,1,1.00003484146875,0.99999496878906
load_25_to_75,B0 Closed-form,522,1,1,1.00003411560482,0.999995099810178
load_25_to_75,B0 Closed-form,523,1,1,1.00003340486305,0.999995227419288
load_25_to_75,B0 Closed-form,524,1,1,1.00003270892841,0.999995351705244
load_25_to_75,B0 Closed-form,525,1,1,1.0000320274924,0.999995472754587
load_25_to_75,B0 Closed-form,526,1,1,1.00003136025297,0.999995590651602
load_25_to_75,B0 Closed-form,527,1,1,1.00003070691437,0.999995705478384
load_25_to_75,B0 Closed-form,528,1,1,1.00003006718699,0.999995817314884
load_25_to_75,B0 Closed-form,529,1,1,1.00002944078726,0.999995926238976
load_25_to_75,B0 Closed-form,530,1,1,1.00002882743752,0.999996032326502
load_25_to_75,B0 Closed-form,531,1,1,1.00002822686591,0.999996135651333
load_25_to_75,B0 Closed-form,532,1,1,1.0000276388062,0.999996236285413
load_25_to_75,B0 Closed-form,533,1,1,1.00002706299774,0.999996334298814
load_25_to_75,B0 Closed-form,534,1,1,1.00002649918528,0.999996429759782
load_25_to_75,B0 Closed-form,535,1,1,1.00002594711892,0.999996522734788
load_25_to_75,B0 Closed-form,536,1,1,1.00002540655395,0.999996613288569
load_25_to_75,B0 Closed-form,537,1,1,1.00002487725074,0.999996701484179
load_25_to_75,B0 Closed-form,538,1,1,1.00002435897468,0.999996787383029
load_25_to_75,B0 Closed-form,539,1,1,1.00002385149604,0.999996871044929
load_25_to_75,B0 Closed-form,540,1,1,1.00002335458988,0.999996952528134
load_25_to_75,B0 Closed-form,541,1,1,1.00002286803592,0.99999703188938
load_25_to_75,B0 Closed-form,542,1,1,1.00002239161851,0.999997109183928
load_25_to_75,B0 Closed-form,543,1,1,1.00002192512645,0.999997184465596
load_25_to_75,B0 Closed-form,544,1,1,1.00002146835299,0.999997257786805
load_25_to_75,B0 Closed-form,545,1,1,1.00002102109563,0.999997329198607
load_25_to_75,B0 Closed-form,546,1,1,1.00002058315614,0.999997398750726
load_25_to_75,B0 Closed-form,547,1,1,1.00002015434039,0.999997466491593
load_25_to_75,B0 Closed-form,548,1,1,1.0000197344583,0.999997532468374
load_25_to_75,B0 Closed-form,549,1,1,1.00001932332375,0.99999759672701
load_25_to_75,B0 Closed-form,550,1,1,1.0000189207545,0.999997659312245
load_25_to_75,B0 Closed-form,551,1,1,1.00001852657212,0.999997720267655
load_25_to_75,B0 Closed-form,552,1,1,1.00001814060186,0.999997779635685
load_25_to_75,B0 Closed-form,553,1,1,1.00001776267266,0.999997837457672
load_25_to_75,B0 Closed-form,554,1,1,1.00001739261698,0.999997893773879
load_25_to_75,B0 Closed-form,555,1,1,1.00001703027079,0.999997948623517
load_25_to_75,B0 Closed-form,556,1,1,1.00001667547348,0.99999800204478
load_25_to_75,B0 Closed-form,557,1,1,1.00001632806779,0.999998054074864
load_25_to_75,B0 Closed-form,558,1,1,1.00001598789971,0.999998104749997
load_25_to_75,B0 Closed-form,559,1,1,1.00001565481846,0.999998154105466
load_25_to_75,B0 Closed-form,560,1,1,1.00001532867641,0.999998202175636
load_25_to_75,B0 Closed-form,561,1,1,1.00001500932899,0.999998248993979
load_25_to_75,B0 Closed-form,562,1,1,1.00001469663463,0.999998294593094
load_25_to_75,B0 Closed-form,563,1,1,1.00001439045474,0.999998339004732
load_25_to_75,B0 Closed-form,564,1,1,1.0000140906536,0.999998382259818
load_25_to_75,B0 Closed-form,565,1,1,1.00001379709832,0.999998424388468
load_25_to_75,B0 Closed-form,566,1,1,1.00001350965877,0.999998465420018
load_25_to_75,B0 Closed-form,567,1,1,1.00001322820755,0.999998505383039
load_25_to_75,B0 Closed-form,568,1,1,1.00001295261989,0.999998544305355
load_25_to_75,B0 Closed-form,569,1,1,1.00001268277364,0.99999858221407
load_25_to_75,B0 Closed-form,570,1,1,1.00001241854919,0.999998619135579
load_25_to_75,B0 Closed-form,571,1,1,1.00001215982942,0.99999865509559
load_25_to_75,B0 Closed-form,572,1,1,1.00001190649964,0.999998690119142
load_25_to_75,B0 Closed-form,573,1,1,1.00001165844756,0.999998724230623
load_25_to_75,B0 Closed-form,574,1,1,1.00001141556324,0.999998757453784
load_25_to_75,B0 Closed-form,575,1,1,1.000011177739,0.999998789811758
load_25_to_75,B0 Closed-form,576,1,1,1.00001094486944,0.999998821327077
load_25_to_75,B0 Closed-form,577,1,1,1.00001071685133,0.999998852021684
load_25_to_75,B0 Closed-form,578,1,1,1.00001049358359,0.999998881916953
load_25_to_75,B0 Closed-form,579,1,1,1.00001027496727,0.999998911033699
load_25_to_75,B0 Closed-form,580,1,1,1.00001006090545,0.999998939392196
load_25_to_75,B0 Closed-form,581,1,1,1.00000985130325,0.999998967012191
load_25_to_75,B0 Closed-form,582,1,1,1.00000964606777,0.999998993912915
load_25_to_75,B0 Closed-form,583,1,1,1.00000944510802,0.9999990201131
load_25_to_75,B0 Closed-form,584,1,1,1.00000924833494,0.999999045630988
load_25_to_75,B0 Closed-form,585,1,1,1.00000905566129,0.999999070484348
load_25_to_75,B0 Closed-form,586,1,1,1.00000886700168,0.999999094690484
load_25_to_75,B0 Closed-form,587,1,1,1.00000868227248,0.999999118266253
load_25_to_75,B0 Closed-form,588,1,1,1.00000850139181,0.999999141228069
load_25_to_75,B0 Closed-form,589,1,1,1.00000832427948,0.999999163591922
load_25_to_75,B0 Closed-form,590,1,1,1.00000815085699,0.999999185373382
load_25_to_75,B0 Closed-form,591,1,1,1.00000798104747,0.999999206587617
load_25_to_75,B0 Closed-form,592,1,1,1.00000781477564,0.999999227249398
load_25_to_75,B0 Closed-form,593,1,1,1.00000765196782,0.999999247373111
load_25_to_75,B0 Closed-form,594,1,1,1.00000749255182,0.99999926697277
load_25_to_75,B0 Closed-form,595,1,1,1.00000733645699,0.999999286062021
load_25_to_75,B0 Closed-form,596,1,1,1.00000718361414,0.999999304654155
load_25_to_75,B0 Closed-form,597,1,1,1.00000703395551,0.99999932276212
load_25_to_75,B0 Closed-form,598,1,1,1.00000688741477,0.999999340398523
load_25_to_75,B0 Closed-form,599,1,1,1.00000674392696,0.999999357575645
load_25_to_75,B1 RLS,0,1,1,1,1
load_25_to_75,B1 RLS,1,1,1,1,1
load_25_to_75,B1 RLS,2,1,1,1,1
load_25_to_75,B1 RLS,3,1,1,1,1
load_25_to_75,B1 RLS,4,1,1,1,1
load_25_to_75,B1 RLS,5,1,1,1,1
load_25_to_75,B1 RLS,6,1,1,1,1
load_25_to_75,B1 RLS,7,1,1,1,1
load_25_to_75,B1 RLS,8,1,1,1,1
load_25_to_75,B1 RLS,9,1,1,1,1
load_25_to_75,B1 RLS,10,1,1,1,1
load_25_to_75,B1 RLS,11,1,1,1,1
load_25_to_75,B1 RLS,12,1,1,1,1
load_25_to_75,B1 RLS,13,1,1,1,1
load_25_to_75,B1 RLS,14,1,1,1,1
load_25_to_75,B1 RLS,15,1,1,1,1
load_25_to_75,B1 RLS,16,1,1,1,1
load_25_to_75,B1 RLS,17,1,1,1,1
load_25_to_75,B1 RLS,18,1,1,1,1
load_25_to_75,B1 RLS,19,1,1,1,1
load_25_to_75,B1 RLS,20,1,1,1,1
load_25_to_75,B1 RLS,21,1,1,1,1
load_25_to_75,B1 RLS,22,1,1,1,1
load_25_to_75,B1 RLS,23,1,1,1,1
load_25_to_75,B1 RLS,24,1,1,1,1
load_25_to_75,B1 RLS,25,1,1,1,1
load_25_to_75,B1 RLS,26,1,1,1,1
load_25_to_75,B1 RLS,27,1,1,1,1
load_25_to_75,B1 RLS,28,1,1,1,1
load_25_to_75,B1 RLS,29,1,1,1,1
load_25_to_75,B1 RLS,30,1,1,1,1
load_25_to_75,B1 RLS,31,1,1,1,1
load_25_to_75,B1 RLS,32,1,1,1,1
load_25_to_75,B1 RLS,33,1,1,1,1
load_25_to_75,B1 RLS,34,1,1,1,1
load_25_to_75,B1 RLS,35,1,1,1,1
load_25_to_75,B1 RLS,36,1,1,1,1
load_25_to_75,B1 RLS,37,1,1,1,1
load_25_to_75,B1 RLS,38,1,1,1,1
load_25_to_75,B1 RLS,39,1,1,1,1
load_25_to_75,B1 RLS,40,1,1,1,1
load_25_to_75,B1 RLS,41,1,1,1,1
load_25_to_75,B1 RLS,42,1,1,1,1
load_25_to_75,B1 RLS,43,1,1,1,1
load_25_to_75,B1 RLS,44,1,1,1,1
load_25_to_75,B1 RLS,45,1,1,1,1
load_25_to_75,B1 RLS,46,1,1,1,1
load_25_to_75,B1 RLS,47,1,1,1,1
load_25_to_75,B1 RLS,48,1,1,1,1
load_25_to_75,B1 RLS,49,1,1,1,1
load_25_to_75,B1 RLS,50,1,1,1,1
load_25_to_75,B1 RLS,51,1,1,1,1
load_25_to_75,B1 RLS,52,1,1,1,1
load_25_to_75,B1 RLS,53,1,1,1,1
load_25_to_75,B1 RLS,54,1,1,1,1
load_25_to_75,B1 RLS,55,1,1,1,1
load_25_to_75,B1 RLS,56,1,1,1,1
load_25_to_75,B1 RLS,57,1,1,1,1
load_25_to_75,B1 RLS,58,1,1,1,1
load_25_to_75,B1 RLS,59,1,1,1,1
load_25_to_75,B1 RLS,60,1,1,1,1
load_25_to_75,B1 RLS,61,1,1,1,1
load_25_to_75,B1 RLS,62,1,1,1,1
load_25_to_75,B1 RLS,63,1,1,1,1
load_25_to_75,B1 RLS,64,1,1,1,1
load_25_to_75,B1 RLS,65,1,1,1,1
load_25_to_75,B1 RLS,66,1,1,1,1
load_25_to_75,B1 RLS,67,1,1,1,1
load_25_to_75,B1 RLS,68,1,1,1,1
load_25_to_75,B1 RLS,69,1,1,1,1
load_25_to_75,B1 RLS,70,1,1,1,1
load_25_to_75,B1 RLS,71,1,1,1,1
load_25_to_75,B1 RLS,72,1,1,1,1
load_25_to_75,B1 RLS,73,1,1,1,1
load_25_to_75,B1 RLS,74,1,1,1,1
load_25_to_75,B1 RLS,75,1,1,1,1
load_25_to_75,B1 RLS,76,1,1,1,1
load_25_to_75,B1 RLS,77,1,1,1,1
load_25_to_75,B1 RLS,78,1,1,1,1
load_25_to_75,B1 RLS,79,1,1,1,1
load_25_to_75,B1 RLS,80,1,1,1,1
load_25_to_75,B1 RLS,81,1,1,1,1
load_25_to_75,B1 RLS,82,1,1,1,1
load_25_to_75,B1 RLS,83,1,1,1,1
load_25_to_75,B1 RLS,84,1,1,1,1
load_25_to_75,B1 RLS,85,1,1,1,1
load_25_to_75,B1 RLS,86,1,1,1,1
load_25_to_75,B1 RLS,87,1,1,1,1
load_25_to_75,B1 RLS,88,1,1,1,1
load_25_to_75,B1 RLS,89,1,1,1,1
load_25_to_75,B1 RLS,90,1,1,1,1
load_25_to_75,B1 RLS,91,1,1,1,1
load_25_to_75,B1 RLS,92,1,1,1,1
load_25_to_75,B1 RLS,93,1,1,1,1
load_25_to_75,B1 RLS,94,1,1,1,1
load_25_to_75,B1 RLS,95,1,1,1,1
load_25_to_75,B1 RLS,96,1,1,1,1
load_25_to_75,B1 RLS,97,1,1,1,1
load_25_to_75,B1 RLS,98,1,1,1,1
load_25_to_75,B1 RLS,99,1,1,1,1
load_25_to_75,B1 RLS,100,1,1,1,1
load_25_to_75,B1 RLS,101,1,1,1,1
load_25_to_75,B1 RLS,102,1,1,1,1
load_25_to_75,B1 RLS,103,1,1,1,1
load_25_to_75,B1 RLS,104,1,1,1,1
load_25_to_75,B1 RLS,105,1,1,1,1
load_25_to_75,B1 RLS,106,1,1,1,1
load_25_to_75,B1 RLS,107,1,1,1,1
load_25_to_75,B1 RLS,108,1,1,1,1
load_25_to_75,B1 RLS,109,1,1,1,1
load_25_to_75,B1 RLS,110,1,1,1,1
load_25_to_75,B1 RLS,111,1,1,1,1
load_25_to_75,B1 RLS,112,1,1,1,1
load_25_to_75,B1 RLS,113,1,1,1,1
load_25_to_75,B1 RLS,114,1,1,1,1
load_25_to_75,B1 RLS,115,1,1,1,1
load_25_to_75,B1 RLS,116,1,1,1,1
load_25_to_75,B1 RLS,117,1,1,1,1
load_25_to_75,B1 RLS,118,1,1,1,1
load_25_to_75,B1 RLS,119,1,1,1,1
load_25_to_75,B1 RLS,120,1,1,1,1
load_25_to_75,B1 RLS,121,1,1,1,1
load_25_to_75,B1 RLS,122,1,1,1,1
load_25_to_75,B1 RLS,123,1,1,1,1
load_25_to_75,B1 RLS,124,1,1,1,1
load_25_to_75,B1 RLS,125,1,1,1,1
load_25_to_75,B1 RLS,126,1,1,1,1
load_25_to_75,B1 RLS,127,1,1,1,1
load_25_to_75,B1 RLS,128,1,1,1,1
load_25_to_75,B1 RLS,129,1,1,1,1
load_25_to_75,B1 RLS,130,1,1,1,1
load_25_to_75,B1 RLS,131,1,1,1,1
load_25_to_75,B1 RLS,132,1,1,1,1
load_25_to_75,B1 RLS,133,1,1,1,1
load_25_to_75,B1 RLS,134,1,1,1,1
load_25_to_75,B1 RLS,135,1,1,1,1
load_25_to_75,B1 RLS,136,1,1,1,1
load_25_to_75,B1 RLS,137,1,1,1,1
load_25_to_75,B1 RLS,138,1,1,1,1
load_25_to_75,B1 RLS,139,1,1,1,1
load_25_to_75,B1 RLS,140,1,1,1,1
load_25_to_75,B1 RLS,141,1,1,1,1
load_25_to_75,B1 RLS,142,1,1,1,1
load_25_to_75,B1 RLS,143,1,1,1,1
load_25_to_75,B1 RLS,144,1,1,1,1
load_25_to_75,B1 RLS,145,1,1,1,1
load_25_to_75,B1 RLS,146,1,1,1,1
load_25_to_75,B1 RLS,147,1,1,1,1
load_25_to_75,B1 RLS,148,1,1,1,1
load_25_to_75,B1 RLS,149,1,1,1,1
load_25_to_75,B1 RLS,150,1,1,1,1
load_25_to_75,B1 RLS,151,1,1,1,1
load_25_to_75,B1 RLS,152,1,1,1,1
load_25_to_75,B1 RLS,153,1,1,1,1
load_25_to_75,B1 RLS,154,1,1,1,1
load_25_to_75,B1 RLS,155,1,1,1,1
load_25_to_75,B1 RLS,156,1,1,1,1
load_25_to_75,B1 RLS,157,1,1,1,1
load_25_to_75,B1 RLS,158,1,1,1,1
load_25_to_75,B1 RLS,159,1,1,1,1
load_25_to_75,B1 RLS,160,1,1,1,1
load_25_to_75,B1 RLS,161,1,1,1,1
load_25_to_75,B1 RLS,162,1,1,1,1
load_25_to_75,B1 RLS,163,1,1,1,1
load_25_to_75,B1 RLS,164,1,1,1,1
load_25_to_75,B1 RLS,165,1,1,1,1
load_25_to_75,B1 RLS,166,1,1,1,1
load_25_to_75,B1 RLS,167,1,1,1,1
load_25_to_75,B1 RLS,168,1,1,1,1
load_25_to_75,B1 RLS,169,1,1,1,1
load_25_to_75,B1 RLS,170,1,1,1,1
load_25_to_75,B1 RLS,171,1,1,1,1
load_25_to_75,B1 RLS,172,1,1,1,1
load_25_to_75,B1 RLS,173,1,1,1,1
load_25_to_75,B1 RLS,174,1,1,1,1
load_25_to_75,B1 RLS,175,1,1,1,1
load_25_to_75,B1 RLS,176,1,1,1,1
load_25_to_75,B1 RLS,177,1,1,1,1
load_25_to_75,B1 RLS,178,1,1,1,1
load_25_to_75,B1 RLS,179,1,1,1,1
load_25_to_75,B1 RLS,180,1,1,1,1
load_25_to_75,B1 RLS,181,1,1,1,1
load_25_to_75,B1 RLS,182,1,1,1,1
load_25_to_75,B1 RLS,183,1,1,1,1
load_25_to_75,B1 RLS,184,1,1,1,1
load_25_to_75,B1 RLS,185,1,1,1,1
load_25_to_75,B1 RLS,186,1,1,1,1
load_25_to_75,B1 RLS,187,1,1,1,1
load_25_to_75,B1 RLS,188,1,1,1,1
load_25_to_75,B1 RLS,189,1,1,1,1
load_25_to_75,B1 RLS,190,1,1,1,1
load_25_to_75,B1 RLS,191,1,1,1,1
load_25_to_75,B1 RLS,192,1,1,1,1
load_25_to_75,B1 RLS,193,1,1,1,1
load_25_to_75,B1 RLS,194,1,1,1,1
load_25_to_75,B1 RLS,195,1,1,1,1
load_25_to_75,B1 RLS,196,1,1,1,1
load_25_to_75,B1 RLS,197,1,1,1,1
load_25_to_75,B1 RLS,198,1,1,1,1
load_25_to_75,B1 RLS,199,1,1,1,1
load_25_to_75,B1 RLS,200,1,1,1.04,0.968
load_25_to_75,B1 RLS,201,1,1,1.03948717948718,0.968512820512821
load_25_to_75,B1 RLS,202,1,1,1.03898093359632,0.969017422748192
load_25_to_75,B1 RLS,203,1,1,1.03848117803739,0.969513938409279
load_25_to_75,B1 RLS,204,1,1,1.03798782960101,0.970002497088617
load_25_to_75,B1 RLS,205,1,1,1.03750080614459,0.970483226301941
load_25_to_75,B1 RLS,206,1,1,1.03702002657863,0.970956251521461
load_25_to_75,B1 RLS,207,1,1,1.03654541085327,0.971421696208617
load_25_to_75,B1 RLS,208,1,1,1.03607687994489,0.971879681846299
load_25_to_75,B1 RLS,209,1,1,1.03561435584303,0.972330327970557
load_25_to_75,B1 RLS,210,1,1,1.03515776153735,0.972773752201798
load_25_to_75,B1 RLS,211,1,1,1.03470702100482,0.973210070275488
load_25_to_75,B1 RLS,212,1,1,1.03426205919707,0.973639396072355
load_25_to_75,B1 RLS,213,1,1,1.03382280202788,0.974061841648118
load_25_to_75,B1 RLS,214,1,1,1.03338917636085,0.974477517262732
load_25_to_75,B1 RLS,215,1,1,1.03296110999725,0.974886531409162
load_25_to_75,B1 RLS,216,1,1,1.03253853166395,0.975288990841708
load_25_to_75,B1 RLS,217,1,1,1.0321213710016,0.97568500060386
load_25_to_75,B1 RLS,218,1,1,1.03170955855286,0.976074664055721
load_25_to_75,B1 RLS,219,1,1,1.0313030257509,0.976458082900982
load_25_to_75,B1 RLS,220,1,1,1.03090170490794,0.976835357213466
load_25_to_75,B1 RLS,221,1,1,1.03050552920399,0.97720658546325
load_25_to_75,B1 RLS,222,1,1,1.03011443267573,0.977571864542365
load_25_to_75,B1 RLS,223,1,1,1.02972835020553,0.977931289790083
load_25_to_75,B1 RLS,224,1,1,1.02934721751059,0.978284955017807
load_25_to_75,B1 RLS,225,1,1,1.02897097113225,0.978632952533547
load_25_to_75,B1 RLS,226,1,1,1.02859954842542,0.978975373166022
load_25_to_75,B1 RLS,227,1,1,1.02823288754818,0.979312306288362
load_25_to_75,B1 RLS,228,1,1,1.0278709274514,0.979643839841433
load_25_to_75,B1 RLS,229,1,1,1.02751360786869,0.979970060356794
load_25_to_75,B1 RLS,230,1,1,1.02716086930627,0.980291052979282
load_25_to_75,B1 RLS,231,1,1,1.02681265303312,0.980606901489229
load_25_to_75,B1 RLS,232,1,1,1.02646890107115,0.980917688324338
load_25_to_75,B1 RLS,233,1,1,1.02612955618563,0.981223494601191
load_25_to_75,B1 RLS,234,1,1,1.02579456187555,0.981524400136428
load_25_to_75,B1 RLS,235,1,1,1.02546386236433,0.981820483467575
load_25_to_75,B1 RLS,236,1,1,1.02513740259043,0.982111821873544
load_25_to_75,B1 RLS,237,1,1,1.02481512819824,0.982398491394801
load_25_to_75,B1 RLS,238,1,1,1.02449698552903,0.982680566853218
load_25_to_75,B1 RLS,239,1,1,1.024182921612,0.982958121871596
load_25_to_75,B1 RLS,240,1,1,1.02387288415543,0.983231228892884
load_25_to_75,B1 RLS,241,1,1,1.02356682153805,0.983499959199088
load_25_to_75,B1 RLS,242,1,1,1.02326468280039,0.983764382929872
load_25_to_75,B1 RLS,243,1,1,1.02296641763628,0.984024569100867
load_25_to_75,B1 RLS,244,1,1,1.02267197638453,0.984280585621687
load_25_to_75,B1 RLS,245,1,1,1.02238131002063,0.984532499313647
load_25_to_75,B1 RLS,246,1,1,1.02209437014857,0.98478037592721
load_25_to_75,B1 RLS,247,1,1,1.02181110899282,0.985024280159146
load_25_to_75,B1 RLS,248,1,1,1.02153147939035,0.985264275669416
load_25_to_75,B1 RLS,249,1,1,1.02125543478278,0.985500425097791
load_25_to_75,B1 RLS,250,1,1,1.02098292920864,0.985732790080198
load_25_to_75,B1 RLS,251,1,1,1.02071391729571,0.98596143126481
load_25_to_75,B1 RLS,252,1,1,1.02044835425346,0.986186408327874
load_25_to_75,B1 RLS,253,1,1,1.02018619586559,0.986407779989286
load_25_to_75,B1 RLS,254,1,1,1.0199273984827,0.98662560402792
load_25_to_75,B1 RLS,255,1,1,1.01967191901497,0.986839937296703
load_25_to_75,B1 RLS,256,1,1,1.01941971492504,0.987050835737461
load_25_to_75,B1 RLS,257,1,1,1.01917074422087,0.987258354395514
load_25_to_75,B1 RLS,258,1,1,1.01892496544881,0.987462547434048
load_25_to_75,B1 RLS,259,1,1,1.01868233768664,0.987663468148246
load_25_to_75,B1 RLS,260,1,1,1.01844282053681,0.987861168979203
load_25_to_75,B1 RLS,261,1,1,1.01820637411967,0.988055701527614
load_25_to_75,B1 RLS,262,1,1,1.01797295906686,0.988247116567235
load_25_to_75,B1 RLS,263,1,1,1.01774253651472,0.988435464058145
load_25_to_75,B1 RLS,264,1,1,1.01751506809786,0.988620793159777
load_25_to_75,B1 RLS,265,1,1,1.01729051594276,0.988803152243755
load_25_to_75,B1 RLS,266,1,1,1.01706884266145,0.988982588906515
load_25_to_75,B1 RLS,267,1,1,1.01685001134527,0.989159149981731
load_25_to_75,B1 RLS,268,1,1,1.0166339855588,0.989332881552537
load_25_to_75,B1 RLS,269,1,1,1.01642072933368,0.989503828963554
load_25_to_75,B1 RLS,270,1,1,1.01621020716274,0.989672036832728
load_25_to_75,B1 RLS,271,1,1,1.01600238399398,0.989837549062973
load_25_to_75,B1 RLS,272,1,1,1.01579722522483,0.99000040885363
load_25_to_75,B1 RLS,273,1,1,1.01559469669631,0.990160658711745
load_25_to_75,B1 RLS,274,1,1,1.01539476468738,0.990318340463159
load_25_to_75,B1 RLS,275,1,1,1.01519739590934,0.990473495263429
load_25_to_75,B1 RLS,276,1,1,1.01500255750024,0.990626163608567
load_25_to_75,B1 RLS,277,1,1,1.01481021701947,0.990776385345609
load_25_to_75,B1 RLS,278,1,1,1.0146203424423,0.990924199683019
load_25_to_75,B1 RLS,279,1,1,1.01443290215458,0.991069645200919
load_25_to_75,B1 RLS,280,1,1,1.01424786494747,0.991212759861161
load_25_to_75,B1 RLS,281,1,1,1.01406520001224,0.991353581017232
load_25_to_75,B1 RLS,282,1,1,1.01388487693516,0.991492145424007
load_25_to_75,B1 RLS,283,1,1,1.0137068656924,0.99162848924734
load_25_to_75,B1 RLS,284,1,1,1.01353113664507,0.991762648073505
load_25_to_75,B1 RLS,285,1,1,1.01335766053423,0.991894656918481
load_25_to_75,B1 RLS,286,1,1,1.0131864084761,0.992024550237095
load_25_to_75,B1 RLS,287,1,1,1.01301735195718,0.992152361932013
load_25_to_75,B1 RLS,288,1,1,1.01285046282952,0.99227812536259
load_25_to_75,B1 RLS,289,1,1,1.01268571330606,0.992401873353574
load_25_to_75,B1 RLS,290,1,1,1.01252307595599,0.992523638203677
load_25_to_75,B1 RLS,291,1,1,1.01236252370014,0.992643451694003
load_25_to_75,B1 RLS,292,1,1,1.01220402980655,0.992761345096342
load_25_to_75,B1 RLS,293,1,1,1.01204756788595,0.992877349181337
load_25_to_75,B1 RLS,294,1,1,1.01189311188741,0.992991494226508
load_25_to_75,B1 RLS,295,1,1,1.01174063609399,0.99310381002416
load_25_to_75,B1 RLS,296,1,1,1.01159011511842,0.993214325889157
load_25_to_75,B1 RLS,297,1,1,1.01144152389896,0.993323070666575
load_25_to_75,B1 RLS,298,1,1,1.01129483769512,0.993430072739226
load_25_to_75,B1 RLS,299,1,1,1.01115003208365,0.993535360035071
load_25_to_75,B1 RLS,300,1,1,1.01100708295437,0.993638960034509
load_25_to_75,B1 RLS,301,1,1,1.01086596650624,0.993740899777546
load_25_to_75,B1 RLS,302,1,1,1.01072665924334,0.993841205870855
load_25_to_75,B1 RLS,303,1,1,1.01058913797099,0.993939904494719
load_25_to_75,B1 RLS,304,1,1,1.01045337979187,0.994037021409868
load_25_to_75,B1 RLS,305,1,1,1.01031936210223,0.994132581964197
load_25_to_75,B1 RLS,306,1,1,1.0101870625881,0.994226611099386
load_25_to_75,B1 RLS,307,1,1,1.01005645922159,0.994319133357409
load_25_to_75,B1 RLS,308,1,1,1.00992753025721,0.994410172886938
load_25_to_75,B1 RLS,309,1,1,1.00980025422827,0.994499753449647
load_25_to_75,B1 RLS,310,1,1,1.00967460994329,0.994587898426415
load_25_to_75,B1 RLS,311,1,1,1.00955057648248,0.994674630823428
load_25_to_75,B1 RLS,312,1,1,1.00942813319424,0.994759973278181
load_25_to_75,B1 RLS,313,1,1,1.00930725969175,0.994843948065389
load_25_to_75,B1 RLS,314,1,1,1.00918793584955,0.994926577102803
load_25_to_75,B1 RLS,315,1,1,1.0090701418002,0.995007881956925
load_25_to_75,B1 RLS,316,1,1,1.00895385793096,0.995087883848641
load_25_to_75,B1 RLS,317,1,1,1.00883906488057,0.995166603658759
load_25_to_75,B1 RLS,318,1,1,1.00872574353594,0.995244061933458
load_25_to_75,B1 RLS,319,1,1,1.00861387502907,0.995320278889653
load_25_to_75,B1 RLS,320,1,1,1.00850344073383,0.995395274420267
load_25_to_75,B1 RLS,321,1,1,1.00839442226288,0.99546906809943
load_25_to_75,B1 RLS,322,1,1,1.00828680146464,0.99554167918758
load_25_to_75,B1 RLS,323,1,1,1.00818056042022,0.995613126636497
load_25_to_75,B1 RLS,324,1,1,1.00807568144047,0.995683429094245
load_25_to_75,B1 RLS,325,1,1,1.00797214706303,0.995752604910042
load_25_to_75,B1 RLS,326,1,1,1.0078699400494,0.995820672139048
load_25_to_75,B1 RLS,327,1,1,1.0077690433821,0.995887648547076
load_25_to_75,B1 RLS,328,1,1,1.00766944026182,0.995953551615232
load_25_to_75,B1 RLS,329,1,1,1.00757111410462,0.996018398544475
load_25_to_75,B1 RLS,330,1,1,1.00747404853917,0.996082206260109
load_25_to_75,B1 RLS,331,1,1,1.00737822740406,0.996144991416197
load_25_to_75,B1 RLS,332,1,1,1.00728363474503,0.996206770399911
load_25_to_75,B1 RLS,333,1,1,1.0071902548124,0.99626755933581
load_25_to_75,B1 RLS,334,1,1,1.0070980720584,0.996327374090044
load_25_to_75,B1 RLS,335,1,1,1.00700707113457,0.996386230274499
load_25_to_75,B1 RLS,336,1,1,1.00691723688926,0.996444143250869
load_25_to_75,B1 RLS,337,1,1,1.00682855436503,0.996501128134669
load_25_to_75,B1 RLS,338,1,1,1.00674100879625,0.996557199799177
load_25_to_75,B1 RLS,339,1,1,1.00665458560656,0.996612372879319
load_25_to_75,B1 RLS,340,1,1,1.00656927040647,0.996666661775484
load_25_to_75,B1 RLS,341,1,1,1.006485048991,0.996720080657287
load_25_to_75,B1 RLS,342,1,1,1.00640190733727,0.996772643467266
load_25_to_75,B1 RLS,343,1,1,1.00631983160218,0.996824363924521
load_25_to_75,B1 RLS,344,1,1,1.0062388081201,0.996875255528295
load_25_to_75,B1 RLS,345,1,1,1.00615882340061,0.996925331561495
load_25_to_75,B1 RLS,346,1,1,1.00607986412625,0.996974605094164
load_25_to_75,B1 RLS,347,1,1,1.00600191715027,0.997023088986886
load_25_to_75,B1 RLS,348,1,1,1.0059249694945,0.997070795894147
load_25_to_75,B1 RLS,349,1,1,1.00584900834713,0.997117738267638
load_25_to_75,B1 RLS,350,1,1,1.00577402106063,0.997163928359503
load_25_to_75,B1 RLS,351,1,1,1.0056999951496,0.997209378225537
load_25_to_75,B1 RLS,352,1,1,1.0056269182887,0.997254099728332
load_25_to_75,B1 RLS,353,1,1,1.00555477831064,0.997298104540378
load_25_to_75,B1 RLS,354,1,1,1.0054835632041,0.997341404147103
load_25_to_75,B1 RLS,355,1,1,1.00541326111174,0.997384009849874
load_25_to_75,B1 RLS,356,1,1,1.00534386032825,0.997425932768946
load_25_to_75,B1 RLS,357,1,1,1.0052753492984,0.997467183846367
load_25_to_75,B1 RLS,358,1,1,1.00520771661509,0.997507773848829
load_25_to_75,B1 RLS,359,1,1,1.00514095101746,0.997547713370483
load_25_to_75,B1 RLS,360,1,1,1.00507504138903,0.997587012835699
load_25_to_75,B1 RLS,361,1,1,1.00500997675584,0.997625682501794
load_25_to_75,B1 RLS,362,1,1,1.00494574628461,0.997663732461701
load_25_to_75,B1 RLS,363,1,1,1.00488233928096,0.99770117264661
load_25_to_75,B1 RLS,364,1,1,1.00481974518762,0.997738012828555
load_25_to_75,B1 RLS,365,1,1,1.00475795358265,0.997774262622969
load_25_to_75,B1 RLS,366,1,1,1.00469695417774,0.997809931491191
load_25_to_75,B1 RLS,367,1,1,1.00463673681649,0.997845028742934
load_25_to_75,B1 RLS,368,1,1,1.00457729147269,0.997879563538721
load_25_to_75,B1 RLS,369,1,1,1.00451860824868,0.997913544892267
load_25_to_75,B1 RLS,370,1,1,1.00446067737369,0.99794698167284
load_25_to_75,B1 RLS,371,1,1,1.00440348920224,0.99797988260757
load_25_to_75,B1 RLS,372,1,1,1.00434703421246,0.99801225628373
load_25_to_75,B1 RLS,373,1,1,1.00429130300461,0.998044111150978
load_25_to_75,B1 RLS,374,1,1,1.00423628629942,0.998075455523559
load_25_to_75,B1 RLS,375,1,1,1.00418197493661,0.998106297582476
load_25_to_75,B1 RLS,376,1,1,1.00412835987332,0.998136645377629
load_25_to_75,B1 RLS,377,1,1,1.00407543218264,0.99816650682991
load_25_to_75,B1 RLS,378,1,1,1.00402318305209,0.998195889733277
load_25_to_75,B1 RLS,379,1,1,1.00397160378219,0.998224801756782
load_25_to_75,B1 RLS,380,1,1,1.00392068578498,0.998253250446578
load_25_to_75,B1 RLS,381,1,1,1.00387042058261,0.998281243227882
load_25_to_75,B1 RLS,382,1,1,1.00382079980591,0.998308787406923
load_25_to_75,B1 RLS,383,1,1,1.00377181519302,0.998335890172837
load_25_to_75,B1 RLS,384,1,1,1.00372345858798,0.998362558599555
load_25_to_75,B1 RLS,385,1,1,1.00367572193941,0.998388799647639
load_25_to_75,B1 RLS,386,1,1,1.00362859729917,0.998414620166106
load_25_to_75,B1 RLS,387,1,1,1.00358207682097,0.998440026894213
load_25_to_75,B1 RLS,388,1,1,1.00353615275916,0.998465026463216
load_25_to_75,B1 RLS,389,1,1,1.00349081746738,0.998489625398101
load_25_to_75,B1 RLS,390,1,1,1.00344606339728,0.998513830119285
load_25_to_75,B1 RLS,391,1,1,1.00340188309732,0.998537646944296
load_25_to_75,B1 RLS,392,1,1,1.00335826921146,0.99856108208942
load_25_to_75,B1 RLS,393,1,1,1.00331521447798,0.99858414167132
load_25_to_75,B1 RLS,394,1,1,1.00327271172826,0.998606831708639
load_25_to_75,B1 RLS,395,1,1,1.00323075388559,0.998629158123564
load_25_to_75,B1 RLS,396,1,1,1.00318933396398,0.998651126743379
load_25_to_75,B1 RLS,397,1,1,1.003148445067,0.998672743301979
load_25_to_75,B1 RLS,398,1,1,1.00310808038666,0.99869401344137
load_25_to_75,B1 RLS,399,1,1,1.00306823320221,0.998714942713143
load_25_to_75,B1 RLS,400,1,1,1.00302889687911,0.99873553657992
load_25_to_75,B1 RLS,401,1,1,1.00299006486784,0.99875580041678
load_25_to_75,B1 RLS,402,1,1,1.00295173070287,0.998775739512665
load_25_to_75,B1 RLS,403,1,1,1.00291388800155,0.998795359071757
load_25_to_75,B1 RLS,404,1,1,1.00287653046307,0.998814664214837
load_25_to_75,B1 RLS,405,1,1,1.00283965186739,0.998833659980625
load_25_to_75,B1 RLS,406,1,1,1.00280324607421,0.99885235132709
load_25_to_75,B1 RLS,407,1,1,1.00276730702198,0.998870743132745
load_25_to_75,B1 RLS,408,1,1,1.00273182872683,0.998888840197926
load_25_to_75,B1 RLS,409,1,1,1.00269680528161,0.998906647246036
load_25_to_75,B1 RLS,410,1,1,1.00266223085492,0.998924168924785
load_25_to_75,B1 RLS,411,1,1,1.00262809969012,0.998941409807401
load_25_to_75,B1 RLS,412,1,1,1.00259440610435,0.998958374393821
load_25_to_75,B1 RLS,413,1,1,1.00256114448762,0.998975067111869
load_25_to_75,B1 RLS,414,1,1,1.00252830930188,0.998991492318409
load_25_to_75,B1 RLS,415,1,1,1.00249589508007,0.999007654300486
load_25_to_75,B1 RLS,416,1,1,1.00246389642519,0.99902355727644
load_25_to_75,B1 RLS,417,1,1,1.00243230800949,0.99903920539701
load_25_to_75,B1 RLS,418,1,1,1.00240112457347,0.999054602746416
load_25_to_75,B1 RLS,419,1,1,1.00237034092509,0.999069753343429
load_25_to_75,B1 RLS,420,1,1,1.00233995193887,0.999084661142412
load_25_to_75,B1 RLS,421,1,1,1.00230995255504,0.999099330034361
load_25_to_75,B1 RLS,422,1,1,1.00228033777869,0.999113763847913
load_25_to_75,B1 RLS,423,1,1,1.00225110267896,0.99912796635035
load_25_to_75,B1 RLS,424,1,1,1.00222224238821,0.999141941248582
load_25_to_75,B1 RLS,425,1,1,1.00219375210118,0.999155692190111
load_25_to_75,B1 RLS,426,1,1,1.00216562707424,0.999169222763987
load_25_to_75,B1 RLS,427,1,1,1.00213786262457,0.999182536501744
load_25_to_75,B1 RLS,428,1,1,1.00211045412939,0.999195636878319
load_25_to_75,B1 RLS,429,1,1,1.00208339702516,0.999208527312961
load_25_to_75,B1 RLS,430,1,1,1.00205668680689,0.999221211170125
load_25_to_75,B1 RLS,431,1,1,1.00203031902732,0.999233691760347
load_25_to_75,B1 RLS,432,1,1,1.0020042892962,0.999245972341111
load_25_to_75,B1 RLS,433,1,1,1.00197859327958,0.999258056117696
load_25_to_75,B1 RLS,434,1,1,1.00195322669907,0.999269946244015
load_25_to_75,B1 RLS,435,1,1,1.00192818533113,0.999281645823438
load_25_to_75,B1 RLS,436,1,1,1.00190346500638,0.999293157909601
load_25_to_75,B1 RLS,437,1,1,1.00187906160886,0.999304485507203
load_25_to_75,B1 RLS,438,1,1,1.00185497107541,0.999315631572793
load_25_to_75,B1 RLS,439,1,1,1.00183118939496,0.999326599015537
load_25_to_75,B1 RLS,440,1,1,1.00180771260784,0.99933739069798
load_25_to_75,B1 RLS,441,1,1,1.00178453680518,0.999348009436794
load_25_to_75,B1 RLS,442,1,1,1.00176165812819,0.999358458003512
load_25_to_75,B1 RLS,443,1,1,1.00173907276757,0.999368739125251
load_25_to_75,B1 RLS,444,1,1,1.00171677696286,0.999378855485423
load_25_to_75,B1 RLS,445,1,1,1.0016947670018,0.999388809724439
load_25_to_75,B1 RLS,446,1,1,1.00167303921972,0.999398604440393
load_25_to_75,B1 RLS,447,1,1,1.00165158999896,0.999408242189746
load_25_to_75,B1 RLS,448,1,1,1.0016304157682,0.999417725487987
load_25_to_75,B1 RLS,449,1,1,1.00160951300194,0.999427056810295
load_25_to_75,B1 RLS,450,1,1,1.00158887821987,0.999436238592181
load_25_to_75,B1 RLS,451,1,1,1.00156850798628,0.999445273230127
load_25_to_75,B1 RLS,452,1,1,1.00154839890953,0.999454163082208
load_25_to_75,B1 RLS,453,1,1,1.00152854764146,0.999462910468711
load_25_to_75,B1 RLS,454,1,1,1.00150895087683,0.999471517672739
load_25_to_75,B1 RLS,455,1,1,1.00148960535276,0.999479986940804
load_25_to_75,B1 RLS,456,1,1,1.00147050784824,0.999488320483419
load_25_to_75,B1 RLS,457,1,1,1.00145165518352,0.999496520475672
load_25_to_75,B1 RLS,458,1,1,1.00143304421963,0.999504589057792
load_25_to_75,B1 RLS,459,1,1,1.00141467185784,0.999512528335712
load_25_to_75,B1 RLS,460,1,1,1.00139653503915,0.999520340381615
load_25_to_75,B1 RLS,461,1,1,1.00137863074377,0.999528027234473
load_25_to_75,B1 RLS,462,1,1,1.00136095599065,0.999535590900588
load_25_to_75,B1 RLS,463,1,1,1.00134350783692,0.999543033354104
load_25_to_75,B1 RLS,464,1,1,1.00132628337747,0.999550356537532
load_25_to_75,B1 RLS,465,1,1,1.00130927974443,0.999557562362251
load_25_to_75,B1 RLS,466,1,1,1.00129249410668,0.999564652709009
load_25_to_75,B1 RLS,467,1,1,1.00127592366942,0.999571629428416
load_25_to_75,B1 RLS,468,1,1,1.00125956567365,0.999578494341422
load_25_to_75,B1 RLS,469,1,1,1.00124341739579,0.999585249239797
load_25_to_75,B1 RLS,470,1,1,1.00122747614712,0.999591895886595
load_25_to_75,B1 RLS,471,1,1,1.00121173927344,0.999598436016618
load_25_to_75,B1 RLS,472,1,1,1.00119620415455,0.999604871336864
load_25_to_75,B1 RLS,473,1,1,1.00118086820385,0.999611203526979
load_25_to_75,B1 RLS,474,1,1,1.00116572886791,0.999617434239687
load_25_to_75,B1 RLS,475,1,1,1.00115078362601,0.999623565101231
load_25_to_75,B1 RLS,476,1,1,1.00113602998978,0.999629597711788
load_25_to_75,B1 RLS,477,1,1,1.00112146550273,0.999635533645894
load_25_to_75,B1 RLS,478,1,1,1.00110708773987,0.999641374452851
load_25_to_75,B1 RLS,479,1,1,1.00109289430731,0.999647121657132
load_25_to_75,B1 RLS,480,1,1,1.00107888284183,0.999652776758781
load_25_to_75,B1 RLS,481,1,1,1.00106505101053,0.9996583412338
load_25_to_75,B1 RLS,482,1,1,1.00105139651039,0.99966381653454
load_25_to_75,B1 RLS,483,1,1,1.00103791706795,0.999669204090077
load_25_to_75,B1 RLS,484,1,1,1.00102461043888,0.999674505306582
load_25_to_75,B1 RLS,485,1,1,1.00101147440761,0.999679721567694
load_25_to_75,B1 RLS,486,1,1,1.000998506787,0.999684854234879
load_25_to_75,B1 RLS,487,1,1,1.00098570541793,0.999689904647781
load_25_to_75,B1 RLS,488,1,1,1.00097306816899,0.99969487412458
load_25_to_75,B1 RLS,489,1,1,1.00096059293605,0.999699763962327
load_25_to_75,B1 RLS,490,1,1,1.000948277642,0.99970457543729
load_25_to_75,B1 RLS,491,1,1,1.00093612023633,0.999709309805282
load_25_to_75,B1 RLS,492,1,1,1.00092411869484,0.999713968301992
load_25_to_75,B1 RLS,493,1,1,1.00091227101926,0.999718552143306
load_25_to_75,B1 RLS,494,1,1,1.00090057523697,0.999723062525625
load_25_to_75,B1 RLS,495,1,1,1.0008890294006,0.999727500626176
load_25_to_75,B1 RLS,496,1,1,1.00087763158777,0.99973186760332
load_25_to_75,B1 RLS,497,1,1,1.00086637990074,0.999736164596857
load_25_to_75,B1 RLS,498,1,1,1.00085527246612,0.999740392728318
load_25_to_75,B1 RLS,499,1,1,1.0008443074345,0.999744553101261
load_25_to_75,B1 RLS,500,1,1,1.00083348298021,0.999748646801562
load_25_to_75,B1 RLS,501,1,1,1.00082279730098,0.99975267489769
load_25_to_75,B1 RLS,502,1,1,1.00081224861763,0.999756638440997
load_25_to_75,B1 RLS,503,1,1,1.00080183517382,0.999760538465981
load_25_to_75,B1 RLS,504,1,1,1.00079155523569,0.999764375990564
load_25_to_75,B1 RLS,505,1,1,1.00078140709165,0.999768152016357
load_25_to_75,B1 RLS,506,1,1,1.00077138905201,0.999771867528915
load_25_to_75,B1 RLS,507,1,1,1.00076149944878,0.999775523498003
load_25_to_75,B1 RLS,508,1,1,1.00075173663533,0.999779120877843
load_25_to_75,B1 RLS,509,1,1,1.00074209898616,0.999782660607364
load_25_to_75,B1 RLS,510,1,1,1.0007325848966,0.999786143610451
load_25_to_75,B1 RLS,511,1,1,1.00072319278254,0.999789570796181
load_25_to_75,B1 RLS,512,1,1,1.0007139210802,0.999792943059063
load_25_to_75,B1 RLS,513,1,1,1.00070476824583,0.99979626127927
load_25_to_75,B1 RLS,514,1,1,1.0006957327555,0.999799526322872
load_25_to_75,B1 RLS,515,1,1,1.00068681310479,0.999802739042057
load_25_to_75,B1 RLS,516,1,1,1.00067800780858,0.999805900275357
load_25_to_75,B1 RLS,517,1,1,1.00066931540077,0.999809010847867
load_25_to_75,B1 RLS,518,1,1,1.0006607344341,0.999812071571459
load_25_to_75,B1 RLS,519,1,1,1.00065226347981,0.999815083244994
load_25_to_75,B1 RLS,520,1,1,1.00064390112751,0.999818046654529
load_25_to_75,B1 RLS,521,1,1,1.00063564598485,0.999820962573527
load_25_to_75,B1 RLS,522,1,1,1.00062749667735,0.999823831763054
load_25_to_75,B1 RLS,523,1,1,1.00061945184815,0.999826654971979
load_25_to_75,B1 RLS,524,1,1,1.00061151015779,0.999829432937172
load_25_to_75,B1 RLS,525,1,1,1.00060367028397,0.999832166383691
load_25_to_75,B1 RLS,526,1,1,1.00059593092136,0.999834856024978
load_25_to_75,B1 RLS,527,1,1,1.00058829078134,0.99983750256304
load_25_to_75,B1 RLS,528,1,1,1.00058074859184,0.999840106688632
load_25_to_75,B1 RLS,529,1,1,1.00057330309707,0.999842669081442
load_25_to_75,B1 RLS,530,1,1,1.00056595305736,0.999845190410265
load_25_to_75,B1 RLS,531,1,1,1.00055869724894,0.999847671333178
load_25_to_75,B1 RLS,532,1,1,1.00055153446369,0.99985011249771
load_25_to_75,B1 RLS,533,1,1,1.00054446350903,0.999852514541016
load_25_to_75,B1 RLS,534,1,1,1.00053748320763,0.999854878090038
load_25_to_75,B1 RLS,535,1,1,1.00053059239728,0.999857203761672
load_25_to_75,B1 RLS,536,1,1,1.00052378993065,0.999859492162928
load_25_to_75,B1 RLS,537,1,1,1.00051707467513,0.999861743891086
load_25_to_75,B1 RLS,538,1,1,1.00051044551263,0.999863959533857
load_25_to_75,B1 RLS,539,1,1,1.00050390133939,0.999866139669532
load_25_to_75,B1 RLS,540,1,1,1.0004974410658,0.999868284867136
load_25_to_75,B1 RLS,541,1,1,1.00049106361624,0.999870395686573
load_25_to_75,B1 RLS,542,1,1,1.00048476792886,0.999872472678775
load_25_to_75,B1 RLS,543,1,1,1.00047855295541,0.999874516385846
load_25_to_75,B1 RLS,544,1,1,1.00047241766111,0.999876527341201
load_25_to_75,B1 RLS,545,1,1,1.00046636102443,0.999878506069708
load_25_to_75,B1 RLS,546,1,1,1.00046038203693,0.999880453087821
load_25_to_75,B1 RLS,547,1,1,1.00045447970313,0.999882368903721
load_25_to_75,B1 RLS,548,1,1,1.00044865304027,0.999884254017444
load_25_to_75,B1 RLS,549,1,1,1.00044290107821,0.99988610892101
load_25_to_75,B1 RLS,550,1,1,1.00043722285926,0.999887934098558
load_25_to_75,B1 RLS,551,1,1,1.00043161743799,0.999889730026466
load_25_to_75,B1 RLS,552,1,1,1.00042608388109,0.999891497173478
load_25_to_75,B1 RLS,553,1,1,1.00042062126723,0.999893236000826
load_25_to_75,B1 RLS,554,1,1,1.00041522868688,0.999894946962351
load_25_to_75,B1 RLS,555,1,1,1.00040990524218,0.999896630504621
load_25_to_75,B1 RLS,556,1,1,1.00040465004677,0.999898287067047
load_25_to_75,B1 RLS,557,1,1,1.00039946222565,0.999899917081998
load_25_to_75,B1 RLS,558,1,1,1.00039434091507,0.999901520974915
load_25_to_75,B1 RLS,559,1,1,1.00038928526231,0.999903099164419
load_25_to_75,B1 RLS,560,1,1,1.00038429442561,0.999904652062426
load_25_to_75,B1 RLS,561,1,1,1.000379367574,0.999906180074246
load_25_to_75,B1 RLS,562,1,1,1.00037450388716,0.999907683598697
load_25_to_75,B1 RLS,563,1,1,1.00036970255527,0.999909163028205
load_25_to_75,B1 RLS,564,1,1,1.00036496277892,0.999910618748907
load_25_to_75,B1 RLS,565,1,1,1.00036028376893,0.999912051140751
load_25_to_75,B1 RLS,566,1,1,1.00035566474626,0.999913460577598
load_25_to_75,B1 RLS,567,1,1,1.00035110494182,0.999914847427316
load_25_to_75,B1 RLS,568,1,1,1.00034660359641,0.999916212051878
load_25_to_75,B1 RLS,569,1,1,1.00034215996056,0.999917554807457
load_25_to_75,B1 RLS,570,1,1,1.0003377732944,0.999918876044517
load_25_to_75,B1 RLS,571,1,1,1.00033344286755,0.999920176107906
load_25_to_75,B1 RLS,572,1,1,1.00032916795899,0.999921455336946
load_25_to_75,B1 RLS,573,1,1,1.00032494785695,0.999922714065521
load_25_to_75,B1 RLS,574,1,1,1.00032078185878,0.999923952622163
load_25_to_75,B1 RLS,575,1,1,1.00031666927085,0.999925171330141
load_25_to_75,B1 RLS,576,1,1,1.0003126094084,0.999926370507543
load_25_to_75,B1 RLS,577,1,1,1.00030860159547,0.999927550467358
load_25_to_75,B1 RLS,578,1,1,1.00030464516476,0.99992871151756
load_25_to_75,B1 RLS,579,1,1,1.00030073945752,0.999929853961189
load_25_to_75,B1 RLS,580,1,1,1.00029688382345,0.999930978096427
load_25_to_75,B1 RLS,581,1,1,1.00029307762059,0.999932084216676
load_25_to_75,B1 RLS,582,1,1,1.0002893202152,0.99993317261064
load_25_to_75,B1 RLS,583,1,1,1.00028561098167,0.999934243562392
load_25_to_75,B1 RLS,584,1,1,1.00028194930242,0.999935297351456
load_25_to_75,B1 RLS,585,1,1,1.00027833456777,0.999936334252875
load_25_to_75,B1 RLS,586,1,1,1.00027476617587,0.999937354537284
load_25_to_75,B1 RLS,587,1,1,1.00027124353259,0.999938358470982
load_25_to_75,B1 RLS,588,1,1,1.00026776605141,0.999939346315998
load_25_to_75,B1 RLS,589,1,1,1.00026433315331,0.999940318330165
load_25_to_75,B1 RLS,590,1,1,1.00026094426673,0.999941274767182
load_25_to_75,B1 RLS,591,1,1,1.00025759882741,0.999942215876682
load_25_to_75,B1 RLS,592,1,1,1.00025429627834,0.999943141904299
load_25_to_75,B1 RLS,593,1,1,1.00025103606965,0.99994405309173
load_25_to_75,B1 RLS,594,1,1,1.0002478176585,0.999944949676799
load_25_to_75,B1 RLS,595,1,1,1.00024464050903,0.999945831893517
load_25_to_75,B1 RLS,596,1,1,1.00024150409225,0.999946699972146
load_25_to_75,B1 RLS,597,1,1,1.00023840788594,0.999947554139259
load_25_to_75,B1 RLS,598,1,1,1.00023535137458,0.999948394617797
load_25_to_75,B1 RLS,599,1,1,1.00023233404926,0.999949221627127
load_25_to_75,B2 Augmented EKF,0,1,1,1,1
load_25_to_75,B2 Augmented EKF,1,1,1,1,1
load_25_to_75,B2 Augmented EKF,2,1,1,1,1
load_25_to_75,B2 Augmented EKF,3,1,1,1,1
load_25_to_75,B2 Augmented EKF,4,1,1,1,1
load_25_to_75,B2 Augmented EKF,5,1,1,1,1
load_25_to_75,B2 Augmented EKF,6,1,1,1,1
load_25_to_75,B2 Augmented EKF,7,1,1,1,1
load_25_to_75,B2 Augmented EKF,8,1,1,1,1
load_25_to_75,B2 Augmented EKF,9,1,1,1,1
load_25_to_75,B2 Augmented EKF,10,1,1,1,1
load_25_to_75,B2 Augmented EKF,11,1,1,1,1
load_25_to_75,B2 Augmented EKF,12,1,1,1,1
load_25_to_75,B2 Augmented EKF,13,1,1,1,1
load_25_to_75,B2 Augmented EKF,14,1,1,1,1
load_25_to_75,B2 Augmented EKF,15,1,1,1,1
load_25_to_75,B2 Augmented EKF,16,1,1,1,1
load_25_to_75,B2 Augmented EKF,17,1,1,1,1
load_25_to_75,B2 Augmented EKF,18,1,1,1,1
load_25_to_75,B2 Augmented EKF,19,1,1,1,1
load_25_to_75,B2 Augmented EKF,20,1,1,1,1
load_25_to_75,B2 Augmented EKF,21,1,1,1,1
load_25_to_75,B2 Augmented EKF,22,1,1,1,1
load_25_to_75,B2 Augmented EKF,23,1,1,1,1
load_25_to_75,B2 Augmented EKF,24,1,1,1,1
load_25_to_75,B2 Augmented EKF,25,1,1,1,1
load_25_to_75,B2 Augmented EKF,26,1,1,1,1
load_25_to_75,B2 Augmented EKF,27,1,1,1,1
load_25_to_75,B2 Augmented EKF,28,1,1,1,1
load_25_to_75,B2 Augmented EKF,29,1,1,1,1
load_25_to_75,B2 Augmented EKF,30,1,1,1,1
load_25_to_75,B2 Augmented EKF,31,1,1,1,1
load_25_to_75,B2 Augmented EKF,32,1,1,1,1
load_25_to_75,B2 Augmented EKF,33,1,1,1,1
load_25_to_75,B2 Augmented EKF,34,1,1,1,1
load_25_to_75,B2 Augmented EKF,35,1,1,1,1
load_25_to_75,B2 Augmented EKF,36,1,1,1,1
load_25_to_75,B2 Augmented EKF,37,1,1,1,1
load_25_to_75,B2 Augmented EKF,38,1,1,1,1
load_25_to_75,B2 Augmented EKF,39,1,1,1,1
load_25_to_75,B2 Augmented EKF,40,1,1,1,1
load_25_to_75,B2 Augmented EKF,41,1,1,1,1
load_25_to_75,B2 Augmented EKF,42,1,1,1,1
load_25_to_75,B2 Augmented EKF,43,1,1,1,1
load_25_to_75,B2 Augmented EKF,44,1,1,1,1
load_25_to_75,B2 Augmented EKF,45,1,1,1,1
load_25_to_75,B2 Augmented EKF,46,1,1,1,1
load_25_to_75,B2 Augmented EKF,47,1,1,1,1
load_25_to_75,B2 Augmented EKF,48,1,1,1,1
load_25_to_75,B2 Augmented EKF,49,1,1,1,1
load_25_to_75,B2 Augmented EKF,50,1,1,1,1
load_25_to_75,B2 Augmented EKF,51,1,1,1,1
load_25_to_75,B2 Augmented EKF,52,1,1,1,1
load_25_to_75,B2 Augmented EKF,53,1,1,1,1
load_25_to_75,B2 Augmented EKF,54,1,1,1,1
load_25_to_75,B2 Augmented EKF,55,1,1,1,1
load_25_to_75,B2 Augmented EKF,56,1,1,1,1
load_25_to_75,B2 Augmented EKF,57,1,1,1,1
load_25_to_75,B2 Augmented EKF,58,1,1,1,1
load_25_to_75,B2 Augmented EKF,59,1,1,1,1
load_25_to_75,B2 Augmented EKF,60,1,1,1,1
load_25_to_75,B2 Augmented EKF,61,1,1,1,1
load_25_to_75,B2 Augmented EKF,62,1,1,1,1
load_25_to_75,B2 Augmented EKF,63,1,1,1,1
load_25_to_75,B2 Augmented EKF,64,1,1,1,1
load_25_to_75,B2 Augmented EKF,65,1,1,1,1
load_25_to_75,B2 Augmented EKF,66,1,1,1,1
load_25_to_75,B2 Augmented EKF,67,1,1,1,1
load_25_to_75,B2 Augmented EKF,68,1,1,1,1
load_25_to_75,B2 Augmented EKF,69,1,1,1,1
load_25_to_75,B2 Augmented EKF,70,1,1,1,1
load_25_to_75,B2 Augmented EKF,71,1,1,1,1
load_25_to_75,B2 Augmented EKF,72,1,1,1,1
load_25_to_75,B2 Augmented EKF,73,1,1,1,1
load_25_to_75,B2 Augmented EKF,74,1,1,1,1
load_25_to_75,B2 Augmented EKF,75,1,1,1,1
load_25_to_75,B2 Augmented EKF,76,1,1,1,1
load_25_to_75,B2 Augmented EKF,77,1,1,1,1
load_25_to_75,B2 Augmented EKF,78,1,1,1,1
load_25_to_75,B2 Augmented EKF,79,1,1,1,1
load_25_to_75,B2 Augmented EKF,80,1,1,1,1
load_25_to_75,B2 Augmented EKF,81,1,1,1,1
load_25_to_75,B2 Augmented EKF,82,1,1,1,1
load_25_to_75,B2 Augmented EKF,83,1,1,1,1
load_25_to_75,B2 Augmented EKF,84,1,1,1,1
load_25_to_75,B2 Augmented EKF,85,1,1,1,1
load_25_to_75,B2 Augmented EKF,86,1,1,1,1
load_25_to_75,B2 Augmented EKF,87,1,1,1,1
load_25_to_75,B2 Augmented EKF,88,1,1,1,1
load_25_to_75,B2 Augmented EKF,89,1,1,1,1
load_25_to_75,B2 Augmented EKF,90,1,1,1,1
load_25_to_75,B2 Augmented EKF,91,1,1,1,1
load_25_to_75,B2 Augmented EKF,92,1,1,1,1
load_25_to_75,B2 Augmented EKF,93,1,1,1,1
load_25_to_75,B2 Augmented EKF,94,1,1,1,1
load_25_to_75,B2 Augmented EKF,95,1,1,1,1
load_25_to_75,B2 Augmented EKF,96,1,1,1,1
load_25_to_75,B2 Augmented EKF,97,1,1,1,1
load_25_to_75,B2 Augmented EKF,98,1,1,1,1
load_25_to_75,B2 Augmented EKF,99,1,1,1,1
load_25_to_75,B2 Augmented EKF,100,1,1,1,1
load_25_to_75,B2 Augmented EKF,101,1,1,1,1
load_25_to_75,B2 Augmented EKF,102,1,1,1,1
load_25_to_75,B2 Augmented EKF,103,1,1,1,1
load_25_to_75,B2 Augmented EKF,104,1,1,1,1
load_25_to_75,B2 Augmented EKF,105,1,1,1,1
load_25_to_75,B2 Augmented EKF,106,1,1,1,1
load_25_to_75,B2 Augmented EKF,107,1,1,1,1
load_25_to_75,B2 Augmented EKF,108,1,1,1,1
load_25_to_75,B2 Augmented EKF,109,1,1,1,1
load_25_to_75,B2 Augmented EKF,110,1,1,1,1
load_25_to_75,B2 Augmented EKF,111,1,1,1,1
load_25_to_75,B2 Augmented EKF,112,1,1,1,1
load_25_to_75,B2 Augmented EKF,113,1,1,1,1
load_25_to_75,B2 Augmented EKF,114,1,1,1,1
load_25_to_75,B2 Augmented EKF,115,1,1,1,1
load_25_to_75,B2 Augmented EKF,116,1,1,1,1
load_25_to_75,B2 Augmented EKF,117,1,1,1,1
load_25_to_75,B2 Augmented EKF,118,1,1,1,1
load_25_to_75,B2 Augmented EKF,119,1,1,1,1
load_25_to_75,B2 Augmented EKF,120,1,1,1,1
load_25_to_75,B2 Augmented EKF,121,1,1,1,1
load_25_to_75,B2 Augmented EKF,122,1,1,1,1
load_25_to_75,B2 Augmented EKF,123,1,1,1,1
load_25_to_75,B2 Augmented EKF,124,1,1,1,1
load_25_to_75,B2 Augmented EKF,125,1,1,1,1
load_25_to_75,B2 Augmented EKF,126,1,1,1,1
load_25_to_75,B2 Augmented EKF,127,1,1,1,1
load_25_to_75,B2 Augmented EKF,128,1,1,1,1
load_25_to_75,B2 Augmented EKF,129,1,1,1,1
load_25_to_75,B2 Augmented EKF,130,1,1,1,1
load_25_to_75,B2 Augmented EKF,131,1,1,1,1
load_25_to_75,B2 Augmented EKF,132,1,1,1,1
load_25_to_75,B2 Augmented EKF,133,1,1,1,1
load_25_to_75,B2 Augmented EKF,134,1,1,1,1
load_25_to_75,B2 Augmented EKF,135,1,1,1,1
load_25_to_75,B2 Augmented EKF,136,1,1,1,1
load_25_to_75,B2 Augmented EKF,137,1,1,1,1
load_25_to_75,B2 Augmented EKF,138,1,1,1,1
load_25_to_75,B2 Augmented EKF,139,1,1,1,1
load_25_to_75,B2 Augmented EKF,140,1,1,1,1
load_25_to_75,B2 Augmented EKF,141,1,1,1,1
load_25_to_75,B2 Augmented EKF,142,1,1,1,1
load_25_to_75,B2 Augmented EKF,143,1,1,1,1
load_25_to_75,B2 Augmented EKF,144,1,1,1,1
load_25_to_75,B2 Augmented EKF,145,1,1,1,1
load_25_to_75,B2 Augmented EKF,146,1,1,1,1
load_25_to_75,B2 Augmented EKF,147,1,1,1,1
load_25_to_75,B2 Augmented EKF,148,1,1,1,1
load_25_to_75,B2 Augmented EKF,149,1,1,1,1
load_25_to_75,B2 Augmented EKF,150,1,1,1,1
load_25_to_75,B2 Augmented EKF,151,1,1,1,1
load_25_to_75,B2 Augmented EKF,152,1,1,1,1
load_25_to_75,B2 Augmented EKF,153,1,1,1,1
load_25_to_75,B2 Augmented EKF,154,1,1,1,1
load_25_to_75,B2 Augmented EKF,155,1,1,1,1
load_25_to_75,B2 Augmented EKF,156,1,1,1,1
load_25_to_75,B2 Augmented EKF,157,1,1,1,1
load_25_to_75,B2 Augmented EKF,158,1,1,1,1
load_25_to_75,B2 Augmented EKF,159,1,1,1,1
load_25_to_75,B2 Augmented EKF,160,1,1,1,1
load_25_to_75,B2 Augmented EKF,161,1,1,1,1
load_25_to_75,B2 Augmented EKF,162,1,1,1,1
load_25_to_75,B2 Augmented EKF,163,1,1,1,1
load_25_to_75,B2 Augmented EKF,164,1,1,1,1
load_25_to_75,B2 Augmented EKF,165,1,1,1,1
load_25_to_75,B2 Augmented EKF,166,1,1,1,1
load_25_to_75,B2 Augmented EKF,167,1,1,1,1
load_25_to_75,B2 Augmented EKF,168,1,1,1,1
load_25_to_75,B2 Augmented EKF,169,1,1,1,1
load_25_to_75,B2 Augmented EKF,170,1,1,1,1
load_25_to_75,B2 Augmented EKF,171,1,1,1,1
load_25_to_75,B2 Augmented EKF,172,1,1,1,1
load_25_to_75,B2 Augmented EKF,173,1,1,1,1
load_25_to_75,B2 Augmented EKF,174,1,1,1,1
load_25_to_75,B2 Augmented EKF,175,1,1,1,1
load_25_to_75,B2 Augmented EKF,176,1,1,1,1
load_25_to_75,B2 Augmented EKF,177,1,1,1,1
load_25_to_75,B2 Augmented EKF,178,1,1,1,1
load_25_to_75,B2 Augmented EKF,179,1,1,1,1
load_25_to_75,B2 Augmented EKF,180,1,1,1,1
load_25_to_75,B2 Augmented EKF,181,1,1,1,1
load_25_to_75,B2 Augmented EKF,182,1,1,1,1
load_25_to_75,B2 Augmented EKF,183,1,1,1,1
load_25_to_75,B2 Augmented EKF,184,1,1,1,1
load_25_to_75,B2 Augmented EKF,185,1,1,1,1
load_25_to_75,B2 Augmented EKF,186,1,1,1,1
load_25_to_75,B2 Augmented EKF,187,1,1,1,1
load_25_to_75,B2 Augmented EKF,188,1,1,1,1
load_25_to_75,B2 Augmented EKF,189,1,1,1,1
load_25_to_75,B2 Augmented EKF,190,1,1,1,1
load_25_to_75,B2 Augmented EKF,191,1,1,1,1
load_25_to_75,B2 Augmented EKF,192,1,1,1,1
load_25_to_75,B2 Augmented EKF,193,1,1,1,1
load_25_to_75,B2 Augmented EKF,194,1,1,1,1
load_25_to_75,B2 Augmented EKF,195,1,1,1,1
load_25_to_75,B2 Augmented EKF,196,1,1,1,1
load_25_to_75,B2 Augmented EKF,197,1,1,1,1
load_25_to_75,B2 Augmented EKF,198,1,1,1,1
load_25_to_75,B2 Augmented EKF,199,1,1,1,1
load_25_to_75,B2 Augmented EKF,200,1,1,1.06,0.952
load_25_to_75,B2 Augmented EKF,201,1,1,1.0595,0.9525
load_25_to_75,B2 Augmented EKF,202,1,1,1.05900416666667,0.952994791666667
load_25_to_75,B2 Augmented EKF,203,1,1,1.05851246527778,0.953484429253472
load_25_to_75,B2 Augmented EKF,204,1,1,1.05802486140046,0.953968966448748
load_25_to_75,B2 Augmented EKF,205,1,1,1.05754132088879,0.954448456381574
load_25_to_75,B2 Augmented EKF,206,1,1,1.05706180988139,0.954922951627599
load_25_to_75,B2 Augmented EKF,207,1,1,1.05658629479904,0.955392504214812
load_25_to_75,B2 Augmented EKF,208,1,1,1.05611474234238,0.955857165629241
load_25_to_75,B2 Augmented EKF,209,1,1,1.05564711948953,0.956316986820603
load_25_to_75,B2 Augmented EKF,210,1,1,1.05518339349378,0.956772018207888
load_25_to_75,B2 Augmented EKF,211,1,1,1.05472353188133,0.957222309684889
load_25_to_75,B2 Augmented EKF,212,1,1,1.05426750244899,0.957667910625672
load_25_to_75,B2 Augmented EKF,213,1,1,1.05381527326192,0.958108869889988
load_25_to_75,B2 Augmented EKF,214,1,1,1.0533668126514,0.958545235828634
load_25_to_75,B2 Augmented EKF,215,1,1,1.05292208921264,0.958977056288752
load_25_to_75,B2 Augmented EKF,216,1,1,1.05248107180253,0.959404378619077
load_25_to_75,B2 Augmented EKF,217,1,1,1.05204372953751,0.959827249675129
load_25_to_75,B2 Augmented EKF,218,1,1,1.05161003179137,0.960245715824346
load_25_to_75,B2 Augmented EKF,219,1,1,1.0511799481931,0.960659822951176
load_25_to_75,B2 Augmented EKF,220,1,1,1.05075344862483,0.961069616462101
load_25_to_75,B2 Augmented EKF,221,1,1,1.05033050321962,0.961475141290621
load_25_to_75,B2 Augmented EKF,222,1,1,1.04991108235946,0.961876441902177
load_25_to_75,B2 Augmented EKF,223,1,1,1.04949515667313,0.962273562299029
load_25_to_75,B2 Augmented EKF,224,1,1,1.04908269703419,0.962666546025081
load_25_to_75,B2 Augmented EKF,225,1,1,1.0486736745589,0.963055436170653
load_25_to_75,B2 Augmented EKF,226,1,1,1.04826806060424,0.963440275377209
load_25_to_75,B2 Augmented EKF,227,1,1,1.04786582676588,0.96382110584203
load_25_to_75,B2 Augmented EKF,228,1,1,1.04746694487616,0.964197969322842
load_25_to_75,B2 Augmented EKF,229,1,1,1.04707138700219,0.964570907142396
load_25_to_75,B2 Augmented EKF,230,1,1,1.04667912544384,0.964939960192996
load_25_to_75,B2 Augmented EKF,231,1,1,1.04629013273181,0.965305168940985
load_25_to_75,B2 Augmented EKF,232,1,1,1.04590438162571,0.965666573431183
load_25_to_75,B2 Augmented EKF,233,1,1,1.04552184511216,0.966024213291275
load_25_to_75,B2 Augmented EKF,234,1,1,1.04514249640289,0.966378127736158
load_25_to_75,B2 Augmented EKF,235,1,1,1.04476630893287,0.96672835557224
load_25_to_75,B2 Augmented EKF,236,1,1,1.04439325635843,0.967074935201695
load_25_to_75,B2 Augmented EKF,237,1,1,1.04402331255544,0.967417904626678
load_25_to_75,B2 Augmented EKF,238,1,1,1.04365645161748,0.967757301453483
load_25_to_75,B2 Augmented EKF,239,1,1,1.043292647854,0.968093162896676
load_25_to_75,B2 Augmented EKF,240,1,1,1.04293187578855,0.968425525783169
load_25_to_75,B2 Augmented EKF,241,1,1,1.04257411015698,0.968754426556261
load_25_to_75,B2 Augmented EKF,242,1,1,1.04221932590567,0.969079901279633
load_25_to_75,B2 Augmented EKF,243,1,1,1.04186749818979,0.969401985641304
load_25_to_75,B2 Augmented EKF,244,1,1,1.04151860237154,0.96972071495754
load_25_to_75,B2 Augmented EKF,245,1,1,1.04117261401845,0.970036124176732
load_25_to_75,B2 Augmented EKF,246,1,1,1.04082950890163,0.970348247883225
load_25_to_75,B2 Augmented EKF,247,1,1,1.04048926299411,0.970657120301108
load_25_to_75,B2 Augmented EKF,248,1,1,1.04015185246916,0.970962775297971
load_25_to_75,B2 Augmented EKF,249,1,1,1.03981725369859,0.971265246388617
load_25_to_75,B2 Augmented EKF,250,1,1,1.0394854432511,0.971564566738736
load_25_to_75,B2 Augmented EKF,251,1,1,1.03915639789067,0.971860769168541
load_25_to_75,B2 Augmented EKF,252,1,1,1.03883009457492,0.972153886156369
load_25_to_75,B2 Augmented EKF,253,1,1,1.03850651045346,0.97244394984224
load_25_to_75,B2 Augmented EKF,254,1,1,1.03818562286635,0.972730992031383
load_25_to_75,B2 Augmented EKF,255,1,1,1.03786740934246,0.973015044197723
load_25_to_75,B2 Augmented EKF,256,1,1,1.03755184759794,0.97329613748733
load_25_to_75,B2 Augmented EKF,257,1,1,1.03723891553462,0.973574302721837
load_25_to_75,B2 Augmented EKF,258,1,1,1.0369285912385,0.973849570401818
load_25_to_75,B2 Augmented EKF,259,1,1,1.03662085297818,0.974121970710132
load_25_to_75,B2 Augmented EKF,260,1,1,1.03631567920336,0.974391533515235
load_25_to_75,B2 Augmented EKF,261,1,1,1.03601304854333,0.974658288374451
load_25_to_75,B2 Augmented EKF,262,1,1,1.03571293980547,0.974922264537217
load_25_to_75,B2 Augmented EKF,263,1,1,1.03541533197376,0.975183490948288
load_25_to_75,B2 Augmented EKF,264,1,1,1.03512020420731,0.97544199625091
load_25_to_75,B2 Augmented EKF,265,1,1,1.03482753583892,0.975697808789963
load_25_to_75,B2 Augmented EKF,266,1,1,1.03453730637359,0.975950956615068
load_25_to_75,B2 Augmented EKF,267,1,1,1.03424949548715,0.976201467483661
load_25_to_75,B2 Augmented EKF,268,1,1,1.03396408302475,0.976449368864039
load_25_to_75,B2 Augmented EKF,269,1,1,1.03368104899955,0.976694687938372
load_25_to_75,B2 Augmented EKF,270,1,1,1.03340037359122,0.976937451605681
load_25_to_75,B2 Augmented EKF,271,1,1,1.03312203714463,0.977177686484788
load_25_to_75,B2 Augmented EKF,272,1,1,1.03284602016842,0.977415418917238
load_25_to_75,B2 Augmented EKF,273,1,1,1.03257230333368,0.977650674970184
load_25_to_75,B2 Augmented EKF,274,1,1,1.03230086747257,0.977883480439244
load_25_to_75,B2 Augmented EKF,275,1,1,1.03203169357696,0.978113860851336
load_25_to_75,B2 Augmented EKF,276,1,1,1.03176476279716,0.978341841467467
load_25_to_75,B2 Augmented EKF,277,1,1,1.03150005644051,0.978567447285515
load_25_to_75,B2 Augmented EKF,278,1,1,1.03123755597018,0.978790703042957
load_25_to_75,B2 Augmented EKF,279,1,1,1.03097724300376,0.979011633219593
load_25_to_75,B2 Augmented EKF,280,1,1,1.03071909931206,0.979230262040222
load_25_to_75,B2 Augmented EKF,281,1,1,1.03046310681779,0.979446613477303
load_25_to_75,B2 Augmented EKF,282,1,1,1.03020924759431,0.979660711253581
load_25_to_75,B2 Augmented EKF,283,1,1,1.02995750386436,0.97987257884469
load_25_to_75,B2 Augmented EKF,284,1,1,1.02970785799882,0.980082239481724
load_25_to_75,B2 Augmented EKF,285,1,1,1.0294602925155,0.98028971615379
load_25_to_75,B2 Augmented EKF,286,1,1,1.02921479007787,0.980495031610521
load_25_to_75,B2 Augmented EKF,287,1,1,1.02897133349389,0.980698208364578
load_25_to_75,B2 Augmented EKF,288,1,1,1.02872990571477,0.980899268694114
load_25_to_75,B2 Augmented EKF,289,1,1,1.02849048983382,0.981098234645217
load_25_to_75,B2 Augmented EKF,290,1,1,1.0282530690852,0.981295128034329
load_25_to_75,B2 Augmented EKF,291,1,1,1.02801762684282,0.981489970450638
load_25_to_75,B2 Augmented EKF,292,1,1,1.02778414661913,0.981682783258444
load_25_to_75,B2 Augmented EKF,293,1,1,1.02755261206397,0.981873587599502
load_25_to_75,B2 Augmented EKF,294,1,1,1.02732300696344,0.98206240439534
load_25_to_75,B2 Augmented EKF,295,1,1,1.02709531523875,0.982249254349556
load_25_to_75,B2 Augmented EKF,296,1,1,1.02686952094509,0.982434157950081
load_25_to_75,B2 Augmented EKF,297,1,1,1.02664560827055,0.982617135471434
load_25_to_75,B2 Augmented EKF,298,1,1,1.02642356153496,0.98279820697694
load_25_to_75,B2 Augmented EKF,299,1,1,1.02620336518883,0.982977392320931
load_25_to_75,B2 Augmented EKF,300,1,1,1.02598500381226,0.983154711150921
load_25_to_75,B2 Augmented EKF,301,1,1,1.02576846211383,0.983330182909765
load_25_to_75,B2 Augmented EKF,302,1,1,1.02555372492954,0.983503826837789
load_25_to_75,B2 Augmented EKF,303,1,1,1.0253407772218,0.983675661974895
load_25_to_75,B2 Augmented EKF,304,1,1,1.02512960407828,0.983845707162657
load_25_to_75,B2 Augmented EKF,305,1,1,1.02492019071096,0.984013981046379
load_25_to_75,B2 Augmented EKF,306,1,1,1.02471252245504,0.984180502077146
load_25_to_75,B2 Augmented EKF,307,1,1,1.02450658476791,0.984345288513842
load_25_to_75,B2 Augmented EKF,308,1,1,1.02430236322818,0.984508358425156
load_25_to_75,B2 Augmented EKF,309,1,1,1.02409984353461,0.984669729691561
load_25_to_75,B2 Augmented EKF,310,1,1,1.02389901150516,0.984829420007274
load_25_to_75,B2 Augmented EKF,311,1,1,1.02369985307595,0.984987446882198
load_25_to_75,B2 Augmented EKF,312,1,1,1.02350235430032,0.985143827643842
load_25_to_75,B2 Augmented EKF,313,1,1,1.02330650134781,0.985298579439219
load_25_to_75,B2 Augmented EKF,314,1,1,1.02311228050325,0.985451719236727
load_25_to_75,B2 Augmented EKF,315,1,1,1.02291967816572,0.985603263828011
load_25_to_75,B2 Augmented EKF,316,1,1,1.02272868084767,0.985753229829802
load_25_to_75,B2 Augmented EKF,317,1,1,1.02253927517394,0.985901633685742
load_25_to_75,B2 Augmented EKF,318,1,1,1.02235144788083,0.986048491668182
load_25_to_75,B2 Augmented EKF,319,1,1,1.02216518581515,0.986193819879972
load_25_to_75,B2 Augmented EKF,320,1,1,1.02198047593336,0.986337634256222
load_25_to_75,B2 Augmented EKF,321,1,1,1.02179730530058,0.986479950566053
load_25_to_75,B2 Augmented EKF,322,1,1,1.02161566108974,0.986620784414323
load_25_to_75,B2 Augmented EKF,323,1,1,1.02143553058066,0.986760151243341
load_25_to_75,B2 Augmented EKF,324,1,1,1.02125690115916,0.986898066334556
load_25_to_75,B2 Augmented EKF,325,1,1,1.02107976031616,0.987034544810238
load_25_to_75,B2 Augmented EKF,326,1,1,1.02090409564686,0.987169601635131
load_25_to_75,B2 Augmented EKF,327,1,1,1.02072989484981,0.987303251618098
load_25_to_75,B2 Augmented EKF,328,1,1,1.02055714572606,0.987435509413743
load_25_to_75,B2 Augmented EKF,329,1,1,1.02038583617834,0.987566389524017
load_25_to_75,B2 Augmented EKF,330,1,1,1.02021595421019,0.987695906299808
load_25_to_75,B2 Augmented EKF,331,1,1,1.0200474879251,0.987824073942519
load_25_to_75,B2 Augmented EKF,332,1,1,1.01988042552573,0.987950906505617
load_25_to_75,B2 Augmented EKF,333,1,1,1.01971475531301,0.988076417896184
load_25_to_75,B2 Augmented EKF,334,1,1,1.0195504656854,0.988200621876432
load_25_to_75,B2 Augmented EKF,335,1,1,1.01938754513803,0.988323532065219
load_25_to_75,B2 Augmented EKF,336,1,1,1.01922598226187,0.98844516193954
load_25_to_75,B2 Augmented EKF,337,1,1,1.01906576574303,0.988565524836003
load_25_to_75,B2 Augmented EKF,338,1,1,1.01890688436183,0.988684633952294
load_25_to_75,B2 Augmented EKF,339,1,1,1.01874932699215,0.988802502348625
load_25_to_75,B2 Augmented EKF,340,1,1,1.01859308260055,0.98891914294916
load_25_to_75,B2 Augmented EKF,341,1,1,1.01843814024555,0.989034568543439
load_25_to_75,B2 Augmented EKF,342,1,1,1.01828448907683,0.989148791787779
load_25_to_75,B2 Augmented EKF,343,1,1,1.01813211833453,0.989261825206656
load_25_to_75,B2 Augmented EKF,344,1,1,1.01798101734841,0.989373681194087
load_25_to_75,B2 Augmented EKF,345,1,1,1.01783117553717,0.989484372014982
load_25_to_75,B2 Augmented EKF,346,1,1,1.01768258240769,0.989593909806492
load_25_to_75,B2 Augmented EKF,347,1,1,1.01753522755429,0.989702306579341
load_25_to_75,B2 Augmented EKF,348,1,1,1.01738910065801,0.98980957421914
load_25_to_75,B2 Augmented EKF,349,1,1,1.01724419148586,0.98991572448769
load_25_to_75,B2 Augmented EKF,350,1,1,1.01710048989014,0.990020769024277
load_25_to_75,B2 Augmented EKF,351,1,1,1.01695798580773,0.990124719346941
load_25_to_75,B2 Augmented EKF,352,1,1,1.01681666925933,0.990227586853743
load_25_to_75,B2 Augmented EKF,353,1,1,1.01667653034883,0.990329382824017
load_25_to_75,B2 Augmented EKF,354,1,1,1.01653755926259,0.9904301184196
load_25_to_75,B2 Augmented EKF,355,1,1,1.01639974626874,0.990529804686062
load_25_to_75,B2 Augmented EKF,356,1,1,1.0162630817165,0.990628452553916
load_25_to_75,B2 Augmented EKF,357,1,1,1.01612755603553,0.990726072839813
load_25_to_75,B2 Augmented EKF,358,1,1,1.01599315973523,0.990822676247731
load_25_to_75,B2 Augmented EKF,359,1,1,1.01585988340411,0.990918273370151
load_25_to_75,B2 Augmented EKF,360,1,1,1.01572771770907,0.991012874689212
load_25_to_75,B2 Augmented EKF,361,1,1,1.01559665339483,0.991106490577866
load_25_to_75,B2 Augmented EKF,362,1,1,1.01546668128321,0.991199131301013
load_25_to_75,B2 Augmented EKF,363,1,1,1.01533779227251,0.991290807016627
load_25_to_75,B2 Augmented EKF,364,1,1,1.01520997733691,0.991381527776871
load_25_to_75,B2 Augmented EKF,365,1,1,1.01508322752577,0.991471303529195
load_25_to_75,B2 Augmented EKF,366,1,1,1.01495753396305,0.991560144117433
load_25_to_75,B2 Augmented EKF,367,1,1,1.01483288784669,0.991648059282876
load_25_to_75,B2 Augmented EKF,368,1,1,1.01470928044797,0.991735058665346
load_25_to_75,B2 Augmented EKF,369,1,1,1.0145867031109,0.991821151804249
load_25_to_75,B2 Augmented EKF,370,1,1,1.01446514725165,0.991906348139621
load_25_to_75,B2 Augmented EKF,371,1,1,1.01434460435788,0.991990657013167
load_25_to_75,B2 Augmented EKF,372,1,1,1.01422506598823,0.992074087669279
load_25_to_75,B2 Augmented EKF,373,1,1,1.01410652377167,0.992156649256058
load_25_to_75,B2 Augmented EKF,374,1,1,1.0139889694069,0.992238350826307
load_25_to_75,B2 Augmented EKF,375,1,1,1.01387239466184,0.992319201338533
load_25_to_75,B2 Augmented EKF,376,1,1,1.013756791373,0.992399209657923
load_25_to_75,B2 Augmented EKF,377,1,1,1.01364215144489,0.99247838455732
load_25_to_75,B2 Augmented EKF,378,1,1,1.01352846684951,0.992556734718181
load_25_to_75,B2 Augmented EKF,379,1,1,1.01341572962577,0.992634268731534
load_25_to_75,B2 Augmented EKF,380,1,1,1.01330393187889,0.992710995098913
load_25_to_75,B2 Augmented EKF,381,1,1,1.01319306577989,0.9927869222333
load_25_to_75,B2 Augmented EKF,382,1,1,1.01308312356506,0.992862058460036
load_25_to_75,B2 Augmented EKF,383,1,1,1.01297409753535,0.992936412017744
load_25_to_75,B2 Augmented EKF,384,1,1,1.01286598005589,0.993009991059226
load_25_to_75,B2 Augmented EKF,385,1,1,1.01275876355543,0.993082803652359
load_25_to_75,B2 Augmented EKF,386,1,1,1.0126524405258,0.99315485778098
load_25_to_75,B2 Augmented EKF,387,1,1,1.01254700352142,0.993226161345762
load_25_to_75,B2 Augmented EKF,388,1,1,1.01244244515874,0.993296722165077
load_25_to_75,B2 Augmented EKF,389,1,1,1.01233875811575,0.993366547975857
load_25_to_75,B2 Augmented EKF,390,1,1,1.01223593513145,0.993435646434442
load_25_to_75,B2 Augmented EKF,391,1,1,1.01213396900536,0.993504025117417
load_25_to_75,B2 Augmented EKF,392,1,1,1.01203285259698,0.993571691522444
load_25_to_75,B2 Augmented EKF,393,1,1,1.01193257882534,0.993638653069085
load_25_to_75,B2 Augmented EKF,394,1,1,1.01183314066846,0.993704917099615
load_25_to_75,B2 Augmented EKF,395,1,1,1.01173453116289,0.993770490879827
load_25_to_75,B2 Augmented EKF,396,1,1,1.0116367434032,0.993835381599829
load_25_to_75,B2 Augmented EKF,397,1,1,1.0115397705415,0.993899596374831
load_25_to_75,B2 Augmented EKF,398,1,1,1.01144360578699,0.993963142245926
load_25_to_75,B2 Augmented EKF,399,1,1,1.01134824240543,0.994026026180865
load_25_to_75,B2 Augmented EKF,400,1,1,1.01125367371872,0.994088255074814
load_25_to_75,B2 Augmented EKF,401,1,1,1.0111598931044,0.994149835751118
load_25_to_75,B2 Augmented EKF,402,1,1,1.01106689399519,0.994210774962044
load_25_to_75,B2 Augmented EKF,403,1,1,1.01097466987857,0.994271079389523
load_25_to_75,B2 Augmented EKF,404,1,1,1.01088321429625,0.994330755645882
load_25_to_75,B2 Augmented EKF,405,1,1,1.01079252084378,0.994389810274571
load_25_to_75,B2 Augmented EKF,406,1,1,1.01070258317008,0.994448249750877
load_25_to_75,B2 Augmented EKF,407,1,1,1.010613394977,0.994506080482639
load_25_to_75,B2 Augmented EKF,408,1,1,1.01052495001885,0.994563308810945
load_25_to_75,B2 Augmented EKF,409,1,1,1.01043724210203,0.994619941010831
load_25_to_75,B2 Augmented EKF,410,1,1,1.01035026508451,0.994675983291968
load_25_to_75,B2 Augmented EKF,411,1,1,1.01026401287548,0.994731441799343
load_25_to_75,B2 Augmented EKF,412,1,1,1.01017847943485,0.994786322613933
load_25_to_75,B2 Augmented EKF,413,1,1,1.01009365877289,0.994840631753371
load_25_to_75,B2 Augmented EKF,414,1,1,1.01000954494978,0.994894375172607
load_25_to_75,B2 Augmented EKF,415,1,1,1.0099261320752,0.994947558764559
load_25_to_75,B2 Augmented EKF,416,1,1,1.00984341430791,0.995000188360762
load_25_to_75,B2 Augmented EKF,417,1,1,1.00976138585534,0.995052269732004
load_25_to_75,B2 Augmented EKF,418,1,1,1.00968004097321,0.995103808588962
load_25_to_75,B2 Augmented EKF,419,1,1,1.0095993739651,0.995154810582827
load_25_to_75,B2 Augmented EKF,420,1,1,1.00951937918206,0.995205281305922
load_25_to_75,B2 Augmented EKF,421,1,1,1.00944005102221,0.995255226292319
load_25_to_75,B2 Augmented EKF,422,1,1,1.00936138393036,0.995304651018441
load_25_to_75,B2 Augmented EKF,423,1,1,1.00928337239761,0.995353560903665
load_25_to_75,B2 Augmented EKF,424,1,1,1.00920601096096,0.995401961310919
load_25_to_75,B2 Augmented EKF,425,1,1,1.00912929420295,0.995449857547263
load_25_to_75,B2 Augmented EKF,426,1,1,1.00905321675126,0.995497254864479
load_25_to_75,B2 Augmented EKF,427,1,1,1.00897777327833,0.995544158459641
load_25_to_75,B2 Augmented EKF,428,1,1,1.00890295850101,0.995590573475687
load_25_to_75,B2 Augmented EKF,429,1,1,1.00882876718017,0.995636505001982
load_25_to_75,B2 Augmented EKF,430,1,1,1.00875519412034,0.995681958074878
load_25_to_75,B2 Augmented EKF,431,1,1,1.00868223416933,0.995726937678264
load_25_to_75,B2 Augmented EKF,432,1,1,1.00860988221792,0.995771448744116
load_25_to_75,B2 Augmented EKF,433,1,1,1.00853813319944,0.995815496153031
load_25_to_75,B2 Augmented EKF,434,1,1,1.00846698208944,0.99585908473477
load_25_to_75,B2 Augmented EKF,435,1,1,1.00839642390537,0.995902219268783
load_25_to_75,B2 Augmented EKF,436,1,1,1.00832645370615,0.995944904484733
load_25_to_75,B2 Augmented EKF,437,1,1,1.00825706659194,0.995987145063018
load_25_to_75,B2 Augmented EKF,438,1,1,1.00818825770367,0.996028945635278
load_25_to_75,B2 Augmented EKF,439,1,1,1.00812002222281,0.99607031078491
load_25_to_75,B2 Augmented EKF,440,1,1,1.00805235537095,0.996111245047567
load_25_to_75,B2 Augmented EKF,441,1,1,1.00798525240953,0.996151752911655
load_25_to_75,B2 Augmented EKF,442,1,1,1.00791870863945,0.996191838818826
load_25_to_75,B2 Augmented EKF,443,1,1,1.00785271940078,0.996231507164463
load_25_to_75,B2 Augmented EKF,444,1,1,1.00778728007244,0.996270762298166
load_25_to_75,B2 Augmented EKF,445,1,1,1.00772238607184,0.996309608524227
load_25_to_75,B2 Augmented EKF,446,1,1,1.00765803285458,0.9963480501021
load_25_to_75,B2 Augmented EKF,447,1,1,1.00759421591412,0.996386091246869
load_25_to_75,B2 Augmented EKF,448,1,1,1.0075309307815,0.996423736129714
load_25_to_75,B2 Augmented EKF,449,1,1,1.00746817302499,0.996460988878363
load_25_to_75,B2 Augmented EKF,450,1,1,1.00740593824978,0.996497853577547
load_25_to_75,B2 Augmented EKF,451,1,1,1.0073442220977,0.996534334269448
load_25_to_75,B2 Augmented EKF,452,1,1,1.00728302024689,0.996570434954141
load_25_to_75,B2 Augmented EKF,453,1,1,1.0072223284115,0.996606159590035
load_25_to_75,B2 Augmented EKF,454,1,1,1.0071621423414,0.996641512094306
load_25_to_75,B2 Augmented EKF,455,1,1,1.00710245782189,0.996676496343323
load_25_to_75,B2 Augmented EKF,456,1,1,1.00704327067337,0.99671111617308
load_25_to_75,B2 Augmented EKF,457,1,1,1.00698457675109,0.996745375379611
load_25_to_75,B2 Augmented EKF,458,1,1,1.00692637194484,0.996779277719407
load_25_to_75,B2 Augmented EKF,459,1,1,1.00686865217863,0.996812826909829
load_25_to_75,B2 Augmented EKF,460,1,1,1.00681141341047,0.996846026629519
load_25_to_75,B2 Augmented EKF,461,1,1,1.00675465163205,0.996878880518795
load_25_to_75,B2 Augmented EKF,462,1,1,1.00669836286845,0.996911392180057
load_25_to_75,B2 Augmented EKF,463,1,1,1.00664254317788,0.996943565178182
load_25_to_75,B2 Augmented EKF,464,1,1,1.0065871886514,0.996975403040909
load_25_to_75,B2 Augmented EKF,465,1,1,1.00653229541264,0.997006909259233
load_25_to_75,B2 Augmented EKF,466,1,1,1.00647785961753,0.997038087287782
load_25_to_75,B2 Augmented EKF,467,1,1,1.00642387745405,0.997068940545201
load_25_to_75,B2 Augmented EKF,468,1,1,1.00637034514194,0.997099472414522
load_25_to_75,B2 Augmented EKF,469,1,1,1.00631725893242,0.997129686243537
load_25_to_75,B2 Augmented EKF,470,1,1,1.00626461510798,0.997159585345167
load_25_to_75,B2 Augmented EKF,471,1,1,1.00621240998208,0.997189172997822
load_25_to_75,B2 Augmented EKF,472,1,1,1.0061606398989,0.997218452445761
load_25_to_75,B2 Augmented EKF,473,1,1,1.00610930123307,0.997247426899451
load_25_to_75,B2 Augmented EKF,474,1,1,1.00605839038947,0.997276099535915
load_25_to_75,B2 Augmented EKF,475,1,1,1.00600790380289,0.997304473499083
load_25_to_75,B2 Augmented EKF,476,1,1,1.00595783793786,0.997332551900134
load_25_to_75,B2 Augmented EKF,477,1,1,1.00590818928838,0.997360337817841
load_25_to_75,B2 Augmented EKF,478,1,1,1.00585895437764,0.997387834298905
load_25_to_75,B2 Augmented EKF,479,1,1,1.00581012975783,0.997415044358291
load_25_to_75,B2 Augmented EKF,480,1,1,1.00576171200985,0.997441970979559
load_25_to_75,B2 Augmented EKF,481,1,1,1.0057136977431,0.997468617115189
load_25_to_75,B2 Augmented EKF,482,1,1,1.00566608359524,0.997494985686906
load_25_to_75,B2 Augmented EKF,483,1,1,1.00561886623195,0.997521079586
load_25_to_75,B2 Augmented EKF,484,1,1,1.00557204234668,0.997546901673646
load_25_to_75,B2 Augmented EKF,485,1,1,1.00552560866046,0.997572454781212
load_25_to_75,B2 Augmented EKF,486,1,1,1.00547956192162,0.997597741710575
load_25_to_75,B2 Augmented EKF,487,1,1,1.00543389890561,0.997622765234423
load_25_to_75,B2 Augmented EKF,488,1,1,1.00538861641473,0.997647528096564
load_25_to_75,B2 Augmented EKF,489,1,1,1.00534371127794,0.997672033012225
load_25_to_75,B2 Augmented EKF,490,1,1,1.00529918035062,0.997696282668348
load_25_to_75,B2 Augmented EKF,491,1,1,1.00525502051437,0.997720279723886
load_25_to_75,B2 Augmented EKF,492,1,1,1.00521122867675,0.997744026810095
load_25_to_75,B2 Augmented EKF,493,1,1,1.00516780177111,0.997767526530823
load_25_to_75,B2 Augmented EKF,494,1,1,1.00512473675635,0.997790781462794
load_25_to_75,B2 Augmented EKF,495,1,1,1.00508203061671,0.99781379415589
load_25_to_75,B2 Augmented EKF,496,1,1,1.00503968036157,0.997836567133433
load_25_to_75,B2 Augmented EKF,497,1,1,1.00499768302523,0.997859102892459
load_25_to_75,B2 Augmented EKF,498,1,1,1.00495603566668,0.997881403903996
load_25_to_75,B2 Augmented EKF,499,1,1,1.00491473536946,0.99790347261333
load_25_to_75,B2 Augmented EKF,500,1,1,1.00487377924138,0.997925311440274
load_25_to_75,B2 Augmented EKF,501,1,1,1.00483316441437,0.997946922779438
load_25_to_75,B2 Augmented EKF,502,1,1,1.00479288804425,0.997968309000486
load_25_to_75,B2 Augmented EKF,503,1,1,1.00475294731055,0.997989472448397
load_25_to_75,B2 Augmented EKF,504,1,1,1.00471333941629,0.998010415443726
load_25_to_75,B2 Augmented EKF,505,1,1,1.00467406158782,0.998031140282854
load_25_to_75,B2 Augmented EKF,506,1,1,1.00463511107459,0.998051649238241
load_25_to_75,B2 Augmented EKF,507,1,1,1.00459648514897,0.998071944558676
load_25_to_75,B2 Augmented EKF,508,1,1,1.00455818110606,0.998092028469523
load_25_to_75,B2 Augmented EKF,509,1,1,1.00452019626351,0.998111903172966
load_25_to_75,B2 Augmented EKF,510,1,1,1.00448252796132,0.998131570848247
load_25_to_75,B2 Augmented EKF,511,1,1,1.00444517356164,0.998151033651911
load_25_to_75,B2 Augmented EKF,512,1,1,1.00440813044863,0.998170293718037
load_25_to_75,B2 Augmented EKF,513,1,1,1.00437139602822,0.998189353158474
load_25_to_75,B2 Augmented EKF,514,1,1,1.00433496772799,0.998208214063074
load_25_to_75,B2 Augmented EKF,515,1,1,1.00429884299692,0.998226878499917
load_25_to_75,B2 Augmented EKF,516,1,1,1.00426301930528,0.998245348515542
load_25_to_75,B2 Augmented EKF,517,1,1,1.0042274941444,0.998263626135172
load_25_to_75,B2 Augmented EKF,518,1,1,1.00419226502653,0.998281713362931
load_25_to_75,B2 Augmented EKF,519,1,1,1.00415732948464,0.998299612182067
load_25_to_75,B2 Augmented EKF,520,1,1,1.00412268507227,0.998317324555171
load_25_to_75,B2 Augmented EKF,521,1,1,1.00408832936334,0.998334852424387
load_25_to_75,B2 Augmented EKF,522,1,1,1.00405425995197,0.998352197711633
load_25_to_75,B2 Augmented EKF,523,1,1,1.00402047445237,0.998369362318804
load_25_to_75,B2 Augmented EKF,524,1,1,1.0039869704986,0.998386348127983
load_25_to_75,B2 Augmented EKF,525,1,1,1.00395374574445,0.99840315700165
load_25_to_75,B2 Augmented EKF,526,1,1,1.00392079786325,0.998419790782883
load_25_to_75,B2 Augmented EKF,527,1,1,1.00388812454772,0.998436251295561
load_25_to_75,B2 Augmented EKF,528,1,1,1.00385572350982,0.998452540344566
load_25_to_75,B2 Augmented EKF,529,1,1,1.00382359248057,0.998468659715976
load_25_to_75,B2 Augmented EKF,530,1,1,1.0037917292099,0.998484611177268
load_25_to_75,B2 Augmented EKF,531,1,1,1.00376013146649,0.998500396477505
load_25_to_75,B2 Augmented EKF,532,1,1,1.0037287970376,0.998516017347531
load_25_to_75,B2 Augmented EKF,533,1,1,1.00369772372895,0.998531475500161
load_25_to_75,B2 Augmented EKF,534,1,1,1.00366690936454,0.998546772630368
load_25_to_75,B2 Augmented EKF,535,1,1,1.00363635178651,0.998561910415468
load_25_to_75,B2 Augmented EKF,536,1,1,1.00360604885495,0.998576890515307
load_25_to_75,B2 Augmented EKF,537,1,1,1.00357599844783,0.998591714572439
load_25_to_75,B2 Augmented EKF,538,1,1,1.00354619846076,0.99860638421231
load_25_to_75,B2 Augmented EKF,539,1,1,1.00351664680692,0.998620901043431
load_25_to_75,B2 Augmented EKF,540,1,1,1.00348734141686,0.998635266657562
load_25_to_75,B2 Augmented EKF,541,1,1,1.00345828023839,0.998649482629879
load_25_to_75,B2 Augmented EKF,542,1,1,1.0034294612364,0.998663550519151
load_25_to_75,B2 Augmented EKF,543,1,1,1.00340088239277,0.99867747186791
load_25_to_75,B2 Augmented EKF,544,1,1,1.00337254170616,0.998691248202619
load_25_to_75,B2 Augmented EKF,545,1,1,1.00334443719194,0.998704881033842
load_25_to_75,B2 Augmented EKF,546,1,1,1.00331656688201,0.998718371856406
load_25_to_75,B2 Augmented EKF,547,1,1,1.00328892882466,0.998731722149569
load_25_to_75,B2 Augmented EKF,548,1,1,1.00326152108445,0.998744933377177
load_25_to_75,B2 Augmented EKF,549,1,1,1.00323434174208,0.998758006987832
load_25_to_75,B2 Augmented EKF,550,1,1,1.00320738889423,0.998770944415042
load_25_to_75,B2 Augmented EKF,551,1,1,1.00318066065345,0.998783747077385
load_25_to_75,B2 Augmented EKF,552,1,1,1.003154155148,0.998796416378662
load_25_to_75,B2 Augmented EKF,553,1,1,1.00312787052177,0.998808953708051
load_25_to_75,B2 Augmented EKF,554,1,1,1.00310180493409,0.998821360440259
load_25_to_75,B2 Augmented EKF,555,1,1,1.00307595655964,0.998833637935673
load_25_to_75,B2 Augmented EKF,556,1,1,1.00305032358831,0.99884578754051
load_25_to_75,B2 Augmented EKF,557,1,1,1.00302490422507,0.998857810586963
load_25_to_75,B2 Augmented EKF,558,1,1,1.00299969668986,0.998869708393349
load_25_to_75,B2 Augmented EKF,559,1,1,1.00297469921745,0.998881482264251
load_25_to_75,B2 Augmented EKF,560,1,1,1.0029499100573,0.998893133490665
load_25_to_75,B2 Augmented EKF,561,1,1,1.00292532747349,0.998904663350137
load_25_to_75,B2 Augmented EKF,562,1,1,1.00290094974454,0.998916073106907
load_25_to_75,B2 Augmented EKF,563,1,1,1.00287677516334,0.998927364012043
load_25_to_75,B2 Augmented EKF,564,1,1,1.00285280203698,0.998938537303584
load_25_to_75,B2 Augmented EKF,565,1,1,1.00282902868667,0.998949594206672
load_25_to_75,B2 Augmented EKF,566,1,1,1.00280545344761,0.998960535933686
load_25_to_75,B2 Augmented EKF,567,1,1,1.00278207466888,0.998971363684377
load_25_to_75,B2 Augmented EKF,568,1,1,1.00275889071331,0.998982078645998
load_25_to_75,B2 Augmented EKF,569,1,1,1.00273589995737,0.998992681993435
load_25_to_75,B2 Augmented EKF,570,1,1,1.00271310079105,0.999003174889337
load_25_to_75,B2 Augmented EKF,571,1,1,1.0026904916178,0.99901355848424
load_25_to_75,B2 Augmented EKF,572,1,1,1.00266807085431,0.999023833916695
load_25_to_75,B2 Augmented EKF,573,1,1,1.00264583693053,0.999034002313397
load_25_to_75,B2 Augmented EKF,574,1,1,1.00262378828944,0.999044064789299
load_25_to_75,B2 Augmented EKF,575,1,1,1.00260192338703,0.999054022447743
load_25_to_75,B2 Augmented EKF,576,1,1,1.00258024069214,0.999063876380579
load_25_to_75,B2 Augmented EKF,577,1,1,1.00255873868637,0.999073627668282
load_25_to_75,B2 Augmented EKF,578,1,1,1.00253741586398,0.999083277380071
load_25_to_75,B2 Augmented EKF,579,1,1,1.00251627073178,0.999092826574028
load_25_to_75,B2 Augmented EKF,580,1,1,1.00249530180902,0.999102276297215
load_25_to_75,B2 Augmented EKF,581,1,1,1.00247450762728,0.999111627585786
load_25_to_75,B2 Augmented EKF,582,1,1,1.00245388673038,0.999120881465101
load_25_to_75,B2 Augmented EKF,583,1,1,1.0024334376743,0.999130038949839
load_25_to_75,B2 Augmented EKF,584,1,1,1.00241315902701,0.999139101044112
load_25_to_75,B2 Augmented EKF,585,1,1,1.00239304936845,0.999148068741569
load_25_to_75,B2 Augmented EKF,586,1,1,1.00237310729038,0.999156943025511
load_25_to_75,B2 Augmented EKF,587,1,1,1.00235333139629,0.999165724868995
load_25_to_75,B2 Augmented EKF,588,1,1,1.00233372030132,0.999174415234943
load_25_to_75,B2 Augmented EKF,589,1,1,1.00231427263215,0.999183015076246
load_25_to_75,B2 Augmented EKF,590,1,1,1.00229498702688,0.999191525335868
load_25_to_75,B2 Augmented EKF,591,1,1,1.00227586213499,0.999199946946953
load_25_to_75,B2 Augmented EKF,592,1,1,1.0022568966172,0.999208280832922
load_25_to_75,B2 Augmented EKF,593,1,1,1.00223808914539,0.999216527907579
load_25_to_75,B2 Augmented EKF,594,1,1,1.00221943840251,0.999224689075209
load_25_to_75,B2 Augmented EKF,595,1,1,1.00220094308249,0.999232765230675
load_25_to_75,B2 Augmented EKF,596,1,1,1.00218260189013,0.999240757259522
load_25_to_75,B2 Augmented EKF,597,1,1,1.00216441354105,0.999248666038069
load_25_to_75,B2 Augmented EKF,598,1,1,1.00214637676154,0.999256492433506
load_25_to_75,B2 Augmented EKF,599,1,1,1.00212849028853,0.99926423730399
load_25_to_75,B3 Dual EKF,0,1,1,1,1
load_25_to_75,B3 Dual EKF,1,1,1,1,1
load_25_to_75,B3 Dual EKF,2,1,1,1,1
load_25_to_75,B3 Dual EKF,3,1,1,1,1
load_25_to_75,B3 Dual EKF,4,1,1,1,1
load_25_to_75,B3 Dual EKF,5,1,1,1,1
load_25_to_75,B3 Dual EKF,6,1,1,1,1
load_25_to_75,B3 Dual EKF,7,1,1,1,1
load_25_to_75,B3 Dual EKF,8,1,1,1,1
load_25_to_75,B3 Dual EKF,9,1,1,1,1
load_25_to_75,B3 Dual EKF,10,1,1,1,1
load_25_to_75,B3 Dual EKF,11,1,1,1,1
load_25_to_75,B3 Dual EKF,12,1,1,1,1
load_25_to_75,B3 Dual EKF,13,1,1,1,1
load_25_to_75,B3 Dual EKF,14,1,1,1,1
load_25_to_75,B3 Dual EKF,15,1,1,1,1
load_25_to_75,B3 Dual EKF,16,1,1,1,1
load_25_to_75,B3 Dual EKF,17,1,1,1,1
load_25_to_75,B3 Dual EKF,18,1,1,1,1
load_25_to_75,B3 Dual EKF,19,1,1,1,1
load_25_to_75,B3 Dual EKF,20,1,1,1,1
load_25_to_75,B3 Dual EKF,21,1,1,1,1
load_25_to_75,B3 Dual EKF,22,1,1,1,1
load_25_to_75,B3 Dual EKF,23,1,1,1,1
load_25_to_75,B3 Dual EKF,24,1,1,1,1
load_25_to_75,B3 Dual EKF,25,1,1,1,1
load_25_to_75,B3 Dual EKF,26,1,1,1,1
load_25_to_75,B3 Dual EKF,27,1,1,1,1
load_25_to_75,B3 Dual EKF,28,1,1,1,1
load_25_to_75,B3 Dual EKF,29,1,1,1,1
load_25_to_75,B3 Dual EKF,30,1,1,1,1
load_25_to_75,B3 Dual EKF,31,1,1,1,1
load_25_to_75,B3 Dual EKF,32,1,1,1,1
load_25_to_75,B3 Dual EKF,33,1,1,1,1
load_25_to_75,B3 Dual EKF,34,1,1,1,1
load_25_to_75,B3 Dual EKF,35,1,1,1,1
load_25_to_75,B3 Dual EKF,36,1,1,1,1
load_25_to_75,B3 Dual EKF,37,1,1,1,1
load_25_to_75,B3 Dual EKF,38,1,1,1,1
load_25_to_75,B3 Dual EKF,39,1,1,1,1
load_25_to_75,B3 Dual EKF,40,1,1,1,1
load_25_to_75,B3 Dual EKF,41,1,1,1,1
load_25_to_75,B3 Dual EKF,42,1,1,1,1
load_25_to_75,B3 Dual EKF,43,1,1,1,1
load_25_to_75,B3 Dual EKF,44,1,1,1,1
load_25_to_75,B3 Dual EKF,45,1,1,1,1
load_25_to_75,B3 Dual EKF,46,1,1,1,1
load_25_to_75,B3 Dual EKF,47,1,1,1,1
load_25_to_75,B3 Dual EKF,48,1,1,1,1
load_25_to_75,B3 Dual EKF,49,1,1,1,1
load_25_to_75,B3 Dual EKF,50,1,1,1,1
load_25_to_75,B3 Dual EKF,51,1,1,1,1
load_25_to_75,B3 Dual EKF,52,1,1,1,1
load_25_to_75,B3 Dual EKF,53,1,1,1,1
load_25_to_75,B3 Dual EKF,54,1,1,1,1
load_25_to_75,B3 Dual EKF,55,1,1,1,1
load_25_to_75,B3 Dual EKF,56,1,1,1,1
load_25_to_75,B3 Dual EKF,57,1,1,1,1
load_25_to_75,B3 Dual EKF,58,1,1,1,1
load_25_to_75,B3 Dual EKF,59,1,1,1,1
load_25_to_75,B3 Dual EKF,60,1,1,1,1
load_25_to_75,B3 Dual EKF,61,1,1,1,1
load_25_to_75,B3 Dual EKF,62,1,1,1,1
load_25_to_75,B3 Dual EKF,63,1,1,1,1
load_25_to_75,B3 Dual EKF,64,1,1,1,1
load_25_to_75,B3 Dual EKF,65,1,1,1,1
load_25_to_75,B3 Dual EKF,66,1,1,1,1
load_25_to_75,B3 Dual EKF,67,1,1,1,1
load_25_to_75,B3 Dual EKF,68,1,1,1,1
load_25_to_75,B3 Dual EKF,69,1,1,1,1
load_25_to_75,B3 Dual EKF,70,1,1,1,1
load_25_to_75,B3 Dual EKF,71,1,1,1,1
load_25_to_75,B3 Dual EKF,72,1,1,1,1
load_25_to_75,B3 Dual EKF,73,1,1,1,1
load_25_to_75,B3 Dual EKF,74,1,1,1,1
load_25_to_75,B3 Dual EKF,75,1,1,1,1
load_25_to_75,B3 Dual EKF,76,1,1,1,1
load_25_to_75,B3 Dual EKF,77,1,1,1,1
load_25_to_75,B3 Dual EKF,78,1,1,1,1
load_25_to_75,B3 Dual EKF,79,1,1,1,1
load_25_to_75,B3 Dual EKF,80,1,1,1,1
load_25_to_75,B3 Dual EKF,81,1,1,1,1
load_25_to_75,B3 Dual EKF,82,1,1,1,1
load_25_to_75,B3 Dual EKF,83,1,1,1,1
load_25_to_75,B3 Dual EKF,84,1,1,1,1
load_25_to_75,B3 Dual EKF,85,1,1,1,1
load_25_to_75,B3 Dual EKF,86,1,1,1,1
load_25_to_75,B3 Dual EKF,87,1,1,1,1
load_25_to_75,B3 Dual EKF,88,1,1,1,1
load_25_to_75,B3 Dual EKF,89,1,1,1,1
load_25_to_75,B3 Dual EKF,90,1,1,1,1
load_25_to_75,B3 Dual EKF,91,1,1,1,1
load_25_to_75,B3 Dual EKF,92,1,1,1,1
load_25_to_75,B3 Dual EKF,93,1,1,1,1
load_25_to_75,B3 Dual EKF,94,1,1,1,1
load_25_to_75,B3 Dual EKF,95,1,1,1,1
load_25_to_75,B3 Dual EKF,96,1,1,1,1
load_25_to_75,B3 Dual EKF,97,1,1,1,1
load_25_to_75,B3 Dual EKF,98,1,1,1,1
load_25_to_75,B3 Dual EKF,99,1,1,1,1
load_25_to_75,B3 Dual EKF,100,1,1,1,1
load_25_to_75,B3 Dual EKF,101,1,1,1,1
load_25_to_75,B3 Dual EKF,102,1,1,1,1
load_25_to_75,B3 Dual EKF,103,1,1,1,1
load_25_to_75,B3 Dual EKF,104,1,1,1,1
load_25_to_75,B3 Dual EKF,105,1,1,1,1
load_25_to_75,B3 Dual EKF,106,1,1,1,1
load_25_to_75,B3 Dual EKF,107,1,1,1,1
load_25_to_75,B3 Dual EKF,108,1,1,1,1
load_25_to_75,B3 Dual EKF,109,1,1,1,1
load_25_to_75,B3 Dual EKF,110,1,1,1,1
load_25_to_75,B3 Dual EKF,111,1,1,1,1
load_25_to_75,B3 Dual EKF,112,1,1,1,1
load_25_to_75,B3 Dual EKF,113,1,1,1,1
load_25_to_75,B3 Dual EKF,114,1,1,1,1
load_25_to_75,B3 Dual EKF,115,1,1,1,1
load_25_to_75,B3 Dual EKF,116,1,1,1,1
load_25_to_75,B3 Dual EKF,117,1,1,1,1
load_25_to_75,B3 Dual EKF,118,1,1,1,1
load_25_to_75,B3 Dual EKF,119,1,1,1,1
load_25_to_75,B3 Dual EKF,120,1,1,1,1
load_25_to_75,B3 Dual EKF,121,1,1,1,1
load_25_to_75,B3 Dual EKF,122,1,1,1,1
load_25_to_75,B3 Dual EKF,123,1,1,1,1
load_25_to_75,B3 Dual EKF,124,1,1,1,1
load_25_to_75,B3 Dual EKF,125,1,1,1,1
load_25_to_75,B3 Dual EKF,126,1,1,1,1
load_25_to_75,B3 Dual EKF,127,1,1,1,1
load_25_to_75,B3 Dual EKF,128,1,1,1,1
load_25_to_75,B3 Dual EKF,129,1,1,1,1
load_25_to_75,B3 Dual EKF,130,1,1,1,1
load_25_to_75,B3 Dual EKF,131,1,1,1,1
load_25_to_75,B3 Dual EKF,132,1,1,1,1
load_25_to_75,B3 Dual EKF,133,1,1,1,1
load_25_to_75,B3 Dual EKF,134,1,1,1,1
load_25_to_75,B3 Dual EKF,135,1,1,1,1
load_25_to_75,B3 Dual EKF,136,1,1,1,1
load_25_to_75,B3 Dual EKF,137,1,1,1,1
load_25_to_75,B3 Dual EKF,138,1,1,1,1
load_25_to_75,B3 Dual EKF,139,1,1,1,1
load_25_to_75,B3 Dual EKF,140,1,1,1,1
load_25_to_75,B3 Dual EKF,141,1,1,1,1
load_25_to_75,B3 Dual EKF,142,1,1,1,1
load_25_to_75,B3 Dual EKF,143,1,1,1,1
load_25_to_75,B3 Dual EKF,144,1,1,1,1
load_25_to_75,B3 Dual EKF,145,1,1,1,1
load_25_to_75,B3 Dual EKF,146,1,1,1,1
load_25_to_75,B3 Dual EKF,147,1,1,1,1
load_25_to_75,B3 Dual EKF,148,1,1,1,1
load_25_to_75,B3 Dual EKF,149,1,1,1,1
load_25_to_75,B3 Dual EKF,150,1,1,1,1
load_25_to_75,B3 Dual EKF,151,1,1,1,1
load_25_to_75,B3 Dual EKF,152,1,1,1,1
load_25_to_75,B3 Dual EKF,153,1,1,1,1
load_25_to_75,B3 Dual EKF,154,1,1,1,1
load_25_to_75,B3 Dual EKF,155,1,1,1,1
load_25_to_75,B3 Dual EKF,156,1,1,1,1
load_25_to_75,B3 Dual EKF,157,1,1,1,1
load_25_to_75,B3 Dual EKF,158,1,1,1,1
load_25_to_75,B3 Dual EKF,159,1,1,1,1
load_25_to_75,B3 Dual EKF,160,1,1,1,1
load_25_to_75,B3 Dual EKF,161,1,1,1,1
load_25_to_75,B3 Dual EKF,162,1,1,1,1
load_25_to_75,B3 Dual EKF,163,1,1,1,1
load_25_to_75,B3 Dual EKF,164,1,1,1,1
load_25_to_75,B3 Dual EKF,165,1,1,1,1
load_25_to_75,B3 Dual EKF,166,1,1,1,1
load_25_to_75,B3 Dual EKF,167,1,1,1,1
load_25_to_75,B3 Dual EKF,168,1,1,1,1
load_25_to_75,B3 Dual EKF,169,1,1,1,1
load_25_to_75,B3 Dual EKF,170,1,1,1,1
load_25_to_75,B3 Dual EKF,171,1,1,1,1
load_25_to_75,B3 Dual EKF,172,1,1,1,1
load_25_to_75,B3 Dual EKF,173,1,1,1,1
load_25_to_75,B3 Dual EKF,174,1,1,1,1
load_25_to_75,B3 Dual EKF,175,1,1,1,1
load_25_to_75,B3 Dual EKF,176,1,1,1,1
load_25_to_75,B3 Dual EKF,177,1,1,1,1
load_25_to_75,B3 Dual EKF,178,1,1,1,1
load_25_to_75,B3 Dual EKF,179,1,1,1,1
load_25_to_75,B3 Dual EKF,180,1,1,1,1
load_25_to_75,B3 Dual EKF,181,1,1,1,1
load_25_to_75,B3 Dual EKF,182,1,1,1,1
load_25_to_75,B3 Dual EKF,183,1,1,1,1
load_25_to_75,B3 Dual EKF,184,1,1,1,1
load_25_to_75,B3 Dual EKF,185,1,1,1,1
load_25_to_75,B3 Dual EKF,186,1,1,1,1
load_25_to_75,B3 Dual EKF,187,1,1,1,1
load_25_to_75,B3 Dual EKF,188,1,1,1,1
load_25_to_75,B3 Dual EKF,189,1,1,1,1
load_25_to_75,B3 Dual EKF,190,1,1,1,1
load_25_to_75,B3 Dual EKF,191,1,1,1,1
load_25_to_75,B3 Dual EKF,192,1,1,1,1
load_25_to_75,B3 Dual EKF,193,1,1,1,1
load_25_to_75,B3 Dual EKF,194,1,1,1,1
load_25_to_75,B3 Dual EKF,195,1,1,1,1
load_25_to_75,B3 Dual EKF,196,1,1,1,1
load_25_to_75,B3 Dual EKF,197,1,1,1,1
load_25_to_75,B3 Dual EKF,198,1,1,1,1
load_25_to_75,B3 Dual EKF,199,1,1,1,1
load_25_to_75,B3 Dual EKF,200,1,1,1.0425,0.966
load_25_to_75,B3 Dual EKF,201,1,1,1.04203804347826,0.966461956521739
load_25_to_75,B3 Dual EKF,202,1,1,1.04158110822306,0.966917636460302
load_25_to_75,B3 Dual EKF,203,1,1,1.04112913965542,0.967367125095353
load_25_to_75,B3 Dual EKF,204,1,1,1.0406820837896,0.967810506547861
load_25_to_75,B3 Dual EKF,205,1,1,1.04023988722667,0.968247863795852
load_25_to_75,B3 Dual EKF,206,1,1,1.03980249714812,0.96867927868993
load_25_to_75,B3 Dual EKF,207,1,1,1.03936986130955,0.9691048319686
load_25_to_75,B3 Dual EKF,208,1,1,1.03894192803445,0.969524603273374
load_25_to_75,B3 Dual EKF,209,1,1,1.03851864620799,0.969938671163682
load_25_to_75,B3 Dual EKF,210,1,1,1.03809996527094,0.970347113131567
load_25_to_75,B3 Dual EKF,211,1,1,1.03768583521365,0.970750005616192
load_25_to_75,B3 Dual EKF,212,1,1,1.03727620657002,0.971147424018146
load_25_to_75,B3 Dual EKF,213,1,1,1.03687103041165,0.971539442713552
load_25_to_75,B3 Dual EKF,214,1,1,1.03647025834196,0.971926135067987
load_25_to_75,B3 Dual EKF,215,1,1,1.03607384249042,0.972307573450215
load_25_to_75,B3 Dual EKF,216,1,1,1.03568173550683,0.972683829245729
load_25_to_75,B3 Dual EKF,217,1,1,1.03529389055567,0.973054972870108
load_25_to_75,B3 Dual EKF,218,1,1,1.0349102613105,0.973421073782198
load_25_to_75,B3 Dual EKF,219,1,1,1.03453080194843,0.973782200497114
load_25_to_75,B3 Dual EKF,220,1,1,1.03415546714464,0.974138420599056
load_25_to_75,B3 Dual EKF,221,1,1,1.03378421206698,0.97448980075396
load_25_to_75,B3 Dual EKF,222,1,1,1.0334169923706,0.974836406721976
load_25_to_75,B3 Dual EKF,223,1,1,1.03305376419266,0.975178303369776
load_25_to_75,B3 Dual EKF,224,1,1,1.03269448414709,0.975515554682686
load_25_to_75,B3 Dual EKF,225,1,1,1.0323391093194,0.975848223776672
load_25_to_75,B3 Dual EKF,226,1,1,1.03198759726158,0.976176372910141
load_25_to_75,B3 Dual EKF,227,1,1,1.031639905987,0.976500063495601
load_25_to_75,B3 Dual EKF,228,1,1,1.0312959939654,0.97681935611115
load_25_to_75,B3 Dual EKF,229,1,1,1.03095582011795,0.977134310511813
load_25_to_75,B3 Dual EKF,230,1,1,1.03061934381232,0.977444985640729
load_25_to_75,B3 Dual EKF,231,1,1,1.03028652485784,0.977751439640176
load_25_to_75,B3 Dual EKF,232,1,1,1.02995732350069,0.978053729862456
load_25_to_75,B3 Dual EKF,233,1,1,1.02963170041916,0.978351912880629
load_25_to_75,B3 Dual EKF,234,1,1,1.02930961671895,0.978646044499099
load_25_to_75,B3 Dual EKF,235,1,1,1.02899103392853,0.978936179764057
load_25_to_75,B3 Dual EKF,236,1,1,1.02867591399452,0.979222372973784
load_25_to_75,B3 Dual EKF,237,1,1,1.02836421927719,0.979504677688814
load_25_to_75,B3 Dual EKF,238,1,1,1.02805591254592,0.979783146741955
load_25_to_75,B3 Dual EKF,239,1,1,1.02775095697477,0.980057832248179
load_25_to_75,B3 Dual EKF,240,1,1,1.02744931613808,0.980328785614372
load_25_to_75,B3 Dual EKF,241,1,1,1.02715095400615,0.980596057548959
load_25_to_75,B3 Dual EKF,242,1,1,1.02685583494086,0.980859698071392
load_25_to_75,B3 Dual EKF,243,1,1,1.02656392369151,0.981119756521509
load_25_to_75,B3 Dual EKF,244,1,1,1.02627518539051,0.981376281568771
load_25_to_75,B3 Dual EKF,245,1,1,1.02598958554931,0.981629321221369
load_25_to_75,B3 Dual EKF,246,1,1,1.02570709005421,0.981878922835209
load_25_to_75,B3 Dual EKF,247,1,1,1.02542766516232,0.982125133122774
load_25_to_75,B3 Dual EKF,248,1,1,1.02515127749751,0.982367998161867
load_25_to_75,B3 Dual EKF,249,1,1,1.02487789404645,0.982607563404233
load_25_to_75,B3 Dual EKF,250,1,1,1.02460748215464,0.982843873684067
load_25_to_75,B3 Dual EKF,251,1,1,1.02434000952252,0.983076973226403
load_25_to_75,B3 Dual EKF,252,1,1,1.02407544420163,0.983306905655392
load_25_to_75,B3 Dual EKF,253,1,1,1.02381375459074,0.983533714002466
load_25_to_75,B3 Dual EKF,254,1,1,1.02355490943214,0.983757440714389
load_25_to_75,B3 Dual EKF,255,1,1,1.02329887780788,0.983978127661204
load_25_to_75,B3 Dual EKF,256,1,1,1.02304562913606,0.984195816144068
load_25_to_75,B3 Dual EKF,257,1,1,1.02279513316719,0.98441054690298
load_25_to_75,B3 Dual EKF,258,1,1,1.02254735998059,0.984622360124407
load_25_to_75,B3 Dual EKF,259,1,1,1.0223022799808,0.984831295448804
load_25_to_75,B3 Dual EKF,260,1,1,1.02205986389405,0.985037391978032
load_25_to_75,B3 Dual EKF,261,1,1,1.02182008276477,0.985240688282678
load_25_to_75,B3 Dual EKF,262,1,1,1.02158290795211,0.985441222409272
load_25_to_75,B3 Dual EKF,263,1,1,1.02134831112654,0.985639031887407
load_25_to_75,B3 Dual EKF,264,1,1,1.02111626426647,0.985834153736763
load_25_to_75,B3 Dual EKF,265,1,1,1.02088673965488,0.986026624474035
load_25_to_75,B3 Dual EKF,266,1,1,1.02065970987602,0.986216480119769
load_25_to_75,B3 Dual EKF,267,1,1,1.02043514781215,0.986403756205098
load_25_to_75,B3 Dual EKF,268,1,1,1.02021302664028,0.986588487778398
load_25_to_75,B3 Dual EKF,269,1,1,1.01999331982897,0.986770709411844
load_25_to_75,B3 Dual EKF,270,1,1,1.01977600113518,0.986950455207879
load_25_to_75,B3 Dual EKF,271,1,1,1.0195610446011,0.987127758805598
load_25_to_75,B3 Dual EKF,272,1,1,1.01934842455109,0.987302653387043
load_25_to_75,B3 Dual EKF,273,1,1,1.01913811558858,0.987475171683415
load_25_to_75,B3 Dual EKF,274,1,1,1.01893009259305,0.987645345981195
load_25_to_75,B3 Dual EKF,275,1,1,1.01872433071704,0.987813208128189
load_25_to_75,B3 Dual EKF,276,1,1,1.01852080538316,0.987978789539491
load_25_to_75,B3 Dual EKF,277,1,1,1.01831949228116,0.988142121203357
load_25_to_75,B3 Dual EKF,278,1,1,1.01812036736507,0.988303233687007
load_25_to_75,B3 Dual EKF,279,1,1,1.01792340685023,0.988462157142346
load_25_to_75,B3 Dual EKF,280,1,1,1.01772858721055,0.988618921311608
load_25_to_75,B3 Dual EKF,281,1,1,1.01753588517565,0.988773555532918
load_25_to_75,B3 Dual EKF,282,1,1,1.01734527772809,0.988926088745786
load_25_to_75,B3 Dual EKF,283,1,1,1.01715674210061,0.989076549496522
load_25_to_75,B3 Dual EKF,284,1,1,1.01697025577343,0.98922496594358
load_25_to_75,B3 Dual EKF,285,1,1,1.01678579647155,0.989371365862825
load_25_to_75,B3 Dual EKF,286,1,1,1.01660334216207,0.989515776652732
load_25_to_75,B3 Dual EKF,287,1,1,1.01642287105162,0.989658225339516
load_25_to_75,B3 Dual EKF,288,1,1,1.01624436158366,0.989798738582185
load_25_to_75,B3 Dual EKF,289,1,1,1.01606779243602,0.989937342677536
load_25_to_75,B3 Dual EKF,290,1,1,1.01589314251823,0.99007406356507
load_25_to_75,B3 Dual EKF,291,1,1,1.01572039096912,0.990208926831849
load_25_to_75,B3 Dual EKF,292,1,1,1.01554951715424,0.990341957717285
load_25_to_75,B3 Dual EKF,293,1,1,1.01538050066343,0.990473181117866
load_25_to_75,B3 Dual EKF,294,1,1,1.0152133213084,0.990602621591808
load_25_to_75,B3 Dual EKF,295,1,1,1.01504795912026,0.990730303363658
load_25_to_75,B3 Dual EKF,296,1,1,1.01488439434721,0.990856250328826
load_25_to_75,B3 Dual EKF,297,1,1,1.01472260745214,0.990980486058054
load_25_to_75,B3 Dual EKF,298,1,1,1.01456257911027,0.99110303380183
load_25_to_75,B3 Dual EKF,299,1,1,1.01440429020689,0.99122391649474
load_25_to_75,B3 Dual EKF,300,1,1,1.01424772183508,0.991343156759757
load_25_to_75,B3 Dual EKF,301,1,1,1.01409285529339,0.991460776912478
load_25_to_75,B3 Dual EKF,302,1,1,1.01393967208368,0.991576798965297
load_25_to_75,B3 Dual EKF,303,1,1,1.01378815390886,0.99169124463153
load_25_to_75,B3 Dual EKF,304,1,1,1.01363828267072,0.991804135329471
load_25_to_75,B3 Dual EKF,305,1,1,1.01349004046778,0.991915492186408
load_25_to_75,B3 Dual EKF,306,1,1,1.01334340959313,0.99202533604257
load_25_to_75,B3 Dual EKF,307,1,1,1.01319837253233,0.992133687455036
load_25_to_75,B3 Dual EKF,308,1,1,1.01305491196133,0.99224056670157
load_25_to_75,B3 Dual EKF,309,1,1,1.01291301074436,0.99234599378443
load_25_to_75,B3 Dual EKF,310,1,1,1.01277265193192,0.992449988434098
load_25_to_75,B3 Dual EKF,311,1,1,1.01263381875875,0.992552570112982
load_25_to_75,B3 Dual EKF,312,1,1,1.0124964946418,0.992653758019056
load_25_to_75,B3 Dual EKF,313,1,1,1.01236066317831,0.992753571089449
load_25_to_75,B3 Dual EKF,314,1,1,1.01222630814376,0.992852028003995
load_25_to_75,B3 Dual EKF,315,1,1,1.01209341349002,0.992949147188723
load_25_to_75,B3 Dual EKF,316,1,1,1.01196196334339,0.993044946819311
load_25_to_75,B3 Dual EKF,317,1,1,1.0118319420027,0.993139444824483
load_25_to_75,B3 Dual EKF,318,1,1,1.01170333393746,0.993232658889368
load_25_to_75,B3 Dual EKF,319,1,1,1.01157612378596,0.993324606458806
load_25_to_75,B3 Dual EKF,320,1,1,1.01145029635351,0.993415304740616
load_25_to_75,B3 Dual EKF,321,1,1,1.01132583661053,0.993504770708814
load_25_to_75,B3 Dual EKF,322,1,1,1.01120272969085,0.993593021106792
load_25_to_75,B3 Dual EKF,323,1,1,1.01108096088987,0.99368007245045
load_25_to_75,B3 Dual EKF,324,1,1,1.0109605156628,0.993765941031286
load_25_to_75,B3 Dual EKF,325,1,1,1.01084137962299,0.993850642919448
load_25_to_75,B3 Dual EKF,326,1,1,1.01072353854013,0.993934193966738
load_25_to_75,B3 Dual EKF,327,1,1,1.01060697833861,0.994016609809581
load_25_to_75,B3 Dual EKF,328,1,1,1.0104916850958,0.994097905871951
load_25_to_75,B3 Dual EKF,329,1,1,1.01037764504041,0.994178097368256
load_25_to_75,B3 Dual EKF,330,1,1,1.01026484455084,0.994257199306187
load_25_to_75,B3 Dual EKF,331,1,1,1.01015327015355,0.994335226489527
load_25_to_75,B3 Dual EKF,332,1,1,1.01004290852144,0.994412193520919
load_25_to_75,B3 Dual EKF,333,1,1,1.0099337464723,0.994488114804603
load_25_to_75,B3 Dual EKF,334,1,1,1.00982577096716,0.994563004549105
load_25_to_75,B3 Dual EKF,335,1,1,1.00971896910882,0.994636876769905
load_25_to_75,B3 Dual EKF,336,1,1,1.00961332814025,0.994709745292053
load_25_to_75,B3 Dual EKF,337,1,1,1.00950883544307,0.994781623752759
load_25_to_75,B3 Dual EKF,338,1,1,1.00940547853608,0.994852525603945
load_25_to_75,B3 Dual EKF,339,1,1,1.00930324507373,0.99492246411476
load_25_to_75,B3 Dual EKF,340,1,1,1.00920212284467,0.994991452374071
load_25_to_75,B3 Dual EKF,341,1,1,1.00910209977027,0.995059503292901
load_25_to_75,B3 Dual EKF,342,1,1,1.0090031639032,0.995126629606856
load_25_to_75,B3 Dual EKF,343,1,1,1.008905303426,0.995192843878502
load_25_to_75,B3 Dual EKF,344,1,1,1.00880850664963,0.995258158499718
load_25_to_75,B3 Dual EKF,345,1,1,1.00871276201213,0.995322585694016
load_25_to_75,B3 Dual EKF,346,1,1,1.00861805807722,0.995386137518825
load_25_to_75,B3 Dual EKF,347,1,1,1.0085243835329,0.995448825867754
load_25_to_75,B3 Dual EKF,348,1,1,1.00843172719015,0.995510662472812
load_25_to_75,B3 Dual EKF,349,1,1,1.00834007798156,0.995571658906605
load_25_to_75,B3 Dual EKF,350,1,1,1.00824942496002,0.995631826584505
load_25_to_75,B3 Dual EKF,351,1,1,1.00815975729741,0.99569117676678
load_25_to_75,B3 Dual EKF,352,1,1,1.00807106428331,0.99574972056071
load_25_to_75,B3 Dual EKF,353,1,1,1.00798333532371,0.995807468922657
load_25_to_75,B3 Dual EKF,354,1,1,1.00789655993976,0.995864432660121
load_25_to_75,B3 Dual EKF,355,1,1,1.0078107277665,0.99592062243376
load_25_to_75,B3 Dual EKF,356,1,1,1.00772582855165,0.995976048759389
load_25_to_75,B3 Dual EKF,357,1,1,1.00764185215434,0.99603072200994
load_25_to_75,B3 Dual EKF,358,1,1,1.00755878854397,0.996084652417414
load_25_to_75,B3 Dual EKF,359,1,1,1.00747662779893,0.996137850074786
load_25_to_75,B3 Dual EKF,360,1,1,1.00739536010546,0.9961903249379
load_25_to_75,B3 Dual EKF,361,1,1,1.00731497575649,0.996242086827331
load_25_to_75,B3 Dual EKF,362,1,1,1.00723546515044,0.996293145430221
load_25_to_75,B3 Dual EKF,363,1,1,1.00715681879011,0.996343510302093
load_25_to_75,B3 Dual EKF,364,1,1,1.00707902728152,0.99639319086864
load_25_to_75,B3 Dual EKF,365,1,1,1.00700208133281,0.99644219642749
load_25_to_75,B3 Dual EKF,366,1,1,1.0069259717531,0.996490536149943
load_25_to_75,B3 Dual EKF,367,1,1,1.00685068945144,0.996538219082688
load_25_to_75,B3 Dual EKF,368,1,1,1.00677622543566,0.9965852541495
load_25_to_75,B3 Dual EKF,369,1,1,1.00670257081136,0.996631650152903
load_25_to_75,B3 Dual EKF,370,1,1,1.00662971678081,0.996677415775826
load_25_to_75,B3 Dual EKF,371,1,1,1.00655765464188,0.996722559583219
load_25_to_75,B3 Dual EKF,372,1,1,1.00648637578708,0.996767090023665
load_25_to_75,B3 Dual EKF,373,1,1,1.00641587170244,0.996811015430952
load_25_to_75,B3 Dual EKF,374,1,1,1.00634613396654,0.99685434402564
load_25_to_75,B3 Dual EKF,375,1,1,1.00627715424951,0.996897083916596
load_25_to_75,B3 Dual EKF,376,1,1,1.00620892431202,0.996939243102512
load_25_to_75,B3 Dual EKF,377,1,1,1.00614143600428,0.996980829473401
load_25_to_75,B3 Dual EKF,378,1,1,1.0060746812651,0.997021850812078
load_25_to_75,B3 Dual EKF,379,1,1,1.00600865212092,0.997062314795609
load_25_to_75,B3 Dual EKF,380,1,1,1.00594334068482,0.997102228996756
load_25_to_75,B3 Dual EKF,381,1,1,1.00587873915564,0.997141600885387
load_25_to_75,B3 Dual EKF,382,1,1,1.00581483981699,0.997180437829879
load_25_to_75,B3 Dual EKF,383,1,1,1.00575163503637,0.997218747098495
load_25_to_75,B3 Dual EKF,384,1,1,1.00568911726424,0.997256535860744
load_25_to_75,B3 Dual EKF,385,1,1,1.0056272790331,0.997293811188723
load_25_to_75,B3 Dual EKF,386,1,1,1.00556611295666,0.997330580058441
load_25_to_75,B3 Dual EKF,387,1,1,1.00550561172887,0.997366849351125
load_25_to_75,B3 Dual EKF,388,1,1,1.00544576812312,0.997402625854507
load_25_to_75,B3 Dual EKF,389,1,1,1.00538657499134,0.997437916264092
load_25_to_75,B3 Dual EKF,390,1,1,1.00532802526318,0.997472727184417
load_25_to_75,B3 Dual EKF,391,1,1,1.0052701119451,0.997507065130281
load_25_to_75,B3 Dual EKF,392,1,1,1.00521282811961,0.997540936527967
load_25_to_75,B3 Dual EKF,393,1,1,1.0051561669444,0.997574347716446
load_25_to_75,B3 Dual EKF,394,1,1,1.00510012165152,0.99760730494856
load_25_to_75,B3 Dual EKF,395,1,1,1.00504468554661,0.997639814392193
load_25_to_75,B3 Dual EKF,396,1,1,1.00498985200806,0.99767188213143
load_25_to_75,B3 Dual EKF,397,1,1,1.00493561448624,0.997703514167688
load_25_to_75,B3 Dual EKF,398,1,1,1.00488196650269,0.997734716420844
load_25_to_75,B3 Dual EKF,399,1,1,1.0048289016494,0.997765494730343
load_25_to_75,B3 Dual EKF,400,1,1,1.00477641358799,0.99779585485629
load_25_to_75,B3 Dual EKF,401,1,1,1.00472449604899,0.997825802480525
load_25_to_75,B3 Dual EKF,402,1,1,1.00467314283107,0.997855343207692
load_25_to_75,B3 Dual EKF,403,1,1,1.0046223478003,0.997884482566283
load_25_to_75,B3 Dual EKF,404,1,1,1.00457210488943,0.997913226009676
load_25_to_75,B3 Dual EKF,405,1,1,1.00452240809715,0.997941578917153
load_25_to_75,B3 Dual EKF,406,1,1,1.0044732514874,0.997969546594909
load_25_to_75,B3 Dual EKF,407,1,1,1.00442462918862,0.997997134277044
load_25_to_75,B3 Dual EKF,408,1,1,1.00437653539309,0.99802434712654
load_25_to_75,B3 Dual EKF,409,1,1,1.00432896435621,0.998051190236234
load_25_to_75,B3 Dual EKF,410,1,1,1.00428191039582,0.998077668629763
load_25_to_75,B3 Dual EKF,411,1,1,1.00423536789152,0.998103787262511
load_25_to_75,B3 Dual EKF,412,1,1,1.004189331284,0.998129551022531
load_25_to_75,B3 Dual EKF,413,1,1,1.00414379507439,0.998154964731464
load_25_to_75,B3 Dual EKF,414,1,1,1.00409875382358,0.998180033145439
load_25_to_75,B3 Dual EKF,415,1,1,1.00405420215159,0.998204760955963
load_25_to_75,B3 Dual EKF,416,1,1,1.0040101347369,0.9982291527908
load_25_to_75,B3 Dual EKF,417,1,1,1.00396654631584,0.998253213214838
load_25_to_75,B3 Dual EKF,418,1,1,1.00392343168197,0.998276946730941
load_25_to_75,B3 Dual EKF,419,1,1,1.00388078568543,0.998300357780793
load_25_to_75,B3 Dual EKF,420,1,1,1.00383860323233,0.998323450745727
load_25_to_75,B3 Dual EKF,421,1,1,1.00379687928415,0.998346229947552
load_25_to_75,B3 Dual EKF,422,1,1,1.00375560885715,0.998368699649351
load_25_to_75,B3 Dual EKF,423,1,1,1.00371478702175,0.998390864056289
load_25_to_75,B3 Dual EKF,424,1,1,1.00367440890194,0.998412727316394
load_25_to_75,B3 Dual EKF,425,1,1,1.00363446967475,0.998434293521335
load_25_to_75,B3 Dual EKF,426,1,1,1.00359496456959,0.998455566707186
load_25_to_75,B3 Dual EKF,427,1,1,1.00355588886775,0.998476550855186
load_25_to_75,B3 Dual EKF,428,1,1,1.00351723790179,0.99849724989248
load_25_to_75,B3 Dual EKF,429,1,1,1.00347900705503,0.998517667692854
load_25_to_75,B3 Dual EKF,430,1,1,1.00344119176096,0.998537808077462
load_25_to_75,B3 Dual EKF,431,1,1,1.00340378750268,0.99855767481554
load_25_to_75,B3 Dual EKF,432,1,1,1.00336678981244,0.998577271625111
load_25_to_75,B3 Dual EKF,433,1,1,1.003330194271,0.998596602173683
load_25_to_75,B3 Dual EKF,434,1,1,1.00329399650718,0.998615670078932
load_25_to_75,B3 Dual EKF,435,1,1,1.00325819219732,0.998634478909381
load_25_to_75,B3 Dual EKF,436,1,1,1.00322277706474,0.998653032185069
load_25_to_75,B3 Dual EKF,437,1,1,1.00318774687926,0.998671333378206
load_25_to_75,B3 Dual EKF,438,1,1,1.00315309745666,0.998689385913828
load_25_to_75,B3 Dual EKF,439,1,1,1.00311882465821,0.998707193170434
load_25_to_75,B3 Dual EKF,440,1,1,1.00308492439019,0.998724758480618
load_25_to_75,B3 Dual EKF,441,1,1,1.00305139260334,0.998742085131697
load_25_to_75,B3 Dual EKF,442,1,1,1.00301822529243,0.998759176366321
load_25_to_75,B3 Dual EKF,443,1,1,1.00298541849578,0.998776035383083
load_25_to_75,B3 Dual EKF,444,1,1,1.00295296829474,0.998792665337117
load_25_to_75,B3 Dual EKF,445,1,1,1.00292087081327,0.998809069340689
load_25_to_75,B3 Dual EKF,446,1,1,1.00288912221748,0.998825250463777
load_25_to_75,B3 Dual EKF,447,1,1,1.00285771871511,0.99884121173465
load_25_to_75,B3 Dual EKF,448,1,1,1.00282665655516,0.998856956140429
load_25_to_75,B3 Dual EKF,449,1,1,1.00279593202739,0.998872486627651
load_25_to_75,B3 Dual EKF,450,1,1,1.00276554146188,0.998887806102819
load_25_to_75,B3 Dual EKF,451,1,1,1.00273548122859,0.998902917432944
load_25_to_75,B3 Dual EKF,452,1,1,1.00270574773698,0.998917823446083
load_25_to_75,B3 Dual EKF,453,1,1,1.00267633743549,0.99893252693187
load_25_to_75,B3 Dual EKF,454,1,1,1.00264724681119,0.998947030642035
load_25_to_75,B3 Dual EKF,455,1,1,1.00261847238933,0.99896133729092
load_25_to_75,B3 Dual EKF,456,1,1,1.00259001073293,0.998975449555989
load_25_to_75,B3 Dual EKF,457,1,1,1.00256185844235,0.998989370078326
load_25_to_75,B3 Dual EKF,458,1,1,1.00253401215493,0.999003101463132
load_25_to_75,B3 Dual EKF,459,1,1,1.00250646854455,0.999016646280209
load_25_to_75,B3 Dual EKF,460,1,1,1.00247922432124,0.999030007064445
load_25_to_75,B3 Dual EKF,461,1,1,1.0024522762308,0.999043186316287
load_25_to_75,B3 Dual EKF,462,1,1,1.00242562105437,0.999056186502207
load_25_to_75,B3 Dual EKF,463,1,1,1.00239925560813,0.999069010055166
load_25_to_75,B3 Dual EKF,464,1,1,1.00237317674282,0.999081659375068
load_25_to_75,B3 Dual EKF,465,1,1,1.00234738134345,0.999094136829212
load_25_to_75,B3 Dual EKF,466,1,1,1.00232186632884,0.999106444752728
load_25_to_75,B3 Dual EKF,467,1,1,1.00229662865136,0.999118585449022
load_25_to_75,B3 Dual EKF,468,1,1,1.00227166529645,0.999130561190204
load_25_to_75,B3 Dual EKF,469,1,1,1.00224697328236,0.999142374217511
load_25_to_75,B3 Dual EKF,470,1,1,1.00222254965972,0.99915402674173
load_25_to_75,B3 Dual EKF,471,1,1,1.00219839151125,0.999165520943608
load_25_to_75,B3 Dual EKF,472,1,1,1.00217449595134,0.999176858974266
load_25_to_75,B3 Dual EKF,473,1,1,1.00215086012579,0.999188042955594
load_25_to_75,B3 Dual EKF,474,1,1,1.00212748121138,0.999199074980654
load_25_to_75,B3 Dual EKF,475,1,1,1.0021043564156,0.999209957114069
load_25_to_75,B3 Dual EKF,476,1,1,1.0020814829763,0.99922069139241
load_25_to_75,B3 Dual EKF,477,1,1,1.00205885816134,0.999231279824578
load_25_to_75,B3 Dual EKF,478,1,1,1.00203647926828,0.999241724392179
load_25_to_75,B3 Dual EKF,479,1,1,1.00201434362406,0.999252027049894
load_25_to_75,B3 Dual EKF,480,1,1,1.00199244858467,0.999262189725847
load_25_to_75,B3 Dual EKF,481,1,1,1.00197079153484,0.999272214321963
load_25_to_75,B3 Dual EKF,482,1,1,1.00194936988772,0.999282102714327
load_25_to_75,B3 Dual EKF,483,1,1,1.00192818108459,0.999291856753535
load_25_to_75,B3 Dual EKF,484,1,1,1.00190722259454,0.999301478265036
load_25_to_75,B3 Dual EKF,485,1,1,1.00188649191417,0.999310969049478
load_25_to_75,B3 Dual EKF,486,1,1,1.00186598656727,0.999320330883045
load_25_to_75,B3 Dual EKF,487,1,1,1.00184570410458,0.999329565517787
load_25_to_75,B3 Dual EKF,488,1,1,1.00182564210345,0.999338674681947
load_25_to_75,B3 Dual EKF,489,1,1,1.00180579816754,0.99934766008029
load_25_to_75,B3 Dual EKF,490,1,1,1.00178616992659,0.999356523394417
load_25_to_75,B3 Dual EKF,491,1,1,1.00176675503608,0.99936526628308
load_25_to_75,B3 Dual EKF,492,1,1,1.00174755117699,0.999373890382494
load_25_to_75,B3 Dual EKF,493,1,1,1.00172855605551,0.999382397306645
load_25_to_75,B3 Dual EKF,494,1,1,1.00170976740273,0.999390788647587
load_25_to_75,B3 Dual EKF,495,1,1,1.00169118297444,0.999399065975745
load_25_to_75,B3 Dual EKF,496,1,1,1.0016728005508,0.999407230840205
load_25_to_75,B3 Dual EKF,497,1,1,1.00165461793612,0.999415284769007
load_25_to_75,B3 Dual EKF,498,1,1,1.00163663295855,0.999423229269428
load_25_to_75,B3 Dual EKF,499,1,1,1.00161884346987,0.999431065828267
load_25_to_75,B3 Dual EKF,500,1,1,1.0016012473452,0.999438795912122
load_25_to_75,B3 Dual EKF,501,1,1,1.00158384248275,0.999446420967664
load_25_to_75,B3 Dual EKF,502,1,1,1.00156662680359,0.999453942421908
load_25_to_75,B3 Dual EKF,503,1,1,1.00154959825138,0.99946136168248
load_25_to_75,B3 Dual EKF,504,1,1,1.00153275479213,0.999468680137881
load_25_to_75,B3 Dual EKF,505,1,1,1.00151609441395,0.999475899157746
load_25_to_75,B3 Dual EKF,506,1,1,1.00149961512684,0.999483020093103
load_25_to_75,B3 Dual EKF,507,1,1,1.00148331496242,0.999490044276621
load_25_to_75,B3 Dual EKF,508,1,1,1.0014671919737,0.999496973022862
load_25_to_75,B3 Dual EKF,509,1,1,1.00145124423485,0.99950380762853
load_25_to_75,B3 Dual EKF,510,1,1,1.001435469841,0.999510549372708
load_25_to_75,B3 Dual EKF,511,1,1,1.00141986690794,0.9995171995171
load_25_to_75,B3 Dual EKF,512,1,1,1.00140443357199,0.99952375930627
load_25_to_75,B3 Dual EKF,513,1,1,1.00138916798968,0.99953022996787
load_25_to_75,B3 Dual EKF,514,1,1,1.00137406833762,0.999536612712871
load_25_to_75,B3 Dual EKF,515,1,1,1.00135913281221,0.999542908735794
load_25_to_75,B3 Dual EKF,516,1,1,1.00134435962947,0.999549119214928
load_25_to_75,B3 Dual EKF,517,1,1,1.0013297470248,0.999555245312551
load_25_to_75,B3 Dual EKF,518,1,1,1.00131529325279,0.999561288175152
load_25_to_75,B3 Dual EKF,519,1,1,1.001300996587,0.999567248933642
load_25_to_75,B3 Dual EKF,520,1,1,1.00128685531975,0.999573128703565
load_25_to_75,B3 Dual EKF,521,1,1,1.00127286776193,0.99957892858531
load_25_to_75,B3 Dual EKF,522,1,1,1.00125903224278,0.999584649664314
load_25_to_75,B3 Dual EKF,523,1,1,1.0012453471097,0.999590293011266
load_25_to_75,B3 Dual EKF,524,1,1,1.00123181072808,0.999595859682309
load_25_to_75,B3 Dual EKF,525,1,1,1.00121842148103,0.999601350719234
load_25_to_75,B3 Dual EKF,526,1,1,1.00120517776928,0.999606767149679
load_25_to_75,B3 Dual EKF,527,1,1,1.00119207801092,0.99961210998732
load_25_to_75,B3 Dual EKF,528,1,1,1.00117912064124,0.999617380232057
load_25_to_75,B3 Dual EKF,529,1,1,1.00116630411253,0.999622578870208
load_25_to_75,B3 Dual EKF,530,1,1,1.00115362689391,0.999627706874689
load_25_to_75,B3 Dual EKF,531,1,1,1.00114108747115,0.999632765205196
load_25_to_75,B3 Dual EKF,532,1,1,1.00112868434647,0.999637754808386
load_25_to_75,B3 Dual EKF,533,1,1,1.00111641603835,0.999642676618055
load_25_to_75,B3 Dual EKF,534,1,1,1.00110428108141,0.99964753155531
load_25_to_75,B3 Dual EKF,535,1,1,1.00109227802618,0.999652320528743
load_25_to_75,B3 Dual EKF,536,1,1,1.00108040543894,0.999657044434603
load_25_to_75,B3 Dual EKF,537,1,1,1.00106866190156,0.999661704156959
load_25_to_75,B3 Dual EKF,538,1,1,1.00105704601133,0.999666300567869
load_25_to_75,B3 Dual EKF,539,1,1,1.00104555638077,0.999670834527545
load_25_to_75,B3 Dual EKF,540,1,1,1.0010341916375,0.999675306884508
load_25_to_75,B3 Dual EKF,541,1,1,1.00102295042405,0.999679718475751
load_25_to_75,B3 Dual EKF,542,1,1,1.0010118313977,0.999684070126896
load_25_to_75,B3 Dual EKF,543,1,1,1.00100083323033,0.999688362652345
load_25_to_75,B3 Dual EKF,544,1,1,1.00098995460826,0.999692596855438
load_25_to_75,B3 Dual EKF,545,1,1,1.00097919423209,0.999696773528598
load_25_to_75,B3 Dual EKF,546,1,1,1.00096855081652,0.999700893453481
load_25_to_75,B3 Dual EKF,547,1,1,1.00095802309025,0.999704957401124
load_25_to_75,B3 Dual EKF,548,1,1,1.00094760979579,0.999708966132087
load_25_to_75,B3 Dual EKF,549,1,1,1.00093730968932,0.999712920396597
load_25_to_75,B3 Dual EKF,550,1,1,1.00092712154052,0.999716820934687
load_25_to_75,B3 Dual EKF,551,1,1,1.00091704413247,0.999720668476335
load_25_to_75,B3 Dual EKF,552,1,1,1.00090707626147,0.999724463741602
load_25_to_75,B3 Dual EKF,553,1,1,1.00089721673689,0.999728207440765
load_25_to_75,B3 Dual EKF,554,1,1,1.00088746438105,0.99973190027445
load_25_to_75,B3 Dual EKF,555,1,1,1.00087781802908,0.999735542933765
load_25_to_75,B3 Dual EKF,556,1,1,1.00086827652877,0.999739136100426
load_25_to_75,B3 Dual EKF,557,1,1,1.00085883874041,0.999742680446887
load_25_to_75,B3 Dual EKF,558,1,1,1.00084950353671,0.999746176636468
load_25_to_75,B3 Dual EKF,559,1,1,1.00084026980262,0.999749625323472
load_25_to_75,B3 Dual EKF,560,1,1,1.0008311364352,0.999753027153316
load_25_to_75,B3 Dual EKF,561,1,1,1.00082210234351,0.999756382762646
load_25_to_75,B3 Dual EKF,562,1,1,1.00081316644847,0.999759692779458
load_25_to_75,B3 Dual EKF,563,1,1,1.00080432768273,0.999762957823216
load_25_to_75,B3 Dual EKF,564,1,1,1.00079558499052,0.999766178504965
load_25_to_75,B3 Dual EKF,565,1,1,1.00078693732758,0.999769355427452
load_25_to_75,B3 Dual EKF,566,1,1,1.00077838366098,0.999772489185231
load_25_to_75,B3 Dual EKF,567,1,1,1.00076992296901,0.99977558036478
load_25_to_75,B3 Dual EKF,568,1,1,1.00076155424109,0.999778629544606
load_25_to_75,B3 Dual EKF,569,1,1,1.0007532764776,0.999781637295359
load_25_to_75,B3 Dual EKF,570,1,1,1.0007450886898,0.999784604179933
load_25_to_75,B3 Dual EKF,571,1,1,1.00073698989969,0.999787530753575
load_25_to_75,B3 Dual EKF,572,1,1,1.00072897913991,0.999790417563988
load_25_to_75,B3 Dual EKF,573,1,1,1.00072105545361,0.999793265151434
load_25_to_75,B3 Dual EKF,574,1,1,1.00071321789433,0.999796074048833
load_25_to_75,B3 Dual EKF,575,1,1,1.00070546552591,0.999798844781865
load_25_to_75,B3 Dual EKF,576,1,1,1.00069779742237,0.999801577869068
load_25_to_75,B3 Dual EKF,577,1,1,1.00069021266778,0.999804273821934
load_25_to_75,B3 Dual EKF,578,1,1,1.00068271035617,0.999806933145006
load_25_to_75,B3 Dual EKF,579,1,1,1.00067528959143,0.99980955633597
load_25_to_75,B3 Dual EKF,580,1,1,1.00066794948718,0.999812143885753
load_25_to_75,B3 Dual EKF,581,1,1,1.00066068916667,0.99981469627861
load_25_to_75,B3 Dual EKF,582,1,1,1.00065350776268,0.999817213992216
load_25_to_75,B3 Dual EKF,583,1,1,1.00064640441743,0.999819697497756
load_25_to_75,B3 Dual EKF,584,1,1,1.00063937828246,0.999822147260015
load_25_to_75,B3 Dual EKF,585,1,1,1.00063242851852,0.99982456373746
load_25_to_75,B3 Dual EKF,586,1,1,1.00062555429549,0.999826947382332
load_25_to_75,B3 Dual EKF,587,1,1,1.00061875479228,0.999829298640724
load_25_to_75,B3 Dual EKF,588,1,1,1.00061202919671,0.999831617952671
load_25_to_75,B3 Dual EKF,589,1,1,1.00060537670545,0.999833905752227
load_25_to_75,B3 Dual EKF,590,1,1,1.00059879652386,0.99983616246755
load_25_to_75,B3 Dual EKF,591,1,1,1.000592287866,0.99983838852098
load_25_to_75,B3 Dual EKF,592,1,1,1.00058584995441,0.999840584329119
load_25_to_75,B3 Dual EKF,593,1,1,1.00057948202012,0.999842750302908
load_25_to_75,B3 Dual EKF,594,1,1,1.00057318330251,0.999844886847705
load_25_to_75,B3 Dual EKF,595,1,1,1.00056695304922,0.999846994363362
load_25_to_75,B3 Dual EKF,596,1,1,1.00056079051608,0.999849073244294
load_25_to_75,B3 Dual EKF,597,1,1,1.00055469496699,0.999851123879562
load_25_to_75,B3 Dual EKF,598,1,1,1.00054866567387,0.999853146652937
load_25_to_75,B3 Dual EKF,599,1,1,1.00054270191655,0.999855141942979
load_25_to_75,B4 Cuk-adapted wavelet-KF,0,1,1,1,1
load_25_to_75,B4 Cuk-adapted wavelet-KF,1,1,1,1,1
load_25_to_75,B4 Cuk-adapted wavelet-KF,2,1,1,1,1
load_25_to_75,B4 Cuk-adapted wavelet-KF,3,1,1,1,1
load_25_to_75,B4 Cuk-adapted wavelet-KF,4,1,1,1,1
load_25_to_75,B4 Cuk-adapted wavelet-KF,5,1,1,1,1
load_25_to_75,B4 Cuk-adapted wavelet-KF,6,1,1,1,1
load_25_to_75,B4 Cuk-adapted wavelet-KF,7,1,1,1,1
load_25_to_75,B4 Cuk-adapted wavelet-KF,8,1,1,1,1
load_25_to_75,B4 Cuk-adapted wavelet-KF,9,1,1,1,1
load_25_to_75,B4 Cuk-adapted wavelet-KF,10,1,1,1,1
load_25_to_75,B4 Cuk-adapted wavelet-KF,11,1,1,1,1
load_25_to_75,B4 Cuk-adapted wavelet-KF,12,1,1,1,1
load_25_to_75,B4 Cuk-adapted wavelet-KF,13,1,1,1,1
load_25_to_75,B4 Cuk-adapted wavelet-KF,14,1,1,1,1
load_25_to_75,B4 Cuk-adapted wavelet-KF,15,1,1,1,1
load_25_to_75,B4 Cuk-adapted wavelet-KF,16,1,1,1,1
load_25_to_75,B4 Cuk-adapted wavelet-KF,17,1,1,1,1
load_25_to_75,B4 Cuk-adapted wavelet-KF,18,1,1,1,1
load_25_to_75,B4 Cuk-adapted wavelet-KF,19,1,1,1,1
load_25_to_75,B4 Cuk-adapted wavelet-KF,20,1,1,1,1
load_25_to_75,B4 Cuk-adapted wavelet-KF,21,1,1,1,1
load_25_to_75,B4 Cuk-adapted wavelet-KF,22,1,1,1,1
load_25_to_75,B4 Cuk-adapted wavelet-KF,23,1,1,1,1
load_25_to_75,B4 Cuk-adapted wavelet-KF,24,1,1,1,1
load_25_to_75,B4 Cuk-adapted wavelet-KF,25,1,1,1,1
load_25_to_75,B4 Cuk-adapted wavelet-KF,26,1,1,1,1
load_25_to_75,B4 Cuk-adapted wavelet-KF,27,1,1,1,1
load_25_to_75,B4 Cuk-adapted wavelet-KF,28,1,1,1,1
load_25_to_75,B4 Cuk-adapted wavelet-KF,29,1,1,1,1
load_25_to_75,B4 Cuk-adapted wavelet-KF,30,1,1,1,1
load_25_to_75,B4 Cuk-adapted wavelet-KF,31,1,1,1,1
load_25_to_75,B4 Cuk-adapted wavelet-KF,32,1,1,1,1
load_25_to_75,B4 Cuk-adapted wavelet-KF,33,1,1,1,1
load_25_to_75,B4 Cuk-adapted wavelet-KF,34,1,1,1,1
load_25_to_75,B4 Cuk-adapted wavelet-KF,35,1,1,1,1
load_25_to_75,B4 Cuk-adapted wavelet-KF,36,1,1,1,1
load_25_to_75,B4 Cuk-adapted wavelet-KF,37,1,1,1,1
load_25_to_75,B4 Cuk-adapted wavelet-KF,38,1,1,1,1
load_25_to_75,B4 Cuk-adapted wavelet-KF,39,1,1,1,1
load_25_to_75,B4 Cuk-adapted wavelet-KF,40,1,1,1,1
load_25_to_75,B4 Cuk-adapted wavelet-KF,41,1,1,1,1
load_25_to_75,B4 Cuk-adapted wavelet-KF,42,1,1,1,1
load_25_to_75,B4 Cuk-adapted wavelet-KF,43,1,1,1,1
load_25_to_75,B4 Cuk-adapted wavelet-KF,44,1,1,1,1
load_25_to_75,B4 Cuk-adapted wavelet-KF,45,1,1,1,1
load_25_to_75,B4 Cuk-adapted wavelet-KF,46,1,1,1,1
load_25_to_75,B4 Cuk-adapted wavelet-KF,47,1,1,1,1
load_25_to_75,B4 Cuk-adapted wavelet-KF,48,1,1,1,1
load_25_to_75,B4 Cuk-adapted wavelet-KF,49,1,1,1,1
load_25_to_75,B4 Cuk-adapted wavelet-KF,50,1,1,1,1
load_25_to_75,B4 Cuk-adapted wavelet-KF,51,1,1,1,1
load_25_to_75,B4 Cuk-adapted wavelet-KF,52,1,1,1,1
load_25_to_75,B4 Cuk-adapted wavelet-KF,53,1,1,1,1
load_25_to_75,B4 Cuk-adapted wavelet-KF,54,1,1,1,1
load_25_to_75,B4 Cuk-adapted wavelet-KF,55,1,1,1,1
load_25_to_75,B4 Cuk-adapted wavelet-KF,56,1,1,1,1
load_25_to_75,B4 Cuk-adapted wavelet-KF,57,1,1,1,1
load_25_to_75,B4 Cuk-adapted wavelet-KF,58,1,1,1,1
load_25_to_75,B4 Cuk-adapted wavelet-KF,59,1,1,1,1
load_25_to_75,B4 Cuk-adapted wavelet-KF,60,1,1,1,1
load_25_to_75,B4 Cuk-adapted wavelet-KF,61,1,1,1,1
load_25_to_75,B4 Cuk-adapted wavelet-KF,62,1,1,1,1
load_25_to_75,B4 Cuk-adapted wavelet-KF,63,1,1,1,1
load_25_to_75,B4 Cuk-adapted wavelet-KF,64,1,1,1,1
load_25_to_75,B4 Cuk-adapted wavelet-KF,65,1,1,1,1
load_25_to_75,B4 Cuk-adapted wavelet-KF,66,1,1,1,1
load_25_to_75,B4 Cuk-adapted wavelet-KF,67,1,1,1,1
load_25_to_75,B4 Cuk-adapted wavelet-KF,68,1,1,1,1
load_25_to_75,B4 Cuk-adapted wavelet-KF,69,1,1,1,1
load_25_to_75,B4 Cuk-adapted wavelet-KF,70,1,1,1,1
load_25_to_75,B4 Cuk-adapted wavelet-KF,71,1,1,1,1
load_25_to_75,B4 Cuk-adapted wavelet-KF,72,1,1,1,1
load_25_to_75,B4 Cuk-adapted wavelet-KF,73,1,1,1,1
load_25_to_75,B4 Cuk-adapted wavelet-KF,74,1,1,1,1
load_25_to_75,B4 Cuk-adapted wavelet-KF,75,1,1,1,1
load_25_to_75,B4 Cuk-adapted wavelet-KF,76,1,1,1,1
load_25_to_75,B4 Cuk-adapted wavelet-KF,77,1,1,1,1
load_25_to_75,B4 Cuk-adapted wavelet-KF,78,1,1,1,1
load_25_to_75,B4 Cuk-adapted wavelet-KF,79,1,1,1,1
load_25_to_75,B4 Cuk-adapted wavelet-KF,80,1,1,1,1
load_25_to_75,B4 Cuk-adapted wavelet-KF,81,1,1,1,1
load_25_to_75,B4 Cuk-adapted wavelet-KF,82,1,1,1,1
load_25_to_75,B4 Cuk-adapted wavelet-KF,83,1,1,1,1
load_25_to_75,B4 Cuk-adapted wavelet-KF,84,1,1,1,1
load_25_to_75,B4 Cuk-adapted wavelet-KF,85,1,1,1,1
load_25_to_75,B4 Cuk-adapted wavelet-KF,86,1,1,1,1
load_25_to_75,B4 Cuk-adapted wavelet-KF,87,1,1,1,1
load_25_to_75,B4 Cuk-adapted wavelet-KF,88,1,1,1,1
load_25_to_75,B4 Cuk-adapted wavelet-KF,89,1,1,1,1
load_25_to_75,B4 Cuk-adapted wavelet-KF,90,1,1,1,1
load_25_to_75,B4 Cuk-adapted wavelet-KF,91,1,1,1,1
load_25_to_75,B4 Cuk-adapted wavelet-KF,92,1,1,1,1
load_25_to_75,B4 Cuk-adapted wavelet-KF,93,1,1,1,1
load_25_to_75,B4 Cuk-adapted wavelet-KF,94,1,1,1,1
load_25_to_75,B4 Cuk-adapted wavelet-KF,95,1,1,1,1
load_25_to_75,B4 Cuk-adapted wavelet-KF,96,1,1,1,1
load_25_to_75,B4 Cuk-adapted wavelet-KF,97,1,1,1,1
load_25_to_75,B4 Cuk-adapted wavelet-KF,98,1,1,1,1
load_25_to_75,B4 Cuk-adapted wavelet-KF,99,1,1,1,1
load_25_to_75,B4 Cuk-adapted wavelet-KF,100,1,1,1,1
load_25_to_75,B4 Cuk-adapted wavelet-KF,101,1,1,1,1
load_25_to_75,B4 Cuk-adapted wavelet-KF,102,1,1,1,1
load_25_to_75,B4 Cuk-adapted wavelet-KF,103,1,1,1,1
load_25_to_75,B4 Cuk-adapted wavelet-KF,104,1,1,1,1
load_25_to_75,B4 Cuk-adapted wavelet-KF,105,1,1,1,1
load_25_to_75,B4 Cuk-adapted wavelet-KF,106,1,1,1,1
load_25_to_75,B4 Cuk-adapted wavelet-KF,107,1,1,1,1
load_25_to_75,B4 Cuk-adapted wavelet-KF,108,1,1,1,1
load_25_to_75,B4 Cuk-adapted wavelet-KF,109,1,1,1,1
load_25_to_75,B4 Cuk-adapted wavelet-KF,110,1,1,1,1
load_25_to_75,B4 Cuk-adapted wavelet-KF,111,1,1,1,1
load_25_to_75,B4 Cuk-adapted wavelet-KF,112,1,1,1,1
load_25_to_75,B4 Cuk-adapted wavelet-KF,113,1,1,1,1
load_25_to_75,B4 Cuk-adapted wavelet-KF,114,1,1,1,1
load_25_to_75,B4 Cuk-adapted wavelet-KF,115,1,1,1,1
load_25_to_75,B4 Cuk-adapted wavelet-KF,116,1,1,1,1
load_25_to_75,B4 Cuk-adapted wavelet-KF,117,1,1,1,1
load_25_to_75,B4 Cuk-adapted wavelet-KF,118,1,1,1,1
load_25_to_75,B4 Cuk-adapted wavelet-KF,119,1,1,1,1
load_25_to_75,B4 Cuk-adapted wavelet-KF,120,1,1,1,1
load_25_to_75,B4 Cuk-adapted wavelet-KF,121,1,1,1,1
load_25_to_75,B4 Cuk-adapted wavelet-KF,122,1,1,1,1
load_25_to_75,B4 Cuk-adapted wavelet-KF,123,1,1,1,1
load_25_to_75,B4 Cuk-adapted wavelet-KF,124,1,1,1,1
load_25_to_75,B4 Cuk-adapted wavelet-KF,125,1,1,1,1
load_25_to_75,B4 Cuk-adapted wavelet-KF,126,1,1,1,1
load_25_to_75,B4 Cuk-adapted wavelet-KF,127,1,1,1,1
load_25_to_75,B4 Cuk-adapted wavelet-KF,128,1,1,1,1
load_25_to_75,B4 Cuk-adapted wavelet-KF,129,1,1,1,1
load_25_to_75,B4 Cuk-adapted wavelet-KF,130,1,1,1,1
load_25_to_75,B4 Cuk-adapted wavelet-KF,131,1,1,1,1
load_25_to_75,B4 Cuk-adapted wavelet-KF,132,1,1,1,1
load_25_to_75,B4 Cuk-adapted wavelet-KF,133,1,1,1,1
load_25_to_75,B4 Cuk-adapted wavelet-KF,134,1,1,1,1
load_25_to_75,B4 Cuk-adapted wavelet-KF,135,1,1,1,1
load_25_to_75,B4 Cuk-adapted wavelet-KF,136,1,1,1,1
load_25_to_75,B4 Cuk-adapted wavelet-KF,137,1,1,1,1
load_25_to_75,B4 Cuk-adapted wavelet-KF,138,1,1,1,1
load_25_to_75,B4 Cuk-adapted wavelet-KF,139,1,1,1,1
load_25_to_75,B4 Cuk-adapted wavelet-KF,140,1,1,1,1
load_25_to_75,B4 Cuk-adapted wavelet-KF,141,1,1,1,1
load_25_to_75,B4 Cuk-adapted wavelet-KF,142,1,1,1,1
load_25_to_75,B4 Cuk-adapted wavelet-KF,143,1,1,1,1
load_25_to_75,B4 Cuk-adapted wavelet-KF,144,1,1,1,1
load_25_to_75,B4 Cuk-adapted wavelet-KF,145,1,1,1,1
load_25_to_75,B4 Cuk-adapted wavelet-KF,146,1,1,1,1
load_25_to_75,B4 Cuk-adapted wavelet-KF,147,1,1,1,1
load_25_to_75,B4 Cuk-adapted wavelet-KF,148,1,1,1,1
load_25_to_75,B4 Cuk-adapted wavelet-KF,149,1,1,1,1
load_25_to_75,B4 Cuk-adapted wavelet-KF,150,1,1,1,1
load_25_to_75,B4 Cuk-adapted wavelet-KF,151,1,1,1,1
load_25_to_75,B4 Cuk-adapted wavelet-KF,152,1,1,1,1
load_25_to_75,B4 Cuk-adapted wavelet-KF,153,1,1,1,1
load_25_to_75,B4 Cuk-adapted wavelet-KF,154,1,1,1,1
load_25_to_75,B4 Cuk-adapted wavelet-KF,155,1,1,1,1
load_25_to_75,B4 Cuk-adapted wavelet-KF,156,1,1,1,1
load_25_to_75,B4 Cuk-adapted wavelet-KF,157,1,1,1,1
load_25_to_75,B4 Cuk-adapted wavelet-KF,158,1,1,1,1
load_25_to_75,B4 Cuk-adapted wavelet-KF,159,1,1,1,1
load_25_to_75,B4 Cuk-adapted wavelet-KF,160,1,1,1,1
load_25_to_75,B4 Cuk-adapted wavelet-KF,161,1,1,1,1
load_25_to_75,B4 Cuk-adapted wavelet-KF,162,1,1,1,1
load_25_to_75,B4 Cuk-adapted wavelet-KF,163,1,1,1,1
load_25_to_75,B4 Cuk-adapted wavelet-KF,164,1,1,1,1
load_25_to_75,B4 Cuk-adapted wavelet-KF,165,1,1,1,1
load_25_to_75,B4 Cuk-adapted wavelet-KF,166,1,1,1,1
load_25_to_75,B4 Cuk-adapted wavelet-KF,167,1,1,1,1
load_25_to_75,B4 Cuk-adapted wavelet-KF,168,1,1,1,1
load_25_to_75,B4 Cuk-adapted wavelet-KF,169,1,1,1,1
load_25_to_75,B4 Cuk-adapted wavelet-KF,170,1,1,1,1
load_25_to_75,B4 Cuk-adapted wavelet-KF,171,1,1,1,1
load_25_to_75,B4 Cuk-adapted wavelet-KF,172,1,1,1,1
load_25_to_75,B4 Cuk-adapted wavelet-KF,173,1,1,1,1
load_25_to_75,B4 Cuk-adapted wavelet-KF,174,1,1,1,1
load_25_to_75,B4 Cuk-adapted wavelet-KF,175,1,1,1,1
load_25_to_75,B4 Cuk-adapted wavelet-KF,176,1,1,1,1
load_25_to_75,B4 Cuk-adapted wavelet-KF,177,1,1,1,1
load_25_to_75,B4 Cuk-adapted wavelet-KF,178,1,1,1,1
load_25_to_75,B4 Cuk-adapted wavelet-KF,179,1,1,1,1
load_25_to_75,B4 Cuk-adapted wavelet-KF,180,1,1,1,1
load_25_to_75,B4 Cuk-adapted wavelet-KF,181,1,1,1,1
load_25_to_75,B4 Cuk-adapted wavelet-KF,182,1,1,1,1
load_25_to_75,B4 Cuk-adapted wavelet-KF,183,1,1,1,1
load_25_to_75,B4 Cuk-adapted wavelet-KF,184,1,1,1,1
load_25_to_75,B4 Cuk-adapted wavelet-KF,185,1,1,1,1
load_25_to_75,B4 Cuk-adapted wavelet-KF,186,1,1,1,1
load_25_to_75,B4 Cuk-adapted wavelet-KF,187,1,1,1,1
load_25_to_75,B4 Cuk-adapted wavelet-KF,188,1,1,1,1
load_25_to_75,B4 Cuk-adapted wavelet-KF,189,1,1,1,1
load_25_to_75,B4 Cuk-adapted wavelet-KF,190,1,1,1,1
load_25_to_75,B4 Cuk-adapted wavelet-KF,191,1,1,1,1
load_25_to_75,B4 Cuk-adapted wavelet-KF,192,1,1,1,1
load_25_to_75,B4 Cuk-adapted wavelet-KF,193,1,1,1,1
load_25_to_75,B4 Cuk-adapted wavelet-KF,194,1,1,1,1
load_25_to_75,B4 Cuk-adapted wavelet-KF,195,1,1,1,1
load_25_to_75,B4 Cuk-adapted wavelet-KF,196,1,1,1,1
load_25_to_75,B4 Cuk-adapted wavelet-KF,197,1,1,1,1
load_25_to_75,B4 Cuk-adapted wavelet-KF,198,1,1,1,1
load_25_to_75,B4 Cuk-adapted wavelet-KF,199,1,1,1,1
load_25_to_75,B4 Cuk-adapted wavelet-KF,200,1,1,1.0275,0.978
load_25_to_75,B4 Cuk-adapted wavelet-KF,201,1,1,1.02708333333333,0.978416666666667
load_25_to_75,B4 Cuk-adapted wavelet-KF,202,1,1,1.02667297979798,0.978825441919192
load_25_to_75,B4 Cuk-adapted wavelet-KF,203,1,1,1.02626884374043,0.979226475216177
load_25_to_75,B4 Cuk-adapted wavelet-KF,204,1,1,1.02587083095649,0.979619913185568
load_25_to_75,B4 Cuk-adapted wavelet-KF,205,1,1,1.02547884866927,0.980005899678265
load_25_to_75,B4 Cuk-adapted wavelet-KF,206,1,1,1.02509280550761,0.980384575820722
load_25_to_75,B4 Cuk-adapted wavelet-KF,207,1,1,1.02471261148477,0.980756080066542
load_25_to_75,B4 Cuk-adapted wavelet-KF,208,1,1,1.02433817797743,0.9811205482471
load_25_to_75,B4 Cuk-adapted wavelet-KF,209,1,1,1.02396941770504,0.981478113621208
load_25_to_75,B4 Cuk-adapted wavelet-KF,210,1,1,1.02360624470951,0.981828906923836
load_25_to_75,B4 Cuk-adapted wavelet-KF,211,1,1,1.02324857433512,0.982173056413915
load_25_to_75,B4 Cuk-adapted wavelet-KF,212,1,1,1.02289632320883,0.982510687921228
load_25_to_75,B4 Cuk-adapted wavelet-KF,213,1,1,1.02254940922082,0.982841924892416
load_25_to_75,B4 Cuk-adapted wavelet-KF,214,1,1,1.02220775150535,0.983166888436121
load_25_to_75,B4 Cuk-adapted wavelet-KF,215,1,1,1.02187127042194,0.983485697367255
load_25_to_75,B4 Cuk-adapted wavelet-KF,216,1,1,1.02153988753676,0.983798468250451
load_25_to_75,B4 Cuk-adapted wavelet-KF,217,1,1,1.02121352560438,0.984105315442677
load_25_to_75,B4 Cuk-adapted wavelet-KF,218,1,1,1.02089210854977,0.98440635113505
load_25_to_75,B4 Cuk-adapted wavelet-KF,219,1,1,1.02057556145053,0.984701685393856
load_25_to_75,B4 Cuk-adapted wavelet-KF,220,1,1,1.02026381051946,0.984991426200791
load_25_to_75,B4 Cuk-adapted wavelet-KF,221,1,1,1.01995678308735,0.985275679492443
load_25_to_75,B4 Cuk-adapted wavelet-KF,222,1,1,1.01965440758603,0.985554549199025
load_25_to_75,B4 Cuk-adapted wavelet-KF,223,1,1,1.01935661353169,0.985828137282377
load_25_to_75,B4 Cuk-adapted wavelet-KF,224,1,1,1.01906333150849,0.986096543773241
load_25_to_75,B4 Cuk-adapted wavelet-KF,225,1,1,1.0187744931523,0.986359866807839
load_25_to_75,B4 Cuk-adapted wavelet-KF,226,1,1,1.01849003113484,0.986618202663751
load_25_to_75,B4 Cuk-adapted wavelet-KF,227,1,1,1.01820987914795,0.986871645795119
load_25_to_75,B4 Cuk-adapted wavelet-KF,228,1,1,1.01793397188813,0.987120288867182
load_25_to_75,B4 Cuk-adapted wavelet-KF,229,1,1,1.01766224504134,0.987364222790152
load_25_to_75,B4 Cuk-adapted wavelet-KF,230,1,1,1.01739463526799,0.987603536752459
load_25_to_75,B4 Cuk-adapted wavelet-KF,231,1,1,1.01713108018817,0.98783831825336
load_25_to_75,B4 Cuk-adapted wavelet-KF,232,1,1,1.01687151836713,0.988068653134925
load_25_to_75,B4 Cuk-adapted wavelet-KF,233,1,1,1.01661588930097,0.98829462561343
load_25_to_75,B4 Cuk-adapted wavelet-KF,234,1,1,1.01636413340247,0.988516318310145
load_25_to_75,B4 Cuk-adapted wavelet-KF,235,1,1,1.01611619198728,0.988733812281544
load_25_to_75,B4 Cuk-adapted wavelet-KF,236,1,1,1.0158720072602,0.988947187048939
load_25_to_75,B4 Cuk-adapted wavelet-KF,237,1,1,1.01563152230171,0.989156520627558
load_25_to_75,B4 Cuk-adapted wavelet-KF,238,1,1,1.01539468105471,0.989361889555066
load_25_to_75,B4 Cuk-adapted wavelet-KF,239,1,1,1.01516142831146,0.989563368919553
load_25_to_75,B4 Cuk-adapted wavelet-KF,240,1,1,1.01493170970068,0.989761032386986
load_25_to_75,B4 Cuk-adapted wavelet-KF,241,1,1,1.01470547167491,0.989954952228142
load_25_to_75,B4 Cuk-adapted wavelet-KF,242,1,1,1.01448266149802,0.990145199345033
load_25_to_75,B4 Cuk-adapted wavelet-KF,243,1,1,1.0142632272329,0.990331843296832
load_25_to_75,B4 Cuk-adapted wavelet-KF,244,1,1,1.01404711772937,0.990514952325301
load_25_to_75,B4 Cuk-adapted wavelet-KF,245,1,1,1.01383428261226,0.990694593379746
load_25_to_75,B4 Cuk-adapted wavelet-KF,246,1,1,1.01362467226965,0.990870832141493
load_25_to_75,B4 Cuk-adapted wavelet-KF,247,1,1,1.01341823784132,0.991043733047904
load_25_to_75,B4 Cuk-adapted wavelet-KF,248,1,1,1.01321493120736,0.991213359315936
load_25_to_75,B4 Cuk-adapted wavelet-KF,249,1,1,1.01301470497695,0.991379772965255
load_25_to_75,B4 Cuk-adapted wavelet-KF,250,1,1,1.0128175124773,0.991543034840913
load_25_to_75,B4 Cuk-adapted wavelet-KF,251,1,1,1.01262330774279,0.991703204635593
load_25_to_75,B4 Cuk-adapted wavelet-KF,252,1,1,1.01243204550426,0.991860340911434
load_25_to_75,B4 Cuk-adapted wavelet-KF,253,1,1,1.01224368117844,0.992014501121445
load_25_to_75,B4 Cuk-adapted wavelet-KF,254,1,1,1.01205817085756,0.992165741630508
load_25_to_75,B4 Cuk-adapted wavelet-KF,255,1,1,1.01187547129911,0.992314117735991
load_25_to_75,B4 Cuk-adapted wavelet-KF,256,1,1,1.01169553991579,0.992459683687961
load_25_to_75,B4 Cuk-adapted wavelet-KF,257,1,1,1.01151833476555,0.992602492709022
load_25_to_75,B4 Cuk-adapted wavelet-KF,258,1,1,1.01134381454183,0.992742597013776
load_25_to_75,B4 Cuk-adapted wavelet-KF,259,1,1,1.01117193856392,0.992880047827909
load_25_to_75,B4 Cuk-adapted wavelet-KF,260,1,1,1.0110026667675,0.993014895406926
load_25_to_75,B4 Cuk-adapted wavelet-KF,261,1,1,1.01083595969527,0.993147189054522
load_25_to_75,B4 Cuk-adapted wavelet-KF,262,1,1,1.01067177848776,0.99327697714061
load_25_to_75,B4 Cuk-adapted wavelet-KF,263,1,1,1.01051008487431,0.993404307119008
load_25_to_75,B4 Cuk-adapted wavelet-KF,264,1,1,1.01035084116409,0.993529225544784
load_25_to_75,B4 Cuk-adapted wavelet-KF,265,1,1,1.01019401023736,0.993651778091285
load_25_to_75,B4 Cuk-adapted wavelet-KF,266,1,1,1.0100395555368,0.993772009566828
load_25_to_75,B4 Cuk-adapted wavelet-KF,267,1,1,1.00988744105897,0.993889963931093
load_25_to_75,B4 Cuk-adapted wavelet-KF,268,1,1,1.00973763134595,0.994005684311186
load_25_to_75,B4 Cuk-adapted wavelet-KF,269,1,1,1.00959009147708,0.994119213017413
load_25_to_75,B4 Cuk-adapted wavelet-KF,270,1,1,1.00944478706076,0.99423059155875
load_25_to_75,B4 Cuk-adapted wavelet-KF,271,1,1,1.0093016842265,0.994339860658016
load_25_to_75,B4 Cuk-adapted wavelet-KF,272,1,1,1.00916074961701,0.994447060266766
load_25_to_75,B4 Cuk-adapted wavelet-KF,273,1,1,1.00902195038039,0.994552229579896
load_25_to_75,B4 Cuk-adapted wavelet-KF,274,1,1,1.0088852541625,0.994655407049973
load_25_to_75,B4 Cuk-adapted wavelet-KF,275,1,1,1.00875062909944,0.9947566304013
load_25_to_75,B4 Cuk-adapted wavelet-KF,276,1,1,1.00861804381005,0.994855936643699
load_25_to_75,B4 Cuk-adapted wavelet-KF,277,1,1,1.00848746738869,0.994953362086053
load_25_to_75,B4 Cuk-adapted wavelet-KF,278,1,1,1.00835886939795,0.995048942349575
load_25_to_75,B4 Cuk-adapted wavelet-KF,279,1,1,1.00823221986162,0.995142712380833
load_25_to_75,B4 Cuk-adapted wavelet-KF,280,1,1,1.00810748925765,0.995234706464529
load_25_to_75,B4 Cuk-adapted wavelet-KF,281,1,1,1.00798464851132,0.995324958236035
load_25_to_75,B4 Cuk-adapted wavelet-KF,282,1,1,1.00786366898843,0.995413500693686
load_25_to_75,B4 Cuk-adapted wavelet-KF,283,1,1,1.0077445224886,0.995500366210851
load_25_to_75,B4 Cuk-adapted wavelet-KF,284,1,1,1.00762718123877,0.995585586547766
load_25_to_75,B4 Cuk-adapted wavelet-KF,285,1,1,1.00751161788667,0.995669192863149
load_25_to_75,B4 Cuk-adapted wavelet-KF,286,1,1,1.00739780549445,0.99575121572559
load_25_to_75,B4 Cuk-adapted wavelet-KF,287,1,1,1.00728571753241,0.995831685124726
load_25_to_75,B4 Cuk-adapted wavelet-KF,288,1,1,1.00717532787283,0.995910630482213
load_25_to_75,B4 Cuk-adapted wavelet-KF,289,1,1,1.00706661078385,0.995988080662474
load_25_to_75,B4 Cuk-adapted wavelet-KF,290,1,1,1.00695954092349,0.99606406398326
load_25_to_75,B4 Cuk-adapted wavelet-KF,291,1,1,1.00685409333374,0.996138608226002
load_25_to_75,B4 Cuk-adapted wavelet-KF,292,1,1,1.00675024343474,0.996211740645964
load_25_to_75,B4 Cuk-adapted wavelet-KF,293,1,1,1.00664796701906,0.996283487982214
load_25_to_75,B4 Cuk-adapted wavelet-KF,294,1,1,1.00654724024605,0.9963538764674
load_25_to_75,B4 Cuk-adapted wavelet-KF,295,1,1,1.00644803963626,0.996422931837335
load_25_to_75,B4 Cuk-adapted wavelet-KF,296,1,1,1.00635034206601,0.996490679340416
load_25_to_75,B4 Cuk-adapted wavelet-KF,297,1,1,1.00625412476198,0.996557143746848
load_25_to_75,B4 Cuk-adapted wavelet-KF,298,1,1,1.00615936529589,0.996622349357703
load_25_to_75,B4 Cuk-adapted wavelet-KF,299,1,1,1.00606604157929,0.996686320013807
load_25_to_75,B4 Cuk-adapted wavelet-KF,300,1,1,1.00597413185839,0.996749079104455
load_25_to_75,B4 Cuk-adapted wavelet-KF,301,1,1,1.00588361470902,0.996810649575961
load_25_to_75,B4 Cuk-adapted wavelet-KF,302,1,1,1.00579446903161,0.996871053940053
load_25_to_75,B4 Cuk-adapted wavelet-KF,303,1,1,1.00570667404628,0.996930314282097
load_25_to_75,B4 Cuk-adapted wavelet-KF,304,1,1,1.005620209288,0.996988452269179
load_25_to_75,B4 Cuk-adapted wavelet-KF,305,1,1,1.00553505460182,0.99704548915802
load_25_to_75,B4 Cuk-adapted wavelet-KF,306,1,1,1.00545119013816,0.997101445802755
load_25_to_75,B4 Cuk-adapted wavelet-KF,307,1,1,1.00536859634819,0.997156342662551
load_25_to_75,B4 Cuk-adapted wavelet-KF,308,1,1,1.00528725397927,0.997210199809093
load_25_to_75,B4 Cuk-adapted wavelet-KF,309,1,1,1.0052071440705,0.997263036933921
load_25_to_75,B4 Cuk-adapted wavelet-KF,310,1,1,1.00512824794822,0.997314873355627
load_25_to_75,B4 Cuk-adapted wavelet-KF,311,1,1,1.00505054722173,0.997365728026922
load_25_to_75,B4 Cuk-adapted wavelet-KF,312,1,1,1.00497402377898,0.997415619541564
load_25_to_75,B4 Cuk-adapted wavelet-KF,313,1,1,1.00489865978232,0.997464566141155
load_25_to_75,B4 Cuk-adapted wavelet-KF,314,1,1,1.00482443766441,0.997512585721815
load_25_to_75,B4 Cuk-adapted wavelet-KF,315,1,1,1.00475134012404,0.99755969584072
load_25_to_75,B4 Cuk-adapted wavelet-KF,316,1,1,1.00467935012216,0.997605913722525
load_25_to_75,B4 Cuk-adapted wavelet-KF,317,1,1,1.00460845087789,0.997651256265659
load_25_to_75,B4 Cuk-adapted wavelet-KF,318,1,1,1.00453862586458,0.997695740048506
load_25_to_75,B4 Cuk-adapted wavelet-KF,319,1,1,1.00446985880603,0.997739381335466
load_25_to_75,B4 Cuk-adapted wavelet-KF,320,1,1,1.00440213367261,0.997782196082901
load_25_to_75,B4 Cuk-adapted wavelet-KF,321,1,1,1.00433543467757,0.997824199944967
load_25_to_75,B4 Cuk-adapted wavelet-KF,322,1,1,1.00426974627336,0.997865408279343
load_25_to_75,B4 Cuk-adapted wavelet-KF,323,1,1,1.00420505314801,0.99790583615284
load_25_to_75,B4 Cuk-adapted wavelet-KF,324,1,1,1.00414134022152,0.997945498346915
load_25_to_75,B4 Cuk-adapted wavelet-KF,325,1,1,1.00407859264241,0.997984409363072
load_25_to_75,B4 Cuk-adapted wavelet-KF,326,1,1,1.00401679578419,0.998022583428165
load_25_to_75,B4 Cuk-adapted wavelet-KF,327,1,1,1.003955935242,0.998060034499602
load_25_to_75,B4 Cuk-adapted wavelet-KF,328,1,1,1.00389599682925,0.998096776270443
load_25_to_75,B4 Cuk-adapted wavelet-KF,329,1,1,1.00383696657426,0.998132822174411
load_25_to_75,B4 Cuk-adapted wavelet-KF,330,1,1,1.00377883071707,0.998168185390805
load_25_to_75,B4 Cuk-adapted wavelet-KF,331,1,1,1.00372157570621,0.998202878849313
load_25_to_75,B4 Cuk-adapted wavelet-KF,332,1,1,1.00366518819551,0.998236915234742
load_25_to_75,B4 Cuk-adapted wavelet-KF,333,1,1,1.00360965504103,0.99827030699166
load_25_to_75,B4 Cuk-adapted wavelet-KF,334,1,1,1.00355496329798,0.998303066328939
load_25_to_75,B4 Cuk-adapted wavelet-KF,335,1,1,1.00350110021771,0.998335205224224
load_25_to_75,B4 Cuk-adapted wavelet-KF,336,1,1,1.00344805324472,0.998366735428311
load_25_to_75,B4 Cuk-adapted wavelet-KF,337,1,1,1.00339581001374,0.998397668469442
load_25_to_75,B4 Cuk-adapted wavelet-KF,338,1,1,1.00334435834686,0.99842801565752
load_25_to_75,B4 Cuk-adapted wavelet-KF,339,1,1,1.0032936862507,0.998457788088249
load_25_to_75,B4 Cuk-adapted wavelet-KF,340,1,1,1.00324378191356,0.998486996647184
load_25_to_75,B4 Cuk-adapted wavelet-KF,341,1,1,1.00319463370275,0.998515652013714
load_25_to_75,B4 Cuk-adapted wavelet-KF,342,1,1,1.0031462301618,0.99854376466497
load_25_to_75,B4 Cuk-adapted wavelet-KF,343,1,1,1.00309856000784,0.998571344879648
load_25_to_75,B4 Cuk-adapted wavelet-KF,344,1,1,1.00305161212893,0.998598402741776
load_25_to_75,B4 Cuk-adapted wavelet-KF,345,1,1,1.00300537558152,0.998624948144394
load_25_to_75,B4 Cuk-adapted wavelet-KF,346,1,1,1.00295983958786,0.998650990793175
load_25_to_75,B4 Cuk-adapted wavelet-KF,347,1,1,1.0029149935335,0.99867654020997
load_25_to_75,B4 Cuk-adapted wavelet-KF,348,1,1,1.00287082696481,0.998701605736297
load_25_to_75,B4 Cuk-adapted wavelet-KF,349,1,1,1.00282732958656,0.998726196536746
load_25_to_75,B4 Cuk-adapted wavelet-KF,350,1,1,1.00278449125949,0.998750321602338
load_25_to_75,B4 Cuk-adapted wavelet-KF,351,1,1,1.00274230199798,0.998773989753808
load_25_to_75,B4 Cuk-adapted wavelet-KF,352,1,1,1.00270075196771,0.998797209644835
load_25_to_75,B4 Cuk-adapted wavelet-KF,353,1,1,1.00265983148335,0.998819989765198
load_25_to_75,B4 Cuk-adapted wavelet-KF,354,1,1,1.00261953100633,0.998842338443887
load_25_to_75,B4 Cuk-adapted wavelet-KF,355,1,1,1.0025798411426,0.998864263852147
load_25_to_75,B4 Cuk-adapted wavelet-KF,356,1,1,1.00254075264043,0.998885774006462
load_25_to_75,B4 Cuk-adapted wavelet-KF,357,1,1,1.00250225638831,0.998906876771491
load_25_to_75,B4 Cuk-adapted wavelet-KF,358,1,1,1.00246434341273,0.99892757986294
load_25_to_75,B4 Cuk-adapted wavelet-KF,359,1,1,1.00242700487617,0.998947890850385
load_25_to_75,B4 Cuk-adapted wavelet-KF,360,1,1,1.00239023207502,0.998967817160036
load_25_to_75,B4 Cuk-adapted wavelet-KF,361,1,1,1.00235401643752,0.99898736607746
load_25_to_75,B4 Cuk-adapted wavelet-KF,362,1,1,1.0023183495218,0.999006544750235
load_25_to_75,B4 Cuk-adapted wavelet-KF,363,1,1,1.00228322301389,0.999025360190572
load_25_to_75,B4 Cuk-adapted wavelet-KF,364,1,1,1.0022486287258,0.999043819277872
load_25_to_75,B4 Cuk-adapted wavelet-KF,365,1,1,1.00221455859359,0.999061928761245
load_25_to_75,B4 Cuk-adapted wavelet-KF,366,1,1,1.00218100467551,0.999079695261979
load_25_to_75,B4 Cuk-adapted wavelet-KF,367,1,1,1.00214795915012,0.999097125275957
load_25_to_75,B4 Cuk-adapted wavelet-KF,368,1,1,1.00211541431451,0.999114225176034
load_25_to_75,B4 Cuk-adapted wavelet-KF,369,1,1,1.00208336258247,0.999131001214366
load_25_to_75,B4 Cuk-adapted wavelet-KF,370,1,1,1.00205179648274,0.9991474595247
load_25_to_75,B4 Cuk-adapted wavelet-KF,371,1,1,1.00202070865724,0.999163606124611
load_25_to_75,B4 Cuk-adapted wavelet-KF,372,1,1,1.00199009185941,0.999179446917706
load_25_to_75,B4 Cuk-adapted wavelet-KF,373,1,1,1.00195993895245,0.999194987695779
load_25_to_75,B4 Cuk-adapted wavelet-KF,374,1,1,1.00193024290771,0.999210234140935
load_25_to_75,B4 Cuk-adapted wavelet-KF,375,1,1,1.00190099680305,0.99922519182766
load_25_to_75,B4 Cuk-adapted wavelet-KF,376,1,1,1.00187219382119,0.999239866224863
load_25_to_75,B4 Cuk-adapted wavelet-KF,377,1,1,1.00184382724814,0.999254262697877
load_25_to_75,B4 Cuk-adapted wavelet-KF,378,1,1,1.00181589047165,0.999268386510417
load_25_to_75,B4 Cuk-adapted wavelet-KF,379,1,1,1.00178837697966,0.999282242826508
load_25_to_75,B4 Cuk-adapted wavelet-KF,380,1,1,1.00176128035875,0.99929583671237
load_25_to_75,B4 Cuk-adapted wavelet-KF,381,1,1,1.00173459429271,0.999309173138272
load_25_to_75,B4 Cuk-adapted wavelet-KF,382,1,1,1.001708312561,0.99932225698035
load_25_to_75,B4 Cuk-adapted wavelet-KF,383,1,1,1.00168242903735,0.999335093022389
load_25_to_75,B4 Cuk-adapted wavelet-KF,384,1,1,1.0016569376883,0.999347685957571
load_25_to_75,B4 Cuk-adapted wavelet-KF,385,1,1,1.00163183257181,0.999360040390193
load_25_to_75,B4 Cuk-adapted wavelet-KF,386,1,1,1.00160710783587,0.999372160837348
load_25_to_75,B4 Cuk-adapted wavelet-KF,387,1,1,1.00158275771715,0.99938405173058
load_25_to_75,B4 Cuk-adapted wavelet-KF,388,1,1,1.00155877653962,0.999395717417501
load_25_to_75,B4 Cuk-adapted wavelet-KF,389,1,1,1.00153515871326,0.999407162163382
load_25_to_75,B4 Cuk-adapted wavelet-KF,390,1,1,1.00151189873275,0.999418390152711
load_25_to_75,B4 Cuk-adapted wavelet-KF,391,1,1,1.0014889911762,0.999429405490728
load_25_to_75,B4 Cuk-adapted wavelet-KF,392,1,1,1.00146643070383,0.999440212204919
load_25_to_75,B4 Cuk-adapted wavelet-KF,393,1,1,1.0014442120568,0.999450814246493
load_25_to_75,B4 Cuk-adapted wavelet-KF,394,1,1,1.00142233005594,0.999461215491824
load_25_to_75,B4 Cuk-adapted wavelet-KF,395,1,1,1.00140077960055,0.999471419743873
load_25_to_75,B4 Cuk-adapted wavelet-KF,396,1,1,1.00137955566721,0.999481430733572
load_25_to_75,B4 Cuk-adapted wavelet-KF,397,1,1,1.00135865330861,0.999491252121194
load_25_to_75,B4 Cuk-adapted wavelet-KF,398,1,1,1.00133806765242,0.999500887497687
load_25_to_75,B4 Cuk-adapted wavelet-KF,399,1,1,1.00131779390011,0.999510340385988
load_25_to_75,B4 Cuk-adapted wavelet-KF,400,1,1,1.00129782732587,0.999519614242314
load_25_to_75,B4 Cuk-adapted wavelet-KF,401,1,1,1.00127816327548,0.999528712457421
load_25_to_75,B4 Cuk-adapted wavelet-KF,402,1,1,1.00125879716524,0.999537638357849
load_25_to_75,B4 Cuk-adapted wavelet-KF,403,1,1,1.00123972448092,0.999546395207132
load_25_to_75,B4 Cuk-adapted wavelet-KF,404,1,1,1.00122094077666,0.999554986206997
load_25_to_75,B4 Cuk-adapted wavelet-KF,405,1,1,1.00120244167399,0.999563414498531
load_25_to_75,B4 Cuk-adapted wavelet-KF,406,1,1,1.00118422286074,0.999571683163332
load_25_to_75,B4 Cuk-adapted wavelet-KF,407,1,1,1.00116628009013,0.999579795224632
load_25_to_75,B4 Cuk-adapted wavelet-KF,408,1,1,1.00114860917967,0.999587753648408
load_25_to_75,B4 Cuk-adapted wavelet-KF,409,1,1,1.00113120601028,0.999595561344461
load_25_to_75,B4 Cuk-adapted wavelet-KF,410,1,1,1.00111406652528,0.999603221167483
load_25_to_75,B4 Cuk-adapted wavelet-KF,411,1,1,1.00109718672944,0.999610735918099
load_25_to_75,B4 Cuk-adapted wavelet-KF,412,1,1,1.00108056268809,0.999618108343892
load_25_to_75,B4 Cuk-adapted wavelet-KF,413,1,1,1.00106419052614,0.999625341140409
load_25_to_75,B4 Cuk-adapted wavelet-KF,414,1,1,1.00104806642726,0.999632436952144
load_25_to_75,B4 Cuk-adapted wavelet-KF,415,1,1,1.00103218663291,0.999639398373505
load_25_to_75,B4 Cuk-adapted wavelet-KF,416,1,1,1.0010165474415,0.999646227949764
load_25_to_75,B4 Cuk-adapted wavelet-KF,417,1,1,1.00100114520754,0.999652928177989
load_25_to_75,B4 Cuk-adapted wavelet-KF,418,1,1,1.00098597634076,0.999659501507951
load_25_to_75,B4 Cuk-adapted wavelet-KF,419,1,1,1.00097103730529,0.999665950343028
load_25_to_75,B4 Cuk-adapted wavelet-KF,420,1,1,1.00095632461885,0.999672277041076
load_25_to_75,B4 Cuk-adapted wavelet-KF,421,1,1,1.0009418348519,0.999678483915298
load_25_to_75,B4 Cuk-adapted wavelet-KF,422,1,1,1.00092756462687,0.999684573235084
load_25_to_75,B4 Cuk-adapted wavelet-KF,423,1,1,1.00091351061737,0.999690547226844
load_25_to_75,B4 Cuk-adapted wavelet-KF,424,1,1,1.00089966954741,0.999696408074821
load_25_to_75,B4 Cuk-adapted wavelet-KF,425,1,1,1.00088603819063,0.999702157921888
load_25_to_75,B4 Cuk-adapted wavelet-KF,426,1,1,1.00087261336956,0.999707798870337
load_25_to_75,B4 Cuk-adapted wavelet-KF,427,1,1,1.00085939195487,0.999713332982642
load_25_to_75,B4 Cuk-adapted wavelet-KF,428,1,1,1.00084637086465,0.999718762282213
load_25_to_75,B4 Cuk-adapted wavelet-KF,429,1,1,1.00083354706367,0.999724088754141
load_25_to_75,B4 Cuk-adapted wavelet-KF,430,1,1,1.0008209175627,0.999729314345918
load_25_to_75,B4 Cuk-adapted wavelet-KF,431,1,1,1.00080847941781,0.999734440968155
load_25_to_75,B4 Cuk-adapted wavelet-KF,432,1,1,1.00079622972966,0.999739470495273
load_25_to_75,B4 Cuk-adapted wavelet-KF,433,1,1,1.00078416564285,0.999744404766196
load_25_to_75,B4 Cuk-adapted wavelet-KF,434,1,1,1.00077228434523,0.999749245585018
load_25_to_75,B4 Cuk-adapted wavelet-KF,435,1,1,1.00076058306727,0.999753994721665
load_25_to_75,B4 Cuk-adapted wavelet-KF,436,1,1,1.00074905908141,0.999758653912543
load_25_to_75,B4 Cuk-adapted wavelet-KF,437,1,1,1.00073770970138,0.999763224861169
load_25_to_75,B4 Cuk-adapted wavelet-KF,438,1,1,1.00072653228167,0.999767709238798
load_25_to_75,B4 Cuk-adapted wavelet-KF,439,1,1,1.00071552421679,0.999772108685033
load_25_to_75,B4 Cuk-adapted wavelet-KF,440,1,1,1.00070468294078,0.999776424808423
load_25_to_75,B4 Cuk-adapted wavelet-KF,441,1,1,1.00069400592653,0.999780659187051
load_25_to_75,B4 Cuk-adapted wavelet-KF,442,1,1,1.00068349068522,0.999784813369114
load_25_to_75,B4 Cuk-adapted wavelet-KF,443,1,1,1.00067313476574,0.999788888873487
load_25_to_75,B4 Cuk-adapted wavelet-KF,444,1,1,1.00066293575414,0.999792887190277
load_25_to_75,B4 Cuk-adapted wavelet-KF,445,1,1,1.00065289127302,0.999796809781371
load_25_to_75,B4 Cuk-adapted wavelet-KF,446,1,1,1.000642998981,0.999800658080966
load_25_to_75,B4 Cuk-adapted wavelet-KF,447,1,1,1.0006332565722,0.999804433496099
load_25_to_75,B4 Cuk-adapted wavelet-KF,448,1,1,1.00062366177565,0.999808137407158
load_25_to_75,B4 Cuk-adapted wavelet-KF,449,1,1,1.00061421235481,0.999811771168386
load_25_to_75,B4 Cuk-adapted wavelet-KF,450,1,1,1.00060490610701,0.999815336108378
load_25_to_75,B4 Cuk-adapted wavelet-KF,451,1,1,1.00059574086296,0.999818833530568
load_25_to_75,B4 Cuk-adapted wavelet-KF,452,1,1,1.00058671448625,0.999822264713701
load_25_to_75,B4 Cuk-adapted wavelet-KF,453,1,1,1.00057782487282,0.999825630912306
load_25_to_75,B4 Cuk-adapted wavelet-KF,454,1,1,1.00056906995051,0.999828933357148
load_25_to_75,B4 Cuk-adapted wavelet-KF,455,1,1,1.00056044767853,0.999832173255687
load_25_to_75,B4 Cuk-adapted wavelet-KF,456,1,1,1.00055195604704,0.999835351792511
load_25_to_75,B4 Cuk-adapted wavelet-KF,457,1,1,1.00054359307663,0.999838470129774
load_25_to_75,B4 Cuk-adapted wavelet-KF,458,1,1,1.00053535681789,0.99984152940762
load_25_to_75,B4 Cuk-adapted wavelet-KF,459,1,1,1.00052724535095,0.999844530744596
load_25_to_75,B4 Cuk-adapted wavelet-KF,460,1,1,1.00051925678503,0.99984747523807
load_25_to_75,B4 Cuk-adapted wavelet-KF,461,1,1,1.00051138925798,0.999850363964622
load_25_to_75,B4 Cuk-adapted wavelet-KF,462,1,1,1.00050364093589,0.999853197980443
load_25_to_75,B4 Cuk-adapted wavelet-KF,463,1,1,1.00049601001262,0.999855978321723
load_25_to_75,B4 Cuk-adapted wavelet-KF,464,1,1,1.0004884947094,0.999858706005023
load_25_to_75,B4 Cuk-adapted wavelet-KF,465,1,1,1.00048109327441,0.999861382027656
load_25_to_75,B4 Cuk-adapted wavelet-KF,466,1,1,1.00047380398237,0.999864007368041
load_25_to_75,B4 Cuk-adapted wavelet-KF,467,1,1,1.00046662513415,0.99986658298607
load_25_to_75,B4 Cuk-adapted wavelet-KF,468,1,1,1.00045955505636,0.999869109823455
load_25_to_75,B4 Cuk-adapted wavelet-KF,469,1,1,1.00045259210097,0.999871588804072
load_25_to_75,B4 Cuk-adapted wavelet-KF,470,1,1,1.00044573464489,0.999874020834298
load_25_to_75,B4 Cuk-adapted wavelet-KF,471,1,1,1.00043898108966,0.999876406803345
load_25_to_75,B4 Cuk-adapted wavelet-KF,472,1,1,1.00043232986103,0.999878747583585
load_25_to_75,B4 Cuk-adapted wavelet-KF,473,1,1,1.00042577940859,0.999881044030865
load_25_to_75,B4 Cuk-adapted wavelet-KF,474,1,1,1.00041932820543,0.999883296984826
load_25_to_75,B4 Cuk-adapted wavelet-KF,475,1,1,1.00041297474778,0.999885507269204
load_25_to_75,B4 Cuk-adapted wavelet-KF,476,1,1,1.00040671755463,0.999887675692136
load_25_to_75,B4 Cuk-adapted wavelet-KF,477,1,1,1.00040055516744,0.999889803046452
load_25_to_75,B4 Cuk-adapted wavelet-KF,478,1,1,1.00039448614975,0.999891890109966
load_25_to_75,B4 Cuk-adapted wavelet-KF,479,1,1,1.00038850908687,0.999893937645762
load_25_to_75,B4 Cuk-adapted wavelet-KF,480,1,1,1.00038262258556,0.999895946402471
load_25_to_75,B4 Cuk-adapted wavelet-KF,481,1,1,1.00037682527365,0.999897917114546
load_25_to_75,B4 Cuk-adapted wavelet-KF,482,1,1,1.00037111579981,0.999899850502528
load_25_to_75,B4 Cuk-adapted wavelet-KF,483,1,1,1.00036549283315,0.999901747273313
load_25_to_75,B4 Cuk-adapted wavelet-KF,484,1,1,1.00035995506295,0.999903608120409
load_25_to_75,B4 Cuk-adapted wavelet-KF,485,1,1,1.00035450119836,0.999905433724189
load_25_to_75,B4 Cuk-adapted wavelet-KF,486,1,1,1.00034912996808,0.99990722475214
load_25_to_75,B4 Cuk-adapted wavelet-KF,487,1,1,1.00034384012008,0.999908981859107
load_25_to_75,B4 Cuk-adapted wavelet-KF,488,1,1,1.00033863042129,0.999910705687533
load_25_to_75,B4 Cuk-adapted wavelet-KF,489,1,1,1.00033349965733,0.999912396867694
load_25_to_75,B4 Cuk-adapted wavelet-KF,490,1,1,1.00032844663222,0.999914056017927
load_25_to_75,B4 Cuk-adapted wavelet-KF,491,1,1,1.00032347016809,0.99991568374486
load_25_to_75,B4 Cuk-adapted wavelet-KF,492,1,1,1.00031856910494,0.999917280643632
load_25_to_75,B4 Cuk-adapted wavelet-KF,493,1,1,1.00031374230032,0.999918847298108
load_25_to_75,B4 Cuk-adapted wavelet-KF,494,1,1,1.0003089886291,0.999920384281099
load_25_to_75,B4 Cuk-adapted wavelet-KF,495,1,1,1.00030430698321,0.999921892154563
load_25_to_75,B4 Cuk-adapted wavelet-KF,496,1,1,1.00029969627134,0.999923371469817
load_25_to_75,B4 Cuk-adapted wavelet-KF,497,1,1,1.00029515541875,0.999924822767738
load_25_to_75,B4 Cuk-adapted wavelet-KF,498,1,1,1.00029068336695,0.999926246578955
load_25_to_75,B4 Cuk-adapted wavelet-KF,499,1,1,1.00028627907351,0.99992764342405
load_25_to_75,B4 Cuk-adapted wavelet-KF,500,1,1,1.00028194151179,0.999929013813746
load_25_to_75,B4 Cuk-adapted wavelet-KF,501,1,1,1.0002776696707,0.999930358249092
load_25_to_75,B4 Cuk-adapted wavelet-KF,502,1,1,1.00027346255448,0.999931677221647
load_25_to_75,B4 Cuk-adapted wavelet-KF,503,1,1,1.00026931918244,0.999932971213661
load_25_to_75,B4 Cuk-adapted wavelet-KF,504,1,1,1.00026523858877,0.999934240698251
load_25_to_75,B4 Cuk-adapted wavelet-KF,505,1,1,1.00026121982227,0.999935486139572
load_25_to_75,B4 Cuk-adapted wavelet-KF,506,1,1,1.00025726194618,0.999936707992989
load_25_to_75,B4 Cuk-adapted wavelet-KF,507,1,1,1.0002533640379,0.999937906705243
load_25_to_75,B4 Cuk-adapted wavelet-KF,508,1,1,1.00024952518884,0.999939082714614
load_25_to_75,B4 Cuk-adapted wavelet-KF,509,1,1,1.00024574450416,0.999940236451079
load_25_to_75,B4 Cuk-adapted wavelet-KF,510,1,1,1.00024202110258,0.999941368336476
load_25_to_75,B4 Cuk-adapted wavelet-KF,511,1,1,1.00023835411618,0.999942478784648
load_25_to_75,B4 Cuk-adapted wavelet-KF,512,1,1,1.00023474269018,0.999943568201606
load_25_to_75,B4 Cuk-adapted wavelet-KF,513,1,1,1.00023118598275,0.999944636985666
load_25_to_75,B4 Cuk-adapted wavelet-KF,514,1,1,1.00022768316483,0.999945685527604
load_25_to_75,B4 Cuk-adapted wavelet-KF,515,1,1,1.00022423341991,0.999946714210794
load_25_to_75,B4 Cuk-adapted wavelet-KF,516,1,1,1.00022083594385,0.999947723411347
load_25_to_75,B4 Cuk-adapted wavelet-KF,517,1,1,1.0002174899447,0.999948713498253
load_25_to_75,B4 Cuk-adapted wavelet-KF,518,1,1,1.00021419464251,0.999949684833514
load_25_to_75,B4 Cuk-adapted wavelet-KF,519,1,1,1.00021094926914,0.999950637772273
load_25_to_75,B4 Cuk-adapted wavelet-KF,520,1,1,1.00020775306809,0.999951572662949
load_25_to_75,B4 Cuk-adapted wavelet-KF,521,1,1,1.00020460529433,0.999952489847363
load_25_to_75,B4 Cuk-adapted wavelet-KF,522,1,1,1.00020150521411,0.99995338966086
load_25_to_75,B4 Cuk-adapted wavelet-KF,523,1,1,1.00019845210481,0.999954272432435
load_25_to_75,B4 Cuk-adapted wavelet-KF,524,1,1,1.00019544525474,0.999955138484851
load_25_to_75,B4 Cuk-adapted wavelet-KF,525,1,1,1.000192483963,0.999955988134759
load_25_to_75,B4 Cuk-adapted wavelet-KF,526,1,1,1.00018956753931,0.999956821692813
load_25_to_75,B4 Cuk-adapted wavelet-KF,527,1,1,1.00018669530387,0.999957639463782
load_25_to_75,B4 Cuk-adapted wavelet-KF,528,1,1,1.00018386658715,0.999958441746665
load_25_to_75,B4 Cuk-adapted wavelet-KF,529,1,1,1.00018108072976,0.999959228834796
load_25_to_75,B4 Cuk-adapted wavelet-KF,530,1,1,1.00017833708234,0.999960001015956
load_25_to_75,B4 Cuk-adapted wavelet-KF,531,1,1,1.00017563500534,0.999960758572472
load_25_to_75,B4 Cuk-adapted wavelet-KF,532,1,1,1.00017297386889,0.999961501781326
load_25_to_75,B4 Cuk-adapted wavelet-KF,533,1,1,1.0001703530527,0.999962230914256
load_25_to_75,B4 Cuk-adapted wavelet-KF,534,1,1,1.00016777194584,0.999962946237849
load_25_to_75,B4 Cuk-adapted wavelet-KF,535,1,1,1.00016522994666,0.999963648013648
load_25_to_75,B4 Cuk-adapted wavelet-KF,536,1,1,1.00016272646262,0.999964336498238
load_25_to_75,B4 Cuk-adapted wavelet-KF,537,1,1,1.00016026091016,0.999965011943347
load_25_to_75,B4 Cuk-adapted wavelet-KF,538,1,1,1.00015783271455,0.999965674595935
load_25_to_75,B4 Cuk-adapted wavelet-KF,539,1,1,1.00015544130978,0.999966324698285
load_25_to_75,B4 Cuk-adapted wavelet-KF,540,1,1,1.00015308613842,0.99996696248809
load_25_to_75,B4 Cuk-adapted wavelet-KF,541,1,1,1.00015076665148,0.999967588198543
load_25_to_75,B4 Cuk-adapted wavelet-KF,542,1,1,1.00014848230827,0.999968202058419
load_25_to_75,B4 Cuk-adapted wavelet-KF,543,1,1,1.00014623257633,0.999968804292161
load_25_to_75,B4 Cuk-adapted wavelet-KF,544,1,1,1.00014401693123,0.999969395119961
load_25_to_75,B4 Cuk-adapted wavelet-KF,545,1,1,1.00014183485652,0.99996997475784
load_25_to_75,B4 Cuk-adapted wavelet-KF,546,1,1,1.00013968584354,0.99997054341773
load_25_to_75,B4 Cuk-adapted wavelet-KF,547,1,1,1.00013756939136,0.999971101307546
load_25_to_75,B4 Cuk-adapted wavelet-KF,548,1,1,1.00013548500665,0.999971648631266
load_25_to_75,B4 Cuk-adapted wavelet-KF,549,1,1,1.00013343220352,0.999972185589007
load_25_to_75,B4 Cuk-adapted wavelet-KF,550,1,1,1.00013141050346,0.999972712377094
load_25_to_75,B4 Cuk-adapted wavelet-KF,551,1,1,1.00012941943523,0.999973229188134
load_25_to_75,B4 Cuk-adapted wavelet-KF,552,1,1,1.00012745853469,0.999973736211086
load_25_to_75,B4 Cuk-adapted wavelet-KF,553,1,1,1.00012552734477,0.999974233631331
load_25_to_75,B4 Cuk-adapted wavelet-KF,554,1,1,1.00012362541531,0.999974721630737
load_25_to_75,B4 Cuk-adapted wavelet-KF,555,1,1,1.00012175230295,0.999975200387731
load_25_to_75,B4 Cuk-adapted wavelet-KF,556,1,1,1.00011990757109,0.999975670077357
load_25_to_75,B4 Cuk-adapted wavelet-KF,557,1,1,1.00011809078971,0.999976130871347
load_25_to_75,B4 Cuk-adapted wavelet-KF,558,1,1,1.00011630153532,0.999976582938177
load_25_to_75,B4 Cuk-adapted wavelet-KF,559,1,1,1.00011453939085,0.999977026443136
load_25_to_75,B4 Cuk-adapted wavelet-KF,560,1,1,1.00011280394553,0.99997746154838
load_25_to_75,B4 Cuk-adapted wavelet-KF,561,1,1,1.00011109479484,0.999977888412994
load_25_to_75,B4 Cuk-adapted wavelet-KF,562,1,1,1.00010941154037,0.99997830719305
load_25_to_75,B4 Cuk-adapted wavelet-KF,563,1,1,1.00010775378976,0.999978718041667
load_25_to_75,B4 Cuk-adapted wavelet-KF,564,1,1,1.00010612115658,0.99997912110906
load_25_to_75,B4 Cuk-adapted wavelet-KF,565,1,1,1.00010451326027,0.9999795165426
load_25_to_75,B4 Cuk-adapted wavelet-KF,566,1,1,1.00010292972603,0.999979904486869
load_25_to_75,B4 Cuk-adapted wavelet-KF,567,1,1,1.00010137018472,0.999980285083709
load_25_to_75,B4 Cuk-adapted wavelet-KF,568,1,1,1.00009983427283,0.999980658472275
load_25_to_75,B4 Cuk-adapted wavelet-KF,569,1,1,1.00009832163234,0.999981024789088
load_25_to_75,B4 Cuk-adapted wavelet-KF,570,1,1,1.00009683191063,0.999981384168082
load_25_to_75,B4 Cuk-adapted wavelet-KF,571,1,1,1.00009536476047,0.999981736740657
load_25_to_75,B4 Cuk-adapted wavelet-KF,572,1,1,1.00009391983986,0.99998208263572
load_25_to_75,B4 Cuk-adapted wavelet-KF,573,1,1,1.00009249681198,0.999982421979741
load_25_to_75,B4 Cuk-adapted wavelet-KF,574,1,1,1.00009109534513,0.999982754896791
load_25_to_75,B4 Cuk-adapted wavelet-KF,575,1,1,1.00008971511263,0.999983081508594
load_25_to_75,B4 Cuk-adapted wavelet-KF,576,1,1,1.00008835579274,0.999983401934568
load_25_to_75,B4 Cuk-adapted wavelet-KF,577,1,1,1.00008701706861,0.999983716291868
load_25_to_75,B4 Cuk-adapted wavelet-KF,578,1,1,1.00008569862818,0.999984024695431
load_25_to_75,B4 Cuk-adapted wavelet-KF,579,1,1,1.00008440016411,0.999984327258017
load_25_to_75,B4 Cuk-adapted wavelet-KF,580,1,1,1.00008312137375,0.999984624090252
load_25_to_75,B4 Cuk-adapted wavelet-KF,581,1,1,1.000081861959,0.999984915300664
load_25_to_75,B4 Cuk-adapted wavelet-KF,582,1,1,1.00008062162628,0.999985200995727
load_25_to_75,B4 Cuk-adapted wavelet-KF,583,1,1,1.00007940008649,0.999985481279899
load_25_to_75,B4 Cuk-adapted wavelet-KF,584,1,1,1.00007819705488,0.999985756255658
load_25_to_75,B4 Cuk-adapted wavelet-KF,585,1,1,1.00007701225102,0.999986026023543
load_25_to_75,B4 Cuk-adapted wavelet-KF,586,1,1,1.00007584539873,0.999986290682188
load_25_to_75,B4 Cuk-adapted wavelet-KF,587,1,1,1.00007469622602,0.999986550328359
load_25_to_75,B4 Cuk-adapted wavelet-KF,588,1,1,1.00007356446502,0.999986805056989
load_25_to_75,B4 Cuk-adapted wavelet-KF,589,1,1,1.00007244985191,0.999987054961212
load_25_to_75,B4 Cuk-adapted wavelet-KF,590,1,1,1.00007135212688,0.999987300132401
load_25_to_75,B4 Cuk-adapted wavelet-KF,591,1,1,1.00007027103405,0.999987540660197
load_25_to_75,B4 Cuk-adapted wavelet-KF,592,1,1,1.00006920632142,0.999987776632542
load_25_to_75,B4 Cuk-adapted wavelet-KF,593,1,1,1.00006815774079,0.999988008135713
load_25_to_75,B4 Cuk-adapted wavelet-KF,594,1,1,1.00006712504775,0.999988235254355
load_25_to_75,B4 Cuk-adapted wavelet-KF,595,1,1,1.00006610800157,0.999988458071507
load_25_to_75,B4 Cuk-adapted wavelet-KF,596,1,1,1.00006510636518,0.999988676668638
load_25_to_75,B4 Cuk-adapted wavelet-KF,597,1,1,1.0000641199051,0.999988891125671
load_25_to_75,B4 Cuk-adapted wavelet-KF,598,1,1,1.00006314839139,0.999989101521018
load_25_to_75,B4 Cuk-adapted wavelet-KF,599,1,1,1.00006219159758,0.999989307931605
load_25_to_75,TS-SLTVKE,0,1,1,1,1
load_25_to_75,TS-SLTVKE,1,1,1,1,1
load_25_to_75,TS-SLTVKE,2,1,1,1,1
load_25_to_75,TS-SLTVKE,3,1,1,1,1
load_25_to_75,TS-SLTVKE,4,1,1,1,1
load_25_to_75,TS-SLTVKE,5,1,1,1,1
load_25_to_75,TS-SLTVKE,6,1,1,1,1
load_25_to_75,TS-SLTVKE,7,1,1,1,1
load_25_to_75,TS-SLTVKE,8,1,1,1,1
load_25_to_75,TS-SLTVKE,9,1,1,1,1
load_25_to_75,TS-SLTVKE,10,1,1,1,1
load_25_to_75,TS-SLTVKE,11,1,1,1,1
load_25_to_75,TS-SLTVKE,12,1,1,1,1
load_25_to_75,TS-SLTVKE,13,1,1,1,1
load_25_to_75,TS-SLTVKE,14,1,1,1,1
load_25_to_75,TS-SLTVKE,15,1,1,1,1
load_25_to_75,TS-SLTVKE,16,1,1,1,1
load_25_to_75,TS-SLTVKE,17,1,1,1,1
load_25_to_75,TS-SLTVKE,18,1,1,1,1
load_25_to_75,TS-SLTVKE,19,1,1,1,1
load_25_to_75,TS-SLTVKE,20,1,1,1,1
load_25_to_75,TS-SLTVKE,21,1,1,1,1
load_25_to_75,TS-SLTVKE,22,1,1,1,1
load_25_to_75,TS-SLTVKE,23,1,1,1,1
load_25_to_75,TS-SLTVKE,24,1,1,1,1
load_25_to_75,TS-SLTVKE,25,1,1,1,1
load_25_to_75,TS-SLTVKE,26,1,1,1,1
load_25_to_75,TS-SLTVKE,27,1,1,1,1
load_25_to_75,TS-SLTVKE,28,1,1,1,1
load_25_to_75,TS-SLTVKE,29,1,1,1,1
load_25_to_75,TS-SLTVKE,30,1,1,1,1
load_25_to_75,TS-SLTVKE,31,1,1,1,1
load_25_to_75,TS-SLTVKE,32,1,1,1,1
load_25_to_75,TS-SLTVKE,33,1,1,1,1
load_25_to_75,TS-SLTVKE,34,1,1,1,1
load_25_to_75,TS-SLTVKE,35,1,1,1,1
load_25_to_75,TS-SLTVKE,36,1,1,1,1
load_25_to_75,TS-SLTVKE,37,1,1,1,1
load_25_to_75,TS-SLTVKE,38,1,1,1,1
load_25_to_75,TS-SLTVKE,39,1,1,1,1
load_25_to_75,TS-SLTVKE,40,1,1,1,1
load_25_to_75,TS-SLTVKE,41,1,1,1,1
load_25_to_75,TS-SLTVKE,42,1,1,1,1
load_25_to_75,TS-SLTVKE,43,1,1,1,1
load_25_to_75,TS-SLTVKE,44,1,1,1,1
load_25_to_75,TS-SLTVKE,45,1,1,1,1
load_25_to_75,TS-SLTVKE,46,1,1,1,1
load_25_to_75,TS-SLTVKE,47,1,1,1,1
load_25_to_75,TS-SLTVKE,48,1,1,1,1
load_25_to_75,TS-SLTVKE,49,1,1,1,1
load_25_to_75,TS-SLTVKE,50,1,1,1,1
load_25_to_75,TS-SLTVKE,51,1,1,1,1
load_25_to_75,TS-SLTVKE,52,1,1,1,1
load_25_to_75,TS-SLTVKE,53,1,1,1,1
load_25_to_75,TS-SLTVKE,54,1,1,1,1
load_25_to_75,TS-SLTVKE,55,1,1,1,1
load_25_to_75,TS-SLTVKE,56,1,1,1,1
load_25_to_75,TS-SLTVKE,57,1,1,1,1
load_25_to_75,TS-SLTVKE,58,1,1,1,1
load_25_to_75,TS-SLTVKE,59,1,1,1,1
load_25_to_75,TS-SLTVKE,60,1,1,1,1
load_25_to_75,TS-SLTVKE,61,1,1,1,1
load_25_to_75,TS-SLTVKE,62,1,1,1,1
load_25_to_75,TS-SLTVKE,63,1,1,1,1
load_25_to_75,TS-SLTVKE,64,1,1,1,1
load_25_to_75,TS-SLTVKE,65,1,1,1,1
load_25_to_75,TS-SLTVKE,66,1,1,1,1
load_25_to_75,TS-SLTVKE,67,1,1,1,1
load_25_to_75,TS-SLTVKE,68,1,1,1,1
load_25_to_75,TS-SLTVKE,69,1,1,1,1
load_25_to_75,TS-SLTVKE,70,1,1,1,1
load_25_to_75,TS-SLTVKE,71,1,1,1,1
load_25_to_75,TS-SLTVKE,72,1,1,1,1
load_25_to_75,TS-SLTVKE,73,1,1,1,1
load_25_to_75,TS-SLTVKE,74,1,1,1,1
load_25_to_75,TS-SLTVKE,75,1,1,1,1
load_25_to_75,TS-SLTVKE,76,1,1,1,1
load_25_to_75,TS-SLTVKE,77,1,1,1,1
load_25_to_75,TS-SLTVKE,78,1,1,1,1
load_25_to_75,TS-SLTVKE,79,1,1,1,1
load_25_to_75,TS-SLTVKE,80,1,1,1,1
load_25_to_75,TS-SLTVKE,81,1,1,1,1
load_25_to_75,TS-SLTVKE,82,1,1,1,1
load_25_to_75,TS-SLTVKE,83,1,1,1,1
load_25_to_75,TS-SLTVKE,84,1,1,1,1
load_25_to_75,TS-SLTVKE,85,1,1,1,1
load_25_to_75,TS-SLTVKE,86,1,1,1,1
load_25_to_75,TS-SLTVKE,87,1,1,1,1
load_25_to_75,TS-SLTVKE,88,1,1,1,1
load_25_to_75,TS-SLTVKE,89,1,1,1,1
load_25_to_75,TS-SLTVKE,90,1,1,1,1
load_25_to_75,TS-SLTVKE,91,1,1,1,1
load_25_to_75,TS-SLTVKE,92,1,1,1,1
load_25_to_75,TS-SLTVKE,93,1,1,1,1
load_25_to_75,TS-SLTVKE,94,1,1,1,1
load_25_to_75,TS-SLTVKE,95,1,1,1,1
load_25_to_75,TS-SLTVKE,96,1,1,1,1
load_25_to_75,TS-SLTVKE,97,1,1,1,1
load_25_to_75,TS-SLTVKE,98,1,1,1,1
load_25_to_75,TS-SLTVKE,99,1,1,1,1
load_25_to_75,TS-SLTVKE,100,1,1,1,1
load_25_to_75,TS-SLTVKE,101,1,1,1,1
load_25_to_75,TS-SLTVKE,102,1,1,1,1
load_25_to_75,TS-SLTVKE,103,1,1,1,1
load_25_to_75,TS-SLTVKE,104,1,1,1,1
load_25_to_75,TS-SLTVKE,105,1,1,1,1
load_25_to_75,TS-SLTVKE,106,1,1,1,1
load_25_to_75,TS-SLTVKE,107,1,1,1,1
load_25_to_75,TS-SLTVKE,108,1,1,1,1
load_25_to_75,TS-SLTVKE,109,1,1,1,1
load_25_to_75,TS-SLTVKE,110,1,1,1,1
load_25_to_75,TS-SLTVKE,111,1,1,1,1
load_25_to_75,TS-SLTVKE,112,1,1,1,1
load_25_to_75,TS-SLTVKE,113,1,1,1,1
load_25_to_75,TS-SLTVKE,114,1,1,1,1
load_25_to_75,TS-SLTVKE,115,1,1,1,1
load_25_to_75,TS-SLTVKE,116,1,1,1,1
load_25_to_75,TS-SLTVKE,117,1,1,1,1
load_25_to_75,TS-SLTVKE,118,1,1,1,1
load_25_to_75,TS-SLTVKE,119,1,1,1,1
load_25_to_75,TS-SLTVKE,120,1,1,1,1
load_25_to_75,TS-SLTVKE,121,1,1,1,1
load_25_to_75,TS-SLTVKE,122,1,1,1,1
load_25_to_75,TS-SLTVKE,123,1,1,1,1
load_25_to_75,TS-SLTVKE,124,1,1,1,1
load_25_to_75,TS-SLTVKE,125,1,1,1,1
load_25_to_75,TS-SLTVKE,126,1,1,1,1
load_25_to_75,TS-SLTVKE,127,1,1,1,1
load_25_to_75,TS-SLTVKE,128,1,1,1,1
load_25_to_75,TS-SLTVKE,129,1,1,1,1
load_25_to_75,TS-SLTVKE,130,1,1,1,1
load_25_to_75,TS-SLTVKE,131,1,1,1,1
load_25_to_75,TS-SLTVKE,132,1,1,1,1
load_25_to_75,TS-SLTVKE,133,1,1,1,1
load_25_to_75,TS-SLTVKE,134,1,1,1,1
load_25_to_75,TS-SLTVKE,135,1,1,1,1
load_25_to_75,TS-SLTVKE,136,1,1,1,1
load_25_to_75,TS-SLTVKE,137,1,1,1,1
load_25_to_75,TS-SLTVKE,138,1,1,1,1
load_25_to_75,TS-SLTVKE,139,1,1,1,1
load_25_to_75,TS-SLTVKE,140,1,1,1,1
load_25_to_75,TS-SLTVKE,141,1,1,1,1
load_25_to_75,TS-SLTVKE,142,1,1,1,1
load_25_to_75,TS-SLTVKE,143,1,1,1,1
load_25_to_75,TS-SLTVKE,144,1,1,1,1
load_25_to_75,TS-SLTVKE,145,1,1,1,1
load_25_to_75,TS-SLTVKE,146,1,1,1,1
load_25_to_75,TS-SLTVKE,147,1,1,1,1
load_25_to_75,TS-SLTVKE,148,1,1,1,1
load_25_to_75,TS-SLTVKE,149,1,1,1,1
load_25_to_75,TS-SLTVKE,150,1,1,1,1
load_25_to_75,TS-SLTVKE,151,1,1,1,1
load_25_to_75,TS-SLTVKE,152,1,1,1,1
load_25_to_75,TS-SLTVKE,153,1,1,1,1
load_25_to_75,TS-SLTVKE,154,1,1,1,1
load_25_to_75,TS-SLTVKE,155,1,1,1,1
load_25_to_75,TS-SLTVKE,156,1,1,1,1
load_25_to_75,TS-SLTVKE,157,1,1,1,1
load_25_to_75,TS-SLTVKE,158,1,1,1,1
load_25_to_75,TS-SLTVKE,159,1,1,1,1
load_25_to_75,TS-SLTVKE,160,1,1,1,1
load_25_to_75,TS-SLTVKE,161,1,1,1,1
load_25_to_75,TS-SLTVKE,162,1,1,1,1
load_25_to_75,TS-SLTVKE,163,1,1,1,1
load_25_to_75,TS-SLTVKE,164,1,1,1,1
load_25_to_75,TS-SLTVKE,165,1,1,1,1
load_25_to_75,TS-SLTVKE,166,1,1,1,1
load_25_to_75,TS-SLTVKE,167,1,1,1,1
load_25_to_75,TS-SLTVKE,168,1,1,1,1
load_25_to_75,TS-SLTVKE,169,1,1,1,1
load_25_to_75,TS-SLTVKE,170,1,1,1,1
load_25_to_75,TS-SLTVKE,171,1,1,1,1
load_25_to_75,TS-SLTVKE,172,1,1,1,1
load_25_to_75,TS-SLTVKE,173,1,1,1,1
load_25_to_75,TS-SLTVKE,174,1,1,1,1
load_25_to_75,TS-SLTVKE,175,1,1,1,1
load_25_to_75,TS-SLTVKE,176,1,1,1,1
load_25_to_75,TS-SLTVKE,177,1,1,1,1
load_25_to_75,TS-SLTVKE,178,1,1,1,1
load_25_to_75,TS-SLTVKE,179,1,1,1,1
load_25_to_75,TS-SLTVKE,180,1,1,1,1
load_25_to_75,TS-SLTVKE,181,1,1,1,1
load_25_to_75,TS-SLTVKE,182,1,1,1,1
load_25_to_75,TS-SLTVKE,183,1,1,1,1
load_25_to_75,TS-SLTVKE,184,1,1,1,1
load_25_to_75,TS-SLTVKE,185,1,1,1,1
load_25_to_75,TS-SLTVKE,186,1,1,1,1
load_25_to_75,TS-SLTVKE,187,1,1,1,1
load_25_to_75,TS-SLTVKE,188,1,1,1,1
load_25_to_75,TS-SLTVKE,189,1,1,1,1
load_25_to_75,TS-SLTVKE,190,1,1,1,1
load_25_to_75,TS-SLTVKE,191,1,1,1,1
load_25_to_75,TS-SLTVKE,192,1,1,1,1
load_25_to_75,TS-SLTVKE,193,1,1,1,1
load_25_to_75,TS-SLTVKE,194,1,1,1,1
load_25_to_75,TS-SLTVKE,195,1,1,1,1
load_25_to_75,TS-SLTVKE,196,1,1,1,1
load_25_to_75,TS-SLTVKE,197,1,1,1,1
load_25_to_75,TS-SLTVKE,198,1,1,1,1
load_25_to_75,TS-SLTVKE,199,1,1,1,1
load_25_to_75,TS-SLTVKE,200,1,1,1.009,0.9928
load_25_to_75,TS-SLTVKE,201,1,1,1.00876315789474,0.993036842105263
load_25_to_75,TS-SLTVKE,202,1,1,1.00853254847645,0.993265893351801
load_25_to_75,TS-SLTVKE,203,1,1,1.00830800772707,0.99348741001786
load_25_to_75,TS-SLTVKE,204,1,1,1.00808937594478,0.993701639951483
load_25_to_75,TS-SLTVKE,205,1,1,1.00787649763045,0.993908822847816
load_25_to_75,TS-SLTVKE,206,1,1,1.00766922137701,0.994109190517295
load_25_to_75,TS-SLTVKE,207,1,1,1.00746739976183,0.994302967145016
load_25_to_75,TS-SLTVKE,208,1,1,1.00727088924178,0.994490369541562
load_25_to_75,TS-SLTVKE,209,1,1,1.00707955005121,0.994671607385589
load_25_to_75,TS-SLTVKE,210,1,1,1.00689324610249,0.994846883458432
load_25_to_75,TS-SLTVKE,211,1,1,1.00671184488927,0.995016393870983
load_25_to_75,TS-SLTVKE,212,1,1,1.00653521739218,0.995180328283122
load_25_to_75,TS-SLTVKE,213,1,1,1.00636323798712,0.995338870115914
load_25_to_75,TS-SLTVKE,214,1,1,1.00619578435588,0.995492196756838
load_25_to_75,TS-SLTVKE,215,1,1,1.00603273739915,0.995640479758258
load_25_to_75,TS-SLTVKE,216,1,1,1.0058739811518,0.995783885029368
load_25_to_75,TS-SLTVKE,217,1,1,1.00571940270044,0.995922573021823
load_25_to_75,TS-SLTVKE,218,1,1,1.00556889210306,0.996056698909263
load_25_to_75,TS-SLTVKE,219,1,1,1.00542234231088,0.996186412760932
load_25_to_75,TS-SLTVKE,220,1,1,1.00527964909217,0.996311859709585
load_25_to_75,TS-SLTVKE,221,1,1,1.00514071095816,0.996433180113875
load_25_to_75,TS-SLTVKE,222,1,1,1.00500542909084,0.996550509715392
load_25_to_75,TS-SLTVKE,223,1,1,1.00487370727266,0.996663979790544
load_25_to_75,TS-SLTVKE,224,1,1,1.00474545181812,0.996773717297434
load_25_to_75,TS-SLTVKE,225,1,1,1.00462057150712,0.996879845017913
load_25_to_75,TS-SLTVKE,226,1,1,1.00449897752009,0.996982481694956
load_25_to_75,TS-SLTVKE,227,1,1,1.00438058337482,0.997081742165516
load_25_to_75,TS-SLTVKE,228,1,1,1.00426530486496,0.997177737489019
load_25_to_75,TS-SLTVKE,229,1,1,1.00415306000009,0.997270575071617
load_25_to_75,TS-SLTVKE,230,1,1,1.00404376894746,0.997360358786366
load_25_to_75,TS-SLTVKE,231,1,1,1.00393735397516,0.997447189089447
load_25_to_75,TS-SLTVKE,232,1,1,1.00383373939686,0.997531163132557
load_25_to_75,TS-SLTVKE,233,1,1,1.003732851518,0.997612374871617
load_25_to_75,TS-SLTVKE,234,1,1,1.00363461858331,0.997690915171893
load_25_to_75,TS-SLTVKE,235,1,1,1.00353897072586,0.99776687190966
load_25_to_75,TS-SLTVKE,236,1,1,1.00344583991728,0.997840330070526
load_25_to_75,TS-SLTVKE,237,1,1,1.00335515991946,0.997911371844522
load_25_to_75,TS-SLTVKE,238,1,1,1.00326686623737,0.997980076718058
load_25_to_75,TS-SLTVKE,239,1,1,1.00318089607323,0.998046521562859
load_25_to_75,TS-SLTVKE,240,1,1,1.00309718828183,0.998110780721975
load_25_to_75,TS-SLTVKE,241,1,1,1.00301568332704,0.998172926092963
load_25_to_75,TS-SLTVKE,242,1,1,1.00293632323949,0.998233027208326
load_25_to_75,TS-SLTVKE,243,1,1,1.00285905157529,0.998291151313315
load_25_to_75,TS-SLTVKE,244,1,1,1.00278381337594,0.998347363441166
load_25_to_75,TS-SLTVKE,245,1,1,1.00271055512921,0.998401726485865
load_25_to_75,TS-SLTVKE,246,1,1,1.00263922473107,0.998454301272514
load_25_to_75,TS-SLTVKE,247,1,1,1.00256977144867,0.998505146625392
load_25_to_75,TS-SLTVKE,248,1,1,1.00250214588423,0.998554319433767
load_25_to_75,TS-SLTVKE,249,1,1,1.00243629993991,0.998601874715551
load_25_to_75,TS-SLTVKE,250,1,1,1.0023721867836,0.998647865678856
load_25_to_75,TS-SLTVKE,251,1,1,1.00230976081561,0.998692343781525
load_25_to_75,TS-SLTVKE,252,1,1,1.00224897763625,0.998735358788712
load_25_to_75,TS-SLTVKE,253,1,1,1.00218979401424,0.998776958828557
load_25_to_75,TS-SLTVKE,254,1,1,1.00213216785597,0.998817190446038
load_25_to_75,TS-SLTVKE,255,1,1,1.00207605817555,0.99885609865505
load_25_to_75,TS-SLTVKE,256,1,1,1.00202142506567,0.998893726988766
load_25_to_75,TS-SLTVKE,257,1,1,1.00196822966921,0.998930117548346
load_25_to_75,TS-SLTVKE,258,1,1,1.00191643415159,0.998965311050045
load_25_to_75,TS-SLTVKE,259,1,1,1.00186600167392,0.998999346870767
load_25_to_75,TS-SLTVKE,260,1,1,1.00181689636671,0.999032263092123
load_25_to_75,TS-SLTVKE,261,1,1,1.00176908330443,0.99906409654304
load_25_to_75,TS-SLTVKE,262,1,1,1.00172252848063,0.999094882840967
load_25_to_75,TS-SLTVKE,263,1,1,1.00167719878377,0.999124656431724
load_25_to_75,TS-SLTVKE,264,1,1,1.00163306197367,0.999153450628049
load_25_to_75,TS-SLTVKE,265,1,1,1.00159008665858,0.999181297646863
load_25_to_75,TS-SLTVKE,266,1,1,1.00154824227282,0.999208228645322
load_25_to_75,TS-SLTVKE,267,1,1,1.00150749905512,0.999234273755673
load_25_to_75,TS-SLTVKE,268,1,1,1.00146782802735,0.999259462118973
load_25_to_75,TS-SLTVKE,269,1,1,1.001429200974,0.999283821917691
load_25_to_75,TS-SLTVKE,270,1,1,1.00139159042205,0.999307380407241
load_25_to_75,TS-SLTVKE,271,1,1,1.00135496962147,0.999330163946476
load_25_to_75,TS-SLTVKE,272,1,1,1.00131931252617,0.999352198027184
load_25_to_75,TS-SLTVKE,273,1,1,1.00128459377548,0.999373507302606
load_25_to_75,TS-SLTVKE,274,1,1,1.00125078867613,0.99939411561502
load_25_to_75,TS-SLTVKE,275,1,1,1.00121787318465,0.999414046022421
load_25_to_75,TS-SLTVKE,276,1,1,1.00118582389032,0.999433320824315
load_25_to_75,TS-SLTVKE,277,1,1,1.00115461799847,0.999451961586673
load_25_to_75,TS-SLTVKE,278,1,1,1.0011242333143,0.999469989166058
load_25_to_75,TS-SLTVKE,279,1,1,1.00109464822708,0.999487423732964
load_25_to_75,TS-SLTVKE,280,1,1,1.00106584169479,0.99950428479438
load_25_to_75,TS-SLTVKE,281,1,1,1.00103779322913,0.999520591215618
load_25_to_75,TS-SLTVKE,282,1,1,1.001010482881,0.99953636124142
load_25_to_75,TS-SLTVKE,283,1,1,1.00098389122624,0.999551612516373
load_25_to_75,TS-SLTVKE,284,1,1,1.00095799935186,0.99956636210465
load_25_to_75,TS-SLTVKE,285,1,1,1.0009327888426,0.999580626509102
load_25_to_75,TS-SLTVKE,286,1,1,1.0009082417678,0.999594421689724
load_25_to_75,TS-SLTVKE,287,1,1,1.00088434066864,0.999607763081509
load_25_to_75,TS-SLTVKE,288,1,1,1.00086106854579,0.999620665611723
load_25_to_75,TS-SLTVKE,289,1,1,1.00083840884721,0.999633143716601
load_25_to_75,TS-SLTVKE,290,1,1,1.0008163454565,0.999645211357502
load_25_to_75,TS-SLTVKE,291,1,1,1.00079486268132,0.999656882036531
load_25_to_75,TS-SLTVKE,292,1,1,1.00077394524234,0.999668168811645
load_25_to_75,TS-SLTVKE,293,1,1,1.00075357826228,0.999679084311262
load_25_to_75,TS-SLTVKE,294,1,1,1.00073374725538,0.999689640748392
load_25_to_75,TS-SLTVKE,295,1,1,1.00071443811708,0.9996998499343
load_25_to_75,TS-SLTVKE,296,1,1,1.000695637114,0.999709723291724
load_25_to_75,TS-SLTVKE,297,1,1,1.00067733087416,0.999719271867655
load_25_to_75,TS-SLTVKE,298,1,1,1.00065950637747,0.999728506345692
load_25_to_75,TS-SLTVKE,299,1,1,1.00064215094648,0.999737437058005
load_25_to_75,TS-SLTVKE,300,1,1,1.00062525223736,0.999746073996886
load_25_to_75,TS-SLTVKE,301,1,1,1.00060879823112,0.999754426825936
load_25_to_75,TS-SLTVKE,302,1,1,1.00059277722504,0.999762504890872
load_25_to_75,TS-SLTVKE,303,1,1,1.00057717782438,0.999770317229989
load_25_to_75,TS-SLTVKE,304,1,1,1.00056198893426,0.999777872584265
load_25_to_75,TS-SLTVKE,305,1,1,1.00054719975178,0.999785179407151
load_25_to_75,TS-SLTVKE,306,1,1,1.00053279975831,0.999792245874021
load_25_to_75,TS-SLTVKE,307,1,1,1.00051877871204,0.999799079891323
load_25_to_75,TS-SLTVKE,308,1,1,1.00050512664067,0.999805689105424
load_25_to_75,TS-SLTVKE,309,1,1,1.00049183383434,0.999812080911167
load_25_to_75,TS-SLTVKE,310,1,1,1.0004788908387,0.999818262460142
load_25_to_75,TS-SLTVKE,311,1,1,1.00046628844821,0.99982424066869
load_25_to_75,TS-SLTVKE,312,1,1,1.00045401769957,0.999830022225641
load_25_to_75,TS-SLTVKE,313,1,1,1.00044206986537,0.999835613599797
load_25_to_75,TS-SLTVKE,314,1,1,1.00043043644786,0.999841021047172
load_25_to_75,TS-SLTVKE,315,1,1,1.00041910917292,0.999846250617989
load_25_to_75,TS-SLTVKE,316,1,1,1.00040807998416,0.99985130816345
load_25_to_75,TS-SLTVKE,317,1,1,1.0003973410372,0.999856199342284
load_25_to_75,TS-SLTVKE,318,1,1,1.00038688469412,0.999860929627077
load_25_to_75,TS-SLTVKE,319,1,1,1.00037670351796,0.999865504310397
load_25_to_75,TS-SLTVKE,320,1,1,1.00036679026749,0.999869928510713
load_25_to_75,TS-SLTVKE,321,1,1,1.00035713789203,0.999874207178124
load_25_to_75,TS-SLTVKE,322,1,1,1.00034773952645,0.999878345099896
load_25_to_75,TS-SLTVKE,323,1,1,1.00033858848628,0.99988234690582
load_25_to_75,TS-SLTVKE,324,1,1,1.00032967826295,0.999886217073392
load_25_to_75,TS-SLTVKE,325,1,1,1.00032100251919,0.99988995993282
load_25_to_75,TS-SLTVKE,326,1,1,1.00031255508448,0.999893579671872
load_25_to_75,TS-SLTVKE,327,1,1,1.00030432995067,0.99989708034056
load_25_to_75,TS-SLTVKE,328,1,1,1.00029632126776,0.999900465855673
load_25_to_75,TS-SLTVKE,329,1,1,1.00028852333966,0.999903740005158
load_25_to_75,TS-SLTVKE,330,1,1,1.0002809306202,0.999906906452357
load_25_to_75,TS-SLTVKE,331,1,1,1.00027353770914,0.999909968740108
load_25_to_75,TS-SLTVKE,332,1,1,1.00026633934837,0.99991293029471
load_25_to_75,TS-SLTVKE,333,1,1,1.00025933041815,0.999915794429752
load_25_to_75,TS-SLTVKE,334,1,1,1.00025250593346,0.999918564349826
load_25_to_75,TS-SLTVKE,335,1,1,1.00024586104048,0.999921243154108
load_25_to_75,TS-SLTVKE,336,1,1,1.0002393910131,0.999923833839828
load_25_to_75,TS-SLTVKE,337,1,1,1.0002330912496,0.999926339305624
load_25_to_75,TS-SLTVKE,338,1,1,1.00022695726934,0.999928762354781
load_25_to_75,TS-SLTVKE,339,1,1,1.00022098470962,0.999931105698373
load_25_to_75,TS-SLTVKE,340,1,1,1.00021516932253,0.999933371958295
load_25_to_75,TS-SLTVKE,341,1,1,1.00020950697194,0.999935563670194
load_25_to_75,TS-SLTVKE,342,1,1,1.00020399363057,0.999937683286306
load_25_to_75,TS-SLTVKE,343,1,1,1.00019862537713,0.999939733178204
load_25_to_75,TS-SLTVKE,344,1,1,1.00019339839352,0.999941715639447
load_25_to_75,TS-SLTVKE,345,1,1,1.00018830896212,0.999943632888149
load_25_to_75,TS-SLTVKE,346,1,1,1.00018335346311,0.99994548706946
load_25_to_75,TS-SLTVKE,347,1,1,1.00017852837198,0.999947280257965
load_25_to_75,TS-SLTVKE,348,1,1,1.00017383025693,0.999949014460005
load_25_to_75,TS-SLTVKE,349,1,1,1.00016925577648,0.999950691615926
load_25_to_75,TS-SLTVKE,350,1,1,1.0001648016771,0.999952313602244
load_25_to_75,TS-SLTVKE,351,1,1,1.00016046479086,0.99995388223375
load_25_to_75,TS-SLTVKE,352,1,1,1.00015624203321,0.999955399265534
load_25_to_75,TS-SLTVKE,353,1,1,1.00015213040075,0.999956866394957
load_25_to_75,TS-SLTVKE,354,1,1,1.00014812696915,0.999958285263544
load_25_to_75,TS-SLTVKE,355,1,1,1.00014422889102,0.999959657458822
load_25_to_75,TS-SLTVKE,356,1,1,1.00014043339389,0.999960984516098
load_25_to_75,TS-SLTVKE,357,1,1,1.00013673777826,0.999962267920174
load_25_to_75,TS-SLTVKE,358,1,1,1.00013313941567,0.99996350910701
load_25_to_75,TS-SLTVKE,359,1,1,1.00012963574684,0.999964709465332
load_25_to_75,TS-SLTVKE,360,1,1,1.00012622427982,0.999965870338183
load_25_to_75,TS-SLTVKE,361,1,1,1.00012290258824,0.999966993024427
load_25_to_75,TS-SLTVKE,362,1,1,1.0001196683096,0.999968078780203
load_25_to_75,TS-SLTVKE,363,1,1,1.00011651914356,0.999969128820328
load_25_to_75,TS-SLTVKE,364,1,1,1.00011345285031,0.999970144319659
load_25_to_75,TS-SLTVKE,365,1,1,1.00011046724899,0.999971126414407
load_25_to_75,TS-SLTVKE,366,1,1,1.00010756021612,0.999972076203407
load_25_to_75,TS-SLTVKE,367,1,1,1.00010472968412,0.999972994749347
load_25_to_75,TS-SLTVKE,368,1,1,1.0001019736398,0.999973883079961
load_25_to_75,TS-SLTVKE,369,1,1,1.00009929012296,0.999974742189173
load_25_to_75,TS-SLTVKE,370,1,1,1.00009667722499,0.999975573038213
load_25_to_75,TS-SLTVKE,371,1,1,1.00009413308749,0.999976376556693
load_25_to_75,TS-SLTVKE,372,1,1,1.00009165590098,0.999977153643644
load_25_to_75,TS-SLTVKE,373,1,1,1.00008924390358,0.999977905168524
load_25_to_75,TS-SLTVKE,374,1,1,1.0000868953798,0.999978631972191
load_25_to_75,TS-SLTVKE,375,1,1,1.00008460865928,0.999979334867842
load_25_to_75,TS-SLTVKE,376,1,1,1.00008238211562,0.999980014641927
load_25_to_75,TS-SLTVKE,377,1,1,1.00008021416521,0.999980672055021
load_25_to_75,TS-SLTVKE,378,1,1,1.00007810326612,0.999981307842685
load_25_to_75,TS-SLTVKE,379,1,1,1.00007604791701,0.999981922716281
load_25_to_75,TS-SLTVKE,380,1,1,1.00007404665604,0.999982517363772
load_25_to_75,TS-SLTVKE,381,1,1,1.00007209805983,0.99998309245049
load_25_to_75,TS-SLTVKE,382,1,1,1.00007020074246,0.999983648619881
load_25_to_75,TS-SLTVKE,383,1,1,1.0000683533545,0.999984186494227
load_25_to_75,TS-SLTVKE,384,1,1,1.00006655458202,0.999984706675338
load_25_to_75,TS-SLTVKE,385,1,1,1.00006480314565,0.999985209745229
load_25_to_75,TS-SLTVKE,386,1,1,1.00006309779971,0.999985696266767
load_25_to_75,TS-SLTVKE,387,1,1,1.0000614373313,0.999986166784308
load_25_to_75,TS-SLTVKE,388,1,1,1.00005982055942,0.999986621824298
load_25_to_75,TS-SLTVKE,389,1,1,1.00005824633417,0.999987061895867
load_25_to_75,TS-SLTVKE,390,1,1,1.0000567135359,0.999987487491397
load_25_to_75,TS-SLTVKE,391,1,1,1.00005522107443,0.999987899087075
load_25_to_75,TS-SLTVKE,392,1,1,1.00005376788826,0.999988297143421
load_25_to_75,TS-SLTVKE,393,1,1,1.00005235294384,0.999988682105809
load_25_to_75,TS-SLTVKE,394,1,1,1.00005097523479,0.99998905440496
load_25_to_75,TS-SLTVKE,395,1,1,1.00004963378124,0.999989414457428
load_25_to_75,TS-SLTVKE,396,1,1,1.0000483276291,0.999989762666066
load_25_to_75,TS-SLTVKE,397,1,1,1.00004705584939,0.999990099420471
load_25_to_75,TS-SLTVKE,398,1,1,1.00004581753756,0.999990425097429
load_25_to_75,TS-SLTVKE,399,1,1,1.00004461181289,0.99999074006133
load_25_to_75,TS-SLTVKE,400,1,1,1.00004343781781,0.999991044664575
load_25_to_75,TS-SLTVKE,401,1,1,1.00004229471735,0.999991339247978
load_25_to_75,TS-SLTVKE,402,1,1,1.00004118169847,0.999991624141136
load_25_to_75,TS-SLTVKE,403,1,1,1.00004009796956,0.999991899662809
load_25_to_75,TS-SLTVKE,404,1,1,1.00003904275984,0.99999216612127
load_25_to_75,TS-SLTVKE,405,1,1,1.00003801531879,0.999992423814649
load_25_to_75,TS-SLTVKE,406,1,1,1.00003701491566,0.999992673031272
load_25_to_75,TS-SLTVKE,407,1,1,1.00003604083893,0.99999291404998
load_25_to_75,TS-SLTVKE,408,1,1,1.0000350923958,0.999993147140442
load_25_to_75,TS-SLTVKE,409,1,1,1.0000341689117,0.999993372563453
load_25_to_75,TS-SLTVKE,410,1,1,1.00003326972982,0.999993590571234
load_25_to_75,TS-SLTVKE,411,1,1,1.00003239421061,0.999993801407707
load_25_to_75,TS-SLTVKE,412,1,1,1.00003154173138,0.999994005308769
load_25_to_75,TS-SLTVKE,413,1,1,1.00003071168582,0.99999420250256
load_25_to_75,TS-SLTVKE,414,1,1,1.00002990348356,0.999994393209712
load_25_to_75,TS-SLTVKE,415,1,1,1.00002911654979,0.999994577643603
load_25_to_75,TS-SLTVKE,416,1,1,1.00002835032479,0.99999475601059
load_25_to_75,TS-SLTVKE,417,1,1,1.00002760426361,0.999994928510242
load_25_to_75,TS-SLTVKE,418,1,1,1.00002687783562,0.999995095335563
load_25_to_75,TS-SLTVKE,419,1,1,1.00002617052416,0.999995256673209
load_25_to_75,TS-SLTVKE,420,1,1,1.00002548182615,0.999995412703695
load_25_to_75,TS-SLTVKE,421,1,1,1.00002481125178,0.9999955636016
load_25_to_75,TS-SLTVKE,422,1,1,1.0000241583241,0.999995709535758
load_25_to_75,TS-SLTVKE,423,1,1,1.00002352257873,0.99999585066945
load_25_to_75,TS-SLTVKE,424,1,1,1.0000229035635,0.999995987160587
load_25_to_75,TS-SLTVKE,425,1,1,1.00002230083815,0.999996119161883
load_25_to_75,TS-SLTVKE,426,1,1,1.00002171397399,0.999996246821032
load_25_to_75,TS-SLTVKE,427,1,1,1.00002114255362,0.999996370280866
load_25_to_75,TS-SLTVKE,428,1,1,1.00002058617063,0.999996489679522
load_25_to_75,TS-SLTVKE,429,1,1,1.0000200444293,0.99999660515059
load_25_to_75,TS-SLTVKE,430,1,1,1.00001951694431,0.999996716823268
load_25_to_75,TS-SLTVKE,431,1,1,1.00001900334052,0.999996824822503
load_25_to_75,TS-SLTVKE,432,1,1,1.00001850325261,0.999996929269131
load_25_to_75,TS-SLTVKE,433,1,1,1.00001801632491,0.999997030280015
load_25_to_75,TS-SLTVKE,434,1,1,1.00001754221109,0.999997127968172
load_25_to_75,TS-SLTVKE,435,1,1,1.00001708057396,0.999997222442903
load_25_to_75,TS-SLTVKE,436,1,1,1.00001663108517,0.999997313809913
load_25_to_75,TS-SLTVKE,437,1,1,1.00001619342504,0.999997402171429
load_25_to_75,TS-SLTVKE,438,1,1,1.00001576728227,0.999997487626316
load_25_to_75,TS-SLTVKE,439,1,1,1.00001535235379,0.999997570270188
load_25_to_75,TS-SLTVKE,440,1,1,1.00001494834448,0.99999765019551
load_25_to_75,TS-SLTVKE,441,1,1,1.00001455496699,0.999997727491711
load_25_to_75,TS-SLTVKE,442,1,1,1.00001417194155,0.999997802245273
load_25_to_75,TS-SLTVKE,443,1,1,1.00001379899572,0.999997874539836
load_25_to_75,TS-SLTVKE,444,1,1,1.00001343586425,0.999997944456289
load_25_to_75,TS-SLTVKE,445,1,1,1.00001308228888,0.999998012072858
load_25_to_75,TS-SLTVKE,446,1,1,1.00001273801812,0.999998077465199
load_25_to_75,TS-SLTVKE,447,1,1,1.00001240280711,0.999998140706475
load_25_to_75,TS-SLTVKE,448,1,1,1.00001207641745,0.999998201867446
load_25_to_75,TS-SLTVKE,449,1,1,1.00001175861699,0.999998261016543
load_25_to_75,TS-SLTVKE,450,1,1,1.0000114491797,0.999998318219946
load_25_to_75,TS-SLTVKE,451,1,1,1.0000111478855,0.999998373541659
load_25_to_75,TS-SLTVKE,452,1,1,1.00001085452009,0.999998427043578
load_25_to_75,TS-SLTVKE,453,1,1,1.00001056887483,0.999998478785565
load_25_to_75,TS-SLTVKE,454,1,1,1.00001029074654,0.999998528825514
load_25_to_75,TS-SLTVKE,455,1,1,1.00001001993742,0.999998577219412
load_25_to_75,TS-SLTVKE,456,1,1,1.00000975625486,0.999998624021405
load_25_to_75,TS-SLTVKE,457,1,1,1.00000949951131,0.999998669283858
load_25_to_75,TS-SLTVKE,458,1,1,1.00000924952417,0.999998713057416
load_25_to_75,TS-SLTVKE,459,1,1,1.00000900611564,0.999998755391053
load_25_to_75,TS-SLTVKE,460,1,1,1.0000087691126,0.999998796332137
load_25_to_75,TS-SLTVKE,461,1,1,1.00000853834648,0.999998835926475
load_25_to_75,TS-SLTVKE,462,1,1,1.00000831365315,0.999998874218367
load_25_to_75,TS-SLTVKE,463,1,1,1.0000080948728,0.999998911250658
load_25_to_75,TS-SLTVKE,464,1,1,1.00000788184983,0.999998947064781
load_25_to_75,TS-SLTVKE,465,1,1,1.00000767443273,0.999998981700808
load_25_to_75,TS-SLTVKE,466,1,1,1.00000747247398,0.999999015197492
load_25_to_75,TS-SLTVKE,467,1,1,1.00000727582992,0.999999047592311
load_25_to_75,TS-SLTVKE,468,1,1,1.00000708436071,0.999999078921511
load_25_to_75,TS-SLTVKE,469,1,1,1.00000689793017,0.999999109220146
load_25_to_75,TS-SLTVKE,470,1,1,1.00000671640569,0.999999138522115
load_25_to_75,TS-SLTVKE,471,1,1,1.00000653965817,0.999999166860203
load_25_to_75,TS-SLTVKE,472,1,1,1.00000636756191,0.999999194266117
load_25_to_75,TS-SLTVKE,473,1,1,1.00000619999449,0.999999220770521
load_25_to_75,TS-SLTVKE,474,1,1,1.00000603683674,0.99999924640307
load_25_to_75,TS-SLTVKE,475,1,1,1.00000587797261,0.999999271192443
load_25_to_75,TS-SLTVKE,476,1,1,1.00000572328912,0.999999295166376
load_25_to_75,TS-SLTVKE,477,1,1,1.00000557267625,0.999999318351692
load_25_to_75,TS-SLTVKE,478,1,1,1.00000542602688,0.999999340774334
load_25_to_75,TS-SLTVKE,479,1,1,1.0000052832367,0.999999362459389
load_25_to_75,TS-SLTVKE,480,1,1,1.00000514420415,0.999999383431119
load_25_to_75,TS-SLTVKE,481,1,1,1.00000500883036,0.99999940371299
load_25_to_75,TS-SLTVKE,482,1,1,1.00000487701903,0.999999423327695
load_25_to_75,TS-SLTVKE,483,1,1,1.00000474867643,0.999999442297179
load_25_to_75,TS-SLTVKE,484,1,1,1.00000462371126,0.999999460642666
load_25_to_75,TS-SLTVKE,485,1,1,1.00000450203464,0.999999478384684
load_25_to_75,TS-SLTVKE,486,1,1,1.00000438356005,0.999999495543082
load_25_to_75,TS-SLTVKE,487,1,1,1.00000426820321,0.99999951213706
load_25_to_75,TS-SLTVKE,488,1,1,1.00000415588207,0.999999528185183
load_25_to_75,TS-SLTVKE,489,1,1,1.00000404651675,0.999999543705407
load_25_to_75,TS-SLTVKE,490,1,1,1.00000394002947,0.999999558715098
load_25_to_75,TS-SLTVKE,491,1,1,1.00000383634448,0.999999573231048
load_25_to_75,TS-SLTVKE,492,1,1,1.00000373538805,0.999999587269501
load_25_to_75,TS-SLTVKE,493,1,1,1.00000363708836,0.999999600846162
load_25_to_75,TS-SLTVKE,494,1,1,1.00000354137551,0.999999613976222
load_25_to_75,TS-SLTVKE,495,1,1,1.00000344818142,0.999999626674373
load_25_to_75,TS-SLTVKE,496,1,1,1.0000033574398,0.999999638954821
load_25_to_75,TS-SLTVKE,497,1,1,1.00000326908612,0.999999650831307
load_25_to_75,TS-SLTVKE,498,1,1,1.00000318305754,0.99999966231712
load_25_to_75,TS-SLTVKE,499,1,1,1.00000309929287,0.999999673425109
load_25_to_75,TS-SLTVKE,500,1,1,1.00000301773253,0.999999684167704
load_25_to_75,TS-SLTVKE,501,1,1,1.00000293831852,0.999999694556925
load_25_to_75,TS-SLTVKE,502,1,1,1.00000286099434,0.999999704604394
load_25_to_75,TS-SLTVKE,503,1,1,1.00000278570502,0.999999714321355
load_25_to_75,TS-SLTVKE,504,1,1,1.00000271239699,0.999999723718679
load_25_to_75,TS-SLTVKE,505,1,1,1.00000264101812,0.99999973280688
load_25_to_75,TS-SLTVKE,506,1,1,1.00000257151765,0.999999741596127
load_25_to_75,TS-SLTVKE,507,1,1,1.00000250384613,0.999999750096255
load_25_to_75,TS-SLTVKE,508,1,1,1.00000243795544,0.999999758316773
load_25_to_75,TS-SLTVKE,509,1,1,1.00000237379872,0.999999766266879
load_25_to_75,TS-SLTVKE,510,1,1,1.00000231133033,0.999999773955468
load_25_to_75,TS-SLTVKE,511,1,1,1.00000225050585,0.999999781391144
load_25_to_75,TS-SLTVKE,512,1,1,1.00000219128201,0.999999788582225
load_25_to_75,TS-SLTVKE,513,1,1,1.0000021336167,0.999999795536757
load_25_to_75,TS-SLTVKE,514,1,1,1.00000207746889,0.999999802262521
load_25_to_75,TS-SLTVKE,515,1,1,1.00000202279866,0.999999808767044
load_25_to_75,TS-SLTVKE,516,1,1,1.00000196956711,0.999999815057601
load_25_to_75,TS-SLTVKE,517,1,1,1.0000019177364,0.999999821141233
load_25_to_75,TS-SLTVKE,518,1,1,1.00000186726965,0.999999827024745
load_25_to_75,TS-SLTVKE,519,1,1,1.00000181813098,0.99999983271472
load_25_to_75,TS-SLTVKE,520,1,1,1.00000177028542,0.999999838217526
load_25_to_75,TS-SLTVKE,521,1,1,1.00000172369897,0.999999843539318
load_25_to_75,TS-SLTVKE,522,1,1,1.00000167833847,0.999999848686051
load_25_to_75,TS-SLTVKE,523,1,1,1.00000163417166,0.999999853663483
load_25_to_75,TS-SLTVKE,524,1,1,1.00000159116715,0.999999858477184
load_25_to_75,TS-SLTVKE,525,1,1,1.00000154929433,0.99999986313254
load_25_to_75,TS-SLTVKE,526,1,1,1.00000150852342,0.999999867634759
load_25_to_75,TS-SLTVKE,527,1,1,1.00000146882544,0.999999871988879
load_25_to_75,TS-SLTVKE,528,1,1,1.00000143017214,0.999999876199771
load_25_to_75,TS-SLTVKE,529,1,1,1.00000139253603,0.999999880272147
load_25_to_75,TS-SLTVKE,530,1,1,1.00000135589034,0.999999884210563
load_25_to_75,TS-SLTVKE,531,1,1,1.00000132020902,0.999999888019426
load_25_to_75,TS-SLTVKE,532,1,1,1.00000128546668,0.999999891702998
load_25_to_75,TS-SLTVKE,533,1,1,1.00000125163861,0.999999895265399
load_25_to_75,TS-SLTVKE,534,1,1,1.00000121870075,0.999999898710616
load_25_to_75,TS-SLTVKE,535,1,1,1.00000118662968,0.999999902042504
load_25_to_75,TS-SLTVKE,536,1,1,1.00000115540258,0.99999990526479
load_25_to_75,TS-SLTVKE,537,1,1,1.00000112499725,0.99999990838108
load_25_to_75,TS-SLTVKE,538,1,1,1.00000109539206,0.99999991139486
load_25_to_75,TS-SLTVKE,539,1,1,1.00000106656595,0.999999914309503
load_25_to_75,TS-SLTVKE,540,1,1,1.00000103849843,0.999999917128269
load_25_to_75,TS-SLTVKE,541,1,1,1.00000101116952,0.999999919854313
load_25_to_75,TS-SLTVKE,542,1,1,1.0000009845598,0.999999922490684
load_25_to_75,TS-SLTVKE,543,1,1,1.00000095865033,0.999999925040333
load_25_to_75,TS-SLTVKE,544,1,1,1.00000093342269,0.999999927506111
load_25_to_75,TS-SLTVKE,545,1,1,1.00000090885893,0.999999929890779
load_25_to_75,TS-SLTVKE,546,1,1,1.00000088494159,0.999999932197003
load_25_to_75,TS-SLTVKE,547,1,1,1.00000086165366,0.999999934427365
load_25_to_75,TS-SLTVKE,548,1,1,1.00000083897856,0.999999936584359
load_25_to_75,TS-SLTVKE,549,1,1,1.00000081690018,0.9999999386704
load_25_to_75,TS-SLTVKE,550,1,1,1.0000007954028,0.999999940687821
load_25_to_75,TS-SLTVKE,551,1,1,1.00000077447115,0.99999994263888
load_25_to_75,TS-SLTVKE,552,1,1,1.00000075409033,0.999999944525759
load_25_to_75,TS-SLTVKE,553,1,1,1.00000073424585,0.999999946350569
load_25_to_75,TS-SLTVKE,554,1,1,1.00000071492359,0.999999948115353
load_25_to_75,TS-SLTVKE,555,1,1,1.00000069610981,0.999999949822085
load_25_to_75,TS-SLTVKE,556,1,1,1.00000067779113,0.999999951472674
load_25_to_75,TS-SLTVKE,557,1,1,1.00000065995452,0.999999953068968
load_25_to_75,TS-SLTVKE,558,1,1,1.0000006425873,0.999999954612752
load_25_to_75,TS-SLTVKE,559,1,1,1.00000062567711,0.999999956105753
load_25_to_75,TS-SLTVKE,560,1,1,1.00000060921192,0.999999957549643
load_25_to_75,TS-SLTVKE,561,1,1,1.00000059318003,0.999999958946036
load_25_to_75,TS-SLTVKE,562,1,1,1.00000057757003,0.999999960296496
load_25_to_75,TS-SLTVKE,563,1,1,1.00000056237081,0.999999961602532
load_25_to_75,TS-SLTVKE,564,1,1,1.00000054757158,0.999999962865607
load_25_to_75,TS-SLTVKE,565,1,1,1.0000005331618,0.999999964087133
load_25_to_75,TS-SLTVKE,566,1,1,1.00000051913123,0.999999965268477
load_25_to_75,TS-SLTVKE,567,1,1,1.00000050546988,0.999999966410961
load_25_to_75,TS-SLTVKE,568,1,1,1.00000049216804,0.999999967515864
load_25_to_75,TS-SLTVKE,569,1,1,1.00000047921625,0.999999968584421
load_25_to_75,TS-SLTVKE,570,1,1,1.0000004666053,0.999999969617828
load_25_to_75,TS-SLTVKE,571,1,1,1.00000045432621,0.999999970617242
load_25_to_75,TS-SLTVKE,572,1,1,1.00000044237026,0.99999997158378
load_25_to_75,TS-SLTVKE,573,1,1,1.00000043072894,0.999999972518524
load_25_to_75,TS-SLTVKE,574,1,1,1.00000041939396,0.99999997342252
load_25_to_75,TS-SLTVKE,575,1,1,1.00000040835728,0.999999974296779
load_25_to_75,TS-SLTVKE,576,1,1,1.00000039761104,0.99999997514228
load_25_to_75,TS-SLTVKE,577,1,1,1.00000038714759,0.999999975959968
load_25_to_75,TS-SLTVKE,578,1,1,1.00000037695949,0.999999976750759
load_25_to_75,TS-SLTVKE,579,1,1,1.00000036703951,0.999999977515536
load_25_to_75,TS-SLTVKE,580,1,1,1.00000035738057,0.999999978255157
load_25_to_75,TS-SLTVKE,581,1,1,1.00000034797582,0.999999978970448
load_25_to_75,TS-SLTVKE,582,1,1,1.00000033881856,0.999999979662209
load_25_to_75,TS-SLTVKE,583,1,1,1.00000032990228,0.999999980331216
load_25_to_75,TS-SLTVKE,584,1,1,1.00000032122065,0.999999980978215
load_25_to_75,TS-SLTVKE,585,1,1,1.00000031276747,0.999999981603932
load_25_to_75,TS-SLTVKE,586,1,1,1.00000030453675,0.999999982209065
load_25_to_75,TS-SLTVKE,587,1,1,1.00000029652262,0.999999982794293
load_25_to_75,TS-SLTVKE,588,1,1,1.0000002887194,0.999999983360271
load_25_to_75,TS-SLTVKE,589,1,1,1.00000028112152,0.99999998390763
load_25_to_75,TS-SLTVKE,590,1,1,1.00000027372358,0.999999984436984
load_25_to_75,TS-SLTVKE,591,1,1,1.00000026652033,0.999999984948926
load_25_to_75,TS-SLTVKE,592,1,1,1.00000025950664,0.999999985444027
load_25_to_75,TS-SLTVKE,593,1,1,1.00000025267752,0.999999985922842
load_25_to_75,TS-SLTVKE,594,1,1,1.00000024602811,0.999999986385906
load_25_to_75,TS-SLTVKE,595,1,1,1.00000023955368,0.999999986833738
load_25_to_75,TS-SLTVKE,596,1,1,1.00000023324964,0.999999987266839
load_25_to_75,TS-SLTVKE,597,1,1,1.00000022711149,0.999999987685693
load_25_to_75,TS-SLTVKE,598,1,1,1.00000022113487,0.999999988090769
load_25_to_75,TS-SLTVKE,599,1,1,1.00000021531553,0.99999998848252
C_1_to_0p8,B0 Closed-form,0,1,1,1,1
C_1_to_0p8,B0 Closed-form,1,1,1,1,1
C_1_to_0p8,B0 Closed-form,2,1,1,1,1
C_1_to_0p8,B0 Closed-form,3,1,1,1,1
C_1_to_0p8,B0 Closed-form,4,1,1,1,1
C_1_to_0p8,B0 Closed-form,5,1,1,1,1
C_1_to_0p8,B0 Closed-form,6,1,1,1,1
C_1_to_0p8,B0 Closed-form,7,1,1,1,1
C_1_to_0p8,B0 Closed-form,8,1,1,1,1
C_1_to_0p8,B0 Closed-form,9,1,1,1,1
C_1_to_0p8,B0 Closed-form,10,1,1,1,1
C_1_to_0p8,B0 Closed-form,11,1,1,1,1
C_1_to_0p8,B0 Closed-form,12,1,1,1,1
C_1_to_0p8,B0 Closed-form,13,1,1,1,1
C_1_to_0p8,B0 Closed-form,14,1,1,1,1
C_1_to_0p8,B0 Closed-form,15,1,1,1,1
C_1_to_0p8,B0 Closed-form,16,1,1,1,1
C_1_to_0p8,B0 Closed-form,17,1,1,1,1
C_1_to_0p8,B0 Closed-form,18,1,1,1,1
C_1_to_0p8,B0 Closed-form,19,1,1,1,1
C_1_to_0p8,B0 Closed-form,20,1,1,1,1
C_1_to_0p8,B0 Closed-form,21,1,1,1,1
C_1_to_0p8,B0 Closed-form,22,1,1,1,1
C_1_to_0p8,B0 Closed-form,23,1,1,1,1
C_1_to_0p8,B0 Closed-form,24,1,1,1,1
C_1_to_0p8,B0 Closed-form,25,1,1,1,1
C_1_to_0p8,B0 Closed-form,26,1,1,1,1
C_1_to_0p8,B0 Closed-form,27,1,1,1,1
C_1_to_0p8,B0 Closed-form,28,1,1,1,1
C_1_to_0p8,B0 Closed-form,29,1,1,1,1
C_1_to_0p8,B0 Closed-form,30,1,1,1,1
C_1_to_0p8,B0 Closed-form,31,1,1,1,1
C_1_to_0p8,B0 Closed-form,32,1,1,1,1
C_1_to_0p8,B0 Closed-form,33,1,1,1,1
C_1_to_0p8,B0 Closed-form,34,1,1,1,1
C_1_to_0p8,B0 Closed-form,35,1,1,1,1
C_1_to_0p8,B0 Closed-form,36,1,1,1,1
C_1_to_0p8,B0 Closed-form,37,1,1,1,1
C_1_to_0p8,B0 Closed-form,38,1,1,1,1
C_1_to_0p8,B0 Closed-form,39,1,1,1,1
C_1_to_0p8,B0 Closed-form,40,1,1,1,1
C_1_to_0p8,B0 Closed-form,41,1,1,1,1
C_1_to_0p8,B0 Closed-form,42,1,1,1,1
C_1_to_0p8,B0 Closed-form,43,1,1,1,1
C_1_to_0p8,B0 Closed-form,44,1,1,1,1
C_1_to_0p8,B0 Closed-form,45,1,1,1,1
C_1_to_0p8,B0 Closed-form,46,1,1,1,1
C_1_to_0p8,B0 Closed-form,47,1,1,1,1
C_1_to_0p8,B0 Closed-form,48,1,1,1,1
C_1_to_0p8,B0 Closed-form,49,1,1,1,1
C_1_to_0p8,B0 Closed-form,50,1,1,1,1
C_1_to_0p8,B0 Closed-form,51,1,1,1,1
C_1_to_0p8,B0 Closed-form,52,1,1,1,1
C_1_to_0p8,B0 Closed-form,53,1,1,1,1
C_1_to_0p8,B0 Closed-form,54,1,1,1,1
C_1_to_0p8,B0 Closed-form,55,1,1,1,1
C_1_to_0p8,B0 Closed-form,56,1,1,1,1
C_1_to_0p8,B0 Closed-form,57,1,1,1,1
C_1_to_0p8,B0 Closed-form,58,1,1,1,1
C_1_to_0p8,B0 Closed-form,59,1,1,1,1
C_1_to_0p8,B0 Closed-form,60,1,1,1,1
C_1_to_0p8,B0 Closed-form,61,1,1,1,1
C_1_to_0p8,B0 Closed-form,62,1,1,1,1
C_1_to_0p8,B0 Closed-form,63,1,1,1,1
C_1_to_0p8,B0 Closed-form,64,1,1,1,1
C_1_to_0p8,B0 Closed-form,65,1,1,1,1
C_1_to_0p8,B0 Closed-form,66,1,1,1,1
C_1_to_0p8,B0 Closed-form,67,1,1,1,1
C_1_to_0p8,B0 Closed-form,68,1,1,1,1
C_1_to_0p8,B0 Closed-form,69,1,1,1,1
C_1_to_0p8,B0 Closed-form,70,1,1,1,1
C_1_to_0p8,B0 Closed-form,71,1,1,1,1
C_1_to_0p8,B0 Closed-form,72,1,1,1,1
C_1_to_0p8,B0 Closed-form,73,1,1,1,1
C_1_to_0p8,B0 Closed-form,74,1,1,1,1
C_1_to_0p8,B0 Closed-form,75,1,1,1,1
C_1_to_0p8,B0 Closed-form,76,1,1,1,1
C_1_to_0p8,B0 Closed-form,77,1,1,1,1
C_1_to_0p8,B0 Closed-form,78,1,1,1,1
C_1_to_0p8,B0 Closed-form,79,1,1,1,1
C_1_to_0p8,B0 Closed-form,80,1,1,1,1
C_1_to_0p8,B0 Closed-form,81,1,1,1,1
C_1_to_0p8,B0 Closed-form,82,1,1,1,1
C_1_to_0p8,B0 Closed-form,83,1,1,1,1
C_1_to_0p8,B0 Closed-form,84,1,1,1,1
C_1_to_0p8,B0 Closed-form,85,1,1,1,1
C_1_to_0p8,B0 Closed-form,86,1,1,1,1
C_1_to_0p8,B0 Closed-form,87,1,1,1,1
C_1_to_0p8,B0 Closed-form,88,1,1,1,1
C_1_to_0p8,B0 Closed-form,89,1,1,1,1
C_1_to_0p8,B0 Closed-form,90,1,1,1,1
C_1_to_0p8,B0 Closed-form,91,1,1,1,1
C_1_to_0p8,B0 Closed-form,92,1,1,1,1
C_1_to_0p8,B0 Closed-form,93,1,1,1,1
C_1_to_0p8,B0 Closed-form,94,1,1,1,1
C_1_to_0p8,B0 Closed-form,95,1,1,1,1
C_1_to_0p8,B0 Closed-form,96,1,1,1,1
C_1_to_0p8,B0 Closed-form,97,1,1,1,1
C_1_to_0p8,B0 Closed-form,98,1,1,1,1
C_1_to_0p8,B0 Closed-form,99,1,1,1,1
C_1_to_0p8,B0 Closed-form,100,1,1,1,1
C_1_to_0p8,B0 Closed-form,101,1,1,1,1
C_1_to_0p8,B0 Closed-form,102,1,1,1,1
C_1_to_0p8,B0 Closed-form,103,1,1,1,1
C_1_to_0p8,B0 Closed-form,104,1,1,1,1
C_1_to_0p8,B0 Closed-form,105,1,1,1,1
C_1_to_0p8,B0 Closed-form,106,1,1,1,1
C_1_to_0p8,B0 Closed-form,107,1,1,1,1
C_1_to_0p8,B0 Closed-form,108,1,1,1,1
C_1_to_0p8,B0 Closed-form,109,1,1,1,1
C_1_to_0p8,B0 Closed-form,110,1,1,1,1
C_1_to_0p8,B0 Closed-form,111,1,1,1,1
C_1_to_0p8,B0 Closed-form,112,1,1,1,1
C_1_to_0p8,B0 Closed-form,113,1,1,1,1
C_1_to_0p8,B0 Closed-form,114,1,1,1,1
C_1_to_0p8,B0 Closed-form,115,1,1,1,1
C_1_to_0p8,B0 Closed-form,116,1,1,1,1
C_1_to_0p8,B0 Closed-form,117,1,1,1,1
C_1_to_0p8,B0 Closed-form,118,1,1,1,1
C_1_to_0p8,B0 Closed-form,119,1,1,1,1
C_1_to_0p8,B0 Closed-form,120,1,1,1,1
C_1_to_0p8,B0 Closed-form,121,1,1,1,1
C_1_to_0p8,B0 Closed-form,122,1,1,1,1
C_1_to_0p8,B0 Closed-form,123,1,1,1,1
C_1_to_0p8,B0 Closed-form,124,1,1,1,1
C_1_to_0p8,B0 Closed-form,125,1,1,1,1
C_1_to_0p8,B0 Closed-form,126,1,1,1,1
C_1_to_0p8,B0 Closed-form,127,1,1,1,1
C_1_to_0p8,B0 Closed-form,128,1,1,1,1
C_1_to_0p8,B0 Closed-form,129,1,1,1,1
C_1_to_0p8,B0 Closed-form,130,1,1,1,1
C_1_to_0p8,B0 Closed-form,131,1,1,1,1
C_1_to_0p8,B0 Closed-form,132,1,1,1,1
C_1_to_0p8,B0 Closed-form,133,1,1,1,1
C_1_to_0p8,B0 Closed-form,134,1,1,1,1
C_1_to_0p8,B0 Closed-form,135,1,1,1,1
C_1_to_0p8,B0 Closed-form,136,1,1,1,1
C_1_to_0p8,B0 Closed-form,137,1,1,1,1
C_1_to_0p8,B0 Closed-form,138,1,1,1,1
C_1_to_0p8,B0 Closed-form,139,1,1,1,1
C_1_to_0p8,B0 Closed-form,140,1,1,1,1
C_1_to_0p8,B0 Closed-form,141,1,1,1,1
C_1_to_0p8,B0 Closed-form,142,1,1,1,1
C_1_to_0p8,B0 Closed-form,143,1,1,1,1
C_1_to_0p8,B0 Closed-form,144,1,1,1,1
C_1_to_0p8,B0 Closed-form,145,1,1,1,1
C_1_to_0p8,B0 Closed-form,146,1,1,1,1
C_1_to_0p8,B0 Closed-form,147,1,1,1,1
C_1_to_0p8,B0 Closed-form,148,1,1,1,1
C_1_to_0p8,B0 Closed-form,149,1,1,1,1
C_1_to_0p8,B0 Closed-form,150,1,1,1,1
C_1_to_0p8,B0 Closed-form,151,1,1,1,1
C_1_to_0p8,B0 Closed-form,152,1,1,1,1
C_1_to_0p8,B0 Closed-form,153,1,1,1,1
C_1_to_0p8,B0 Closed-form,154,1,1,1,1
C_1_to_0p8,B0 Closed-form,155,1,1,1,1
C_1_to_0p8,B0 Closed-form,156,1,1,1,1
C_1_to_0p8,B0 Closed-form,157,1,1,1,1
C_1_to_0p8,B0 Closed-form,158,1,1,1,1
C_1_to_0p8,B0 Closed-form,159,1,1,1,1
C_1_to_0p8,B0 Closed-form,160,1,1,1,1
C_1_to_0p8,B0 Closed-form,161,1,1,1,1
C_1_to_0p8,B0 Closed-form,162,1,1,1,1
C_1_to_0p8,B0 Closed-form,163,1,1,1,1
C_1_to_0p8,B0 Closed-form,164,1,1,1,1
C_1_to_0p8,B0 Closed-form,165,1,1,1,1
C_1_to_0p8,B0 Closed-form,166,1,1,1,1
C_1_to_0p8,B0 Closed-form,167,1,1,1,1
C_1_to_0p8,B0 Closed-form,168,1,1,1,1
C_1_to_0p8,B0 Closed-form,169,1,1,1,1
C_1_to_0p8,B0 Closed-form,170,1,1,1,1
C_1_to_0p8,B0 Closed-form,171,1,1,1,1
C_1_to_0p8,B0 Closed-form,172,1,1,1,1
C_1_to_0p8,B0 Closed-form,173,1,1,1,1
C_1_to_0p8,B0 Closed-form,174,1,1,1,1
C_1_to_0p8,B0 Closed-form,175,1,1,1,1
C_1_to_0p8,B0 Closed-form,176,1,1,1,1
C_1_to_0p8,B0 Closed-form,177,1,1,1,1
C_1_to_0p8,B0 Closed-form,178,1,1,1,1
C_1_to_0p8,B0 Closed-form,179,1,1,1,1
C_1_to_0p8,B0 Closed-form,180,1,1,1,1
C_1_to_0p8,B0 Closed-form,181,1,1,1,1
C_1_to_0p8,B0 Closed-form,182,1,1,1,1
C_1_to_0p8,B0 Closed-form,183,1,1,1,1
C_1_to_0p8,B0 Closed-form,184,1,1,1,1
C_1_to_0p8,B0 Closed-form,185,1,1,1,1
C_1_to_0p8,B0 Closed-form,186,1,1,1,1
C_1_to_0p8,B0 Closed-form,187,1,1,1,1
C_1_to_0p8,B0 Closed-form,188,1,1,1,1
C_1_to_0p8,B0 Closed-form,189,1,1,1,1
C_1_to_0p8,B0 Closed-form,190,1,1,1,1
C_1_to_0p8,B0 Closed-form,191,1,1,1,1
C_1_to_0p8,B0 Closed-form,192,1,1,1,1
C_1_to_0p8,B0 Closed-form,193,1,1,1,1
C_1_to_0p8,B0 Closed-form,194,1,1,1,1
C_1_to_0p8,B0 Closed-form,195,1,1,1,1
C_1_to_0p8,B0 Closed-form,196,1,1,1,1
C_1_to_0p8,B0 Closed-form,197,1,1,1,1
C_1_to_0p8,B0 Closed-form,198,1,1,1,1
C_1_to_0p8,B0 Closed-form,199,1,1,1,1
C_1_to_0p8,B0 Closed-form,200,0.8,1,0.995833333333333,1.012
C_1_to_0p8,B0 Closed-form,201,0.8,1,0.991753472222222,1.0116875
C_1_to_0p8,B0 Closed-form,202,0.8,1,0.987758608217593,1.01138313802083
C_1_to_0p8,B0 Closed-form,203,0.8,1,0.983846970546393,1.01108670213487
C_1_to_0p8,B0 Closed-form,204,0.8,1,0.980016825326676,1.01079798593345
C_1_to_0p8,B0 Closed-form,205,0.8,1,0.976266474799037,1.01051678838309
C_1_to_0p8,B0 Closed-form,206,0.8,1,0.972594256574057,1.01024291368562
C_1_to_0p8,B0 Closed-form,207,0.8,1,0.968998542895431,1.00997617114172
C_1_to_0p8,B0 Closed-form,208,0.8,1,0.965477739918443,1.00971637501824
C_1_to_0p8,B0 Closed-form,209,0.8,1,0.962030287003475,1.00946334441881
C_1_to_0p8,B0 Closed-form,210,0.8,1,0.958654656024236,1.0092169031579
C_1_to_0p8,B0 Closed-form,211,0.8,1,0.955349350690398,1.00897687963816
C_1_to_0p8,B0 Closed-form,212,0.8,1,0.952112905884348,1.00874310673092
C_1_to_0p8,B0 Closed-form,213,0.8,1,0.948943887011757,1.0085154216598
C_1_to_0p8,B0 Closed-form,214,0.8,1,0.945840889365679,1.00829366588741
C_1_to_0p8,B0 Closed-form,215,0.8,1,0.942802537503894,1.00807768500493
C_1_to_0p8,B0 Closed-form,216,0.8,1,0.93982748463923,1.00786732862459
C_1_to_0p8,B0 Closed-form,217,0.8,1,0.936914412042579,1.00766245027499
C_1_to_0p8,B0 Closed-form,218,0.8,1,0.934062028458359,1.00746290729908
C_1_to_0p8,B0 Closed-form,219,0.8,1,0.931269069532143,1.00726856075483
C_1_to_0p8,B0 Closed-form,220,0.8,1,0.928534297250223,1.00707927531851
C_1_to_0p8,B0 Closed-form,221,0.8,1,0.925856499390844,1.00689491919042
C_1_to_0p8,B0 Closed-form,222,0.8,1,0.923234488986868,1.00671536400317
C_1_to_0p8,B0 Closed-form,223,0.8,1,0.920667103799641,1.00654048473226
C_1_to_0p8,B0 Closed-form,224,0.8,1,0.918153205803815,1.00637015960902
C_1_to_0p8,B0 Closed-form,225,0.8,1,0.915691680682903,1.00620427003587
C_1_to_0p8,B0 Closed-form,226,0.8,1,0.913281437335342,1.00604270050369
C_1_to_0p8,B0 Closed-form,227,0.8,1,0.910921407390856,1.0058853385114
C_1_to_0p8,B0 Closed-form,228,0.8,1,0.90861054473688,1.00573207448767
C_1_to_0p8,B0 Closed-form,229,0.8,1,0.906347825054861,1.00558280171455
C_1_to_0p8,B0 Closed-form,230,0.8,1,0.904132245366219,1.00543741625323
C_1_to_0p8,B0 Closed-form,231,0.8,1,0.901962823587756,1.00529581687164
C_1_to_0p8,B0 Closed-form,232,0.8,1,0.899838598096344,1.00515790497394
C_1_to_0p8,B0 Closed-form,233,0.8,1,0.89775862730267,1.00502358453191
C_1_to_0p8,B0 Closed-form,234,0.8,1,0.895721989233865,1.00489276201806
C_1_to_0p8,B0 Closed-form,235,0.8,1,0.893727781124826,1.00476534634051
C_1_to_0p8,B0 Closed-form,236,0.8,1,0.891775119018059,1.00464124877955
C_1_to_0p8,B0 Closed-form,237,0.8,1,0.889863137371849,1.00452038292592
C_1_to_0p8,B0 Closed-form,238,0.8,1,0.887990988676602,1.00440266462056
C_1_to_0p8,B0 Closed-form,239,0.8,1,0.886157843079173,1.00428801189606
C_1_to_0p8,B0 Closed-form,240,0.8,1,0.884362888015023,1.0041763449196
C_1_to_0p8,B0 Closed-form,241,0.8,1,0.882605327848044,1.00406758593732
C_1_to_0p8,B0 Closed-form,242,0.8,1,0.880884383517876,1.00396165922021
C_1_to_0p8,B0 Closed-form,243,0.8,1,0.879199292194587,1.00385849101135
C_1_to_0p8,B0 Closed-form,244,0.8,1,0.877549306940533,1.00375800947459
C_1_to_0p8,B0 Closed-form,245,0.8,1,0.875933696379272,1.00366014464452
C_1_to_0p8,B0 Closed-form,246,0.8,1,0.874351744371371,1.00356482837774
C_1_to_0p8,B0 Closed-form,247,0.8,1,0.872802749696967,1.0034719943054
C_1_to_0p8,B0 Closed-form,248,0.8,1,0.871286025744947,1.00338157778703
C_1_to_0p8,B0 Closed-form,249,0.8,1,0.869800900208594,1.0032935158655
C_1_to_0p8,B0 Closed-form,250,0.8,1,0.868346714787582,1.00320774722317
C_1_to_0p8,B0 Closed-form,251,0.8,1,0.866922824896174,1.00312421213923
C_1_to_0p8,B0 Closed-form,252,0.8,1,0.865528599377503,1.0030428524481
C_1_to_0p8,B0 Closed-form,253,0.8,1,0.864163420223805,1.00296361149893
C_1_to_0p8,B0 Closed-form,254,0.8,1,0.862826682302476,1.00288643411615
C_1_to_0p8,B0 Closed-form,255,0.8,1,0.861517793087841,1.00281126656104
C_1_to_0p8,B0 Closed-form,256,0.8,1,0.860236172398511,1.00273805649435
C_1_to_0p8,B0 Closed-form,257,0.8,1,0.858981252140209,1.00266675293981
C_1_to_0p8,B0 Closed-form,258,0.8,1,0.857752476053954,1.00259730624867
C_1_to_0p8,B0 Closed-form,259,0.8,1,0.856549299469497,1.00252966806511
C_1_to_0p8,B0 Closed-form,260,0.8,1,0.855371189063883,1.00246379129258
C_1_to_0p8,B0 Closed-form,261,0.8,1,0.854217622625052,1.002399630061
C_1_to_0p8,B0 Closed-form,262,0.8,1,0.853088088820363,1.00233713969483
C_1_to_0p8,B0 Closed-form,263,0.8,1,0.851982086969939,1.00227627668194
C_1_to_0p8,B0 Closed-form,264,0.8,1,0.850899126824732,1.00221699864335
C_1_to_0p8,B0 Closed-form,265,0.8,1,0.849838728349217,1.00215926430368
C_1_to_0p8,B0 Closed-form,266,0.8,1,0.848800421508608,1.00210303346244
C_1_to_0p8,B0 Closed-form,267,0.8,1,0.847783746060512,1.00204826696602
C_1_to_0p8,B0 Closed-form,268,0.8,1,0.846788251350918,1.00199492668045
C_1_to_0p8,B0 Closed-form,269,0.8,1,0.84581349611444,1.00194297546481
C_1_to_0p8,B0 Closed-form,270,0.8,1,0.844859048278723,1.00189237714541
C_1_to_0p8,B0 Closed-form,271,0.8,1,0.843924484772916,1.00184309649059
C_1_to_0p8,B0 Closed-form,272,0.8,1,0.843009391340147,1.00179509918614
C_1_to_0p8,B0 Closed-form,273,0.8,1,0.842113362353894,1.0017483518115
C_1_to_0p8,B0 Closed-form,274,0.8,1,0.841236000638188,1.00170282181641
C_1_to_0p8,B0 Closed-form,275,0.8,1,0.840376917291559,1.00165847749828
C_1_to_0p8,B0 Closed-form,276,0.8,1,0.839535731514652,1.00161528798009
C_1_to_0p8,B0 Closed-form,277,0.8,1,0.83871207044143,1.00157322318894
C_1_to_0p8,B0 Closed-form,278,0.8,1,0.8379055689739,1.00153225383507
C_1_to_0p8,B0 Closed-form,279,0.8,1,0.837115869620277,1.00149235139144
C_1_to_0p8,B0 Closed-form,280,0.8,1,0.836342622336521,1.00145348807396
C_1_to_0p8,B0 Closed-form,281,0.8,1,0.835585484371177,1.00141563682203
C_1_to_0p8,B0 Closed-form,282,0.8,1,0.834844120113444,1.00137877127979
C_1_to_0p8,B0 Closed-form,283,0.8,1,0.834118200944414,1.00134286577771
C_1_to_0p8,B0 Closed-form,284,0.8,1,0.833407405091405,1.00130789531475
C_1_to_0p8,B0 Closed-form,285,0.8,1,0.832711417485335,1.00127383554093
C_1_to_0p8,B0 Closed-form,286,0.8,1,0.832029929621057,1.00124066274039
C_1_to_0p8,B0 Closed-form,287,0.8,1,0.831362639420618,1.00120835381486
C_1_to_0p8,B0 Closed-form,288,0.8,1,0.830709251099355,1.00117688626759
C_1_to_0p8,B0 Closed-form,289,0.8,1,0.830069475034785,1.00114623818771
C_1_to_0p8,B0 Closed-form,290,0.8,1,0.829443027638227,1.0011163882349
C_1_to_0p8,B0 Closed-form,291,0.8,1,0.828829631229098,1.00108731562462
C_1_to_0p8,B0 Closed-form,292,0.8,1,0.828229013911825,1.00105900011356
C_1_to_0p8,B0 Closed-form,293,0.8,1,0.827640909455328,1.0010314219856
C_1_to_0p8,B0 Closed-form,294,0.8,1,0.827065057175009,1.00100456203806
C_1_to_0p8,B0 Closed-form,295,0.8,1,0.826501201817196,1.00097840156832
C_1_to_0p8,B0 Closed-form,296,0.8,1,0.825949093446005,1.00095292236081
C_1_to_0p8,B0 Closed-form,297,0.8,1,0.825408487332546,1.00092810667433
C_1_to_0p8,B0 Closed-form,298,0.8,1,0.824879143846452,1.00090393722969
C_1_to_0p8,B0 Closed-form,299,0.8,1,0.824360828349651,1.00088039719767
C_1_to_0p8,B0 Closed-form,300,0.8,1,0.823853311092366,1.00085747018731
C_1_to_0p8,B0 Closed-form,301,0.8,1,0.823356367111275,1.00083514023452
C_1_to_0p8,B0 Closed-form,302,0.8,1,0.82286977612979,1.00081339179091
C_1_to_0p8,B0 Closed-form,303,0.8,1,0.82239332246042,1.00079220971302
C_1_to_0p8,B0 Closed-form,304,0.8,1,0.821926794909161,1.00077157925174
C_1_to_0p8,B0 Closed-form,305,0.8,1,0.821469986681887,1.00075148604206
C_1_to_0p8,B0 Closed-form,306,0.8,1,0.821022695292681,1.00073191609305
C_1_to_0p8,B0 Closed-form,307,0.8,1,0.820584722474083,1.00071285577813
C_1_to_0p8,B0 Closed-form,308,0.8,1,0.820155874089207,1.00069429182557
C_1_to_0p8,B0 Closed-form,309,0.8,1,0.819735960045681,1.00067621130928
C_1_to_0p8,B0 Closed-form,310,0.8,1,0.819324794211396,1.00065860163977
C_1_to_0p8,B0 Closed-form,311,0.8,1,0.818922194331992,1.0006414505554
C_1_to_0p8,B0 Closed-form,312,0.8,1,0.818527981950076,1.00062474611385
C_1_to_0p8,B0 Closed-form,313,0.8,1,0.818141982326116,1.0006084766838
C_1_to_0p8,B0 Closed-form,314,0.8,1,0.817764024360988,1.00059263093683
C_1_to_0p8,B0 Closed-form,315,0.8,1,0.817393940520135,1.00057719783952
C_1_to_0p8,B0 Closed-form,316,0.8,1,0.817031566759298,1.00056216664578
C_1_to_0p8,B0 Closed-form,317,0.8,1,0.816676742451813,1.00054752688938
C_1_to_0p8,B0 Closed-form,318,0.8,1,0.8163293103174,1.00053326837664
C_1_to_0p8,B0 Closed-form,319,0.8,1,0.815989116352454,1.00051938117933
C_1_to_0p8,B0 Closed-form,320,0.8,1,0.815656009761778,1.00050585562778
C_1_to_0p8,B0 Closed-form,321,0.8,1,0.815329842891741,1.00049268230414
C_1_to_0p8,B0 Closed-form,322,0.8,1,0.81501047116483,1.0004798520358
C_1_to_0p8,B0 Closed-form,323,0.8,1,0.814697753015563,1.00046735588904
C_1_to_0p8,B0 Closed-form,324,0.8,1,0.814391549827738,1.00045518516276
C_1_to_0p8,B0 Closed-form,325,0.8,1,0.814091725872994,1.00044333138248
C_1_to_0p8,B0 Closed-form,326,0.8,1,0.81379814825064,1.0004317862944
C_1_to_0p8,B0 Closed-form,327,0.8,1,0.813510686828751,1.00042054185965
C_1_to_0p8,B0 Closed-form,328,0.8,1,0.813229214186486,1.00040959024872
C_1_to_0p8,B0 Closed-form,329,0.8,1,0.812953605557601,1.00039892383599
C_1_to_0p8,B0 Closed-form,330,0.8,1,0.812683738775151,1.00038853519443
C_1_to_0p8,B0 Closed-form,331,0.8,1,0.812419494217335,1.00037841709041
C_1_to_0p8,B0 Closed-form,332,0.8,1,0.812160754754474,1.00036856247868
C_1_to_0p8,B0 Closed-form,333,0.8,1,0.811907405697089,1.00035896449746
C_1_to_0p8,B0 Closed-form,334,0.8,1,0.811659334745066,1.00034961646367
C_1_to_0p8,B0 Closed-form,335,0.8,1,0.811416431937878,1.00034051186827
C_1_to_0p8,B0 Closed-form,336,0.8,1,0.811178589605838,1.0003316443717
C_1_to_0p8,B0 Closed-form,337,0.8,1,0.810945702322383,1.00032300779952
C_1_to_0p8,B0 Closed-form,338,0.8,1,0.810717666857334,1.00031459613807
C_1_to_0p8,B0 Closed-form,339,0.8,1,0.810494382131139,1.00030640353031
C_1_to_0p8,B0 Closed-form,340,0.8,1,0.810275749170074,1.00029842427171
C_1_to_0p8,B0 Closed-form,341,0.8,1,0.810061671062364,1.0002906528063
C_1_to_0p8,B0 Closed-form,342,0.8,1,0.809852052915231,1.0002830837228
C_1_to_0p8,B0 Closed-form,343,0.8,1,0.809646801812831,1.00027571175085
C_1_to_0p8,B0 Closed-form,344,0.8,1,0.809445826775063,1.00026853175734
C_1_to_0p8,B0 Closed-form,345,0.8,1,0.80924903871725,1.00026153874283
C_1_to_0p8,B0 Closed-form,346,0.8,1,0.80905635041064,1.00025472783807
C_1_to_0p8,B0 Closed-form,347,0.8,1,0.808867676443752,1.00024809430062
C_1_to_0p8,B0 Closed-form,348,0.8,1,0.808682933184507,1.00024163351154
C_1_to_0p8,B0 Closed-form,349,0.8,1,0.808502038743163,1.00023534097217
C_1_to_0p8,B0 Closed-form,350,0.8,1,0.808324912936014,1.00022921230102
C_1_to_0p8,B0 Closed-form,351,0.8,1,0.808151477249847,1.00022324323068
C_1_to_0p8,B0 Closed-form,352,0.8,1,0.807981654807142,1.00021742960489
C_1_to_0p8,B0 Closed-form,353,0.8,1,0.807815370331993,1.00021176737559
C_1_to_0p8,B0 Closed-form,354,0.8,1,0.807652550116743,1.00020625260019
C_1_to_0p8,B0 Closed-form,355,0.8,1,0.807493121989311,1.00020088143872
C_1_to_0p8,B0 Closed-form,356,0.8,1,0.8073370152812,1.00019565015126
C_1_to_0p8,B0 Closed-form,357,0.8,1,0.807184160796175,1.00019055509523
C_1_to_0p8,B0 Closed-form,358,0.8,1,0.807034490779589,1.00018559272296
C_1_to_0p8,B0 Closed-form,359,0.8,1,0.806887938888347,1.00018075957913
C_1_to_0p8,B0 Closed-form,360,0.8,1,0.806744440161506,1.00017605229843
C_1_to_0p8,B0 Closed-form,361,0.8,1,0.806603930991475,1.00017146760316
C_1_to_0p8,B0 Closed-form,362,0.8,1,0.806466349095819,1.00016700230099
C_1_to_0p8,B0 Closed-form,363,0.8,1,0.806331633489657,1.00016265328274
C_1_to_0p8,B0 Closed-form,364,0.8,1,0.806199724458622,1.00015841752016
C_1_to_0p8,B0 Closed-form,365,0.8,1,0.806070563532401,1.00015429206391
C_1_to_0p8,B0 Closed-form,366,0.8,1,0.805944093458809,1.00015027404141
C_1_to_0p8,B0 Closed-form,367,0.8,1,0.805820258178417,1.00014636065492
C_1_to_0p8,B0 Closed-form,368,0.8,1,0.8056990027997,1.00014254917953
C_1_to_0p8,B0 Closed-form,369,0.8,1,0.805580273574706,1.00013883696131
C_1_to_0p8,B0 Closed-form,370,0.8,1,0.805464017875233,1.00013522141544
C_1_to_0p8,B0 Closed-form,371,0.8,1,0.805350184169499,1.00013170002442
C_1_to_0p8,B0 Closed-form,372,0.8,1,0.805238721999301,1.00012827033628
C_1_to_0p8,B0 Closed-form,373,0.8,1,0.805129581957649,1.00012492996294
C_1_to_0p8,B0 Closed-form,374,0.8,1,0.805022715666865,1.00012167657849
C_1_to_0p8,B0 Closed-form,375,0.8,1,0.804918075757139,1.00011850791759
C_1_to_0p8,B0 Closed-form,376,0.8,1,0.804815615845532,1.0001154217739
C_1_to_0p8,B0 Closed-form,377,0.8,1,0.804715290515416,1.00011241599854
C_1_to_0p8,B0 Closed-form,378,0.8,1,0.804617055296345,1.00010948849858
C_1_to_0p8,B0 Closed-form,379,0.8,1,0.804520866644338,1.0001066372356
C_1_to_0p8,B0 Closed-form,380,0.8,1,0.804426681922581,1.00010386022425
C_1_to_0p8,B0 Closed-form,381,0.8,1,0.804334459382527,1.00010115553091
C_1_to_0p8,B0 Closed-form,382,0.8,1,0.804244158145391,1.0000985212723
C_1_to_0p8,B0 Closed-form,383,0.8,1,0.804155738184029,1.00009595561416
C_1_to_0p8,B0 Closed-form,384,0.8,1,0.804069160305195,1.00009345677004
C_1_to_0p8,B0 Closed-form,385,0.8,1,0.80398438613217,1.00009102299999
C_1_to_0p8,B0 Closed-form,386,0.8,1,0.80390137808775,1.00008865260937
C_1_to_0p8,B0 Closed-form,387,0.8,1,0.803820099377588,1.00008634394766
C_1_to_0p8,B0 Closed-form,388,0.8,1,0.803740513973889,1.00008409540736
C_1_to_0p8,B0 Closed-form,389,0.8,1,0.803662586599433,1.00008190542279
C_1_to_0p8,B0 Closed-form,390,0.8,1,0.803586282711944,1.00007977246907
C_1_to_0p8,B0 Closed-form,391,0.8,1,0.803511568488779,1.00007769506103
C_1_to_0p8,B0 Closed-form,392,0.8,1,0.803438410811929,1.00007567175214
C_1_to_0p8,B0 Closed-form,393,0.8,1,0.803366777253347,1.0000737011336
C_1_to_0p8,B0 Closed-form,394,0.8,1,0.803296636060569,1.00007178183325
C_1_to_0p8,B0 Closed-form,395,0.8,1,0.803227956142641,1.00006991251467
C_1_to_0p8,B0 Closed-form,396,0.8,1,0.803160707056336,1.00006809187627
C_1_to_0p8,B0 Closed-form,397,0.8,1,0.803094858992662,1.00006631865032
C_1_to_0p8,B0 Closed-form,398,0.8,1,0.803030382763648,1.00006459160214
C_1_to_0p8,B0 Closed-form,399,0.8,1,0.802967249789406,1.00006290952917
C_1_to_0p8,B0 Closed-form,400,0.8,1,0.80290543208546,1.00006127126018
C_1_to_0p8,B0 Closed-form,401,0.8,1,0.802844902250346,1.00005967565444
C_1_to_0p8,B0 Closed-form,402,0.8,1,0.802785633453464,1.00005812160094
C_1_to_0p8,B0 Closed-form,403,0.8,1,0.802727599423183,1.00005660801758
C_1_to_0p8,B0 Closed-form,404,0.8,1,0.8026707744352,1.00005513385046
C_1_to_0p8,B0 Closed-form,405,0.8,1,0.802615133301134,1.0000536980731
C_1_to_0p8,B0 Closed-form,406,0.8,1,0.80256065135736,1.00005229968578
C_1_to_0p8,B0 Closed-form,407,0.8,1,0.802507304454082,1.0000509377148
C_1_to_0p8,B0 Closed-form,408,0.8,1,0.802455068944622,1.00004961121181
C_1_to_0p8,B0 Closed-form,409,0.8,1,0.802403921674942,1.00004831925317
C_1_to_0p8,B0 Closed-form,410,0.8,1,0.802353839973381,1.00004706093928
C_1_to_0p8,B0 Closed-form,411,0.8,1,0.802304801640602,1.00004583539399
C_1_to_0p8,B0 Closed-form,412,0.8,1,0.802256784939756,1.00004464176394
C_1_to_0p8,B0 Closed-form,413,0.8,1,0.802209768586844,1.000043479218
C_1_to_0p8,B0 Closed-form,414,0.8,1,0.802163731741285,1.0000423469467
C_1_to_0p8,B0 Closed-form,415,0.8,1,0.802118653996675,1.00004124416163
C_1_to_0p8,B0 Closed-form,416,0.8,1,0.802074515371744,1.00004017009492
C_1_to_0p8,B0 Closed-form,417,0.8,1,0.8020312963015,1.0000391239987
C_1_to_0p8,B0 Closed-form,418,0.8,1,0.801988977628552,1.00003810514457
C_1_to_0p8,B0 Closed-form,419,0.8,1,0.801947540594624,1.00003711282309
C_1_to_0p8,B0 Closed-form,420,0.8,1,0.801906966832236,1.00003614634333
C_1_to_0p8,B0 Closed-form,421,0.8,1,0.801867238356564,1.0000352050323
C_1_to_0p8,B0 Closed-form,422,0.8,1,0.801828337557469,1.00003428823459
C_1_to_0p8,B0 Closed-form,423,0.8,1,0.801790247191688,1.00003339531181
C_1_to_0p8,B0 Closed-form,424,0.8,1,0.801752950375195,1.00003252564223
C_1_to_0p8,B0 Closed-form,425,0.8,1,0.801716430575712,1.0000316786203
C_1_to_0p8,B0 Closed-form,426,0.8,1,0.801680671605384,1.00003085365623
C_1_to_0p8,B0 Closed-form,427,0.8,1,0.801645657613605,1.0000300501756
C_1_to_0p8,B0 Closed-form,428,0.8,1,0.801611373079989,1.00002926761894
C_1_to_0p8,B0 Closed-form,429,0.8,1,0.801577802807489,1.00002850544136
C_1_to_0p8,B0 Closed-form,430,0.8,1,0.801544931915666,1.00002776311216
C_1_to_0p8,B0 Closed-form,431,0.8,1,0.80151274583409,1.00002704011445
C_1_to_0p8,B0 Closed-form,432,0.8,1,0.80148123029588,1.0000263359448
C_1_to_0p8,B0 Closed-form,433,0.8,1,0.801450371331382,1.00002565011291
C_1_to_0p8,B0 Closed-form,434,0.8,1,0.801420155261978,1.00002498214122
C_1_to_0p8,B0 Closed-form,435,0.8,1,0.80139056869402,1.00002433156462
C_1_to_0p8,B0 Closed-form,436,0.8,1,0.801361598512895,1.00002369793013
C_1_to_0p8,B0 Closed-form,437,0.8,1,0.80133323187721,1.00002308079653
C_1_to_0p8,B0 Closed-form,438,0.8,1,0.801305456213101,1.00002247973412
C_1_to_0p8,B0 Closed-form,439,0.8,1,0.801278259208661,1.00002189432438
C_1_to_0p8,B0 Closed-form,440,0.8,1,0.801251628808481,1.00002132415968
C_1_to_0p8,B0 Closed-form,441,0.8,1,0.801225553208304,1.00002076884302
C_1_to_0p8,B0 Closed-form,442,0.8,1,0.801200020849798,1.00002022798773
C_1_to_0p8,B0 Closed-form,443,0.8,1,0.801175020415427,1.00001970121722
C_1_to_0p8,B0 Closed-form,444,0.8,1,0.801150540823439,1.00001918816469
C_1_to_0p8,B0 Closed-form,445,0.8,1,0.801126571222951,1.0000186884729
C_1_to_0p8,B0 Closed-form,446,0.8,1,0.801103100989139,1.00001820179392
C_1_to_0p8,B0 Closed-form,447,0.8,1,0.801080119718532,1.00001772778887
C_1_to_0p8,B0 Closed-form,448,0.8,1,0.801057617224396,1.0000172661277
C_1_to_0p8,B0 Closed-form,449,0.8,1,0.801035583532221,1.00001681648896
C_1_to_0p8,B0 Closed-form,450,0.8,1,0.8010140088753,1.00001637855956
C_1_to_0p8,B0 Closed-form,451,0.8,1,0.800992883690398,1.00001595203457
C_1_to_0p8,B0 Closed-form,452,0.8,1,0.800972198613515,1.000015536617
C_1_to_0p8,B0 Closed-form,453,0.8,1,0.800951944475733,1.0000151320176
C_1_to_0p8,B0 Closed-form,454,0.8,1,0.800932112299156,1.00001473795464
C_1_to_0p8,B0 Closed-form,455,0.8,1,0.800912693292923,1.00001435415374
C_1_to_0p8,B0 Closed-form,456,0.8,1,0.800893678849321,1.00001398034765
C_1_to_0p8,B0 Closed-form,457,0.8,1,0.80087506053996,1.0000136162761
C_1_to_0p8,B0 Closed-form,458,0.8,1,0.800856830112044,1.00001326168558
C_1_to_0p8,B0 Closed-form,459,0.8,1,0.80083897948471,1.00001291632918
C_1_to_0p8,B0 Closed-form,460,0.8,1,0.800821500745445,1.00001257996644
C_1_to_0p8,B0 Closed-form,461,0.8,1,0.800804386146581,1.00001225236315
C_1_to_0p8,B0 Closed-form,462,0.8,1,0.800787628101861,1.00001193329119
C_1_to_0p8,B0 Closed-form,463,0.8,1,0.800771219183072,1.0000116225284
C_1_to_0p8,B0 Closed-form,464,0.8,1,0.800755152116758,1.00001131985839
C_1_to_0p8,B0 Closed-form,465,0.8,1,0.800739419780992,1.00001102507041
C_1_to_0p8,B0 Closed-form,466,0.8,1,0.800724015202222,1.0000107379592
C_1_to_0p8,B0 Closed-form,467,0.8,1,0.800708931552175,1.00001045832485
C_1_to_0p8,B0 Closed-form,468,0.8,1,0.800694162144838,1.00001018597264
C_1_to_0p8,B0 Closed-form,469,0.8,1,0.800679700433488,1.00000992071294
C_1_to_0p8,B0 Closed-form,470,0.8,1,0.80066554000779,1.00000966236104
C_1_to_0p8,B0 Closed-form,471,0.8,1,0.800651674590961,1.00000941073705
C_1_to_0p8,B0 Closed-form,472,0.8,1,0.800638098036983,1.00000916566577
C_1_to_0p8,B0 Closed-form,473,0.8,1,0.800624804327879,1.00000892697656
C_1_to_0p8,B0 Closed-form,474,0.8,1,0.800611787571048,1.00000869450321
C_1_to_0p8,B0 Closed-form,475,0.8,1,0.800599041996651,1.00000846808386
C_1_to_0p8,B0 Closed-form,476,0.8,1,0.800586561955054,1.00000824756084
C_1_to_0p8,B0 Closed-form,477,0.8,1,0.800574341914324,1.00000803278061
C_1_to_0p8,B0 Closed-form,478,0.8,1,0.800562376457775,1.00000782359362
C_1_to_0p8,B0 Closed-form,479,0.8,1,0.800550660281572,1.0000076198542
C_1_to_0p8,B0 Closed-form,480,0.8,1,0.800539188192372,1.0000074214205
C_1_to_0p8,B0 Closed-form,481,0.8,1,0.800527955105031,1.00000722815434
C_1_to_0p8,B0 Closed-form,482,0.8,1,0.800516956040343,1.00000703992115
C_1_to_0p8,B0 Closed-form,483,0.8,1,0.800506186122836,1.00000685658987
C_1_to_0p8,B0 Closed-form,484,0.8,1,0.80049564057861,1.00000667803284
C_1_to_0p8,B0 Closed-form,485,0.8,1,0.800485314733222,1.00000650412574
C_1_to_0p8,B0 Closed-form,486,0.8,1,0.800475204009614,1.00000633474746
C_1_to_0p8,B0 Closed-form,487,0.8,1,0.80046530392608,1.00000616978008
C_1_to_0p8,B0 Closed-form,488,0.8,1,0.800455610094287,1.00000600910873
C_1_to_0p8,B0 Closed-form,489,0.8,1,0.800446118217322,1.00000585262152
C_1_to_0p8,B0 Closed-form,490,0.8,1,0.800436824087795,1.0000057002095
C_1_to_0p8,B0 Closed-form,491,0.8,1,0.800427723585966,1.00000555176654
C_1_to_0p8,B0 Closed-form,492,0.8,1,0.800418812677925,1.00000540718929
C_1_to_0p8,B0 Closed-form,493,0.8,1,0.800410087413801,1.00000526637707
C_1_to_0p8,B0 Closed-form,494,0.8,1,0.800401543926014,1.00000512923183
C_1_to_0p8,B0 Closed-form,495,0.8,1,0.800393178427555,1.00000499565809
C_1_to_0p8,B0 Closed-form,496,0.8,1,0.800384987210315,1.00000486556282
C_1_to_0p8,B0 Closed-form,497,0.8,1,0.800376966643433,1.00000473885546
C_1_to_0p8,B0 Closed-form,498,0.8,1,0.800369113171695,1.00000461544777
C_1_to_0p8,B0 Closed-form,499,0.8,1,0.800361423313951,1.00000449525381
C_1_to_0p8,B0 Closed-form,500,0.8,1,0.800353893661577,1.00000437818991
C_1_to_0p8,B0 Closed-form,501,0.8,1,0.800346520876961,1.00000426417455
C_1_to_0p8,B0 Closed-form,502,0.8,1,0.800339301692024,1.00000415312834
C_1_to_0p8,B0 Closed-form,503,0.8,1,0.800332232906774,1.00000404497395
C_1_to_0p8,B0 Closed-form,504,0.8,1,0.800325311387883,1.00000393963609
C_1_to_0p8,B0 Closed-form,505,0.8,1,0.800318534067302,1.0000038370414
C_1_to_0p8,B0 Closed-form,506,0.8,1,0.8003118979409,1.00000373711845
C_1_to_0p8,B0 Closed-form,507,0.8,1,0.800305400067131,1.00000363979765
C_1_to_0p8,B0 Closed-form,508,0.8,1,0.800299037565733,1.00000354501126
C_1_to_0p8,B0 Closed-form,509,0.8,1,0.800292807616446,1.00000345269326
C_1_to_0p8,B0 Closed-form,510,0.8,1,0.80028670745777,1.00000336277937
C_1_to_0p8,B0 Closed-form,511,0.8,1,0.800280734385734,1.00000327520699
C_1_to_0p8,B0 Closed-form,512,0.8,1,0.800274885752697,1.00000318991514
C_1_to_0p8,B0 Closed-form,513,0.8,1,0.800269158966183,1.00000310684443
C_1_to_0p8,B0 Closed-form,514,0.8,1,0.800263551487721,1.00000302593703
C_1_to_0p8,B0 Closed-form,515,0.8,1,0.800258060831727,1.00000294713658
C_1_to_0p8,B0 Closed-form,516,0.8,1,0.800252684564399,1.00000287038823
C_1_to_0p8,B0 Closed-form,517,0.8,1,0.800247420302641,1.00000279563854
C_1_to_0p8,B0 Closed-form,518,0.8,1,0.800242265713002,1.00000272283545
C_1_to_0p8,B0 Closed-form,519,0.8,1,0.800237218510648,1.00000265192828
C_1_to_0p8,B0 Closed-form,520,0.8,1,0.800232276458343,1.00000258286765
C_1_to_0p8,B0 Closed-form,521,0.8,1,0.800227437365461,1.00000251560547
C_1_to_0p8,B0 Closed-form,522,0.8,1,0.800222699087014,1.00000245009491
C_1_to_0p8,B0 Closed-form,523,0.8,1,0.800218059522701,1.00000238629036
C_1_to_0p8,B0 Closed-form,524,0.8,1,0.800213516615978,1.00000232414738
C_1_to_0p8,B0 Closed-form,525,0.8,1,0.800209068353145,1.00000226362271
C_1_to_0p8,B0 Closed-form,526,0.8,1,0.800204712762455,1.0000022046742
C_1_to_0p8,B0 Closed-form,527,0.8,1,0.800200447913237,1.00000214726081
C_1_to_0p8,B0 Closed-form,528,0.8,1,0.800196271915044,1.00000209134256
C_1_to_0p8,B0 Closed-form,529,0.8,1,0.800192182916814,1.00000203688051
C_1_to_0p8,B0 Closed-form,530,0.8,1,0.800188179106047,1.00000198383675
C_1_to_0p8,B0 Closed-form,531,0.8,1,0.800184258708005,1.00000193217433
C_1_to_0p8,B0 Closed-form,532,0.8,1,0.800180419984921,1.00000188185729
C_1_to_0p8,B0 Closed-form,533,0.8,1,0.800176661235235,1.00000183285059
C_1_to_0p8,B0 Closed-form,534,0.8,1,0.800172980792835,1.00000178512011
C_1_to_0p8,B0 Closed-form,535,0.8,1,0.800169377026317,1.00000173863261
C_1_to_0p8,B0 Closed-form,536,0.8,1,0.800165848338269,1.00000169335572
C_1_to_0p8,B0 Closed-form,537,0.8,1,0.800162393164555,1.00000164925791
C_1_to_0p8,B0 Closed-form,538,0.8,1,0.800159009973627,1.00000160630849
C_1_to_0p8,B0 Closed-form,539,0.8,1,0.800155697265843,1.00000156447754
C_1_to_0p8,B0 Closed-form,540,0.8,1,0.800152453572805,1.00000152373593
C_1_to_0p8,B0 Closed-form,541,0.8,1,0.800149277456704,1.00000148405531
C_1_to_0p8,B0 Closed-form,542,0.8,1,0.80014616750969,1.00000144540804
C_1_to_0p8,B0 Closed-form,543,0.8,1,0.800143122353238,1.0000014077672
C_1_to_0p8,B0 Closed-form,544,0.8,1,0.800140140637545,1.0000013711066
C_1_to_0p8,B0 Closed-form,545,0.8,1,0.80013722104093,1.0000013354007
C_1_to_0p8,B0 Closed-form,546,0.8,1,0.800134362269244,1.00000130062464
C_1_to_0p8,B0 Closed-form,547,0.8,1,0.800131563055301,1.0000012667542
C_1_to_0p8,B0 Closed-form,548,0.8,1,0.800128822158316,1.00000123376581
C_1_to_0p8,B0 Closed-form,549,0.8,1,0.800126138363351,1.00000120163649
C_1_to_0p8,B0 Closed-form,550,0.8,1,0.800123510480781,1.00000117034388
C_1_to_0p8,B0 Closed-form,551,0.8,1,0.800120937345765,1.00000113986617
C_1_to_0p8,B0 Closed-form,552,0.8,1,0.800118417817728,1.00000111018216
C_1_to_0p8,B0 Closed-form,553,0.8,1,0.800115950779859,1.00000108127116
C_1_to_0p8,B0 Closed-form,554,0.8,1,0.800113535138612,1.00000105311306
C_1_to_0p8,B0 Closed-form,555,0.8,1,0.800111169823224,1.00000102568824
C_1_to_0p8,B0 Closed-form,556,0.8,1,0.80010885378524,1.00000099897761
C_1_to_0p8,B0 Closed-form,557,0.8,1,0.800106585998048,1.00000097296257
C_1_to_0p8,B0 Closed-form,558,0.8,1,0.800104365456422,1.000000947625
C_1_to_0p8,B0 Closed-form,559,0.8,1,0.80010219117608,1.00000092294727
C_1_to_0p8,B0 Closed-form,560,0.8,1,0.800100062193244,1.00000089891218
C_1_to_0p8,B0 Closed-form,561,0.8,1,0.800097977564219,1.00000087550301
C_1_to_0p8,B0 Closed-form,562,0.8,1,0.800095936364964,1.00000085270345
C_1_to_0p8,B0 Closed-form,563,0.8,1,0.800093937690694,1.00000083049763
C_1_to_0p8,B0 Closed-form,564,0.8,1,0.800091980655471,1.00000080887009
C_1_to_0p8,B0 Closed-form,565,0.8,1,0.800090064391816,1.00000078780577
C_1_to_0p8,B0 Closed-form,566,0.8,1,0.800088188050319,1.00000076728999
C_1_to_0p8,B0 Closed-form,567,0.8,1,0.800086350799271,1.00000074730848
C_1_to_0p8,B0 Closed-form,568,0.8,1,0.800084551824286,1.00000072784732
C_1_to_0p8,B0 Closed-form,569,0.8,1,0.800082790327947,1.00000070889296
C_1_to_0p8,B0 Closed-form,570,0.8,1,0.800081065529448,1.00000069043221
C_1_to_0p8,B0 Closed-form,571,0.8,1,0.800079376664251,1.00000067245221
C_1_to_0p8,B0 Closed-form,572,0.8,1,0.800077722983746,1.00000065494043
C_1_to_0p8,B0 Closed-form,573,0.8,1,0.800076103754918,1.00000063788469
C_1_to_0p8,B0 Closed-form,574,0.8,1,0.800074518260024,1.00000062127311
C_1_to_0p8,B0 Closed-form,575,0.8,1,0.800072965796273,1.00000060509412
C_1_to_0p8,B0 Closed-form,576,0.8,1,0.800071445675518,1.00000058933646
C_1_to_0p8,B0 Closed-form,577,0.8,1,0.800069957223944,1.00000057398916
C_1_to_0p8,B0 Closed-form,578,0.8,1,0.800068499781779,1.00000055904152
C_1_to_0p8,B0 Closed-form,579,0.8,1,0.800067072702992,1.00000054448315
C_1_to_0p8,B0 Closed-form,580,0.8,1,0.800065675355013,1.0000005303039
C_1_to_0p8,B0 Closed-form,581,0.8,1,0.80006430711845,1.0000005164939
C_1_to_0p8,B0 Closed-form,582,0.8,1,0.800062967386816,1.00000050304354
C_1_to_0p8,B0 Closed-form,583,0.8,1,0.800061655566257,1.00000048994345
C_1_to_0p8,B0 Closed-form,584,0.8,1,0.800060371075293,1.00000047718451
C_1_to_0p8,B0 Closed-form,585,0.8,1,0.800059113344558,1.00000046475783
C_1_to_0p8,B0 Closed-form,586,0.8,1,0.800057881816546,1.00000045265476
C_1_to_0p8,B0 Closed-form,587,0.8,1,0.800056675945368,1.00000044086687
C_1_to_0p8,B0 Closed-form,588,0.8,1,0.800055495196507,1.00000042938597
C_1_to_0p8,B0 Closed-form,589,0.8,1,0.800054339046579,1.00000041820404
C_1_to_0p8,B0 Closed-form,590,0.8,1,0.800053206983109,1.00000040731331
C_1_to_0p8,B0 Closed-form,591,0.8,1,0.800052098504294,1.00000039670619
C_1_to_0p8,B0 Closed-form,592,0.8,1,0.800051013118788,1.0000003863753
C_1_to_0p8,B0 Closed-form,593,0.8,1,0.80004995034548,1.00000037631344
C_1_to_0p8,B0 Closed-form,594,0.8,1,0.800048909713282,1.00000036651362
C_1_to_0p8,B0 Closed-form,595,0.8,1,0.800047890760922,1.00000035696899
C_1_to_0p8,B0 Closed-form,596,0.8,1,0.800046893036736,1.00000034767292
C_1_to_0p8,B0 Closed-form,597,0.8,1,0.800045916098471,1.00000033861894
C_1_to_0p8,B0 Closed-form,598,0.8,1,0.800044959513086,1.00000032980074
C_1_to_0p8,B0 Closed-form,599,0.8,1,0.800044022856564,1.00000032121218
C_1_to_0p8,B1 RLS,0,1,1,1,1
C_1_to_0p8,B1 RLS,1,1,1,1,1
C_1_to_0p8,B1 RLS,2,1,1,1,1
C_1_to_0p8,B1 RLS,3,1,1,1,1
C_1_to_0p8,B1 RLS,4,1,1,1,1
C_1_to_0p8,B1 RLS,5,1,1,1,1
C_1_to_0p8,B1 RLS,6,1,1,1,1
C_1_to_0p8,B1 RLS,7,1,1,1,1
C_1_to_0p8,B1 RLS,8,1,1,1,1
C_1_to_0p8,B1 RLS,9,1,1,1,1
C_1_to_0p8,B1 RLS,10,1,1,1,1
C_1_to_0p8,B1 RLS,11,1,1,1,1
C_1_to_0p8,B1 RLS,12,1,1,1,1
C_1_to_0p8,B1 RLS,13,1,1,1,1
C_1_to_0p8,B1 RLS,14,1,1,1,1
C_1_to_0p8,B1 RLS,15,1,1,1,1
C_1_to_0p8,B1 RLS,16,1,1,1,1
C_1_to_0p8,B1 RLS,17,1,1,1,1
C_1_to_0p8,B1 RLS,18,1,1,1,1
C_1_to_0p8,B1 RLS,19,1,1,1,1
C_1_to_0p8,B1 RLS,20,1,1,1,1
C_1_to_0p8,B1 RLS,21,1,1,1,1
C_1_to_0p8,B1 RLS,22,1,1,1,1
C_1_to_0p8,B1 RLS,23,1,1,1,1
C_1_to_0p8,B1 RLS,24,1,1,1,1
C_1_to_0p8,B1 RLS,25,1,1,1,1
C_1_to_0p8,B1 RLS,26,1,1,1,1
C_1_to_0p8,B1 RLS,27,1,1,1,1
C_1_to_0p8,B1 RLS,28,1,1,1,1
C_1_to_0p8,B1 RLS,29,1,1,1,1
C_1_to_0p8,B1 RLS,30,1,1,1,1
C_1_to_0p8,B1 RLS,31,1,1,1,1
C_1_to_0p8,B1 RLS,32,1,1,1,1
C_1_to_0p8,B1 RLS,33,1,1,1,1
C_1_to_0p8,B1 RLS,34,1,1,1,1
C_1_to_0p8,B1 RLS,35,1,1,1,1
C_1_to_0p8,B1 RLS,36,1,1,1,1
C_1_to_0p8,B1 RLS,37,1,1,1,1
C_1_to_0p8,B1 RLS,38,1,1,1,1
C_1_to_0p8,B1 RLS,39,1,1,1,1
C_1_to_0p8,B1 RLS,40,1,1,1,1
C_1_to_0p8,B1 RLS,41,1,1,1,1
C_1_to_0p8,B1 RLS,42,1,1,1,1
C_1_to_0p8,B1 RLS,43,1,1,1,1
C_1_to_0p8,B1 RLS,44,1,1,1,1
C_1_to_0p8,B1 RLS,45,1,1,1,1
C_1_to_0p8,B1 RLS,46,1,1,1,1
C_1_to_0p8,B1 RLS,47,1,1,1,1
C_1_to_0p8,B1 RLS,48,1,1,1,1
C_1_to_0p8,B1 RLS,49,1,1,1,1
C_1_to_0p8,B1 RLS,50,1,1,1,1
C_1_to_0p8,B1 RLS,51,1,1,1,1
C_1_to_0p8,B1 RLS,52,1,1,1,1
C_1_to_0p8,B1 RLS,53,1,1,1,1
C_1_to_0p8,B1 RLS,54,1,1,1,1
C_1_to_0p8,B1 RLS,55,1,1,1,1
C_1_to_0p8,B1 RLS,56,1,1,1,1
C_1_to_0p8,B1 RLS,57,1,1,1,1
C_1_to_0p8,B1 RLS,58,1,1,1,1
C_1_to_0p8,B1 RLS,59,1,1,1,1
C_1_to_0p8,B1 RLS,60,1,1,1,1
C_1_to_0p8,B1 RLS,61,1,1,1,1
C_1_to_0p8,B1 RLS,62,1,1,1,1
C_1_to_0p8,B1 RLS,63,1,1,1,1
C_1_to_0p8,B1 RLS,64,1,1,1,1
C_1_to_0p8,B1 RLS,65,1,1,1,1
C_1_to_0p8,B1 RLS,66,1,1,1,1
C_1_to_0p8,B1 RLS,67,1,1,1,1
C_1_to_0p8,B1 RLS,68,1,1,1,1
C_1_to_0p8,B1 RLS,69,1,1,1,1
C_1_to_0p8,B1 RLS,70,1,1,1,1
C_1_to_0p8,B1 RLS,71,1,1,1,1
C_1_to_0p8,B1 RLS,72,1,1,1,1
C_1_to_0p8,B1 RLS,73,1,1,1,1
C_1_to_0p8,B1 RLS,74,1,1,1,1
C_1_to_0p8,B1 RLS,75,1,1,1,1
C_1_to_0p8,B1 RLS,76,1,1,1,1
C_1_to_0p8,B1 RLS,77,1,1,1,1
C_1_to_0p8,B1 RLS,78,1,1,1,1
C_1_to_0p8,B1 RLS,79,1,1,1,1
C_1_to_0p8,B1 RLS,80,1,1,1,1
C_1_to_0p8,B1 RLS,81,1,1,1,1
C_1_to_0p8,B1 RLS,82,1,1,1,1
C_1_to_0p8,B1 RLS,83,1,1,1,1
C_1_to_0p8,B1 RLS,84,1,1,1,1
C_1_to_0p8,B1 RLS,85,1,1,1,1
C_1_to_0p8,B1 RLS,86,1,1,1,1
C_1_to_0p8,B1 RLS,87,1,1,1,1
C_1_to_0p8,B1 RLS,88,1,1,1,1
C_1_to_0p8,B1 RLS,89,1,1,1,1
C_1_to_0p8,B1 RLS,90,1,1,1,1
C_1_to_0p8,B1 RLS,91,1,1,1,1
C_1_to_0p8,B1 RLS,92,1,1,1,1
C_1_to_0p8,B1 RLS,93,1,1,1,1
C_1_to_0p8,B1 RLS,94,1,1,1,1
C_1_to_0p8,B1 RLS,95,1,1,1,1
C_1_to_0p8,B1 RLS,96,1,1,1,1
C_1_to_0p8,B1 RLS,97,1,1,1,1
C_1_to_0p8,B1 RLS,98,1,1,1,1
C_1_to_0p8,B1 RLS,99,1,1,1,1
C_1_to_0p8,B1 RLS,100,1,1,1,1
C_1_to_0p8,B1 RLS,101,1,1,1,1
C_1_to_0p8,B1 RLS,102,1,1,1,1
C_1_to_0p8,B1 RLS,103,1,1,1,1
C_1_to_0p8,B1 RLS,104,1,1,1,1
C_1_to_0p8,B1 RLS,105,1,1,1,1
C_1_to_0p8,B1 RLS,106,1,1,1,1
C_1_to_0p8,B1 RLS,107,1,1,1,1
C_1_to_0p8,B1 RLS,108,1,1,1,1
C_1_to_0p8,B1 RLS,109,1,1,1,1
C_1_to_0p8,B1 RLS,110,1,1,1,1
C_1_to_0p8,B1 RLS,111,1,1,1,1
C_1_to_0p8,B1 RLS,112,1,1,1,1
C_1_to_0p8,B1 RLS,113,1,1,1,1
C_1_to_0p8,B1 RLS,114,1,1,1,1
C_1_to_0p8,B1 RLS,115,1,1,1,1
C_1_to_0p8,B1 RLS,116,1,1,1,1
C_1_to_0p8,B1 RLS,117,1,1,1,1
C_1_to_0p8,B1 RLS,118,1,1,1,1
C_1_to_0p8,B1 RLS,119,1,1,1,1
C_1_to_0p8,B1 RLS,120,1,1,1,1
C_1_to_0p8,B1 RLS,121,1,1,1,1
C_1_to_0p8,B1 RLS,122,1,1,1,1
C_1_to_0p8,B1 RLS,123,1,1,1,1
C_1_to_0p8,B1 RLS,124,1,1,1,1
C_1_to_0p8,B1 RLS,125,1,1,1,1
C_1_to_0p8,B1 RLS,126,1,1,1,1
C_1_to_0p8,B1 RLS,127,1,1,1,1
C_1_to_0p8,B1 RLS,128,1,1,1,1
C_1_to_0p8,B1 RLS,129,1,1,1,1
C_1_to_0p8,B1 RLS,130,1,1,1,1
C_1_to_0p8,B1 RLS,131,1,1,1,1
C_1_to_0p8,B1 RLS,132,1,1,1,1
C_1_to_0p8,B1 RLS,133,1,1,1,1
C_1_to_0p8,B1 RLS,134,1,1,1,1
C_1_to_0p8,B1 RLS,135,1,1,1,1
C_1_to_0p8,B1 RLS,136,1,1,1,1
C_1_to_0p8,B1 RLS,137,1,1,1,1
C_1_to_0p8,B1 RLS,138,1,1,1,1
C_1_to_0p8,B1 RLS,139,1,1,1,1
C_1_to_0p8,B1 RLS,140,1,1,1,1
C_1_to_0p8,B1 RLS,141,1,1,1,1
C_1_to_0p8,B1 RLS,142,1,1,1,1
C_1_to_0p8,B1 RLS,143,1,1,1,1
C_1_to_0p8,B1 RLS,144,1,1,1,1
C_1_to_0p8,B1 RLS,145,1,1,1,1
C_1_to_0p8,B1 RLS,146,1,1,1,1
C_1_to_0p8,B1 RLS,147,1,1,1,1
C_1_to_0p8,B1 RLS,148,1,1,1,1
C_1_to_0p8,B1 RLS,149,1,1,1,1
C_1_to_0p8,B1 RLS,150,1,1,1,1
C_1_to_0p8,B1 RLS,151,1,1,1,1
C_1_to_0p8,B1 RLS,152,1,1,1,1
C_1_to_0p8,B1 RLS,153,1,1,1,1
C_1_to_0p8,B1 RLS,154,1,1,1,1
C_1_to_0p8,B1 RLS,155,1,1,1,1
C_1_to_0p8,B1 RLS,156,1,1,1,1
C_1_to_0p8,B1 RLS,157,1,1,1,1
C_1_to_0p8,B1 RLS,158,1,1,1,1
C_1_to_0p8,B1 RLS,159,1,1,1,1
C_1_to_0p8,B1 RLS,160,1,1,1,1
C_1_to_0p8,B1 RLS,161,1,1,1,1
C_1_to_0p8,B1 RLS,162,1,1,1,1
C_1_to_0p8,B1 RLS,163,1,1,1,1
C_1_to_0p8,B1 RLS,164,1,1,1,1
C_1_to_0p8,B1 RLS,165,1,1,1,1
C_1_to_0p8,B1 RLS,166,1,1,1,1
C_1_to_0p8,B1 RLS,167,1,1,1,1
C_1_to_0p8,B1 RLS,168,1,1,1,1
C_1_to_0p8,B1 RLS,169,1,1,1,1
C_1_to_0p8,B1 RLS,170,1,1,1,1
C_1_to_0p8,B1 RLS,171,1,1,1,1
C_1_to_0p8,B1 RLS,172,1,1,1,1
C_1_to_0p8,B1 RLS,173,1,1,1,1
C_1_to_0p8,B1 RLS,174,1,1,1,1
C_1_to_0p8,B1 RLS,175,1,1,1,1
C_1_to_0p8,B1 RLS,176,1,1,1,1
C_1_to_0p8,B1 RLS,177,1,1,1,1
C_1_to_0p8,B1 RLS,178,1,1,1,1
C_1_to_0p8,B1 RLS,179,1,1,1,1
C_1_to_0p8,B1 RLS,180,1,1,1,1
C_1_to_0p8,B1 RLS,181,1,1,1,1
C_1_to_0p8,B1 RLS,182,1,1,1,1
C_1_to_0p8,B1 RLS,183,1,1,1,1
C_1_to_0p8,B1 RLS,184,1,1,1,1
C_1_to_0p8,B1 RLS,185,1,1,1,1
C_1_to_0p8,B1 RLS,186,1,1,1,1
C_1_to_0p8,B1 RLS,187,1,1,1,1
C_1_to_0p8,B1 RLS,188,1,1,1,1
C_1_to_0p8,B1 RLS,189,1,1,1,1
C_1_to_0p8,B1 RLS,190,1,1,1,1
C_1_to_0p8,B1 RLS,191,1,1,1,1
C_1_to_0p8,B1 RLS,192,1,1,1,1
C_1_to_0p8,B1 RLS,193,1,1,1,1
C_1_to_0p8,B1 RLS,194,1,1,1,1
C_1_to_0p8,B1 RLS,195,1,1,1,1
C_1_to_0p8,B1 RLS,196,1,1,1,1
C_1_to_0p8,B1 RLS,197,1,1,1,1
C_1_to_0p8,B1 RLS,198,1,1,1,1
C_1_to_0p8,B1 RLS,199,1,1,1,1
C_1_to_0p8,B1 RLS,200,0.8,1,0.997435897435897,1.016
C_1_to_0p8,B1 RLS,201,0.8,1,0.994904667981591,1.01574358974359
C_1_to_0p8,B1 RLS,202,0.8,1,0.992405890186955,1.0154912886259
C_1_to_0p8,B1 RLS,203,0.8,1,0.989939148005071,1.01524303079536
C_1_to_0p8,B1 RLS,204,0.8,1,0.987504030722955,1.01499875145569
C_1_to_0p8,B1 RLS,205,0.8,1,0.985100132893173,1.01475838684903
C_1_to_0p8,B1 RLS,206,0.8,1,0.982727054266338,1.01452187423927
C_1_to_0p8,B1 RLS,207,0.8,1,0.980384399724462,1.01428915189569
C_1_to_0p8,B1 RLS,208,0.8,1,0.978071779215174,1.01406015907685
C_1_to_0p8,B1 RLS,209,0.8,1,0.975788807686774,1.01383483601472
C_1_to_0p8,B1 RLS,210,0.8,1,0.973535105024123,1.0136131238991
C_1_to_0p8,B1 RLS,211,0.8,1,0.971310295985353,1.01339496486226
C_1_to_0p8,B1 RLS,212,0.8,1,0.969114010139386,1.01318030196382
C_1_to_0p8,B1 RLS,213,0.8,1,0.966945881804266,1.01296907917594
C_1_to_0p8,B1 RLS,214,0.8,1,0.964805549986263,1.01276124136863
C_1_to_0p8,B1 RLS,215,0.8,1,0.962692658319772,1.01255673429542
C_1_to_0p8,B1 RLS,216,0.8,1,0.96060685500798,1.01235550457915
C_1_to_0p8,B1 RLS,217,0.8,1,0.958547792764288,1.01215749969807
C_1_to_0p8,B1 RLS,218,0.8,1,0.95651512875449,1.01196266797214
C_1_to_0p8,B1 RLS,219,0.8,1,0.954508524539688,1.01177095854951
C_1_to_0p8,B1 RLS,220,0.8,1,0.952527646019949,1.01158232139327
C_1_to_0p8,B1 RLS,221,0.8,1,0.950572163378667,1.01139670726837
C_1_to_0p8,B1 RLS,222,0.8,1,0.948641751027659,1.01121406772882
C_1_to_0p8,B1 RLS,223,0.8,1,0.946736087552945,1.01103435510496
C_1_to_0p8,B1 RLS,224,0.8,1,0.944854855661241,1.0108575224911
C_1_to_0p8,B1 RLS,225,0.8,1,0.942997742127123,1.01068352373323
C_1_to_0p8,B1 RLS,226,0.8,1,0.941164437740877,1.01051231341699
C_1_to_0p8,B1 RLS,227,0.8,1,0.93935463725702,1.01034384685582
C_1_to_0p8,B1 RLS,228,0.8,1,0.937568039343468,1.01017808007928
C_1_to_0p8,B1 RLS,229,0.8,1,0.935804346531373,1.0100149698216
C_1_to_0p8,B1 RLS,230,0.8,1,0.934063265165586,1.00985447351036
C_1_to_0p8,B1 RLS,231,0.8,1,0.932344505355771,1.00969654925539
C_1_to_0p8,B1 RLS,232,0.8,1,0.930647780928132,1.00954115583783
C_1_to_0p8,B1 RLS,233,0.8,1,0.928972809377772,1.0093882526994
C_1_to_0p8,B1 RLS,234,0.8,1,0.927319311821647,1.00923779993179
C_1_to_0p8,B1 RLS,235,0.8,1,0.925687012952138,1.00908975826621
C_1_to_0p8,B1 RLS,236,0.8,1,0.924075640991213,1.00894408906323
C_1_to_0p8,B1 RLS,237,0.8,1,0.922484927645172,1.0088007543026
C_1_to_0p8,B1 RLS,238,0.8,1,0.920914608059978,1.00865971657339
C_1_to_0p8,B1 RLS,239,0.8,1,0.919364420777157,1.0085209390642
C_1_to_0p8,B1 RLS,240,0.8,1,0.917834107690271,1.00838438555356
C_1_to_0p8,B1 RLS,241,0.8,1,0.916323414001934,1.00825002040046
C_1_to_0p8,B1 RLS,242,0.8,1,0.914832088181396,1.00811780853506
C_1_to_0p8,B1 RLS,243,0.8,1,0.91335988192266,1.00798771544957
C_1_to_0p8,B1 RLS,244,0.8,1,0.911906550103139,1.00785970718916
C_1_to_0p8,B1 RLS,245,0.8,1,0.910471850742843,1.00773375034318
C_1_to_0p8,B1 RLS,246,0.8,1,0.909055544964088,1.00760981203639
C_1_to_0p8,B1 RLS,247,0.8,1,0.907657396951728,1.00748785992043
C_1_to_0p8,B1 RLS,248,0.8,1,0.906277173913885,1.00736786216529
C_1_to_0p8,B1 RLS,249,0.8,1,0.904914646043194,1.0072497874511
C_1_to_0p8,B1 RLS,250,0.8,1,0.903569586478538,1.0071336049599
C_1_to_0p8,B1 RLS,251,0.8,1,0.902241771267275,1.00701928436759
C_1_to_0p8,B1 RLS,252,0.8,1,0.900930979327951,1.00690679583606
C_1_to_0p8,B1 RLS,253,0.8,1,0.89963699241349,1.00679611000536
C_1_to_0p8,B1 RLS,254,0.8,1,0.898359595074855,1.00668719798604
C_1_to_0p8,B1 RLS,255,0.8,1,0.897098574625178,1.00658003135165
C_1_to_0p8,B1 RLS,256,0.8,1,0.895853721104342,1.00647458213127
C_1_to_0p8,B1 RLS,257,0.8,1,0.89462482724403,1.00637082280224
C_1_to_0p8,B1 RLS,258,0.8,1,0.893411688433209,1.00626872628298
C_1_to_0p8,B1 RLS,259,0.8,1,0.892214102684065,1.00616826592588
C_1_to_0p8,B1 RLS,260,0.8,1,0.891031870598372,1.0060694155104
C_1_to_0p8,B1 RLS,261,0.8,1,0.889864795334291,1.00597214923619
C_1_to_0p8,B1 RLS,262,0.8,1,0.888712682573594,1.00587644171638
C_1_to_0p8,B1 RLS,263,0.8,1,0.887575340489318,1.00578226797093
C_1_to_0p8,B1 RLS,264,0.8,1,0.886452579713814,1.00568960342011
C_1_to_0p8,B1 RLS,265,0.8,1,0.885344213307226,1.00559842387812
C_1_to_0p8,B1 RLS,266,0.8,1,0.884250056726364,1.00550870554674
C_1_to_0p8,B1 RLS,267,0.8,1,0.883169927793975,1.00542042500913
C_1_to_0p8,B1 RLS,268,0.8,1,0.882103646668411,1.00533355922373
C_1_to_0p8,B1 RLS,269,0.8,1,0.881051035813688,1.00524808551822
C_1_to_0p8,B1 RLS,270,0.8,1,0.880011919969923,1.00516398158364
C_1_to_0p8,B1 RLS,271,0.8,1,0.878986126124154,1.00508122546851
C_1_to_0p8,B1 RLS,272,0.8,1,0.877973483481537,1.00499979557319
C_1_to_0p8,B1 RLS,273,0.8,1,0.876973823436902,1.00491967064413
C_1_to_0p8,B1 RLS,274,0.8,1,0.875986979546685,1.00484082976842
C_1_to_0p8,B1 RLS,275,0.8,1,0.875012787501215,1.00476325236829
C_1_to_0p8,B1 RLS,276,0.8,1,0.874051085097353,1.00468691819572
C_1_to_0p8,B1 RLS,277,0.8,1,0.87310171221149,1.0046118073272
C_1_to_0p8,B1 RLS,278,0.8,1,0.872164510772881,1.00453790015849
C_1_to_0p8,B1 RLS,279,0.8,1,0.871239324737331,1.00446517739954
C_1_to_0p8,B1 RLS,280,0.8,1,0.870326000061212,1.00439362006942
C_1_to_0p8,B1 RLS,281,0.8,1,0.869424384675811,1.00432320949138
C_1_to_0p8,B1 RLS,282,0.8,1,0.868534328462019,1.004253927288
C_1_to_0p8,B1 RLS,283,0.8,1,0.867655683225326,1.00418575537633
C_1_to_0p8,B1 RLS,284,0.8,1,0.866788302671155,1.00411867596325
C_1_to_0p8,B1 RLS,285,0.8,1,0.8659320423805,1.00405267154076
C_1_to_0p8,B1 RLS,286,0.8,1,0.865086759785878,1.00398772488145
C_1_to_0p8,B1 RLS,287,0.8,1,0.864252314147597,1.00392381903399
C_1_to_0p8,B1 RLS,288,0.8,1,0.86342856653032,1.00386093731871
C_1_to_0p8,B1 RLS,289,0.8,1,0.862615379779932,1.00379906332321
C_1_to_0p8,B1 RLS,290,0.8,1,0.861812618500702,1.00373818089816
C_1_to_0p8,B1 RLS,291,0.8,1,0.861020149032744,1.003678274153
C_1_to_0p8,B1 RLS,292,0.8,1,0.86023783942976,1.00361932745183
C_1_to_0p8,B1 RLS,293,0.8,1,0.859465559437071,1.00356132540933
C_1_to_0p8,B1 RLS,294,0.8,1,0.858703180469929,1.00350425288675
C_1_to_0p8,B1 RLS,295,0.8,1,0.857950575592109,1.00344809498792
C_1_to_0p8,B1 RLS,296,0.8,1,0.857207619494775,1.00339283705542
C_1_to_0p8,B1 RLS,297,0.8,1,0.856474188475611,1.00333846466671
C_1_to_0p8,B1 RLS,298,0.8,1,0.855750160418231,1.00328496363039
C_1_to_0p8,B1 RLS,299,0.8,1,0.855035414771844,1.00323231998246
C_1_to_0p8,B1 RLS,300,0.8,1,0.854329832531179,1.00318051998275
C_1_to_0p8,B1 RLS,301,0.8,1,0.853633296216677,1.00312955011123
C_1_to_0p8,B1 RLS,302,0.8,1,0.852945689854924,1.00307939706457
C_1_to_0p8,B1 RLS,303,0.8,1,0.852266898959348,1.00303004775264
C_1_to_0p8,B1 RLS,304,0.8,1,0.851596810511152,1.00298148929507
C_1_to_0p8,B1 RLS,305,0.8,1,0.850935312940496,1.0029337090179
C_1_to_0p8,B1 RLS,306,0.8,1,0.850282296107925,1.00288669445031
C_1_to_0p8,B1 RLS,307,0.8,1,0.849637651286029,1.0028404333213
C_1_to_0p8,B1 RLS,308,0.8,1,0.849001271141336,1.00279491355653
C_1_to_0p8,B1 RLS,309,0.8,1,0.848373049716447,1.00275012327518
C_1_to_0p8,B1 RLS,310,0.8,1,0.84775288241239,1.00270605078679
C_1_to_0p8,B1 RLS,311,0.8,1,0.847140665971206,1.00266268458829
C_1_to_0p8,B1 RLS,312,0.8,1,0.846536298458754,1.00262001336091
C_1_to_0p8,B1 RLS,313,0.8,1,0.845939679247745,1.00257802596731
C_1_to_0p8,B1 RLS,314,0.8,1,0.845350709000979,1.0025367114486
C_1_to_0p8,B1 RLS,315,0.8,1,0.844769289654812,1.00249605902154
C_1_to_0p8,B1 RLS,316,0.8,1,0.844195324402828,1.00245605807568
C_1_to_0p8,B1 RLS,317,0.8,1,0.843628717679714,1.00241669817062
C_1_to_0p8,B1 RLS,318,0.8,1,0.843069375145359,1.00237796903327
C_1_to_0p8,B1 RLS,319,0.8,1,0.842517203669137,1.00233986055517
C_1_to_0p8,B1 RLS,320,0.8,1,0.841972111314404,1.00230236278987
C_1_to_0p8,B1 RLS,321,0.8,1,0.841434007323194,1.00226546595029
C_1_to_0p8,B1 RLS,322,0.8,1,0.840902802101101,1.00222916040621
C_1_to_0p8,B1 RLS,323,0.8,1,0.840378407202369,1.00219343668175
C_1_to_0p8,B1 RLS,324,0.8,1,0.83986073531516,1.00215828545288
C_1_to_0p8,B1 RLS,325,0.8,1,0.839349700247016,1.00212369754498
C_1_to_0p8,B1 RLS,326,0.8,1,0.838845216910516,1.00208966393048
C_1_to_0p8,B1 RLS,327,0.8,1,0.838347201309099,1.00205617572646
C_1_to_0p8,B1 RLS,328,0.8,1,0.837855570523085,1.00202322419238
C_1_to_0p8,B1 RLS,329,0.8,1,0.837370242695866,1.00199080072776
C_1_to_0p8,B1 RLS,330,0.8,1,0.836891137020278,1.00195889686995
C_1_to_0p8,B1 RLS,331,0.8,1,0.836418173725146,1.0019275042919
C_1_to_0p8,B1 RLS,332,0.8,1,0.835951274062004,1.00189661480004
C_1_to_0p8,B1 RLS,333,0.8,1,0.835490360291978,1.00186622033209
C_1_to_0p8,B1 RLS,334,0.8,1,0.83503535567285,1.00183631295498
C_1_to_0p8,B1 RLS,335,0.8,1,0.834586184446275,1.00180688486275
C_1_to_0p8,B1 RLS,336,0.8,1,0.834142771825169,1.00177792837457
C_1_to_0p8,B1 RLS,337,0.8,1,0.833705043981256,1.00174943593267
C_1_to_0p8,B1 RLS,338,0.8,1,0.833272928032779,1.00172140010041
C_1_to_0p8,B1 RLS,339,0.8,1,0.832846352032358,1.00169381356034
C_1_to_0p8,B1 RLS,340,0.8,1,0.832425244955021,1.00166666911226
C_1_to_0p8,B1 RLS,341,0.8,1,0.832009536686366,1.00163995967136
C_1_to_0p8,B1 RLS,342,0.8,1,0.8315991580109,1.00161367826637
C_1_to_0p8,B1 RLS,343,0.8,1,0.831194040600504,1.00158781803774
C_1_to_0p8,B1 RLS,344,0.8,1,0.830794117003062,1.00156237223585
C_1_to_0p8,B1 RLS,345,0.8,1,0.830399320631228,1.00153733421925
C_1_to_0p8,B1 RLS,346,0.8,1,0.83000958575134,1.00151269745292
C_1_to_0p8,B1 RLS,347,0.8,1,0.829624847472477,1.00148845550656
C_1_to_0p8,B1 RLS,348,0.8,1,0.82924504173565,1.00146460205293
C_1_to_0p8,B1 RLS,349,0.8,1,0.828870105303142,1.00144113086618
C_1_to_0p8,B1 RLS,350,0.8,1,0.828499975747973,1.00141803582025
C_1_to_0p8,B1 RLS,351,0.8,1,0.828134591443512,1.00139531088723
C_1_to_0p8,B1 RLS,352,0.8,1,0.827773891553211,1.00137295013583
C_1_to_0p8,B1 RLS,353,0.8,1,0.827417816020477,1.00135094772981
C_1_to_0p8,B1 RLS,354,0.8,1,0.827066305558676,1.00132929792645
C_1_to_0p8,B1 RLS,355,0.8,1,0.826719301641257,1.00130799507506
C_1_to_0p8,B1 RLS,356,0.8,1,0.82637674649201,1.00128703361553
C_1_to_0p8,B1 RLS,357,0.8,1,0.826038583075446,1.00126640807682
C_1_to_0p8,B1 RLS,358,0.8,1,0.825704755087299,1.00124611307559
C_1_to_0p8,B1 RLS,359,0.8,1,0.825375206945155,1.00122614331476
C_1_to_0p8,B1 RLS,360,0.8,1,0.825049883779191,1.00120649358215
C_1_to_0p8,B1 RLS,361,0.8,1,0.824728731423047,1.0011871587491
C_1_to_0p8,B1 RLS,362,0.8,1,0.824411696404803,1.00116813376915
C_1_to_0p8,B1 RLS,363,0.8,1,0.824098725938075,1.00114941367669
C_1_to_0p8,B1 RLS,364,0.8,1,0.823789767913228,1.00113099358572
C_1_to_0p8,B1 RLS,365,0.8,1,0.823484770888699,1.00111286868852
C_1_to_0p8,B1 RLS,366,0.8,1,0.823183684082434,1.0010950342544
C_1_to_0p8,B1 RLS,367,0.8,1,0.822886457363428,1.00107748562853
C_1_to_0p8,B1 RLS,368,0.8,1,0.822593041243384,1.00106021823064
C_1_to_0p8,B1 RLS,369,0.8,1,0.822303386868469,1.00104322755387
C_1_to_0p8,B1 RLS,370,0.8,1,0.822017446011181,1.00102650916358
C_1_to_0p8,B1 RLS,371,0.8,1,0.82173517106232,1.00101005869621
C_1_to_0p8,B1 RLS,372,0.8,1,0.821456515023059,1.00099387185813
C_1_to_0p8,B1 RLS,373,0.8,1,0.821181431497123,1.00097794442451
C_1_to_0p8,B1 RLS,374,0.8,1,0.820909874683057,1.00096227223822
C_1_to_0p8,B1 RLS,375,0.8,1,0.820641799366608,1.00094685120876
C_1_to_0p8,B1 RLS,376,0.8,1,0.820377160913189,1.00093167731119
C_1_to_0p8,B1 RLS,377,0.8,1,0.820115915260456,1.00091674658504
C_1_to_0p8,B1 RLS,378,0.8,1,0.819858018910963,1.00090205513336
C_1_to_0p8,B1 RLS,379,0.8,1,0.819603428924925,1.00088759912161
C_1_to_0p8,B1 RLS,380,0.8,1,0.819352102913067,1.00087337477671
C_1_to_0p8,B1 RLS,381,0.8,1,0.819103999029566,1.00085937838606
C_1_to_0p8,B1 RLS,382,0.8,1,0.818859075965085,1.00084560629654
C_1_to_0p8,B1 RLS,383,0.8,1,0.818617292939891,1.00083205491358
C_1_to_0p8,B1 RLS,384,0.8,1,0.818378609697072,1.00081872070022
C_1_to_0p8,B1 RLS,385,0.8,1,0.818142986495828,1.00080560017618
C_1_to_0p8,B1 RLS,386,0.8,1,0.817910384104856,1.00079268991695
C_1_to_0p8,B1 RLS,387,0.8,1,0.817680763795819,1.00077998655289
C_1_to_0p8,B1 RLS,388,0.8,1,0.817454087336898,1.00076748676839
C_1_to_0p8,B1 RLS,389,0.8,1,0.817230316986425,1.00075518730095
C_1_to_0p8,B1 RLS,390,0.8,1,0.817009415486599,1.00074308494036
C_1_to_0p8,B1 RLS,391,0.8,1,0.816791346057284,1.00073117652785
C_1_to_0p8,B1 RLS,392,0.8,1,0.816576072389883,1.00071945895529
C_1_to_0p8,B1 RLS,393,0.8,1,0.816363558641295,1.00070792916434
C_1_to_0p8,B1 RLS,394,0.8,1,0.816153769427945,1.00069658414568
C_1_to_0p8,B1 RLS,395,0.8,1,0.815946669819894,1.00068542093822
C_1_to_0p8,B1 RLS,396,0.8,1,0.815742225335024,1.00067443662831
C_1_to_0p8,B1 RLS,397,0.8,1,0.815540401933293,1.00066362834901
C_1_to_0p8,B1 RLS,398,0.8,1,0.815341166011071,1.00065299327931
C_1_to_0p8,B1 RLS,399,0.8,1,0.815144484395544,1.00064252864343
C_1_to_0p8,B1 RLS,400,0.8,1,0.814950324339191,1.00063223171004
C_1_to_0p8,B1 RLS,401,0.8,1,0.81475865351433,1.00062209979161
C_1_to_0p8,B1 RLS,402,0.8,1,0.814569440007736,1.00061213024367
C_1_to_0p8,B1 RLS,403,0.8,1,0.814382652315329,1.00060232046412
C_1_to_0p8,B1 RLS,404,0.8,1,0.814198259336927,1.00059266789258
C_1_to_0p8,B1 RLS,405,0.8,1,0.814016230371069,1.00058317000969
C_1_to_0p8,B1 RLS,406,0.8,1,0.813836535109902,1.00057382433645
C_1_to_0p8,B1 RLS,407,0.8,1,0.813659143634134,1.00056462843363
C_1_to_0p8,B1 RLS,408,0.8,1,0.813484026408055,1.00055557990104
C_1_to_0p8,B1 RLS,409,0.8,1,0.813311154274618,1.00054667637698
C_1_to_0p8,B1 RLS,410,0.8,1,0.813140498450585,1.00053791553761
C_1_to_0p8,B1 RLS,411,0.8,1,0.812972030521731,1.0005292950963
C_1_to_0p8,B1 RLS,412,0.8,1,0.812805722438119,1.00052081280309
C_1_to_0p8,B1 RLS,413,0.8,1,0.812641546509425,1.00051246644407
C_1_to_0p8,B1 RLS,414,0.8,1,0.81247947540033,1.0005042538408
C_1_to_0p8,B1 RLS,415,0.8,1,0.812319482125967,1.00049617284976
C_1_to_0p8,B1 RLS,416,0.8,1,0.812161540047429,1.00048822136178
C_1_to_0p8,B1 RLS,417,0.8,1,0.812005622867334,1.00048039730149
C_1_to_0p8,B1 RLS,418,0.8,1,0.811851704625445,1.00047269862679
C_1_to_0p8,B1 RLS,419,0.8,1,0.811699759694349,1.00046512332829
C_1_to_0p8,B1 RLS,420,0.8,1,0.811549762775191,1.00045766942879
C_1_to_0p8,B1 RLS,421,0.8,1,0.811401688893458,1.00045033498282
C_1_to_0p8,B1 RLS,422,0.8,1,0.811255513394824,1.00044311807604
C_1_to_0p8,B1 RLS,423,0.8,1,0.811111211941044,1.00043601682482
C_1_to_0p8,B1 RLS,424,0.8,1,0.810968760505902,1.00042902937571
C_1_to_0p8,B1 RLS,425,0.8,1,0.810828135371211,1.00042215390494
C_1_to_0p8,B1 RLS,426,0.8,1,0.810689313122863,1.00041538861801
C_1_to_0p8,B1 RLS,427,0.8,1,0.810552270646928,1.00040873174913
C_1_to_0p8,B1 RLS,428,0.8,1,0.810416985125814,1.00040218156084
C_1_to_0p8,B1 RLS,429,0.8,1,0.810283434034457,1.00039573634352
C_1_to_0p8,B1 RLS,430,0.8,1,0.81015159513658,1.00038939441494
C_1_to_0p8,B1 RLS,431,0.8,1,0.810021446480983,1.00038315411983
C_1_to_0p8,B1 RLS,432,0.8,1,0.809892966397893,1.00037701382944
C_1_to_0p8,B1 RLS,433,0.8,1,0.809766133495356,1.00037097194115
C_1_to_0p8,B1 RLS,434,0.8,1,0.809640926655672,1.00036502687799
C_1_to_0p8,B1 RLS,435,0.8,1,0.809517325031881,1.00035917708828
C_1_to_0p8,B1 RLS,436,0.8,1,0.809395308044293,1.0003534210452
C_1_to_0p8,B1 RLS,437,0.8,1,0.809274855377059,1.0003477572464
C_1_to_0p8,B1 RLS,438,0.8,1,0.809155946974789,1.0003421842136
C_1_to_0p8,B1 RLS,439,0.8,1,0.809038563039214,1.00033670049223
C_1_to_0p8,B1 RLS,440,0.8,1,0.808922684025891,1.00033130465101
C_1_to_0p8,B1 RLS,441,0.8,1,0.808808290640944,1.0003259952816
C_1_to_0p8,B1 RLS,442,0.8,1,0.808695363837855,1.00032077099824
C_1_to_0p8,B1 RLS,443,0.8,1,0.808583884814292,1.00031563043737
C_1_to_0p8,B1 RLS,444,0.8,1,0.808473835008981,1.00031057225729
C_1_to_0p8,B1 RLS,445,0.8,1,0.808365196098609,1.00030559513778
C_1_to_0p8,B1 RLS,446,0.8,1,0.808257949994781,1.0003006977798
C_1_to_0p8,B1 RLS,447,0.8,1,0.808152078841002,1.00029587890513
C_1_to_0p8,B1 RLS,448,0.8,1,0.808047565009707,1.00029113725601
C_1_to_0p8,B1 RLS,449,0.8,1,0.807944391099326,1.00028647159485
C_1_to_0p8,B1 RLS,450,0.8,1,0.807842539931386,1.00028188070391
C_1_to_0p8,B1 RLS,451,0.8,1,0.80774199454765,1.00027736338494
C_1_to_0p8,B1 RLS,452,0.8,1,0.807642738207296,1.0002729184589
C_1_to_0p8,B1 RLS,453,0.8,1,0.807544754384125,1.00026854476564
C_1_to_0p8,B1 RLS,454,0.8,1,0.807448026763816,1.00026424116363
C_1_to_0p8,B1 RLS,455,0.8,1,0.807352539241203,1.0002600065296
C_1_to_0p8,B1 RLS,456,0.8,1,0.807258275917598,1.00025583975829
C_1_to_0p8,B1 RLS,457,0.8,1,0.807165221098141,1.00025173976216
C_1_to_0p8,B1 RLS,458,0.8,1,0.807073359289191,1.0002477054711
C_1_to_0p8,B1 RLS,459,0.8,1,0.80698267519574,1.00024373583214
C_1_to_0p8,B1 RLS,460,0.8,1,0.806893153718871,1.00023982980919
C_1_to_0p8,B1 RLS,461,0.8,1,0.806804779953245,1.00023598638276
C_1_to_0p8,B1 RLS,462,0.8,1,0.806717539184614,1.00023220454971
C_1_to_0p8,B1 RLS,463,0.8,1,0.806631416887375,1.00022848332295
C_1_to_0p8,B1 RLS,464,0.8,1,0.806546398722152,1.00022482173123
C_1_to_0p8,B1 RLS,465,0.8,1,0.806462470533407,1.00022121881887
C_1_to_0p8,B1 RLS,466,0.8,1,0.806379618347081,1.0002176736455
C_1_to_0p8,B1 RLS,467,0.8,1,0.806297828368272,1.00021418528579
C_1_to_0p8,B1 RLS,468,0.8,1,0.806217086978935,1.00021075282929
C_1_to_0p8,B1 RLS,469,0.8,1,0.806137380735616,1.0002073753801
C_1_to_0p8,B1 RLS,470,0.8,1,0.80605869636721,1.0002040520567
C_1_to_0p8,B1 RLS,471,0.8,1,0.805981020772759,1.00020078199169
C_1_to_0p8,B1 RLS,472,0.8,1,0.805904341019262,1.00019756433157
C_1_to_0p8,B1 RLS,473,0.8,1,0.805828644339528,1.00019439823651
C_1_to_0p8,B1 RLS,474,0.8,1,0.805753918130047,1.00019128288016
C_1_to_0p8,B1 RLS,475,0.8,1,0.805680149948892,1.00018821744938
C_1_to_0p8,B1 RLS,476,0.8,1,0.80560732751365,1.00018520114411
C_1_to_0p8,B1 RLS,477,0.8,1,0.805535438699373,1.00018223317705
C_1_to_0p8,B1 RLS,478,0.8,1,0.80546447153656,1.00017931277357
C_1_to_0p8,B1 RLS,479,0.8,1,0.805394414209168,1.00017643917143
C_1_to_0p8,B1 RLS,480,0.8,1,0.80532525505264,1.00017361162061
C_1_to_0p8,B1 RLS,481,0.8,1,0.805256982551966,1.0001708293831
C_1_to_0p8,B1 RLS,482,0.8,1,0.805189585339761,1.00016809173273
C_1_to_0p8,B1 RLS,483,0.8,1,0.805123052194379,1.00016539795496
C_1_to_0p8,B1 RLS,484,0.8,1,0.805057372038041,1.00016274734671
C_1_to_0p8,B1 RLS,485,0.8,1,0.804992533934989,1.00016013921615
C_1_to_0p8,B1 RLS,486,0.8,1,0.804928527089669,1.00015757288256
C_1_to_0p8,B1 RLS,487,0.8,1,0.80486534084493,1.00015504767611
C_1_to_0p8,B1 RLS,488,0.8,1,0.804802964680251,1.00015256293771
C_1_to_0p8,B1 RLS,489,0.8,1,0.804741388209991,1.00015011801884
C_1_to_0p8,B1 RLS,490,0.8,1,0.804680601181658,1.00014771228135
C_1_to_0p8,B1 RLS,491,0.8,1,0.804620593474201,1.00014534509736
C_1_to_0p8,B1 RLS,492,0.8,1,0.804561355096327,1.000143015849
C_1_to_0p8,B1 RLS,493,0.8,1,0.804502876184835,1.00014072392835
C_1_to_0p8,B1 RLS,494,0.8,1,0.804445147002978,1.00013846873719
C_1_to_0p8,B1 RLS,495,0.8,1,0.804388157938838,1.00013624968691
C_1_to_0p8,B1 RLS,496,0.8,1,0.804331899503724,1.00013406619834
C_1_to_0p8,B1 RLS,497,0.8,1,0.8042763623306,1.00013191770157
C_1_to_0p8,B1 RLS,498,0.8,1,0.804221537172515,1.00012980363584
C_1_to_0p8,B1 RLS,499,0.8,1,0.804167414901072,1.00012772344937
C_1_to_0p8,B1 RLS,500,0.8,1,0.804113986504905,1.00012567659922
C_1_to_0p8,B1 RLS,501,0.8,1,0.804061243088175,1.00012366255115
C_1_to_0p8,B1 RLS,502,0.8,1,0.804009175869096,1.0001216807795
C_1_to_0p8,B1 RLS,503,0.8,1,0.803957776178467,1.00011973076701
C_1_to_0p8,B1 RLS,504,0.8,1,0.80390703545823,1.00011781200472
C_1_to_0p8,B1 RLS,505,0.8,1,0.803856945260048,1.00011592399182
C_1_to_0p8,B1 RLS,506,0.8,1,0.803807497243893,1.00011406623554
C_1_to_0p8,B1 RLS,507,0.8,1,0.803758683176664,1.000112238251
C_1_to_0p8,B1 RLS,508,0.8,1,0.803710494930809,1.00011043956108
C_1_to_0p8,B1 RLS,509,0.8,1,0.803662924482978,1.00010866969632
C_1_to_0p8,B1 RLS,510,0.8,1,0.803615963912684,1.00010692819477
C_1_to_0p8,B1 RLS,511,0.8,1,0.803569605400982,1.00010521460191
C_1_to_0p8,B1 RLS,512,0.8,1,0.803523841229175,1.00010352847047
C_1_to_0p8,B1 RLS,513,0.8,1,0.803478663777519,1.00010186936036
C_1_to_0p8,B1 RLS,514,0.8,1,0.803434065523961,1.00010023683856
C_1_to_0p8,B1 RLS,515,0.8,1,0.803390039042885,1.00009863047897
C_1_to_0p8,B1 RLS,516,0.8,1,0.803346577003873,1.00009704986232
C_1_to_0p8,B1 RLS,517,0.8,1,0.80330367217049,1.00009549457607
C_1_to_0p8,B1 RLS,518,0.8,1,0.803261317399074,1.00009396421427
C_1_to_0p8,B1 RLS,519,0.8,1,0.803219505637547,1.0000924583775
C_1_to_0p8,B1 RLS,520,0.8,1,0.803178229924245,1.00009097667274
C_1_to_0p8,B1 RLS,521,0.8,1,0.803137483386755,1.00008951871324
C_1_to_0p8,B1 RLS,522,0.8,1,0.803097259240771,1.00008808411847
C_1_to_0p8,B1 RLS,523,0.8,1,0.803057550788966,1.00008667251401
C_1_to_0p8,B1 RLS,524,0.8,1,0.803018351419877,1.00008528353141
C_1_to_0p8,B1 RLS,525,0.8,1,0.802979654606801,1.00008391680815
C_1_to_0p8,B1 RLS,526,0.8,1,0.802941453906714,1.00008257198751
C_1_to_0p8,B1 RLS,527,0.8,1,0.802903742959192,1.00008124871848
C_1_to_0p8,B1 RLS,528,0.8,1,0.802866515485356,1.00007994665568
C_1_to_0p8,B1 RLS,529,0.8,1,0.802829765286826,1.00007866545928
C_1_to_0p8,B1 RLS,530,0.8,1,0.802793486244687,1.00007740479487
C_1_to_0p8,B1 RLS,531,0.8,1,0.802757672318473,1.00007616433341
C_1_to_0p8,B1 RLS,532,0.8,1,0.80272231754516,1.00007494375114
C_1_to_0p8,B1 RLS,533,0.8,1,0.80268741603817,1.00007374272949
C_1_to_0p8,B1 RLS,534,0.8,1,0.802652961986399,1.00007256095498
C_1_to_0p8,B1 RLS,535,0.8,1,0.80261894965324,1.00007139811916
C_1_to_0p8,B1 RLS,536,0.8,1,0.802585373375634,1.00007025391854
C_1_to_0p8,B1 RLS,537,0.8,1,0.802552227563126,1.00006912805446
C_1_to_0p8,B1 RLS,538,0.8,1,0.802519506696932,1.00006802023307
C_1_to_0p8,B1 RLS,539,0.8,1,0.802487205329023,1.00006693016523
C_1_to_0p8,B1 RLS,540,0.8,1,0.802455318081215,1.00006585756643
C_1_to_0p8,B1 RLS,541,0.8,1,0.802423839644276,1.00006480215671
C_1_to_0p8,B1 RLS,542,0.8,1,0.802392764777042,1.00006376366061
C_1_to_0p8,B1 RLS,543,0.8,1,0.802362088305541,1.00006274180708
C_1_to_0p8,B1 RLS,544,0.8,1,0.802331805122137,1.0000617363294
C_1_to_0p8,B1 RLS,545,0.8,1,0.802301910184674,1.00006074696515
C_1_to_0p8,B1 RLS,546,0.8,1,0.802272398515639,1.00005977345609
C_1_to_0p8,B1 RLS,547,0.8,1,0.802243265201336,1.00005881554814
C_1_to_0p8,B1 RLS,548,0.8,1,0.802214505391063,1.00005787299128
C_1_to_0p8,B1 RLS,549,0.8,1,0.802186114296306,1.00005694553949
C_1_to_0p8,B1 RLS,550,0.8,1,0.802158087189943,1.00005603295072
C_1_to_0p8,B1 RLS,551,0.8,1,0.802130419405456,1.00005513498677
C_1_to_0p8,B1 RLS,552,0.8,1,0.802103106336156,1.00005425141326
C_1_to_0p8,B1 RLS,553,0.8,1,0.80207614343441,1.00005338199959
C_1_to_0p8,B1 RLS,554,0.8,1,0.802049526210892,1.00005252651882
C_1_to_0p8,B1 RLS,555,0.8,1,0.802023250233829,1.00005168474769
C_1_to_0p8,B1 RLS,556,0.8,1,0.801997311128267,1.00005085646648
C_1_to_0p8,B1 RLS,557,0.8,1,0.801971704575341,1.000050041459
C_1_to_0p8,B1 RLS,558,0.8,1,0.801946426311554,1.00004923951254
C_1_to_0p8,B1 RLS,559,0.8,1,0.801921472128073,1.00004845041779
C_1_to_0p8,B1 RLS,560,0.8,1,0.801896837870021,1.00004767396879
C_1_to_0p8,B1 RLS,561,0.8,1,0.80187251943579,1.00004690996288
C_1_to_0p8,B1 RLS,562,0.8,1,0.801848512776356,1.00004615820065
C_1_to_0p8,B1 RLS,563,0.8,1,0.801824813894608,1.0000454184859
C_1_to_0p8,B1 RLS,564,0.8,1,0.801801418844677,1.00004469062555
C_1_to_0p8,B1 RLS,565,0.8,1,0.801778323731284,1.00004397442962
C_1_to_0p8,B1 RLS,566,0.8,1,0.801755524709088,1.0000432697112
C_1_to_0p8,B1 RLS,567,0.8,1,0.801733017982049,1.00004257628634
C_1_to_0p8,B1 RLS,568,0.8,1,0.801710799802792,1.00004189397406
C_1_to_0p8,B1 RLS,569,0.8,1,0.801688866471987,1.00004122259627
C_1_to_0p8,B1 RLS,570,0.8,1,0.80166721433773,1.00004056197774
C_1_to_0p8,B1 RLS,571,0.8,1,0.801645839794939,1.00003991194605
C_1_to_0p8,B1 RLS,572,0.8,1,0.801624739284747,1.00003927233153
C_1_to_0p8,B1 RLS,573,0.8,1,0.801603909293917,1.00003864296724
C_1_to_0p8,B1 RLS,574,0.8,1,0.801583346354252,1.00003802368892
C_1_to_0p8,B1 RLS,575,0.8,1,0.801563047042018,1.00003741433493
C_1_to_0p8,B1 RLS,576,0.8,1,0.801543007977377,1.00003681474623
C_1_to_0p8,B1 RLS,577,0.8,1,0.80152322582382,1.00003622476632
C_1_to_0p8,B1 RLS,578,0.8,1,0.801503697287618,1.00003564424122
C_1_to_0p8,B1 RLS,579,0.8,1,0.801484419117264,1.00003507301941
C_1_to_0p8,B1 RLS,580,0.8,1,0.80146538810294,1.00003451095179
C_1_to_0p8,B1 RLS,581,0.8,1,0.801446601075979,1.00003395789166
C_1_to_0p8,B1 RLS,582,0.8,1,0.801428054908338,1.00003341369468
C_1_to_0p8,B1 RLS,583,0.8,1,0.801409746512077,1.0000328782188
C_1_to_0p8,B1 RLS,584,0.8,1,0.801391672838846,1.00003235132427
C_1_to_0p8,B1 RLS,585,0.8,1,0.801373830879373,1.00003183287356
C_1_to_0p8,B1 RLS,586,0.8,1,0.801356217662971,1.00003132273136
C_1_to_0p8,B1 RLS,587,0.8,1,0.801338830257035,1.00003082076451
C_1_to_0p8,B1 RLS,588,0.8,1,0.801321665766561,1.000030326842
C_1_to_0p8,B1 RLS,589,0.8,1,0.801304721333656,1.00002984083492
C_1_to_0p8,B1 RLS,590,0.8,1,0.801287994137071,1.00002936261641
C_1_to_0p8,B1 RLS,591,0.8,1,0.801271481391724,1.00002889206166
C_1_to_0p8,B1 RLS,592,0.8,1,0.80125518034824,1.00002842904785
C_1_to_0p8,B1 RLS,593,0.8,1,0.801239088292493,1.00002797345414
C_1_to_0p8,B1 RLS,594,0.8,1,0.801223202545154,1.0000275251616
C_1_to_0p8,B1 RLS,595,0.8,1,0.801207520461241,1.00002708405324
C_1_to_0p8,B1 RLS,596,0.8,1,0.801192039429687,1.00002665001393
C_1_to_0p8,B1 RLS,597,0.8,1,0.801176756872896,1.00002622293037
C_1_to_0p8,B1 RLS,598,0.8,1,0.801161670246321,1.0000258026911
C_1_to_0p8,B1 RLS,599,0.8,1,0.801146777038034,1.00002538918644
C_1_to_0p8,B2 Augmented EKF,0,1,1,1,1
C_1_to_0p8,B2 Augmented EKF,1,1,1,1,1
C_1_to_0p8,B2 Augmented EKF,2,1,1,1,1
C_1_to_0p8,B2 Augmented EKF,3,1,1,1,1
C_1_to_0p8,B2 Augmented EKF,4,1,1,1,1
C_1_to_0p8,B2 Augmented EKF,5,1,1,1,1
C_1_to_0p8,B2 Augmented EKF,6,1,1,1,1
C_1_to_0p8,B2 Augmented EKF,7,1,1,1,1
C_1_to_0p8,B2 Augmented EKF,8,1,1,1,1
C_1_to_0p8,B2 Augmented EKF,9,1,1,1,1
C_1_to_0p8,B2 Augmented EKF,10,1,1,1,1
C_1_to_0p8,B2 Augmented EKF,11,1,1,1,1
C_1_to_0p8,B2 Augmented EKF,12,1,1,1,1
C_1_to_0p8,B2 Augmented EKF,13,1,1,1,1
C_1_to_0p8,B2 Augmented EKF,14,1,1,1,1
C_1_to_0p8,B2 Augmented EKF,15,1,1,1,1
C_1_to_0p8,B2 Augmented EKF,16,1,1,1,1
C_1_to_0p8,B2 Augmented EKF,17,1,1,1,1
C_1_to_0p8,B2 Augmented EKF,18,1,1,1,1
C_1_to_0p8,B2 Augmented EKF,19,1,1,1,1
C_1_to_0p8,B2 Augmented EKF,20,1,1,1,1
C_1_to_0p8,B2 Augmented EKF,21,1,1,1,1
C_1_to_0p8,B2 Augmented EKF,22,1,1,1,1
C_1_to_0p8,B2 Augmented EKF,23,1,1,1,1
C_1_to_0p8,B2 Augmented EKF,24,1,1,1,1
C_1_to_0p8,B2 Augmented EKF,25,1,1,1,1
C_1_to_0p8,B2 Augmented EKF,26,1,1,1,1
C_1_to_0p8,B2 Augmented EKF,27,1,1,1,1
C_1_to_0p8,B2 Augmented EKF,28,1,1,1,1
C_1_to_0p8,B2 Augmented EKF,29,1,1,1,1
C_1_to_0p8,B2 Augmented EKF,30,1,1,1,1
C_1_to_0p8,B2 Augmented EKF,31,1,1,1,1
C_1_to_0p8,B2 Augmented EKF,32,1,1,1,1
C_1_to_0p8,B2 Augmented EKF,33,1,1,1,1
C_1_to_0p8,B2 Augmented EKF,34,1,1,1,1
C_1_to_0p8,B2 Augmented EKF,35,1,1,1,1
C_1_to_0p8,B2 Augmented EKF,36,1,1,1,1
C_1_to_0p8,B2 Augmented EKF,37,1,1,1,1
C_1_to_0p8,B2 Augmented EKF,38,1,1,1,1
C_1_to_0p8,B2 Augmented EKF,39,1,1,1,1
C_1_to_0p8,B2 Augmented EKF,40,1,1,1,1
C_1_to_0p8,B2 Augmented EKF,41,1,1,1,1
C_1_to_0p8,B2 Augmented EKF,42,1,1,1,1
C_1_to_0p8,B2 Augmented EKF,43,1,1,1,1
C_1_to_0p8,B2 Augmented EKF,44,1,1,1,1
C_1_to_0p8,B2 Augmented EKF,45,1,1,1,1
C_1_to_0p8,B2 Augmented EKF,46,1,1,1,1
C_1_to_0p8,B2 Augmented EKF,47,1,1,1,1
C_1_to_0p8,B2 Augmented EKF,48,1,1,1,1
C_1_to_0p8,B2 Augmented EKF,49,1,1,1,1
C_1_to_0p8,B2 Augmented EKF,50,1,1,1,1
C_1_to_0p8,B2 Augmented EKF,51,1,1,1,1
C_1_to_0p8,B2 Augmented EKF,52,1,1,1,1
C_1_to_0p8,B2 Augmented EKF,53,1,1,1,1
C_1_to_0p8,B2 Augmented EKF,54,1,1,1,1
C_1_to_0p8,B2 Augmented EKF,55,1,1,1,1
C_1_to_0p8,B2 Augmented EKF,56,1,1,1,1
C_1_to_0p8,B2 Augmented EKF,57,1,1,1,1
C_1_to_0p8,B2 Augmented EKF,58,1,1,1,1
C_1_to_0p8,B2 Augmented EKF,59,1,1,1,1
C_1_to_0p8,B2 Augmented EKF,60,1,1,1,1
C_1_to_0p8,B2 Augmented EKF,61,1,1,1,1
C_1_to_0p8,B2 Augmented EKF,62,1,1,1,1
C_1_to_0p8,B2 Augmented EKF,63,1,1,1,1
C_1_to_0p8,B2 Augmented EKF,64,1,1,1,1
C_1_to_0p8,B2 Augmented EKF,65,1,1,1,1
C_1_to_0p8,B2 Augmented EKF,66,1,1,1,1
C_1_to_0p8,B2 Augmented EKF,67,1,1,1,1
C_1_to_0p8,B2 Augmented EKF,68,1,1,1,1
C_1_to_0p8,B2 Augmented EKF,69,1,1,1,1
C_1_to_0p8,B2 Augmented EKF,70,1,1,1,1
C_1_to_0p8,B2 Augmented EKF,71,1,1,1,1
C_1_to_0p8,B2 Augmented EKF,72,1,1,1,1
C_1_to_0p8,B2 Augmented EKF,73,1,1,1,1
C_1_to_0p8,B2 Augmented EKF,74,1,1,1,1
C_1_to_0p8,B2 Augmented EKF,75,1,1,1,1
C_1_to_0p8,B2 Augmented EKF,76,1,1,1,1
C_1_to_0p8,B2 Augmented EKF,77,1,1,1,1
C_1_to_0p8,B2 Augmented EKF,78,1,1,1,1
C_1_to_0p8,B2 Augmented EKF,79,1,1,1,1
C_1_to_0p8,B2 Augmented EKF,80,1,1,1,1
C_1_to_0p8,B2 Augmented EKF,81,1,1,1,1
C_1_to_0p8,B2 Augmented EKF,82,1,1,1,1
C_1_to_0p8,B2 Augmented EKF,83,1,1,1,1
C_1_to_0p8,B2 Augmented EKF,84,1,1,1,1
C_1_to_0p8,B2 Augmented EKF,85,1,1,1,1
C_1_to_0p8,B2 Augmented EKF,86,1,1,1,1
C_1_to_0p8,B2 Augmented EKF,87,1,1,1,1
C_1_to_0p8,B2 Augmented EKF,88,1,1,1,1
C_1_to_0p8,B2 Augmented EKF,89,1,1,1,1
C_1_to_0p8,B2 Augmented EKF,90,1,1,1,1
C_1_to_0p8,B2 Augmented EKF,91,1,1,1,1
C_1_to_0p8,B2 Augmented EKF,92,1,1,1,1
C_1_to_0p8,B2 Augmented EKF,93,1,1,1,1
C_1_to_0p8,B2 Augmented EKF,94,1,1,1,1
C_1_to_0p8,B2 Augmented EKF,95,1,1,1,1
C_1_to_0p8,B2 Augmented EKF,96,1,1,1,1
C_1_to_0p8,B2 Augmented EKF,97,1,1,1,1
C_1_to_0p8,B2 Augmented EKF,98,1,1,1,1
C_1_to_0p8,B2 Augmented EKF,99,1,1,1,1
C_1_to_0p8,B2 Augmented EKF,100,1,1,1,1
C_1_to_0p8,B2 Augmented EKF,101,1,1,1,1
C_1_to_0p8,B2 Augmented EKF,102,1,1,1,1
C_1_to_0p8,B2 Augmented EKF,103,1,1,1,1
C_1_to_0p8,B2 Augmented EKF,104,1,1,1,1
C_1_to_0p8,B2 Augmented EKF,105,1,1,1,1
C_1_to_0p8,B2 Augmented EKF,106,1,1,1,1
C_1_to_0p8,B2 Augmented EKF,107,1,1,1,1
C_1_to_0p8,B2 Augmented EKF,108,1,1,1,1
C_1_to_0p8,B2 Augmented EKF,109,1,1,1,1
C_1_to_0p8,B2 Augmented EKF,110,1,1,1,1
C_1_to_0p8,B2 Augmented EKF,111,1,1,1,1
C_1_to_0p8,B2 Augmented EKF,112,1,1,1,1
C_1_to_0p8,B2 Augmented EKF,113,1,1,1,1
C_1_to_0p8,B2 Augmented EKF,114,1,1,1,1
C_1_to_0p8,B2 Augmented EKF,115,1,1,1,1
C_1_to_0p8,B2 Augmented EKF,116,1,1,1,1
C_1_to_0p8,B2 Augmented EKF,117,1,1,1,1
C_1_to_0p8,B2 Augmented EKF,118,1,1,1,1
C_1_to_0p8,B2 Augmented EKF,119,1,1,1,1
C_1_to_0p8,B2 Augmented EKF,120,1,1,1,1
C_1_to_0p8,B2 Augmented EKF,121,1,1,1,1
C_1_to_0p8,B2 Augmented EKF,122,1,1,1,1
C_1_to_0p8,B2 Augmented EKF,123,1,1,1,1
C_1_to_0p8,B2 Augmented EKF,124,1,1,1,1
C_1_to_0p8,B2 Augmented EKF,125,1,1,1,1
C_1_to_0p8,B2 Augmented EKF,126,1,1,1,1
C_1_to_0p8,B2 Augmented EKF,127,1,1,1,1
C_1_to_0p8,B2 Augmented EKF,128,1,1,1,1
C_1_to_0p8,B2 Augmented EKF,129,1,1,1,1
C_1_to_0p8,B2 Augmented EKF,130,1,1,1,1
C_1_to_0p8,B2 Augmented EKF,131,1,1,1,1
C_1_to_0p8,B2 Augmented EKF,132,1,1,1,1
C_1_to_0p8,B2 Augmented EKF,133,1,1,1,1
C_1_to_0p8,B2 Augmented EKF,134,1,1,1,1
C_1_to_0p8,B2 Augmented EKF,135,1,1,1,1
C_1_to_0p8,B2 Augmented EKF,136,1,1,1,1
C_1_to_0p8,B2 Augmented EKF,137,1,1,1,1
C_1_to_0p8,B2 Augmented EKF,138,1,1,1,1
C_1_to_0p8,B2 Augmented EKF,139,1,1,1,1
C_1_to_0p8,B2 Augmented EKF,140,1,1,1,1
C_1_to_0p8,B2 Augmented EKF,141,1,1,1,1
C_1_to_0p8,B2 Augmented EKF,142,1,1,1,1
C_1_to_0p8,B2 Augmented EKF,143,1,1,1,1
C_1_to_0p8,B2 Augmented EKF,144,1,1,1,1
C_1_to_0p8,B2 Augmented EKF,145,1,1,1,1
C_1_to_0p8,B2 Augmented EKF,146,1,1,1,1
C_1_to_0p8,B2 Augmented EKF,147,1,1,1,1
C_1_to_0p8,B2 Augmented EKF,148,1,1,1,1
C_1_to_0p8,B2 Augmented EKF,149,1,1,1,1
C_1_to_0p8,B2 Augmented EKF,150,1,1,1,1
C_1_to_0p8,B2 Augmented EKF,151,1,1,1,1
C_1_to_0p8,B2 Augmented EKF,152,1,1,1,1
C_1_to_0p8,B2 Augmented EKF,153,1,1,1,1
C_1_to_0p8,B2 Augmented EKF,154,1,1,1,1
C_1_to_0p8,B2 Augmented EKF,155,1,1,1,1
C_1_to_0p8,B2 Augmented EKF,156,1,1,1,1
C_1_to_0p8,B2 Augmented EKF,157,1,1,1,1
C_1_to_0p8,B2 Augmented EKF,158,1,1,1,1
C_1_to_0p8,B2 Augmented EKF,159,1,1,1,1
C_1_to_0p8,B2 Augmented EKF,160,1,1,1,1
C_1_to_0p8,B2 Augmented EKF,161,1,1,1,1
C_1_to_0p8,B2 Augmented EKF,162,1,1,1,1
C_1_to_0p8,B2 Augmented EKF,163,1,1,1,1
C_1_to_0p8,B2 Augmented EKF,164,1,1,1,1
C_1_to_0p8,B2 Augmented EKF,165,1,1,1,1
C_1_to_0p8,B2 Augmented EKF,166,1,1,1,1
C_1_to_0p8,B2 Augmented EKF,167,1,1,1,1
C_1_to_0p8,B2 Augmented EKF,168,1,1,1,1
C_1_to_0p8,B2 Augmented EKF,169,1,1,1,1
C_1_to_0p8,B2 Augmented EKF,170,1,1,1,1
C_1_to_0p8,B2 Augmented EKF,171,1,1,1,1
C_1_to_0p8,B2 Augmented EKF,172,1,1,1,1
C_1_to_0p8,B2 Augmented EKF,173,1,1,1,1
C_1_to_0p8,B2 Augmented EKF,174,1,1,1,1
C_1_to_0p8,B2 Augmented EKF,175,1,1,1,1
C_1_to_0p8,B2 Augmented EKF,176,1,1,1,1
C_1_to_0p8,B2 Augmented EKF,177,1,1,1,1
C_1_to_0p8,B2 Augmented EKF,178,1,1,1,1
C_1_to_0p8,B2 Augmented EKF,179,1,1,1,1
C_1_to_0p8,B2 Augmented EKF,180,1,1,1,1
C_1_to_0p8,B2 Augmented EKF,181,1,1,1,1
C_1_to_0p8,B2 Augmented EKF,182,1,1,1,1
C_1_to_0p8,B2 Augmented EKF,183,1,1,1,1
C_1_to_0p8,B2 Augmented EKF,184,1,1,1,1
C_1_to_0p8,B2 Augmented EKF,185,1,1,1,1
C_1_to_0p8,B2 Augmented EKF,186,1,1,1,1
C_1_to_0p8,B2 Augmented EKF,187,1,1,1,1
C_1_to_0p8,B2 Augmented EKF,188,1,1,1,1
C_1_to_0p8,B2 Augmented EKF,189,1,1,1,1
C_1_to_0p8,B2 Augmented EKF,190,1,1,1,1
C_1_to_0p8,B2 Augmented EKF,191,1,1,1,1
C_1_to_0p8,B2 Augmented EKF,192,1,1,1,1
C_1_to_0p8,B2 Augmented EKF,193,1,1,1,1
C_1_to_0p8,B2 Augmented EKF,194,1,1,1,1
C_1_to_0p8,B2 Augmented EKF,195,1,1,1,1
C_1_to_0p8,B2 Augmented EKF,196,1,1,1,1
C_1_to_0p8,B2 Augmented EKF,197,1,1,1,1
C_1_to_0p8,B2 Augmented EKF,198,1,1,1,1
C_1_to_0p8,B2 Augmented EKF,199,1,1,1,1
C_1_to_0p8,B2 Augmented EKF,200,0.8,1,0.998333333333333,1.024
C_1_to_0p8,B2 Augmented EKF,201,0.8,1,0.996680555555556,1.02375
C_1_to_0p8,B2 Augmented EKF,202,0.8,1,0.995041550925926,1.02350260416667
C_1_to_0p8,B2 Augmented EKF,203,0.8,1,0.99341620466821,1.02325778537326
C_1_to_0p8,B2 Augmented EKF,204,0.8,1,0.991804402962641,1.02301551677563
C_1_to_0p8,B2 Augmented EKF,205,0.8,1,0.990206032937953,1.02277577180921
C_1_to_0p8,B2 Augmented EKF,206,0.8,1,0.98862098266347,1.0225385241862
C_1_to_0p8,B2 Augmented EKF,207,0.8,1,0.987049141141274,1.02230374789259
C_1_to_0p8,B2 Augmented EKF,208,0.8,1,0.98549039829843,1.02207141718538
C_1_to_0p8,B2 Augmented EKF,209,0.8,1,0.983944644979277,1.0218415065897
C_1_to_0p8,B2 Augmented EKF,210,0.8,1,0.982411772937783,1.02161399089606
C_1_to_0p8,B2 Augmented EKF,211,0.8,1,0.980891674829968,1.02138884515756
C_1_to_0p8,B2 Augmented EKF,212,0.8,1,0.979384244206385,1.02116604468716
C_1_to_0p8,B2 Augmented EKF,213,0.8,1,0.977889375504665,1.02094556505501
C_1_to_0p8,B2 Augmented EKF,214,0.8,1,0.976406964042126,1.02072738208568
C_1_to_0p8,B2 Augmented EKF,215,0.8,1,0.974936906008442,1.02051147185562
C_1_to_0p8,B2 Augmented EKF,216,0.8,1,0.973479098458371,1.02029781069046
C_1_to_0p8,B2 Augmented EKF,217,0.8,1,0.972033439304552,1.02008637516244
C_1_to_0p8,B2 Augmented EKF,218,0.8,1,0.970599827310347,1.01987714208783
C_1_to_0p8,B2 Augmented EKF,219,0.8,1,0.969178162082761,1.01967008852441
C_1_to_0p8,B2 Augmented EKF,220,0.8,1,0.967768344065404,1.01946519176895
C_1_to_0p8,B2 Augmented EKF,221,0.8,1,0.966370274531526,1.01926242935469
C_1_to_0p8,B2 Augmented EKF,222,0.8,1,0.964983855577097,1.01906177904891
C_1_to_0p8,B2 Augmented EKF,223,0.8,1,0.963608990113954,1.01886321885049
C_1_to_0p8,B2 Augmented EKF,224,0.8,1,0.962245581863005,1.01866672698746
C_1_to_0p8,B2 Augmented EKF,225,0.8,1,0.96089353534748,1.01847228191467
C_1_to_0p8,B2 Augmented EKF,226,0.8,1,0.959552755886251,1.0182798623114
C_1_to_0p8,B2 Augmented EKF,227,0.8,1,0.958223149587199,1.01808944707898
C_1_to_0p8,B2 Augmented EKF,228,0.8,1,0.956904623340639,1.01790101533858
C_1_to_0p8,B2 Augmented EKF,229,0.8,1,0.9555970848128,1.0177145464288
C_1_to_0p8,B2 Augmented EKF,230,0.8,1,0.95430044243936,1.0175300199035
C_1_to_0p8,B2 Augmented EKF,231,0.8,1,0.953014605419032,1.01734741552951
C_1_to_0p8,B2 Augmented EKF,232,0.8,1,0.951739483707207,1.01716671328441
C_1_to_0p8,B2 Augmented EKF,233,0.8,1,0.950474988009647,1.01698789335436
C_1_to_0p8,B2 Augmented EKF,234,0.8,1,0.949221029776233,1.01681093613192
C_1_to_0p8,B2 Augmented EKF,235,0.8,1,0.947977521194764,1.01663582221388
C_1_to_0p8,B2 Augmented EKF,236,0.8,1,0.946744375184808,1.01646253239915
C_1_to_0p8,B2 Augmented EKF,237,0.8,1,0.945521505391601,1.01629104768666
C_1_to_0p8,B2 Augmented EKF,238,0.8,1,0.944308826180005,1.01612134927326
C_1_to_0p8,B2 Augmented EKF,239,0.8,1,0.943106252628505,1.01595341855166
C_1_to_0p8,B2 Augmented EKF,240,0.8,1,0.941913700523267,1.01578723710842
C_1_to_0p8,B2 Augmented EKF,241,0.8,1,0.94073108635224,1.01562278672187
C_1_to_0p8,B2 Augmented EKF,242,0.8,1,0.939558327299304,1.01546004936018
C_1_to_0p8,B2 Augmented EKF,243,0.8,1,0.938395341238477,1.01529900717935
C_1_to_0p8,B2 Augmented EKF,244,0.8,1,0.937242046728156,1.01513964252123
C_1_to_0p8,B2 Augmented EKF,245,0.8,1,0.936098363005422,1.01498193791163
C_1_to_0p8,B2 Augmented EKF,246,0.8,1,0.934964209980376,1.01482587605839
C_1_to_0p8,B2 Augmented EKF,247,0.8,1,0.93383950823054,1.01467143984945
C_1_to_0p8,B2 Augmented EKF,248,0.8,1,0.932724178995285,1.01451861235101
C_1_to_0p8,B2 Augmented EKF,249,0.8,1,0.931618144170325,1.01436737680569
C_1_to_0p8,B2 Augmented EKF,250,0.8,1,0.930521326302239,1.01421771663063
C_1_to_0p8,B2 Augmented EKF,251,0.8,1,0.929433648583053,1.01406961541573
C_1_to_0p8,B2 Augmented EKF,252,0.8,1,0.928355034844861,1.01392305692182
C_1_to_0p8,B2 Augmented EKF,253,0.8,1,0.927285409554488,1.01377802507888
C_1_to_0p8,B2 Augmented EKF,254,0.8,1,0.9262246978082,1.01363450398431
C_1_to_0p8,B2 Augmented EKF,255,0.8,1,0.925172825326465,1.01349247790114
C_1_to_0p8,B2 Augmented EKF,256,0.8,1,0.924129718448745,1.01335193125633
C_1_to_0p8,B2 Augmented EKF,257,0.8,1,0.923095304128338,1.01321284863908
C_1_to_0p8,B2 Augmented EKF,258,0.8,1,0.922069509927269,1.01307521479909
C_1_to_0p8,B2 Augmented EKF,259,0.8,1,0.921052264011208,1.01293901464493
C_1_to_0p8,B2 Augmented EKF,260,0.8,1,0.920043495144448,1.01280423324238
C_1_to_0p8,B2 Augmented EKF,261,0.8,1,0.919043132684911,1.01267085581277
C_1_to_0p8,B2 Augmented EKF,262,0.8,1,0.918051106579204,1.01253886773139
C_1_to_0p8,B2 Augmented EKF,263,0.8,1,0.91706734735771,1.01240825452586
C_1_to_0p8,B2 Augmented EKF,264,0.8,1,0.916091786129729,1.01227900187454
C_1_to_0p8,B2 Augmented EKF,265,0.8,1,0.915124354578648,1.01215109560502
C_1_to_0p8,B2 Augmented EKF,266,0.8,1,0.91416498495716,1.01202452169247
C_1_to_0p8,B2 Augmented EKF,267,0.8,1,0.913213610082517,1.01189926625817
C_1_to_0p8,B2 Augmented EKF,268,0.8,1,0.912270163331829,1.01177531556798
C_1_to_0p8,B2 Augmented EKF,269,0.8,1,0.911334578637397,1.01165265603081
C_1_to_0p8,B2 Augmented EKF,270,0.8,1,0.910406790482085,1.01153127419716
C_1_to_0p8,B2 Augmented EKF,271,0.8,1,0.909486733894735,1.01141115675761
C_1_to_0p8,B2 Augmented EKF,272,0.8,1,0.908574344445612,1.01129229054138
C_1_to_0p8,B2 Augmented EKF,273,0.8,1,0.907669558241898,1.01117466251491
C_1_to_0p8,B2 Augmented EKF,274,0.8,1,0.906772311923216,1.01105825978038
C_1_to_0p8,B2 Augmented EKF,275,0.8,1,0.905882542657189,1.01094306957433
C_1_to_0p8,B2 Augmented EKF,276,0.8,1,0.905000188135046,1.01082907926627
C_1_to_0p8,B2 Augmented EKF,277,0.8,1,0.904125186567254,1.01071627635724
C_1_to_0p8,B2 Augmented EKF,278,0.8,1,0.903257476679193,1.01060464847852
C_1_to_0p8,B2 Augmented EKF,279,0.8,1,0.902396997706867,1.0104941833902
C_1_to_0p8,B2 Augmented EKF,280,0.8,1,0.901543689392643,1.01038486897989
C_1_to_0p8,B2 Augmented EKF,281,0.8,1,0.900697491981037,1.01027669326135
C_1_to_0p8,B2 Augmented EKF,282,0.8,1,0.899858346214529,1.01016964437321
C_1_to_0p8,B2 Augmented EKF,283,0.8,1,0.899026193329408,1.01006371057765
C_1_to_0p8,B2 Augmented EKF,284,0.8,1,0.898200975051663,1.00995888025914
C_1_to_0p8,B2 Augmented EKF,285,0.8,1,0.897382633592899,1.0098551419231
C_1_to_0p8,B2 Augmented EKF,286,0.8,1,0.896571111646291,1.00975248419474
C_1_to_0p8,B2 Augmented EKF,287,0.8,1,0.895766352382572,1.00965089581771
C_1_to_0p8,B2 Augmented EKF,288,0.8,1,0.894968299446051,1.00955036565294
C_1_to_0p8,B2 Augmented EKF,289,0.8,1,0.894176896950667,1.00945088267739
C_1_to_0p8,B2 Augmented EKF,290,0.8,1,0.893392089476078,1.00935243598284
C_1_to_0p8,B2 Augmented EKF,291,0.8,1,0.892613822063777,1.00925501477468
C_1_to_0p8,B2 Augmented EKF,292,0.8,1,0.891842040213246,1.00915860837078
C_1_to_0p8,B2 Augmented EKF,293,0.8,1,0.891076689878135,1.00906320620025
C_1_to_0p8,B2 Augmented EKF,294,0.8,1,0.890317717462484,1.00896879780233
C_1_to_0p8,B2 Augmented EKF,295,0.8,1,0.889565069816963,1.00887537282522
C_1_to_0p8,B2 Augmented EKF,296,0.8,1,0.888818694235155,1.00878292102496
C_1_to_0p8,B2 Augmented EKF,297,0.8,1,0.888078538449863,1.00869143226428
C_1_to_0p8,B2 Augmented EKF,298,0.8,1,0.887344550629447,1.00860089651153
C_1_to_0p8,B2 Augmented EKF,299,0.8,1,0.886616679374202,1.00851130383953
C_1_to_0p8,B2 Augmented EKF,300,0.8,1,0.88589487371275,1.00842264442454
C_1_to_0p8,B2 Augmented EKF,301,0.8,1,0.885179083098477,1.00833490854512
C_1_to_0p8,B2 Augmented EKF,302,0.8,1,0.88446925740599,1.00824808658111
C_1_to_0p8,B2 Augmented EKF,303,0.8,1,0.883765346927606,1.00816216901255
C_1_to_0p8,B2 Augmented EKF,304,0.8,1,0.883067302369876,1.00807714641867
C_1_to_0p8,B2 Augmented EKF,305,0.8,1,0.882375074850127,1.00799300947681
C_1_to_0p8,B2 Augmented EKF,306,0.8,1,0.881688615893043,1.00790974896143
C_1_to_0p8,B2 Augmented EKF,307,0.8,1,0.881007877427268,1.00782735574308
C_1_to_0p8,B2 Augmented EKF,308,0.8,1,0.88033281178204,1.00774582078742
C_1_to_0p8,B2 Augmented EKF,309,0.8,1,0.879663371683857,1.00766513515422
C_1_to_0p8,B2 Augmented EKF,310,0.8,1,0.878999510253158,1.00758528999636
C_1_to_0p8,B2 Augmented EKF,311,0.8,1,0.878341181001048,1.0075062765589
C_1_to_0p8,B2 Augmented EKF,312,0.8,1,0.877688337826039,1.00742808617808
C_1_to_0p8,B2 Augmented EKF,313,0.8,1,0.877040935010822,1.00735071028039
C_1_to_0p8,B2 Augmented EKF,314,0.8,1,0.876398927219066,1.00727414038164
C_1_to_0p8,B2 Augmented EKF,315,0.8,1,0.87576226949224,1.00719836808599
C_1_to_0p8,B2 Augmented EKF,316,0.8,1,0.875130917246471,1.0071233850851
C_1_to_0p8,B2 Augmented EKF,317,0.8,1,0.874504826269418,1.00704918315713
C_1_to_0p8,B2 Augmented EKF,318,0.8,1,0.873883952717172,1.00697575416591
C_1_to_0p8,B2 Augmented EKF,319,0.8,1,0.873268253111196,1.00690309006001
C_1_to_0p8,B2 Augmented EKF,320,0.8,1,0.872657684335269,1.00683118287189
C_1_to_0p8,B2 Augmented EKF,321,0.8,1,0.872052203632475,1.00676002471697
C_1_to_0p8,B2 Augmented EKF,322,0.8,1,0.871451768602205,1.00668960779284
C_1_to_0p8,B2 Augmented EKF,323,0.8,1,0.870856337197186,1.00661992437833
C_1_to_0p8,B2 Augmented EKF,324,0.8,1,0.870265867720543,1.00655096683272
C_1_to_0p8,B2 Augmented EKF,325,0.8,1,0.869680318822872,1.00648272759488
C_1_to_0p8,B2 Augmented EKF,326,0.8,1,0.869099649499348,1.00641519918243
C_1_to_0p8,B2 Augmented EKF,327,0.8,1,0.868523819086854,1.00634837419095
C_1_to_0p8,B2 Augmented EKF,328,0.8,1,0.86795278726113,1.00628224529313
C_1_to_0p8,B2 Augmented EKF,329,0.8,1,0.867386514033954,1.00621680523799
C_1_to_0p8,B2 Augmented EKF,330,0.8,1,0.866824959750337,1.0061520468501
C_1_to_0p8,B2 Augmented EKF,331,0.8,1,0.866268085085751,1.00608796302874
C_1_to_0p8,B2 Augmented EKF,332,0.8,1,0.86571585104337,1.00602454674719
C_1_to_0p8,B2 Augmented EKF,333,0.8,1,0.865168218951342,1.00596179105191
C_1_to_0p8,B2 Augmented EKF,334,0.8,1,0.864625150460081,1.00589968906178
C_1_to_0p8,B2 Augmented EKF,335,0.8,1,0.86408660753958,1.00583823396739
C_1_to_0p8,B2 Augmented EKF,336,0.8,1,0.86355255247675,1.00577741903023
C_1_to_0p8,B2 Augmented EKF,337,0.8,1,0.863022947872777,1.005717237582
C_1_to_0p8,B2 Augmented EKF,338,0.8,1,0.862497756640504,1.00565768302385
C_1_to_0p8,B2 Augmented EKF,339,0.8,1,0.861976942001833,1.00559874882569
C_1_to_0p8,B2 Augmented EKF,340,0.8,1,0.861460467485151,1.00554042852542
C_1_to_0p8,B2 Augmented EKF,341,0.8,1,0.860948296922775,1.00548271572828
C_1_to_0p8,B2 Augmented EKF,342,0.8,1,0.860440394448419,1.00542560410611
C_1_to_0p8,B2 Augmented EKF,343,0.8,1,0.859936724494682,1.00536908739667
C_1_to_0p8,B2 Augmented EKF,344,0.8,1,0.85943725179056,1.00531315940296
C_1_to_0p8,B2 Augmented EKF,345,0.8,1,0.858941941358972,1.00525781399251
C_1_to_0p8,B2 Augmented EKF,346,0.8,1,0.858450758514313,1.00520304509675
C_1_to_0p8,B2 Augmented EKF,347,0.8,1,0.857963668860028,1.00514884671033
C_1_to_0p8,B2 Augmented EKF,348,0.8,1,0.857480638286194,1.00509521289043
C_1_to_0p8,B2 Augmented EKF,349,0.8,1,0.857001632967142,1.00504213775615
C_1_to_0p8,B2 Augmented EKF,350,0.8,1,0.856526619359083,1.00498961548786
C_1_to_0p8,B2 Augmented EKF,351,0.8,1,0.856055564197757,1.00493764032653
C_1_to_0p8,B2 Augmented EKF,352,0.8,1,0.855588434496109,1.00488620657313
C_1_to_0p8,B2 Augmented EKF,353,0.8,1,0.855125197541975,1.00483530858799
C_1_to_0p8,B2 Augmented EKF,354,0.8,1,0.854665820895792,1.0047849407902
C_1_to_0p8,B2 Augmented EKF,355,0.8,1,0.854210272388327,1.00473509765697
C_1_to_0p8,B2 Augmented EKF,356,0.8,1,0.853758520118424,1.00468577372304
C_1_to_0p8,B2 Augmented EKF,357,0.8,1,0.853310532450771,1.00463696358009
C_1_to_0p8,B2 Augmented EKF,358,0.8,1,0.852866278013681,1.00458866187613
C_1_to_0p8,B2 Augmented EKF,359,0.8,1,0.8524257256969,1.00454086331492
C_1_to_0p8,B2 Augmented EKF,360,0.8,1,0.851988844649426,1.00449356265539
C_1_to_0p8,B2 Augmented EKF,361,0.8,1,0.851555604277347,1.00444675471107
C_1_to_0p8,B2 Augmented EKF,362,0.8,1,0.851125974241703,1.00440043434949
C_1_to_0p8,B2 Augmented EKF,363,0.8,1,0.850699924456355,1.00435459649169
C_1_to_0p8,B2 Augmented EKF,364,0.8,1,0.850277425085886,1.00430923611156
C_1_to_0p8,B2 Augmented EKF,365,0.8,1,0.849858446543503,1.0042643482354
C_1_to_0p8,B2 Augmented EKF,366,0.8,1,0.849442959488974,1.00421992794128
C_1_to_0p8,B2 Augmented EKF,367,0.8,1,0.849030934826566,1.00417597035856
C_1_to_0p8,B2 Augmented EKF,368,0.8,1,0.848622343703011,1.00413247066733
C_1_to_0p8,B2 Augmented EKF,369,0.8,1,0.848217157505486,1.00408942409787
C_1_to_0p8,B2 Augmented EKF,370,0.8,1,0.847815347859607,1.00404682593019
C_1_to_0p8,B2 Augmented EKF,371,0.8,1,0.847416886627444,1.00400467149342
C_1_to_0p8,B2 Augmented EKF,372,0.8,1,0.847021745905548,1.00396295616536
C_1_to_0p8,B2 Augmented EKF,373,0.8,1,0.846629898023002,1.00392167537197
C_1_to_0p8,B2 Augmented EKF,374,0.8,1,0.846241315539477,1.00388082458685
C_1_to_0p8,B2 Augmented EKF,375,0.8,1,0.845855971243315,1.00384039933073
C_1_to_0p8,B2 Augmented EKF,376,0.8,1,0.845473838149621,1.00380039517104
C_1_to_0p8,B2 Augmented EKF,377,0.8,1,0.845094889498374,1.00376080772134
C_1_to_0p8,B2 Augmented EKF,378,0.8,1,0.844719098752554,1.00372163264091
C_1_to_0p8,B2 Augmented EKF,379,0.8,1,0.844346439596283,1.00368286563423
C_1_to_0p8,B2 Augmented EKF,380,0.8,1,0.84397688593298,1.00364450245054
C_1_to_0p8,B2 Augmented EKF,381,0.8,1,0.843610411883539,1.00360653888335
C_1_to_0p8,B2 Augmented EKF,382,0.8,1,0.843246991784509,1.00356897076998
C_1_to_0p8,B2 Augmented EKF,383,0.8,1,0.842886600186305,1.00353179399113
C_1_to_0p8,B2 Augmented EKF,384,0.8,1,0.842529211851419,1.00349500447039
C_1_to_0p8,B2 Augmented EKF,385,0.8,1,0.842174801752657,1.00345859817382
C_1_to_0p8,B2 Augmented EKF,386,0.8,1,0.841823345071385,1.00342257110951
C_1_to_0p8,B2 Augmented EKF,387,0.8,1,0.84147481719579,1.00338691932712
C_1_to_0p8,B2 Augmented EKF,388,0.8,1,0.841129193719159,1.00335163891746
C_1_to_0p8,B2 Augmented EKF,389,0.8,1,0.840786450438166,1.00331672601207
C_1_to_0p8,B2 Augmented EKF,390,0.8,1,0.840446563351181,1.00328217678278
C_1_to_0p8,B2 Augmented EKF,391,0.8,1,0.840109508656588,1.00324798744129
C_1_to_0p8,B2 Augmented EKF,392,0.8,1,0.839775262751116,1.00321415423878
C_1_to_0p8,B2 Augmented EKF,393,0.8,1,0.83944380222819,1.00318067346546
C_1_to_0p8,B2 Augmented EKF,394,0.8,1,0.839115103876289,1.00314754145019
C_1_to_0p8,B2 Augmented EKF,395,0.8,1,0.83878914467732,1.00311475456009
C_1_to_0p8,B2 Augmented EKF,396,0.8,1,0.838465901805009,1.00308230920008
C_1_to_0p8,B2 Augmented EKF,397,0.8,1,0.8381453526233,1.00305020181258
C_1_to_0p8,B2 Augmented EKF,398,0.8,1,0.837827474684773,1.00301842887704
C_1_to_0p8,B2 Augmented EKF,399,0.8,1,0.837512245729066,1.00298698690957
C_1_to_0p8,B2 Augmented EKF,400,0.8,1,0.837199643681324,1.00295587246259
C_1_to_0p8,B2 Augmented EKF,401,0.8,1,0.836889646650646,1.00292508212444
C_1_to_0p8,B2 Augmented EKF,402,0.8,1,0.836582232928557,1.00289461251898
C_1_to_0p8,B2 Augmented EKF,403,0.8,1,0.836277380987486,1.00286446030524
C_1_to_0p8,B2 Augmented EKF,404,0.8,1,0.835975069479257,1.00283462217706
C_1_to_0p8,B2 Augmented EKF,405,0.8,1,0.835675277233597,1.00280509486271
C_1_to_0p8,B2 Augmented EKF,406,0.8,1,0.83537798325665,1.00277587512456
C_1_to_0p8,B2 Augmented EKF,407,0.8,1,0.835083166729511,1.00274695975868
C_1_to_0p8,B2 Augmented EKF,408,0.8,1,0.834790807006765,1.00271834559453
C_1_to_0p8,B2 Augmented EKF,409,0.8,1,0.834500883615042,1.00269002949458
C_1_to_0p8,B2 Augmented EKF,410,0.8,1,0.834213376251584,1.00266200835401
C_1_to_0p8,B2 Augmented EKF,411,0.8,1,0.83392826478282,1.00263427910033
C_1_to_0p8,B2 Augmented EKF,412,0.8,1,0.833645529242964,1.00260683869303
C_1_to_0p8,B2 Augmented EKF,413,0.8,1,0.833365149832606,1.00257968412331
C_1_to_0p8,B2 Augmented EKF,414,0.8,1,0.833087106917334,1.0025528124137
C_1_to_0p8,B2 Augmented EKF,415,0.8,1,0.832811381026356,1.00252622061772
C_1_to_0p8,B2 Augmented EKF,416,0.8,1,0.832537952851137,1.00249990581962
C_1_to_0p8,B2 Augmented EKF,417,0.8,1,0.832266803244044,1.002473865134
C_1_to_0p8,B2 Augmented EKF,418,0.8,1,0.83199791321701,1.00244809570552
C_1_to_0p8,B2 Augmented EKF,419,0.8,1,0.831731263940202,1.00242259470859
C_1_to_0p8,B2 Augmented EKF,420,0.8,1,0.8314668367407,1.00239735934704
C_1_to_0p8,B2 Augmented EKF,421,0.8,1,0.831204613101194,1.00237238685384
C_1_to_0p8,B2 Augmented EKF,422,0.8,1,0.830944574658684,1.00234767449078
C_1_to_0p8,B2 Augmented EKF,423,0.8,1,0.830686703203195,1.00232321954817
C_1_to_0p8,B2 Augmented EKF,424,0.8,1,0.830430980676502,1.00229901934454
C_1_to_0p8,B2 Augmented EKF,425,0.8,1,0.830177389170864,1.00227507122637
C_1_to_0p8,B2 Augmented EKF,426,0.8,1,0.829925910927774,1.00225137256776
C_1_to_0p8,B2 Augmented EKF,427,0.8,1,0.829676528336709,1.00222792077018
C_1_to_0p8,B2 Augmented EKF,428,0.8,1,0.829429223933903,1.00220471326216
C_1_to_0p8,B2 Augmented EKF,429,0.8,1,0.82918398040112,1.00218174749901
C_1_to_0p8,B2 Augmented EKF,430,0.8,1,0.828940780564444,1.00215902096256
C_1_to_0p8,B2 Augmented EKF,431,0.8,1,0.828699607393074,1.00213653116087
C_1_to_0p8,B2 Augmented EKF,432,0.8,1,0.828460443998132,1.00211427562794
C_1_to_0p8,B2 Augmented EKF,433,0.8,1,0.828223273631481,1.00209225192348
C_1_to_0p8,B2 Augmented EKF,434,0.8,1,0.827988079684552,1.00207045763261
C_1_to_0p8,B2 Augmented EKF,435,0.8,1,0.82775484568718,1.00204889036561
C_1_to_0p8,B2 Augmented EKF,436,0.8,1,0.827523555306454,1.00202754775763
C_1_to_0p8,B2 Augmented EKF,437,0.8,1,0.827294192345567,1.00200642746849
C_1_to_0p8,B2 Augmented EKF,438,0.8,1,0.827066740742687,1.00198552718236
C_1_to_0p8,B2 Augmented EKF,439,0.8,1,0.826841184569831,1.00196484460754
C_1_to_0p8,B2 Augmented EKF,440,0.8,1,0.826617508031749,1.00194437747622
C_1_to_0p8,B2 Augmented EKF,441,0.8,1,0.826395695464818,1.00192412354417
C_1_to_0p8,B2 Augmented EKF,442,0.8,1,0.826175731335945,1.00190408059059
C_1_to_0p8,B2 Augmented EKF,443,0.8,1,0.825957600241478,1.00188424641777
C_1_to_0p8,B2 Augmented EKF,444,0.8,1,0.825741286906133,1.00186461885092
C_1_to_0p8,B2 Augmented EKF,445,0.8,1,0.825526776181915,1.00184519573789
C_1_to_0p8,B2 Augmented EKF,446,0.8,1,0.825314053047066,1.00182597494895
C_1_to_0p8,B2 Augmented EKF,447,0.8,1,0.825103102605007,1.00180695437656
C_1_to_0p8,B2 Augmented EKF,448,0.8,1,0.824893910083298,1.00178813193514
C_1_to_0p8,B2 Augmented EKF,449,0.8,1,0.824686460832604,1.00176950556082
C_1_to_0p8,B2 Augmented EKF,450,0.8,1,0.824480740325666,1.00175107321123
C_1_to_0p8,B2 Augmented EKF,451,0.8,1,0.824276734156285,1.00173283286528
C_1_to_0p8,B2 Augmented EKF,452,0.8,1,0.824074428038316,1.00171478252293
C_1_to_0p8,B2 Augmented EKF,453,0.8,1,0.823873807804664,1.00169692020498
C_1_to_0p8,B2 Augmented EKF,454,0.8,1,0.823674859406291,1.00167924395285
C_1_to_0p8,B2 Augmented EKF,455,0.8,1,0.823477568911239,1.00166175182834
C_1_to_0p8,B2 Augmented EKF,456,0.8,1,0.823281922503645,1.00164444191346
C_1_to_0p8,B2 Augmented EKF,457,0.8,1,0.823087906482782,1.00162731231019
C_1_to_0p8,B2 Augmented EKF,458,0.8,1,0.822895507262092,1.0016103611403
C_1_to_0p8,B2 Augmented EKF,459,0.8,1,0.822704711368241,1.00159358654508
C_1_to_0p8,B2 Augmented EKF,460,0.8,1,0.822515505440172,1.00157698668524
C_1_to_0p8,B2 Augmented EKF,461,0.8,1,0.822327876228171,1.0015605597406
C_1_to_0p8,B2 Augmented EKF,462,0.8,1,0.822141810592936,1.00154430390997
C_1_to_0p8,B2 Augmented EKF,463,0.8,1,0.821957295504662,1.00152821741091
C_1_to_0p8,B2 Augmented EKF,464,0.8,1,0.821774318042123,1.00151229847954
C_1_to_0p8,B2 Augmented EKF,465,0.8,1,0.821592865391772,1.00149654537038
C_1_to_0p8,B2 Augmented EKF,466,0.8,1,0.821412924846841,1.00148095635611
C_1_to_0p8,B2 Augmented EKF,467,0.8,1,0.82123448380645,1.0014655297274
C_1_to_0p8,B2 Augmented EKF,468,0.8,1,0.82105752977473,1.00145026379274
C_1_to_0p8,B2 Augmented EKF,469,0.8,1,0.82088205035994,1.00143515687823
C_1_to_0p8,B2 Augmented EKF,470,0.8,1,0.820708033273608,1.00142020732742
C_1_to_0p8,B2 Augmented EKF,471,0.8,1,0.820535466329661,1.00140541350109
C_1_to_0p8,B2 Augmented EKF,472,0.8,1,0.82036433744358,1.00139077377712
C_1_to_0p8,B2 Augmented EKF,473,0.8,1,0.82019463463155,1.00137628655027
C_1_to_0p8,B2 Augmented EKF,474,0.8,1,0.820026346009621,1.00136195023204
C_1_to_0p8,B2 Augmented EKF,475,0.8,1,0.819859459792874,1.00134776325046
C_1_to_0p8,B2 Augmented EKF,476,0.8,1,0.8196939642946,1.00133372404993
C_1_to_0p8,B2 Augmented EKF,477,0.8,1,0.819529847925478,1.00131983109108
C_1_to_0p8,B2 Augmented EKF,478,0.8,1,0.819367099192766,1.00130608285055
C_1_to_0p8,B2 Augmented EKF,479,0.8,1,0.819205706699493,1.00129247782085
C_1_to_0p8,B2 Augmented EKF,480,0.8,1,0.819045659143664,1.00127901451022
C_1_to_0p8,B2 Augmented EKF,481,0.8,1,0.818886945317467,1.0012656914424
C_1_to_0p8,B2 Augmented EKF,482,0.8,1,0.818729554106488,1.00125250715655
C_1_to_0p8,B2 Augmented EKF,483,0.8,1,0.818573474488934,1.001239460207
C_1_to_0p8,B2 Augmented EKF,484,0.8,1,0.818418695534859,1.00122654916318
C_1_to_0p8,B2 Augmented EKF,485,0.8,1,0.818265206405402,1.00121377260939
C_1_to_0p8,B2 Augmented EKF,486,0.8,1,0.818112996352024,1.00120112914471
C_1_to_0p8,B2 Augmented EKF,487,0.8,1,0.817962054715757,1.00118861738279
C_1_to_0p8,B2 Augmented EKF,488,0.8,1,0.817812370926459,1.00117623595172
C_1_to_0p8,B2 Augmented EKF,489,0.8,1,0.817663934502072,1.00116398349389
C_1_to_0p8,B2 Augmented EKF,490,0.8,1,0.817516735047888,1.00115185866582
C_1_to_0p8,B2 Augmented EKF,491,0.8,1,0.817370762255822,1.00113986013806
C_1_to_0p8,B2 Augmented EKF,492,0.8,1,0.81722600590369,1.00112798659495
C_1_to_0p8,B2 Augmented EKF,493,0.8,1,0.817082455854493,1.00111623673459
C_1_to_0p8,B2 Augmented EKF,494,0.8,1,0.816940102055705,1.0011046092686
C_1_to_0p8,B2 Augmented EKF,495,0.8,1,0.816798934538575,1.00109310292205
C_1_to_0p8,B2 Augmented EKF,496,0.8,1,0.81665894341742,1.00108171643328
C_1_to_0p8,B2 Augmented EKF,497,0.8,1,0.816520118888941,1.00107044855377
C_1_to_0p8,B2 Augmented EKF,498,0.8,1,0.816382451231533,1.001059298048
C_1_to_0p8,B2 Augmented EKF,499,0.8,1,0.816245930804604,1.00104826369333
C_1_to_0p8,B2 Augmented EKF,500,0.8,1,0.816110548047899,1.00103734427986
C_1_to_0p8,B2 Augmented EKF,501,0.8,1,0.815976293480833,1.00102653861028
C_1_to_0p8,B2 Augmented EKF,502,0.8,1,0.815843157701826,1.00101584549976
C_1_to_0p8,B2 Augmented EKF,503,0.8,1,0.815711131387644,1.0010052637758
C_1_to_0p8,B2 Augmented EKF,504,0.8,1,0.815580205292747,1.00099479227814
C_1_to_0p8,B2 Augmented EKF,505,0.8,1,0.815450370248641,1.00098442985857
C_1_to_0p8,B2 Augmented EKF,506,0.8,1,0.815321617163236,1.00097417538088
C_1_to_0p8,B2 Augmented EKF,507,0.8,1,0.815193937020209,1.00096402772066
C_1_to_0p8,B2 Augmented EKF,508,0.8,1,0.815067320878374,1.00095398576524
C_1_to_0p8,B2 Augmented EKF,509,0.8,1,0.814941759871054,1.00094404841352
C_1_to_0p8,B2 Augmented EKF,510,0.8,1,0.814817245205462,1.00093421457587
C_1_to_0p8,B2 Augmented EKF,511,0.8,1,0.814693768162083,1.00092448317404
C_1_to_0p8,B2 Augmented EKF,512,0.8,1,0.814571320094065,1.00091485314098
C_1_to_0p8,B2 Augmented EKF,513,0.8,1,0.814449892426615,1.00090532342076
C_1_to_0p8,B2 Augmented EKF,514,0.8,1,0.814329476656393,1.00089589296846
C_1_to_0p8,B2 Augmented EKF,515,0.8,1,0.814210064350923,1.00088656075004
C_1_to_0p8,B2 Augmented EKF,516,0.8,1,0.814091647147999,1.00087732574223
C_1_to_0p8,B2 Augmented EKF,517,0.8,1,0.813974216755099,1.00086818693241
C_1_to_0p8,B2 Augmented EKF,518,0.8,1,0.813857764948806,1.00085914331853
C_1_to_0p8,B2 Augmented EKF,519,0.8,1,0.813742283574233,1.00085019390896
C_1_to_0p8,B2 Augmented EKF,520,0.8,1,0.813627764544448,1.00084133772241
C_1_to_0p8,B2 Augmented EKF,521,0.8,1,0.81351419983991,1.0008325737878
C_1_to_0p8,B2 Augmented EKF,522,0.8,1,0.813401581507911,1.00082390114418
C_1_to_0p8,B2 Augmented EKF,523,0.8,1,0.813289901662012,1.0008153188406
C_1_to_0p8,B2 Augmented EKF,524,0.8,1,0.813179152481495,1.00080682593601
C_1_to_0p8,B2 Augmented EKF,525,0.8,1,0.813069326210816,1.00079842149917
C_1_to_0p8,B2 Augmented EKF,526,0.8,1,0.812960415159059,1.00079010460856
C_1_to_0p8,B2 Augmented EKF,527,0.8,1,0.8128524116994,1.00078187435222
C_1_to_0p8,B2 Augmented EKF,528,0.8,1,0.812745308268572,1.00077372982772
C_1_to_0p8,B2 Augmented EKF,529,0.8,1,0.812639097366334,1.00076567014201
C_1_to_0p8,B2 Augmented EKF,530,0.8,1,0.812533771554948,1.00075769441136
C_1_to_0p8,B2 Augmented EKF,531,0.8,1,0.812429323458657,1.00074980176125
C_1_to_0p8,B2 Augmented EKF,532,0.8,1,0.812325745763168,1.00074199132623
C_1_to_0p8,B2 Augmented EKF,533,0.8,1,0.812223031215141,1.00073426224992
C_1_to_0p8,B2 Augmented EKF,534,0.8,1,0.812121172621682,1.00072661368481
C_1_to_0p8,B2 Augmented EKF,535,0.8,1,0.812020162849835,1.00071904479226
C_1_to_0p8,B2 Augmented EKF,536,0.8,1,0.811919994826086,1.00071155474235
C_1_to_0p8,B2 Augmented EKF,537,0.8,1,0.811820661535869,1.00070414271378
C_1_to_0p8,B2 Augmented EKF,538,0.8,1,0.81172215602307,1.00069680789384
C_1_to_0p8,B2 Augmented EKF,539,0.8,1,0.811624471389544,1.00068954947828
C_1_to_0p8,B2 Augmented EKF,540,0.8,1,0.811527600794631,1.00068236667122
C_1_to_0p8,B2 Augmented EKF,541,0.8,1,0.811431537454676,1.00067525868506
C_1_to_0p8,B2 Augmented EKF,542,0.8,1,0.811336274642554,1.00066822474042
C_1_to_0p8,B2 Augmented EKF,543,0.8,1,0.811241805687199,1.00066126406604
C_1_to_0p8,B2 Augmented EKF,544,0.8,1,0.811148123973139,1.00065437589869
C_1_to_0p8,B2 Augmented EKF,545,0.8,1,0.81105522294003,1.00064755948308
C_1_to_0p8,B2 Augmented EKF,546,0.8,1,0.810963096082196,1.0006408140718
C_1_to_0p8,B2 Augmented EKF,547,0.8,1,0.810871736948178,1.00063413892521
C_1_to_0p8,B2 Augmented EKF,548,0.8,1,0.810781139140276,1.00062753331141
C_1_to_0p8,B2 Augmented EKF,549,0.8,1,0.810691296314108,1.00062099650608
C_1_to_0p8,B2 Augmented EKF,550,0.8,1,0.810602202178157,1.00061452779248
C_1_to_0p8,B2 Augmented EKF,551,0.8,1,0.810513850493339,1.00060812646131
C_1_to_0p8,B2 Augmented EKF,552,0.8,1,0.810426235072561,1.00060179181067
C_1_to_0p8,B2 Augmented EKF,553,0.8,1,0.810339349780289,1.00059552314597
C_1_to_0p8,B2 Augmented EKF,554,0.8,1,0.81025318853212,1.00058931977987
C_1_to_0p8,B2 Augmented EKF,555,0.8,1,0.810167745294353,1.00058318103216
C_1_to_0p8,B2 Augmented EKF,556,0.8,1,0.810083014083566,1.00057710622974
C_1_to_0p8,B2 Augmented EKF,557,0.8,1,0.809998988966203,1.00057109470652
C_1_to_0p8,B2 Augmented EKF,558,0.8,1,0.809915664058152,1.00056514580332
C_1_to_0p8,B2 Augmented EKF,559,0.8,1,0.809833033524334,1.00055925886787
C_1_to_0p8,B2 Augmented EKF,560,0.8,1,0.809751091578297,1.00055343325467
C_1_to_0p8,B2 Augmented EKF,561,0.8,1,0.809669832481812,1.00054766832493
C_1_to_0p8,B2 Augmented EKF,562,0.8,1,0.809589250544463,1.00054196344655
C_1_to_0p8,B2 Augmented EKF,563,0.8,1,0.809509340123259,1.00053631799398
C_1_to_0p8,B2 Augmented EKF,564,0.8,1,0.809430095622232,1.00053073134821
C_1_to_0p8,B2 Augmented EKF,565,0.8,1,0.809351511492047,1.00052520289666
C_1_to_0p8,B2 Augmented EKF,566,0.8,1,0.809273582229613,1.00051973203316
C_1_to_0p8,B2 Augmented EKF,567,0.8,1,0.8091963023777,1.00051431815781
C_1_to_0p8,B2 Augmented EKF,568,0.8,1,0.809119666524552,1.000508960677
C_1_to_0p8,B2 Augmented EKF,569,0.8,1,0.809043669303514,1.00050365900328
C_1_to_0p8,B2 Augmented EKF,570,0.8,1,0.808968305392652,1.00049841255533
C_1_to_0p8,B2 Augmented EKF,571,0.8,1,0.80889356951438,1.00049322075788
C_1_to_0p8,B2 Augmented EKF,572,0.8,1,0.808819456435093,1.00048808304165
C_1_to_0p8,B2 Augmented EKF,573,0.8,1,0.808745960964801,1.0004829988433
C_1_to_0p8,B2 Augmented EKF,574,0.8,1,0.808673077956761,1.00047796760535
C_1_to_0p8,B2 Augmented EKF,575,0.8,1,0.808600802307121,1.00047298877613
C_1_to_0p8,B2 Augmented EKF,576,0.8,1,0.808529128954562,1.00046806180971
C_1_to_0p8,B2 Augmented EKF,577,0.8,1,0.808458052879941,1.00046318616586
C_1_to_0p8,B2 Augmented EKF,578,0.8,1,0.808387569105941,1.00045836130996
C_1_to_0p8,B2 Augmented EKF,579,0.8,1,0.808317672696725,1.00045358671299
C_1_to_0p8,B2 Augmented EKF,580,0.8,1,0.808248358757585,1.00044886185139
C_1_to_0p8,B2 Augmented EKF,581,0.8,1,0.808179622434606,1.00044418620711
C_1_to_0p8,B2 Augmented EKF,582,0.8,1,0.808111458914317,1.00043955926745
C_1_to_0p8,B2 Augmented EKF,583,0.8,1,0.808043863423365,1.00043498052508
C_1_to_0p8,B2 Augmented EKF,584,0.8,1,0.80797683122817,1.00043044947794
C_1_to_0p8,B2 Augmented EKF,585,0.8,1,0.807910357634602,1.00042596562921
C_1_to_0p8,B2 Augmented EKF,586,0.8,1,0.807844437987647,1.00042152848724
C_1_to_0p8,B2 Augmented EKF,587,0.8,1,0.807779067671083,1.0004171375655
C_1_to_0p8,B2 Augmented EKF,588,0.8,1,0.807714242107157,1.00041279238253
C_1_to_0p8,B2 Augmented EKF,589,0.8,1,0.807649956756264,1.00040849246188
C_1_to_0p8,B2 Augmented EKF,590,0.8,1,0.807586207116629,1.00040423733207
C_1_to_0p8,B2 Augmented EKF,591,0.8,1,0.80752298872399,1.00040002652652
C_1_to_0p8,B2 Augmented EKF,592,0.8,1,0.807460297151291,1.00039585958354
C_1_to_0p8,B2 Augmented EKF,593,0.8,1,0.807398128008363,1.00039173604621
C_1_to_0p8,B2 Augmented EKF,594,0.8,1,0.807336476941627,1.0003876554624
C_1_to_0p8,B2 Augmented EKF,595,0.8,1,0.80727533963378,1.00038361738466
C_1_to_0p8,B2 Augmented EKF,596,0.8,1,0.807214711803498,1.00037962137024
C_1_to_0p8,B2 Augmented EKF,597,0.8,1,0.807154589205136,1.00037566698097
C_1_to_0p8,B2 Augmented EKF,598,0.8,1,0.807094967628426,1.00037175378325
C_1_to_0p8,B2 Augmented EKF,599,0.8,1,0.80703584289819,1.000367881348
C_1_to_0p8,B3 Dual EKF,0,1,1,1,1
C_1_to_0p8,B3 Dual EKF,1,1,1,1,1
C_1_to_0p8,B3 Dual EKF,2,1,1,1,1
C_1_to_0p8,B3 Dual EKF,3,1,1,1,1
C_1_to_0p8,B3 Dual EKF,4,1,1,1,1
C_1_to_0p8,B3 Dual EKF,5,1,1,1,1
C_1_to_0p8,B3 Dual EKF,6,1,1,1,1
C_1_to_0p8,B3 Dual EKF,7,1,1,1,1
C_1_to_0p8,B3 Dual EKF,8,1,1,1,1
C_1_to_0p8,B3 Dual EKF,9,1,1,1,1
C_1_to_0p8,B3 Dual EKF,10,1,1,1,1
C_1_to_0p8,B3 Dual EKF,11,1,1,1,1
C_1_to_0p8,B3 Dual EKF,12,1,1,1,1
C_1_to_0p8,B3 Dual EKF,13,1,1,1,1
C_1_to_0p8,B3 Dual EKF,14,1,1,1,1
C_1_to_0p8,B3 Dual EKF,15,1,1,1,1
C_1_to_0p8,B3 Dual EKF,16,1,1,1,1
C_1_to_0p8,B3 Dual EKF,17,1,1,1,1
C_1_to_0p8,B3 Dual EKF,18,1,1,1,1
C_1_to_0p8,B3 Dual EKF,19,1,1,1,1
C_1_to_0p8,B3 Dual EKF,20,1,1,1,1
C_1_to_0p8,B3 Dual EKF,21,1,1,1,1
C_1_to_0p8,B3 Dual EKF,22,1,1,1,1
C_1_to_0p8,B3 Dual EKF,23,1,1,1,1
C_1_to_0p8,B3 Dual EKF,24,1,1,1,1
C_1_to_0p8,B3 Dual EKF,25,1,1,1,1
C_1_to_0p8,B3 Dual EKF,26,1,1,1,1
C_1_to_0p8,B3 Dual EKF,27,1,1,1,1
C_1_to_0p8,B3 Dual EKF,28,1,1,1,1
C_1_to_0p8,B3 Dual EKF,29,1,1,1,1
C_1_to_0p8,B3 Dual EKF,30,1,1,1,1
C_1_to_0p8,B3 Dual EKF,31,1,1,1,1
C_1_to_0p8,B3 Dual EKF,32,1,1,1,1
C_1_to_0p8,B3 Dual EKF,33,1,1,1,1
C_1_to_0p8,B3 Dual EKF,34,1,1,1,1
C_1_to_0p8,B3 Dual EKF,35,1,1,1,1
C_1_to_0p8,B3 Dual EKF,36,1,1,1,1
C_1_to_0p8,B3 Dual EKF,37,1,1,1,1
C_1_to_0p8,B3 Dual EKF,38,1,1,1,1
C_1_to_0p8,B3 Dual EKF,39,1,1,1,1
C_1_to_0p8,B3 Dual EKF,40,1,1,1,1
C_1_to_0p8,B3 Dual EKF,41,1,1,1,1
C_1_to_0p8,B3 Dual EKF,42,1,1,1,1
C_1_to_0p8,B3 Dual EKF,43,1,1,1,1
C_1_to_0p8,B3 Dual EKF,44,1,1,1,1
C_1_to_0p8,B3 Dual EKF,45,1,1,1,1
C_1_to_0p8,B3 Dual EKF,46,1,1,1,1
C_1_to_0p8,B3 Dual EKF,47,1,1,1,1
C_1_to_0p8,B3 Dual EKF,48,1,1,1,1
C_1_to_0p8,B3 Dual EKF,49,1,1,1,1
C_1_to_0p8,B3 Dual EKF,50,1,1,1,1
C_1_to_0p8,B3 Dual EKF,51,1,1,1,1
C_1_to_0p8,B3 Dual EKF,52,1,1,1,1
C_1_to_0p8,B3 Dual EKF,53,1,1,1,1
C_1_to_0p8,B3 Dual EKF,54,1,1,1,1
C_1_to_0p8,B3 Dual EKF,55,1,1,1,1
C_1_to_0p8,B3 Dual EKF,56,1,1,1,1
C_1_to_0p8,B3 Dual EKF,57,1,1,1,1
C_1_to_0p8,B3 Dual EKF,58,1,1,1,1
C_1_to_0p8,B3 Dual EKF,59,1,1,1,1
C_1_to_0p8,B3 Dual EKF,60,1,1,1,1
C_1_to_0p8,B3 Dual EKF,61,1,1,1,1
C_1_to_0p8,B3 Dual EKF,62,1,1,1,1
C_1_to_0p8,B3 Dual EKF,63,1,1,1,1
C_1_to_0p8,B3 Dual EKF,64,1,1,1,1
C_1_to_0p8,B3 Dual EKF,65,1,1,1,1
C_1_to_0p8,B3 Dual EKF,66,1,1,1,1
C_1_to_0p8,B3 Dual EKF,67,1,1,1,1
C_1_to_0p8,B3 Dual EKF,68,1,1,1,1
C_1_to_0p8,B3 Dual EKF,69,1,1,1,1
C_1_to_0p8,B3 Dual EKF,70,1,1,1,1
C_1_to_0p8,B3 Dual EKF,71,1,1,1,1
C_1_to_0p8,B3 Dual EKF,72,1,1,1,1
C_1_to_0p8,B3 Dual EKF,73,1,1,1,1
C_1_to_0p8,B3 Dual EKF,74,1,1,1,1
C_1_to_0p8,B3 Dual EKF,75,1,1,1,1
C_1_to_0p8,B3 Dual EKF,76,1,1,1,1
C_1_to_0p8,B3 Dual EKF,77,1,1,1,1
C_1_to_0p8,B3 Dual EKF,78,1,1,1,1
C_1_to_0p8,B3 Dual EKF,79,1,1,1,1
C_1_to_0p8,B3 Dual EKF,80,1,1,1,1
C_1_to_0p8,B3 Dual EKF,81,1,1,1,1
C_1_to_0p8,B3 Dual EKF,82,1,1,1,1
C_1_to_0p8,B3 Dual EKF,83,1,1,1,1
C_1_to_0p8,B3 Dual EKF,84,1,1,1,1
C_1_to_0p8,B3 Dual EKF,85,1,1,1,1
C_1_to_0p8,B3 Dual EKF,86,1,1,1,1
C_1_to_0p8,B3 Dual EKF,87,1,1,1,1
C_1_to_0p8,B3 Dual EKF,88,1,1,1,1
C_1_to_0p8,B3 Dual EKF,89,1,1,1,1
C_1_to_0p8,B3 Dual EKF,90,1,1,1,1
C_1_to_0p8,B3 Dual EKF,91,1,1,1,1
C_1_to_0p8,B3 Dual EKF,92,1,1,1,1
C_1_to_0p8,B3 Dual EKF,93,1,1,1,1
C_1_to_0p8,B3 Dual EKF,94,1,1,1,1
C_1_to_0p8,B3 Dual EKF,95,1,1,1,1
C_1_to_0p8,B3 Dual EKF,96,1,1,1,1
C_1_to_0p8,B3 Dual EKF,97,1,1,1,1
C_1_to_0p8,B3 Dual EKF,98,1,1,1,1
C_1_to_0p8,B3 Dual EKF,99,1,1,1,1
C_1_to_0p8,B3 Dual EKF,100,1,1,1,1
C_1_to_0p8,B3 Dual EKF,101,1,1,1,1
C_1_to_0p8,B3 Dual EKF,102,1,1,1,1
C_1_to_0p8,B3 Dual EKF,103,1,1,1,1
C_1_to_0p8,B3 Dual EKF,104,1,1,1,1
C_1_to_0p8,B3 Dual EKF,105,1,1,1,1
C_1_to_0p8,B3 Dual EKF,106,1,1,1,1
C_1_to_0p8,B3 Dual EKF,107,1,1,1,1
C_1_to_0p8,B3 Dual EKF,108,1,1,1,1
C_1_to_0p8,B3 Dual EKF,109,1,1,1,1
C_1_to_0p8,B3 Dual EKF,110,1,1,1,1
C_1_to_0p8,B3 Dual EKF,111,1,1,1,1
C_1_to_0p8,B3 Dual EKF,112,1,1,1,1
C_1_to_0p8,B3 Dual EKF,113,1,1,1,1
C_1_to_0p8,B3 Dual EKF,114,1,1,1,1
C_1_to_0p8,B3 Dual EKF,115,1,1,1,1
C_1_to_0p8,B3 Dual EKF,116,1,1,1,1
C_1_to_0p8,B3 Dual EKF,117,1,1,1,1
C_1_to_0p8,B3 Dual EKF,118,1,1,1,1
C_1_to_0p8,B3 Dual EKF,119,1,1,1,1
C_1_to_0p8,B3 Dual EKF,120,1,1,1,1
C_1_to_0p8,B3 Dual EKF,121,1,1,1,1
C_1_to_0p8,B3 Dual EKF,122,1,1,1,1
C_1_to_0p8,B3 Dual EKF,123,1,1,1,1
C_1_to_0p8,B3 Dual EKF,124,1,1,1,1
C_1_to_0p8,B3 Dual EKF,125,1,1,1,1
C_1_to_0p8,B3 Dual EKF,126,1,1,1,1
C_1_to_0p8,B3 Dual EKF,127,1,1,1,1
C_1_to_0p8,B3 Dual EKF,128,1,1,1,1
C_1_to_0p8,B3 Dual EKF,129,1,1,1,1
C_1_to_0p8,B3 Dual EKF,130,1,1,1,1
C_1_to_0p8,B3 Dual EKF,131,1,1,1,1
C_1_to_0p8,B3 Dual EKF,132,1,1,1,1
C_1_to_0p8,B3 Dual EKF,133,1,1,1,1
C_1_to_0p8,B3 Dual EKF,134,1,1,1,1
C_1_to_0p8,B3 Dual EKF,135,1,1,1,1
C_1_to_0p8,B3 Dual EKF,136,1,1,1,1
C_1_to_0p8,B3 Dual EKF,137,1,1,1,1
C_1_to_0p8,B3 Dual EKF,138,1,1,1,1
C_1_to_0p8,B3 Dual EKF,139,1,1,1,1
C_1_to_0p8,B3 Dual EKF,140,1,1,1,1
C_1_to_0p8,B3 Dual EKF,141,1,1,1,1
C_1_to_0p8,B3 Dual EKF,142,1,1,1,1
C_1_to_0p8,B3 Dual EKF,143,1,1,1,1
C_1_to_0p8,B3 Dual EKF,144,1,1,1,1
C_1_to_0p8,B3 Dual EKF,145,1,1,1,1
C_1_to_0p8,B3 Dual EKF,146,1,1,1,1
C_1_to_0p8,B3 Dual EKF,147,1,1,1,1
C_1_to_0p8,B3 Dual EKF,148,1,1,1,1
C_1_to_0p8,B3 Dual EKF,149,1,1,1,1
C_1_to_0p8,B3 Dual EKF,150,1,1,1,1
C_1_to_0p8,B3 Dual EKF,151,1,1,1,1
C_1_to_0p8,B3 Dual EKF,152,1,1,1,1
C_1_to_0p8,B3 Dual EKF,153,1,1,1,1
C_1_to_0p8,B3 Dual EKF,154,1,1,1,1
C_1_to_0p8,B3 Dual EKF,155,1,1,1,1
C_1_to_0p8,B3 Dual EKF,156,1,1,1,1
C_1_to_0p8,B3 Dual EKF,157,1,1,1,1
C_1_to_0p8,B3 Dual EKF,158,1,1,1,1
C_1_to_0p8,B3 Dual EKF,159,1,1,1,1
C_1_to_0p8,B3 Dual EKF,160,1,1,1,1
C_1_to_0p8,B3 Dual EKF,161,1,1,1,1
C_1_to_0p8,B3 Dual EKF,162,1,1,1,1
C_1_to_0p8,B3 Dual EKF,163,1,1,1,1
C_1_to_0p8,B3 Dual EKF,164,1,1,1,1
C_1_to_0p8,B3 Dual EKF,165,1,1,1,1
C_1_to_0p8,B3 Dual EKF,166,1,1,1,1
C_1_to_0p8,B3 Dual EKF,167,1,1,1,1
C_1_to_0p8,B3 Dual EKF,168,1,1,1,1
C_1_to_0p8,B3 Dual EKF,169,1,1,1,1
C_1_to_0p8,B3 Dual EKF,170,1,1,1,1
C_1_to_0p8,B3 Dual EKF,171,1,1,1,1
C_1_to_0p8,B3 Dual EKF,172,1,1,1,1
C_1_to_0p8,B3 Dual EKF,173,1,1,1,1
C_1_to_0p8,B3 Dual EKF,174,1,1,1,1
C_1_to_0p8,B3 Dual EKF,175,1,1,1,1
C_1_to_0p8,B3 Dual EKF,176,1,1,1,1
C_1_to_0p8,B3 Dual EKF,177,1,1,1,1
C_1_to_0p8,B3 Dual EKF,178,1,1,1,1
C_1_to_0p8,B3 Dual EKF,179,1,1,1,1
C_1_to_0p8,B3 Dual EKF,180,1,1,1,1
C_1_to_0p8,B3 Dual EKF,181,1,1,1,1
C_1_to_0p8,B3 Dual EKF,182,1,1,1,1
C_1_to_0p8,B3 Dual EKF,183,1,1,1,1
C_1_to_0p8,B3 Dual EKF,184,1,1,1,1
C_1_to_0p8,B3 Dual EKF,185,1,1,1,1
C_1_to_0p8,B3 Dual EKF,186,1,1,1,1
C_1_to_0p8,B3 Dual EKF,187,1,1,1,1
C_1_to_0p8,B3 Dual EKF,188,1,1,1,1
C_1_to_0p8,B3 Dual EKF,189,1,1,1,1
C_1_to_0p8,B3 Dual EKF,190,1,1,1,1
C_1_to_0p8,B3 Dual EKF,191,1,1,1,1
C_1_to_0p8,B3 Dual EKF,192,1,1,1,1
C_1_to_0p8,B3 Dual EKF,193,1,1,1,1
C_1_to_0p8,B3 Dual EKF,194,1,1,1,1
C_1_to_0p8,B3 Dual EKF,195,1,1,1,1
C_1_to_0p8,B3 Dual EKF,196,1,1,1,1
C_1_to_0p8,B3 Dual EKF,197,1,1,1,1
C_1_to_0p8,B3 Dual EKF,198,1,1,1,1
C_1_to_0p8,B3 Dual EKF,199,1,1,1,1
C_1_to_0p8,B3 Dual EKF,200,0.8,1,0.997826086956522,1.017
C_1_to_0p8,B3 Dual EKF,201,0.8,1,0.995675803402646,1.01676902173913
C_1_to_0p8,B3 Dual EKF,202,0.8,1,0.993548892496096,1.01654118176985
C_1_to_0p8,B3 Dual EKF,203,0.8,1,0.991445100186356,1.01631643745232
C_1_to_0p8,B3 Dual EKF,204,0.8,1,0.98936417518433,1.01609474672607
C_1_to_0p8,B3 Dual EKF,205,0.8,1,0.987305868932327,1.01587606810207
C_1_to_0p8,B3 Dual EKF,206,0.8,1,0.985269935574367,1.01566036065503
C_1_to_0p8,B3 Dual EKF,207,0.8,1,0.983256131926819,1.0154475840157
C_1_to_0p8,B3 Dual EKF,208,0.8,1,0.981264217449354,1.01523769836331
C_1_to_0p8,B3 Dual EKF,209,0.8,1,0.979293954216209,1.01503066441816
C_1_to_0p8,B3 Dual EKF,210,0.8,1,0.977345106887772,1.01482644343422
C_1_to_0p8,B3 Dual EKF,211,0.8,1,0.97541744268247,1.0146249971919
C_1_to_0p8,B3 Dual EKF,212,0.8,1,0.973510731348965,1.01442628799093
C_1_to_0p8,B3 Dual EKF,213,0.8,1,0.97162474513865,1.01423027864322
C_1_to_0p8,B3 Dual EKF,214,0.8,1,0.969759258778447,1.01403693246601
C_1_to_0p8,B3 Dual EKF,215,0.8,1,0.967914049443899,1.01384621327489
C_1_to_0p8,B3 Dual EKF,216,0.8,1,0.966088896732552,1.01365808537714
C_1_to_0p8,B3 Dual EKF,217,0.8,1,0.964283582637633,1.01347251356495
C_1_to_0p8,B3 Dual EKF,218,0.8,1,0.962497891522006,1.0132894631089
C_1_to_0p8,B3 Dual EKF,219,0.8,1,0.960731610092419,1.01310889975144
C_1_to_0p8,B3 Dual EKF,220,0.8,1,0.958984527374024,1.01293078970047
C_1_to_0p8,B3 Dual EKF,221,0.8,1,0.957256434685176,1.01275509962302
C_1_to_0p8,B3 Dual EKF,222,0.8,1,0.955547125612511,1.01258179663901
C_1_to_0p8,B3 Dual EKF,223,0.8,1,0.953856395986288,1.01241084831511
C_1_to_0p8,B3 Dual EKF,224,0.8,1,0.952184043856002,1.01224222265866
C_1_to_0p8,B3 Dual EKF,225,0.8,1,0.950529869466263,1.01207588811166
C_1_to_0p8,B3 Dual EKF,226,0.8,1,0.948893675232934,1.01191181354493
C_1_to_0p8,B3 Dual EKF,227,0.8,1,0.947275265719532,1.0117499682522
C_1_to_0p8,B3 Dual EKF,228,0.8,1,0.945674447613885,1.01159032194442
C_1_to_0p8,B3 Dual EKF,229,0.8,1,0.944091029705039,1.01143284474409
C_1_to_0p8,B3 Dual EKF,230,0.8,1,0.942524822860419,1.01127750717963
C_1_to_0p8,B3 Dual EKF,231,0.8,1,0.94097564000324,1.01112428017991
C_1_to_0p8,B3 Dual EKF,232,0.8,1,0.939443296090162,1.01097313506877
C_1_to_0p8,B3 Dual EKF,233,0.8,1,0.937927608089182,1.01082404355969
C_1_to_0p8,B3 Dual EKF,234,0.8,1,0.936428394957778,1.01067697775045
C_1_to_0p8,B3 Dual EKF,235,0.8,1,0.93494547762128,1.01053191011797
C_1_to_0p8,B3 Dual EKF,236,0.8,1,0.933478678951484,1.01038881351311
C_1_to_0p8,B3 Dual EKF,237,0.8,1,0.932027823745489,1.01024766115559
C_1_to_0p8,B3 Dual EKF,238,0.8,1,0.930592738704777,1.01010842662902
C_1_to_0p8,B3 Dual EKF,239,0.8,1,0.929173252414508,1.00997108387591
C_1_to_0p8,B3 Dual EKF,240,0.8,1,0.927769195323046,1.00983560719281
C_1_to_0p8,B3 Dual EKF,241,0.8,1,0.926380399721708,1.00970197122552
C_1_to_0p8,B3 Dual EKF,242,0.8,1,0.925006699724733,1.0095701509643
C_1_to_0p8,B3 Dual EKF,243,0.8,1,0.923647931249464,1.00944012173925
C_1_to_0p8,B3 Dual EKF,244,0.8,1,0.922303931996753,1.00931185921561
C_1_to_0p8,B3 Dual EKF,245,0.8,1,0.920974541431571,1.00918533938932
C_1_to_0p8,B3 Dual EKF,246,0.8,1,0.919659600763836,1.00906053858239
C_1_to_0p8,B3 Dual EKF,247,0.8,1,0.918358952929447,1.00893743343861
C_1_to_0p8,B3 Dual EKF,248,0.8,1,0.917072442571518,1.00881600091907
C_1_to_0p8,B3 Dual EKF,249,0.8,1,0.915799916021828,1.00869621829788
C_1_to_0p8,B3 Dual EKF,250,0.8,1,0.91454122128246,1.00857806315797
C_1_to_0p8,B3 Dual EKF,251,0.8,1,0.913296208007651,1.0084615133868
C_1_to_0p8,B3 Dual EKF,252,0.8,1,0.912064727485828,1.0083465471723
C_1_to_0p8,B3 Dual EKF,253,0.8,1,0.910846632621852,1.00823314299877
C_1_to_0p8,B3 Dual EKF,254,0.8,1,0.90964177791944,1.00812127964281
C_1_to_0p8,B3 Dual EKF,255,0.8,1,0.908450019463794,1.0080109361694
C_1_to_0p8,B3 Dual EKF,256,0.8,1,0.907271214904405,1.00790209192797
C_1_to_0p8,B3 Dual EKF,257,0.8,1,0.906105223438053,1.00779472654851
C_1_to_0p8,B3 Dual EKF,258,0.8,1,0.904951905791987,1.0076888199378
C_1_to_0p8,B3 Dual EKF,259,0.8,1,0.903811124207292,1.0075843522756
C_1_to_0p8,B3 Dual EKF,260,0.8,1,0.90268274242243,1.00748130401098
C_1_to_0p8,B3 Dual EKF,261,0.8,1,0.901566625656969,1.00737965585866
C_1_to_0p8,B3 Dual EKF,262,0.8,1,0.90046264059548,1.00727938879536
C_1_to_0p8,B3 Dual EKF,263,0.8,1,0.899370655371616,1.0071804840563
C_1_to_0p8,B3 Dual EKF,264,0.8,1,0.898290539552359,1.00708292313162
C_1_to_0p8,B3 Dual EKF,265,0.8,1,0.897222164122442,1.00698668776298
C_1_to_0p8,B3 Dual EKF,266,0.8,1,0.896165401468938,1.00689175994012
C_1_to_0p8,B3 Dual EKF,267,0.8,1,0.895120125366014,1.00679812189745
C_1_to_0p8,B3 Dual EKF,268,0.8,1,0.894086210959862,1.0067057561108
C_1_to_0p8,B3 Dual EKF,269,0.8,1,0.893063534753777,1.00661464529408
C_1_to_0p8,B3 Dual EKF,270,0.8,1,0.892051974593409,1.00652477239606
C_1_to_0p8,B3 Dual EKF,271,0.8,1,0.891051409652177,1.0064361205972
C_1_to_0p8,B3 Dual EKF,272,0.8,1,0.890061720416827,1.00634867330648
C_1_to_0p8,B3 Dual EKF,273,0.8,1,0.889082788673166,1.00626241415829
C_1_to_0p8,B3 Dual EKF,274,0.8,1,0.888114497491936,1.0061773270094
C_1_to_0p8,B3 Dual EKF,275,0.8,1,0.88715673121485,1.00609339593591
C_1_to_0p8,B3 Dual EKF,276,0.8,1,0.886209375440775,1.00601060523025
C_1_to_0p8,B3 Dual EKF,277,0.8,1,0.885272317012071,1.00592893939832
C_1_to_0p8,B3 Dual EKF,278,0.8,1,0.88434544400107,1.0058483831565
C_1_to_0p8,B3 Dual EKF,279,0.8,1,0.883428645696711,1.00576892142883
C_1_to_0p8,B3 Dual EKF,280,0.8,1,0.882521812591312,1.0056905393442
C_1_to_0p8,B3 Dual EKF,281,0.8,1,0.881624836367493,1.00561322223354
C_1_to_0p8,B3 Dual EKF,282,0.8,1,0.880737609885238,1.00553695562711
C_1_to_0p8,B3 Dual EKF,283,0.8,1,0.879860027169094,1.00546172525174
C_1_to_0p8,B3 Dual EKF,284,0.8,1,0.878991983395517,1.00538751702821
C_1_to_0p8,B3 Dual EKF,285,0.8,1,0.878133374880348,1.00531431706859
C_1_to_0p8,B3 Dual EKF,286,0.8,1,0.877284099066431,1.00524211167363
C_1_to_0p8,B3 Dual EKF,287,0.8,1,0.876444054511361,1.00517088733024
C_1_to_0p8,B3 Dual EKF,288,0.8,1,0.875613140875368,1.00510063070891
C_1_to_0p8,B3 Dual EKF,289,0.8,1,0.874791258909332,1.00503132866123
C_1_to_0p8,B3 Dual EKF,290,0.8,1,0.873978310442926,1.00496296821747
C_1_to_0p8,B3 Dual EKF,291,0.8,1,0.873174198372894,1.00489553658408
C_1_to_0p8,B3 Dual EKF,292,0.8,1,0.87237882665145,1.00482902114136
C_1_to_0p8,B3 Dual EKF,293,0.8,1,0.871592100274803,1.00476340944107
C_1_to_0p8,B3 Dual EKF,294,0.8,1,0.870813925271816,1.0046986892041
C_1_to_0p8,B3 Dual EKF,295,0.8,1,0.870044208692775,1.00463484831817
C_1_to_0p8,B3 Dual EKF,296,0.8,1,0.869282858598288,1.00457187483559
C_1_to_0p8,B3 Dual EKF,297,0.8,1,0.868529784048307,1.00450975697097
C_1_to_0p8,B3 Dual EKF,298,0.8,1,0.86778489509126,1.00444848309908
C_1_to_0p8,B3 Dual EKF,299,0.8,1,0.867048102753312,1.00438804175263
C_1_to_0p8,B3 Dual EKF,300,0.8,1,0.866319319027732,1.00432842162012
C_1_to_0p8,B3 Dual EKF,301,0.8,1,0.865598456864387,1.00426961154376
C_1_to_0p8,B3 Dual EKF,302,0.8,1,0.864885430159339,1.00421160051735
C_1_to_0p8,B3 Dual EKF,303,0.8,1,0.864180153744564,1.00415437768424
C_1_to_0p8,B3 Dual EKF,304,0.8,1,0.863482543377775,1.00409793233526
C_1_to_0p8,B3 Dual EKF,305,0.8,1,0.862792515732365,1.0040422539068
C_1_to_0p8,B3 Dual EKF,306,0.8,1,0.862109988387448,1.00398733197871
C_1_to_0p8,B3 Dual EKF,307,0.8,1,0.861434879818019,1.00393315627248
C_1_to_0p8,B3 Dual EKF,308,0.8,1,0.860767109385214,1.00387971664922
C_1_to_0p8,B3 Dual EKF,309,0.8,1,0.860106597326679,1.00382700310779
C_1_to_0p8,B3 Dual EKF,310,0.8,1,0.859453264747042,1.00377500578295
C_1_to_0p8,B3 Dual EKF,311,0.8,1,0.858807033608487,1.00372371494351
C_1_to_0p8,B3 Dual EKF,312,0.8,1,0.858167826721438,1.00367312099047
C_1_to_0p8,B3 Dual EKF,313,0.8,1,0.857535567735335,1.00362321445528
C_1_to_0p8,B3 Dual EKF,314,0.8,1,0.856910181129517,1.003573985998
C_1_to_0p8,B3 Dual EKF,315,0.8,1,0.856291592204196,1.00352542640564
C_1_to_0p8,B3 Dual EKF,316,0.8,1,0.855679727071541,1.00347752659034
C_1_to_0p8,B3 Dual EKF,317,0.8,1,0.855074512646851,1.00343027758776
C_1_to_0p8,B3 Dual EKF,318,0.8,1,0.85447587663982,1.00338367055532
C_1_to_0p8,B3 Dual EKF,319,0.8,1,0.853883747545909,1.0033376967706
C_1_to_0p8,B3 Dual EKF,320,0.8,1,0.853298054637801,1.00329234762969
C_1_to_0p8,B3 Dual EKF,321,0.8,1,0.852718727956955,1.00324761464559
C_1_to_0p8,B3 Dual EKF,322,0.8,1,0.852145698305249,1.0032034894466
C_1_to_0p8,B3 Dual EKF,323,0.8,1,0.851578897236714,1.00315996377478
C_1_to_0p8,B3 Dual EKF,324,0.8,1,0.851018257049358,1.00311702948436
C_1_to_0p8,B3 Dual EKF,325,0.8,1,0.850463710777083,1.00307467854028
C_1_to_0p8,B3 Dual EKF,326,0.8,1,0.84991519218168,1.00303290301663
C_1_to_0p8,B3 Dual EKF,327,0.8,1,0.849372635744922,1.00299169509521
C_1_to_0p8,B3 Dual EKF,328,0.8,1,0.848835976660738,1.00295104706402
C_1_to_0p8,B3 Dual EKF,329,0.8,1,0.848305150827469,1.00291095131587
C_1_to_0p8,B3 Dual EKF,330,0.8,1,0.847780094840214,1.00287140034691
C_1_to_0p8,B3 Dual EKF,331,0.8,1,0.847260745983256,1.00283238675524
C_1_to_0p8,B3 Dual EKF,332,0.8,1,0.846747042222568,1.00279390323954
C_1_to_0p8,B3 Dual EKF,333,0.8,1,0.84623892219841,1.0027559425977
C_1_to_0p8,B3 Dual EKF,334,0.8,1,0.845736325217992,1.00271849772545
C_1_to_0p8,B3 Dual EKF,335,0.8,1,0.845239191248231,1.00268156161505
C_1_to_0p8,B3 Dual EKF,336,0.8,1,0.844747460908577,1.00264512735397
C_1_to_0p8,B3 Dual EKF,337,0.8,1,0.844261075463918,1.00260918812362
C_1_to_0p8,B3 Dual EKF,338,0.8,1,0.843779976817571,1.00257373719803
C_1_to_0p8,B3 Dual EKF,339,0.8,1,0.843304107504337,1.00253876794262
C_1_to_0p8,B3 Dual EKF,340,0.8,1,0.842833410683637,1.00250427381296
C_1_to_0p8,B3 Dual EKF,341,0.8,1,0.842367830132728,1.00247024835355
C_1_to_0p8,B3 Dual EKF,342,0.8,1,0.841907310239981,1.00243668519657
C_1_to_0p8,B3 Dual EKF,343,0.8,1,0.841451795998242,1.00240357806075
C_1_to_0p8,B3 Dual EKF,344,0.8,1,0.841001232998261,1.00237092075014
C_1_to_0p8,B3 Dual EKF,345,0.8,1,0.840555567422193,1.00233870715299
C_1_to_0p8,B3 Dual EKF,346,0.8,1,0.840114746037169,1.00230693124059
C_1_to_0p8,B3 Dual EKF,347,0.8,1,0.839678716188939,1.00227558706612
C_1_to_0p8,B3 Dual EKF,348,0.8,1,0.839247425795581,1.00224466876359
C_1_to_0p8,B3 Dual EKF,349,0.8,1,0.838820823341281,1.0022141705467
C_1_to_0p8,B3 Dual EKF,350,0.8,1,0.838398857870181,1.00218408670775
C_1_to_0p8,B3 Dual EKF,351,0.8,1,0.837981478980287,1.00215441161661
C_1_to_0p8,B3 Dual EKF,352,0.8,1,0.837568636817458,1.00212513971964
C_1_to_0p8,B3 Dual EKF,353,0.8,1,0.837160282069442,1.00209626553867
C_1_to_0p8,B3 Dual EKF,354,0.8,1,0.836756365959992,1.00206778366994
C_1_to_0p8,B3 Dual EKF,355,0.8,1,0.836356840243035,1.00203968878312
C_1_to_0p8,B3 Dual EKF,356,0.8,1,0.835961657196916,1.0020119756203
C_1_to_0p8,B3 Dual EKF,357,0.8,1,0.835570769618688,1.00198463899503
C_1_to_0p8,B3 Dual EKF,358,0.8,1,0.835184130818485,1.00195767379129
C_1_to_0p8,B3 Dual EKF,359,0.8,1,0.834801694613936,1.00193107496261
C_1_to_0p8,B3 Dual EKF,360,0.8,1,0.834423415324654,1.00190483753105
C_1_to_0p8,B3 Dual EKF,361,0.8,1,0.834049247766778,1.00187895658633
C_1_to_0p8,B3 Dual EKF,362,0.8,1,0.833679147247574,1.00185342728489
C_1_to_0p8,B3 Dual EKF,363,0.8,1,0.8333130695601,1.00182824484895
C_1_to_0p8,B3 Dual EKF,364,0.8,1,0.832950970977925,1.00180340456568
C_1_to_0p8,B3 Dual EKF,365,0.8,1,0.832592808249904,1.00177890178625
C_1_to_0p8,B3 Dual EKF,366,0.8,1,0.832238538595014,1.00175473192503
C_1_to_0p8,B3 Dual EKF,367,0.8,1,0.831888119697242,1.00173089045866
C_1_to_0p8,B3 Dual EKF,368,0.8,1,0.831541509700533,1.00170737292525
C_1_to_0p8,B3 Dual EKF,369,0.8,1,0.831198667203788,1.00168417492355
C_1_to_0p8,B3 Dual EKF,370,0.8,1,0.830859551255921,1.00166129211209
C_1_to_0p8,B3 Dual EKF,371,0.8,1,0.830524121350965,1.00163872020839
C_1_to_0p8,B3 Dual EKF,372,0.8,1,0.830192337423237,1.00161645498817
C_1_to_0p8,B3 Dual EKF,373,0.8,1,0.82986415984255,1.00159449228452
C_1_to_0p8,B3 Dual EKF,374,0.8,1,0.829539549409479,1.00157282798718
C_1_to_0p8,B3 Dual EKF,375,0.8,1,0.82921846735068,1.0015514580417
C_1_to_0p8,B3 Dual EKF,376,0.8,1,0.828900875314259,1.00153037844874
C_1_to_0p8,B3 Dual EKF,377,0.8,1,0.828586735365191,1.0015095852633
C_1_to_0p8,B3 Dual EKF,378,0.8,1,0.828276009980787,1.00148907459396
C_1_to_0p8,B3 Dual EKF,379,0.8,1,0.827968662046213,1.00146884260219
C_1_to_0p8,B3 Dual EKF,380,0.8,1,0.827664654850059,1.00144888550162
C_1_to_0p8,B3 Dual EKF,381,0.8,1,0.82736395207995,1.00142919955731
C_1_to_0p8,B3 Dual EKF,382,0.8,1,0.827066517818211,1.00140978108506
C_1_to_0p8,B3 Dual EKF,383,0.8,1,0.826772316537578,1.00139062645075
C_1_to_0p8,B3 Dual EKF,384,0.8,1,0.826481313096952,1.00137173206963
C_1_to_0p8,B3 Dual EKF,385,0.8,1,0.826193472737203,1.00135309440564
C_1_to_0p8,B3 Dual EKF,386,0.8,1,0.825908761077016,1.00133470997078
C_1_to_0p8,B3 Dual EKF,387,0.8,1,0.825627144108788,1.00131657532444
C_1_to_0p8,B3 Dual EKF,388,0.8,1,0.825348588194562,1.00129868707275
C_1_to_0p8,B3 Dual EKF,389,0.8,1,0.825073060062012,1.00128104186795
C_1_to_0p8,B3 Dual EKF,390,0.8,1,0.824800526800468,1.00126363640779
C_1_to_0p8,B3 Dual EKF,391,0.8,1,0.824530955856985,1.00124646743486
C_1_to_0p8,B3 Dual EKF,392,0.8,1,0.824264315032453,1.00122953173602
C_1_to_0p8,B3 Dual EKF,393,0.8,1,0.824000572477752,1.00121282614178
C_1_to_0p8,B3 Dual EKF,394,0.8,1,0.82373969668995,1.00119634752572
C_1_to_0p8,B3 Dual EKF,395,0.8,1,0.823481656508538,1.0011800928039
C_1_to_0p8,B3 Dual EKF,396,0.8,1,0.823226421111706,1.00116405893428
C_1_to_0p8,B3 Dual EKF,397,0.8,1,0.822973960012666,1.00114824291616
C_1_to_0p8,B3 Dual EKF,398,0.8,1,0.822724243056006,1.00113264178958
C_1_to_0p8,B3 Dual EKF,399,0.8,1,0.822477240414093,1.00111725263483
C_1_to_0p8,B3 Dual EKF,400,0.8,1,0.822232922583505,1.00110207257185
C_1_to_0p8,B3 Dual EKF,401,0.8,1,0.82199126038151,1.00108709875974
C_1_to_0p8,B3 Dual EKF,402,0.8,1,0.821752224942581,1.00107232839615
C_1_to_0p8,B3 Dual EKF,403,0.8,1,0.821515787714944,1.00105775871686
C_1_to_0p8,B3 Dual EKF,404,0.8,1,0.821281920457173,1.00104338699516
C_1_to_0p8,B3 Dual EKF,405,0.8,1,0.821050595234813,1.00102921054142
C_1_to_0p8,B3 Dual EKF,406,0.8,1,0.820821784417043,1.00101522670255
C_1_to_0p8,B3 Dual EKF,407,0.8,1,0.820595460673379,1.00100143286148
C_1_to_0p8,B3 Dual EKF,408,0.8,1,0.820371596970408,1.00098782643673
C_1_to_0p8,B3 Dual EKF,409,0.8,1,0.820150166568556,1.00097440488188
C_1_to_0p8,B3 Dual EKF,410,0.8,1,0.819931143018897,1.00096116568512
C_1_to_0p8,B3 Dual EKF,411,0.8,1,0.819714500159996,1.00094810636874
C_1_to_0p8,B3 Dual EKF,412,0.8,1,0.819500212114779,1.00093522448873
C_1_to_0p8,B3 Dual EKF,413,0.8,1,0.819288253287444,1.00092251763427
C_1_to_0p8,B3 Dual EKF,414,0.8,1,0.819078598360407,1.00090998342728
C_1_to_0p8,B3 Dual EKF,415,0.8,1,0.818871222291272,1.00089761952202
C_1_to_0p8,B3 Dual EKF,416,0.8,1,0.818666100309845,1.0008854236046
C_1_to_0p8,B3 Dual EKF,417,0.8,1,0.818463207915173,1.00087339339258
C_1_to_0p8,B3 Dual EKF,418,0.8,1,0.818262520872617,1.00086152663453
C_1_to_0p8,B3 Dual EKF,419,0.8,1,0.818064015210958,1.0008498211096
C_1_to_0p8,B3 Dual EKF,420,0.8,1,0.817867667219534,1.00083827462714
C_1_to_0p8,B3 Dual EKF,421,0.8,1,0.817673453445409,1.00082688502622
C_1_to_0p8,B3 Dual EKF,422,0.8,1,0.817481350690568,1.00081565017532
C_1_to_0p8,B3 Dual EKF,423,0.8,1,0.817291336009148,1.00080456797186
C_1_to_0p8,B3 Dual EKF,424,0.8,1,0.817103386704701,1.0007936363418
C_1_to_0p8,B3 Dual EKF,425,0.8,1,0.816917480327476,1.00078285323933
C_1_to_0p8,B3 Dual EKF,426,0.8,1,0.816733594671743,1.00077221664641
C_1_to_0p8,B3 Dual EKF,427,0.8,1,0.816551707773137,1.00076172457241
C_1_to_0p8,B3 Dual EKF,428,0.8,1,0.816371797906038,1.00075137505376
C_1_to_0p8,B3 Dual EKF,429,0.8,1,0.816193843580972,1.00074116615357
C_1_to_0p8,B3 Dual EKF,430,0.8,1,0.816017823542048,1.00073109596127
C_1_to_0p8,B3 Dual EKF,431,0.8,1,0.815843716764417,1.00072116259223
C_1_to_0p8,B3 Dual EKF,432,0.8,1,0.815671502451761,1.00071136418744
C_1_to_0p8,B3 Dual EKF,433,0.8,1,0.815501160033807,1.00070169891316
C_1_to_0p8,B3 Dual EKF,434,0.8,1,0.815332669163874,1.00069216496053
C_1_to_0p8,B3 Dual EKF,435,0.8,1,0.815166009716441,1.00068276054531
C_1_to_0p8,B3 Dual EKF,436,0.8,1,0.81500116178474,1.00067348390747
C_1_to_0p8,B3 Dual EKF,437,0.8,1,0.814838105678384,1.0006643333109
C_1_to_0p8,B3 Dual EKF,438,0.8,1,0.814676821921011,1.00065530704309
C_1_to_0p8,B3 Dual EKF,439,0.8,1,0.814517291247956,1.00064640341478
C_1_to_0p8,B3 Dual EKF,440,0.8,1,0.814359494603957,1.00063762075969
C_1_to_0p8,B3 Dual EKF,441,0.8,1,0.81420341314087,1.00062895743415
C_1_to_0p8,B3 Dual EKF,442,0.8,1,0.814049028215426,1.00062041181684
C_1_to_0p8,B3 Dual EKF,443,0.8,1,0.813896321386997,1.00061198230846
C_1_to_0p8,B3 Dual EKF,444,0.8,1,0.8137452744154,1.00060366733144
C_1_to_0p8,B3 Dual EKF,445,0.8,1,0.81359586925871,1.00059546532966
C_1_to_0p8,B3 Dual EKF,446,0.8,1,0.813448088071116,1.00058737476811
C_1_to_0p8,B3 Dual EKF,447,0.8,1,0.813301913200777,1.00057939413268
C_1_to_0p8,B3 Dual EKF,448,0.8,1,0.813157327187726,1.00057152192979
C_1_to_0p8,B3 Dual EKF,449,0.8,1,0.813014312761772,1.00056375668617
C_1_to_0p8,B3 Dual EKF,450,0.8,1,0.812872852840448,1.00055609694859
C_1_to_0p8,B3 Dual EKF,451,0.8,1,0.812732930526965,1.00054854128353
C_1_to_0p8,B3 Dual EKF,452,0.8,1,0.812594529108194,1.00054108827696
C_1_to_0p8,B3 Dual EKF,453,0.8,1,0.81245763205267,1.00053373653406
C_1_to_0p8,B3 Dual EKF,454,0.8,1,0.812322223008619,1.00052648467898
C_1_to_0p8,B3 Dual EKF,455,0.8,1,0.812188285802004,1.00051933135454
C_1_to_0p8,B3 Dual EKF,456,0.8,1,0.812055804434591,1.00051227522201
C_1_to_0p8,B3 Dual EKF,457,0.8,1,0.811924763082041,1.00050531496084
C_1_to_0p8,B3 Dual EKF,458,0.8,1,0.811795146092019,1.00049844926843
C_1_to_0p8,B3 Dual EKF,459,0.8,1,0.811666937982323,1.0004916768599
C_1_to_0p8,B3 Dual EKF,460,0.8,1,0.811540123439037,1.00048499646778
C_1_to_0p8,B3 Dual EKF,461,0.8,1,0.811414687314699,1.00047840684186
C_1_to_0p8,B3 Dual EKF,462,0.8,1,0.811290614626496,1.0004719067489
C_1_to_0p8,B3 Dual EKF,463,0.8,1,0.811167890554469,1.00046549497242
C_1_to_0p8,B3 Dual EKF,464,0.8,1,0.811046500439746,1.00045917031247
C_1_to_0p8,B3 Dual EKF,465,0.8,1,0.810926429782793,1.00045293158539
C_1_to_0p8,B3 Dual EKF,466,0.8,1,0.810807664241675,1.00044677762364
C_1_to_0p8,B3 Dual EKF,467,0.8,1,0.810690189630353,1.00044070727549
C_1_to_0p8,B3 Dual EKF,468,0.8,1,0.810573991916979,1.0004347194049
C_1_to_0p8,B3 Dual EKF,469,0.8,1,0.81045905722223,1.00042881289124
C_1_to_0p8,B3 Dual EKF,470,0.8,1,0.81034537181764,1.00042298662913
C_1_to_0p8,B3 Dual EKF,471,0.8,1,0.81023292212397,1.0004172395282
C_1_to_0p8,B3 Dual EKF,472,0.8,1,0.810121694709579,1.00041157051287
C_1_to_0p8,B3 Dual EKF,473,0.8,1,0.810011676288823,1.0004059785222
C_1_to_0p8,B3 Dual EKF,474,0.8,1,0.809902853720466,1.00040046250967
C_1_to_0p8,B3 Dual EKF,475,0.8,1,0.809795214006113,1.00039502144297
C_1_to_0p8,B3 Dual EKF,476,0.8,1,0.809688744288656,1.0003896543038
C_1_to_0p8,B3 Dual EKF,477,0.8,1,0.809583431850735,1.00038436008771
C_1_to_0p8,B3 Dual EKF,478,0.8,1,0.809479264113227,1.00037913780391
C_1_to_0p8,B3 Dual EKF,479,0.8,1,0.809376228633736,1.00037398647505
C_1_to_0p8,B3 Dual EKF,480,0.8,1,0.809274313105108,1.00036890513708
C_1_to_0p8,B3 Dual EKF,481,0.8,1,0.809173505353966,1.00036389283902
C_1_to_0p8,B3 Dual EKF,482,0.8,1,0.809073793339249,1.00035894864284
C_1_to_0p8,B3 Dual EKF,483,0.8,1,0.808975165150778,1.00035407162323
C_1_to_0p8,B3 Dual EKF,484,0.8,1,0.808877609007835,1.00034926086748
C_1_to_0p8,B3 Dual EKF,485,0.8,1,0.80878111325775,1.00034451547526
C_1_to_0p8,B3 Dual EKF,486,0.8,1,0.808685666374514,1.00033983455848
C_1_to_0p8,B3 Dual EKF,487,0.8,1,0.808591256957399,1.00033521724111
C_1_to_0p8,B3 Dual EKF,488,0.8,1,0.808497873729602,1.00033066265903
C_1_to_0p8,B3 Dual EKF,489,0.8,1,0.808405505536889,1.00032616995986
C_1_to_0p8,B3 Dual EKF,490,0.8,1,0.80831414134627,1.00032173830279
C_1_to_0p8,B3 Dual EKF,491,0.8,1,0.80822377024468,1.00031736685846
C_1_to_0p8,B3 Dual EKF,492,0.8,1,0.808134381437673,1.00031305480875
C_1_to_0p8,B3 Dual EKF,493,0.8,1,0.808045964248133,1.00030880134668
C_1_to_0p8,B3 Dual EKF,494,0.8,1,0.807958508115001,1.00030460567621
C_1_to_0p8,B3 Dual EKF,495,0.8,1,0.807872002592012,1.00030046701213
C_1_to_0p8,B3 Dual EKF,496,0.8,1,0.807786437346447,1.0002963845799
C_1_to_0p8,B3 Dual EKF,497,0.8,1,0.807701802157898,1.0002923576155
C_1_to_0p8,B3 Dual EKF,498,0.8,1,0.807618086917052,1.00028838536529
C_1_to_0p8,B3 Dual EKF,499,0.8,1,0.807535281624475,1.00028446708587
C_1_to_0p8,B3 Dual EKF,500,0.8,1,0.807453376389426,1.00028060204394
C_1_to_0p8,B3 Dual EKF,501,0.8,1,0.807372361428672,1.00027678951617
C_1_to_0p8,B3 Dual EKF,502,0.8,1,0.807292227065317,1.00027302878905
C_1_to_0p8,B3 Dual EKF,503,0.8,1,0.80721296372765,1.00026931915876
C_1_to_0p8,B3 Dual EKF,504,0.8,1,0.807134561948002,1.00026565993106
C_1_to_0p8,B3 Dual EKF,505,0.8,1,0.80705701236161,1.00026205042113
C_1_to_0p8,B3 Dual EKF,506,0.8,1,0.806980305705506,1.00025848995345
C_1_to_0p8,B3 Dual EKF,507,0.8,1,0.806904432817403,1.00025497786169
C_1_to_0p8,B3 Dual EKF,508,0.8,1,0.806829384634605,1.00025151348857
C_1_to_0p8,B3 Dual EKF,509,0.8,1,0.806755152192924,1.00024809618573
C_1_to_0p8,B3 Dual EKF,510,0.8,1,0.80668172662561,1.00024472531365
C_1_to_0p8,B3 Dual EKF,511,0.8,1,0.806609099162288,1.00024140024145
C_1_to_0p8,B3 Dual EKF,512,0.8,1,0.806537261127915,1.00023812034687
C_1_to_0p8,B3 Dual EKF,513,0.8,1,0.806466203941743,1.00023488501607
C_1_to_0p8,B3 Dual EKF,514,0.8,1,0.806395919116289,1.00023169364356
C_1_to_0p8,B3 Dual EKF,515,0.8,1,0.806326398256329,1.0002285456321
C_1_to_0p8,B3 Dual EKF,516,0.8,1,0.806257633057891,1.00022544039254
C_1_to_0p8,B3 Dual EKF,517,0.8,1,0.806189615307262,1.00022237734372
C_1_to_0p8,B3 Dual EKF,518,0.8,1,0.806122336880009,1.00021935591242
C_1_to_0p8,B3 Dual EKF,519,0.8,1,0.806055789740009,1.00021637553318
C_1_to_0p8,B3 Dual EKF,520,0.8,1,0.805989965938487,1.00021343564822
C_1_to_0p8,B3 Dual EKF,521,0.8,1,0.805924857613068,1.00021053570734
C_1_to_0p8,B3 Dual EKF,522,0.8,1,0.805860456986839,1.00020767516784
C_1_to_0p8,B3 Dual EKF,523,0.8,1,0.805796756367417,1.00020485349437
C_1_to_0p8,B3 Dual EKF,524,0.8,1,0.805733748146032,1.00020207015885
C_1_to_0p8,B3 Dual EKF,525,0.8,1,0.805671424796619,1.00019932464038
C_1_to_0p8,B3 Dual EKF,526,0.8,1,0.805609778874917,1.00019661642516
C_1_to_0p8,B3 Dual EKF,527,0.8,1,0.805548803017581,1.00019394500634
C_1_to_0p8,B3 Dual EKF,528,0.8,1,0.805488489941303,1.00019130988397
C_1_to_0p8,B3 Dual EKF,529,0.8,1,0.805428832441941,1.0001887105649
C_1_to_0p8,B3 Dual EKF,530,0.8,1,0.805369823393659,1.00018614656265
C_1_to_0p8,B3 Dual EKF,531,0.8,1,0.805311455748075,1.0001836173974
C_1_to_0p8,B3 Dual EKF,532,0.8,1,0.805253722533422,1.00018112259581
C_1_to_0p8,B3 Dual EKF,533,0.8,1,0.805196616853711,1.00017866169097
C_1_to_0p8,B3 Dual EKF,534,0.8,1,0.80514013188791,1.00017623422234
C_1_to_0p8,B3 Dual EKF,535,0.8,1,0.805084260889128,1.00017383973563
C_1_to_0p8,B3 Dual EKF,536,0.8,1,0.805028997183812,1.0001714777827
C_1_to_0p8,B3 Dual EKF,537,0.8,1,0.804974334170944,1.00016914792152
C_1_to_0p8,B3 Dual EKF,538,0.8,1,0.80492026532126,1.00016684971606
C_1_to_0p8,B3 Dual EKF,539,0.8,1,0.804866784176464,1.00016458273623
C_1_to_0p8,B3 Dual EKF,540,0.8,1,0.804813884348459,1.00016234655775
C_1_to_0p8,B3 Dual EKF,541,0.8,1,0.804761559518584,1.00016014076212
C_1_to_0p8,B3 Dual EKF,542,0.8,1,0.80470980343686,1.00015796493655
C_1_to_0p8,B3 Dual EKF,543,0.8,1,0.804658609921242,1.00015581867383
C_1_to_0p8,B3 Dual EKF,544,0.8,1,0.804607972856881,1.00015370157228
C_1_to_0p8,B3 Dual EKF,545,0.8,1,0.804557886195393,1.0001516132357
C_1_to_0p8,B3 Dual EKF,546,0.8,1,0.804508343954139,1.00014955327326
C_1_to_0p8,B3 Dual EKF,547,0.8,1,0.804459340215507,1.00014752129944
C_1_to_0p8,B3 Dual EKF,548,0.8,1,0.804410869126208,1.00014551693396
C_1_to_0p8,B3 Dual EKF,549,0.8,1,0.804362924896575,1.0001435398017
C_1_to_0p8,B3 Dual EKF,550,0.8,1,0.804315501799873,1.00014158953266
C_1_to_0p8,B3 Dual EKF,551,0.8,1,0.804268594171614,1.00013966576183
C_1_to_0p8,B3 Dual EKF,552,0.8,1,0.804222196408879,1.0001377681292
C_1_to_0p8,B3 Dual EKF,553,0.8,1,0.804176302969652,1.00013589627962
C_1_to_0p8,B3 Dual EKF,554,0.8,1,0.804130908372156,1.00013404986277
C_1_to_0p8,B3 Dual EKF,555,0.8,1,0.804086007194198,1.00013222853312
C_1_to_0p8,B3 Dual EKF,556,0.8,1,0.804041594072522,1.00013043194979
C_1_to_0p8,B3 Dual EKF,557,0.8,1,0.803997663702168,1.00012865977656
C_1_to_0p8,B3 Dual EKF,558,0.8,1,0.80395421083584,1.00012691168177
C_1_to_0p8,B3 Dual EKF,559,0.8,1,0.803911230283277,1.00012518733826
C_1_to_0p8,B3 Dual EKF,560,0.8,1,0.803868716910633,1.00012348642334
C_1_to_0p8,B3 Dual EKF,561,0.8,1,0.803826665639865,1.00012180861868
C_1_to_0p8,B3 Dual EKF,562,0.8,1,0.803785071448127,1.00012015361027
C_1_to_0p8,B3 Dual EKF,563,0.8,1,0.803743929367169,1.00011852108839
C_1_to_0p8,B3 Dual EKF,564,0.8,1,0.803703234482744,1.00011691074752
C_1_to_0p8,B3 Dual EKF,565,0.8,1,0.803662981934018,1.00011532228627
C_1_to_0p8,B3 Dual EKF,566,0.8,1,0.803623166912996,1.00011375540738
C_1_to_0p8,B3 Dual EKF,567,0.8,1,0.803583784663942,1.00011220981761
C_1_to_0p8,B3 Dual EKF,568,0.8,1,0.803544830482812,1.0001106852277
C_1_to_0p8,B3 Dual EKF,569,0.8,1,0.803506299716695,1.00010918135232
C_1_to_0p8,B3 Dual EKF,570,0.8,1,0.803468187763252,1.00010769791003
C_1_to_0p8,B3 Dual EKF,571,0.8,1,0.803430490070173,1.00010623462321
C_1_to_0p8,B3 Dual EKF,572,0.8,1,0.803393202134628,1.00010479121801
C_1_to_0p8,B3 Dual EKF,573,0.8,1,0.80335631950273,1.00010336742428
C_1_to_0p8,B3 Dual EKF,574,0.8,1,0.803319837769005,1.00010196297558
C_1_to_0p8,B3 Dual EKF,575,0.8,1,0.803283752575863,1.00010057760907
C_1_to_0p8,B3 Dual EKF,576,0.8,1,0.803248059613082,1.00009921106547
C_1_to_0p8,B3 Dual EKF,577,0.8,1,0.803212754617288,1.00009786308903
C_1_to_0p8,B3 Dual EKF,578,0.8,1,0.803177833371448,1.0000965334275
C_1_to_0p8,B3 Dual EKF,579,0.8,1,0.803143291704367,1.00009522183201
C_1_to_0p8,B3 Dual EKF,580,0.8,1,0.803109125490189,1.00009392805712
C_1_to_0p8,B3 Dual EKF,581,0.8,1,0.803075330647904,1.00009265186069
C_1_to_0p8,B3 Dual EKF,582,0.8,1,0.803041903140862,1.00009139300389
C_1_to_0p8,B3 Dual EKF,583,0.8,1,0.803008838976287,1.00009015125112
C_1_to_0p8,B3 Dual EKF,584,0.8,1,0.802976134204806,1.00008892636999
C_1_to_0p8,B3 Dual EKF,585,0.8,1,0.802943784919971,1.00008771813127
C_1_to_0p8,B3 Dual EKF,586,0.8,1,0.802911787257797,1.00008652630883
C_1_to_0p8,B3 Dual EKF,587,0.8,1,0.8028801373963,1.00008535067964
C_1_to_0p8,B3 Dual EKF,588,0.8,1,0.802848831555036,1.00008419102366
C_1_to_0p8,B3 Dual EKF,589,0.8,1,0.802817865994655,1.00008304712389
C_1_to_0p8,B3 Dual EKF,590,0.8,1,0.802787237016452,1.00008191876623
C_1_to_0p8,B3 Dual EKF,591,0.8,1,0.802756940961925,1.00008080573951
C_1_to_0p8,B3 Dual EKF,592,0.8,1,0.802726974212339,1.00007970783544
C_1_to_0p8,B3 Dual EKF,593,0.8,1,0.802697333188292,1.00007862484855
C_1_to_0p8,B3 Dual EKF,594,0.8,1,0.802668014349289,1.00007755657615
C_1_to_0p8,B3 Dual EKF,595,0.8,1,0.802639014193318,1.00007650281832
C_1_to_0p8,B3 Dual EKF,596,0.8,1,0.802610329256434,1.00007546337785
C_1_to_0p8,B3 Dual EKF,597,0.8,1,0.802581956112343,1.00007443806022
C_1_to_0p8,B3 Dual EKF,598,0.8,1,0.802553891371991,1.00007342667353
C_1_to_0p8,B3 Dual EKF,599,0.8,1,0.802526131683165,1.00007242902851
C_1_to_0p8,B4 Cuk-adapted wavelet-KF,0,1,1,1,1
C_1_to_0p8,B4 Cuk-adapted wavelet-KF,1,1,1,1,1
C_1_to_0p8,B4 Cuk-adapted wavelet-KF,2,1,1,1,1
C_1_to_0p8,B4 Cuk-adapted wavelet-KF,3,1,1,1,1
C_1_to_0p8,B4 Cuk-adapted wavelet-KF,4,1,1,1,1
C_1_to_0p8,B4 Cuk-adapted wavelet-KF,5,1,1,1,1
C_1_to_0p8,B4 Cuk-adapted wavelet-KF,6,1,1,1,1
C_1_to_0p8,B4 Cuk-adapted wavelet-KF,7,1,1,1,1
C_1_to_0p8,B4 Cuk-adapted wavelet-KF,8,1,1,1,1
C_1_to_0p8,B4 Cuk-adapted wavelet-KF,9,1,1,1,1
C_1_to_0p8,B4 Cuk-adapted wavelet-KF,10,1,1,1,1
C_1_to_0p8,B4 Cuk-adapted wavelet-KF,11,1,1,1,1
C_1_to_0p8,B4 Cuk-adapted wavelet-KF,12,1,1,1,1
C_1_to_0p8,B4 Cuk-adapted wavelet-KF,13,1,1,1,1
C_1_to_0p8,B4 Cuk-adapted wavelet-KF,14,1,1,1,1
C_1_to_0p8,B4 Cuk-adapted wavelet-KF,15,1,1,1,1
C_1_to_0p8,B4 Cuk-adapted wavelet-KF,16,1,1,1,1
C_1_to_0p8,B4 Cuk-adapted wavelet-KF,17,1,1,1,1
C_1_to_0p8,B4 Cuk-adapted wavelet-KF,18,1,1,1,1
C_1_to_0p8,B4 Cuk-adapted wavelet-KF,19,1,1,1,1
C_1_to_0p8,B4 Cuk-adapted wavelet-KF,20,1,1,1,1
C_1_to_0p8,B4 Cuk-adapted wavelet-KF,21,1,1,1,1
C_1_to_0p8,B4 Cuk-adapted wavelet-KF,22,1,1,1,1
C_1_to_0p8,B4 Cuk-adapted wavelet-KF,23,1,1,1,1
C_1_to_0p8,B4 Cuk-adapted wavelet-KF,24,1,1,1,1
C_1_to_0p8,B4 Cuk-adapted wavelet-KF,25,1,1,1,1
C_1_to_0p8,B4 Cuk-adapted wavelet-KF,26,1,1,1,1
C_1_to_0p8,B4 Cuk-adapted wavelet-KF,27,1,1,1,1
C_1_to_0p8,B4 Cuk-adapted wavelet-KF,28,1,1,1,1
C_1_to_0p8,B4 Cuk-adapted wavelet-KF,29,1,1,1,1
C_1_to_0p8,B4 Cuk-adapted wavelet-KF,30,1,1,1,1
C_1_to_0p8,B4 Cuk-adapted wavelet-KF,31,1,1,1,1
C_1_to_0p8,B4 Cuk-adapted wavelet-KF,32,1,1,1,1
C_1_to_0p8,B4 Cuk-adapted wavelet-KF,33,1,1,1,1
C_1_to_0p8,B4 Cuk-adapted wavelet-KF,34,1,1,1,1
C_1_to_0p8,B4 Cuk-adapted wavelet-KF,35,1,1,1,1
C_1_to_0p8,B4 Cuk-adapted wavelet-KF,36,1,1,1,1
C_1_to_0p8,B4 Cuk-adapted wavelet-KF,37,1,1,1,1
C_1_to_0p8,B4 Cuk-adapted wavelet-KF,38,1,1,1,1
C_1_to_0p8,B4 Cuk-adapted wavelet-KF,39,1,1,1,1
C_1_to_0p8,B4 Cuk-adapted wavelet-KF,40,1,1,1,1
C_1_to_0p8,B4 Cuk-adapted wavelet-KF,41,1,1,1,1
C_1_to_0p8,B4 Cuk-adapted wavelet-KF,42,1,1,1,1
C_1_to_0p8,B4 Cuk-adapted wavelet-KF,43,1,1,1,1
C_1_to_0p8,B4 Cuk-adapted wavelet-KF,44,1,1,1,1
C_1_to_0p8,B4 Cuk-adapted wavelet-KF,45,1,1,1,1
C_1_to_0p8,B4 Cuk-adapted wavelet-KF,46,1,1,1,1
C_1_to_0p8,B4 Cuk-adapted wavelet-KF,47,1,1,1,1
C_1_to_0p8,B4 Cuk-adapted wavelet-KF,48,1,1,1,1
C_1_to_0p8,B4 Cuk-adapted wavelet-KF,49,1,1,1,1
C_1_to_0p8,B4 Cuk-adapted wavelet-KF,50,1,1,1,1
C_1_to_0p8,B4 Cuk-adapted wavelet-KF,51,1,1,1,1
C_1_to_0p8,B4 Cuk-adapted wavelet-KF,52,1,1,1,1
C_1_to_0p8,B4 Cuk-adapted wavelet-KF,53,1,1,1,1
C_1_to_0p8,B4 Cuk-adapted wavelet-KF,54,1,1,1,1
C_1_to_0p8,B4 Cuk-adapted wavelet-KF,55,1,1,1,1
C_1_to_0p8,B4 Cuk-adapted wavelet-KF,56,1,1,1,1
C_1_to_0p8,B4 Cuk-adapted wavelet-KF,57,1,1,1,1
C_1_to_0p8,B4 Cuk-adapted wavelet-KF,58,1,1,1,1
C_1_to_0p8,B4 Cuk-adapted wavelet-KF,59,1,1,1,1
C_1_to_0p8,B4 Cuk-adapted wavelet-KF,60,1,1,1,1
C_1_to_0p8,B4 Cuk-adapted wavelet-KF,61,1,1,1,1
C_1_to_0p8,B4 Cuk-adapted wavelet-KF,62,1,1,1,1
C_1_to_0p8,B4 Cuk-adapted wavelet-KF,63,1,1,1,1
C_1_to_0p8,B4 Cuk-adapted wavelet-KF,64,1,1,1,1
C_1_to_0p8,B4 Cuk-adapted wavelet-KF,65,1,1,1,1
C_1_to_0p8,B4 Cuk-adapted wavelet-KF,66,1,1,1,1
C_1_to_0p8,B4 Cuk-adapted wavelet-KF,67,1,1,1,1
C_1_to_0p8,B4 Cuk-adapted wavelet-KF,68,1,1,1,1
C_1_to_0p8,B4 Cuk-adapted wavelet-KF,69,1,1,1,1
C_1_to_0p8,B4 Cuk-adapted wavelet-KF,70,1,1,1,1
C_1_to_0p8,B4 Cuk-adapted wavelet-KF,71,1,1,1,1
C_1_to_0p8,B4 Cuk-adapted wavelet-KF,72,1,1,1,1
C_1_to_0p8,B4 Cuk-adapted wavelet-KF,73,1,1,1,1
C_1_to_0p8,B4 Cuk-adapted wavelet-KF,74,1,1,1,1
C_1_to_0p8,B4 Cuk-adapted wavelet-KF,75,1,1,1,1
C_1_to_0p8,B4 Cuk-adapted wavelet-KF,76,1,1,1,1
C_1_to_0p8,B4 Cuk-adapted wavelet-KF,77,1,1,1,1
C_1_to_0p8,B4 Cuk-adapted wavelet-KF,78,1,1,1,1
C_1_to_0p8,B4 Cuk-adapted wavelet-KF,79,1,1,1,1
C_1_to_0p8,B4 Cuk-adapted wavelet-KF,80,1,1,1,1
C_1_to_0p8,B4 Cuk-adapted wavelet-KF,81,1,1,1,1
C_1_to_0p8,B4 Cuk-adapted wavelet-KF,82,1,1,1,1
C_1_to_0p8,B4 Cuk-adapted wavelet-KF,83,1,1,1,1
C_1_to_0p8,B4 Cuk-adapted wavelet-KF,84,1,1,1,1
C_1_to_0p8,B4 Cuk-adapted wavelet-KF,85,1,1,1,1
C_1_to_0p8,B4 Cuk-adapted wavelet-KF,86,1,1,1,1
C_1_to_0p8,B4 Cuk-adapted wavelet-KF,87,1,1,1,1
C_1_to_0p8,B4 Cuk-adapted wavelet-KF,88,1,1,1,1
C_1_to_0p8,B4 Cuk-adapted wavelet-KF,89,1,1,1,1
C_1_to_0p8,B4 Cuk-adapted wavelet-KF,90,1,1,1,1
C_1_to_0p8,B4 Cuk-adapted wavelet-KF,91,1,1,1,1
C_1_to_0p8,B4 Cuk-adapted wavelet-KF,92,1,1,1,1
C_1_to_0p8,B4 Cuk-adapted wavelet-KF,93,1,1,1,1
C_1_to_0p8,B4 Cuk-adapted wavelet-KF,94,1,1,1,1
C_1_to_0p8,B4 Cuk-adapted wavelet-KF,95,1,1,1,1
C_1_to_0p8,B4 Cuk-adapted wavelet-KF,96,1,1,1,1
C_1_to_0p8,B4 Cuk-adapted wavelet-KF,97,1,1,1,1
C_1_to_0p8,B4 Cuk-adapted wavelet-KF,98,1,1,1,1
C_1_to_0p8,B4 Cuk-adapted wavelet-KF,99,1,1,1,1
C_1_to_0p8,B4 Cuk-adapted wavelet-KF,100,1,1,1,1
C_1_to_0p8,B4 Cuk-adapted wavelet-KF,101,1,1,1,1
C_1_to_0p8,B4 Cuk-adapted wavelet-KF,102,1,1,1,1
C_1_to_0p8,B4 Cuk-adapted wavelet-KF,103,1,1,1,1
C_1_to_0p8,B4 Cuk-adapted wavelet-KF,104,1,1,1,1
C_1_to_0p8,B4 Cuk-adapted wavelet-KF,105,1,1,1,1
C_1_to_0p8,B4 Cuk-adapted wavelet-KF,106,1,1,1,1
C_1_to_0p8,B4 Cuk-adapted wavelet-KF,107,1,1,1,1
C_1_to_0p8,B4 Cuk-adapted wavelet-KF,108,1,1,1,1
C_1_to_0p8,B4 Cuk-adapted wavelet-KF,109,1,1,1,1
C_1_to_0p8,B4 Cuk-adapted wavelet-KF,110,1,1,1,1
C_1_to_0p8,B4 Cuk-adapted wavelet-KF,111,1,1,1,1
C_1_to_0p8,B4 Cuk-adapted wavelet-KF,112,1,1,1,1
C_1_to_0p8,B4 Cuk-adapted wavelet-KF,113,1,1,1,1
C_1_to_0p8,B4 Cuk-adapted wavelet-KF,114,1,1,1,1
C_1_to_0p8,B4 Cuk-adapted wavelet-KF,115,1,1,1,1
C_1_to_0p8,B4 Cuk-adapted wavelet-KF,116,1,1,1,1
C_1_to_0p8,B4 Cuk-adapted wavelet-KF,117,1,1,1,1
C_1_to_0p8,B4 Cuk-adapted wavelet-KF,118,1,1,1,1
C_1_to_0p8,B4 Cuk-adapted wavelet-KF,119,1,1,1,1
C_1_to_0p8,B4 Cuk-adapted wavelet-KF,120,1,1,1,1
C_1_to_0p8,B4 Cuk-adapted wavelet-KF,121,1,1,1,1
C_1_to_0p8,B4 Cuk-adapted wavelet-KF,122,1,1,1,1
C_1_to_0p8,B4 Cuk-adapted wavelet-KF,123,1,1,1,1
C_1_to_0p8,B4 Cuk-adapted wavelet-KF,124,1,1,1,1
C_1_to_0p8,B4 Cuk-adapted wavelet-KF,125,1,1,1,1
C_1_to_0p8,B4 Cuk-adapted wavelet-KF,126,1,1,1,1
C_1_to_0p8,B4 Cuk-adapted wavelet-KF,127,1,1,1,1
C_1_to_0p8,B4 Cuk-adapted wavelet-KF,128,1,1,1,1
C_1_to_0p8,B4 Cuk-adapted wavelet-KF,129,1,1,1,1
C_1_to_0p8,B4 Cuk-adapted wavelet-KF,130,1,1,1,1
C_1_to_0p8,B4 Cuk-adapted wavelet-KF,131,1,1,1,1
C_1_to_0p8,B4 Cuk-adapted wavelet-KF,132,1,1,1,1
C_1_to_0p8,B4 Cuk-adapted wavelet-KF,133,1,1,1,1
C_1_to_0p8,B4 Cuk-adapted wavelet-KF,134,1,1,1,1
C_1_to_0p8,B4 Cuk-adapted wavelet-KF,135,1,1,1,1
C_1_to_0p8,B4 Cuk-adapted wavelet-KF,136,1,1,1,1
C_1_to_0p8,B4 Cuk-adapted wavelet-KF,137,1,1,1,1
C_1_to_0p8,B4 Cuk-adapted wavelet-KF,138,1,1,1,1
C_1_to_0p8,B4 Cuk-adapted wavelet-KF,139,1,1,1,1
C_1_to_0p8,B4 Cuk-adapted wavelet-KF,140,1,1,1,1
C_1_to_0p8,B4 Cuk-adapted wavelet-KF,141,1,1,1,1
C_1_to_0p8,B4 Cuk-adapted wavelet-KF,142,1,1,1,1
C_1_to_0p8,B4 Cuk-adapted wavelet-KF,143,1,1,1,1
C_1_to_0p8,B4 Cuk-adapted wavelet-KF,144,1,1,1,1
C_1_to_0p8,B4 Cuk-adapted wavelet-KF,145,1,1,1,1
C_1_to_0p8,B4 Cuk-adapted wavelet-KF,146,1,1,1,1
C_1_to_0p8,B4 Cuk-adapted wavelet-KF,147,1,1,1,1
C_1_to_0p8,B4 Cuk-adapted wavelet-KF,148,1,1,1,1
C_1_to_0p8,B4 Cuk-adapted wavelet-KF,149,1,1,1,1
C_1_to_0p8,B4 Cuk-adapted wavelet-KF,150,1,1,1,1
C_1_to_0p8,B4 Cuk-adapted wavelet-KF,151,1,1,1,1
C_1_to_0p8,B4 Cuk-adapted wavelet-KF,152,1,1,1,1
C_1_to_0p8,B4 Cuk-adapted wavelet-KF,153,1,1,1,1
C_1_to_0p8,B4 Cuk-adapted wavelet-KF,154,1,1,1,1
C_1_to_0p8,B4 Cuk-adapted wavelet-KF,155,1,1,1,1
C_1_to_0p8,B4 Cuk-adapted wavelet-KF,156,1,1,1,1
C_1_to_0p8,B4 Cuk-adapted wavelet-KF,157,1,1,1,1
C_1_to_0p8,B4 Cuk-adapted wavelet-KF,158,1,1,1,1
C_1_to_0p8,B4 Cuk-adapted wavelet-KF,159,1,1,1,1
C_1_to_0p8,B4 Cuk-adapted wavelet-KF,160,1,1,1,1
C_1_to_0p8,B4 Cuk-adapted wavelet-KF,161,1,1,1,1
C_1_to_0p8,B4 Cuk-adapted wavelet-KF,162,1,1,1,1
C_1_to_0p8,B4 Cuk-adapted wavelet-KF,163,1,1,1,1
C_1_to_0p8,B4 Cuk-adapted wavelet-KF,164,1,1,1,1
C_1_to_0p8,B4 Cuk-adapted wavelet-KF,165,1,1,1,1
C_1_to_0p8,B4 Cuk-adapted wavelet-KF,166,1,1,1,1
C_1_to_0p8,B4 Cuk-adapted wavelet-KF,167,1,1,1,1
C_1_to_0p8,B4 Cuk-adapted wavelet-KF,168,1,1,1,1
C_1_to_0p8,B4 Cuk-adapted wavelet-KF,169,1,1,1,1
C_1_to_0p8,B4 Cuk-adapted wavelet-KF,170,1,1,1,1
C_1_to_0p8,B4 Cuk-adapted wavelet-KF,171,1,1,1,1
C_1_to_0p8,B4 Cuk-adapted wavelet-KF,172,1,1,1,1
C_1_to_0p8,B4 Cuk-adapted wavelet-KF,173,1,1,1,1
C_1_to_0p8,B4 Cuk-adapted wavelet-KF,174,1,1,1,1
C_1_to_0p8,B4 Cuk-adapted wavelet-KF,175,1,1,1,1
C_1_to_0p8,B4 Cuk-adapted wavelet-KF,176,1,1,1,1
C_1_to_0p8,B4 Cuk-adapted wavelet-KF,177,1,1,1,1
C_1_to_0p8,B4 Cuk-adapted wavelet-KF,178,1,1,1,1
C_1_to_0p8,B4 Cuk-adapted wavelet-KF,179,1,1,1,1
C_1_to_0p8,B4 Cuk-adapted wavelet-KF,180,1,1,1,1
C_1_to_0p8,B4 Cuk-adapted wavelet-KF,181,1,1,1,1
C_1_to_0p8,B4 Cuk-adapted wavelet-KF,182,1,1,1,1
C_1_to_0p8,B4 Cuk-adapted wavelet-KF,183,1,1,1,1
C_1_to_0p8,B4 Cuk-adapted wavelet-KF,184,1,1,1,1
C_1_to_0p8,B4 Cuk-adapted wavelet-KF,185,1,1,1,1
C_1_to_0p8,B4 Cuk-adapted wavelet-KF,186,1,1,1,1
C_1_to_0p8,B4 Cuk-adapted wavelet-KF,187,1,1,1,1
C_1_to_0p8,B4 Cuk-adapted wavelet-KF,188,1,1,1,1
C_1_to_0p8,B4 Cuk-adapted wavelet-KF,189,1,1,1,1
C_1_to_0p8,B4 Cuk-adapted wavelet-KF,190,1,1,1,1
C_1_to_0p8,B4 Cuk-adapted wavelet-KF,191,1,1,1,1
C_1_to_0p8,B4 Cuk-adapted wavelet-KF,192,1,1,1,1
C_1_to_0p8,B4 Cuk-adapted wavelet-KF,193,1,1,1,1
C_1_to_0p8,B4 Cuk-adapted wavelet-KF,194,1,1,1,1
C_1_to_0p8,B4 Cuk-adapted wavelet-KF,195,1,1,1,1
C_1_to_0p8,B4 Cuk-adapted wavelet-KF,196,1,1,1,1
C_1_to_0p8,B4 Cuk-adapted wavelet-KF,197,1,1,1,1
C_1_to_0p8,B4 Cuk-adapted wavelet-KF,198,1,1,1,1
C_1_to_0p8,B4 Cuk-adapted wavelet-KF,199,1,1,1,1
C_1_to_0p8,B4 Cuk-adapted wavelet-KF,200,0.8,1,0.996969696969697,1.011
C_1_to_0p8,B4 Cuk-adapted wavelet-KF,201,0.8,1,0.993985307621671,1.01079166666667
C_1_to_0p8,B4 Cuk-adapted wavelet-KF,202,0.8,1,0.99104613629407,1.0105872790404
C_1_to_0p8,B4 Cuk-adapted wavelet-KF,203,0.8,1,0.988151497865372,1.01038676239191
C_1_to_0p8,B4 Cuk-adapted wavelet-KF,204,0.8,1,0.985300717594685,1.01019004340722
C_1_to_0p8,B4 Cuk-adapted wavelet-KF,205,0.8,1,0.982493130964462,1.00999705016087
C_1_to_0p8,B4 Cuk-adapted wavelet-KF,206,0.8,1,0.979728083525607,1.00980771208964
C_1_to_0p8,B4 Cuk-adapted wavelet-KF,207,0.8,1,0.977004930744916,1.00962195996673
C_1_to_0p8,B4 Cuk-adapted wavelet-KF,208,0.8,1,0.974323037854841,1.00943972587645
C_1_to_0p8,B4 Cuk-adapted wavelet-KF,209,0.8,1,0.971681779705525,1.0092609431894
C_1_to_0p8,B4 Cuk-adapted wavelet-KF,210,0.8,1,0.969080540619078,1.00908554653808
C_1_to_0p8,B4 Cuk-adapted wavelet-KF,211,0.8,1,0.966518714246062,1.00891347179304
C_1_to_0p8,B4 Cuk-adapted wavelet-KF,212,0.8,1,0.963995703424152,1.00874465603939
C_1_to_0p8,B4 Cuk-adapted wavelet-KF,213,0.8,1,0.961510920038937,1.00857903755379
C_1_to_0p8,B4 Cuk-adapted wavelet-KF,214,0.8,1,0.959063784886832,1.00841655578194
C_1_to_0p8,B4 Cuk-adapted wavelet-KF,215,0.8,1,0.956653727540062,1.00825715131637
C_1_to_0p8,B4 Cuk-adapted wavelet-KF,216,0.8,1,0.954280186213697,1.00810076587477
C_1_to_0p8,B4 Cuk-adapted wavelet-KF,217,0.8,1,0.951942607634702,1.00794734227866
C_1_to_0p8,B4 Cuk-adapted wavelet-KF,218,0.8,1,0.949640446912964,1.00779682443247
C_1_to_0p8,B4 Cuk-adapted wavelet-KF,219,0.8,1,0.947373167414283,1.00764915730307
C_1_to_0p8,B4 Cuk-adapted wavelet-KF,220,0.8,1,0.945140240635278,1.0075042868996
C_1_to_0p8,B4 Cuk-adapted wavelet-KF,221,0.8,1,0.942941146080198,1.00736216025378
C_1_to_0p8,B4 Cuk-adapted wavelet-KF,222,0.8,1,0.940775371139589,1.00722272540049
C_1_to_0p8,B4 Cuk-adapted wavelet-KF,223,0.8,1,0.938642410970808,1.00708593135881
C_1_to_0p8,B4 Cuk-adapted wavelet-KF,224,0.8,1,0.936541768380341,1.00695172811338
C_1_to_0p8,B4 Cuk-adapted wavelet-KF,225,0.8,1,0.934472953707912,1.00682006659608
C_1_to_0p8,B4 Cuk-adapted wavelet-KF,226,0.8,1,0.932435484712337,1.00669089866812
C_1_to_0p8,B4 Cuk-adapted wavelet-KF,227,0.8,1,0.93042888645912,1.00656417710244
C_1_to_0p8,B4 Cuk-adapted wavelet-KF,228,0.8,1,0.928452691209739,1.00643985556641
C_1_to_0p8,B4 Cuk-adapted wavelet-KF,229,0.8,1,0.926506438312622,1.00631788860492
C_1_to_0p8,B4 Cuk-adapted wavelet-KF,230,0.8,1,0.924589674095764,1.00619823162377
C_1_to_0p8,B4 Cuk-adapted wavelet-KF,231,0.8,1,0.92270195176098,1.00608084087332
C_1_to_0p8,B4 Cuk-adapted wavelet-KF,232,0.8,1,0.920842831279753,1.00596567343254
C_1_to_0p8,B4 Cuk-adapted wavelet-KF,233,0.8,1,0.919011879290666,1.00585268719329
C_1_to_0p8,B4 Cuk-adapted wavelet-KF,234,0.8,1,0.917208668998383,1.00574184084493
C_1_to_0p8,B4 Cuk-adapted wavelet-KF,235,0.8,1,0.915432780074165,1.00563309385923
C_1_to_0p8,B4 Cuk-adapted wavelet-KF,236,0.8,1,0.91368379855789,1.00552640647553
C_1_to_0p8,B4 Cuk-adapted wavelet-KF,237,0.8,1,0.911961316761558,1.00542173968622
C_1_to_0p8,B4 Cuk-adapted wavelet-KF,238,0.8,1,0.910264933174262,1.00531905522247
C_1_to_0p8,B4 Cuk-adapted wavelet-KF,239,0.8,1,0.908594252368591,1.00521831554022
C_1_to_0p8,B4 Cuk-adapted wavelet-KF,240,0.8,1,0.906948884908461,1.00511948380651
C_1_to_0p8,B4 Cuk-adapted wavelet-KF,241,0.8,1,0.905328447258333,1.00502252388593
C_1_to_0p8,B4 Cuk-adapted wavelet-KF,242,0.8,1,0.903732561693813,1.00492740032748
C_1_to_0p8,B4 Cuk-adapted wavelet-KF,243,0.8,1,0.902160856213603,1.00483407835158
C_1_to_0p8,B4 Cuk-adapted wavelet-KF,244,0.8,1,0.900612964452791,1.00474252383735
C_1_to_0p8,B4 Cuk-adapted wavelet-KF,245,0.8,1,0.899088525597446,1.00465270331013
C_1_to_0p8,B4 Cuk-adapted wavelet-KF,246,0.8,1,0.897587184300515,1.00456458392925
C_1_to_0p8,B4 Cuk-adapted wavelet-KF,247,0.8,1,0.896108590598992,1.00447813347605
C_1_to_0p8,B4 Cuk-adapted wavelet-KF,248,0.8,1,0.89465239983234,1.00439332034203
C_1_to_0p8,B4 Cuk-adapted wavelet-KF,249,0.8,1,0.893218272562153,1.00431011351737
C_1_to_0p8,B4 Cuk-adapted wavelet-KF,250,0.8,1,0.89180587449303,1.00422848257954
C_1_to_0p8,B4 Cuk-adapted wavelet-KF,251,0.8,1,0.890414876394651,1.0041483976822
C_1_to_0p8,B4 Cuk-adapted wavelet-KF,252,0.8,1,0.889044954025035,1.00406982954428
C_1_to_0p8,B4 Cuk-adapted wavelet-KF,253,0.8,1,0.887695788054958,1.00399274943928
C_1_to_0p8,B4 Cuk-adapted wavelet-KF,254,0.8,1,0.88636706399352,1.00391712918475
C_1_to_0p8,B4 Cuk-adapted wavelet-KF,255,0.8,1,0.88505847211483,1.003842941132
C_1_to_0p8,B4 Cuk-adapted wavelet-KF,256,0.8,1,0.883769707385817,1.00377015815602
C_1_to_0p8,B4 Cuk-adapted wavelet-KF,257,0.8,1,0.882500469395123,1.00369875364549
C_1_to_0p8,B4 Cuk-adapted wavelet-KF,258,0.8,1,0.881250462283076,1.00362870149311
C_1_to_0p8,B4 Cuk-adapted wavelet-KF,259,0.8,1,0.880019394672726,1.00355997608605
C_1_to_0p8,B4 Cuk-adapted wavelet-KF,260,0.8,1,0.878806979601927,1.00349255229654
C_1_to_0p8,B4 Cuk-adapted wavelet-KF,261,0.8,1,0.877612934456444,1.00342640547274
C_1_to_0p8,B4 Cuk-adapted wavelet-KF,262,0.8,1,0.876436980904073,1.00336151142969
C_1_to_0p8,B4 Cuk-adapted wavelet-KF,263,0.8,1,0.875278844829769,1.0032978464405
C_1_to_0p8,B4 Cuk-adapted wavelet-KF,264,0.8,1,0.874138256271742,1.00323538722761
C_1_to_0p8,B4 Cuk-adapted wavelet-KF,265,0.8,1,0.873014949358534,1.00317411095436
C_1_to_0p8,B4 Cuk-adapted wavelet-KF,266,0.8,1,0.871908662247041,1.00311399521659
C_1_to_0p8,B4 Cuk-adapted wavelet-KF,267,0.8,1,0.87081913706148,1.00305501803445
C_1_to_0p8,B4 Cuk-adapted wavelet-KF,268,0.8,1,0.869746119833276,1.00299715784441
C_1_to_0p8,B4 Cuk-adapted wavelet-KF,269,0.8,1,0.868689360441862,1.00294039349129
C_1_to_0p8,B4 Cuk-adapted wavelet-KF,270,0.8,1,0.86764861255638,1.00288470422062
C_1_to_0p8,B4 Cuk-adapted wavelet-KF,271,0.8,1,0.866623633578253,1.00283006967099
C_1_to_0p8,B4 Cuk-adapted wavelet-KF,272,0.8,1,0.865614184584643,1.00277646986662
C_1_to_0p8,B4 Cuk-adapted wavelet-KF,273,0.8,1,0.864620030272754,1.00272388521005
C_1_to_0p8,B4 Cuk-adapted wavelet-KF,274,0.8,1,0.863640938904985,1.00267229647501
C_1_to_0p8,B4 Cuk-adapted wavelet-KF,275,0.8,1,0.86267668225491,1.00262168479935
C_1_to_0p8,B4 Cuk-adapted wavelet-KF,276,0.8,1,0.861727035554078,1.00257203167815
C_1_to_0p8,B4 Cuk-adapted wavelet-KF,277,0.8,1,0.860791777439622,1.00252331895697
C_1_to_0p8,B4 Cuk-adapted wavelet-KF,278,0.8,1,0.859870689902658,1.00247552882521
C_1_to_0p8,B4 Cuk-adapted wavelet-KF,279,0.8,1,0.858963558237466,1.00242864380958
C_1_to_0p8,B4 Cuk-adapted wavelet-KF,280,0.8,1,0.858070170991444,1.00238264676774
C_1_to_0p8,B4 Cuk-adapted wavelet-KF,281,0.8,1,0.857190319915816,1.00233752088198
C_1_to_0p8,B4 Cuk-adapted wavelet-KF,282,0.8,1,0.856323799917092,1.00229324965316
C_1_to_0p8,B4 Cuk-adapted wavelet-KF,283,0.8,1,0.855470409009257,1.00224981689457
C_1_to_0p8,B4 Cuk-adapted wavelet-KF,284,0.8,1,0.854629948266693,1.00220720672612
C_1_to_0p8,B4 Cuk-adapted wavelet-KF,285,0.8,1,0.853802221777803,1.00216540356843
C_1_to_0p8,B4 Cuk-adapted wavelet-KF,286,0.8,1,0.852987036599352,1.0021243921372
C_1_to_0p8,B4 Cuk-adapted wavelet-KF,287,0.8,1,0.852184202711483,1.00208415743764
C_1_to_0p8,B4 Cuk-adapted wavelet-KF,288,0.8,1,0.85139353297343,1.00204468475889
C_1_to_0p8,B4 Cuk-adapted wavelet-KF,289,0.8,1,0.850614843079893,1.00200595966876
C_1_to_0p8,B4 Cuk-adapted wavelet-KF,290,0.8,1,0.849847951518077,1.00196796800837
C_1_to_0p8,B4 Cuk-adapted wavelet-KF,291,0.8,1,0.849092679525379,1.001930695887
C_1_to_0p8,B4 Cuk-adapted wavelet-KF,292,0.8,1,0.848348851047721,1.00189412967702
C_1_to_0p8,B4 Cuk-adapted wavelet-KF,293,0.8,1,0.847616292698513,1.00185825600889
C_1_to_0p8,B4 Cuk-adapted wavelet-KF,294,0.8,1,0.846894833718233,1.0018230617663
C_1_to_0p8,B4 Cuk-adapted wavelet-KF,295,0.8,1,0.846184305934623,1.00178853408133
C_1_to_0p8,B4 Cuk-adapted wavelet-KF,296,0.8,1,0.845484543723493,1.00175466032979
C_1_to_0p8,B4 Cuk-adapted wavelet-KF,297,0.8,1,0.844795383970106,1.00172142812658
C_1_to_0p8,B4 Cuk-adapted wavelet-KF,298,0.8,1,0.844116666031165,1.00168882532115
C_1_to_0p8,B4 Cuk-adapted wavelet-KF,299,0.8,1,0.84344823169736,1.0016568399931
C_1_to_0p8,B4 Cuk-adapted wavelet-KF,300,0.8,1,0.842789925156491,1.00162546044777
C_1_to_0p8,B4 Cuk-adapted wavelet-KF,301,0.8,1,0.84214159295715,1.00159467521202
C_1_to_0p8,B4 Cuk-adapted wavelet-KF,302,0.8,1,0.841503083972951,1.00156447302997
C_1_to_0p8,B4 Cuk-adapted wavelet-KF,303,0.8,1,0.8408742493673,1.00153484285895
C_1_to_0p8,B4 Cuk-adapted wavelet-KF,304,0.8,1,0.840254942558704,1.00150577386541
C_1_to_0p8,B4 Cuk-adapted wavelet-KF,305,0.8,1,0.839645019186603,1.00147725542099
C_1_to_0p8,B4 Cuk-adapted wavelet-KF,306,0.8,1,0.839044337077715,1.00144927709862
C_1_to_0p8,B4 Cuk-adapted wavelet-KF,307,0.8,1,0.838452756212901,1.00142182866872
C_1_to_0p8,B4 Cuk-adapted wavelet-KF,308,0.8,1,0.837870138694524,1.00139490009545
C_1_to_0p8,B4 Cuk-adapted wavelet-KF,309,0.8,1,0.837296348714304,1.00136848153304
C_1_to_0p8,B4 Cuk-adapted wavelet-KF,310,0.8,1,0.836731252521663,1.00134256332219
C_1_to_0p8,B4 Cuk-adapted wavelet-KF,311,0.8,1,0.836174718392547,1.00131713598654
C_1_to_0p8,B4 Cuk-adapted wavelet-KF,312,0.8,1,0.83562661659872,1.00129219022922
C_1_to_0p8,B4 Cuk-adapted wavelet-KF,313,0.8,1,0.835086819377527,1.00126771692942
C_1_to_0p8,B4 Cuk-adapted wavelet-KF,314,0.8,1,0.83455520090211,1.00124370713909
C_1_to_0p8,B4 Cuk-adapted wavelet-KF,315,0.8,1,0.834031637252079,1.00122015207964
C_1_to_0p8,B4 Cuk-adapted wavelet-KF,316,0.8,1,0.833516006384623,1.00119704313874
C_1_to_0p8,B4 Cuk-adapted wavelet-KF,317,0.8,1,0.833008188106068,1.00117437186717
C_1_to_0p8,B4 Cuk-adapted wavelet-KF,318,0.8,1,0.832508064043855,1.00115212997575
C_1_to_0p8,B4 Cuk-adapted wavelet-KF,319,0.8,1,0.832015517618948,1.00113030933227
C_1_to_0p8,B4 Cuk-adapted wavelet-KF,320,0.8,1,0.831530434018661,1.00110890195855
C_1_to_0p8,B4 Cuk-adapted wavelet-KF,321,0.8,1,0.831052700169893,1.00108790002752
C_1_to_0p8,B4 Cuk-adapted wavelet-KF,322,0.8,1,0.830582204712774,1.00106729586033
C_1_to_0p8,B4 Cuk-adapted wavelet-KF,323,0.8,1,0.830118837974701,1.00104708192358
C_1_to_0p8,B4 Cuk-adapted wavelet-KF,324,0.8,1,0.829662491944781,1.00102725082654
C_1_to_0p8,B4 Cuk-adapted wavelet-KF,325,0.8,1,0.829213060248648,1.00100779531846
C_1_to_0p8,B4 Cuk-adapted wavelet-KF,326,0.8,1,0.828770438123669,1.00098870828592
C_1_to_0p8,B4 Cuk-adapted wavelet-KF,327,0.8,1,0.828334522394522,1.0009699827502
C_1_to_0p8,B4 Cuk-adapted wavelet-KF,328,0.8,1,0.827905211449151,1.00095161186478
C_1_to_0p8,B4 Cuk-adapted wavelet-KF,329,0.8,1,0.827482405215073,1.00093358891279
C_1_to_0p8,B4 Cuk-adapted wavelet-KF,330,0.8,1,0.827066005136057,1.0009159073046
C_1_to_0p8,B4 Cuk-adapted wavelet-KF,331,0.8,1,0.826655914149147,1.00089856057534
C_1_to_0p8,B4 Cuk-adapted wavelet-KF,332,0.8,1,0.826252036662038,1.00088154238263
C_1_to_0p8,B4 Cuk-adapted wavelet-KF,333,0.8,1,0.825854278530795,1.00086484650417
C_1_to_0p8,B4 Cuk-adapted wavelet-KF,334,0.8,1,0.825462547037905,1.00084846683553
C_1_to_0p8,B4 Cuk-adapted wavelet-KF,335,0.8,1,0.825076750870664,1.00083239738789
C_1_to_0p8,B4 Cuk-adapted wavelet-KF,336,0.8,1,0.824696800099896,1.00081663228584
C_1_to_0p8,B4 Cuk-adapted wavelet-KF,337,0.8,1,0.824322606158988,1.00080116576528
C_1_to_0p8,B4 Cuk-adapted wavelet-KF,338,0.8,1,0.823954081823246,1.00078599217124
C_1_to_0p8,B4 Cuk-adapted wavelet-KF,339,0.8,1,0.823591141189561,1.00077110595588
C_1_to_0p8,B4 Cuk-adapted wavelet-KF,340,0.8,1,0.823233699656385,1.00075650167641
C_1_to_0p8,B4 Cuk-adapted wavelet-KF,341,0.8,1,0.822881673904016,1.00074217399314
C_1_to_0p8,B4 Cuk-adapted wavelet-KF,342,0.8,1,0.822534981875167,1.00072811766752
C_1_to_0p8,B4 Cuk-adapted wavelet-KF,343,0.8,1,0.822193542755847,1.00071432756018
C_1_to_0p8,B4 Cuk-adapted wavelet-KF,344,0.8,1,0.821857276956516,1.00070079862911
C_1_to_0p8,B4 Cuk-adapted wavelet-KF,345,0.8,1,0.821526106093538,1.0006875259278
C_1_to_0p8,B4 Cuk-adapted wavelet-KF,346,0.8,1,0.821199952970909,1.00067450460341
C_1_to_0p8,B4 Cuk-adapted wavelet-KF,347,0.8,1,0.820878741562258,1.00066172989501
C_1_to_0p8,B4 Cuk-adapted wavelet-KF,348,0.8,1,0.820562396993133,1.00064919713185
C_1_to_0p8,B4 Cuk-adapted wavelet-KF,349,0.8,1,0.82025084552354,1.00063690173163
C_1_to_0p8,B4 Cuk-adapted wavelet-KF,350,0.8,1,0.819944014530759,1.00062483919883
C_1_to_0p8,B4 Cuk-adapted wavelet-KF,351,0.8,1,0.819641832492415,1.0006130051231
C_1_to_0p8,B4 Cuk-adapted wavelet-KF,352,0.8,1,0.819344228969802,1.00060139517758
C_1_to_0p8,B4 Cuk-adapted wavelet-KF,353,0.8,1,0.819051134591472,1.0005900051174
C_1_to_0p8,B4 Cuk-adapted wavelet-KF,354,0.8,1,0.818762481037056,1.00057883077806
C_1_to_0p8,B4 Cuk-adapted wavelet-KF,355,0.8,1,0.818478201021343,1.00056786807393
C_1_to_0p8,B4 Cuk-adapted wavelet-KF,356,0.8,1,0.818198228278595,1.00055711299677
C_1_to_0p8,B4 Cuk-adapted wavelet-KF,357,0.8,1,0.817922497547101,1.00054656161425
C_1_to_0p8,B4 Cuk-adapted wavelet-KF,358,0.8,1,0.817650944553963,1.00053621006853
C_1_to_0p8,B4 Cuk-adapted wavelet-KF,359,0.8,1,0.817383506000115,1.00052605457481
C_1_to_0p8,B4 Cuk-adapted wavelet-KF,360,0.8,1,0.817120119545568,1.00051609141998
C_1_to_0p8,B4 Cuk-adapted wavelet-KF,361,0.8,1,0.816860723794878,1.00050631696127
C_1_to_0p8,B4 Cuk-adapted wavelet-KF,362,0.8,1,0.816605258282834,1.00049672762488
C_1_to_0p8,B4 Cuk-adapted wavelet-KF,363,0.8,1,0.816353663460367,1.00048731990471
C_1_to_0p8,B4 Cuk-adapted wavelet-KF,364,0.8,1,0.816105880680665,1.00047809036106
C_1_to_0p8,B4 Cuk-adapted wavelet-KF,365,0.8,1,0.815861852185503,1.00046903561938
C_1_to_0p8,B4 Cuk-adapted wavelet-KF,366,0.8,1,0.815621521091783,1.00046015236901
C_1_to_0p8,B4 Cuk-adapted wavelet-KF,367,0.8,1,0.815384831378271,1.00045143736202
C_1_to_0p8,B4 Cuk-adapted wavelet-KF,368,0.8,1,0.81515172787254,1.00044288741198
C_1_to_0p8,B4 Cuk-adapted wavelet-KF,369,0.8,1,0.814922156238108,1.00043449939282
C_1_to_0p8,B4 Cuk-adapted wavelet-KF,370,0.8,1,0.814696062961773,1.00042627023765
C_1_to_0p8,B4 Cuk-adapted wavelet-KF,371,0.8,1,0.81447339534114,1.00041819693769
C_1_to_0p8,B4 Cuk-adapted wavelet-KF,372,0.8,1,0.814254101472335,1.00041027654115
C_1_to_0p8,B4 Cuk-adapted wavelet-KF,373,0.8,1,0.814038130237905,1.00040250615211
C_1_to_0p8,B4 Cuk-adapted wavelet-KF,374,0.8,1,0.813825431294907,1.00039488292953
C_1_to_0p8,B4 Cuk-adapted wavelet-KF,375,0.8,1,0.813615955063166,1.00038740408617
C_1_to_0p8,B4 Cuk-adapted wavelet-KF,376,0.8,1,0.813409652713724,1.00038006688757
C_1_to_0p8,B4 Cuk-adapted wavelet-KF,377,0.8,1,0.813206476157455,1.00037286865106
C_1_to_0p8,B4 Cuk-adapted wavelet-KF,378,0.8,1,0.813006378033857,1.00036580674479
C_1_to_0p8,B4 Cuk-adapted wavelet-KF,379,0.8,1,0.812809311700011,1.00035887858675
C_1_to_0p8,B4 Cuk-adapted wavelet-KF,380,0.8,1,0.812615231219708,1.00035208164382
C_1_to_0p8,B4 Cuk-adapted wavelet-KF,381,0.8,1,0.812424091352743,1.00034541343086
C_1_to_0p8,B4 Cuk-adapted wavelet-KF,382,0.8,1,0.812235847544368,1.00033887150982
C_1_to_0p8,B4 Cuk-adapted wavelet-KF,383,0.8,1,0.812050455914908,1.00033245348881
C_1_to_0p8,B4 Cuk-adapted wavelet-KF,384,0.8,1,0.81186787324953,1.00032615702121
C_1_to_0p8,B4 Cuk-adapted wavelet-KF,385,0.8,1,0.811688056988174,1.0003199798049
C_1_to_0p8,B4 Cuk-adapted wavelet-KF,386,0.8,1,0.811510965215626,1.00031391958133
C_1_to_0p8,B4 Cuk-adapted wavelet-KF,387,0.8,1,0.811336556651753,1.00030797413471
C_1_to_0p8,B4 Cuk-adapted wavelet-KF,388,0.8,1,0.811164790641878,1.00030214129125
C_1_to_0p8,B4 Cuk-adapted wavelet-KF,389,0.8,1,0.810995627147304,1.00029641891831
C_1_to_0p8,B4 Cuk-adapted wavelet-KF,390,0.8,1,0.810829026735981,1.00029080492364
C_1_to_0p8,B4 Cuk-adapted wavelet-KF,391,0.8,1,0.810664950573315,1.00028529725464
C_1_to_0p8,B4 Cuk-adapted wavelet-KF,392,0.8,1,0.810503360413113,1.00027989389754
C_1_to_0p8,B4 Cuk-adapted wavelet-KF,393,0.8,1,0.810344218588672,1.00027459287675
C_1_to_0p8,B4 Cuk-adapted wavelet-KF,394,0.8,1,0.810187488003995,1.00026939225409
C_1_to_0p8,B4 Cuk-adapted wavelet-KF,395,0.8,1,0.810033132125146,1.00026429012806
C_1_to_0p8,B4 Cuk-adapted wavelet-KF,396,0.8,1,0.809881114971735,1.00025928463321
C_1_to_0p8,B4 Cuk-adapted wavelet-KF,397,0.8,1,0.809731401108527,1.0002543739394
C_1_to_0p8,B4 Cuk-adapted wavelet-KF,398,0.8,1,0.809583955637186,1.00024955625116
C_1_to_0p8,B4 Cuk-adapted wavelet-KF,399,0.8,1,0.809438744188138,1.00024482980701
C_1_to_0p8,B4 Cuk-adapted wavelet-KF,400,0.8,1,0.80929573291256,1.00024019287884
C_1_to_0p8,B4 Cuk-adapted wavelet-KF,401,0.8,1,0.809154888474491,1.00023564377129
C_1_to_0p8,B4 Cuk-adapted wavelet-KF,402,0.8,1,0.809016178043059,1.00023118082108
C_1_to_0p8,B4 Cuk-adapted wavelet-KF,403,0.8,1,0.808879569284831,1.00022680239643
C_1_to_0p8,B4 Cuk-adapted wavelet-KF,404,0.8,1,0.808745030356273,1.0002225068965
C_1_to_0p8,B4 Cuk-adapted wavelet-KF,405,0.8,1,0.808612529896329,1.00021829275073
C_1_to_0p8,B4 Cuk-adapted wavelet-KF,406,0.8,1,0.808482037019112,1.00021415841833
C_1_to_0p8,B4 Cuk-adapted wavelet-KF,407,0.8,1,0.808353521306701,1.00021010238768
C_1_to_0p8,B4 Cuk-adapted wavelet-KF,408,0.8,1,0.808226952802054,1.0002061231758
C_1_to_0p8,B4 Cuk-adapted wavelet-KF,409,0.8,1,0.808102302002023,1.00020221932777
C_1_to_0p8,B4 Cuk-adapted wavelet-KF,410,0.8,1,0.807979539850478,1.00019838941626
C_1_to_0p8,B4 Cuk-adapted wavelet-KF,411,0.8,1,0.807858637731531,1.00019463204095
C_1_to_0p8,B4 Cuk-adapted wavelet-KF,412,0.8,1,0.807739567462871,1.00019094582805
C_1_to_0p8,B4 Cuk-adapted wavelet-KF,413,0.8,1,0.807622301289191,1.0001873294298
C_1_to_0p8,B4 Cuk-adapted wavelet-KF,414,0.8,1,0.807506811875719,1.00018378152393
C_1_to_0p8,B4 Cuk-adapted wavelet-KF,415,0.8,1,0.807393072301844,1.00018030081325
C_1_to_0p8,B4 Cuk-adapted wavelet-KF,416,0.8,1,0.807281056054847,1.00017688602512
C_1_to_0p8,B4 Cuk-adapted wavelet-KF,417,0.8,1,0.807170737023713,1.00017353591101
C_1_to_0p8,B4 Cuk-adapted wavelet-KF,418,0.8,1,0.80706208949305,1.00017024924602
C_1_to_0p8,B4 Cuk-adapted wavelet-KF,419,0.8,1,0.806955088137095,1.00016702482849
C_1_to_0p8,B4 Cuk-adapted wavelet-KF,420,0.8,1,0.806849708013806,1.00016386147946
C_1_to_0p8,B4 Cuk-adapted wavelet-KF,421,0.8,1,0.806745924559051,1.00016075804235
C_1_to_0p8,B4 Cuk-adapted wavelet-KF,422,0.8,1,0.806643713580884,1.00015771338246
C_1_to_0p8,B4 Cuk-adapted wavelet-KF,423,0.8,1,0.806543051253901,1.00015472638658
C_1_to_0p8,B4 Cuk-adapted wavelet-KF,424,0.8,1,0.80644391411369,1.00015179596259
C_1_to_0p8,B4 Cuk-adapted wavelet-KF,425,0.8,1,0.806346279051361,1.00014892103906
C_1_to_0p8,B4 Cuk-adapted wavelet-KF,426,0.8,1,0.806250123308159,1.00014610056483
C_1_to_0p8,B4 Cuk-adapted wavelet-KF,427,0.8,1,0.806155424470157,1.00014333350868
C_1_to_0p8,B4 Cuk-adapted wavelet-KF,428,0.8,1,0.806062160463033,1.00014061885889
C_1_to_0p8,B4 Cuk-adapted wavelet-KF,429,0.8,1,0.805970309546926,1.00013795562293
C_1_to_0p8,B4 Cuk-adapted wavelet-KF,430,0.8,1,0.805879850311367,1.00013534282704
C_1_to_0p8,B4 Cuk-adapted wavelet-KF,431,0.8,1,0.805790761670286,1.00013277951592
C_1_to_0p8,B4 Cuk-adapted wavelet-KF,432,0.8,1,0.805703022857099,1.00013026475236
C_1_to_0p8,B4 Cuk-adapted wavelet-KF,433,0.8,1,0.805616613419871,1.0001277976169
C_1_to_0p8,B4 Cuk-adapted wavelet-KF,434,0.8,1,0.805531513216539,1.00012537720749
C_1_to_0p8,B4 Cuk-adapted wavelet-KF,435,0.8,1,0.805447702410228,1.00012300263917
C_1_to_0p8,B4 Cuk-adapted wavelet-KF,436,0.8,1,0.805365161464618,1.00012067304373
C_1_to_0p8,B4 Cuk-adapted wavelet-KF,437,0.8,1,0.805283871139397,1.00011838756942
C_1_to_0p8,B4 Cuk-adapted wavelet-KF,438,0.8,1,0.80520381248577,1.0001161453806
C_1_to_0p8,B4 Cuk-adapted wavelet-KF,439,0.8,1,0.805124966842046,1.00011394565748
C_1_to_0p8,B4 Cuk-adapted wavelet-KF,440,0.8,1,0.805047315829288,1.00011178759579
C_1_to_0p8,B4 Cuk-adapted wavelet-KF,441,0.8,1,0.804970841347026,1.00010967040647
C_1_to_0p8,B4 Cuk-adapted wavelet-KF,442,0.8,1,0.804895525569041,1.00010759331544
C_1_to_0p8,B4 Cuk-adapted wavelet-KF,443,0.8,1,0.804821350939207,1.00010555556326
C_1_to_0p8,B4 Cuk-adapted wavelet-KF,444,0.8,1,0.8047483001674,1.00010355640486
C_1_to_0p8,B4 Cuk-adapted wavelet-KF,445,0.8,1,0.80467635622547,1.00010159510931
C_1_to_0p8,B4 Cuk-adapted wavelet-KF,446,0.8,1,0.804605502343266,1.00009967095952
C_1_to_0p8,B4 Cuk-adapted wavelet-KF,447,0.8,1,0.804535722004732,1.00009778325195
C_1_to_0p8,B4 Cuk-adapted wavelet-KF,448,0.8,1,0.804466998944054,1.00009593129642
C_1_to_0p8,B4 Cuk-adapted wavelet-KF,449,0.8,1,0.804399317141871,1.00009411441581
C_1_to_0p8,B4 Cuk-adapted wavelet-KF,450,0.8,1,0.80433266082154,1.00009233194581
C_1_to_0p8,B4 Cuk-adapted wavelet-KF,451,0.8,1,0.804267014445456,1.00009058323472
C_1_to_0p8,B4 Cuk-adapted wavelet-KF,452,0.8,1,0.804202362711434,1.00008886764315
C_1_to_0p8,B4 Cuk-adapted wavelet-KF,453,0.8,1,0.804138690549139,1.00008718454385
C_1_to_0p8,B4 Cuk-adapted wavelet-KF,454,0.8,1,0.804075983116577,1.00008553332143
C_1_to_0p8,B4 Cuk-adapted wavelet-KF,455,0.8,1,0.804014225796629,1.00008391337216
C_1_to_0p8,B4 Cuk-adapted wavelet-KF,456,0.8,1,0.803953404193649,1.00008232410374
C_1_to_0p8,B4 Cuk-adapted wavelet-KF,457,0.8,1,0.803893504130109,1.00008076493511
C_1_to_0p8,B4 Cuk-adapted wavelet-KF,458,0.8,1,0.803834511643289,1.00007923529619
C_1_to_0p8,B4 Cuk-adapted wavelet-KF,459,0.8,1,0.803776412982027,1.0000777346277
C_1_to_0p8,B4 Cuk-adapted wavelet-KF,460,0.8,1,0.803719194603512,1.00007626238097
C_1_to_0p8,B4 Cuk-adapted wavelet-KF,461,0.8,1,0.803662843170125,1.00007481801769
C_1_to_0p8,B4 Cuk-adapted wavelet-KF,462,0.8,1,0.803607345546335,1.00007340100978
C_1_to_0p8,B4 Cuk-adapted wavelet-KF,463,0.8,1,0.803552688795633,1.00007201083914
C_1_to_0p8,B4 Cuk-adapted wavelet-KF,464,0.8,1,0.803498860177518,1.00007064699749
C_1_to_0p8,B4 Cuk-adapted wavelet-KF,465,0.8,1,0.803445847144525,1.00006930898617
C_1_to_0p8,B4 Cuk-adapted wavelet-KF,466,0.8,1,0.803393637339305,1.00006799631598
C_1_to_0p8,B4 Cuk-adapted wavelet-KF,467,0.8,1,0.80334221859174,1.00006670850696
C_1_to_0p8,B4 Cuk-adapted wavelet-KF,468,0.8,1,0.803291578916107,1.00006544508827
C_1_to_0p8,B4 Cuk-adapted wavelet-KF,469,0.8,1,0.803241706508288,1.00006420559796
C_1_to_0p8,B4 Cuk-adapted wavelet-KF,470,0.8,1,0.80319258974301,1.00006298958285
C_1_to_0p8,B4 Cuk-adapted wavelet-KF,471,0.8,1,0.803144217171147,1.00006179659833
C_1_to_0p8,B4 Cuk-adapted wavelet-KF,472,0.8,1,0.803096577517038,1.00006062620821
C_1_to_0p8,B4 Cuk-adapted wavelet-KF,473,0.8,1,0.803049659675871,1.00005947798457
C_1_to_0p8,B4 Cuk-adapted wavelet-KF,474,0.8,1,0.803003452711085,1.00005835150759
C_1_to_0p8,B4 Cuk-adapted wavelet-KF,475,0.8,1,0.802957945851826,1.0000572463654
C_1_to_0p8,B4 Cuk-adapted wavelet-KF,476,0.8,1,0.802913128490435,1.00005616215393
C_1_to_0p8,B4 Cuk-adapted wavelet-KF,477,0.8,1,0.802868990179974,1.00005509847677
C_1_to_0p8,B4 Cuk-adapted wavelet-KF,478,0.8,1,0.802825520631792,1.00005405494502
C_1_to_0p8,B4 Cuk-adapted wavelet-KF,479,0.8,1,0.802782709713129,1.00005303117712
C_1_to_0p8,B4 Cuk-adapted wavelet-KF,480,0.8,1,0.802740547444748,1.00005202679876
C_1_to_0p8,B4 Cuk-adapted wavelet-KF,481,0.8,1,0.802699023998616,1.00005104144273
C_1_to_0p8,B4 Cuk-adapted wavelet-KF,482,0.8,1,0.802658129695606,1.00005007474874
C_1_to_0p8,B4 Cuk-adapted wavelet-KF,483,0.8,1,0.802617855003249,1.00004912636334
C_1_to_0p8,B4 Cuk-adapted wavelet-KF,484,0.8,1,0.802578190533502,1.0000481959398
C_1_to_0p8,B4 Cuk-adapted wavelet-KF,485,0.8,1,0.802539127040571,1.00004728313791
C_1_to_0p8,B4 Cuk-adapted wavelet-KF,486,0.8,1,0.802500655418744,1.00004638762393
C_1_to_0p8,B4 Cuk-adapted wavelet-KF,487,0.8,1,0.802462766700278,1.00004550907045
C_1_to_0p8,B4 Cuk-adapted wavelet-KF,488,0.8,1,0.802425452053304,1.00004464715623
C_1_to_0p8,B4 Cuk-adapted wavelet-KF,489,0.8,1,0.802388702779769,1.00004380156615
C_1_to_0p8,B4 Cuk-adapted wavelet-KF,490,0.8,1,0.802352510313409,1.00004297199104
C_1_to_0p8,B4 Cuk-adapted wavelet-KF,491,0.8,1,0.802316866217751,1.00004215812757
C_1_to_0p8,B4 Cuk-adapted wavelet-KF,492,0.8,1,0.802281762184149,1.00004135967818
C_1_to_0p8,B4 Cuk-adapted wavelet-KF,493,0.8,1,0.802247190029844,1.00004057635095
C_1_to_0p8,B4 Cuk-adapted wavelet-KF,494,0.8,1,0.802213141696058,1.00003980785945
C_1_to_0p8,B4 Cuk-adapted wavelet-KF,495,0.8,1,0.802179609246118,1.00003905392272
C_1_to_0p8,B4 Cuk-adapted wavelet-KF,496,0.8,1,0.802146584863601,1.00003831426509
C_1_to_0p8,B4 Cuk-adapted wavelet-KF,497,0.8,1,0.802114060850516,1.00003758861613
C_1_to_0p8,B4 Cuk-adapted wavelet-KF,498,0.8,1,0.802082029625508,1.00003687671052
C_1_to_0p8,B4 Cuk-adapted wavelet-KF,499,0.8,1,0.802050483722092,1.00003617828798
C_1_to_0p8,B4 Cuk-adapted wavelet-KF,500,0.8,1,0.802019415786908,1.00003549309313
C_1_to_0p8,B4 Cuk-adapted wavelet-KF,501,0.8,1,0.801988818578016,1.00003482087545
C_1_to_0p8,B4 Cuk-adapted wavelet-KF,502,0.8,1,0.801958684963197,1.00003416138918
C_1_to_0p8,B4 Cuk-adapted wavelet-KF,503,0.8,1,0.8019290079183,1.00003351439317
C_1_to_0p8,B4 Cuk-adapted wavelet-KF,504,0.8,1,0.801899780525599,1.00003287965087
C_1_to_0p8,B4 Cuk-adapted wavelet-KF,505,0.8,1,0.801870995972181,1.00003225693021
C_1_to_0p8,B4 Cuk-adapted wavelet-KF,506,0.8,1,0.80184264754836,1.00003164600351
C_1_to_0p8,B4 Cuk-adapted wavelet-KF,507,0.8,1,0.801814728646112,1.00003104664738
C_1_to_0p8,B4 Cuk-adapted wavelet-KF,508,0.8,1,0.801787232757535,1.00003045864269
C_1_to_0p8,B4 Cuk-adapted wavelet-KF,509,0.8,1,0.80176015347333,1.00002988177446
C_1_to_0p8,B4 Cuk-adapted wavelet-KF,510,0.8,1,0.801733484481309,1.00002931583176
C_1_to_0p8,B4 Cuk-adapted wavelet-KF,511,0.8,1,0.801707219564926,1.00002876060768
C_1_to_0p8,B4 Cuk-adapted wavelet-KF,512,0.8,1,0.801681352601821,1.0000282158992
C_1_to_0p8,B4 Cuk-adapted wavelet-KF,513,0.8,1,0.801655877562399,1.00002768150717
C_1_to_0p8,B4 Cuk-adapted wavelet-KF,514,0.8,1,0.801630788508424,1.0000271572362
C_1_to_0p8,B4 Cuk-adapted wavelet-KF,515,0.8,1,0.801606079591629,1.0000266428946
C_1_to_0p8,B4 Cuk-adapted wavelet-KF,516,0.8,1,0.801581745052362,1.00002613829433
C_1_to_0p8,B4 Cuk-adapted wavelet-KF,517,0.8,1,0.801557779218236,1.00002564325087
C_1_to_0p8,B4 Cuk-adapted wavelet-KF,518,0.8,1,0.801534176502808,1.00002515758324
C_1_to_0p8,B4 Cuk-adapted wavelet-KF,519,0.8,1,0.80151093140428,1.00002468111386
C_1_to_0p8,B4 Cuk-adapted wavelet-KF,520,0.8,1,0.801488038504216,1.00002421366853
C_1_to_0p8,B4 Cuk-adapted wavelet-KF,521,0.8,1,0.801465492466273,1.00002375507632
C_1_to_0p8,B4 Cuk-adapted wavelet-KF,522,0.8,1,0.801443288034966,1.00002330516957
C_1_to_0p8,B4 Cuk-adapted wavelet-KF,523,0.8,1,0.801421420034436,1.00002286378378
C_1_to_0p8,B4 Cuk-adapted wavelet-KF,524,0.8,1,0.801399883367248,1.00002243075758
C_1_to_0p8,B4 Cuk-adapted wavelet-KF,525,0.8,1,0.801378673013198,1.00002200593262
C_1_to_0p8,B4 Cuk-adapted wavelet-KF,526,0.8,1,0.80135778402815,1.00002158915359
C_1_to_0p8,B4 Cuk-adapted wavelet-KF,527,0.8,1,0.801337211542875,1.00002118026811
C_1_to_0p8,B4 Cuk-adapted wavelet-KF,528,0.8,1,0.801316950761922,1.00002077912667
C_1_to_0p8,B4 Cuk-adapted wavelet-KF,529,0.8,1,0.801296996962499,1.0000203855826
C_1_to_0p8,B4 Cuk-adapted wavelet-KF,530,0.8,1,0.80127734549337,1.00001999949202
C_1_to_0p8,B4 Cuk-adapted wavelet-KF,531,0.8,1,0.801257991773774,1.00001962071376
C_1_to_0p8,B4 Cuk-adapted wavelet-KF,532,0.8,1,0.801238931292353,1.00001924910934
C_1_to_0p8,B4 Cuk-adapted wavelet-KF,533,0.8,1,0.801220159606105,1.00001888454287
C_1_to_0p8,B4 Cuk-adapted wavelet-KF,534,0.8,1,0.801201672339346,1.00001852688108
C_1_to_0p8,B4 Cuk-adapted wavelet-KF,535,0.8,1,0.801183465182689,1.00001817599318
C_1_to_0p8,B4 Cuk-adapted wavelet-KF,536,0.8,1,0.801165533892043,1.00001783175088
C_1_to_0p8,B4 Cuk-adapted wavelet-KF,537,0.8,1,0.801147874287618,1.00001749402833
C_1_to_0p8,B4 Cuk-adapted wavelet-KF,538,0.8,1,0.801130482252957,1.00001716270203
C_1_to_0p8,B4 Cuk-adapted wavelet-KF,539,0.8,1,0.801113353733973,1.00001683765086
C_1_to_0p8,B4 Cuk-adapted wavelet-KF,540,0.8,1,0.801096484738003,1.00001651875596
C_1_to_0p8,B4 Cuk-adapted wavelet-KF,541,0.8,1,0.801079871332882,1.00001620590073
C_1_to_0p8,B4 Cuk-adapted wavelet-KF,542,0.8,1,0.80106350964602,1.00001589897079
C_1_to_0p8,B4 Cuk-adapted wavelet-KF,543,0.8,1,0.801047395863505,1.00001559785392
C_1_to_0p8,B4 Cuk-adapted wavelet-KF,544,0.8,1,0.801031526229209,1.00001530244002
C_1_to_0p8,B4 Cuk-adapted wavelet-KF,545,0.8,1,0.801015897043918,1.00001501262108
C_1_to_0p8,B4 Cuk-adapted wavelet-KF,546,0.8,1,0.801000504664465,1.00001472829114
C_1_to_0p8,B4 Cuk-adapted wavelet-KF,547,0.8,1,0.800985345502882,1.00001444934623
C_1_to_0p8,B4 Cuk-adapted wavelet-KF,548,0.8,1,0.800970416025566,1.00001417568437
C_1_to_0p8,B4 Cuk-adapted wavelet-KF,549,0.8,1,0.800955712752451,1.0000139072055
C_1_to_0p8,B4 Cuk-adapted wavelet-KF,550,0.8,1,0.800941232256202,1.00001364381145
C_1_to_0p8,B4 Cuk-adapted wavelet-KF,551,0.8,1,0.800926971161411,1.00001338540593
C_1_to_0p8,B4 Cuk-adapted wavelet-KF,552,0.8,1,0.800912926143814,1.00001313189446
C_1_to_0p8,B4 Cuk-adapted wavelet-KF,553,0.8,1,0.800899093929513,1.00001288318433
C_1_to_0p8,B4 Cuk-adapted wavelet-KF,554,0.8,1,0.800885471294218,1.00001263918463
C_1_to_0p8,B4 Cuk-adapted wavelet-KF,555,0.8,1,0.800872055062487,1.00001239980613
C_1_to_0p8,B4 Cuk-adapted wavelet-KF,556,0.8,1,0.800858842106995,1.00001216496132
C_1_to_0p8,B4 Cuk-adapted wavelet-KF,557,0.8,1,0.800845829347798,1.00001193456433
C_1_to_0p8,B4 Cuk-adapted wavelet-KF,558,0.8,1,0.800833013751619,1.00001170853091
C_1_to_0p8,B4 Cuk-adapted wavelet-KF,559,0.8,1,0.80082039233114,1.00001148677843
C_1_to_0p8,B4 Cuk-adapted wavelet-KF,560,0.8,1,0.800807962144305,1.00001126922581
C_1_to_0p8,B4 Cuk-adapted wavelet-KF,561,0.8,1,0.800795720293633,1.0000110557935
C_1_to_0p8,B4 Cuk-adapted wavelet-KF,562,0.8,1,0.800783663925548,1.00001084640347
C_1_to_0p8,B4 Cuk-adapted wavelet-KF,563,0.8,1,0.800771790229706,1.00001064097917
C_1_to_0p8,B4 Cuk-adapted wavelet-KF,564,0.8,1,0.800760096438347,1.00001043944547
C_1_to_0p8,B4 Cuk-adapted wavelet-KF,565,0.8,1,0.800748579825645,1.0000102417287
C_1_to_0p8,B4 Cuk-adapted wavelet-KF,566,0.8,1,0.800737237707075,1.00001004775657
C_1_to_0p8,B4 Cuk-adapted wavelet-KF,567,0.8,1,0.800726067438786,1.00000985745815
C_1_to_0p8,B4 Cuk-adapted wavelet-KF,568,0.8,1,0.800715066416986,1.00000967076386
C_1_to_0p8,B4 Cuk-adapted wavelet-KF,569,0.8,1,0.800704232077335,1.00000948760546
C_1_to_0p8,B4 Cuk-adapted wavelet-KF,570,0.8,1,0.800693561894345,1.00000930791596
C_1_to_0p8,B4 Cuk-adapted wavelet-KF,571,0.8,1,0.800683053380794,1.00000913162967
C_1_to_0p8,B4 Cuk-adapted wavelet-KF,572,0.8,1,0.800672704087146,1.00000895868214
C_1_to_0p8,B4 Cuk-adapted wavelet-KF,573,0.8,1,0.800662511600977,1.00000878901013
C_1_to_0p8,B4 Cuk-adapted wavelet-KF,574,0.8,1,0.800652473546416,1.0000086225516
C_1_to_0p8,B4 Cuk-adapted wavelet-KF,575,0.8,1,0.800642587583592,1.0000084592457
C_1_to_0p8,B4 Cuk-adapted wavelet-KF,576,0.8,1,0.800632851408083,1.00000829903272
C_1_to_0p8,B4 Cuk-adapted wavelet-KF,577,0.8,1,0.800623262750385,1.00000814185407
C_1_to_0p8,B4 Cuk-adapted wavelet-KF,578,0.8,1,0.800613819375379,1.00000798765228
C_1_to_0p8,B4 Cuk-adapted wavelet-KF,579,0.8,1,0.800604519081813,1.00000783637099
C_1_to_0p8,B4 Cuk-adapted wavelet-KF,580,0.8,1,0.800595359701785,1.00000768795487
C_1_to_0p8,B4 Cuk-adapted wavelet-KF,581,0.8,1,0.800586339100243,1.00000754234967
C_1_to_0p8,B4 Cuk-adapted wavelet-KF,582,0.8,1,0.800577455174482,1.00000739950214
C_1_to_0p8,B4 Cuk-adapted wavelet-KF,583,0.8,1,0.800568705853656,1.00000725936005
C_1_to_0p8,B4 Cuk-adapted wavelet-KF,584,0.8,1,0.800560089098298,1.00000712187217
C_1_to_0p8,B4 Cuk-adapted wavelet-KF,585,0.8,1,0.800551602899839,1.00000698698823
C_1_to_0p8,B4 Cuk-adapted wavelet-KF,586,0.8,1,0.800543245280144,1.00000685465891
C_1_to_0p8,B4 Cuk-adapted wavelet-KF,587,0.8,1,0.800535014291051,1.00000672483582
C_1_to_0p8,B4 Cuk-adapted wavelet-KF,588,0.8,1,0.800526908013914,1.00000659747151
C_1_to_0p8,B4 Cuk-adapted wavelet-KF,589,0.8,1,0.800518924559158,1.00000647251939
C_1_to_0p8,B4 Cuk-adapted wavelet-KF,590,0.8,1,0.800511062065837,1.0000063499338
C_1_to_0p8,B4 Cuk-adapted wavelet-KF,591,0.8,1,0.800503318701203,1.0000062296699
C_1_to_0p8,B4 Cuk-adapted wavelet-KF,592,0.8,1,0.800495692660276,1.00000611168373
C_1_to_0p8,B4 Cuk-adapted wavelet-KF,593,0.8,1,0.800488182165423,1.00000599593214
C_1_to_0p8,B4 Cuk-adapted wavelet-KF,594,0.8,1,0.800480785465947,1.00000588237282
C_1_to_0p8,B4 Cuk-adapted wavelet-KF,595,0.8,1,0.800473500837675,1.00000577096425
C_1_to_0p8,B4 Cuk-adapted wavelet-KF,596,0.8,1,0.800466326582559,1.00000566166568
C_1_to_0p8,B4 Cuk-adapted wavelet-KF,597,0.8,1,0.800459261028278,1.00000555443716
C_1_to_0p8,B4 Cuk-adapted wavelet-KF,598,0.8,1,0.800452302527849,1.00000544923949
C_1_to_0p8,B4 Cuk-adapted wavelet-KF,599,0.8,1,0.800445449459245,1.0000053460342
C_1_to_0p8,TS-SLTVKE,0,1,1,1,1
C_1_to_0p8,TS-SLTVKE,1,1,1,1,1
C_1_to_0p8,TS-SLTVKE,2,1,1,1,1
C_1_to_0p8,TS-SLTVKE,3,1,1,1,1
C_1_to_0p8,TS-SLTVKE,4,1,1,1,1
C_1_to_0p8,TS-SLTVKE,5,1,1,1,1
C_1_to_0p8,TS-SLTVKE,6,1,1,1,1
C_1_to_0p8,TS-SLTVKE,7,1,1,1,1
C_1_to_0p8,TS-SLTVKE,8,1,1,1,1
C_1_to_0p8,TS-SLTVKE,9,1,1,1,1
C_1_to_0p8,TS-SLTVKE,10,1,1,1,1
C_1_to_0p8,TS-SLTVKE,11,1,1,1,1
C_1_to_0p8,TS-SLTVKE,12,1,1,1,1
C_1_to_0p8,TS-SLTVKE,13,1,1,1,1
C_1_to_0p8,TS-SLTVKE,14,1,1,1,1
C_1_to_0p8,TS-SLTVKE,15,1,1,1,1
C_1_to_0p8,TS-SLTVKE,16,1,1,1,1
C_1_to_0p8,TS-SLTVKE,17,1,1,1,1
C_1_to_0p8,TS-SLTVKE,18,1,1,1,1
C_1_to_0p8,TS-SLTVKE,19,1,1,1,1
C_1_to_0p8,TS-SLTVKE,20,1,1,1,1
C_1_to_0p8,TS-SLTVKE,21,1,1,1,1
C_1_to_0p8,TS-SLTVKE,22,1,1,1,1
C_1_to_0p8,TS-SLTVKE,23,1,1,1,1
C_1_to_0p8,TS-SLTVKE,24,1,1,1,1
C_1_to_0p8,TS-SLTVKE,25,1,1,1,1
C_1_to_0p8,TS-SLTVKE,26,1,1,1,1
C_1_to_0p8,TS-SLTVKE,27,1,1,1,1
C_1_to_0p8,TS-SLTVKE,28,1,1,1,1
C_1_to_0p8,TS-SLTVKE,29,1,1,1,1
C_1_to_0p8,TS-SLTVKE,30,1,1,1,1
C_1_to_0p8,TS-SLTVKE,31,1,1,1,1
C_1_to_0p8,TS-SLTVKE,32,1,1,1,1
C_1_to_0p8,TS-SLTVKE,33,1,1,1,1
C_1_to_0p8,TS-SLTVKE,34,1,1,1,1
C_1_to_0p8,TS-SLTVKE,35,1,1,1,1
C_1_to_0p8,TS-SLTVKE,36,1,1,1,1
C_1_to_0p8,TS-SLTVKE,37,1,1,1,1
C_1_to_0p8,TS-SLTVKE,38,1,1,1,1
C_1_to_0p8,TS-SLTVKE,39,1,1,1,1
C_1_to_0p8,TS-SLTVKE,40,1,1,1,1
C_1_to_0p8,TS-SLTVKE,41,1,1,1,1
C_1_to_0p8,TS-SLTVKE,42,1,1,1,1
C_1_to_0p8,TS-SLTVKE,43,1,1,1,1
C_1_to_0p8,TS-SLTVKE,44,1,1,1,1
C_1_to_0p8,TS-SLTVKE,45,1,1,1,1
C_1_to_0p8,TS-SLTVKE,46,1,1,1,1
C_1_to_0p8,TS-SLTVKE,47,1,1,1,1
C_1_to_0p8,TS-SLTVKE,48,1,1,1,1
C_1_to_0p8,TS-SLTVKE,49,1,1,1,1
C_1_to_0p8,TS-SLTVKE,50,1,1,1,1
C_1_to_0p8,TS-SLTVKE,51,1,1,1,1
C_1_to_0p8,TS-SLTVKE,52,1,1,1,1
C_1_to_0p8,TS-SLTVKE,53,1,1,1,1
C_1_to_0p8,TS-SLTVKE,54,1,1,1,1
C_1_to_0p8,TS-SLTVKE,55,1,1,1,1
C_1_to_0p8,TS-SLTVKE,56,1,1,1,1
C_1_to_0p8,TS-SLTVKE,57,1,1,1,1
C_1_to_0p8,TS-SLTVKE,58,1,1,1,1
C_1_to_0p8,TS-SLTVKE,59,1,1,1,1
C_1_to_0p8,TS-SLTVKE,60,1,1,1,1
C_1_to_0p8,TS-SLTVKE,61,1,1,1,1
C_1_to_0p8,TS-SLTVKE,62,1,1,1,1
C_1_to_0p8,TS-SLTVKE,63,1,1,1,1
C_1_to_0p8,TS-SLTVKE,64,1,1,1,1
C_1_to_0p8,TS-SLTVKE,65,1,1,1,1
C_1_to_0p8,TS-SLTVKE,66,1,1,1,1
C_1_to_0p8,TS-SLTVKE,67,1,1,1,1
C_1_to_0p8,TS-SLTVKE,68,1,1,1,1
C_1_to_0p8,TS-SLTVKE,69,1,1,1,1
C_1_to_0p8,TS-SLTVKE,70,1,1,1,1
C_1_to_0p8,TS-SLTVKE,71,1,1,1,1
C_1_to_0p8,TS-SLTVKE,72,1,1,1,1
C_1_to_0p8,TS-SLTVKE,73,1,1,1,1
C_1_to_0p8,TS-SLTVKE,74,1,1,1,1
C_1_to_0p8,TS-SLTVKE,75,1,1,1,1
C_1_to_0p8,TS-SLTVKE,76,1,1,1,1
C_1_to_0p8,TS-SLTVKE,77,1,1,1,1
C_1_to_0p8,TS-SLTVKE,78,1,1,1,1
C_1_to_0p8,TS-SLTVKE,79,1,1,1,1
C_1_to_0p8,TS-SLTVKE,80,1,1,1,1
C_1_to_0p8,TS-SLTVKE,81,1,1,1,1
C_1_to_0p8,TS-SLTVKE,82,1,1,1,1
C_1_to_0p8,TS-SLTVKE,83,1,1,1,1
C_1_to_0p8,TS-SLTVKE,84,1,1,1,1
C_1_to_0p8,TS-SLTVKE,85,1,1,1,1
C_1_to_0p8,TS-SLTVKE,86,1,1,1,1
C_1_to_0p8,TS-SLTVKE,87,1,1,1,1
C_1_to_0p8,TS-SLTVKE,88,1,1,1,1
C_1_to_0p8,TS-SLTVKE,89,1,1,1,1
C_1_to_0p8,TS-SLTVKE,90,1,1,1,1
C_1_to_0p8,TS-SLTVKE,91,1,1,1,1
C_1_to_0p8,TS-SLTVKE,92,1,1,1,1
C_1_to_0p8,TS-SLTVKE,93,1,1,1,1
C_1_to_0p8,TS-SLTVKE,94,1,1,1,1
C_1_to_0p8,TS-SLTVKE,95,1,1,1,1
C_1_to_0p8,TS-SLTVKE,96,1,1,1,1
C_1_to_0p8,TS-SLTVKE,97,1,1,1,1
C_1_to_0p8,TS-SLTVKE,98,1,1,1,1
C_1_to_0p8,TS-SLTVKE,99,1,1,1,1
C_1_to_0p8,TS-SLTVKE,100,1,1,1,1
C_1_to_0p8,TS-SLTVKE,101,1,1,1,1
C_1_to_0p8,TS-SLTVKE,102,1,1,1,1
C_1_to_0p8,TS-SLTVKE,103,1,1,1,1
C_1_to_0p8,TS-SLTVKE,104,1,1,1,1
C_1_to_0p8,TS-SLTVKE,105,1,1,1,1
C_1_to_0p8,TS-SLTVKE,106,1,1,1,1
C_1_to_0p8,TS-SLTVKE,107,1,1,1,1
C_1_to_0p8,TS-SLTVKE,108,1,1,1,1
C_1_to_0p8,TS-SLTVKE,109,1,1,1,1
C_1_to_0p8,TS-SLTVKE,110,1,1,1,1
C_1_to_0p8,TS-SLTVKE,111,1,1,1,1
C_1_to_0p8,TS-SLTVKE,112,1,1,1,1
C_1_to_0p8,TS-SLTVKE,113,1,1,1,1
C_1_to_0p8,TS-SLTVKE,114,1,1,1,1
C_1_to_0p8,TS-SLTVKE,115,1,1,1,1
C_1_to_0p8,TS-SLTVKE,116,1,1,1,1
C_1_to_0p8,TS-SLTVKE,117,1,1,1,1
C_1_to_0p8,TS-SLTVKE,118,1,1,1,1
C_1_to_0p8,TS-SLTVKE,119,1,1,1,1
C_1_to_0p8,TS-SLTVKE,120,1,1,1,1
C_1_to_0p8,TS-SLTVKE,121,1,1,1,1
C_1_to_0p8,TS-SLTVKE,122,1,1,1,1
C_1_to_0p8,TS-SLTVKE,123,1,1,1,1
C_1_to_0p8,TS-SLTVKE,124,1,1,1,1
C_1_to_0p8,TS-SLTVKE,125,1,1,1,1
C_1_to_0p8,TS-SLTVKE,126,1,1,1,1
C_1_to_0p8,TS-SLTVKE,127,1,1,1,1
C_1_to_0p8,TS-SLTVKE,128,1,1,1,1
C_1_to_0p8,TS-SLTVKE,129,1,1,1,1
C_1_to_0p8,TS-SLTVKE,130,1,1,1,1
C_1_to_0p8,TS-SLTVKE,131,1,1,1,1
C_1_to_0p8,TS-SLTVKE,132,1,1,1,1
C_1_to_0p8,TS-SLTVKE,133,1,1,1,1
C_1_to_0p8,TS-SLTVKE,134,1,1,1,1
C_1_to_0p8,TS-SLTVKE,135,1,1,1,1
C_1_to_0p8,TS-SLTVKE,136,1,1,1,1
C_1_to_0p8,TS-SLTVKE,137,1,1,1,1
C_1_to_0p8,TS-SLTVKE,138,1,1,1,1
C_1_to_0p8,TS-SLTVKE,139,1,1,1,1
C_1_to_0p8,TS-SLTVKE,140,1,1,1,1
C_1_to_0p8,TS-SLTVKE,141,1,1,1,1
C_1_to_0p8,TS-SLTVKE,142,1,1,1,1
C_1_to_0p8,TS-SLTVKE,143,1,1,1,1
C_1_to_0p8,TS-SLTVKE,144,1,1,1,1
C_1_to_0p8,TS-SLTVKE,145,1,1,1,1
C_1_to_0p8,TS-SLTVKE,146,1,1,1,1
C_1_to_0p8,TS-SLTVKE,147,1,1,1,1
C_1_to_0p8,TS-SLTVKE,148,1,1,1,1
C_1_to_0p8,TS-SLTVKE,149,1,1,1,1
C_1_to_0p8,TS-SLTVKE,150,1,1,1,1
C_1_to_0p8,TS-SLTVKE,151,1,1,1,1
C_1_to_0p8,TS-SLTVKE,152,1,1,1,1
C_1_to_0p8,TS-SLTVKE,153,1,1,1,1
C_1_to_0p8,TS-SLTVKE,154,1,1,1,1
C_1_to_0p8,TS-SLTVKE,155,1,1,1,1
C_1_to_0p8,TS-SLTVKE,156,1,1,1,1
C_1_to_0p8,TS-SLTVKE,157,1,1,1,1
C_1_to_0p8,TS-SLTVKE,158,1,1,1,1
C_1_to_0p8,TS-SLTVKE,159,1,1,1,1
C_1_to_0p8,TS-SLTVKE,160,1,1,1,1
C_1_to_0p8,TS-SLTVKE,161,1,1,1,1
C_1_to_0p8,TS-SLTVKE,162,1,1,1,1
C_1_to_0p8,TS-SLTVKE,163,1,1,1,1
C_1_to_0p8,TS-SLTVKE,164,1,1,1,1
C_1_to_0p8,TS-SLTVKE,165,1,1,1,1
C_1_to_0p8,TS-SLTVKE,166,1,1,1,1
C_1_to_0p8,TS-SLTVKE,167,1,1,1,1
C_1_to_0p8,TS-SLTVKE,168,1,1,1,1
C_1_to_0p8,TS-SLTVKE,169,1,1,1,1
C_1_to_0p8,TS-SLTVKE,170,1,1,1,1
C_1_to_0p8,TS-SLTVKE,171,1,1,1,1
C_1_to_0p8,TS-SLTVKE,172,1,1,1,1
C_1_to_0p8,TS-SLTVKE,173,1,1,1,1
C_1_to_0p8,TS-SLTVKE,174,1,1,1,1
C_1_to_0p8,TS-SLTVKE,175,1,1,1,1
C_1_to_0p8,TS-SLTVKE,176,1,1,1,1
C_1_to_0p8,TS-SLTVKE,177,1,1,1,1
C_1_to_0p8,TS-SLTVKE,178,1,1,1,1
C_1_to_0p8,TS-SLTVKE,179,1,1,1,1
C_1_to_0p8,TS-SLTVKE,180,1,1,1,1
C_1_to_0p8,TS-SLTVKE,181,1,1,1,1
C_1_to_0p8,TS-SLTVKE,182,1,1,1,1
C_1_to_0p8,TS-SLTVKE,183,1,1,1,1
C_1_to_0p8,TS-SLTVKE,184,1,1,1,1
C_1_to_0p8,TS-SLTVKE,185,1,1,1,1
C_1_to_0p8,TS-SLTVKE,186,1,1,1,1
C_1_to_0p8,TS-SLTVKE,187,1,1,1,1
C_1_to_0p8,TS-SLTVKE,188,1,1,1,1
C_1_to_0p8,TS-SLTVKE,189,1,1,1,1
C_1_to_0p8,TS-SLTVKE,190,1,1,1,1
C_1_to_0p8,TS-SLTVKE,191,1,1,1,1
C_1_to_0p8,TS-SLTVKE,192,1,1,1,1
C_1_to_0p8,TS-SLTVKE,193,1,1,1,1
C_1_to_0p8,TS-SLTVKE,194,1,1,1,1
C_1_to_0p8,TS-SLTVKE,195,1,1,1,1
C_1_to_0p8,TS-SLTVKE,196,1,1,1,1
C_1_to_0p8,TS-SLTVKE,197,1,1,1,1
C_1_to_0p8,TS-SLTVKE,198,1,1,1,1
C_1_to_0p8,TS-SLTVKE,199,1,1,1,1
C_1_to_0p8,TS-SLTVKE,200,0.8,1,0.994736842105263,1.0036
C_1_to_0p8,TS-SLTVKE,201,0.8,1,0.989612188365651,1.00348157894737
C_1_to_0p8,TS-SLTVKE,202,0.8,1,0.984622393934976,1.0033670533241
C_1_to_0p8,TS-SLTVKE,203,0.8,1,0.979763909884055,1.00325629499107
C_1_to_0p8,TS-SLTVKE,204,0.8,1,0.97503328067658,1.00314918002426
C_1_to_0p8,TS-SLTVKE,205,0.8,1,0.970427141711407,1.00304558857609
C_1_to_0p8,TS-SLTVKE,206,0.8,1,0.965942216929528,1.00294540474135
C_1_to_0p8,TS-SLTVKE,207,0.8,1,0.961575316484014,1.00284851642749
C_1_to_0p8,TS-SLTVKE,208,0.8,1,0.957323334471277,1.00275481522922
C_1_to_0p8,TS-SLTVKE,209,0.8,1,0.953183246722033,1.00266419630721
C_1_to_0p8,TS-SLTVKE,210,0.8,1,0.9491521086504,1.00257655827078
C_1_to_0p8,TS-SLTVKE,211,0.8,1,0.9452270531596,1.00249180306451
C_1_to_0p8,TS-SLTVKE,212,0.8,1,0.941405288602769,1.00240983585844
C_1_to_0p8,TS-SLTVKE,213,0.8,1,0.937684096797433,1.00233056494204
C_1_to_0p8,TS-SLTVKE,214,0.8,1,0.934060831092237,1.00225390162158
C_1_to_0p8,TS-SLTVKE,215,0.8,1,0.930532914484547,1.00217976012087
C_1_to_0p8,TS-SLTVKE,216,0.8,1,0.927097837787585,1.00210805748532
C_1_to_0p8,TS-SLTVKE,217,0.8,1,0.923753157845806,1.00203871348909
C_1_to_0p8,TS-SLTVKE,218,0.8,1,0.920496495797232,1.00197165054537
C_1_to_0p8,TS-SLTVKE,219,0.8,1,0.917325535381516,1.00190679361953
C_1_to_0p8,TS-SLTVKE,220,0.8,1,0.914238021292529,1.00184407014521
C_1_to_0p8,TS-SLTVKE,221,0.8,1,0.911231757574304,1.00178340994306
C_1_to_0p8,TS-SLTVKE,222,0.8,1,0.908304606059191,1.0017247451423
C_1_to_0p8,TS-SLTVKE,223,0.8,1,0.905454484847107,1.00166801010473
C_1_to_0p8,TS-SLTVKE,224,0.8,1,0.902679366824815,1.00161314135128
C_1_to_0p8,TS-SLTVKE,225,0.8,1,0.899977278224162,1.00156007749104
C_1_to_0p8,TS-SLTVKE,226,0.8,1,0.897346297218263,1.00150875915252
C_1_to_0p8,TS-SLTVKE,227,0.8,1,0.894784552554624,1.00145912891724
C_1_to_0p8,TS-SLTVKE,228,0.8,1,0.892290222224239,1.00141113125549
C_1_to_0p8,TS-SLTVKE,229,0.8,1,0.889861532165707,1.00136471246419
C_1_to_0p8,TS-SLTVKE,230,0.8,1,0.887496755003451,1.00131982060682
C_1_to_0p8,TS-SLTVKE,231,0.8,1,0.88519420881915,1.00127640545528
C_1_to_0p8,TS-SLTVKE,232,0.8,1,0.882952255955488,1.00123441843372
C_1_to_0p8,TS-SLTVKE,233,0.8,1,0.880769301851396,1.00119381256419
C_1_to_0p8,TS-SLTVKE,234,0.8,1,0.878643793907939,1.00115454241405
C_1_to_0p8,TS-SLTVKE,235,0.8,1,0.876574220384046,1.00111656404517
C_1_to_0p8,TS-SLTVKE,236,0.8,1,0.874559109321308,1.00107983496474
C_1_to_0p8,TS-SLTVKE,237,0.8,1,0.872597027497063,1.00104431407774
C_1_to_0p8,TS-SLTVKE,238,0.8,1,0.870686579405035,1.00100996164097
C_1_to_0p8,TS-SLTVKE,239,0.8,1,0.868826406262797,1.00097673921857
C_1_to_0p8,TS-SLTVKE,240,0.8,1,0.867015185045355,1.00094460963901
C_1_to_0p8,TS-SLTVKE,241,0.8,1,0.865251627544161,1.00091353695352
C_1_to_0p8,TS-SLTVKE,242,0.8,1,0.863534479450894,1.00088348639584
C_1_to_0p8,TS-SLTVKE,243,0.8,1,0.861862519465344,1.00085442434334
C_1_to_0p8,TS-SLTVKE,244,0.8,1,0.860234558426782,1.00082631827942
C_1_to_0p8,TS-SLTVKE,245,0.8,1,0.858649438468183,1.00079913675707
C_1_to_0p8,TS-SLTVKE,246,0.8,1,0.857106032192704,1.00077284936374
C_1_to_0p8,TS-SLTVKE,247,0.8,1,0.855603241871844,1.0007474266873
C_1_to_0p8,TS-SLTVKE,248,0.8,1,0.85413999866469,1.00072284028312
C_1_to_0p8,TS-SLTVKE,249,0.8,1,0.852715261857725,1.00069906264222
C_1_to_0p8,TS-SLTVKE,250,0.8,1,0.851328018124626,1.00067606716057
C_1_to_0p8,TS-SLTVKE,251,0.8,1,0.849977280805557,1.00065382810924
C_1_to_0p8,TS-SLTVKE,252,0.8,1,0.848662089205411,1.00063232060564
C_1_to_0p8,TS-SLTVKE,253,0.8,1,0.847381507910532,1.00061152058572
C_1_to_0p8,TS-SLTVKE,254,0.8,1,0.846134626123413,1.00059140477698
C_1_to_0p8,TS-SLTVKE,255,0.8,1,0.844920557014902,1.00057195067248
C_1_to_0p8,TS-SLTVKE,256,0.8,1,0.843738437093457,1.00055313650562
C_1_to_0p8,TS-SLTVKE,257,0.8,1,0.842587425590997,1.00053494122583
C_1_to_0p8,TS-SLTVKE,258,0.8,1,0.841466703864919,1.00051734447498
C_1_to_0p8,TS-SLTVKE,259,0.8,1,0.840375474815842,1.00050032656462
C_1_to_0p8,TS-SLTVKE,260,0.8,1,0.839312962320688,1.00048386845394
C_1_to_0p8,TS-SLTVKE,261,0.8,1,0.83827841068067,1.00046795172848
C_1_to_0p8,TS-SLTVKE,262,0.8,1,0.83727108408381,1.00045255857952
C_1_to_0p8,TS-SLTVKE,263,0.8,1,0.836290266081605,1.00043767178414
C_1_to_0p8,TS-SLTVKE,264,0.8,1,0.835335259079457,1.00042327468598
C_1_to_0p8,TS-SLTVKE,265,0.8,1,0.834405383840524,1.00040935117657
C_1_to_0p8,TS-SLTVKE,266,0.8,1,0.833499979002616,1.00039588567734
C_1_to_0p8,TS-SLTVKE,267,0.8,1,0.83261840060781,1.00038286312216
C_1_to_0p8,TS-SLTVKE,268,0.8,1,0.831760021644447,1.00037026894051
C_1_to_0p8,TS-SLTVKE,269,0.8,1,0.830924231601172,1.00035808904115
C_1_to_0p8,TS-SLTVKE,270,0.8,1,0.83011043603272,1.00034630979638
C_1_to_0p8,TS-SLTVKE,271,0.8,1,0.829318056137122,1.00033491802676
C_1_to_0p8,TS-SLTVKE,272,0.8,1,0.82854652834404,1.00032390098641
C_1_to_0p8,TS-SLTVKE,273,0.8,1,0.827795303913933,1.0003132463487
C_1_to_0p8,TS-SLTVKE,274,0.8,1,0.827063848547777,1.00030294219249
C_1_to_0p8,TS-SLTVKE,275,0.8,1,0.826351642007046,1.00029297698879
C_1_to_0p8,TS-SLTVKE,276,0.8,1,0.825658177743703,1.00028333958784
C_1_to_0p8,TS-SLTVKE,277,0.8,1,0.824982962539921,1.00027401920666
C_1_to_0p8,TS-SLTVKE,278,0.8,1,0.824325516157292,1.00026500541697
C_1_to_0p8,TS-SLTVKE,279,0.8,1,0.823685370995258,1.00025628813352
C_1_to_0p8,TS-SLTVKE,280,0.8,1,0.82306207175854,1.00024785760281
C_1_to_0p8,TS-SLTVKE,281,0.8,1,0.822455175133316,1.00023970439219
C_1_to_0p8,TS-SLTVKE,282,0.8,1,0.821864249471913,1.00023181937929
C_1_to_0p8,TS-SLTVKE,283,0.8,1,0.82128887448581,1.00022419374181
C_1_to_0p8,TS-SLTVKE,284,0.8,1,0.820728640946709,1.00021681894767
C_1_to_0p8,TS-SLTVKE,285,0.8,1,0.82018315039548,1.00020968674545
C_1_to_0p8,TS-SLTVKE,286,0.8,1,0.819652014858757,1.00020278915514
C_1_to_0p8,TS-SLTVKE,287,0.8,1,0.819134856573,1.00019611845924
C_1_to_0p8,TS-SLTVKE,288,0.8,1,0.818631307715816,1.00018966719414
C_1_to_0p8,TS-SLTVKE,289,0.8,1,0.818141010144347,1.0001834281417
C_1_to_0p8,TS-SLTVKE,290,0.8,1,0.817663615140549,1.00017739432125
C_1_to_0p8,TS-SLTVKE,291,0.8,1,0.817198783163166,1.00017155898173
C_1_to_0p8,TS-SLTVKE,292,0.8,1,0.81674618360624,1.00016591559418
C_1_to_0p8,TS-SLTVKE,293,0.8,1,0.816305494563971,1.00016045784437
C_1_to_0p8,TS-SLTVKE,294,0.8,1,0.815876402601761,1.0001551796258
C_1_to_0p8,TS-SLTVKE,295,0.8,1,0.815458602533294,1.00015007503285
C_1_to_0p8,TS-SLTVKE,296,0.8,1,0.81505179720347,1.00014513835414
C_1_to_0p8,TS-SLTVKE,297,0.8,1,0.814655697277063,1.00014036406617
C_1_to_0p8,TS-SLTVKE,298,0.8,1,0.81427002103293,1.00013574682715
C_1_to_0p8,TS-SLTVKE,299,0.8,1,0.813894494163642,1.000131281471
C_1_to_0p8,TS-SLTVKE,300,0.8,1,0.813528849580389,1.00012696300156
C_1_to_0p8,TS-SLTVKE,301,0.8,1,0.81317282722301,1.00012278658703
C_1_to_0p8,TS-SLTVKE,302,0.8,1,0.812826173875036,1.00011874755456
C_1_to_0p8,TS-SLTVKE,303,0.8,1,0.812488642983588,1.00011484138501
C_1_to_0p8,TS-SLTVKE,304,0.8,1,0.81215999448402,1.00011106370787
C_1_to_0p8,TS-SLTVKE,305,0.8,1,0.811839994629177,1.00010741029642
C_1_to_0p8,TS-SLTVKE,306,0.8,1,0.811528415823146,1.00010387706299
C_1_to_0p8,TS-SLTVKE,307,0.8,1,0.811225036459379,1.00010046005434
C_1_to_0p8,TS-SLTVKE,308,0.8,1,0.81092964076308,1.00009715544729
C_1_to_0p8,TS-SLTVKE,309,0.8,1,0.810642018637735,1.00009395954442
C_1_to_0p8,TS-SLTVKE,310,0.8,1,0.81036196551569,1.00009086876993
C_1_to_0p8,TS-SLTVKE,311,0.8,1,0.810089282212645,1.00008787966566
C_1_to_0p8,TS-SLTVKE,312,0.8,1,0.809823774785997,1.00008498888718
C_1_to_0p8,TS-SLTVKE,313,0.8,1,0.809565254396892,1.0000821932001
C_1_to_0p8,TS-SLTVKE,314,0.8,1,0.809313537175921,1.00007948947641
C_1_to_0p8,TS-SLTVKE,315,0.8,1,0.809068444092344,1.00007687469101
C_1_to_0p8,TS-SLTVKE,316,0.8,1,0.808829800826756,1.00007434591827
C_1_to_0p8,TS-SLTVKE,317,0.8,1,0.808597437647104,1.00007190032886
C_1_to_0p8,TS-SLTVKE,318,0.8,1,0.80837118928797,1.00006953518646
C_1_to_0p8,TS-SLTVKE,319,0.8,1,0.808150894833024,1.0000672478448
C_1_to_0p8,TS-SLTVKE,320,0.8,1,0.807936397600576,1.00006503574464
C_1_to_0p8,TS-SLTVKE,321,0.8,1,0.807727545032139,1.00006289641094
C_1_to_0p8,TS-SLTVKE,322,0.8,1,0.807524188583925,1.00006082745005
C_1_to_0p8,TS-SLTVKE,323,0.8,1,0.80732618362119,1.00005882654709
C_1_to_0p8,TS-SLTVKE,324,0.8,1,0.807133389315369,1.0000568914633
C_1_to_0p8,TS-SLTVKE,325,0.8,1,0.806945668543912,1.00005502003359
C_1_to_0p8,TS-SLTVKE,326,0.8,1,0.806762887792757,1.00005321016406
C_1_to_0p8,TS-SLTVKE,327,0.8,1,0.806584917061368,1.00005145982972
C_1_to_0p8,TS-SLTVKE,328,0.8,1,0.80641162977028,1.00004976707216
C_1_to_0p8,TS-SLTVKE,329,0.8,1,0.806242902671062,1.00004812999742
C_1_to_0p8,TS-SLTVKE,330,0.8,1,0.806078615758665,1.00004654677382
C_1_to_0p8,TS-SLTVKE,331,0.8,1,0.805918652186069,1.00004501562995
C_1_to_0p8,TS-SLTVKE,332,0.8,1,0.805762898181172,1.00004353485265
C_1_to_0p8,TS-SLTVKE,333,0.8,1,0.805611242965878,1.00004210278512
C_1_to_0p8,TS-SLTVKE,334,0.8,1,0.805463578677303,1.00004071782509
C_1_to_0p8,TS-SLTVKE,335,0.8,1,0.805319800291058,1.00003937842295
C_1_to_0p8,TS-SLTVKE,336,0.8,1,0.805179805546556,1.00003808308009
C_1_to_0p8,TS-SLTVKE,337,0.8,1,0.805043494874279,1.00003683034719
C_1_to_0p8,TS-SLTVKE,338,0.8,1,0.804910771324955,1.00003561882261
C_1_to_0p8,TS-SLTVKE,339,0.8,1,0.804781540500614,1.00003444715081
C_1_to_0p8,TS-SLTVKE,340,0.8,1,0.80465571048744,1.00003331402085
C_1_to_0p8,TS-SLTVKE,341,0.8,1,0.804533191790403,1.0000322181649
C_1_to_0p8,TS-SLTVKE,342,0.8,1,0.804413897269602,1.00003115835685
C_1_to_0p8,TS-SLTVKE,343,0.8,1,0.804297742078297,1.0000301334109
C_1_to_0p8,TS-SLTVKE,344,0.8,1,0.804184643602552,1.00002914218028
C_1_to_0p8,TS-SLTVKE,345,0.8,1,0.804074521402485,1.00002818355593
C_1_to_0p8,TS-SLTVKE,346,0.8,1,0.803967297155051,1.00002725646527
C_1_to_0p8,TS-SLTVKE,347,0.8,1,0.80386289459834,1.00002635987102
C_1_to_0p8,TS-SLTVKE,348,0.8,1,0.803761239477331,1.00002549277
C_1_to_0p8,TS-SLTVKE,349,0.8,1,0.803662259491085,1.00002465419204
C_1_to_0p8,TS-SLTVKE,350,0.8,1,0.80356588424132,1.00002384319888
C_1_to_0p8,TS-SLTVKE,351,0.8,1,0.803472045182338,1.00002305888313
C_1_to_0p8,TS-SLTVKE,352,0.8,1,0.803380675572276,1.00002230036723
C_1_to_0p8,TS-SLTVKE,353,0.8,1,0.803291710425637,1.00002156680252
C_1_to_0p8,TS-SLTVKE,354,0.8,1,0.803205086467068,1.00002085736823
C_1_to_0p8,TS-SLTVKE,355,0.8,1,0.803120742086356,1.00002017127059
C_1_to_0p8,TS-SLTVKE,356,0.8,1,0.803038617294609,1.00001950774195
C_1_to_0p8,TS-SLTVKE,357,0.8,1,0.802958653681593,1.00001886603991
C_1_to_0p8,TS-SLTVKE,358,0.8,1,0.802880794374183,1.00001824544649
C_1_to_0p8,TS-SLTVKE,359,0.8,1,0.802804983995915,1.00001764526733
C_1_to_0p8,TS-SLTVKE,360,0.8,1,0.802731168627602,1.00001706483091
C_1_to_0p8,TS-SLTVKE,361,0.8,1,0.802659295768981,1.00001650348779
C_1_to_0p8,TS-SLTVKE,362,0.8,1,0.802589314301376,1.0000159606099
C_1_to_0p8,TS-SLTVKE,363,0.8,1,0.80252117445134,1.00001543558984
C_1_to_0p8,TS-SLTVKE,364,0.8,1,0.802454827755252,1.00001492784017
C_1_to_0p8,TS-SLTVKE,365,0.8,1,0.80239022702485,1.0000144367928
C_1_to_0p8,TS-SLTVKE,366,0.8,1,0.80232732631367,1.0000139618983
C_1_to_0p8,TS-SLTVKE,367,0.8,1,0.802266080884363,1.00001350262533
C_1_to_0p8,TS-SLTVKE,368,0.8,1,0.80220644717688,1.00001305846002
C_1_to_0p8,TS-SLTVKE,369,0.8,1,0.802148382777488,1.00001262890541
C_1_to_0p8,TS-SLTVKE,370,0.8,1,0.802091846388607,1.00001221348089
C_1_to_0p8,TS-SLTVKE,371,0.8,1,0.802036797799433,1.00001181172165
C_1_to_0p8,TS-SLTVKE,372,0.8,1,0.801983197857343,1.00001142317818
C_1_to_0p8,TS-SLTVKE,373,0.8,1,0.801931008440044,1.00001104741574
C_1_to_0p8,TS-SLTVKE,374,0.8,1,0.801880192428464,1.0000106840139
C_1_to_0p8,TS-SLTVKE,375,0.8,1,0.801830713680347,1.00001033256608
C_1_to_0p8,TS-SLTVKE,376,0.8,1,0.801782537004548,1.00000999267904
C_1_to_0p8,TS-SLTVKE,377,0.8,1,0.801735628136008,1.00000966397249
C_1_to_0p8,TS-SLTVKE,378,0.8,1,0.801689953711376,1.00000934607866
C_1_to_0p8,TS-SLTVKE,379,0.8,1,0.801645481245287,1.00000903864186
C_1_to_0p8,TS-SLTVKE,380,0.8,1,0.801602179107253,1.00000874131811
C_1_to_0p8,TS-SLTVKE,381,0.8,1,0.801560016499167,1.00000845377475
C_1_to_0p8,TS-SLTVKE,382,0.8,1,0.8015189634334,1.00000817569006
C_1_to_0p8,TS-SLTVKE,383,0.8,1,0.801478990711468,1.00000790675289
C_1_to_0p8,TS-SLTVKE,384,0.8,1,0.801440069903272,1.00000764666233
C_1_to_0p8,TS-SLTVKE,385,0.8,1,0.80140217332687,1.00000739512739
C_1_to_0p8,TS-SLTVKE,386,0.8,1,0.801365274028794,1.00000715186662
C_1_to_0p8,TS-SLTVKE,387,0.8,1,0.801329345764879,1.00000691660785
C_1_to_0p8,TS-SLTVKE,388,0.8,1,0.801294362981593,1.00000668908785
C_1_to_0p8,TS-SLTVKE,389,0.8,1,0.801260300797866,1.00000646905207
C_1_to_0p8,TS-SLTVKE,390,0.8,1,0.801227134987396,1.0000062562543
C_1_to_0p8,TS-SLTVKE,391,0.8,1,0.801194841961412,1.00000605045646
C_1_to_0p8,TS-SLTVKE,392,0.8,1,0.801163398751901,1.00000585142829
C_1_to_0p8,TS-SLTVKE,393,0.8,1,0.801132782995272,1.0000056589471
C_1_to_0p8,TS-SLTVKE,394,0.8,1,0.801102972916449,1.00000547279752
C_1_to_0p8,TS-SLTVKE,395,0.8,1,0.801073947313385,1.00000529277129
C_1_to_0p8,TS-SLTVKE,396,0.8,1,0.80104568554198,1.00000511866697
C_1_to_0p8,TS-SLTVKE,397,0.8,1,0.801018167501401,1.00000495028976
C_1_to_0p8,TS-SLTVKE,398,0.8,1,0.800991373619786,1.00000478745129
C_1_to_0p8,TS-SLTVKE,399,0.8,1,0.800965284840317,1.00000462996934
C_1_to_0p8,TS-SLTVKE,400,0.8,1,0.800939882607678,1.00000447766771
C_1_to_0p8,TS-SLTVKE,401,0.8,1,0.800915148854844,1.00000433037601
C_1_to_0p8,TS-SLTVKE,402,0.8,1,0.800891065990243,1.00000418792943
C_1_to_0p8,TS-SLTVKE,403,0.8,1,0.800867616885236,1.0000040501686
C_1_to_0p8,TS-SLTVKE,404,0.8,1,0.800844784861941,1.00000391693937
C_1_to_0p8,TS-SLTVKE,405,0.8,1,0.800822553681363,1.00000378809268
C_1_to_0p8,TS-SLTVKE,406,0.8,1,0.800800907531854,1.00000366348436
C_1_to_0p8,TS-SLTVKE,407,0.8,1,0.800779831017857,1.00000354297501
C_1_to_0p8,TS-SLTVKE,408,0.8,1,0.800759309148966,1.00000342642978
C_1_to_0p8,TS-SLTVKE,409,0.8,1,0.800739327329257,1.00000331371827
C_1_to_0p8,TS-SLTVKE,410,0.8,1,0.800719871346908,1.00000320471438
C_1_to_0p8,TS-SLTVKE,411,0.8,1,0.800700927364095,1.00000309929615
C_1_to_0p8,TS-SLTVKE,412,0.8,1,0.800682481907145,1.00000299734562
C_1_to_0p8,TS-SLTVKE,413,0.8,1,0.800664521856957,1.00000289874872
C_1_to_0p8,TS-SLTVKE,414,0.8,1,0.800647034439668,1.00000280339514
C_1_to_0p8,TS-SLTVKE,415,0.8,1,0.800630007217572,1.0000027111782
C_1_to_0p8,TS-SLTVKE,416,0.8,1,0.800613428080267,1.0000026219947
C_1_to_0p8,TS-SLTVKE,417,0.8,1,0.80059728523605,1.00000253574488
C_1_to_0p8,TS-SLTVKE,418,0.8,1,0.800581567203522,1.00000245233222
C_1_to_0p8,TS-SLTVKE,419,0.8,1,0.800566262803429,1.0000023716634
C_1_to_0p8,TS-SLTVKE,420,0.8,1,0.800551361150708,1.00000229364815
C_1_to_0p8,TS-SLTVKE,421,0.8,1,0.800536851646742,1.0000022181992
C_1_to_0p8,TS-SLTVKE,422,0.8,1,0.800522723971827,1.00000214523212
C_1_to_0p8,TS-SLTVKE,423,0.8,1,0.800508968077832,1.00000207466527
C_1_to_0p8,TS-SLTVKE,424,0.8,1,0.800495574181047,1.00000200641971
C_1_to_0p8,TS-SLTVKE,425,0.8,1,0.80048253275523,1.00000194041906
C_1_to_0p8,TS-SLTVKE,426,0.8,1,0.800469834524829,1.00000187658948
C_1_to_0p8,TS-SLTVKE,427,0.8,1,0.800457470458386,1.00000181485957
C_1_to_0p8,TS-SLTVKE,428,0.8,1,0.800445431762113,1.00000175516024
C_1_to_0p8,TS-SLTVKE,429,0.8,1,0.800433709873636,1.0000016974247
C_1_to_0p8,TS-SLTVKE,430,0.8,1,0.800422296455909,1.00000164158837
C_1_to_0p8,TS-SLTVKE,431,0.8,1,0.80041118339128,1.00000158758875
C_1_to_0p8,TS-SLTVKE,432,0.8,1,0.80040036277572,1.00000153536543
C_1_to_0p8,TS-SLTVKE,433,0.8,1,0.800389826913201,1.00000148485999
C_1_to_0p8,TS-SLTVKE,434,0.8,1,0.800379568310222,1.00000143601591
C_1_to_0p8,TS-SLTVKE,435,0.8,1,0.800369579670479,1.00000138877855
C_1_to_0p8,TS-SLTVKE,436,0.8,1,0.800359853889677,1.00000134309504
C_1_to_0p8,TS-SLTVKE,437,0.8,1,0.800350384050475,1.00000129891429
C_1_to_0p8,TS-SLTVKE,438,0.8,1,0.800341163417568,1.00000125618684
C_1_to_0p8,TS-SLTVKE,439,0.8,1,0.800332185432895,1.00000121486491
C_1_to_0p8,TS-SLTVKE,440,0.8,1,0.800323443710977,1.00000117490224
C_1_to_0p8,TS-SLTVKE,441,0.8,1,0.800314932034372,1.00000113625414
C_1_to_0p8,TS-SLTVKE,442,0.8,1,0.800306644349257,1.00000109887736
C_1_to_0p8,TS-SLTVKE,443,0.8,1,0.800298574761119,1.00000106273008
C_1_to_0p8,TS-SLTVKE,444,0.8,1,0.800290717530563,1.00000102777186
C_1_to_0p8,TS-SLTVKE,445,0.8,1,0.800283067069232,1.00000099396357
C_1_to_0p8,TS-SLTVKE,446,0.8,1,0.800275617935831,1.0000009612674
C_1_to_0p8,TS-SLTVKE,447,0.8,1,0.800268364832257,1.00000092964676
C_1_to_0p8,TS-SLTVKE,448,0.8,1,0.800261302599829,1.00000089906628
C_1_to_0p8,TS-SLTVKE,449,0.8,1,0.800254426215623,1.00000086949173
C_1_to_0p8,TS-SLTVKE,450,0.8,1,0.800247730788896,1.00000084089003
C_1_to_0p8,TS-SLTVKE,451,0.8,1,0.800241211557609,1.00000081322917
C_1_to_0p8,TS-SLTVKE,452,0.8,1,0.800234863885041,1.00000078647821
C_1_to_0p8,TS-SLTVKE,453,0.8,1,0.800228683256487,1.00000076060722
C_1_to_0p8,TS-SLTVKE,454,0.8,1,0.800222665276053,1.00000073558724
C_1_to_0p8,TS-SLTVKE,455,0.8,1,0.800216805663525,1.00000071139029
C_1_to_0p8,TS-SLTVKE,456,0.8,1,0.800211100251327,1.0000006879893
C_1_to_0p8,TS-SLTVKE,457,0.8,1,0.800205544981556,1.00000066535807
C_1_to_0p8,TS-SLTVKE,458,0.8,1,0.800200135903094,1.00000064347129
C_1_to_0p8,TS-SLTVKE,459,0.8,1,0.800194869168802,1.00000062230447
C_1_to_0p8,TS-SLTVKE,460,0.8,1,0.800189741032781,1.00000060183393
C_1_to_0p8,TS-SLTVKE,461,0.8,1,0.800184747847707,1.00000058203676
C_1_to_0p8,TS-SLTVKE,462,0.8,1,0.800179886062241,1.00000056289082
C_1_to_0p8,TS-SLTVKE,463,0.8,1,0.800175152218498,1.00000054437467
C_1_to_0p8,TS-SLTVKE,464,0.8,1,0.80017054294959,1.00000052646761
C_1_to_0p8,TS-SLTVKE,465,0.8,1,0.800166054977233,1.0000005091496
C_1_to_0p8,TS-SLTVKE,466,0.8,1,0.800161685109411,1.00000049240125
C_1_to_0p8,TS-SLTVKE,467,0.8,1,0.80015743023811,1.00000047620384
C_1_to_0p8,TS-SLTVKE,468,0.8,1,0.800153287337108,1.00000046053924
C_1_to_0p8,TS-SLTVKE,469,0.8,1,0.800149253459815,1.00000044538993
C_1_to_0p8,TS-SLTVKE,470,0.8,1,0.800145325737189,1.00000043073894
C_1_to_0p8,TS-SLTVKE,471,0.8,1,0.800141501375684,1.0000004165699
C_1_to_0p8,TS-SLTVKE,472,0.8,1,0.800137777655271,1.00000040286694
C_1_to_0p8,TS-SLTVKE,473,0.8,1,0.800134151927501,1.00000038961474
C_1_to_0p8,TS-SLTVKE,474,0.8,1,0.800130621613619,1.00000037679847
C_1_to_0p8,TS-SLTVKE,475,0.8,1,0.800127184202734,1.00000036440378
C_1_to_0p8,TS-SLTVKE,476,0.8,1,0.800123837250031,1.00000035241681
C_1_to_0p8,TS-SLTVKE,477,0.8,1,0.80012057837503,1.00000034082415
C_1_to_0p8,TS-SLTVKE,478,0.8,1,0.800117405259898,1.00000032961283
C_1_to_0p8,TS-SLTVKE,479,0.8,1,0.800114315647795,1.00000031877031
C_1_to_0p8,TS-SLTVKE,480,0.8,1,0.800111307341274,1.00000030828444
C_1_to_0p8,TS-SLTVKE,481,0.8,1,0.800108378200714,1.0000002981435
C_1_to_0p8,TS-SLTVKE,482,0.8,1,0.800105526142801,1.00000028833615
C_1_to_0p8,TS-SLTVKE,483,0.8,1,0.800102749139043,1.00000027885141
C_1_to_0p8,TS-SLTVKE,484,0.8,1,0.800100045214331,1.00000026967867
C_1_to_0p8,TS-SLTVKE,485,0.8,1,0.800097412445533,1.00000026080766
C_1_to_0p8,TS-SLTVKE,486,0.8,1,0.800094848960124,1.00000025222846
C_1_to_0p8,TS-SLTVKE,487,0.8,1,0.800092352934858,1.00000024393147
C_1_to_0p8,TS-SLTVKE,488,0.8,1,0.800089922594467,1.00000023590741
C_1_to_0p8,TS-SLTVKE,489,0.8,1,0.800087556210402,1.0000002281473
C_1_to_0p8,TS-SLTVKE,490,0.8,1,0.800085252099602,1.00000022064245
C_1_to_0p8,TS-SLTVKE,491,0.8,1,0.800083008623297,1.00000021338448
C_1_to_0p8,TS-SLTVKE,492,0.8,1,0.800080824185841,1.00000020636525
C_1_to_0p8,TS-SLTVKE,493,0.8,1,0.800078697233582,1.00000019957692
C_1_to_0p8,TS-SLTVKE,494,0.8,1,0.800076626253751,1.00000019301189
C_1_to_0p8,TS-SLTVKE,495,0.8,1,0.800074609773389,1.00000018666281
C_1_to_0p8,TS-SLTVKE,496,0.8,1,0.8000726463583,1.00000018052259
C_1_to_0p8,TS-SLTVKE,497,0.8,1,0.800070734612029,1.00000017458435
C_1_to_0p8,TS-SLTVKE,498,0.8,1,0.800068873174871,1.00000016884144
C_1_to_0p8,TS-SLTVKE,499,0.8,1,0.8000670607229,1.00000016328745
C_1_to_0p8,TS-SLTVKE,500,0.8,1,0.800065295967034,1.00000015791615
C_1_to_0p8,TS-SLTVKE,501,0.8,1,0.800063577652113,1.00000015272154
C_1_to_0p8,TS-SLTVKE,502,0.8,1,0.800061904556004,1.0000001476978
C_1_to_0p8,TS-SLTVKE,503,0.8,1,0.800060275488741,1.00000014283932
C_1_to_0p8,TS-SLTVKE,504,0.8,1,0.800058689291669,1.00000013814066
C_1_to_0p8,TS-SLTVKE,505,0.8,1,0.800057144836625,1.00000013359656
C_1_to_0p8,TS-SLTVKE,506,0.8,1,0.800055641025135,1.00000012920194
C_1_to_0p8,TS-SLTVKE,507,0.8,1,0.800054176787631,1.00000012495187
C_1_to_0p8,TS-SLTVKE,508,0.8,1,0.800052751082694,1.00000012084161
C_1_to_0p8,TS-SLTVKE,509,0.8,1,0.800051362896307,1.00000011686656
C_1_to_0p8,TS-SLTVKE,510,0.8,1,0.800050011241141,1.00000011302227
C_1_to_0p8,TS-SLTVKE,511,0.8,1,0.800048695155848,1.00000010930443
C_1_to_0p8,TS-SLTVKE,512,0.8,1,0.800047413704378,1.00000010570889
C_1_to_0p8,TS-SLTVKE,513,0.8,1,0.800046165975315,1.00000010223162
C_1_to_0p8,TS-SLTVKE,514,0.8,1,0.800044951081228,1.00000009886874
C_1_to_0p8,TS-SLTVKE,515,0.8,1,0.800043768158038,1.00000009561648
C_1_to_0p8,TS-SLTVKE,516,0.8,1,0.800042616364405,1.0000000924712
C_1_to_0p8,TS-SLTVKE,517,0.8,1,0.800041494881132,1.00000008942938
C_1_to_0p8,TS-SLTVKE,518,0.8,1,0.800040402910576,1.00000008648763
C_1_to_0p8,TS-SLTVKE,519,0.8,1,0.800039339676087,1.00000008364264
C_1_to_0p8,TS-SLTVKE,520,0.8,1,0.800038304421453,1.00000008089124
C_1_to_0p8,TS-SLTVKE,521,0.8,1,0.800037296410362,1.00000007823034
C_1_to_0p8,TS-SLTVKE,522,0.8,1,0.800036314925879,1.00000007565698
C_1_to_0p8,TS-SLTVKE,523,0.8,1,0.800035359269935,1.00000007316826
C_1_to_0p8,TS-SLTVKE,524,0.8,1,0.800034428762831,1.00000007076141
C_1_to_0p8,TS-SLTVKE,525,0.8,1,0.800033522742757,1.00000006843373
C_1_to_0p8,TS-SLTVKE,526,0.8,1,0.800032640565316,1.00000006618262
C_1_to_0p8,TS-SLTVKE,527,0.8,1,0.80003178160307,1.00000006400556
C_1_to_0p8,TS-SLTVKE,528,0.8,1,0.800030945245095,1.00000006190012
C_1_to_0p8,TS-SLTVKE,529,0.8,1,0.80003013089654,1.00000005986393
C_1_to_0p8,TS-SLTVKE,530,0.8,1,0.80002933797821,1.00000005789472
C_1_to_0p8,TS-SLTVKE,531,0.8,1,0.800028565926152,1.00000005599029
C_1_to_0p8,TS-SLTVKE,532,0.8,1,0.800027814191253,1.0000000541485
C_1_to_0p8,TS-SLTVKE,533,0.8,1,0.800027082238851,1.0000000523673
C_1_to_0p8,TS-SLTVKE,534,0.8,1,0.800026369548355,1.00000005064469
C_1_to_0p8,TS-SLTVKE,535,0.8,1,0.800025675612872,1.00000004897875
C_1_to_0p8,TS-SLTVKE,536,0.8,1,0.800024999938849,1.00000004736761
C_1_to_0p8,TS-SLTVKE,537,0.8,1,0.800024342045722,1.00000004580946
C_1_to_0p8,TS-SLTVKE,538,0.8,1,0.800023701465571,1.00000004430257
C_1_to_0p8,TS-SLTVKE,539,0.8,1,0.800023077742793,1.00000004284525
C_1_to_0p8,TS-SLTVKE,540,0.8,1,0.800022470433772,1.00000004143587
C_1_to_0p8,TS-SLTVKE,541,0.8,1,0.800021879106568,1.00000004007284
C_1_to_0p8,TS-SLTVKE,542,0.8,1,0.800021303340605,1.00000003875466
C_1_to_0p8,TS-SLTVKE,543,0.8,1,0.800020742726379,1.00000003747983
C_1_to_0p8,TS-SLTVKE,544,0.8,1,0.800020196865158,1.00000003624694
C_1_to_0p8,TS-SLTVKE,545,0.8,1,0.800019665368707,1.00000003505461
C_1_to_0p8,TS-SLTVKE,546,0.8,1,0.800019147859004,1.0000000339015
C_1_to_0p8,TS-SLTVKE,547,0.8,1,0.800018643967978,1.00000003278632
C_1_to_0p8,TS-SLTVKE,548,0.8,1,0.800018153337241,1.00000003170782
C_1_to_0p8,TS-SLTVKE,549,0.8,1,0.80001767561784,1.0000000306648
C_1_to_0p8,TS-SLTVKE,550,0.8,1,0.800017210470002,1.00000002965609
C_1_to_0p8,TS-SLTVKE,551,0.8,1,0.800016757562897,1.00000002868056
C_1_to_0p8,TS-SLTVKE,552,0.8,1,0.8000163165744,1.00000002773712
C_1_to_0p8,TS-SLTVKE,553,0.8,1,0.800015887190863,1.00000002682472
C_1_to_0p8,TS-SLTVKE,554,0.8,1,0.800015469106893,1.00000002594232
C_1_to_0p8,TS-SLTVKE,555,0.8,1,0.800015062025132,1.00000002508896
C_1_to_0p8,TS-SLTVKE,556,0.8,1,0.80001466565605,1.00000002426366
C_1_to_0p8,TS-SLTVKE,557,0.8,1,0.800014279717733,1.00000002346552
C_1_to_0p8,TS-SLTVKE,558,0.8,1,0.800013903935687,1.00000002269362
C_1_to_0p8,TS-SLTVKE,559,0.8,1,0.800013538042643,1.00000002194712
C_1_to_0p8,TS-SLTVKE,560,0.8,1,0.800013181778363,1.00000002122518
C_1_to_0p8,TS-SLTVKE,561,0.8,1,0.800012834889459,1.00000002052698
C_1_to_0p8,TS-SLTVKE,562,0.8,1,0.80001249712921,1.00000001985175
C_1_to_0p8,TS-SLTVKE,563,0.8,1,0.800012168257388,1.00000001919873
C_1_to_0p8,TS-SLTVKE,564,0.8,1,0.800011848040089,1.0000000185672
C_1_to_0p8,TS-SLTVKE,565,0.8,1,0.80001153624956,1.00000001795643
C_1_to_0p8,TS-SLTVKE,566,0.8,1,0.800011232664045,1.00000001736576
C_1_to_0p8,TS-SLTVKE,567,0.8,1,0.800010937067623,1.00000001679452
C_1_to_0p8,TS-SLTVKE,568,0.8,1,0.800010649250054,1.00000001624207
C_1_to_0p8,TS-SLTVKE,569,0.8,1,0.800010369006632,1.00000001570779
C_1_to_0p8,TS-SLTVKE,570,0.8,1,0.800010096138036,1.00000001519109
C_1_to_0p8,TS-SLTVKE,571,0.8,1,0.800009830450193,1.00000001469138
C_1_to_0p8,TS-SLTVKE,572,0.8,1,0.800009571754135,1.00000001420811
C_1_to_0p8,TS-SLTVKE,573,0.8,1,0.800009319865869,1.00000001374074
C_1_to_0p8,TS-SLTVKE,574,0.8,1,0.80000907460624,1.00000001328874
C_1_to_0p8,TS-SLTVKE,575,0.8,1,0.800008835800813,1.00000001285161
C_1_to_0p8,TS-SLTVKE,576,0.8,1,0.800008603279739,1.00000001242886
C_1_to_0p8,TS-SLTVKE,577,0.8,1,0.800008376877641,1.00000001202002
C_1_to_0p8,TS-SLTVKE,578,0.8,1,0.800008156433492,1.00000001162462
C_1_to_0p8,TS-SLTVKE,579,0.8,1,0.800007941790506,1.00000001124223
C_1_to_0p8,TS-SLTVKE,580,0.8,1,0.800007732796019,1.00000001087242
C_1_to_0p8,TS-SLTVKE,581,0.8,1,0.800007529301387,1.00000001051478
C_1_to_0p8,TS-SLTVKE,582,0.8,1,0.800007331161877,1.0000000101689
C_1_to_0p8,TS-SLTVKE,583,0.8,1,0.800007138236564,1.00000000983439
C_1_to_0p8,TS-SLTVKE,584,0.8,1,0.800006950388233,1.00000000951089
C_1_to_0p8,TS-SLTVKE,585,0.8,1,0.80000676748328,1.00000000919803
C_1_to_0p8,TS-SLTVKE,586,0.8,1,0.800006589391615,1.00000000889547
C_1_to_0p8,TS-SLTVKE,587,0.8,1,0.800006415986572,1.00000000860285
C_1_to_0p8,TS-SLTVKE,588,0.8,1,0.80000624714482,1.00000000831987
C_1_to_0p8,TS-SLTVKE,589,0.8,1,0.800006082746272,1.00000000804619
C_1_to_0p8,TS-SLTVKE,590,0.8,1,0.800005922674002,1.00000000778151
C_1_to_0p8,TS-SLTVKE,591,0.8,1,0.80000576681416,1.00000000752554
C_1_to_0p8,TS-SLTVKE,592,0.8,1,0.800005615055892,1.00000000727799
C_1_to_0p8,TS-SLTVKE,593,0.8,1,0.800005467291264,1.00000000703858
C_1_to_0p8,TS-SLTVKE,594,0.8,1,0.800005323415178,1.00000000680705
C_1_to_0p8,TS-SLTVKE,595,0.8,1,0.800005183325305,1.00000000658313
C_1_to_0p8,TS-SLTVKE,596,0.8,1,0.800005046922007,1.00000000636658
C_1_to_0p8,TS-SLTVKE,597,0.8,1,0.80000491410827,1.00000000615715
C_1_to_0p8,TS-SLTVKE,598,0.8,1,0.800004784789631,1.00000000595462
C_1_to_0p8,TS-SLTVKE,599,0.8,1,0.800004658874115,1.00000000575874
ESR_1_to_2,B0 Closed-form,0,1,1,1,1
ESR_1_to_2,B0 Closed-form,1,1,1,1,1
ESR_1_to_2,B0 Closed-form,2,1,1,1,1
ESR_1_to_2,B0 Closed-form,3,1,1,1,1
ESR_1_to_2,B0 Closed-form,4,1,1,1,1
ESR_1_to_2,B0 Closed-form,5,1,1,1,1
ESR_1_to_2,B0 Closed-form,6,1,1,1,1
ESR_1_to_2,B0 Closed-form,7,1,1,1,1
ESR_1_to_2,B0 Closed-form,8,1,1,1,1
ESR_1_to_2,B0 Closed-form,9,1,1,1,1
ESR_1_to_2,B0 Closed-form,10,1,1,1,1
ESR_1_to_2,B0 Closed-form,11,1,1,1,1
ESR_1_to_2,B0 Closed-form,12,1,1,1,1
ESR_1_to_2,B0 Closed-form,13,1,1,1,1
ESR_1_to_2,B0 Closed-form,14,1,1,1,1
ESR_1_to_2,B0 Closed-form,15,1,1,1,1
ESR_1_to_2,B0 Closed-form,16,1,1,1,1
ESR_1_to_2,B0 Closed-form,17,1,1,1,1
ESR_1_to_2,B0 Closed-form,18,1,1,1,1
ESR_1_to_2,B0 Closed-form,19,1,1,1,1
ESR_1_to_2,B0 Closed-form,20,1,1,1,1
ESR_1_to_2,B0 Closed-form,21,1,1,1,1
ESR_1_to_2,B0 Closed-form,22,1,1,1,1
ESR_1_to_2,B0 Closed-form,23,1,1,1,1
ESR_1_to_2,B0 Closed-form,24,1,1,1,1
ESR_1_to_2,B0 Closed-form,25,1,1,1,1
ESR_1_to_2,B0 Closed-form,26,1,1,1,1
ESR_1_to_2,B0 Closed-form,27,1,1,1,1
ESR_1_to_2,B0 Closed-form,28,1,1,1,1
ESR_1_to_2,B0 Closed-form,29,1,1,1,1
ESR_1_to_2,B0 Closed-form,30,1,1,1,1
ESR_1_to_2,B0 Closed-form,31,1,1,1,1
ESR_1_to_2,B0 Closed-form,32,1,1,1,1
ESR_1_to_2,B0 Closed-form,33,1,1,1,1
ESR_1_to_2,B0 Closed-form,34,1,1,1,1
ESR_1_to_2,B0 Closed-form,35,1,1,1,1
ESR_1_to_2,B0 Closed-form,36,1,1,1,1
ESR_1_to_2,B0 Closed-form,37,1,1,1,1
ESR_1_to_2,B0 Closed-form,38,1,1,1,1
ESR_1_to_2,B0 Closed-form,39,1,1,1,1
ESR_1_to_2,B0 Closed-form,40,1,1,1,1
ESR_1_to_2,B0 Closed-form,41,1,1,1,1
ESR_1_to_2,B0 Closed-form,42,1,1,1,1
ESR_1_to_2,B0 Closed-form,43,1,1,1,1
ESR_1_to_2,B0 Closed-form,44,1,1,1,1
ESR_1_to_2,B0 Closed-form,45,1,1,1,1
ESR_1_to_2,B0 Closed-form,46,1,1,1,1
ESR_1_to_2,B0 Closed-form,47,1,1,1,1
ESR_1_to_2,B0 Closed-form,48,1,1,1,1
ESR_1_to_2,B0 Closed-form,49,1,1,1,1
ESR_1_to_2,B0 Closed-form,50,1,1,1,1
ESR_1_to_2,B0 Closed-form,51,1,1,1,1
ESR_1_to_2,B0 Closed-form,52,1,1,1,1
ESR_1_to_2,B0 Closed-form,53,1,1,1,1
ESR_1_to_2,B0 Closed-form,54,1,1,1,1
ESR_1_to_2,B0 Closed-form,55,1,1,1,1
ESR_1_to_2,B0 Closed-form,56,1,1,1,1
ESR_1_to_2,B0 Closed-form,57,1,1,1,1
ESR_1_to_2,B0 Closed-form,58,1,1,1,1
ESR_1_to_2,B0 Closed-form,59,1,1,1,1
ESR_1_to_2,B0 Closed-form,60,1,1,1,1
ESR_1_to_2,B0 Closed-form,61,1,1,1,1
ESR_1_to_2,B0 Closed-form,62,1,1,1,1
ESR_1_to_2,B0 Closed-form,63,1,1,1,1
ESR_1_to_2,B0 Closed-form,64,1,1,1,1
ESR_1_to_2,B0 Closed-form,65,1,1,1,1
ESR_1_to_2,B0 Closed-form,66,1,1,1,1
ESR_1_to_2,B0 Closed-form,67,1,1,1,1
ESR_1_to_2,B0 Closed-form,68,1,1,1,1
ESR_1_to_2,B0 Closed-form,69,1,1,1,1
ESR_1_to_2,B0 Closed-form,70,1,1,1,1
ESR_1_to_2,B0 Closed-form,71,1,1,1,1
ESR_1_to_2,B0 Closed-form,72,1,1,1,1
ESR_1_to_2,B0 Closed-form,73,1,1,1,1
ESR_1_to_2,B0 Closed-form,74,1,1,1,1
ESR_1_to_2,B0 Closed-form,75,1,1,1,1
ESR_1_to_2,B0 Closed-form,76,1,1,1,1
ESR_1_to_2,B0 Closed-form,77,1,1,1,1
ESR_1_to_2,B0 Closed-form,78,1,1,1,1
ESR_1_to_2,B0 Closed-form,79,1,1,1,1
ESR_1_to_2,B0 Closed-form,80,1,1,1,1
ESR_1_to_2,B0 Closed-form,81,1,1,1,1
ESR_1_to_2,B0 Closed-form,82,1,1,1,1
ESR_1_to_2,B0 Closed-form,83,1,1,1,1
ESR_1_to_2,B0 Closed-form,84,1,1,1,1
ESR_1_to_2,B0 Closed-form,85,1,1,1,1
ESR_1_to_2,B0 Closed-form,86,1,1,1,1
ESR_1_to_2,B0 Closed-form,87,1,1,1,1
ESR_1_to_2,B0 Closed-form,88,1,1,1,1
ESR_1_to_2,B0 Closed-form,89,1,1,1,1
ESR_1_to_2,B0 Closed-form,90,1,1,1,1
ESR_1_to_2,B0 Closed-form,91,1,1,1,1
ESR_1_to_2,B0 Closed-form,92,1,1,1,1
ESR_1_to_2,B0 Closed-form,93,1,1,1,1
ESR_1_to_2,B0 Closed-form,94,1,1,1,1
ESR_1_to_2,B0 Closed-form,95,1,1,1,1
ESR_1_to_2,B0 Closed-form,96,1,1,1,1
ESR_1_to_2,B0 Closed-form,97,1,1,1,1
ESR_1_to_2,B0 Closed-form,98,1,1,1,1
ESR_1_to_2,B0 Closed-form,99,1,1,1,1
ESR_1_to_2,B0 Closed-form,100,1,1,1,1
ESR_1_to_2,B0 Closed-form,101,1,1,1,1
ESR_1_to_2,B0 Closed-form,102,1,1,1,1
ESR_1_to_2,B0 Closed-form,103,1,1,1,1
ESR_1_to_2,B0 Closed-form,104,1,1,1,1
ESR_1_to_2,B0 Closed-form,105,1,1,1,1
ESR_1_to_2,B0 Closed-form,106,1,1,1,1
ESR_1_to_2,B0 Closed-form,107,1,1,1,1
ESR_1_to_2,B0 Closed-form,108,1,1,1,1
ESR_1_to_2,B0 Closed-form,109,1,1,1,1
ESR_1_to_2,B0 Closed-form,110,1,1,1,1
ESR_1_to_2,B0 Closed-form,111,1,1,1,1
ESR_1_to_2,B0 Closed-form,112,1,1,1,1
ESR_1_to_2,B0 Closed-form,113,1,1,1,1
ESR_1_to_2,B0 Closed-form,114,1,1,1,1
ESR_1_to_2,B0 Closed-form,115,1,1,1,1
ESR_1_to_2,B0 Closed-form,116,1,1,1,1
ESR_1_to_2,B0 Closed-form,117,1,1,1,1
ESR_1_to_2,B0 Closed-form,118,1,1,1,1
ESR_1_to_2,B0 Closed-form,119,1,1,1,1
ESR_1_to_2,B0 Closed-form,120,1,1,1,1
ESR_1_to_2,B0 Closed-form,121,1,1,1,1
ESR_1_to_2,B0 Closed-form,122,1,1,1,1
ESR_1_to_2,B0 Closed-form,123,1,1,1,1
ESR_1_to_2,B0 Closed-form,124,1,1,1,1
ESR_1_to_2,B0 Closed-form,125,1,1,1,1
ESR_1_to_2,B0 Closed-form,126,1,1,1,1
ESR_1_to_2,B0 Closed-form,127,1,1,1,1
ESR_1_to_2,B0 Closed-form,128,1,1,1,1
ESR_1_to_2,B0 Closed-form,129,1,1,1,1
ESR_1_to_2,B0 Closed-form,130,1,1,1,1
ESR_1_to_2,B0 Closed-form,131,1,1,1,1
ESR_1_to_2,B0 Closed-form,132,1,1,1,1
ESR_1_to_2,B0 Closed-form,133,1,1,1,1
ESR_1_to_2,B0 Closed-form,134,1,1,1,1
ESR_1_to_2,B0 Closed-form,135,1,1,1,1
ESR_1_to_2,B0 Closed-form,136,1,1,1,1
ESR_1_to_2,B0 Closed-form,137,1,1,1,1
ESR_1_to_2,B0 Closed-form,138,1,1,1,1
ESR_1_to_2,B0 Closed-form,139,1,1,1,1
ESR_1_to_2,B0 Closed-form,140,1,1,1,1
ESR_1_to_2,B0 Closed-form,141,1,1,1,1
ESR_1_to_2,B0 Closed-form,142,1,1,1,1
ESR_1_to_2,B0 Closed-form,143,1,1,1,1
ESR_1_to_2,B0 Closed-form,144,1,1,1,1
ESR_1_to_2,B0 Closed-form,145,1,1,1,1
ESR_1_to_2,B0 Closed-form,146,1,1,1,1
ESR_1_to_2,B0 Closed-form,147,1,1,1,1
ESR_1_to_2,B0 Closed-form,148,1,1,1,1
ESR_1_to_2,B0 Closed-form,149,1,1,1,1
ESR_1_to_2,B0 Closed-form,150,1,1,1,1
ESR_1_to_2,B0 Closed-form,151,1,1,1,1
ESR_1_to_2,B0 Closed-form,152,1,1,1,1
ESR_1_to_2,B0 Closed-form,153,1,1,1,1
ESR_1_to_2,B0 Closed-form,154,1,1,1,1
ESR_1_to_2,B0 Closed-form,155,1,1,1,1
ESR_1_to_2,B0 Closed-form,156,1,1,1,1
ESR_1_to_2,B0 Closed-form,157,1,1,1,1
ESR_1_to_2,B0 Closed-form,158,1,1,1,1
ESR_1_to_2,B0 Closed-form,159,1,1,1,1
ESR_1_to_2,B0 Closed-form,160,1,1,1,1
ESR_1_to_2,B0 Closed-form,161,1,1,1,1
ESR_1_to_2,B0 Closed-form,162,1,1,1,1
ESR_1_to_2,B0 Closed-form,163,1,1,1,1
ESR_1_to_2,B0 Closed-form,164,1,1,1,1
ESR_1_to_2,B0 Closed-form,165,1,1,1,1
ESR_1_to_2,B0 Closed-form,166,1,1,1,1
ESR_1_to_2,B0 Closed-form,167,1,1,1,1
ESR_1_to_2,B0 Closed-form,168,1,1,1,1
ESR_1_to_2,B0 Closed-form,169,1,1,1,1
ESR_1_to_2,B0 Closed-form,170,1,1,1,1
ESR_1_to_2,B0 Closed-form,171,1,1,1,1
ESR_1_to_2,B0 Closed-form,172,1,1,1,1
ESR_1_to_2,B0 Closed-form,173,1,1,1,1
ESR_1_to_2,B0 Closed-form,174,1,1,1,1
ESR_1_to_2,B0 Closed-form,175,1,1,1,1
ESR_1_to_2,B0 Closed-form,176,1,1,1,1
ESR_1_to_2,B0 Closed-form,177,1,1,1,1
ESR_1_to_2,B0 Closed-form,178,1,1,1,1
ESR_1_to_2,B0 Closed-form,179,1,1,1,1
ESR_1_to_2,B0 Closed-form,180,1,1,1,1
ESR_1_to_2,B0 Closed-form,181,1,1,1,1
ESR_1_to_2,B0 Closed-form,182,1,1,1,1
ESR_1_to_2,B0 Closed-form,183,1,1,1,1
ESR_1_to_2,B0 Closed-form,184,1,1,1,1
ESR_1_to_2,B0 Closed-form,185,1,1,1,1
ESR_1_to_2,B0 Closed-form,186,1,1,1,1
ESR_1_to_2,B0 Closed-form,187,1,1,1,1
ESR_1_to_2,B0 Closed-form,188,1,1,1,1
ESR_1_to_2,B0 Closed-form,189,1,1,1,1
ESR_1_to_2,B0 Closed-form,190,1,1,1,1
ESR_1_to_2,B0 Closed-form,191,1,1,1,1
ESR_1_to_2,B0 Closed-form,192,1,1,1,1
ESR_1_to_2,B0 Closed-form,193,1,1,1,1
ESR_1_to_2,B0 Closed-form,194,1,1,1,1
ESR_1_to_2,B0 Closed-form,195,1,1,1,1
ESR_1_to_2,B0 Closed-form,196,1,1,1,1
ESR_1_to_2,B0 Closed-form,197,1,1,1,1
ESR_1_to_2,B0 Closed-form,198,1,1,1,1
ESR_1_to_2,B0 Closed-form,199,1,1,1,1
ESR_1_to_2,B0 Closed-form,200,1,2,0.976,1.02604166666667
ESR_1_to_2,B0 Closed-form,201,1,2,0.9765,1.05140516493056
ESR_1_to_2,B0 Closed-form,202,1,2,0.976989583333333,1.07610815542716
ESR_1_to_2,B0 Closed-form,203,1,2,0.977468967013889,1.10016783887957
ESR_1_to_2,B0 Closed-form,204,1,2,0.977938363534433,1.12360096807542
ESR_1_to_2,B0 Closed-form,205,1,2,0.978397980960799,1.14642385953179
ESR_1_to_2,B0 Closed-form,206,1,2,0.978848023024116,1.16865240485648
ESR_1_to_2,B0 Closed-form,207,1,2,0.979288689211113,1.19030208181334
ESR_1_to_2,B0 Closed-form,208,1,2,0.979720174852548,1.21138796509945
ESR_1_to_2,B0 Closed-form,209,1,2,0.980142671209787,1.23192473684166
ESR_1_to_2,B0 Closed-form,210,1,2,0.980556365559583,1.25192669681974
ESR_1_to_2,B0 Closed-form,211,1,2,0.980961441277092,1.27140777242339
ESR_1_to_2,B0 Closed-form,212,1,2,0.981358077917152,1.29038152834986
ESR_1_to_2,B0 Closed-form,213,1,2,0.981746451293878,1.30886117604909
ESR_1_to_2,B0 Closed-form,214,1,2,0.982126733558589,1.32685958292281
ESR_1_to_2,B0 Closed-form,215,1,2,0.982499093276119,1.34438928128419
ESR_1_to_2,B0 Closed-form,216,1,2,0.982863695499533,1.36146247708408
ESR_1_to_2,B0 Closed-form,217,1,2,0.983220701843292,1.37809105841002
ESR_1_to_2,B0 Closed-form,218,1,2,0.98357027055489,1.39428660376393
ESR_1_to_2,B0 Closed-form,219,1,2,0.983912556584997,1.41006039012424
ESR_1_to_2,B0 Closed-form,220,1,2,0.984247711656143,1.42542340079809
ESR_1_to_2,B0 Closed-form,221,1,2,0.984575884329973,1.44038633306897
ESR_1_to_2,B0 Closed-form,222,1,2,0.984897220073099,1.4549596056453
ESR_1_to_2,B0 Closed-form,223,1,2,0.985211861321576,1.46915336591495
ESR_1_to_2,B0 Closed-form,224,1,2,0.985519947544043,1.48297749701092
ESR_1_to_2,B0 Closed-form,225,1,2,0.985821615303542,1.49644162469293
ESR_1_to_2,B0 Closed-form,226,1,2,0.986116998318052,1.50955512404988
ESR_1_to_2,B0 Closed-form,227,1,2,0.986406227519759,1.52232712602775
ESR_1_to_2,B0 Closed-form,228,1,2,0.986689431113097,1.53476652378744
ESR_1_to_2,B0 Closed-form,229,1,2,0.986966734631574,1.54688197889714
ESR_1_to_2,B0 Closed-form,230,1,2,0.987238260993416,1.55868192736336
ESR_1_to_2,B0 Closed-form,231,1,2,0.987504130556054,1.57017458550494
ESR_1_to_2,B0 Closed-form,232,1,2,0.987764461169469,1.58136795567409
ESR_1_to_2,B0 Closed-form,233,1,2,0.988019368228439,1.59226983182841
ESR_1_to_2,B0 Closed-form,234,1,2,0.988268964723679,1.60288780495787
ESR_1_to_2,B0 Closed-form,235,1,2,0.988513361291936,1.61322926837043
ESR_1_to_2,B0 Closed-form,236,1,2,0.988752666265021,1.62330142283995
ESR_1_to_2,B0 Closed-form,237,1,2,0.988986985717833,1.63311128162016
ESR_1_to_2,B0 Closed-form,238,1,2,0.989216423515378,1.64266567532797
ESR_1_to_2,B0 Closed-form,239,1,2,0.989441081358808,1.65197125669964
ESR_1_to_2,B0 Closed-form,240,1,2,0.989661058830499,1.66103450522308
ESR_1_to_2,B0 Closed-form,241,1,2,0.989876453438197,1.66986173164957
ESR_1_to_2,B0 Closed-form,242,1,2,0.990087360658235,1.67845908238786
ESR_1_to_2,B0 Closed-form,243,1,2,0.990293873977855,1.68683254378401
ESR_1_to_2,B0 Closed-form,244,1,2,0.990496084936649,1.69498794628963
ESR_1_to_2,B0 Closed-form,245,1,2,0.990694083167136,1.70293096852167
ESR_1_to_2,B0 Closed-form,246,1,2,0.990887956434487,1.71066714121642
ESR_1_to_2,B0 Closed-form,247,1,2,0.991077790675435,1.71820185108058
ESR_1_to_2,B0 Closed-form,248,1,2,0.991263670036364,1.72554034454202
ESR_1_to_2,B0 Closed-form,249,1,2,0.991445676910606,1.7326877314029
ESR_1_to_2,B0 Closed-form,250,1,2,0.991623891974969,1.73964898839762
ESR_1_to_2,B0 Closed-form,251,1,2,0.99179839422549,1.7464289626581
ESR_1_to_2,B0 Closed-form,252,1,2,0.991969261012459,1.75303237508888
ESR_1_to_2,B0 Closed-form,253,1,2,0.9921365680747,1.75946382365427
ESR_1_to_2,B0 Closed-form,254,1,2,0.992300389573143,1.76572778657994
ESR_1_to_2,B0 Closed-form,255,1,2,0.992460798123703,1.77182862547109
ESR_1_to_2,B0 Closed-form,256,1,2,0.992617864829459,1.77777058834945
ESR_1_to_2,B0 Closed-form,257,1,2,0.992771659312179,1.78355781261118
ESR_1_to_2,B0 Closed-form,258,1,2,0.992922249743175,1.78919432790776
ESR_1_to_2,B0 Closed-form,259,1,2,0.993069702873525,1.79468405895183
ESR_1_to_2,B0 Closed-form,260,1,2,0.99321408406366,1.80003082824996
ESR_1_to_2,B0 Closed-form,261,1,2,0.993355457312334,1.80523835876429
ESR_1_to_2,B0 Closed-form,262,1,2,0.993493885284994,1.8103102765048
ESR_1_to_2,B0 Closed-form,263,1,2,0.993629429341556,1.81525011305415
ESR_1_to_2,B0 Closed-form,264,1,2,0.993762149563607,1.8200613080267
ESR_1_to_2,B0 Closed-form,265,1,2,0.993892104781032,1.82474721146351
ESR_1_to_2,B0 Closed-form,266,1,2,0.994019352598094,1.82931108616498
ESR_1_to_2,B0 Closed-form,267,1,2,0.994143949418967,1.83375610996276
ESR_1_to_2,B0 Closed-form,268,1,2,0.994265950472739,1.83808537793248
ESR_1_to_2,B0 Closed-form,269,1,2,0.99438540983789,1.84230190454883
ESR_1_to_2,B0 Closed-form,270,1,2,0.994502380466267,1.84640862578453
ESR_1_to_2,B0 Closed-form,271,1,2,0.994616914206553,1.85040840115473
ESR_1_to_2,B0 Closed-form,272,1,2,0.99472906182725,1.85430401570799
ESR_1_to_2,B0 Closed-form,273,1,2,0.994838873039182,1.85809818196559
ESR_1_to_2,B0 Closed-form,274,1,2,0.994946396517533,1.86179354181024
ESR_1_to_2,B0 Closed-form,275,1,2,0.995051679923418,1.8653926683256
ESR_1_to_2,B0 Closed-form,276,1,2,0.995154769925013,1.86889806758795
ESR_1_to_2,B0 Closed-form,277,1,2,0.995255712218242,1.87231218041118
ESR_1_to_2,B0 Closed-form,278,1,2,0.995354551547029,1.87563738404631
ESR_1_to_2,B0 Closed-form,279,1,2,0.995451331723132,1.87887599383677
ESR_1_to_2,B0 Closed-form,280,1,2,0.995546095645567,1.8820302648306
ESR_1_to_2,B0 Closed-form,281,1,2,0.995638885319618,1.88510239335064
ESR_1_to_2,B0 Closed-form,282,1,2,0.995729741875459,1.8880945185238
ESR_1_to_2,B0 Closed-form,283,1,2,0.995818705586387,1.89100872377058
ESR_1_to_2,B0 Closed-form,284,1,2,0.99590581588667,1.89384703825572
ESR_1_to_2,B0 Closed-form,285,1,2,0.995991111389032,1.89661143830114
ESR_1_to_2,B0 Closed-form,286,1,2,0.99607462990176,1.89930384876205
ESR_1_to_2,B0 Closed-form,287,1,2,0.996156408445473,1.9019261443672
ESR_1_to_2,B0 Closed-form,288,1,2,0.996236483269526,1.90448015102431
ESR_1_to_2,B0 Closed-form,289,1,2,0.996314889868077,1.90696764709138
ESR_1_to_2,B0 Closed-form,290,1,2,0.996391662995826,1.90939036461505
ESR_1_to_2,B0 Closed-form,291,1,2,0.996466836683413,1.91174999053653
ESR_1_to_2,B0 Closed-form,292,1,2,0.996540444252508,1.91404816786631
ESR_1_to_2,B0 Closed-form,293,1,2,0.996612518330581,1.91628649682812
ESR_1_to_2,B0 Closed-form,294,1,2,0.996683090865361,1.91846653597322
ESR_1_to_2,B0 Closed-form,295,1,2,0.996752193138999,1.92058980326559
ESR_1_to_2,B0 Closed-form,296,1,2,0.996819855781937,1.92265777713888
ESR_1_to_2,B0 Closed-form,297,1,2,0.99688610878648,1.92467189752589
ESR_1_to_2,B0 Closed-form,298,1,2,0.996950981520095,1.92663356686115
ESR_1_to_2,B0 Closed-form,299,1,2,0.997014502738426,1.92854415105747
ESR_1_to_2,B0 Closed-form,300,1,2,0.997076700598042,1.93040498045702
ESR_1_to_2,B0 Closed-form,301,1,2,0.997137602668916,1.93221735075762
ESR_1_to_2,B0 Closed-form,302,1,2,0.997197235946647,1.93398252391497
ESR_1_to_2,B0 Closed-form,303,1,2,0.997255626864425,1.93570172902135
ESR_1_to_2,B0 Closed-form,304,1,2,0.99731280130475,1.93737616316142
ESR_1_to_2,B0 Closed-form,305,1,2,0.997368784610901,1.93900699224576
ESR_1_to_2,B0 Closed-form,306,1,2,0.997423601598174,1.94059535182269
ESR_1_to_2,B0 Closed-form,307,1,2,0.997477276564879,1.94214234786898
ESR_1_to_2,B0 Closed-form,308,1,2,0.99752983330311,1.94364905755989
ESR_1_to_2,B0 Closed-form,309,1,2,0.997581295109295,1.94511653001927
ESR_1_to_2,B0 Closed-form,310,1,2,0.997631684794518,1.94654578705002
ESR_1_to_2,B0 Closed-form,311,1,2,0.997681024694633,1.94793782384559
ESR_1_to_2,B0 Closed-form,312,1,2,0.997729336680161,1.94929360968294
ESR_1_to_2,B0 Closed-form,313,1,2,0.997776642165991,1.95061408859745
ESR_1_to_2,B0 Closed-form,314,1,2,0.997822962120866,1.95190018004022
ESR_1_to_2,B0 Closed-form,315,1,2,0.997868317076681,1.95315277951834
ESR_1_to_2,B0 Closed-form,316,1,2,0.997912727137584,1.95437275921839
ESR_1_to_2,B0 Closed-form,317,1,2,0.997956211988884,1.95556096861374
ESR_1_to_2,B0 Closed-form,318,1,2,0.997998790905783,1.95671823505609
ESR_1_to_2,B0 Closed-form,319,1,2,0.998040482761912,1.95784536435151
ESR_1_to_2,B0 Closed-form,320,1,2,0.998081306037706,1.95894314132152
ESR_1_to_2,B0 Closed-form,321,1,2,0.998121278828587,1.9600123303496
ESR_1_to_2,B0 Closed-form,322,1,2,0.998160418852991,1.96105367591342
ESR_1_to_2,B0 Closed-form,323,1,2,0.99819874346022,1.96206790310317
ESR_1_to_2,B0 Closed-form,324,1,2,0.998236269638133,1.96305571812653
ESR_1_to_2,B0 Closed-form,325,1,2,0.998273014020671,1.96401780880031
ESR_1_to_2,B0 Closed-form,326,1,2,0.998308992895241,1.96495484502947
ESR_1_to_2,B0 Closed-form,327,1,2,0.998344222209923,1.9658674792735
ESR_1_to_2,B0 Closed-form,328,1,2,0.99837871758055,1.96675634700075
ESR_1_to_2,B0 Closed-form,329,1,2,0.998412494297622,1.96762206713094
ESR_1_to_2,B0 Closed-form,330,1,2,0.998445567333088,1.96846524246607
ESR_1_to_2,B0 Closed-form,331,1,2,0.998477951346982,1.96928646011018
ESR_1_to_2,B0 Closed-form,332,1,2,0.99850966069392,1.97008629187815
ESR_1_to_2,B0 Closed-form,333,1,2,0.998540709429463,1.97086529469382
ESR_1_to_2,B0 Closed-form,334,1,2,0.998571111316349,1.97162401097784
ESR_1_to_2,B0 Closed-form,335,1,2,0.998600879830592,1.97236296902529
ESR_1_to_2,B0 Closed-form,336,1,2,0.998630028167455,1.97308268337359
ESR_1_to_2,B0 Closed-form,337,1,2,0.998658569247299,1.97378365516073
ESR_1_to_2,B0 Closed-form,338,1,2,0.998686515721314,1.97446637247426
ESR_1_to_2,B0 Closed-form,339,1,2,0.99871387997712,1.97513131069107
ESR_1_to_2,B0 Closed-form,340,1,2,0.998740674144263,1.97577893280849
ESR_1_to_2,B0 Closed-form,341,1,2,0.998766910099591,1.9764096897666
ESR_1_to_2,B0 Closed-form,342,1,2,0.998792599472516,1.97702402076227
ESR_1_to_2,B0 Closed-form,343,1,2,0.998817753650172,1.97762235355492
ESR_1_to_2,B0 Closed-form,344,1,2,0.99884238378246,1.97820510476442
ESR_1_to_2,B0 Closed-form,345,1,2,0.998866500786992,1.97877268016118
ESR_1_to_2,B0 Closed-form,346,1,2,0.99889011535393,1.97932547494865
ESR_1_to_2,B0 Closed-form,347,1,2,0.998913237950723,1.97986387403853
ESR_1_to_2,B0 Closed-form,348,1,2,0.99893587882675,1.98038825231878
ESR_1_to_2,B0 Closed-form,349,1,2,0.998958048017859,1.98089897491464
ESR_1_to_2,B0 Closed-form,350,1,2,0.99897975535082,1.98139639744291
ESR_1_to_2,B0 Closed-form,351,1,2,0.999001010447678,1.9818808662595
ESR_1_to_2,B0 Closed-form,352,1,2,0.999021822730018,1.98235271870066
ESR_1_to_2,B0 Closed-form,353,1,2,0.999042201423143,1.98281228331783
ESR_1_to_2,B0 Closed-form,354,1,2,0.999062155560161,1.98325988010643
ESR_1_to_2,B0 Closed-form,355,1,2,0.999081693985991,1.98369582072865
ESR_1_to_2,B0 Closed-form,356,1,2,0.999100825361283,1.98412040873051
ESR_1_to_2,B0 Closed-form,357,1,2,0.999119558166256,1.98453393975315
ESR_1_to_2,B0 Closed-form,358,1,2,0.999137900704459,1.98493670173875
ESR_1_to_2,B0 Closed-form,359,1,2,0.999155861106449,1.98532897513097
ESR_1_to_2,B0 Closed-form,360,1,2,0.999173447333398,1.98571103307027
ESR_1_to_2,B0 Closed-form,361,1,2,0.999190667180619,1.98608314158406
ESR_1_to_2,B0 Closed-form,362,1,2,0.999207528281023,1.98644555977198
ESR_1_to_2,B0 Closed-form,363,1,2,0.999224038108502,1.98679853998625
ESR_1_to_2,B0 Closed-form,364,1,2,0.999240203981241,1.98714232800744
ESR_1_to_2,B0 Closed-form,365,1,2,0.999256033064965,1.98747716321558
ESR_1_to_2,B0 Closed-form,366,1,2,0.999271532376112,1.98780327875684
ESR_1_to_2,B0 Closed-form,367,1,2,0.999286708784943,1.98812090170588
ESR_1_to_2,B0 Closed-form,368,1,2,0.99930156901859,1.98843025322396
ESR_1_to_2,B0 Closed-form,369,1,2,0.999316119664036,1.98873154871292
ESR_1_to_2,B0 Closed-form,370,1,2,0.999330367171035,1.98902499796518
ESR_1_to_2,B0 Closed-form,371,1,2,0.999344317854972,1.98931080530984
ESR_1_to_2,B0 Closed-form,372,1,2,0.99935797789966,1.9895891697549
ESR_1_to_2,B0 Closed-form,373,1,2,0.999371353360084,1.98986028512586
ESR_1_to_2,B0 Closed-form,374,1,2,0.999384450165082,1.99012434020071
ESR_1_to_2,B0 Closed-form,375,1,2,0.999397274119976,1.99038151884132
ESR_1_to_2,B0 Closed-form,376,1,2,0.999409830909143,1.99063200012149
ESR_1_to_2,B0 Closed-form,377,1,2,0.999422126098536,1.99087595845166
ESR_1_to_2,B0 Closed-form,378,1,2,0.99943416513815,1.99111356370032
ESR_1_to_2,B0 Closed-form,379,1,2,0.999445953364439,1.99134498131229
ESR_1_to_2,B0 Closed-form,380,1,2,0.999457496002679,1.99157037242395
ESR_1_to_2,B0 Closed-form,381,1,2,0.99946879816929,1.99178989397541
ESR_1_to_2,B0 Closed-form,382,1,2,0.999479864874097,1.9920036988198
ESR_1_to_2,B0 Closed-form,383,1,2,0.999490701022553,1.9922119358297
ESR_1_to_2,B0 Closed-form,384,1,2,0.999501311417916,1.9924147500008
ESR_1_to_2,B0 Closed-form,385,1,2,0.999511700763376,1.99261228255286
ESR_1_to_2,B0 Closed-form,386,1,2,0.999521873664139,1.99280467102805
ESR_1_to_2,B0 Closed-form,387,1,2,0.99953183462947,1.99299204938669
ESR_1_to_2,B0 Closed-form,388,1,2,0.999541588074689,1.99317454810058
ESR_1_to_2,B0 Closed-form,389,1,2,0.999551138323133,1.99335229424379
ESR_1_to_2,B0 Closed-form,390,1,2,0.999560489608068,1.9935254115812
ESR_1_to_2,B0 Closed-form,391,1,2,0.999569646074567,1.9936940206546
ESR_1_to_2,B0 Closed-form,392,1,2,0.999578611781346,1.99385823886672
ESR_1_to_2,B0 Closed-form,393,1,2,0.999587390702568,1.9940181805629
ESR_1_to_2,B0 Closed-form,394,1,2,0.999595986729598,1.99417395711074
ESR_1_to_2,B0 Closed-form,395,1,2,0.999604403672732,1.99432567697765
ESR_1_to_2,B0 Closed-form,396,1,2,0.999612645262883,1.99447344580636
ESR_1_to_2,B0 Closed-form,397,1,2,0.99962071515324,1.99461736648848
ESR_1_to_2,B0 Closed-form,398,1,2,0.999628616920881,1.99475753923618
ESR_1_to_2,B0 Closed-form,399,1,2,0.999636354068362,1.9948940616519
ESR_1_to_2,B0 Closed-form,400,1,2,0.999643930025271,1.99502702879638
ESR_1_to_2,B0 Closed-form,401,1,2,0.999651348149745,1.99515653325481
ESR_1_to_2,B0 Closed-form,402,1,2,0.999658611729959,1.9952826652013
ESR_1_to_2,B0 Closed-form,403,1,2,0.999665723985584,1.99540551246168
ESR_1_to_2,B0 Closed-form,404,1,2,0.999672688069218,1.99552516057466
ESR_1_to_2,B0 Closed-form,405,1,2,0.999679507067776,1.99564169285136
ESR_1_to_2,B0 Closed-form,406,1,2,0.999686184003864,1.99575519043336
ESR_1_to_2,B0 Closed-form,407,1,2,0.999692721837117,1.99586573234916
ESR_1_to_2,B0 Closed-form,408,1,2,0.99969912346551,1.99597339556923
ESR_1_to_2,B0 Closed-form,409,1,2,0.999705391726646,1.99607825505962
ESR_1_to_2,B0 Closed-form,410,1,2,0.999711529399007,1.9961803838341
ESR_1_to_2,B0 Closed-form,411,1,2,0.999717539203194,1.99627985300509
ESR_1_to_2,B0 Closed-form,412,1,2,0.999723423803128,1.99637673183308
ESR_1_to_2,B0 Closed-form,413,1,2,0.999729185807229,1.99647108777493
ESR_1_to_2,B0 Closed-form,414,1,2,0.999734827769579,1.99656298653079
ESR_1_to_2,B0 Closed-form,415,1,2,0.999740352191046,1.99665249208989
ESR_1_to_2,B0 Closed-form,416,1,2,0.999745761520399,1.99673966677504
ESR_1_to_2,B0 Closed-form,417,1,2,0.999751058155391,1.99682457128611
ESR_1_to_2,B0 Closed-form,418,1,2,0.99975624444382,1.9969072647422
ESR_1_to_2,B0 Closed-form,419,1,2,0.999761322684574,1.99698780472287
ESR_1_to_2,B0 Closed-form,420,1,2,0.999766295128645,1.99706624730822
ESR_1_to_2,B0 Closed-form,421,1,2,0.999771163980132,1.9971426471179
ESR_1_to_2,B0 Closed-form,422,1,2,0.999775931397212,1.9972170573492
ESR_1_to_2,B0 Closed-form,423,1,2,0.999780599493104,1.99728952981407
ESR_1_to_2,B0 Closed-form,424,1,2,0.999785170336998,1.99736011497516
ESR_1_to_2,B0 Closed-form,425,1,2,0.999789645954977,1.99742886198101
ESR_1_to_2,B0 Closed-form,426,1,2,0.999794028330915,1.99749581870026
ESR_1_to_2,B0 Closed-form,427,1,2,0.999798319407354,1.99756103175494
ESR_1_to_2,B0 Closed-form,428,1,2,0.999802521086368,1.99762454655299
ESR_1_to_2,B0 Closed-form,429,1,2,0.999806635230402,1.99768640731984
ESR_1_to_2,B0 Closed-form,430,1,2,0.999810663663102,1.99774665712922
ESR_1_to_2,B0 Closed-form,431,1,2,0.99981460817012,1.99780533793314
ESR_1_to_2,B0 Closed-form,432,1,2,0.999818470499909,1.99786249059113
ESR_1_to_2,B0 Closed-form,433,1,2,0.999822252364495,1.99791815489866
ESR_1_to_2,B0 Closed-form,434,1,2,0.999825955440234,1.99797236961484
ESR_1_to_2,B0 Closed-form,435,1,2,0.999829581368563,1.99802517248945
ESR_1_to_2,B0 Closed-form,436,1,2,0.999833131756718,1.9980766002892
ESR_1_to_2,B0 Closed-form,437,1,2,0.999836608178453,1.99812668882334
ESR_1_to_2,B0 Closed-form,438,1,2,0.999840012174735,1.99817547296857
ESR_1_to_2,B0 Closed-form,439,1,2,0.999843345254428,1.99822298669334
ESR_1_to_2,B0 Closed-form,440,1,2,0.999846608894961,1.99826926308154
ESR_1_to_2,B0 Closed-form,441,1,2,0.999849804542982,1.99831433435545
ESR_1_to_2,B0 Closed-form,442,1,2,0.999852933615003,1.99835823189828
ESR_1_to_2,B0 Closed-form,443,1,2,0.999855997498024,1.99840098627593
ESR_1_to_2,B0 Closed-form,444,1,2,0.999858997550149,1.99844262725833
ESR_1_to_2,B0 Closed-form,445,1,2,0.999861935101187,1.99848318384014
ESR_1_to_2,B0 Closed-form,446,1,2,0.999864811453246,1.99852268426097
ESR_1_to_2,B0 Closed-form,447,1,2,0.999867627881303,1.99856115602501
ESR_1_to_2,B0 Closed-form,448,1,2,0.999870385633776,1.99859862592019
ESR_1_to_2,B0 Closed-form,449,1,2,0.999873085933072,1.99863512003685
ESR_1_to_2,B0 Closed-form,450,1,2,0.999875729976133,1.99867066378589
ESR_1_to_2,B0 Closed-form,451,1,2,0.999878318934964,1.99870528191647
ESR_1_to_2,B0 Closed-form,452,1,2,0.999880853957152,1.99873899853323
ESR_1_to_2,B0 Closed-form,453,1,2,0.999883336166378,1.99877183711309
ESR_1_to_2,B0 Closed-form,454,1,2,0.999885766662912,1.9988038205216
ESR_1_to_2,B0 Closed-form,455,1,2,0.999888146524101,1.99883497102885
ESR_1_to_2,B0 Closed-form,456,1,2,0.999890476804849,1.99886531032498
ESR_1_to_2,B0 Closed-form,457,1,2,0.999892758538082,1.99889485953527
ESR_1_to_2,B0 Closed-form,458,1,2,0.999894992735205,1.99892363923487
ESR_1_to_2,B0 Closed-form,459,1,2,0.999897180386555,1.99895166946313
ESR_1_to_2,B0 Closed-form,460,1,2,0.999899322461835,1.99897896973752
ESR_1_to_2,B0 Closed-form,461,1,2,0.999901419910547,1.99900555906728
ESR_1_to_2,B0 Closed-form,462,1,2,0.99990347366241,1.99903145596657
ESR_1_to_2,B0 Closed-form,463,1,2,0.999905484627777,1.99905667846744
ESR_1_to_2,B0 Closed-form,464,1,2,0.999907453698031,1.99908124413235
ESR_1_to_2,B0 Closed-form,465,1,2,0.999909381745989,1.9991051700664
ESR_1_to_2,B0 Closed-form,466,1,2,0.999911269626281,1.99912847292925
ESR_1_to_2,B0 Closed-form,467,1,2,0.999913118175733,1.99915116894672
ESR_1_to_2,B0 Closed-form,468,1,2,0.999914928213739,1.99917327392207
ESR_1_to_2,B0 Closed-form,469,1,2,0.999916700542619,1.99919480324701
ESR_1_to_2,B0 Closed-form,470,1,2,0.999918435947982,1.99921577191246
ESR_1_to_2,B0 Closed-form,471,1,2,0.999920135199065,1.9992361945189
ESR_1_to_2,B0 Closed-form,472,1,2,0.999921799049085,1.99925608528664
ESR_1_to_2,B0 Closed-form,473,1,2,0.999923428235562,1.99927545806563
ESR_1_to_2,B0 Closed-form,474,1,2,0.999925023480655,1.99929432634517
ESR_1_to_2,B0 Closed-form,475,1,2,0.999926585491474,1.99931270326327
ESR_1_to_2,B0 Closed-form,476,1,2,0.999928114960402,1.99933060161579
ESR_1_to_2,B0 Closed-form,477,1,2,0.999929612565393,1.99934803386538
ESR_1_to_2,B0 Closed-form,478,1,2,0.999931078970281,1.99936501215013
ESR_1_to_2,B0 Closed-form,479,1,2,0.999932514825067,1.99938154829206
ESR_1_to_2,B0 Closed-form,480,1,2,0.999933920766211,1.99939765380528
ESR_1_to_2,B0 Closed-form,481,1,2,0.999935297416915,1.9994133399041
ESR_1_to_2,B0 Closed-form,482,1,2,0.999936645387396,1.99942861751077
ESR_1_to_2,B0 Closed-form,483,1,2,0.999937965275159,1.99944349726309
ESR_1_to_2,B0 Closed-form,484,1,2,0.999939257665259,1.99945798952187
ESR_1_to_2,B0 Closed-form,485,1,2,0.999940523130567,1.99947210437807
ESR_1_to_2,B0 Closed-form,486,1,2,0.999941762232013,1.99948585165989
ESR_1_to_2,B0 Closed-form,487,1,2,0.999942975518846,1.99949924093958
ESR_1_to_2,B0 Closed-form,488,1,2,0.99994416352887,1.99951228154011
ESR_1_to_2,B0 Closed-form,489,1,2,0.999945326788686,1.99952498254167
ESR_1_to_2,B0 Closed-form,490,1,2,0.999946465813921,1.99953735278798
ESR_1_to_2,B0 Closed-form,491,1,2,0.999947581109464,1.99954940089246
ESR_1_to_2,B0 Closed-form,492,1,2,0.999948673169684,1.99956113524422
ESR_1_to_2,B0 Closed-form,493,1,2,0.999949742478649,1.9995725640139
ESR_1_to_2,B0 Closed-form,494,1,2,0.999950789510344,1.99958369515937
ESR_1_to_2,B0 Closed-form,495,1,2,0.999951814728878,1.99959453643126
ESR_1_to_2,B0 Closed-form,496,1,2,0.999952818588693,1.99960509537837
ESR_1_to_2,B0 Closed-form,497,1,2,0.999953801534762,1.99961537935289
ESR_1_to_2,B0 Closed-form,498,1,2,0.999954764002788,1.99962539551557
ESR_1_to_2,B0 Closed-form,499,1,2,0.999955706419396,1.99963515084069
ESR_1_to_2,B0 Closed-form,500,1,2,0.999956629202326,1.99964465212088
ESR_1_to_2,B0 Closed-form,501,1,2,0.999957532760611,1.9996539059719
ESR_1_to_2,B0 Closed-form,502,1,2,0.999958417494765,1.99966291883721
ESR_1_to_2,B0 Closed-form,503,1,2,0.999959283796957,1.99967169699249
ESR_1_to_2,B0 Closed-form,504,1,2,0.999960132051187,1.99968024654998
ESR_1_to_2,B0 Closed-form,505,1,2,0.999960962633454,1.99968857346274
ESR_1_to_2,B0 Closed-form,506,1,2,0.999961775911924,1.99969668352882
ESR_1_to_2,B0 Closed-form,507,1,2,0.999962572247092,1.99970458239525
ESR_1_to_2,B0 Closed-form,508,1,2,0.999963351991944,1.99971227556204
ESR_1_to_2,B0 Closed-form,509,1,2,0.999964115492112,1.99971976838595
ESR_1_to_2,B0 Closed-form,510,1,2,0.999964863086026,1.99972706608423
ESR_1_to_2,B0 Closed-form,511,1,2,0.999965595105068,1.99973417373829
ESR_1_to_2,B0 Closed-form,512,1,2,0.999966311873712,1.99974109629719
ESR_1_to_2,B0 Closed-form,513,1,2,0.999967013709676,1.99974783858111
ESR_1_to_2,B0 Closed-form,514,1,2,0.999967700924058,1.99975440528473
ESR_1_to_2,B0 Closed-form,515,1,2,0.999968373821474,1.99976080098044
ESR_1_to_2,B0 Closed-form,516,1,2,0.999969032700193,1.99976703012158
ESR_1_to_2,B0 Closed-form,517,1,2,0.999969677852272,1.99977309704549
ESR_1_to_2,B0 Closed-form,518,1,2,0.999970309563683,1.9997790059766
ESR_1_to_2,B0 Closed-form,519,1,2,0.99997092811444,1.99978476102929
ESR_1_to_2,B0 Closed-form,520,1,2,0.999971533778722,1.99979036621082
ESR_1_to_2,B0 Closed-form,521,1,2,0.999972126824999,1.99979582542408
ESR_1_to_2,B0 Closed-form,522,1,2,0.999972707516145,1.99980114247033
ESR_1_to_2,B0 Closed-form,523,1,2,0.999973276109558,1.99980632105183
ESR_1_to_2,B0 Closed-form,524,1,2,0.999973832857276,1.99981136477444
ESR_1_to_2,B0 Closed-form,525,1,2,0.999974378006083,1.9998162771501
ESR_1_to_2,B0 Closed-form,526,1,2,0.999974911797623,1.99982106159932
ESR_1_to_2,B0 Closed-form,527,1,2,0.999975434468505,1.99982572145351
ESR_1_to_2,B0 Closed-form,528,1,2,0.999975946250412,1.99983025995732
ESR_1_to_2,B0 Closed-form,529,1,2,0.999976447370195,1.99983468027093
ESR_1_to_2,B0 Closed-form,530,1,2,0.999976938049982,1.99983898547221
ESR_1_to_2,B0 Closed-form,531,1,2,0.999977418507274,1.99984317855887
ESR_1_to_2,B0 Closed-form,532,1,2,0.999977888955039,1.99984726245057
ESR_1_to_2,B0 Closed-form,533,1,2,0.99997834960181,1.99985123999092
ESR_1_to_2,B0 Closed-form,534,1,2,0.999978800651772,1.99985511394949
ESR_1_to_2,B0 Closed-form,535,1,2,0.99997924230486,1.99985888702372
ESR_1_to_2,B0 Closed-form,536,1,2,0.999979674756842,1.99986256184081
ESR_1_to_2,B0 Closed-form,537,1,2,0.999980098199408,1.99986614095954
ESR_1_to_2,B0 Closed-form,538,1,2,0.999980512820253,1.99986962687205
ESR_1_to_2,B0 Closed-form,539,1,2,0.999980918803165,1.99987302200559
ESR_1_to_2,B0 Closed-form,540,1,2,0.999981316328099,1.99987632872419
ESR_1_to_2,B0 Closed-form,541,1,2,0.999981705571264,1.99987954933034
ESR_1_to_2,B0 Closed-form,542,1,2,0.999982086705196,1.99988268606652
ESR_1_to_2,B0 Closed-form,543,1,2,0.999982459898837,1.99988574111688
ESR_1_to_2,B0 Closed-form,544,1,2,0.999982825317612,1.99988871660862
ESR_1_to_2,B0 Closed-form,545,1,2,0.999983183123495,1.99989161461361
ESR_1_to_2,B0 Closed-form,546,1,2,0.999983533475089,1.99989443714971
ESR_1_to_2,B0 Closed-form,547,1,2,0.999983876527691,1.99989718618227
ESR_1_to_2,B0 Closed-form,548,1,2,0.999984212433364,1.99989986362544
ESR_1_to_2,B0 Closed-form,549,1,2,0.999984541341002,1.99990247134353
ESR_1_to_2,B0 Closed-form,550,1,2,0.999984863396398,1.99990501115229
ESR_1_to_2,B0 Closed-form,551,1,2,0.999985178742306,1.9999074848202
ESR_1_to_2,B0 Closed-form,552,1,2,0.999985487518508,1.99990989406967
ESR_1_to_2,B0 Closed-form,553,1,2,0.999985789861873,1.99991224057828
ESR_1_to_2,B0 Closed-form,554,1,2,0.999986085906417,1.99991452597988
ESR_1_to_2,B0 Closed-form,555,1,2,0.999986375783367,1.99991675186582
ESR_1_to_2,B0 Closed-form,556,1,2,0.999986659621213,1.99991891978598
ESR_1_to_2,B0 Closed-form,557,1,2,0.999986937545771,1.99992103124989
ESR_1_to_2,B0 Closed-form,558,1,2,0.999987209680234,1.99992308772776
ESR_1_to_2,B0 Closed-form,559,1,2,0.999987476145229,1.99992509065151
ESR_1_to_2,B0 Closed-form,560,1,2,0.99998773705887,1.9999270414158
ESR_1_to_2,B0 Closed-form,561,1,2,0.999987992536811,1.99992894137893
ESR_1_to_2,B0 Closed-form,562,1,2,0.999988242692294,1.99993079186385
ESR_1_to_2,B0 Closed-form,563,1,2,0.999988487636204,1.99993259415906
ESR_1_to_2,B0 Closed-form,564,1,2,0.999988727477117,1.99993434951951
ESR_1_to_2,B0 Closed-form,565,1,2,0.999988962321344,1.99993605916743
ESR_1_to_2,B0 Closed-form,566,1,2,0.999989192272982,1.99993772429328
ESR_1_to_2,B0 Closed-form,567,1,2,0.999989417433962,1.99993934605648
ESR_1_to_2,B0 Closed-form,568,1,2,0.999989637904088,1.99994092558626
ESR_1_to_2,B0 Closed-form,569,1,2,0.999989853781086,1.99994246398245
ESR_1_to_2,B0 Closed-form,570,1,2,0.999990065160646,1.99994396231624
ESR_1_to_2,B0 Closed-form,571,1,2,0.999990272136466,1.99994542163092
ESR_1_to_2,B0 Closed-form,572,1,2,0.99999047480029,1.99994684294262
ESR_1_to_2,B0 Closed-form,573,1,2,0.999990673241951,1.99994822724098
ESR_1_to_2,B0 Closed-form,574,1,2,0.99999086754941,1.99994957548992
ESR_1_to_2,B0 Closed-form,575,1,2,0.999991057808797,1.9999508886282
ESR_1_to_2,B0 Closed-form,576,1,2,0.999991244104447,1.99995216757018
ESR_1_to_2,B0 Closed-form,577,1,2,0.999991426518938,1.99995341320637
ESR_1_to_2,B0 Closed-form,578,1,2,0.999991605133127,1.99995462640412
ESR_1_to_2,B0 Closed-form,579,1,2,0.999991780026186,1.99995580800818
ESR_1_to_2,B0 Closed-form,580,1,2,0.999991951275641,1.9999569588413
ESR_1_to_2,B0 Closed-form,581,1,2,0.999992118957398,1.99995807970481
ESR_1_to_2,B0 Closed-form,582,1,2,0.999992283145786,1.99995917137916
ESR_1_to_2,B0 Closed-form,583,1,2,0.999992443913582,1.9999602346245
ESR_1_to_2,B0 Closed-form,584,1,2,0.999992601332049,1.99996127018115
ESR_1_to_2,B0 Closed-form,585,1,2,0.999992755470965,1.99996227877018
ESR_1_to_2,B0 Closed-form,586,1,2,0.999992906398653,1.99996326109387
ESR_1_to_2,B0 Closed-form,587,1,2,0.999993054182014,1.99996421783622
ESR_1_to_2,B0 Closed-form,588,1,2,0.999993198886556,1.9999651496634
ESR_1_to_2,B0 Closed-form,589,1,2,0.999993340576419,1.99996605722425
ESR_1_to_2,B0 Closed-form,590,1,2,0.99999347931441,1.9999669411507
ESR_1_to_2,B0 Closed-form,591,1,2,0.999993615162027,1.99996780205824
ESR_1_to_2,B0 Closed-form,592,1,2,0.999993748179485,1.9999686405463
ESR_1_to_2,B0 Closed-form,593,1,2,0.999993878425745,1.99996945719874
ESR_1_to_2,B0 Closed-form,594,1,2,0.999994005958542,1.99997025258419
ESR_1_to_2,B0 Closed-form,595,1,2,0.999994130834406,1.99997102725648
ESR_1_to_2,B0 Closed-form,596,1,2,0.999994253108689,1.99997178175501
ESR_1_to_2,B0 Closed-form,597,1,2,0.999994372835592,1.99997251660514
ESR_1_to_2,B0 Closed-form,598,1,2,0.999994490068184,1.99997323231855
ESR_1_to_2,B0 Closed-form,599,1,2,0.99999460485843,1.99997392939359
ESR_1_to_2,B1 RLS,0,1,1,1,1
ESR_1_to_2,B1 RLS,1,1,1,1,1
ESR_1_to_2,B1 RLS,2,1,1,1,1
ESR_1_to_2,B1 RLS,3,1,1,1,1
ESR_1_to_2,B1 RLS,4,1,1,1,1
ESR_1_to_2,B1 RLS,5,1,1,1,1
ESR_1_to_2,B1 RLS,6,1,1,1,1
ESR_1_to_2,B1 RLS,7,1,1,1,1
ESR_1_to_2,B1 RLS,8,1,1,1,1
ESR_1_to_2,B1 RLS,9,1,1,1,1
ESR_1_to_2,B1 RLS,10,1,1,1,1
ESR_1_to_2,B1 RLS,11,1,1,1,1
ESR_1_to_2,B1 RLS,12,1,1,1,1
ESR_1_to_2,B1 RLS,13,1,1,1,1
ESR_1_to_2,B1 RLS,14,1,1,1,1
ESR_1_to_2,B1 RLS,15,1,1,1,1
ESR_1_to_2,B1 RLS,16,1,1,1,1
ESR_1_to_2,B1 RLS,17,1,1,1,1
ESR_1_to_2,B1 RLS,18,1,1,1,1
ESR_1_to_2,B1 RLS,19,1,1,1,1
ESR_1_to_2,B1 RLS,20,1,1,1,1
ESR_1_to_2,B1 RLS,21,1,1,1,1
ESR_1_to_2,B1 RLS,22,1,1,1,1
ESR_1_to_2,B1 RLS,23,1,1,1,1
ESR_1_to_2,B1 RLS,24,1,1,1,1
ESR_1_to_2,B1 RLS,25,1,1,1,1
ESR_1_to_2,B1 RLS,26,1,1,1,1
ESR_1_to_2,B1 RLS,27,1,1,1,1
ESR_1_to_2,B1 RLS,28,1,1,1,1
ESR_1_to_2,B1 RLS,29,1,1,1,1
ESR_1_to_2,B1 RLS,30,1,1,1,1
ESR_1_to_2,B1 RLS,31,1,1,1,1
ESR_1_to_2,B1 RLS,32,1,1,1,1
ESR_1_to_2,B1 RLS,33,1,1,1,1
ESR_1_to_2,B1 RLS,34,1,1,1,1
ESR_1_to_2,B1 RLS,35,1,1,1,1
ESR_1_to_2,B1 RLS,36,1,1,1,1
ESR_1_to_2,B1 RLS,37,1,1,1,1
ESR_1_to_2,B1 RLS,38,1,1,1,1
ESR_1_to_2,B1 RLS,39,1,1,1,1
ESR_1_to_2,B1 RLS,40,1,1,1,1
ESR_1_to_2,B1 RLS,41,1,1,1,1
ESR_1_to_2,B1 RLS,42,1,1,1,1
ESR_1_to_2,B1 RLS,43,1,1,1,1
ESR_1_to_2,B1 RLS,44,1,1,1,1
ESR_1_to_2,B1 RLS,45,1,1,1,1
ESR_1_to_2,B1 RLS,46,1,1,1,1
ESR_1_to_2,B1 RLS,47,1,1,1,1
ESR_1_to_2,B1 RLS,48,1,1,1,1
ESR_1_to_2,B1 RLS,49,1,1,1,1
ESR_1_to_2,B1 RLS,50,1,1,1,1
ESR_1_to_2,B1 RLS,51,1,1,1,1
ESR_1_to_2,B1 RLS,52,1,1,1,1
ESR_1_to_2,B1 RLS,53,1,1,1,1
ESR_1_to_2,B1 RLS,54,1,1,1,1
ESR_1_to_2,B1 RLS,55,1,1,1,1
ESR_1_to_2,B1 RLS,56,1,1,1,1
ESR_1_to_2,B1 RLS,57,1,1,1,1
ESR_1_to_2,B1 RLS,58,1,1,1,1
ESR_1_to_2,B1 RLS,59,1,1,1,1
ESR_1_to_2,B1 RLS,60,1,1,1,1
ESR_1_to_2,B1 RLS,61,1,1,1,1
ESR_1_to_2,B1 RLS,62,1,1,1,1
ESR_1_to_2,B1 RLS,63,1,1,1,1
ESR_1_to_2,B1 RLS,64,1,1,1,1
ESR_1_to_2,B1 RLS,65,1,1,1,1
ESR_1_to_2,B1 RLS,66,1,1,1,1
ESR_1_to_2,B1 RLS,67,1,1,1,1
ESR_1_to_2,B1 RLS,68,1,1,1,1
ESR_1_to_2,B1 RLS,69,1,1,1,1
ESR_1_to_2,B1 RLS,70,1,1,1,1
ESR_1_to_2,B1 RLS,71,1,1,1,1
ESR_1_to_2,B1 RLS,72,1,1,1,1
ESR_1_to_2,B1 RLS,73,1,1,1,1
ESR_1_to_2,B1 RLS,74,1,1,1,1
ESR_1_to_2,B1 RLS,75,1,1,1,1
ESR_1_to_2,B1 RLS,76,1,1,1,1
ESR_1_to_2,B1 RLS,77,1,1,1,1
ESR_1_to_2,B1 RLS,78,1,1,1,1
ESR_1_to_2,B1 RLS,79,1,1,1,1
ESR_1_to_2,B1 RLS,80,1,1,1,1
ESR_1_to_2,B1 RLS,81,1,1,1,1
ESR_1_to_2,B1 RLS,82,1,1,1,1
ESR_1_to_2,B1 RLS,83,1,1,1,1
ESR_1_to_2,B1 RLS,84,1,1,1,1
ESR_1_to_2,B1 RLS,85,1,1,1,1
ESR_1_to_2,B1 RLS,86,1,1,1,1
ESR_1_to_2,B1 RLS,87,1,1,1,1
ESR_1_to_2,B1 RLS,88,1,1,1,1
ESR_1_to_2,B1 RLS,89,1,1,1,1
ESR_1_to_2,B1 RLS,90,1,1,1,1
ESR_1_to_2,B1 RLS,91,1,1,1,1
ESR_1_to_2,B1 RLS,92,1,1,1,1
ESR_1_to_2,B1 RLS,93,1,1,1,1
ESR_1_to_2,B1 RLS,94,1,1,1,1
ESR_1_to_2,B1 RLS,95,1,1,1,1
ESR_1_to_2,B1 RLS,96,1,1,1,1
ESR_1_to_2,B1 RLS,97,1,1,1,1
ESR_1_to_2,B1 RLS,98,1,1,1,1
ESR_1_to_2,B1 RLS,99,1,1,1,1
ESR_1_to_2,B1 RLS,100,1,1,1,1
ESR_1_to_2,B1 RLS,101,1,1,1,1
ESR_1_to_2,B1 RLS,102,1,1,1,1
ESR_1_to_2,B1 RLS,103,1,1,1,1
ESR_1_to_2,B1 RLS,104,1,1,1,1
ESR_1_to_2,B1 RLS,105,1,1,1,1
ESR_1_to_2,B1 RLS,106,1,1,1,1
ESR_1_to_2,B1 RLS,107,1,1,1,1
ESR_1_to_2,B1 RLS,108,1,1,1,1
ESR_1_to_2,B1 RLS,109,1,1,1,1
ESR_1_to_2,B1 RLS,110,1,1,1,1
ESR_1_to_2,B1 RLS,111,1,1,1,1
ESR_1_to_2,B1 RLS,112,1,1,1,1
ESR_1_to_2,B1 RLS,113,1,1,1,1
ESR_1_to_2,B1 RLS,114,1,1,1,1
ESR_1_to_2,B1 RLS,115,1,1,1,1
ESR_1_to_2,B1 RLS,116,1,1,1,1
ESR_1_to_2,B1 RLS,117,1,1,1,1
ESR_1_to_2,B1 RLS,118,1,1,1,1
ESR_1_to_2,B1 RLS,119,1,1,1,1
ESR_1_to_2,B1 RLS,120,1,1,1,1
ESR_1_to_2,B1 RLS,121,1,1,1,1
ESR_1_to_2,B1 RLS,122,1,1,1,1
ESR_1_to_2,B1 RLS,123,1,1,1,1
ESR_1_to_2,B1 RLS,124,1,1,1,1
ESR_1_to_2,B1 RLS,125,1,1,1,1
ESR_1_to_2,B1 RLS,126,1,1,1,1
ESR_1_to_2,B1 RLS,127,1,1,1,1
ESR_1_to_2,B1 RLS,128,1,1,1,1
ESR_1_to_2,B1 RLS,129,1,1,1,1
ESR_1_to_2,B1 RLS,130,1,1,1,1
ESR_1_to_2,B1 RLS,131,1,1,1,1
ESR_1_to_2,B1 RLS,132,1,1,1,1
ESR_1_to_2,B1 RLS,133,1,1,1,1
ESR_1_to_2,B1 RLS,134,1,1,1,1
ESR_1_to_2,B1 RLS,135,1,1,1,1
ESR_1_to_2,B1 RLS,136,1,1,1,1
ESR_1_to_2,B1 RLS,137,1,1,1,1
ESR_1_to_2,B1 RLS,138,1,1,1,1
ESR_1_to_2,B1 RLS,139,1,1,1,1
ESR_1_to_2,B1 RLS,140,1,1,1,1
ESR_1_to_2,B1 RLS,141,1,1,1,1
ESR_1_to_2,B1 RLS,142,1,1,1,1
ESR_1_to_2,B1 RLS,143,1,1,1,1
ESR_1_to_2,B1 RLS,144,1,1,1,1
ESR_1_to_2,B1 RLS,145,1,1,1,1
ESR_1_to_2,B1 RLS,146,1,1,1,1
ESR_1_to_2,B1 RLS,147,1,1,1,1
ESR_1_to_2,B1 RLS,148,1,1,1,1
ESR_1_to_2,B1 RLS,149,1,1,1,1
ESR_1_to_2,B1 RLS,150,1,1,1,1
ESR_1_to_2,B1 RLS,151,1,1,1,1
ESR_1_to_2,B1 RLS,152,1,1,1,1
ESR_1_to_2,B1 RLS,153,1,1,1,1
ESR_1_to_2,B1 RLS,154,1,1,1,1
ESR_1_to_2,B1 RLS,155,1,1,1,1
ESR_1_to_2,B1 RLS,156,1,1,1,1
ESR_1_to_2,B1 RLS,157,1,1,1,1
ESR_1_to_2,B1 RLS,158,1,1,1,1
ESR_1_to_2,B1 RLS,159,1,1,1,1
ESR_1_to_2,B1 RLS,160,1,1,1,1
ESR_1_to_2,B1 RLS,161,1,1,1,1
ESR_1_to_2,B1 RLS,162,1,1,1,1
ESR_1_to_2,B1 RLS,163,1,1,1,1
ESR_1_to_2,B1 RLS,164,1,1,1,1
ESR_1_to_2,B1 RLS,165,1,1,1,1
ESR_1_to_2,B1 RLS,166,1,1,1,1
ESR_1_to_2,B1 RLS,167,1,1,1,1
ESR_1_to_2,B1 RLS,168,1,1,1,1
ESR_1_to_2,B1 RLS,169,1,1,1,1
ESR_1_to_2,B1 RLS,170,1,1,1,1
ESR_1_to_2,B1 RLS,171,1,1,1,1
ESR_1_to_2,B1 RLS,172,1,1,1,1
ESR_1_to_2,B1 RLS,173,1,1,1,1
ESR_1_to_2,B1 RLS,174,1,1,1,1
ESR_1_to_2,B1 RLS,175,1,1,1,1
ESR_1_to_2,B1 RLS,176,1,1,1,1
ESR_1_to_2,B1 RLS,177,1,1,1,1
ESR_1_to_2,B1 RLS,178,1,1,1,1
ESR_1_to_2,B1 RLS,179,1,1,1,1
ESR_1_to_2,B1 RLS,180,1,1,1,1
ESR_1_to_2,B1 RLS,181,1,1,1,1
ESR_1_to_2,B1 RLS,182,1,1,1,1
ESR_1_to_2,B1 RLS,183,1,1,1,1
ESR_1_to_2,B1 RLS,184,1,1,1,1
ESR_1_to_2,B1 RLS,185,1,1,1,1
ESR_1_to_2,B1 RLS,186,1,1,1,1
ESR_1_to_2,B1 RLS,187,1,1,1,1
ESR_1_to_2,B1 RLS,188,1,1,1,1
ESR_1_to_2,B1 RLS,189,1,1,1,1
ESR_1_to_2,B1 RLS,190,1,1,1,1
ESR_1_to_2,B1 RLS,191,1,1,1,1
ESR_1_to_2,B1 RLS,192,1,1,1,1
ESR_1_to_2,B1 RLS,193,1,1,1,1
ESR_1_to_2,B1 RLS,194,1,1,1,1
ESR_1_to_2,B1 RLS,195,1,1,1,1
ESR_1_to_2,B1 RLS,196,1,1,1,1
ESR_1_to_2,B1 RLS,197,1,1,1,1
ESR_1_to_2,B1 RLS,198,1,1,1,1
ESR_1_to_2,B1 RLS,199,1,1,1,1
ESR_1_to_2,B1 RLS,200,1,2,0.968,1.01602564102564
ESR_1_to_2,B1 RLS,201,1,2,0.968410256410256,1.031794460881
ESR_1_to_2,B1 RLS,202,1,2,0.968815253122945,1.04731057528996
ESR_1_to_2,B1 RLS,203,1,2,0.969215057570087,1.06257803401929
ESR_1_to_2,B1 RLS,204,1,2,0.969609736319189,1.07760082193564
ESR_1_to_2,B1 RLS,205,1,2,0.969999355084327,1.09238286004565
ESR_1_to_2,B1 RLS,206,1,2,0.970383978737092,1.10692800651928
ESR_1_to_2,B1 RLS,207,1,2,0.970763671317386,1.12124005769685
ESR_1_to_2,B1 RLS,208,1,2,0.971138496044086,1.13532274907991
ESR_1_to_2,B1 RLS,209,1,2,0.971508515325572,1.1491797563062
ESR_1_to_2,B1 RLS,210,1,2,0.971873790770116,1.16281469610898
ESR_1_to_2,B1 RLS,211,1,2,0.97223438319614,1.17623112726108
ESR_1_to_2,B1 RLS,212,1,2,0.972590352642344,1.18943255150369
ESR_1_to_2,B1 RLS,213,1,2,0.972941758377698,1.20242241446037
ESR_1_to_2,B1 RLS,214,1,2,0.973288658911317,1.21520410653632
ESR_1_to_2,B1 RLS,215,1,2,0.973631112002198,1.22778096380337
ESR_1_to_2,B1 RLS,216,1,2,0.973969174668836,1.24015626887062
ESR_1_to_2,B1 RLS,217,1,2,0.974302903198723,1.25233325174128
ESR_1_to_2,B1 RLS,218,1,2,0.974632353157714,1.26431509065569
ESR_1_to_2,B1 RLS,219,1,2,0.974957579399282,1.27610491292082
ESR_1_to_2,B1 RLS,220,1,2,0.97527863607365,1.28770579572658
ESR_1_to_2,B1 RLS,221,1,2,0.975595576636808,1.29912076694891
ESR_1_to_2,B1 RLS,222,1,2,0.975908453859413,1.31035280594011
ESR_1_to_2,B1 RLS,223,1,2,0.976217319835574,1.32140484430645
ESR_1_to_2,B1 RLS,224,1,2,0.976522225991529,1.33227976667334
ESR_1_to_2,B1 RLS,225,1,2,0.976823223094201,1.34298041143819
ESR_1_to_2,B1 RLS,226,1,2,0.97712036125966,1.35350957151129
ESR_1_to_2,B1 RLS,227,1,2,0.977413689961459,1.36386999504477
ESR_1_to_2,B1 RLS,228,1,2,0.977703258038877,1.37406438614982
ESR_1_to_2,B1 RLS,229,1,2,0.977989113705045,1.38409540560255
ESR_1_to_2,B1 RLS,230,1,2,0.97827130455498,1.3939656715384
ESR_1_to_2,B1 RLS,231,1,2,0.978549877573506,1.40367776013554
ESR_1_to_2,B1 RLS,232,1,2,0.978824879143076,1.41323420628722
ESR_1_to_2,B1 RLS,233,1,2,0.979096355051499,1.42263750426338
ESR_1_to_2,B1 RLS,234,1,2,0.979364350499556,1.43189010836173
ESR_1_to_2,B1 RLS,235,1,2,0.979628910108536,1.44099443354824
ESR_1_to_2,B1 RLS,236,1,2,0.979890077927658,1.44995285608753
ESR_1_to_2,B1 RLS,237,1,2,0.980147897441406,1.45876771416305
ESR_1_to_2,B1 RLS,238,1,2,0.980402411576772,1.46744130848736
ESR_1_to_2,B1 RLS,239,1,2,0.980653662710403,1.47597590290263
ESR_1_to_2,B1 RLS,240,1,2,0.980901692675655,1.48437372497149
ESR_1_to_2,B1 RLS,241,1,2,0.981146542769556,1.49263696655849
ESR_1_to_2,B1 RLS,242,1,2,0.98138825375969,1.5007677844021
ESR_1_to_2,B1 RLS,243,1,2,0.981626865890976,1.50876830067771
ESR_1_to_2,B1 RLS,244,1,2,0.981862418892374,1.51664060355147
ESR_1_to_2,B1 RLS,245,1,2,0.982094951983497,1.52438674772532
ESR_1_to_2,B1 RLS,246,1,2,0.982324503881145,1.53200875497331
ESR_1_to_2,B1 RLS,247,1,2,0.982551112805746,1.53950861466925
ESR_1_to_2,B1 RLS,248,1,2,0.982774816487723,1.54688828430596
ESR_1_to_2,B1 RLS,249,1,2,0.982995652173778,1.55414969000619
ESR_1_to_2,B1 RLS,250,1,2,0.983213656633089,1.56129472702532
ESR_1_to_2,B1 RLS,251,1,2,0.983428866163434,1.56832526024607
ESR_1_to_2,B1 RLS,252,1,2,0.983641316597236,1.5752431246652
ESR_1_to_2,B1 RLS,253,1,2,0.983851043307528,1.58205012587249
ESR_1_to_2,B1 RLS,254,1,2,0.984058081213841,1.58874804052197
ESR_1_to_2,B1 RLS,255,1,2,0.984262464788023,1.59533861679566
ESR_1_to_2,B1 RLS,256,1,2,0.984464228059971,1.60182357485983
ESR_1_to_2,B1 RLS,257,1,2,0.984663404623305,1.608204607314
ESR_1_to_2,B1 RLS,258,1,2,0.984860027640955,1.61448337963268
ESR_1_to_2,B1 RLS,259,1,2,0.985054129850686,1.62066153060011
ESR_1_to_2,B1 RLS,260,1,2,0.985245743570549,1.62674067273793
ESR_1_to_2,B1 RLS,261,1,2,0.98543490070426,1.6327223927261
ESR_1_to_2,B1 RLS,262,1,2,0.985621632746513,1.63860825181703
ESR_1_to_2,B1 RLS,263,1,2,0.985805970788225,1.64439978624304
ESR_1_to_2,B1 RLS,264,1,2,0.985987945521709,1.65009850761735
ESR_1_to_2,B1 RLS,265,1,2,0.98616758724579,1.65570590332861
ESR_1_to_2,B1 RLS,266,1,2,0.986344925870844,1.66122343692911
ESR_1_to_2,B1 RLS,267,1,2,0.986519990923781,1.66665254851679
ESR_1_to_2,B1 RLS,268,1,2,0.986692811552964,1.67199465511107
ESR_1_to_2,B1 RLS,269,1,2,0.986863416533054,1.67725115102275
ESR_1_to_2,B1 RLS,270,1,2,0.98703183426981,1.6824234082179
ESR_1_to_2,B1 RLS,271,1,2,0.987198092804812,1.68751277667594
ESR_1_to_2,B1 RLS,272,1,2,0.987362219820135,1.69252058474204
ESR_1_to_2,B1 RLS,273,1,2,0.987524242642954,1.69744813947373
ESR_1_to_2,B1 RLS,274,1,2,0.987684188250095,1.70229672698217
ESR_1_to_2,B1 RLS,275,1,2,0.98784208327253,1.70706761276771
ESR_1_to_2,B1 RLS,276,1,2,0.987997953999805,1.71176204205028
ESR_1_to_2,B1 RLS,277,1,2,0.988151826384423,1.71638124009434
ESR_1_to_2,B1 RLS,278,1,2,0.988303726046161,1.72092641252873
ESR_1_to_2,B1 RLS,279,1,2,0.988453678276339,1.72539874566128
ESR_1_to_2,B1 RLS,280,1,2,0.988601708042027,1.72979940678851
ESR_1_to_2,B1 RLS,281,1,2,0.988747839990206,1.73412954450023
ESR_1_to_2,B1 RLS,282,1,2,0.98889209845187,1.73839028897939
ESR_1_to_2,B1 RLS,283,1,2,0.989034507446077,1.74258275229703
ESR_1_to_2,B1 RLS,284,1,2,0.989175090683947,1.74670802870253
ESR_1_to_2,B1 RLS,285,1,2,0.989313871572615,1.75076719490922
ESR_1_to_2,B1 RLS,286,1,2,0.98945087321912,1.75476131037541
ESR_1_to_2,B1 RLS,287,1,2,0.989586118434259,1.75869141758094
ESR_1_to_2,B1 RLS,288,1,2,0.989719629736384,1.76255854229919
ESR_1_to_2,B1 RLS,289,1,2,0.989851429355148,1.76636369386491
ESR_1_to_2,B1 RLS,290,1,2,0.989981539235211,1.77010786543759
ESR_1_to_2,B1 RLS,291,1,2,0.990109981039887,1.7737920342607
ESR_1_to_2,B1 RLS,292,1,2,0.990236776154761,1.77741716191678
ESR_1_to_2,B1 RLS,293,1,2,0.990361945691238,1.78098419457837
ESR_1_to_2,B1 RLS,294,1,2,0.990485510490068,1.784494063255
ESR_1_to_2,B1 RLS,295,1,2,0.990607491124811,1.78794768403617
ESR_1_to_2,B1 RLS,296,1,2,0.990727907905262,1.79134595833046
ESR_1_to_2,B1 RLS,297,1,2,0.990846780880836,1.79468977310081
ESR_1_to_2,B1 RLS,298,1,2,0.990964129843902,1.79798000109599
ESR_1_to_2,B1 RLS,299,1,2,0.991079974333083,1.80121750107842
ESR_1_to_2,B1 RLS,300,1,2,0.991194333636505,1.80440311804832
ESR_1_to_2,B1 RLS,301,1,2,0.991307226795011,1.80753768346421
ESR_1_to_2,B1 RLS,302,1,2,0.991418672605332,1.81062201545998
ESR_1_to_2,B1 RLS,303,1,2,0.991528689623212,1.81365691905837
ESR_1_to_2,B1 RLS,304,1,2,0.991637296166504,1.81664318638116
ESR_1_to_2,B1 RLS,305,1,2,0.991744510318216,1.81958159685582
ESR_1_to_2,B1 RLS,306,1,2,0.99185034992952,1.82247291741903
ESR_1_to_2,B1 RLS,307,1,2,0.991954832622732,1.8253179027168
ESR_1_to_2,B1 RLS,308,1,2,0.992057975794235,1.82811729530147
ESR_1_to_2,B1 RLS,309,1,2,0.992159796617386,1.83087182582548
ESR_1_to_2,B1 RLS,310,1,2,0.992260312045368,1.83358221323212
ESR_1_to_2,B1 RLS,311,1,2,0.992359538814017,1.83624916494315
ESR_1_to_2,B1 RLS,312,1,2,0.992457493444607,1.83887337704342
ESR_1_to_2,B1 RLS,313,1,2,0.992554192246599,1.84145553446259
ESR_1_to_2,B1 RLS,314,1,2,0.992649651320361,1.8439963111539
ESR_1_to_2,B1 RLS,315,1,2,0.992743886559843,1.84649637027002
ESR_1_to_2,B1 RLS,316,1,2,0.99283691365523,1.84895636433621
ESR_1_to_2,B1 RLS,317,1,2,0.992928748095547,1.85137693542056
ESR_1_to_2,B1 RLS,318,1,2,0.993019405171246,1.85375871530164
ESR_1_to_2,B1 RLS,319,1,2,0.993108899976742,1.85610232563335
ESR_1_to_2,B1 RLS,320,1,2,0.993197247412938,1.85840837810717
ESR_1_to_2,B1 RLS,321,1,2,0.993284462189695,1.86067747461186
ESR_1_to_2,B1 RLS,322,1,2,0.993370558828289,1.86291020739052
ESR_1_to_2,B1 RLS,323,1,2,0.993455551663823,1.86510715919516
ESR_1_to_2,B1 RLS,324,1,2,0.993539454847621,1.86726890343883
ESR_1_to_2,B1 RLS,325,1,2,0.993622282349574,1.86939600434526
ESR_1_to_2,B1 RLS,326,1,2,0.993704047960477,1.87148901709613
ESR_1_to_2,B1 RLS,327,1,2,0.993784765294317,1.873548487976
ESR_1_to_2,B1 RLS,328,1,2,0.993864447790544,1.87557495451485
ESR_1_to_2,B1 RLS,329,1,2,0.993943108716306,1.87756894562839
ESR_1_to_2,B1 RLS,330,1,2,0.994020761168661,1.87953098175614
ESR_1_to_2,B1 RLS,331,1,2,0.994097418076755,1.88146157499723
ESR_1_to_2,B1 RLS,332,1,2,0.994173092203976,1.88336122924407
ESR_1_to_2,B1 RLS,333,1,2,0.994247796150079,1.88523044031388
ESR_1_to_2,B1 RLS,334,1,2,0.994321542353283,1.88706969607808
ESR_1_to_2,B1 RLS,335,1,2,0.994394343092344,1.88887947658965
ESR_1_to_2,B1 RLS,336,1,2,0.994466210488596,1.8906602542084
ESR_1_to_2,B1 RLS,337,1,2,0.994537156507973,1.89241249372429
ESR_1_to_2,B1 RLS,338,1,2,0.994607192962999,1.89413665247871
ESR_1_to_2,B1 RLS,339,1,2,0.994676331514755,1.89583318048386
ESR_1_to_2,B1 RLS,340,1,2,0.994744583674822,1.89750252054021
ESR_1_to_2,B1 RLS,341,1,2,0.994811960807196,1.89914510835206
ESR_1_to_2,B1 RLS,342,1,2,0.994878474130181,1.90076137264129
ESR_1_to_2,B1 RLS,343,1,2,0.994944134718256,1.90235173525922
ESR_1_to_2,B1 RLS,344,1,2,0.995008953503919,1.90391661129673
ESR_1_to_2,B1 RLS,345,1,2,0.99507294127951,1.90545640919262
ESR_1_to_2,B1 RLS,346,1,2,0.995136108699003,1.90697153084017
ESR_1_to_2,B1 RLS,347,1,2,0.995198466279785,1.90846237169209
ESR_1_to_2,B1 RLS,348,1,2,0.995260024404403,1.9099293208637
ESR_1_to_2,B1 RLS,349,1,2,0.995320793322296,1.91137276123447
ESR_1_to_2,B1 RLS,350,1,2,0.995380783151497,1.91279306954802
ESR_1_to_2,B1 RLS,351,1,2,0.995440003880324,1.91419061651039
ESR_1_to_2,B1 RLS,352,1,2,0.995498465369038,1.91556576688683
ESR_1_to_2,B1 RLS,353,1,2,0.995556177351486,1.91691887959697
ESR_1_to_2,B1 RLS,354,1,2,0.995613149436723,1.91825030780856
ESR_1_to_2,B1 RLS,355,1,2,0.995669391110611,1.91956039902958
ESR_1_to_2,B1 RLS,356,1,2,0.995724911737399,1.92084949519898
ESR_1_to_2,B1 RLS,357,1,2,0.995779720561278,1.92211793277592
ESR_1_to_2,B1 RLS,358,1,2,0.995833826707928,1.92336604282758
ESR_1_to_2,B1 RLS,359,1,2,0.995887239186032,1.9245941511156
ESR_1_to_2,B1 RLS,360,1,2,0.995939966888775,1.92580257818106
ESR_1_to_2,B1 RLS,361,1,2,0.995992018595329,1.92699163942816
ESR_1_to_2,B1 RLS,362,1,2,0.996043402972312,1.92816164520655
ESR_1_to_2,B1 RLS,363,1,2,0.996094128575231,1.92931290089234
ESR_1_to_2,B1 RLS,364,1,2,0.996144203849908,1.93044570696779
ESR_1_to_2,B1 RLS,365,1,2,0.996193637133883,1.93156035909971
ESR_1_to_2,B1 RLS,366,1,2,0.996242436657808,1.93265714821671
ESR_1_to_2,B1 RLS,367,1,2,0.99629061054681,1.93373636058503
ESR_1_to_2,B1 RLS,368,1,2,0.996338166821851,1.93479827788334
ESR_1_to_2,B1 RLS,369,1,2,0.996385113401058,1.93584317727624
ESR_1_to_2,B1 RLS,370,1,2,0.996431458101045,1.93687133148656
ESR_1_to_2,B1 RLS,371,1,2,0.996477208638211,1.93788300886658
ESR_1_to_2,B1 RLS,372,1,2,0.996522372630029,1.93887847346808
ESR_1_to_2,B1 RLS,373,1,2,0.99656695759631,1.93985798511122
ESR_1_to_2,B1 RLS,374,1,2,0.99661097096046,1.94082179945238
ESR_1_to_2,B1 RLS,375,1,2,0.996654420050711,1.9417701680509
ESR_1_to_2,B1 RLS,376,1,2,0.996697312101343,1.9427033384347
ESR_1_to_2,B1 RLS,377,1,2,0.996739654253889,1.94362155416491
ESR_1_to_2,B1 RLS,378,1,2,0.996781453558327,1.94452505489945
ESR_1_to_2,B1 RLS,379,1,2,0.996822716974246,1.94541407645555
ESR_1_to_2,B1 RLS,380,1,2,0.996863451372012,1.94628885087133
ESR_1_to_2,B1 RLS,381,1,2,0.996903663533909,1.94714960646634
ESR_1_to_2,B1 RLS,382,1,2,0.996943360155269,1.94799656790117
ESR_1_to_2,B1 RLS,383,1,2,0.996982547845586,1.94882995623609
ESR_1_to_2,B1 RLS,384,1,2,0.997021233129617,1.94964998898872
ESR_1_to_2,B1 RLS,385,1,2,0.997059422448468,1.95045688019082
ESR_1_to_2,B1 RLS,386,1,2,0.997097122160667,1.95125084044417
ESR_1_to_2,B1 RLS,387,1,2,0.997134338543223,1.95203207697552
ESR_1_to_2,B1 RLS,388,1,2,0.997171077792669,1.95280079369065
ESR_1_to_2,B1 RLS,389,1,2,0.997207346026096,1.95355719122766
ESR_1_to_2,B1 RLS,390,1,2,0.997243149282172,1.95430146700927
ESR_1_to_2,B1 RLS,391,1,2,0.997278493522144,1.95503381529438
ESR_1_to_2,B1 RLS,392,1,2,0.997313384630834,1.95575442722876
ESR_1_to_2,B1 RLS,393,1,2,0.997347828417619,1.95646349089497
ESR_1_to_2,B1 RLS,394,1,2,0.997381830617393,1.95716119136139
ESR_1_to_2,B1 RLS,395,1,2,0.997415396891529,1.9578477107306
ESR_1_to_2,B1 RLS,396,1,2,0.997448532828817,1.95852322818684
ESR_1_to_2,B1 RLS,397,1,2,0.997481243946396,1.95918792004282
ESR_1_to_2,B1 RLS,398,1,2,0.997513535690673,1.95984195978573
ESR_1_to_2,B1 RLS,399,1,2,0.997545413438228,1.96048551812249
ESR_1_to_2,B1 RLS,400,1,2,0.997576882496713,1.96111876302438
ESR_1_to_2,B1 RLS,401,1,2,0.997607948105729,1.96174185977078
ESR_1_to_2,B1 RLS,402,1,2,0.997638615437707,1.9623549709924
ESR_1_to_2,B1 RLS,403,1,2,0.997668889598762,1.96295825671368
ESR_1_to_2,B1 RLS,404,1,2,0.997698775629547,1.96355187439455
ESR_1_to_2,B1 RLS,405,1,2,0.997728278506092,1.96413597897156
ESR_1_to_2,B1 RLS,406,1,2,0.997757403140629,1.9647107228983
ESR_1_to_2,B1 RLS,407,1,2,0.997786154382416,1.96527625618518
ESR_1_to_2,B1 RLS,408,1,2,0.997814537018539,1.96583272643863
ESR_1_to_2,B1 RLS,409,1,2,0.997842555774711,1.96638027889955
ESR_1_to_2,B1 RLS,410,1,2,0.997870215316061,1.96691905648128
ESR_1_to_2,B1 RLS,411,1,2,0.997897520247906,1.9674491998069
ESR_1_to_2,B1 RLS,412,1,2,0.997924475116523,1.9679708472459
ESR_1_to_2,B1 RLS,413,1,2,0.997951084409901,1.96848413495029
ESR_1_to_2,B1 RLS,414,1,2,0.997977352558492,1.96898919689019
ESR_1_to_2,B1 RLS,415,1,2,0.998003283935947,1.96948616488874
ESR_1_to_2,B1 RLS,416,1,2,0.998028882859845,1.96997516865655
ESR_1_to_2,B1 RLS,417,1,2,0.998054153592411,1.97045633582552
ESR_1_to_2,B1 RLS,418,1,2,0.998079100341226,1.97092979198216
ESR_1_to_2,B1 RLS,419,1,2,0.998103727259929,1.97139566070039
ESR_1_to_2,B1 RLS,420,1,2,0.998128038448904,1.97185406357378
ESR_1_to_2,B1 RLS,421,1,2,0.998152037955969,1.97230512024728
ESR_1_to_2,B1 RLS,422,1,2,0.998175729777047,1.97274894844845
ESR_1_to_2,B1 RLS,423,1,2,0.998199117856828,1.97318566401818
ESR_1_to_2,B1 RLS,424,1,2,0.998222206089433,1.97361538094097
ESR_1_to_2,B1 RLS,425,1,2,0.998244998319055,1.97403821137461
ESR_1_to_2,B1 RLS,426,1,2,0.998267498340606,1.9744542656795
ESR_1_to_2,B1 RLS,427,1,2,0.998289709900342,1.97486365244746
ESR_1_to_2,B1 RLS,428,1,2,0.998311636696491,1.97526647853003
ESR_1_to_2,B1 RLS,429,1,2,0.99833328237987,1.97566284906641
ESR_1_to_2,B1 RLS,430,1,2,0.998354650554487,1.97605286751086
ESR_1_to_2,B1 RLS,431,1,2,0.998375744778147,1.97643663565972
ESR_1_to_2,B1 RLS,432,1,2,0.998396568563043,1.976814253678
ESR_1_to_2,B1 RLS,433,1,2,0.998417125376337,1.97718582012546
ESR_1_to_2,B1 RLS,434,1,2,0.998437418640743,1.97755143198243
ESR_1_to_2,B1 RLS,435,1,2,0.998457451735092,1.97791118467502
ESR_1_to_2,B1 RLS,436,1,2,0.998477227994899,1.9782651721001
ESR_1_to_2,B1 RLS,437,1,2,0.998496750712913,1.97861348664977
ESR_1_to_2,B1 RLS,438,1,2,0.99851602313967,1.97895621923552
ESR_1_to_2,B1 RLS,439,1,2,0.998535048484034,1.97929345931187
ESR_1_to_2,B1 RLS,440,1,2,0.998553829913726,1.97962529489982
ESR_1_to_2,B1 RLS,441,1,2,0.998572370555857,1.97995181260976
ESR_1_to_2,B1 RLS,442,1,2,0.998590673497449,1.98027309766409
ESR_1_to_2,B1 RLS,443,1,2,0.998608741785943,1.98058923391947
ESR_1_to_2,B1 RLS,444,1,2,0.998626578429713,1.98090030388871
ESR_1_to_2,B1 RLS,445,1,2,0.998644186398563,1.98120638876229
ESR_1_to_2,B1 RLS,446,1,2,0.998661568624222,1.98150756842956
ESR_1_to_2,B1 RLS,447,1,2,0.998678728000835,1.9818039214996
ESR_1_to_2,B1 RLS,448,1,2,0.99869566738544,1.98209552532172
ESR_1_to_2,B1 RLS,449,1,2,0.998712389598447,1.98238245600567
ESR_1_to_2,B1 RLS,450,1,2,0.998728897424108,1.98266478844148
ESR_1_to_2,B1 RLS,451,1,2,0.998745193610978,1.98294259631902
ESR_1_to_2,B1 RLS,452,1,2,0.998761280872376,1.98321595214724
ESR_1_to_2,B1 RLS,453,1,2,0.998777161886833,1.98348492727308
ESR_1_to_2,B1 RLS,454,1,2,0.99879283929854,1.98374959190012
ESR_1_to_2,B1 RLS,455,1,2,0.998808315717789,1.98401001510685
ESR_1_to_2,B1 RLS,456,1,2,0.998823593721407,1.98426626486475
ESR_1_to_2,B1 RLS,457,1,2,0.998838675853184,1.98451840805602
ESR_1_to_2,B1 RLS,458,1,2,0.998853564624297,1.98476651049102
ESR_1_to_2,B1 RLS,459,1,2,0.998868262513729,1.98501063692546
ESR_1_to_2,B1 RLS,460,1,2,0.998882771968681,1.98525085107729
ESR_1_to_2,B1 RLS,461,1,2,0.99889709540498,1.98548721564336
ESR_1_to_2,B1 RLS,462,1,2,0.998911235207481,1.98571979231574
ESR_1_to_2,B1 RLS,463,1,2,0.998925193730462,1.98594864179786
ESR_1_to_2,B1 RLS,464,1,2,0.99893897329802,1.98617382382033
ESR_1_to_2,B1 RLS,465,1,2,0.998952576204455,1.98639539715655
ESR_1_to_2,B1 RLS,466,1,2,0.998966004714655,1.98661341963801
ESR_1_to_2,B1 RLS,467,1,2,0.998979261064467,1.98682794816945
ESR_1_to_2,B1 RLS,468,1,2,0.998992347461076,1.98703903874366
ESR_1_to_2,B1 RLS,469,1,2,0.99900526608337,1.9872467464561
ESR_1_to_2,B1 RLS,470,1,2,0.999018019082301,1.98745112551931
ESR_1_to_2,B1 RLS,471,1,2,0.999030608581246,1.98765222927701
ESR_1_to_2,B1 RLS,472,1,2,0.999043036676358,1.98785011021808
ESR_1_to_2,B1 RLS,473,1,2,0.999055305436918,1.98804481999023
ESR_1_to_2,B1 RLS,474,1,2,0.999067416905675,1.98823640941346
ESR_1_to_2,B1 RLS,475,1,2,0.999079373099192,1.98842492849338
ESR_1_to_2,B1 RLS,476,1,2,0.999091176008177,1.98861042643419
ESR_1_to_2,B1 RLS,477,1,2,0.999102827597816,1.98879295165159
ESR_1_to_2,B1 RLS,478,1,2,0.9991143298081,1.98897255178538
ESR_1_to_2,B1 RLS,479,1,2,0.99912568455415,1.98914927371189
ESR_1_to_2,B1 RLS,480,1,2,0.999136893726533,1.98932316355625
ESR_1_to_2,B1 RLS,481,1,2,0.999147959191577,1.98949426670439
ESR_1_to_2,B1 RLS,482,1,2,0.999158882791685,1.9896626278149
ESR_1_to_2,B1 RLS,483,1,2,0.999169666345638,1.98982829083068
ESR_1_to_2,B1 RLS,484,1,2,0.999180311648899,1.98999129899045
ESR_1_to_2,B1 RLS,485,1,2,0.999190820473913,1.99015169483996
ESR_1_to_2,B1 RLS,486,1,2,0.999201194570402,1.99030952024317
ESR_1_to_2,B1 RLS,487,1,2,0.999211435665653,1.99046481639312
ESR_1_to_2,B1 RLS,488,1,2,0.999221545464811,1.99061762382271
ESR_1_to_2,B1 RLS,489,1,2,0.99923152565116,1.9907679824153
ESR_1_to_2,B1 RLS,490,1,2,0.999241377886401,1.99091593141505
ESR_1_to_2,B1 RLS,491,1,2,0.999251103810935,1.99106150943725
ESR_1_to_2,B1 RLS,492,1,2,0.999260705044128,1.99120475447832
ESR_1_to_2,B1 RLS,493,1,2,0.999270183184588,1.99134570392578
ESR_1_to_2,B1 RLS,494,1,2,0.999279539810426,1.99148439456799
ESR_1_to_2,B1 RLS,495,1,2,0.999288776479523,1.99162086260376
ESR_1_to_2,B1 RLS,496,1,2,0.999297894729786,1.99175514365178
ESR_1_to_2,B1 RLS,497,1,2,0.999306896079404,1.99188727275993
ESR_1_to_2,B1 RLS,498,1,2,0.999315782027104,1.99201728441441
ESR_1_to_2,B1 RLS,499,1,2,0.999324554052398,1.9921452125488
ESR_1_to_2,B1 RLS,500,1,2,0.999333213615828,1.99227109055282
ESR_1_to_2,B1 RLS,501,1,2,0.999341762159215,1.99239495128114
ESR_1_to_2,B1 RLS,502,1,2,0.999350201105892,1.99251682706189
ESR_1_to_2,B1 RLS,503,1,2,0.999358531860945,1.99263674970513
ESR_1_to_2,B1 RLS,504,1,2,0.999366755811445,1.99275475051114
ESR_1_to_2,B1 RLS,505,1,2,0.999374874326683,1.99287086027859
ESR_1_to_2,B1 RLS,506,1,2,0.999382888758392,1.99298510931259
ESR_1_to_2,B1 RLS,507,1,2,0.999390800440977,1.99309752743258
ESR_1_to_2,B1 RLS,508,1,2,0.999398610691734,1.99320814398013
ESR_1_to_2,B1 RLS,509,1,2,0.999406320811071,1.99331698782661
ESR_1_to_2,B1 RLS,510,1,2,0.999413932082723,1.99342408738067
ESR_1_to_2,B1 RLS,511,1,2,0.999421445773971,1.99352947059572
ESR_1_to_2,B1 RLS,512,1,2,0.999428863135843,1.9936331649772
ESR_1_to_2,B1 RLS,513,1,2,0.999436185403332,1.99373519758974
ESR_1_to_2,B1 RLS,514,1,2,0.999443413795597,1.99383559506427
ESR_1_to_2,B1 RLS,515,1,2,0.999450549516166,1.9939343836049
ESR_1_to_2,B1 RLS,516,1,2,0.999457593753138,1.99403158899585
ESR_1_to_2,B1 RLS,517,1,2,0.99946454767938,1.9941272366081
ESR_1_to_2,B1 RLS,518,1,2,0.999471412452722,1.99422135140604
ESR_1_to_2,B1 RLS,519,1,2,0.999478189216148,1.99431395795402
ESR_1_to_2,B1 RLS,520,1,2,0.999484879097993,1.99440508042271
ESR_1_to_2,B1 RLS,521,1,2,0.999491483212121,1.99449474259542
ESR_1_to_2,B1 RLS,522,1,2,0.999498002658119,1.99458296787434
ESR_1_to_2,B1 RLS,523,1,2,0.999504438521477,1.99466977928661
ESR_1_to_2,B1 RLS,524,1,2,0.999510791873766,1.99475519949035
ESR_1_to_2,B1 RLS,525,1,2,0.99951706377282,1.99483925078057
ESR_1_to_2,B1 RLS,526,1,2,0.999523255262912,1.99492195509498
ESR_1_to_2,B1 RLS,527,1,2,0.999529367374926,1.99500333401974
ESR_1_to_2,B1 RLS,528,1,2,0.999535401126529,1.99508340879507
ESR_1_to_2,B1 RLS,529,1,2,0.999541357522343,1.99516220032079
ESR_1_to_2,B1 RLS,530,1,2,0.999547237554108,1.9952397291618
ESR_1_to_2,B1 RLS,531,1,2,0.99955304220085,1.99531601555344
ESR_1_to_2,B1 RLS,532,1,2,0.999558772429044,1.99539107940675
ESR_1_to_2,B1 RLS,533,1,2,0.999564429192775,1.99546494031369
ESR_1_to_2,B1 RLS,534,1,2,0.999570013433893,1.99553761755226
ESR_1_to_2,B1 RLS,535,1,2,0.999575526082176,1.99560913009148
ESR_1_to_2,B1 RLS,536,1,2,0.999580968055482,1.99567949659643
ESR_1_to_2,B1 RLS,537,1,2,0.999586340259899,1.99574873543302
ESR_1_to_2,B1 RLS,538,1,2,0.9995916435899,1.99581686467288
ESR_1_to_2,B1 RLS,539,1,2,0.999596878928491,1.99588390209799
ESR_1_to_2,B1 RLS,540,1,2,0.999602047147356,1.9959498652054
ESR_1_to_2,B1 RLS,541,1,2,0.999607149107006,1.99601477121172
ESR_1_to_2,B1 RLS,542,1,2,0.999612185656916,1.99607863705769
ESR_1_to_2,B1 RLS,543,1,2,0.999617157635673,1.99614147941253
ESR_1_to_2,B1 RLS,544,1,2,0.999622065871113,1.99620331467836
ESR_1_to_2,B1 RLS,545,1,2,0.999626911180458,1.99626415899441
ESR_1_to_2,B1 RLS,546,1,2,0.999631694370452,1.99632402824129
ESR_1_to_2,B1 RLS,547,1,2,0.999636416237498,1.99638293804512
ESR_1_to_2,B1 RLS,548,1,2,0.999641077567786,1.99644090378157
ESR_1_to_2,B1 RLS,549,1,2,0.99964567913743,1.99649794057995
ESR_1_to_2,B1 RLS,550,1,2,0.999650221712591,1.99655406332706
ESR_1_to_2,B1 RLS,551,1,2,0.999654706049609,1.99660928667118
ESR_1_to_2,B1 RLS,552,1,2,0.999659132895127,1.99666362502581
ESR_1_to_2,B1 RLS,553,1,2,0.999663502986215,1.99671709257347
ESR_1_to_2,B1 RLS,554,1,2,0.999667817050494,1.99676970326941
ESR_1_to_2,B1 RLS,555,1,2,0.999672075806257,1.99682147084522
ESR_1_to_2,B1 RLS,556,1,2,0.999676279962587,1.99687240881244
ESR_1_to_2,B1 RLS,557,1,2,0.999680430219477,1.99692253046609
ESR_1_to_2,B1 RLS,558,1,2,0.999684527267946,1.99697184888811
ESR_1_to_2,B1 RLS,559,1,2,0.999688571790151,1.9970203769508
ESR_1_to_2,B1 RLS,560,1,2,0.999692564459508,1.99706812732018
ESR_1_to_2,B1 RLS,561,1,2,0.999696505940797,1.99711511245928
ESR_1_to_2,B1 RLS,562,1,2,0.999700396890274,1.9971613446314
ESR_1_to_2,B1 RLS,563,1,2,0.999704237955783,1.99720683590334
ESR_1_to_2,B1 RLS,564,1,2,0.999708029776863,1.99725159814848
ESR_1_to_2,B1 RLS,565,1,2,0.999711772984852,1.99729564304994
ESR_1_to_2,B1 RLS,566,1,2,0.999715468202995,1.99733898210363
ESR_1_to_2,B1 RLS,567,1,2,0.999719116046546,1.9973816266212
ESR_1_to_2,B1 RLS,568,1,2,0.999722717122872,1.99742358773304
ESR_1_to_2,B1 RLS,569,1,2,0.999726272031553,1.99746487639116
ESR_1_to_2,B1 RLS,570,1,2,0.999729781364482,1.99750550337207
ESR_1_to_2,B1 RLS,571,1,2,0.999733245705963,1.99754547927957
ESR_1_to_2,B1 RLS,572,1,2,0.99973666563281,1.99758481454753
ESR_1_to_2,B1 RLS,573,1,2,0.99974004171444,1.9976235194426
ESR_1_to_2,B1 RLS,574,1,2,0.999743374512973,1.99766160406692
ESR_1_to_2,B1 RLS,575,1,2,0.99974666458332,1.99769907836072
ESR_1_to_2,B1 RLS,576,1,2,0.999749912473277,1.99773595210494
ESR_1_to_2,B1 RLS,577,1,2,0.99975311872362,1.99777223492377
ESR_1_to_2,B1 RLS,578,1,2,0.999756283868189,1.99780793628717
ESR_1_to_2,B1 RLS,579,1,2,0.999759408433981,1.99784306551334
ESR_1_to_2,B1 RLS,580,1,2,0.999762492941238,1.99787763177114
ESR_1_to_2,B1 RLS,581,1,2,0.99976553790353,1.9979116440825
ESR_1_to_2,B1 RLS,582,1,2,0.999768543827843,1.99794511132476
ESR_1_to_2,B1 RLS,583,1,2,0.999771511214666,1.99797804223302
ESR_1_to_2,B1 RLS,584,1,2,0.999774440558067,1.99801044540236
ESR_1_to_2,B1 RLS,585,1,2,0.999777332345784,1.99804232929015
ESR_1_to_2,B1 RLS,586,1,2,0.9997801870593,1.99807370221819
ESR_1_to_2,B1 RLS,587,1,2,0.999783005173924,1.99810457237495
ESR_1_to_2,B1 RLS,588,1,2,0.999785787158874,1.99813494781766
ESR_1_to_2,B1 RLS,589,1,2,0.99978853347735,1.99816483647442
ESR_1_to_2,B1 RLS,590,1,2,0.999791244586615,1.99819424614631
ESR_1_to_2,B1 RLS,591,1,2,0.999793920938069,1.99822318450935
ESR_1_to_2,B1 RLS,592,1,2,0.999796562977324,1.99825165911657
ESR_1_to_2,B1 RLS,593,1,2,0.999799171144281,1.99827967739996
ESR_1_to_2,B1 RLS,594,1,2,0.999801745873201,1.9983072466724
ESR_1_to_2,B1 RLS,595,1,2,0.999804287592775,1.99833437412957
ESR_1_to_2,B1 RLS,596,1,2,0.999806796726201,1.99836106685185
ESR_1_to_2,B1 RLS,597,1,2,0.99980927369125,1.99838733180615
ESR_1_to_2,B1 RLS,598,1,2,0.999811718900336,1.99841317584772
ESR_1_to_2,B1 RLS,599,1,2,0.999814132760589,1.99843860572195
ESR_1_to_2,B2 Augmented EKF,0,1,1,1,1
ESR_1_to_2,B2 Augmented EKF,1,1,1,1,1
ESR_1_to_2,B2 Augmented EKF,2,1,1,1,1
ESR_1_to_2,B2 Augmented EKF,3,1,1,1,1
ESR_1_to_2,B2 Augmented EKF,4,1,1,1,1
ESR_1_to_2,B2 Augmented EKF,5,1,1,1,1
ESR_1_to_2,B2 Augmented EKF,6,1,1,1,1
ESR_1_to_2,B2 Augmented EKF,7,1,1,1,1
ESR_1_to_2,B2 Augmented EKF,8,1,1,1,1
ESR_1_to_2,B2 Augmented EKF,9,1,1,1,1
ESR_1_to_2,B2 Augmented EKF,10,1,1,1,1
ESR_1_to_2,B2 Augmented EKF,11,1,1,1,1
ESR_1_to_2,B2 Augmented EKF,12,1,1,1,1
ESR_1_to_2,B2 Augmented EKF,13,1,1,1,1
ESR_1_to_2,B2 Augmented EKF,14,1,1,1,1
ESR_1_to_2,B2 Augmented EKF,15,1,1,1,1
ESR_1_to_2,B2 Augmented EKF,16,1,1,1,1
ESR_1_to_2,B2 Augmented EKF,17,1,1,1,1
ESR_1_to_2,B2 Augmented EKF,18,1,1,1,1
ESR_1_to_2,B2 Augmented EKF,19,1,1,1,1
ESR_1_to_2,B2 Augmented EKF,20,1,1,1,1
ESR_1_to_2,B2 Augmented EKF,21,1,1,1,1
ESR_1_to_2,B2 Augmented EKF,22,1,1,1,1
ESR_1_to_2,B2 Augmented EKF,23,1,1,1,1
ESR_1_to_2,B2 Augmented EKF,24,1,1,1,1
ESR_1_to_2,B2 Augmented EKF,25,1,1,1,1
ESR_1_to_2,B2 Augmented EKF,26,1,1,1,1
ESR_1_to_2,B2 Augmented EKF,27,1,1,1,1
ESR_1_to_2,B2 Augmented EKF,28,1,1,1,1
ESR_1_to_2,B2 Augmented EKF,29,1,1,1,1
ESR_1_to_2,B2 Augmented EKF,30,1,1,1,1
ESR_1_to_2,B2 Augmented EKF,31,1,1,1,1
ESR_1_to_2,B2 Augmented EKF,32,1,1,1,1
ESR_1_to_2,B2 Augmented EKF,33,1,1,1,1
ESR_1_to_2,B2 Augmented EKF,34,1,1,1,1
ESR_1_to_2,B2 Augmented EKF,35,1,1,1,1
ESR_1_to_2,B2 Augmented EKF,36,1,1,1,1
ESR_1_to_2,B2 Augmented EKF,37,1,1,1,1
ESR_1_to_2,B2 Augmented EKF,38,1,1,1,1
ESR_1_to_2,B2 Augmented EKF,39,1,1,1,1
ESR_1_to_2,B2 Augmented EKF,40,1,1,1,1
ESR_1_to_2,B2 Augmented EKF,41,1,1,1,1
ESR_1_to_2,B2 Augmented EKF,42,1,1,1,1
ESR_1_to_2,B2 Augmented EKF,43,1,1,1,1
ESR_1_to_2,B2 Augmented EKF,44,1,1,1,1
ESR_1_to_2,B2 Augmented EKF,45,1,1,1,1
ESR_1_to_2,B2 Augmented EKF,46,1,1,1,1
ESR_1_to_2,B2 Augmented EKF,47,1,1,1,1
ESR_1_to_2,B2 Augmented EKF,48,1,1,1,1
ESR_1_to_2,B2 Augmented EKF,49,1,1,1,1
ESR_1_to_2,B2 Augmented EKF,50,1,1,1,1
ESR_1_to_2,B2 Augmented EKF,51,1,1,1,1
ESR_1_to_2,B2 Augmented EKF,52,1,1,1,1
ESR_1_to_2,B2 Augmented EKF,53,1,1,1,1
ESR_1_to_2,B2 Augmented EKF,54,1,1,1,1
ESR_1_to_2,B2 Augmented EKF,55,1,1,1,1
ESR_1_to_2,B2 Augmented EKF,56,1,1,1,1
ESR_1_to_2,B2 Augmented EKF,57,1,1,1,1
ESR_1_to_2,B2 Augmented EKF,58,1,1,1,1
ESR_1_to_2,B2 Augmented EKF,59,1,1,1,1
ESR_1_to_2,B2 Augmented EKF,60,1,1,1,1
ESR_1_to_2,B2 Augmented EKF,61,1,1,1,1
ESR_1_to_2,B2 Augmented EKF,62,1,1,1,1
ESR_1_to_2,B2 Augmented EKF,63,1,1,1,1
ESR_1_to_2,B2 Augmented EKF,64,1,1,1,1
ESR_1_to_2,B2 Augmented EKF,65,1,1,1,1
ESR_1_to_2,B2 Augmented EKF,66,1,1,1,1
ESR_1_to_2,B2 Augmented EKF,67,1,1,1,1
ESR_1_to_2,B2 Augmented EKF,68,1,1,1,1
ESR_1_to_2,B2 Augmented EKF,69,1,1,1,1
ESR_1_to_2,B2 Augmented EKF,70,1,1,1,1
ESR_1_to_2,B2 Augmented EKF,71,1,1,1,1
ESR_1_to_2,B2 Augmented EKF,72,1,1,1,1
ESR_1_to_2,B2 Augmented EKF,73,1,1,1,1
ESR_1_to_2,B2 Augmented EKF,74,1,1,1,1
ESR_1_to_2,B2 Augmented EKF,75,1,1,1,1
ESR_1_to_2,B2 Augmented EKF,76,1,1,1,1
ESR_1_to_2,B2 Augmented EKF,77,1,1,1,1
ESR_1_to_2,B2 Augmented EKF,78,1,1,1,1
ESR_1_to_2,B2 Augmented EKF,79,1,1,1,1
ESR_1_to_2,B2 Augmented EKF,80,1,1,1,1
ESR_1_to_2,B2 Augmented EKF,81,1,1,1,1
ESR_1_to_2,B2 Augmented EKF,82,1,1,1,1
ESR_1_to_2,B2 Augmented EKF,83,1,1,1,1
ESR_1_to_2,B2 Augmented EKF,84,1,1,1,1
ESR_1_to_2,B2 Augmented EKF,85,1,1,1,1
ESR_1_to_2,B2 Augmented EKF,86,1,1,1,1
ESR_1_to_2,B2 Augmented EKF,87,1,1,1,1
ESR_1_to_2,B2 Augmented EKF,88,1,1,1,1
ESR_1_to_2,B2 Augmented EKF,89,1,1,1,1
ESR_1_to_2,B2 Augmented EKF,90,1,1,1,1
ESR_1_to_2,B2 Augmented EKF,91,1,1,1,1
ESR_1_to_2,B2 Augmented EKF,92,1,1,1,1
ESR_1_to_2,B2 Augmented EKF,93,1,1,1,1
ESR_1_to_2,B2 Augmented EKF,94,1,1,1,1
ESR_1_to_2,B2 Augmented EKF,95,1,1,1,1
ESR_1_to_2,B2 Augmented EKF,96,1,1,1,1
ESR_1_to_2,B2 Augmented EKF,97,1,1,1,1
ESR_1_to_2,B2 Augmented EKF,98,1,1,1,1
ESR_1_to_2,B2 Augmented EKF,99,1,1,1,1
ESR_1_to_2,B2 Augmented EKF,100,1,1,1,1
ESR_1_to_2,B2 Augmented EKF,101,1,1,1,1
ESR_1_to_2,B2 Augmented EKF,102,1,1,1,1
ESR_1_to_2,B2 Augmented EKF,103,1,1,1,1
ESR_1_to_2,B2 Augmented EKF,104,1,1,1,1
ESR_1_to_2,B2 Augmented EKF,105,1,1,1,1
ESR_1_to_2,B2 Augmented EKF,106,1,1,1,1
ESR_1_to_2,B2 Augmented EKF,107,1,1,1,1
ESR_1_to_2,B2 Augmented EKF,108,1,1,1,1
ESR_1_to_2,B2 Augmented EKF,109,1,1,1,1
ESR_1_to_2,B2 Augmented EKF,110,1,1,1,1
ESR_1_to_2,B2 Augmented EKF,111,1,1,1,1
ESR_1_to_2,B2 Augmented EKF,112,1,1,1,1
ESR_1_to_2,B2 Augmented EKF,113,1,1,1,1
ESR_1_to_2,B2 Augmented EKF,114,1,1,1,1
ESR_1_to_2,B2 Augmented EKF,115,1,1,1,1
ESR_1_to_2,B2 Augmented EKF,116,1,1,1,1
ESR_1_to_2,B2 Augmented EKF,117,1,1,1,1
ESR_1_to_2,B2 Augmented EKF,118,1,1,1,1
ESR_1_to_2,B2 Augmented EKF,119,1,1,1,1
ESR_1_to_2,B2 Augmented EKF,120,1,1,1,1
ESR_1_to_2,B2 Augmented EKF,121,1,1,1,1
ESR_1_to_2,B2 Augmented EKF,122,1,1,1,1
ESR_1_to_2,B2 Augmented EKF,123,1,1,1,1
ESR_1_to_2,B2 Augmented EKF,124,1,1,1,1
ESR_1_to_2,B2 Augmented EKF,125,1,1,1,1
ESR_1_to_2,B2 Augmented EKF,126,1,1,1,1
ESR_1_to_2,B2 Augmented EKF,127,1,1,1,1
ESR_1_to_2,B2 Augmented EKF,128,1,1,1,1
ESR_1_to_2,B2 Augmented EKF,129,1,1,1,1
ESR_1_to_2,B2 Augmented EKF,130,1,1,1,1
ESR_1_to_2,B2 Augmented EKF,131,1,1,1,1
ESR_1_to_2,B2 Augmented EKF,132,1,1,1,1
ESR_1_to_2,B2 Augmented EKF,133,1,1,1,1
ESR_1_to_2,B2 Augmented EKF,134,1,1,1,1
ESR_1_to_2,B2 Augmented EKF,135,1,1,1,1
ESR_1_to_2,B2 Augmented EKF,136,1,1,1,1
ESR_1_to_2,B2 Augmented EKF,137,1,1,1,1
ESR_1_to_2,B2 Augmented EKF,138,1,1,1,1
ESR_1_to_2,B2 Augmented EKF,139,1,1,1,1
ESR_1_to_2,B2 Augmented EKF,140,1,1,1,1
ESR_1_to_2,B2 Augmented EKF,141,1,1,1,1
ESR_1_to_2,B2 Augmented EKF,142,1,1,1,1
ESR_1_to_2,B2 Augmented EKF,143,1,1,1,1
ESR_1_to_2,B2 Augmented EKF,144,1,1,1,1
ESR_1_to_2,B2 Augmented EKF,145,1,1,1,1
ESR_1_to_2,B2 Augmented EKF,146,1,1,1,1
ESR_1_to_2,B2 Augmented EKF,147,1,1,1,1
ESR_1_to_2,B2 Augmented EKF,148,1,1,1,1
ESR_1_to_2,B2 Augmented EKF,149,1,1,1,1
ESR_1_to_2,B2 Augmented EKF,150,1,1,1,1
ESR_1_to_2,B2 Augmented EKF,151,1,1,1,1
ESR_1_to_2,B2 Augmented EKF,152,1,1,1,1
ESR_1_to_2,B2 Augmented EKF,153,1,1,1,1
ESR_1_to_2,B2 Augmented EKF,154,1,1,1,1
ESR_1_to_2,B2 Augmented EKF,155,1,1,1,1
ESR_1_to_2,B2 Augmented EKF,156,1,1,1,1
ESR_1_to_2,B2 Augmented EKF,157,1,1,1,1
ESR_1_to_2,B2 Augmented EKF,158,1,1,1,1
ESR_1_to_2,B2 Augmented EKF,159,1,1,1,1
ESR_1_to_2,B2 Augmented EKF,160,1,1,1,1
ESR_1_to_2,B2 Augmented EKF,161,1,1,1,1
ESR_1_to_2,B2 Augmented EKF,162,1,1,1,1
ESR_1_to_2,B2 Augmented EKF,163,1,1,1,1
ESR_1_to_2,B2 Augmented EKF,164,1,1,1,1
ESR_1_to_2,B2 Augmented EKF,165,1,1,1,1
ESR_1_to_2,B2 Augmented EKF,166,1,1,1,1
ESR_1_to_2,B2 Augmented EKF,167,1,1,1,1
ESR_1_to_2,B2 Augmented EKF,168,1,1,1,1
ESR_1_to_2,B2 Augmented EKF,169,1,1,1,1
ESR_1_to_2,B2 Augmented EKF,170,1,1,1,1
ESR_1_to_2,B2 Augmented EKF,171,1,1,1,1
ESR_1_to_2,B2 Augmented EKF,172,1,1,1,1
ESR_1_to_2,B2 Augmented EKF,173,1,1,1,1
ESR_1_to_2,B2 Augmented EKF,174,1,1,1,1
ESR_1_to_2,B2 Augmented EKF,175,1,1,1,1
ESR_1_to_2,B2 Augmented EKF,176,1,1,1,1
ESR_1_to_2,B2 Augmented EKF,177,1,1,1,1
ESR_1_to_2,B2 Augmented EKF,178,1,1,1,1
ESR_1_to_2,B2 Augmented EKF,179,1,1,1,1
ESR_1_to_2,B2 Augmented EKF,180,1,1,1,1
ESR_1_to_2,B2 Augmented EKF,181,1,1,1,1
ESR_1_to_2,B2 Augmented EKF,182,1,1,1,1
ESR_1_to_2,B2 Augmented EKF,183,1,1,1,1
ESR_1_to_2,B2 Augmented EKF,184,1,1,1,1
ESR_1_to_2,B2 Augmented EKF,185,1,1,1,1
ESR_1_to_2,B2 Augmented EKF,186,1,1,1,1
ESR_1_to_2,B2 Augmented EKF,187,1,1,1,1
ESR_1_to_2,B2 Augmented EKF,188,1,1,1,1
ESR_1_to_2,B2 Augmented EKF,189,1,1,1,1
ESR_1_to_2,B2 Augmented EKF,190,1,1,1,1
ESR_1_to_2,B2 Augmented EKF,191,1,1,1,1
ESR_1_to_2,B2 Augmented EKF,192,1,1,1,1
ESR_1_to_2,B2 Augmented EKF,193,1,1,1,1
ESR_1_to_2,B2 Augmented EKF,194,1,1,1,1
ESR_1_to_2,B2 Augmented EKF,195,1,1,1,1
ESR_1_to_2,B2 Augmented EKF,196,1,1,1,1
ESR_1_to_2,B2 Augmented EKF,197,1,1,1,1
ESR_1_to_2,B2 Augmented EKF,198,1,1,1,1
ESR_1_to_2,B2 Augmented EKF,199,1,1,1,1
ESR_1_to_2,B2 Augmented EKF,200,1,2,0.952,1.01041666666667
ESR_1_to_2,B2 Augmented EKF,201,1,2,0.9524,1.02072482638889
ESR_1_to_2,B2 Augmented EKF,202,1,2,0.952796666666667,1.03092560944734
ESR_1_to_2,B2 Augmented EKF,203,1,2,0.953190027777778,1.04102013434893
ESR_1_to_2,B2 Augmented EKF,204,1,2,0.95358011087963,1.05100950794946
ESR_1_to_2,B2 Augmented EKF,205,1,2,0.953966943288966,1.06089482557499
ESR_1_to_2,B2 Augmented EKF,206,1,2,0.954350552094891,1.07067717114191
ESR_1_to_2,B2 Augmented EKF,207,1,2,0.954730964160767,1.08035761727585
ESR_1_to_2,B2 Augmented EKF,208,1,2,0.955108206126094,1.08993722542923
ESR_1_to_2,B2 Augmented EKF,209,1,2,0.955482304408377,1.09941704599767
ESR_1_to_2,B2 Augmented EKF,210,1,2,0.955853285204973,1.1087981184352
ESR_1_to_2,B2 Augmented EKF,211,1,2,0.956221174494932,1.11808147136817
ESR_1_to_2,B2 Augmented EKF,212,1,2,0.956585998040808,1.12726812270808
ESR_1_to_2,B2 Augmented EKF,213,1,2,0.956947781390468,1.1363590797632
ESR_1_to_2,B2 Augmented EKF,214,1,2,0.95730654987888,1.145355339349
ESR_1_to_2,B2 Augmented EKF,215,1,2,0.95766232862989,1.15425788789745
ESR_1_to_2,B2 Augmented EKF,216,1,2,0.958015142557974,1.16306770156519
ESR_1_to_2,B2 Augmented EKF,217,1,2,0.958365016369991,1.17178574634055
ESR_1_to_2,B2 Augmented EKF,218,1,2,0.958711974566908,1.1804129781495
ESR_1_to_2,B2 Augmented EKF,219,1,2,0.959056041445517,1.18895034296045
ESR_1_to_2,B2 Augmented EKF,220,1,2,0.959397241100137,1.19739877688794
ESR_1_to_2,B2 Augmented EKF,221,1,2,0.959735597424303,1.20575920629536
ESR_1_to_2,B2 Augmented EKF,222,1,2,0.960071134112434,1.21403254789645
ESR_1_to_2,B2 Augmented EKF,223,1,2,0.960403874661497,1.22221970885586
ESR_1_to_2,B2 Augmented EKF,224,1,2,0.960733842372651,1.23032158688861
ESR_1_to_2,B2 Augmented EKF,225,1,2,0.961061060352879,1.23833907035852
ESR_1_to_2,B2 Augmented EKF,226,1,2,0.961385551516605,1.24627303837562
ESR_1_to_2,B2 Augmented EKF,227,1,2,0.9617073385873,1.25412436089254
ESR_1_to_2,B2 Augmented EKF,228,1,2,0.962026444099072,1.26189389879991
ESR_1_to_2,B2 Augmented EKF,229,1,2,0.962342890398247,1.26958250402074
ESR_1_to_2,B2 Augmented EKF,230,1,2,0.962656699644928,1.27719101960386
ESR_1_to_2,B2 Augmented EKF,231,1,2,0.962967893814554,1.28472027981632
ESR_1_to_2,B2 Augmented EKF,232,1,2,0.963276494699432,1.2921711102349
ESR_1_to_2,B2 Augmented EKF,233,1,2,0.96358252391027,1.29954432783662
ESR_1_to_2,B2 Augmented EKF,234,1,2,0.963886002877685,1.30684074108832
ESR_1_to_2,B2 Augmented EKF,235,1,2,0.964186952853704,1.31406115003532
ESR_1_to_2,B2 Augmented EKF,236,1,2,0.964485394913257,1.32120634638912
ESR_1_to_2,B2 Augmented EKF,237,1,2,0.964781349955646,1.32827711361423
ESR_1_to_2,B2 Augmented EKF,238,1,2,0.965074838706016,1.33527422701408
ESR_1_to_2,B2 Augmented EKF,239,1,2,0.965365881716799,1.34219845381602
ESR_1_to_2,B2 Augmented EKF,240,1,2,0.965654499369159,1.34905055325544
ESR_1_to_2,B2 Augmented EKF,241,1,2,0.965940711874416,1.35583127665903
ESR_1_to_2,B2 Augmented EKF,242,1,2,0.966224539275462,1.36254136752716
ESR_1_to_2,B2 Augmented EKF,243,1,2,0.966506001448167,1.36918156161542
ESR_1_to_2,B2 Augmented EKF,244,1,2,0.966785118102765,1.37575258701526
ESR_1_to_2,B2 Augmented EKF,245,1,2,0.967061908785242,1.38225516423385
ESR_1_to_2,B2 Augmented EKF,246,1,2,0.967336392878699,1.38869000627308
ESR_1_to_2,B2 Augmented EKF,247,1,2,0.96760858960471,1.39505781870774
ESR_1_to_2,B2 Augmented EKF,248,1,2,0.96787851802467,1.40135929976286
ESR_1_to_2,B2 Augmented EKF,249,1,2,0.968146197041131,1.40759514039033
ESR_1_to_2,B2 Augmented EKF,250,1,2,0.968411645399122,1.4137660243446
ESR_1_to_2,B2 Augmented EKF,251,1,2,0.968674881687463,1.41987262825768
ESR_1_to_2,B2 Augmented EKF,252,1,2,0.968935924340067,1.42591562171333
ESR_1_to_2,B2 Augmented EKF,253,1,2,0.969194791637233,1.43189566732048
ESR_1_to_2,B2 Augmented EKF,254,1,2,0.969451501706923,1.43781342078589
ESR_1_to_2,B2 Augmented EKF,255,1,2,0.969706072526032,1.44366953098604
ESR_1_to_2,B2 Augmented EKF,256,1,2,0.969958521921648,1.44946464003827
ESR_1_to_2,B2 Augmented EKF,257,1,2,0.970208867572301,1.4551993833712
ESR_1_to_2,B2 Augmented EKF,258,1,2,0.970457127009199,1.46087438979442
ESR_1_to_2,B2 Augmented EKF,259,1,2,0.970703317617456,1.46649028156739
ESR_1_to_2,B2 Augmented EKF,260,1,2,0.97094745663731,1.47204767446773
ESR_1_to_2,B2 Augmented EKF,261,1,2,0.971189561165333,1.4775471778587
ESR_1_to_2,B2 Augmented EKF,262,1,2,0.971429648155621,1.482989394756
ESR_1_to_2,B2 Augmented EKF,263,1,2,0.971667734420991,1.48837492189396
ESR_1_to_2,B2 Augmented EKF,264,1,2,0.97190383663415,1.4937043497909
ESR_1_to_2,B2 Augmented EKF,265,1,2,0.972137971328865,1.49897826281391
ESR_1_to_2,B2 Augmented EKF,266,1,2,0.972370154901124,1.50419723924293
ESR_1_to_2,B2 Augmented EKF,267,1,2,0.972600403610282,1.50936185133415
ESR_1_to_2,B2 Augmented EKF,268,1,2,0.972828733580196,1.51447266538275
ESR_1_to_2,B2 Augmented EKF,269,1,2,0.973055160800361,1.51953024178501
ESR_1_to_2,B2 Augmented EKF,270,1,2,0.973279701127025,1.52453513509975
ESR_1_to_2,B2 Augmented EKF,271,1,2,0.9735023702843,1.52948789410913
ESR_1_to_2,B2 Augmented EKF,272,1,2,0.973723183865264,1.53438906187883
ESR_1_to_2,B2 Augmented EKF,273,1,2,0.973942157333053,1.53923917581759
ESR_1_to_2,B2 Augmented EKF,274,1,2,0.974159306021944,1.54403876773616
ESR_1_to_2,B2 Augmented EKF,275,1,2,0.974374645138428,1.54878836390557
ESR_1_to_2,B2 Augmented EKF,276,1,2,0.974588189762275,1.55348848511489
ESR_1_to_2,B2 Augmented EKF,277,1,2,0.974799954847589,1.55813964672828
ESR_1_to_2,B2 Augmented EKF,278,1,2,0.975009955223859,1.56274235874152
ESR_1_to_2,B2 Augmented EKF,279,1,2,0.975218205596994,1.56729712583797
ESR_1_to_2,B2 Augmented EKF,280,1,2,0.975424720550352,1.57180444744382
ESR_1_to_2,B2 Augmented EKF,281,1,2,0.975629514545766,1.57626481778295
ESR_1_to_2,B2 Augmented EKF,282,1,2,0.975832601924551,1.58067872593104
ESR_1_to_2,B2 Augmented EKF,283,1,2,0.976033996908513,1.58504665586926
ESR_1_to_2,B2 Augmented EKF,284,1,2,0.976233713600942,1.58936908653729
ESR_1_to_2,B2 Augmented EKF,285,1,2,0.976431765987601,1.59364649188586
ESR_1_to_2,B2 Augmented EKF,286,1,2,0.976628167937704,1.59787934092871
ESR_1_to_2,B2 Augmented EKF,287,1,2,0.97682293320489,1.60206809779404
ESR_1_to_2,B2 Augmented EKF,288,1,2,0.977016075428183,1.60621322177535
ESR_1_to_2,B2 Augmented EKF,289,1,2,0.977207608132948,1.61031516738186
ESR_1_to_2,B2 Augmented EKF,290,1,2,0.97739754473184,1.6143743843883
ESR_1_to_2,B2 Augmented EKF,291,1,2,0.977585898525741,1.61839131788425
ESR_1_to_2,B2 Augmented EKF,292,1,2,0.977772682704693,1.62236640832296
ESR_1_to_2,B2 Augmented EKF,293,1,2,0.977957910348821,1.62630009156959
ESR_1_to_2,B2 Augmented EKF,294,1,2,0.978141594429247,1.63019279894908
ESR_1_to_2,B2 Augmented EKF,295,1,2,0.978323747809004,1.63404495729336
ESR_1_to_2,B2 Augmented EKF,296,1,2,0.978504383243929,1.63785698898822
ESR_1_to_2,B2 Augmented EKF,297,1,2,0.978683513383562,1.64162931201959
ESR_1_to_2,B2 Augmented EKF,298,1,2,0.978861150772033,1.64536234001939
ESR_1_to_2,B2 Augmented EKF,299,1,2,0.979037307848933,1.64905648231085
ESR_1_to_2,B2 Augmented EKF,300,1,2,0.979211996950191,1.65271214395345
ESR_1_to_2,B2 Augmented EKF,301,1,2,0.97938523030894,1.65632972578727
ESR_1_to_2,B2 Augmented EKF,302,1,2,0.979557020056365,1.65990962447698
ESR_1_to_2,B2 Augmented EKF,303,1,2,0.979727378222562,1.66345223255535
ESR_1_to_2,B2 Augmented EKF,304,1,2,0.979896316737374,1.66695793846623
ESR_1_to_2,B2 Augmented EKF,305,1,2,0.980063847431229,1.67042712660721
ESR_1_to_2,B2 Augmented EKF,306,1,2,0.980229982035969,1.67386017737171
ESR_1_to_2,B2 Augmented EKF,307,1,2,0.98039473218567,1.67725746719076
ESR_1_to_2,B2 Augmented EKF,308,1,2,0.980558109417456,1.68061936857419
ESR_1_to_2,B2 Augmented EKF,309,1,2,0.98072012517231,1.68394625015154
ESR_1_to_2,B2 Augmented EKF,310,1,2,0.980880790795874,1.68723847671246
ESR_1_to_2,B2 Augmented EKF,311,1,2,0.981040117539242,1.69049640924671
ESR_1_to_2,B2 Augmented EKF,312,1,2,0.981198116559748,1.69372040498372
ESR_1_to_2,B2 Augmented EKF,313,1,2,0.98135479892175,1.69691081743181
ESR_1_to_2,B2 Augmented EKF,314,1,2,0.981510175597402,1.70006799641689
ESR_1_to_2,B2 Augmented EKF,315,1,2,0.981664257467424,1.70319228812088
ESR_1_to_2,B2 Augmented EKF,316,1,2,0.981817055321862,1.70628403511962
ESR_1_to_2,B2 Augmented EKF,317,1,2,0.981968579860847,1.70934357642046
ESR_1_to_2,B2 Augmented EKF,318,1,2,0.98211884169534,1.71237124749941
ESR_1_to_2,B2 Augmented EKF,319,1,2,0.982267851347878,1.71536738033796
ESR_1_to_2,B2 Augmented EKF,320,1,2,0.982415619253313,1.71833230345944
ESR_1_to_2,B2 Augmented EKF,321,1,2,0.982562155759535,1.72126634196507
ESR_1_to_2,B2 Augmented EKF,322,1,2,0.982707471128206,1.7241698175696
ESR_1_to_2,B2 Augmented EKF,323,1,2,0.982851575535471,1.72704304863659
ESR_1_to_2,B2 Augmented EKF,324,1,2,0.982994479072675,1.72988635021329
ESR_1_to_2,B2 Augmented EKF,325,1,2,0.983136191747069,1.73270003406523
ESR_1_to_2,B2 Augmented EKF,326,1,2,0.98327672348251,1.73548440871039
ESR_1_to_2,B2 Augmented EKF,327,1,2,0.983416084120156,1.73823977945299
ESR_1_to_2,B2 Augmented EKF,328,1,2,0.983554283419155,1.74096644841702
ESR_1_to_2,B2 Augmented EKF,329,1,2,0.983691331057329,1.74366471457934
ESR_1_to_2,B2 Augmented EKF,330,1,2,0.983827236631851,1.74633487380247
ESR_1_to_2,B2 Augmented EKF,331,1,2,0.983962009659919,1.74897721886703
ESR_1_to_2,B2 Augmented EKF,332,1,2,0.984095659579419,1.75159203950383
ESR_1_to_2,B2 Augmented EKF,333,1,2,0.984228195749591,1.75417962242567
ESR_1_to_2,B2 Augmented EKF,334,1,2,0.984359627451678,1.75674025135873
ESR_1_to_2,B2 Augmented EKF,335,1,2,0.98448996388958,1.75927420707375
ESR_1_to_2,B2 Augmented EKF,336,1,2,0.984619214190501,1.76178176741673
ESR_1_to_2,B2 Augmented EKF,337,1,2,0.98474738740558,1.76426320733947
ESR_1_to_2,B2 Augmented EKF,338,1,2,0.984874492510533,1.76671879892969
ESR_1_to_2,B2 Augmented EKF,339,1,2,0.985000538406279,1.76914881144083
ESR_1_to_2,B2 Augmented EKF,340,1,2,0.98512553391956,1.77155351132166
ESR_1_to_2,B2 Augmented EKF,341,1,2,0.985249487803564,1.77393316224539
ESR_1_to_2,B2 Augmented EKF,342,1,2,0.985372408738534,1.77628802513867
ESR_1_to_2,B2 Augmented EKF,343,1,2,0.985494305332379,1.77861835821014
ESR_1_to_2,B2 Augmented EKF,344,1,2,0.985615186121276,1.78092441697879
ESR_1_to_2,B2 Augmented EKF,345,1,2,0.985735059570266,1.78320645430192
ESR_1_to_2,B2 Augmented EKF,346,1,2,0.985853934073847,1.78546472040294
ESR_1_to_2,B2 Augmented EKF,347,1,2,0.985971817956565,1.78769946289875
ESR_1_to_2,B2 Augmented EKF,348,1,2,0.986088719473593,1.78991092682689
ESR_1_to_2,B2 Augmented EKF,349,1,2,0.986204646811313,1.79209935467244
ESR_1_to_2,B2 Augmented EKF,350,1,2,0.986319608087886,1.7942649863946
ESR_1_to_2,B2 Augmented EKF,351,1,2,0.98643361135382,1.79640805945299
ESR_1_to_2,B2 Augmented EKF,352,1,2,0.986546664592538,1.79852880883369
ESR_1_to_2,B2 Augmented EKF,353,1,2,0.986658775720934,1.800627467075
ESR_1_to_2,B2 Augmented EKF,354,1,2,0.986769952589926,1.80270426429297
ESR_1_to_2,B2 Augmented EKF,355,1,2,0.98688020298501,1.80475942820659
ESR_1_to_2,B2 Augmented EKF,356,1,2,0.986989534626801,1.80679318416277
ESR_1_to_2,B2 Augmented EKF,357,1,2,0.987097955171578,1.80880575516107
ESR_1_to_2,B2 Augmented EKF,358,1,2,0.987205472211815,1.81079736187815
ESR_1_to_2,B2 Augmented EKF,359,1,2,0.987312093276716,1.81276822269192
ESR_1_to_2,B2 Augmented EKF,360,1,2,0.987417825832744,1.81471855370554
ESR_1_to_2,B2 Augmented EKF,361,1,2,0.987522677284138,1.81664856877111
ESR_1_to_2,B2 Augmented EKF,362,1,2,0.987626654973436,1.81855847951308
ESR_1_to_2,B2 Augmented EKF,363,1,2,0.987729766181991,1.82044849535148
ESR_1_to_2,B2 Augmented EKF,364,1,2,0.987832018130475,1.8223188235249
ESR_1_to_2,B2 Augmented EKF,365,1,2,0.987933417979387,1.82416966911319
ESR_1_to_2,B2 Augmented EKF,366,1,2,0.988033972829559,1.82600123505992
ESR_1_to_2,B2 Augmented EKF,367,1,2,0.988133689722646,1.82781372219472
ESR_1_to_2,B2 Augmented EKF,368,1,2,0.988232575641624,1.82960732925519
ESR_1_to_2,B2 Augmented EKF,369,1,2,0.988330637511277,1.83138225290878
ESR_1_to_2,B2 Augmented EKF,370,1,2,0.988427882198683,1.83313868777431
ESR_1_to_2,B2 Augmented EKF,371,1,2,0.988524316513694,1.83487682644333
ESR_1_to_2,B2 Augmented EKF,372,1,2,0.988619947209413,1.83659685950121
ESR_1_to_2,B2 Augmented EKF,373,1,2,0.988714780982668,1.83829897554807
ESR_1_to_2,B2 Augmented EKF,374,1,2,0.988808824474479,1.83998336121945
ESR_1_to_2,B2 Augmented EKF,375,1,2,0.988902084270525,1.84165020120675
ESR_1_to_2,B2 Augmented EKF,376,1,2,0.988994566901604,1.84329967827751
ESR_1_to_2,B2 Augmented EKF,377,1,2,0.989086278844091,1.84493197329545
ESR_1_to_2,B2 Augmented EKF,378,1,2,0.98917722652039,1.84654726524029
ESR_1_to_2,B2 Augmented EKF,379,1,2,0.989267416299387,1.84814573122737
ESR_1_to_2,B2 Augmented EKF,380,1,2,0.989356854496892,1.84972754652709
ESR_1_to_2,B2 Augmented EKF,381,1,2,0.989445547376084,1.8512928845841
ESR_1_to_2,B2 Augmented EKF,382,1,2,0.98953350114795,1.85284191703634
ESR_1_to_2,B2 Augmented EKF,383,1,2,0.989620721971718,1.85437481373388
ESR_1_to_2,B2 Augmented EKF,384,1,2,0.989707215955287,1.85589174275749
ESR_1_to_2,B2 Augmented EKF,385,1,2,0.989792989155659,1.8573928704371
ESR_1_to_2,B2 Augmented EKF,386,1,2,0.989878047579362,1.85887836137004
ESR_1_to_2,B2 Augmented EKF,387,1,2,0.989962397182867,1.86034837843911
ESR_1_to_2,B2 Augmented EKF,388,1,2,0.99004604387301,1.86180308283037
ESR_1_to_2,B2 Augmented EKF,389,1,2,0.990128993507402,1.86324263405088
ESR_1_to_2,B2 Augmented EKF,390,1,2,0.99021125189484,1.86466718994619
ESR_1_to_2,B2 Augmented EKF,391,1,2,0.990292824795716,1.86607690671758
ESR_1_to_2,B2 Augmented EKF,392,1,2,0.990373717922419,1.86747193893927
ESR_1_to_2,B2 Augmented EKF,393,1,2,0.990453936939732,1.86885243957532
ESR_1_to_2,B2 Augmented EKF,394,1,2,0.990533487465234,1.87021855999641
ESR_1_to_2,B2 Augmented EKF,395,1,2,0.990612375069691,1.87157044999645
ESR_1_to_2,B2 Augmented EKF,396,1,2,0.990690605277443,1.87290825780899
ESR_1_to_2,B2 Augmented EKF,397,1,2,0.990768183566798,1.87423213012348
ESR_1_to_2,B2 Augmented EKF,398,1,2,0.990845115370408,1.87554221210136
ESR_1_to_2,B2 Augmented EKF,399,1,2,0.990921406075654,1.87683864739197
ESR_1_to_2,B2 Augmented EKF,400,1,2,0.990997061025024,1.8781215781483
ESR_1_to_2,B2 Augmented EKF,401,1,2,0.991072085516482,1.87939114504259
ESR_1_to_2,B2 Augmented EKF,402,1,2,0.991146484803845,1.88064748728173
ESR_1_to_2,B2 Augmented EKF,403,1,2,0.991220264097146,1.88189074262254
ESR_1_to_2,B2 Augmented EKF,404,1,2,0.991293428563003,1.88312104738689
ESR_1_to_2,B2 Augmented EKF,405,1,2,0.991365983324978,1.88433853647661
ESR_1_to_2,B2 Augmented EKF,406,1,2,0.991437933463937,1.88554334338831
ESR_1_to_2,B2 Augmented EKF,407,1,2,0.991509284018404,1.88673560022802
ESR_1_to_2,B2 Augmented EKF,408,1,2,0.991580039984917,1.88791543772564
ESR_1_to_2,B2 Augmented EKF,409,1,2,0.991650206318376,1.88908298524934
ESR_1_to_2,B2 Augmented EKF,410,1,2,0.99171978793239,1.89023837081965
ESR_1_to_2,B2 Augmented EKF,411,1,2,0.99178878969962,1.89138172112362
ESR_1_to_2,B2 Augmented EKF,412,1,2,0.991857216452123,1.89251316152858
ESR_1_to_2,B2 Augmented EKF,413,1,2,0.991925072981689,1.89363281609599
ESR_1_to_2,B2 Augmented EKF,414,1,2,0.991992364040175,1.89474080759499
ESR_1_to_2,B2 Augmented EKF,415,1,2,0.99205909433984,1.89583725751588
ESR_1_to_2,B2 Augmented EKF,416,1,2,0.992125268553674,1.89692228608342
ESR_1_to_2,B2 Augmented EKF,417,1,2,0.992190891315727,1.89799601227005
ESR_1_to_2,B2 Augmented EKF,418,1,2,0.992255967221429,1.8990585538089
ESR_1_to_2,B2 Augmented EKF,419,1,2,0.992320500827917,1.90011002720673
ESR_1_to_2,B2 Augmented EKF,420,1,2,0.992384496654351,1.90115054775666
ESR_1_to_2,B2 Augmented EKF,421,1,2,0.992447959182232,1.90218022955086
ESR_1_to_2,B2 Augmented EKF,422,1,2,0.992510892855713,1.90319918549304
ESR_1_to_2,B2 Augmented EKF,423,1,2,0.992573302081916,1.90420752731082
ESR_1_to_2,B2 Augmented EKF,424,1,2,0.992635191231233,1.905205365568
ESR_1_to_2,B2 Augmented EKF,425,1,2,0.992696564637639,1.90619280967666
ESR_1_to_2,B2 Augmented EKF,426,1,2,0.992757426598992,1.9071699679092
ESR_1_to_2,B2 Augmented EKF,427,1,2,0.992817781377334,1.90813694741014
ESR_1_to_2,B2 Augmented EKF,428,1,2,0.99287763319919,1.90909385420796
ESR_1_to_2,B2 Augmented EKF,429,1,2,0.992936986255863,1.91004079322662
ESR_1_to_2,B2 Augmented EKF,430,1,2,0.992995844703731,1.91097786829718
ESR_1_to_2,B2 Augmented EKF,431,1,2,0.993054212664533,1.91190518216908
ESR_1_to_2,B2 Augmented EKF,432,1,2,0.993112094225662,1.91282283652149
ESR_1_to_2,B2 Augmented EKF,433,1,2,0.993169493440448,1.91373093197439
ESR_1_to_2,B2 Augmented EKF,434,1,2,0.993226414328444,1.91462956809966
ESR_1_to_2,B2 Augmented EKF,435,1,2,0.993282860875707,1.91551884343195
ESR_1_to_2,B2 Augmented EKF,436,1,2,0.993338837035077,1.91639885547954
ESR_1_to_2,B2 Augmented EKF,437,1,2,0.993394346726451,1.91726970073496
ESR_1_to_2,B2 Augmented EKF,438,1,2,0.993449393837064,1.91813147468563
ESR_1_to_2,B2 Augmented EKF,439,1,2,0.993503982221755,1.91898427182433
ESR_1_to_2,B2 Augmented EKF,440,1,2,0.99355811570324,1.91982818565949
ESR_1_to_2,B2 Augmented EKF,441,1,2,0.99361179807238,1.92066330872554
ESR_1_to_2,B2 Augmented EKF,442,1,2,0.993665033088444,1.92148973259298
ESR_1_to_2,B2 Augmented EKF,443,1,2,0.993717824479373,1.92230754787847
ESR_1_to_2,B2 Augmented EKF,444,1,2,0.993770175942045,1.92311684425473
ESR_1_to_2,B2 Augmented EKF,445,1,2,0.993822091142528,1.92391771046041
ESR_1_to_2,B2 Augmented EKF,446,1,2,0.99387357371634,1.92471023430978
ESR_1_to_2,B2 Augmented EKF,447,1,2,0.993924627268704,1.92549450270239
ESR_1_to_2,B2 Augmented EKF,448,1,2,0.993975255374798,1.92627060163257
ESR_1_to_2,B2 Augmented EKF,449,1,2,0.994025461580008,1.9270386161989
ESR_1_to_2,B2 Augmented EKF,450,1,2,0.994075249400175,1.9277986306135
ESR_1_to_2,B2 Augmented EKF,451,1,2,0.99412462232184,1.92855072821127
ESR_1_to_2,B2 Augmented EKF,452,1,2,0.994173583802492,1.92929499145907
ESR_1_to_2,B2 Augmented EKF,453,1,2,0.994222137270804,1.93003150196471
ESR_1_to_2,B2 Augmented EKF,454,1,2,0.994270286126881,1.93076034048591
ESR_1_to_2,B2 Augmented EKF,455,1,2,0.99431803374249,1.93148158693918
ESR_1_to_2,B2 Augmented EKF,456,1,2,0.994365383461303,1.93219532040856
ESR_1_to_2,B2 Augmented EKF,457,1,2,0.994412338599125,1.93290161915431
ESR_1_to_2,B2 Augmented EKF,458,1,2,0.994458902444132,1.93360056062145
ESR_1_to_2,B2 Augmented EKF,459,1,2,0.994505078257098,1.93429222144831
ESR_1_to_2,B2 Augmented EKF,460,1,2,0.994550869271622,1.93497667747489
ESR_1_to_2,B2 Augmented EKF,461,1,2,0.994596278694359,1.93565400375119
ESR_1_to_2,B2 Augmented EKF,462,1,2,0.994641309705239,1.93632427454545
ESR_1_to_2,B2 Augmented EKF,463,1,2,0.994685965457695,1.93698756335227
ESR_1_to_2,B2 Augmented EKF,464,1,2,0.994730249078881,1.93764394290068
ESR_1_to_2,B2 Augmented EKF,465,1,2,0.994774163669891,1.93829348516213
ESR_1_to_2,B2 Augmented EKF,466,1,2,0.994817712305975,1.93893626135836
ESR_1_to_2,B2 Augmented EKF,467,1,2,0.994860898036758,1.93957234196921
ESR_1_to_2,B2 Augmented EKF,468,1,2,0.994903723886452,1.94020179674037
ESR_1_to_2,B2 Augmented EKF,469,1,2,0.994946192854065,1.94082469469099
ESR_1_to_2,B2 Augmented EKF,470,1,2,0.994988307913614,1.94144110412129
ESR_1_to_2,B2 Augmented EKF,471,1,2,0.995030072014334,1.94205109262003
ESR_1_to_2,B2 Augmented EKF,472,1,2,0.995071488080882,1.9426547270719
ESR_1_to_2,B2 Augmented EKF,473,1,2,0.995112559013541,1.9432520736649
ESR_1_to_2,B2 Augmented EKF,474,1,2,0.995153287688428,1.94384319789756
ESR_1_to_2,B2 Augmented EKF,475,1,2,0.995193676957691,1.94442816458613
ESR_1_to_2,B2 Augmented EKF,476,1,2,0.99523372964971,1.94500703787169
ESR_1_to_2,B2 Augmented EKF,477,1,2,0.995273448569296,1.94557988122719
ESR_1_to_2,B2 Augmented EKF,478,1,2,0.995312836497885,1.94614675746441
ESR_1_to_2,B2 Augmented EKF,479,1,2,0.995351896193736,1.94670772874082
ESR_1_to_2,B2 Augmented EKF,480,1,2,0.995390630392122,1.94726285656644
ESR_1_to_2,B2 Augmented EKF,481,1,2,0.995429041805521,1.94781220181054
ESR_1_to_2,B2 Augmented EKF,482,1,2,0.995467133123808,1.94835582470834
ESR_1_to_2,B2 Augmented EKF,483,1,2,0.995504907014443,1.94889378486763
ESR_1_to_2,B2 Augmented EKF,484,1,2,0.995542366122656,1.94942614127526
ESR_1_to_2,B2 Augmented EKF,485,1,2,0.995579513071634,1.94995295230364
ESR_1_to_2,B2 Augmented EKF,486,1,2,0.995616350462704,1.95047427571715
ESR_1_to_2,B2 Augmented EKF,487,1,2,0.995652880875514,1.95099016867843
ESR_1_to_2,B2 Augmented EKF,488,1,2,0.995689106868218,1.95150068775469
ESR_1_to_2,B2 Augmented EKF,489,1,2,0.99572503097765,1.95200588892391
ESR_1_to_2,B2 Augmented EKF,490,1,2,0.995760655719503,1.95250582758096
ESR_1_to_2,B2 Augmented EKF,491,1,2,0.995795983588507,1.95300055854366
ESR_1_to_2,B2 Augmented EKF,492,1,2,0.995831017058603,1.95349013605883
ESR_1_to_2,B2 Augmented EKF,493,1,2,0.995865758583115,1.95397461380821
ESR_1_to_2,B2 Augmented EKF,494,1,2,0.995900210594922,1.95445404491438
ESR_1_to_2,B2 Augmented EKF,495,1,2,0.995934375506631,1.95492848194652
ESR_1_to_2,B2 Augmented EKF,496,1,2,0.995968255710742,1.95539797692624
ESR_1_to_2,B2 Augmented EKF,497,1,2,0.99600185357982,1.95586258133326
ESR_1_to_2,B2 Augmented EKF,498,1,2,0.996035171466654,1.95632234611104
ESR_1_to_2,B2 Augmented EKF,499,1,2,0.996068211704432,1.95677732167238
ESR_1_to_2,B2 Augmented EKF,500,1,2,0.996100976606895,1.95722755790496
ESR_1_to_2,B2 Augmented EKF,501,1,2,0.996133468468504,1.95767310417679
ESR_1_to_2,B2 Augmented EKF,502,1,2,0.9961656895646,1.95811400934161
ESR_1_to_2,B2 Augmented EKF,503,1,2,0.996197642151562,1.9585503217443
ESR_1_to_2,B2 Augmented EKF,504,1,2,0.996229328466966,1.95898208922613
ESR_1_to_2,B2 Augmented EKF,505,1,2,0.996260750729741,1.95940935913003
ESR_1_to_2,B2 Augmented EKF,506,1,2,0.996291911140326,1.95983217830576
ESR_1_to_2,B2 Augmented EKF,507,1,2,0.996322811880824,1.96025059311507
ESR_1_to_2,B2 Augmented EKF,508,1,2,0.99635345511515,1.96066464943679
ESR_1_to_2,B2 Augmented EKF,509,1,2,0.99638384298919,1.96107439267182
ESR_1_to_2,B2 Augmented EKF,510,1,2,0.996413977630947,1.96147986774816
ESR_1_to_2,B2 Augmented EKF,511,1,2,0.996443861150689,1.96188111912578
ESR_1_to_2,B2 Augmented EKF,512,1,2,0.9964734956411,1.96227819080155
ESR_1_to_2,B2 Augmented EKF,513,1,2,0.996502883177424,1.96267112631404
ESR_1_to_2,B2 Augmented EKF,514,1,2,0.996532025817613,1.96305996874827
ESR_1_to_2,B2 Augmented EKF,515,1,2,0.996560925602466,1.96344476074047
ESR_1_to_2,B2 Augmented EKF,516,1,2,0.996589584555779,1.96382554448276
ESR_1_to_2,B2 Augmented EKF,517,1,2,0.99661800468448,1.96420236172773
ESR_1_to_2,B2 Augmented EKF,518,1,2,0.996646187978776,1.96457525379307
ESR_1_to_2,B2 Augmented EKF,519,1,2,0.996674136412287,1.96494426156606
ESR_1_to_2,B2 Augmented EKF,520,1,2,0.996701851942184,1.96530942550808
ESR_1_to_2,B2 Augmented EKF,521,1,2,0.996729336509333,1.96567078565903
ESR_1_to_2,B2 Augmented EKF,522,1,2,0.996756592038422,1.96602838164175
ESR_1_to_2,B2 Augmented EKF,523,1,2,0.996783620438102,1.96638225266632
ESR_1_to_2,B2 Augmented EKF,524,1,2,0.996810423601117,1.96673243753438
ESR_1_to_2,B2 Augmented EKF,525,1,2,0.996837003404441,1.96707897464339
ESR_1_to_2,B2 Augmented EKF,526,1,2,0.996863361709404,1.96742190199086
ESR_1_to_2,B2 Augmented EKF,527,1,2,0.996889500361826,1.96776125717845
ESR_1_to_2,B2 Augmented EKF,528,1,2,0.996915421192144,1.96809707741618
ESR_1_to_2,B2 Augmented EKF,529,1,2,0.996941126015543,1.96842939952643
ESR_1_to_2,B2 Augmented EKF,530,1,2,0.99696661663208,1.96875825994803
ESR_1_to_2,B2 Augmented EKF,531,1,2,0.996991894826813,1.96908369474023
ESR_1_to_2,B2 Augmented EKF,532,1,2,0.997016962369923,1.96940573958669
ESR_1_to_2,B2 Augmented EKF,533,1,2,0.99704182101684,1.96972442979933
ESR_1_to_2,B2 Augmented EKF,534,1,2,0.997066472508366,1.97003980032225
ESR_1_to_2,B2 Augmented EKF,535,1,2,0.997090918570796,1.97035188573556
ESR_1_to_2,B2 Augmented EKF,536,1,2,0.99711516091604,1.97066072025915
ESR_1_to_2,B2 Augmented EKF,537,1,2,0.997139201241739,1.97096633775645
ESR_1_to_2,B2 Augmented EKF,538,1,2,0.997163041231392,1.97126877173815
ESR_1_to_2,B2 Augmented EKF,539,1,2,0.997186682554463,1.97156805536588
ESR_1_to_2,B2 Augmented EKF,540,1,2,0.99721012686651,1.97186422145582
ESR_1_to_2,B2 Augmented EKF,541,1,2,0.997233375809289,1.97215730248232
ESR_1_to_2,B2 Augmented EKF,542,1,2,0.997256431010878,1.97244733058146
ESR_1_to_2,B2 Augmented EKF,543,1,2,0.997279294085787,1.97273433755457
ESR_1_to_2,B2 Augmented EKF,544,1,2,0.997301966635072,1.97301835487171
ESR_1_to_2,B2 Augmented EKF,545,1,2,0.997324450246447,1.97329941367513
ESR_1_to_2,B2 Augmented EKF,546,1,2,0.997346746494393,1.97357754478268
ESR_1_to_2,B2 Augmented EKF,547,1,2,0.997368856940273,1.9738527786912
ESR_1_to_2,B2 Augmented EKF,548,1,2,0.997390783132437,1.97412514557983
ESR_1_to_2,B2 Augmented EKF,549,1,2,0.997412526606334,1.97439467531337
ESR_1_to_2,B2 Augmented EKF,550,1,2,0.997434088884614,1.97466139744553
ESR_1_to_2,B2 Augmented EKF,551,1,2,0.997455471477243,1.97492534122214
ESR_1_to_2,B2 Augmented EKF,552,1,2,0.997476675881599,1.97518653558441
ESR_1_to_2,B2 Augmented EKF,553,1,2,0.997497703582585,1.97544500917207
ESR_1_to_2,B2 Augmented EKF,554,1,2,0.997518556052731,1.97570079032653
ESR_1_to_2,B2 Augmented EKF,555,1,2,0.997539234752291,1.97595390709396
ESR_1_to_2,B2 Augmented EKF,556,1,2,0.997559741129355,1.9762043872284
ESR_1_to_2,B2 Augmented EKF,557,1,2,0.997580076619944,1.97645225819477
ESR_1_to_2,B2 Augmented EKF,558,1,2,0.997600242648111,1.9766975471719
ESR_1_to_2,B2 Augmented EKF,559,1,2,0.997620240626044,1.97694028105553
ESR_1_to_2,B2 Augmented EKF,560,1,2,0.99764007195416,1.9771804864612
ESR_1_to_2,B2 Augmented EKF,561,1,2,0.997659738021209,1.97741818972723
ESR_1_to_2,B2 Augmented EKF,562,1,2,0.997679240204365,1.97765341691757
ESR_1_to_2,B2 Augmented EKF,563,1,2,0.997698579869329,1.97788619382468
ESR_1_to_2,B2 Augmented EKF,564,1,2,0.997717758370418,1.97811654597234
ESR_1_to_2,B2 Augmented EKF,565,1,2,0.997736777050664,1.97834449861846
ESR_1_to_2,B2 Augmented EKF,566,1,2,0.997755637241909,1.97857007675785
ESR_1_to_2,B2 Augmented EKF,567,1,2,0.997774340264893,1.97879330512496
ESR_1_to_2,B2 Augmented EKF,568,1,2,0.997792887429352,1.97901420819657
ESR_1_to_2,B2 Augmented EKF,569,1,2,0.997811280034107,1.97923281019453
ESR_1_to_2,B2 Augmented EKF,570,1,2,0.997829519367157,1.97944913508833
ESR_1_to_2,B2 Augmented EKF,571,1,2,0.997847606705764,1.97966320659783
ESR_1_to_2,B2 Augmented EKF,572,1,2,0.997865543316549,1.97987504819577
ESR_1_to_2,B2 Augmented EKF,573,1,2,0.997883330455578,1.9800846831104
ESR_1_to_2,B2 Augmented EKF,574,1,2,0.997900969368448,1.980292134328
ESR_1_to_2,B2 Augmented EKF,575,1,2,0.997918461290377,1.98049742459541
ESR_1_to_2,B2 Augmented EKF,576,1,2,0.997935807446291,1.98070057642254
ESR_1_to_2,B2 Augmented EKF,577,1,2,0.997953009050905,1.98090161208481
ESR_1_to_2,B2 Augmented EKF,578,1,2,0.997970067308814,1.98110055362559
ESR_1_to_2,B2 Augmented EKF,579,1,2,0.997986983414574,1.98129742285866
ESR_1_to_2,B2 Augmented EKF,580,1,2,0.998003758552786,1.98149224137055
ESR_1_to_2,B2 Augmented EKF,581,1,2,0.99802039389818,1.98168503052294
ESR_1_to_2,B2 Augmented EKF,582,1,2,0.998036890615695,1.98187581145499
ESR_1_to_2,B2 Augmented EKF,583,1,2,0.998053249860564,1.98206460508567
ESR_1_to_2,B2 Augmented EKF,584,1,2,0.998069472778393,1.98225143211603
ESR_1_to_2,B2 Augmented EKF,585,1,2,0.998085560505239,1.98243631303148
ESR_1_to_2,B2 Augmented EKF,586,1,2,0.998101514167696,1.98261926810407
ESR_1_to_2,B2 Augmented EKF,587,1,2,0.998117334882965,1.98280031739466
ESR_1_to_2,B2 Augmented EKF,588,1,2,0.99813302375894,1.98297948075513
ESR_1_to_2,B2 Augmented EKF,589,1,2,0.998148581894282,1.9831567778306
ESR_1_to_2,B2 Augmented EKF,590,1,2,0.998164010378496,1.98333222806153
ESR_1_to_2,B2 Augmented EKF,591,1,2,0.998179310292009,1.98350585068589
ESR_1_to_2,B2 Augmented EKF,592,1,2,0.998194482706242,1.98367766474124
ESR_1_to_2,B2 Augmented EKF,593,1,2,0.99820952868369,1.98384768906685
ESR_1_to_2,B2 Augmented EKF,594,1,2,0.998224449277993,1.98401594230574
ESR_1_to_2,B2 Augmented EKF,595,1,2,0.99823924553401,1.98418244290672
ESR_1_to_2,B2 Augmented EKF,596,1,2,0.998253918487893,1.98434720912644
ESR_1_to_2,B2 Augmented EKF,597,1,2,0.99826846916716,1.98451025903138
ESR_1_to_2,B2 Augmented EKF,598,1,2,0.998282898590767,1.9846716104998
ESR_1_to_2,B2 Augmented EKF,599,1,2,0.998297207769178,1.98483128122376
ESR_1_to_2,B3 Dual EKF,0,1,1,1,1
ESR_1_to_2,B3 Dual EKF,1,1,1,1,1
ESR_1_to_2,B3 Dual EKF,2,1,1,1,1
ESR_1_to_2,B3 Dual EKF,3,1,1,1,1
ESR_1_to_2,B3 Dual EKF,4,1,1,1,1
ESR_1_to_2,B3 Dual EKF,5,1,1,1,1
ESR_1_to_2,B3 Dual EKF,6,1,1,1,1
ESR_1_to_2,B3 Dual EKF,7,1,1,1,1
ESR_1_to_2,B3 Dual EKF,8,1,1,1,1
ESR_1_to_2,B3 Dual EKF,9,1,1,1,1
ESR_1_to_2,B3 Dual EKF,10,1,1,1,1
ESR_1_to_2,B3 Dual EKF,11,1,1,1,1
ESR_1_to_2,B3 Dual EKF,12,1,1,1,1
ESR_1_to_2,B3 Dual EKF,13,1,1,1,1
ESR_1_to_2,B3 Dual EKF,14,1,1,1,1
ESR_1_to_2,B3 Dual EKF,15,1,1,1,1
ESR_1_to_2,B3 Dual EKF,16,1,1,1,1
ESR_1_to_2,B3 Dual EKF,17,1,1,1,1
ESR_1_to_2,B3 Dual EKF,18,1,1,1,1
ESR_1_to_2,B3 Dual EKF,19,1,1,1,1
ESR_1_to_2,B3 Dual EKF,20,1,1,1,1
ESR_1_to_2,B3 Dual EKF,21,1,1,1,1
ESR_1_to_2,B3 Dual EKF,22,1,1,1,1
ESR_1_to_2,B3 Dual EKF,23,1,1,1,1
ESR_1_to_2,B3 Dual EKF,24,1,1,1,1
ESR_1_to_2,B3 Dual EKF,25,1,1,1,1
ESR_1_to_2,B3 Dual EKF,26,1,1,1,1
ESR_1_to_2,B3 Dual EKF,27,1,1,1,1
ESR_1_to_2,B3 Dual EKF,28,1,1,1,1
ESR_1_to_2,B3 Dual EKF,29,1,1,1,1
ESR_1_to_2,B3 Dual EKF,30,1,1,1,1
ESR_1_to_2,B3 Dual EKF,31,1,1,1,1
ESR_1_to_2,B3 Dual EKF,32,1,1,1,1
ESR_1_to_2,B3 Dual EKF,33,1,1,1,1
ESR_1_to_2,B3 Dual EKF,34,1,1,1,1
ESR_1_to_2,B3 Dual EKF,35,1,1,1,1
ESR_1_to_2,B3 Dual EKF,36,1,1,1,1
ESR_1_to_2,B3 Dual EKF,37,1,1,1,1
ESR_1_to_2,B3 Dual EKF,38,1,1,1,1
ESR_1_to_2,B3 Dual EKF,39,1,1,1,1
ESR_1_to_2,B3 Dual EKF,40,1,1,1,1
ESR_1_to_2,B3 Dual EKF,41,1,1,1,1
ESR_1_to_2,B3 Dual EKF,42,1,1,1,1
ESR_1_to_2,B3 Dual EKF,43,1,1,1,1
ESR_1_to_2,B3 Dual EKF,44,1,1,1,1
ESR_1_to_2,B3 Dual EKF,45,1,1,1,1
ESR_1_to_2,B3 Dual EKF,46,1,1,1,1
ESR_1_to_2,B3 Dual EKF,47,1,1,1,1
ESR_1_to_2,B3 Dual EKF,48,1,1,1,1
ESR_1_to_2,B3 Dual EKF,49,1,1,1,1
ESR_1_to_2,B3 Dual EKF,50,1,1,1,1
ESR_1_to_2,B3 Dual EKF,51,1,1,1,1
ESR_1_to_2,B3 Dual EKF,52,1,1,1,1
ESR_1_to_2,B3 Dual EKF,53,1,1,1,1
ESR_1_to_2,B3 Dual EKF,54,1,1,1,1
ESR_1_to_2,B3 Dual EKF,55,1,1,1,1
ESR_1_to_2,B3 Dual EKF,56,1,1,1,1
ESR_1_to_2,B3 Dual EKF,57,1,1,1,1
ESR_1_to_2,B3 Dual EKF,58,1,1,1,1
ESR_1_to_2,B3 Dual EKF,59,1,1,1,1
ESR_1_to_2,B3 Dual EKF,60,1,1,1,1
ESR_1_to_2,B3 Dual EKF,61,1,1,1,1
ESR_1_to_2,B3 Dual EKF,62,1,1,1,1
ESR_1_to_2,B3 Dual EKF,63,1,1,1,1
ESR_1_to_2,B3 Dual EKF,64,1,1,1,1
ESR_1_to_2,B3 Dual EKF,65,1,1,1,1
ESR_1_to_2,B3 Dual EKF,66,1,1,1,1
ESR_1_to_2,B3 Dual EKF,67,1,1,1,1
ESR_1_to_2,B3 Dual EKF,68,1,1,1,1
ESR_1_to_2,B3 Dual EKF,69,1,1,1,1
ESR_1_to_2,B3 Dual EKF,70,1,1,1,1
ESR_1_to_2,B3 Dual EKF,71,1,1,1,1
ESR_1_to_2,B3 Dual EKF,72,1,1,1,1
ESR_1_to_2,B3 Dual EKF,73,1,1,1,1
ESR_1_to_2,B3 Dual EKF,74,1,1,1,1
ESR_1_to_2,B3 Dual EKF,75,1,1,1,1
ESR_1_to_2,B3 Dual EKF,76,1,1,1,1
ESR_1_to_2,B3 Dual EKF,77,1,1,1,1
ESR_1_to_2,B3 Dual EKF,78,1,1,1,1
ESR_1_to_2,B3 Dual EKF,79,1,1,1,1
ESR_1_to_2,B3 Dual EKF,80,1,1,1,1
ESR_1_to_2,B3 Dual EKF,81,1,1,1,1
ESR_1_to_2,B3 Dual EKF,82,1,1,1,1
ESR_1_to_2,B3 Dual EKF,83,1,1,1,1
ESR_1_to_2,B3 Dual EKF,84,1,1,1,1
ESR_1_to_2,B3 Dual EKF,85,1,1,1,1
ESR_1_to_2,B3 Dual EKF,86,1,1,1,1
ESR_1_to_2,B3 Dual EKF,87,1,1,1,1
ESR_1_to_2,B3 Dual EKF,88,1,1,1,1
ESR_1_to_2,B3 Dual EKF,89,1,1,1,1
ESR_1_to_2,B3 Dual EKF,90,1,1,1,1
ESR_1_to_2,B3 Dual EKF,91,1,1,1,1
ESR_1_to_2,B3 Dual EKF,92,1,1,1,1
ESR_1_to_2,B3 Dual EKF,93,1,1,1,1
ESR_1_to_2,B3 Dual EKF,94,1,1,1,1
ESR_1_to_2,B3 Dual EKF,95,1,1,1,1
ESR_1_to_2,B3 Dual EKF,96,1,1,1,1
ESR_1_to_2,B3 Dual EKF,97,1,1,1,1
ESR_1_to_2,B3 Dual EKF,98,1,1,1,1
ESR_1_to_2,B3 Dual EKF,99,1,1,1,1
ESR_1_to_2,B3 Dual EKF,100,1,1,1,1
ESR_1_to_2,B3 Dual EKF,101,1,1,1,1
ESR_1_to_2,B3 Dual EKF,102,1,1,1,1
ESR_1_to_2,B3 Dual EKF,103,1,1,1,1
ESR_1_to_2,B3 Dual EKF,104,1,1,1,1
ESR_1_to_2,B3 Dual EKF,105,1,1,1,1
ESR_1_to_2,B3 Dual EKF,106,1,1,1,1
ESR_1_to_2,B3 Dual EKF,107,1,1,1,1
ESR_1_to_2,B3 Dual EKF,108,1,1,1,1
ESR_1_to_2,B3 Dual EKF,109,1,1,1,1
ESR_1_to_2,B3 Dual EKF,110,1,1,1,1
ESR_1_to_2,B3 Dual EKF,111,1,1,1,1
ESR_1_to_2,B3 Dual EKF,112,1,1,1,1
ESR_1_to_2,B3 Dual EKF,113,1,1,1,1
ESR_1_to_2,B3 Dual EKF,114,1,1,1,1
ESR_1_to_2,B3 Dual EKF,115,1,1,1,1
ESR_1_to_2,B3 Dual EKF,116,1,1,1,1
ESR_1_to_2,B3 Dual EKF,117,1,1,1,1
ESR_1_to_2,B3 Dual EKF,118,1,1,1,1
ESR_1_to_2,B3 Dual EKF,119,1,1,1,1
ESR_1_to_2,B3 Dual EKF,120,1,1,1,1
ESR_1_to_2,B3 Dual EKF,121,1,1,1,1
ESR_1_to_2,B3 Dual EKF,122,1,1,1,1
ESR_1_to_2,B3 Dual EKF,123,1,1,1,1
ESR_1_to_2,B3 Dual EKF,124,1,1,1,1
ESR_1_to_2,B3 Dual EKF,125,1,1,1,1
ESR_1_to_2,B3 Dual EKF,126,1,1,1,1
ESR_1_to_2,B3 Dual EKF,127,1,1,1,1
ESR_1_to_2,B3 Dual EKF,128,1,1,1,1
ESR_1_to_2,B3 Dual EKF,129,1,1,1,1
ESR_1_to_2,B3 Dual EKF,130,1,1,1,1
ESR_1_to_2,B3 Dual EKF,131,1,1,1,1
ESR_1_to_2,B3 Dual EKF,132,1,1,1,1
ESR_1_to_2,B3 Dual EKF,133,1,1,1,1
ESR_1_to_2,B3 Dual EKF,134,1,1,1,1
ESR_1_to_2,B3 Dual EKF,135,1,1,1,1
ESR_1_to_2,B3 Dual EKF,136,1,1,1,1
ESR_1_to_2,B3 Dual EKF,137,1,1,1,1
ESR_1_to_2,B3 Dual EKF,138,1,1,1,1
ESR_1_to_2,B3 Dual EKF,139,1,1,1,1
ESR_1_to_2,B3 Dual EKF,140,1,1,1,1
ESR_1_to_2,B3 Dual EKF,141,1,1,1,1
ESR_1_to_2,B3 Dual EKF,142,1,1,1,1
ESR_1_to_2,B3 Dual EKF,143,1,1,1,1
ESR_1_to_2,B3 Dual EKF,144,1,1,1,1
ESR_1_to_2,B3 Dual EKF,145,1,1,1,1
ESR_1_to_2,B3 Dual EKF,146,1,1,1,1
ESR_1_to_2,B3 Dual EKF,147,1,1,1,1
ESR_1_to_2,B3 Dual EKF,148,1,1,1,1
ESR_1_to_2,B3 Dual EKF,149,1,1,1,1
ESR_1_to_2,B3 Dual EKF,150,1,1,1,1
ESR_1_to_2,B3 Dual EKF,151,1,1,1,1
ESR_1_to_2,B3 Dual EKF,152,1,1,1,1
ESR_1_to_2,B3 Dual EKF,153,1,1,1,1
ESR_1_to_2,B3 Dual EKF,154,1,1,1,1
ESR_1_to_2,B3 Dual EKF,155,1,1,1,1
ESR_1_to_2,B3 Dual EKF,156,1,1,1,1
ESR_1_to_2,B3 Dual EKF,157,1,1,1,1
ESR_1_to_2,B3 Dual EKF,158,1,1,1,1
ESR_1_to_2,B3 Dual EKF,159,1,1,1,1
ESR_1_to_2,B3 Dual EKF,160,1,1,1,1
ESR_1_to_2,B3 Dual EKF,161,1,1,1,1
ESR_1_to_2,B3 Dual EKF,162,1,1,1,1
ESR_1_to_2,B3 Dual EKF,163,1,1,1,1
ESR_1_to_2,B3 Dual EKF,164,1,1,1,1
ESR_1_to_2,B3 Dual EKF,165,1,1,1,1
ESR_1_to_2,B3 Dual EKF,166,1,1,1,1
ESR_1_to_2,B3 Dual EKF,167,1,1,1,1
ESR_1_to_2,B3 Dual EKF,168,1,1,1,1
ESR_1_to_2,B3 Dual EKF,169,1,1,1,1
ESR_1_to_2,B3 Dual EKF,170,1,1,1,1
ESR_1_to_2,B3 Dual EKF,171,1,1,1,1
ESR_1_to_2,B3 Dual EKF,172,1,1,1,1
ESR_1_to_2,B3 Dual EKF,173,1,1,1,1
ESR_1_to_2,B3 Dual EKF,174,1,1,1,1
ESR_1_to_2,B3 Dual EKF,175,1,1,1,1
ESR_1_to_2,B3 Dual EKF,176,1,1,1,1
ESR_1_to_2,B3 Dual EKF,177,1,1,1,1
ESR_1_to_2,B3 Dual EKF,178,1,1,1,1
ESR_1_to_2,B3 Dual EKF,179,1,1,1,1
ESR_1_to_2,B3 Dual EKF,180,1,1,1,1
ESR_1_to_2,B3 Dual EKF,181,1,1,1,1
ESR_1_to_2,B3 Dual EKF,182,1,1,1,1
ESR_1_to_2,B3 Dual EKF,183,1,1,1,1
ESR_1_to_2,B3 Dual EKF,184,1,1,1,1
ESR_1_to_2,B3 Dual EKF,185,1,1,1,1
ESR_1_to_2,B3 Dual EKF,186,1,1,1,1
ESR_1_to_2,B3 Dual EKF,187,1,1,1,1
ESR_1_to_2,B3 Dual EKF,188,1,1,1,1
ESR_1_to_2,B3 Dual EKF,189,1,1,1,1
ESR_1_to_2,B3 Dual EKF,190,1,1,1,1
ESR_1_to_2,B3 Dual EKF,191,1,1,1,1
ESR_1_to_2,B3 Dual EKF,192,1,1,1,1
ESR_1_to_2,B3 Dual EKF,193,1,1,1,1
ESR_1_to_2,B3 Dual EKF,194,1,1,1,1
ESR_1_to_2,B3 Dual EKF,195,1,1,1,1
ESR_1_to_2,B3 Dual EKF,196,1,1,1,1
ESR_1_to_2,B3 Dual EKF,197,1,1,1,1
ESR_1_to_2,B3 Dual EKF,198,1,1,1,1
ESR_1_to_2,B3 Dual EKF,199,1,1,1,1
ESR_1_to_2,B3 Dual EKF,200,1,2,0.966,1.01358695652174
ESR_1_to_2,B3 Dual EKF,201,1,2,0.966369565217391,1.02698930765595
ESR_1_to_2,B3 Dual EKF,202,1,2,0.96673511342155,1.04020956162802
ESR_1_to_2,B3 Dual EKF,203,1,2,0.967096688275664,1.05325019258416
ESR_1_to_2,B3 Dual EKF,204,1,2,0.96745433296832,1.06611364105449
ESR_1_to_2,B3 Dual EKF,205,1,2,0.967808090218664,1.07880231440972
ESR_1_to_2,B3 Dual EKF,206,1,2,0.968158002281505,1.09131858731177
ESR_1_to_2,B3 Dual EKF,207,1,2,0.968504110952358,1.10366480215807
ESR_1_to_2,B3 Dual EKF,208,1,2,0.968846457572441,1.11584326952006
ESR_1_to_2,B3 Dual EKF,209,1,2,0.96918508303361,1.12785626857549
ESR_1_to_2,B3 Dual EKF,210,1,2,0.969520027783245,1.13970604753506
ESR_1_to_2,B3 Dual EKF,211,1,2,0.969851331829079,1.15139482406312
ESR_1_to_2,B3 Dual EKF,212,1,2,0.97017903474398,1.16292478569269
ESR_1_to_2,B3 Dual EKF,213,1,2,0.970503175670676,1.17429809023491
ESR_1_to_2,B3 Dual EKF,214,1,2,0.97082379332643,1.18551686618281
ESR_1_to_2,B3 Dual EKF,215,1,2,0.971140926007664,1.19658321310967
ESR_1_to_2,B3 Dual EKF,216,1,2,0.971454611594537,1.20749920206199
ESR_1_to_2,B3 Dual EKF,217,1,2,0.971764887555466,1.21826687594701
ESR_1_to_2,B3 Dual EKF,218,1,2,0.972071790951602,1.22888824991513
ESR_1_to_2,B3 Dual EKF,219,1,2,0.972375358441259,1.23936531173693
ESR_1_to_2,B3 Dual EKF,220,1,2,0.972675626284289,1.24970002217529
ESR_1_to_2,B3 Dual EKF,221,1,2,0.972972630346416,1.25989431535225
ESR_1_to_2,B3 Dual EKF,222,1,2,0.97326640610352,1.26995009911106
ESR_1_to_2,B3 Dual EKF,223,1,2,0.973556988645873,1.27986925537313
ESR_1_to_2,B3 Dual EKF,224,1,2,0.973844412682331,1.28965364049035
ESR_1_to_2,B3 Dual EKF,225,1,2,0.97412871254448,1.29930508559238
ESR_1_to_2,B3 Dual EKF,226,1,2,0.974409922190735,1.30882539692944
ESR_1_to_2,B3 Dual EKF,227,1,2,0.974688075210401,1.31821635621029
ESR_1_to_2,B3 Dual EKF,228,1,2,0.97496320482768,1.32747972093569
ESR_1_to_2,B3 Dual EKF,229,1,2,0.97523534390564,1.33661722472733
ESR_1_to_2,B3 Dual EKF,230,1,2,0.975504524950144,1.34563057765223
ESR_1_to_2,B3 Dual EKF,231,1,2,0.975770780113729,1.35452146654282
ESR_1_to_2,B3 Dual EKF,232,1,2,0.976034141199449,1.36329155531262
ESR_1_to_2,B3 Dual EKF,233,1,2,0.976294639664673,1.37194248526761
ESR_1_to_2,B3 Dual EKF,234,1,2,0.976552306624839,1.38047587541343
ESR_1_to_2,B3 Dual EKF,235,1,2,0.976807172857178,1.38889332275836
ESR_1_to_2,B3 Dual EKF,236,1,2,0.977059268804382,1.39719640261219
ESR_1_to_2,B3 Dual EKF,237,1,2,0.977308624578248,1.40538666888104
ESR_1_to_2,B3 Dual EKF,238,1,2,0.977555269963267,1.4134656543582
ESR_1_to_2,B3 Dual EKF,239,1,2,0.977799234420188,1.42143487101094
ESR_1_to_2,B3 Dual EKF,240,1,2,0.978040547089534,1.42929581026351
ESR_1_to_2,B3 Dual EKF,241,1,2,0.978279236795082,1.43704994327624
ESR_1_to_2,B3 Dual EKF,242,1,2,0.97851533204731,1.44469872122085
ESR_1_to_2,B3 Dual EKF,243,1,2,0.978748861046795,1.45224357555209
ESR_1_to_2,B3 Dual EKF,244,1,2,0.978979851687591,1.45968591827557
ESR_1_to_2,B3 Dual EKF,245,1,2,0.979208331560552,1.46702714221204
ESR_1_to_2,B3 Dual EKF,246,1,2,0.979434327956633,1.47426862125807
ESR_1_to_2,B3 Dual EKF,247,1,2,0.979657867870148,1.48141171064315
ESR_1_to_2,B3 Dual EKF,248,1,2,0.979878978001994,1.48845774718333
ESR_1_to_2,B3 Dual EKF,249,1,2,0.980097684762842,1.49540804953138
ESR_1_to_2,B3 Dual EKF,250,1,2,0.980314014276289,1.50226391842362
ESR_1_to_2,B3 Dual EKF,251,1,2,0.980527992381982,1.5090266369233
ESR_1_to_2,B3 Dual EKF,252,1,2,0.980739644638699,1.51569747066075
ESR_1_to_2,B3 Dual EKF,253,1,2,0.980948996327409,1.52227766807025
ESR_1_to_2,B3 Dual EKF,254,1,2,0.981156072454285,1.52876846062365
ESR_1_to_2,B3 Dual EKF,255,1,2,0.981360897753695,1.53517106306082
ESR_1_to_2,B3 Dual EKF,256,1,2,0.981563496691155,1.54148667361706
ESR_1_to_2,B3 Dual EKF,257,1,2,0.981763893466251,1.54771647424727
ESR_1_to_2,B3 Dual EKF,258,1,2,0.981962112015531,1.55386163084717
ESR_1_to_2,B3 Dual EKF,259,1,2,0.982158176015362,1.55992329347153
ESR_1_to_2,B3 Dual EKF,260,1,2,0.982352108884761,1.56590259654936
ESR_1_to_2,B3 Dual EKF,261,1,2,0.982543933788187,1.57180065909624
ESR_1_to_2,B3 Dual EKF,262,1,2,0.982733673638315,1.57761858492374
ESR_1_to_2,B3 Dual EKF,263,1,2,0.982921351098769,1.58335746284597
ESR_1_to_2,B3 Dual EKF,264,1,2,0.983106988586825,1.58901836688339
ESR_1_to_2,B3 Dual EKF,265,1,2,0.983290608276099,1.59460235646378
ESR_1_to_2,B3 Dual EKF,266,1,2,0.983472232099185,1.60011047662052
ESR_1_to_2,B3 Dual EKF,267,1,2,0.983651881750281,1.60554375818818
ESR_1_to_2,B3 Dual EKF,268,1,2,0.983829578687778,1.6109032179954
ESR_1_to_2,B3 Dual EKF,269,1,2,0.984005344136824,1.61618985905525
ESR_1_to_2,B3 Dual EKF,270,1,2,0.984179199091858,1.62140467075287
ESR_1_to_2,B3 Dual EKF,271,1,2,0.98435116431912,1.62654862903068
ESR_1_to_2,B3 Dual EKF,272,1,2,0.98452126035913,1.63162269657103
ESR_1_to_2,B3 Dual EKF,273,1,2,0.984689507529139,1.63662782297631
ESR_1_to_2,B3 Dual EKF,274,1,2,0.984855925925562,1.64156494494674
ESR_1_to_2,B3 Dual EKF,275,1,2,0.985020535426371,1.64643498645562
ESR_1_to_2,B3 Dual EKF,276,1,2,0.985183355693476,1.65123885892225
ESR_1_to_2,B3 Dual EKF,277,1,2,0.985344406175068,1.65597746138255
ESR_1_to_2,B3 Dual EKF,278,1,2,0.985503706107948,1.66065168065724
ESR_1_to_2,B3 Dual EKF,279,1,2,0.985661274519818,1.66526239151788
ESR_1_to_2,B3 Dual EKF,280,1,2,0.985817130231559,1.66981045685051
ESR_1_to_2,B3 Dual EKF,281,1,2,0.985971291859477,1.67429672781722
ESR_1_to_2,B3 Dual EKF,282,1,2,0.986123777817526,1.67872204401536
ESR_1_to_2,B3 Dual EKF,283,1,2,0.98627460631951,1.68308723363471
ESR_1_to_2,B3 Dual EKF,284,1,2,0.986423795381254,1.6873931136125
ESR_1_to_2,B3 Dual EKF,285,1,2,0.986571362822762,1.69164048978624
ESR_1_to_2,B3 Dual EKF,286,1,2,0.986717326270341,1.69583015704458
ESR_1_to_2,B3 Dual EKF,287,1,2,0.986861703158707,1.69996289947604
ESR_1_to_2,B3 Dual EKF,288,1,2,0.987004510733069,1.70403949051577
ESR_1_to_2,B3 Dual EKF,289,1,2,0.987145766051187,1.70806069309028
ESR_1_to_2,B3 Dual EKF,290,1,2,0.987285485985414,1.71202725976025
ESR_1_to_2,B3 Dual EKF,291,1,2,0.987423687224703,1.71593993286134
ESR_1_to_2,B3 Dual EKF,292,1,2,0.987560386276608,1.71979944464311
ESR_1_to_2,B3 Dual EKF,293,1,2,0.987695599469254,1.72360651740611
ESR_1_to_2,B3 Dual EKF,294,1,2,0.987829342953283,1.72736186363701
ESR_1_to_2,B3 Dual EKF,295,1,2,0.987961632703791,1.73106618614194
ESR_1_to_2,B3 Dual EKF,296,1,2,0.988092484522228,1.73472017817806
ESR_1_to_2,B3 Dual EKF,297,1,2,0.988221914038291,1.73832452358324
ESR_1_to_2,B3 Dual EKF,298,1,2,0.988349936711788,1.74187989690412
ESR_1_to_2,B3 Dual EKF,299,1,2,0.988476567834486,1.74538696352227
ESR_1_to_2,B3 Dual EKF,300,1,2,0.988601822531937,1.74884637977877
ESR_1_to_2,B3 Dual EKF,301,1,2,0.988725715765286,1.75225879309699
ESR_1_to_2,B3 Dual EKF,302,1,2,0.988848262333054,1.75562484210382
ESR_1_to_2,B3 Dual EKF,303,1,2,0.988969476872912,1.75894515674915
ESR_1_to_2,B3 Dual EKF,304,1,2,0.989089373863424,1.76222035842376
ESR_1_to_2,B3 Dual EKF,305,1,2,0.989207967625778,1.76545106007561
ESR_1_to_2,B3 Dual EKF,306,1,2,0.989325272325498,1.76863786632458
ESR_1_to_2,B3 Dual EKF,307,1,2,0.989441301974134,1.7717813735756
ESR_1_to_2,B3 Dual EKF,308,1,2,0.989556070430937,1.77488217013028
ESR_1_to_2,B3 Dual EKF,309,1,2,0.989669591404514,1.77794083629699
ESR_1_to_2,B3 Dual EKF,310,1,2,0.989781878454465,1.78095794449948
ESR_1_to_2,B3 Dual EKF,311,1,2,0.989892944993003,1.783934059384
ESR_1_to_2,B3 Dual EKF,312,1,2,0.990002804286558,1.78686973792497
ESR_1_to_2,B3 Dual EKF,313,1,2,0.990111469457356,1.78976552952925
ESR_1_to_2,B3 Dual EKF,314,1,2,0.990218953484993,1.79262197613891
ESR_1_to_2,B3 Dual EKF,315,1,2,0.990325269207982,1.79543961233268
ESR_1_to_2,B3 Dual EKF,316,1,2,0.990430429325287,1.79821896542598
ESR_1_to_2,B3 Dual EKF,317,1,2,0.990534446397838,1.80096055556965
ESR_1_to_2,B3 Dual EKF,318,1,2,0.990637332850036,1.80366489584724
ESR_1_to_2,B3 Dual EKF,319,1,2,0.990739100971231,1.80633249237105
ESR_1_to_2,B3 Dual EKF,320,1,2,0.990839762917196,1.80896384437688
ESR_1_to_2,B3 Dual EKF,321,1,2,0.990939330711574,1.81155944431741
ESR_1_to_2,B3 Dual EKF,322,1,2,0.991037816247318,1.8141197779544
ESR_1_to_2,B3 Dual EKF,323,1,2,0.991135231288108,1.81664532444959
ESR_1_to_2,B3 Dual EKF,324,1,2,0.991231587469759,1.81913655645435
ESR_1_to_2,B3 Dual EKF,325,1,2,0.991326896301609,1.82159394019818
ESR_1_to_2,B3 Dual EKF,326,1,2,0.991421169167896,1.82401793557592
ESR_1_to_2,B3 Dual EKF,327,1,2,0.991514417329115,1.82640899623385
ESR_1_to_2,B3 Dual EKF,328,1,2,0.991606651923363,1.82876756965459
ESR_1_to_2,B3 Dual EKF,329,1,2,0.991697883967675,1.8310940972408
ESR_1_to_2,B3 Dual EKF,330,1,2,0.99178812435933,1.83338901439786
ESR_1_to_2,B3 Dual EKF,331,1,2,0.991877383877164,1.83565275061528
ESR_1_to_2,B3 Dual EKF,332,1,2,0.991965673182847,1.83788572954714
ESR_1_to_2,B3 Dual EKF,333,1,2,0.992053002822164,1.84008836909133
ESR_1_to_2,B3 Dual EKF,334,1,2,0.992139383226271,1.84226108146781
ESR_1_to_2,B3 Dual EKF,335,1,2,0.992224824712942,1.84440427329569
ESR_1_to_2,B3 Dual EKF,336,1,2,0.992309337487801,1.84651834566939
ESR_1_to_2,B3 Dual EKF,337,1,2,0.992392931645542,1.84860369423367
ESR_1_to_2,B3 Dual EKF,338,1,2,0.992475617171134,1.85066070925767
ESR_1_to_2,B3 Dual EKF,339,1,2,0.992557403941013,1.85268977570797
ESR_1_to_2,B3 Dual EKF,340,1,2,0.992638301724263,1.85469127332063
ESR_1_to_2,B3 Dual EKF,341,1,2,0.992718320183782,1.85666557667226
ESR_1_to_2,B3 Dual EKF,342,1,2,0.992797468877436,1.85861305525008
ESR_1_to_2,B3 Dual EKF,343,1,2,0.992875757259204,1.86053407352114
ESR_1_to_2,B3 Dual EKF,344,1,2,0.992953194680299,1.86242899100047
ESR_1_to_2,B3 Dual EKF,345,1,2,0.993029790390296,1.8642981623184
ESR_1_to_2,B3 Dual EKF,346,1,2,0.993105553538227,1.8661419372869
ESR_1_to_2,B3 Dual EKF,347,1,2,0.993180493173681,1.86796066096506
ESR_1_to_2,B3 Dual EKF,348,1,2,0.993254618247881,1.86975467372369
ESR_1_to_2,B3 Dual EKF,349,1,2,0.993327937614751,1.87152431130897
ESR_1_to_2,B3 Dual EKF,350,1,2,0.993400460031982,1.87326990490531
ESR_1_to_2,B3 Dual EKF,351,1,2,0.993472194162069,1.87499178119736
ESR_1_to_2,B3 Dual EKF,352,1,2,0.993543148573351,1.87669026243109
ESR_1_to_2,B3 Dual EKF,353,1,2,0.993613331741032,1.87836566647415
ESR_1_to_2,B3 Dual EKF,354,1,2,0.993682752048195,1.88001830687531
ESR_1_to_2,B3 Dual EKF,355,1,2,0.993751417786801,1.8816484929232
ESR_1_to_2,B3 Dual EKF,356,1,2,0.993819337158684,1.88325652970414
ESR_1_to_2,B3 Dual EKF,357,1,2,0.993886518276524,1.88484271815925
ESR_1_to_2,B3 Dual EKF,358,1,2,0.993952969164823,1.88640735514078
ESR_1_to_2,B3 Dual EKF,359,1,2,0.994018697760857,1.88795073346767
ESR_1_to_2,B3 Dual EKF,360,1,2,0.994083711915631,1.88947314198034
ESR_1_to_2,B3 Dual EKF,361,1,2,0.994148019394809,1.89097486559473
ESR_1_to_2,B3 Dual EKF,362,1,2,0.994211627879648,1.89245618535568
ESR_1_to_2,B3 Dual EKF,363,1,2,0.994274544967912,1.89391737848943
ESR_1_to_2,B3 Dual EKF,364,1,2,0.994336778174783,1.89535871845561
ESR_1_to_2,B3 Dual EKF,365,1,2,0.994398334933753,1.89678047499833
ESR_1_to_2,B3 Dual EKF,366,1,2,0.994459222597516,1.89818291419672
ESR_1_to_2,B3 Dual EKF,367,1,2,0.994519448438848,1.8995662985147
ESR_1_to_2,B3 Dual EKF,368,1,2,0.994579019651469,1.9009308868501
ESR_1_to_2,B3 Dual EKF,369,1,2,0.994637943350909,1.90227693458311
ESR_1_to_2,B3 Dual EKF,370,1,2,0.994696226575356,1.9036046936241
ESR_1_to_2,B3 Dual EKF,371,1,2,0.994753876286494,1.90491441246073
ESR_1_to_2,B3 Dual EKF,372,1,2,0.994810899370336,1.90620633620447
ESR_1_to_2,B3 Dual EKF,373,1,2,0.99486730263805,1.90748070663648
ESR_1_to_2,B3 Dual EKF,374,1,2,0.994923092826767,1.90873776225283
ESR_1_to_2,B3 Dual EKF,375,1,2,0.994978276600389,1.90997773830918
ESR_1_to_2,B3 Dual EKF,376,1,2,0.995032860550385,1.91120086686476
ESR_1_to_2,B3 Dual EKF,377,1,2,0.995086851196576,1.91240737682584
ESR_1_to_2,B3 Dual EKF,378,1,2,0.995140254987918,1.91359749398853
ESR_1_to_2,B3 Dual EKF,379,1,2,0.995193078303266,1.91477144108108
ESR_1_to_2,B3 Dual EKF,380,1,2,0.995245327452144,1.91592943780552
ESR_1_to_2,B3 Dual EKF,381,1,2,0.99529700867549,1.91707170087881
ESR_1_to_2,B3 Dual EKF,382,1,2,0.995348128146409,1.91819844407339
ESR_1_to_2,B3 Dual EKF,383,1,2,0.995398691970904,1.91930987825718
ESR_1_to_2,B3 Dual EKF,384,1,2,0.995448706188612,1.92040621143303
ESR_1_to_2,B3 Dual EKF,385,1,2,0.995498176773518,1.92148764877769
ESR_1_to_2,B3 Dual EKF,386,1,2,0.995547109634676,1.92255439268017
ESR_1_to_2,B3 Dual EKF,387,1,2,0.995595510616907,1.92360664277962
ESR_1_to_2,B3 Dual EKF,388,1,2,0.995643385501506,1.92464459600273
ESR_1_to_2,B3 Dual EKF,389,1,2,0.995690740006925,1.92566844660052
ESR_1_to_2,B3 Dual EKF,390,1,2,0.995737579789458,1.92667838618475
ESR_1_to_2,B3 Dual EKF,391,1,2,0.99578391044392,1.92767460376376
ESR_1_to_2,B3 Dual EKF,392,1,2,0.995829737504313,1.92865728577784
ESR_1_to_2,B3 Dual EKF,393,1,2,0.995875066444483,1.92962661613412
ESR_1_to_2,B3 Dual EKF,394,1,2,0.995919902678782,1.93058277624099
ESR_1_to_2,B3 Dual EKF,395,1,2,0.995964251562708,1.93152594504206
ESR_1_to_2,B3 Dual EKF,396,1,2,0.996008118393549,1.93245629904965
ESR_1_to_2,B3 Dual EKF,397,1,2,0.99605150841101,1.93337401237778
ESR_1_to_2,B3 Dual EKF,398,1,2,0.996094426797847,1.93427925677482
ESR_1_to_2,B3 Dual EKF,399,1,2,0.996136878680479,1.93517220165559
ESR_1_to_2,B3 Dual EKF,400,1,2,0.996178869129604,1.9360530141331
ESR_1_to_2,B3 Dual EKF,401,1,2,0.996220403160804,1.93692185904977
ESR_1_to_2,B3 Dual EKF,402,1,2,0.996261485735143,1.93777889900833
ESR_1_to_2,B3 Dual EKF,403,1,2,0.996302121759761,1.93862429440224
ESR_1_to_2,B3 Dual EKF,404,1,2,0.99634231608846,1.93945820344569
ESR_1_to_2,B3 Dual EKF,405,1,2,0.996382073522281,1.94028078220322
ESR_1_to_2,B3 Dual EKF,406,1,2,0.996421398810082,1.94109218461894
ESR_1_to_2,B3 Dual EKF,407,1,2,0.996460296649103,1.94189256254531
ESR_1_to_2,B3 Dual EKF,408,1,2,0.996498771685526,1.9426820657716
ESR_1_to_2,B3 Dual EKF,409,1,2,0.996536828515031,1.94346084205187
ESR_1_to_2,B3 Dual EKF,410,1,2,0.996574471683346,1.94422903713269
ESR_1_to_2,B3 Dual EKF,411,1,2,0.996611705686788,1.94498679478034
ESR_1_to_2,B3 Dual EKF,412,1,2,0.996648534972801,1.94573425680778
ESR_1_to_2,B3 Dual EKF,413,1,2,0.996684963940488,1.94647156310116
ESR_1_to_2,B3 Dual EKF,414,1,2,0.996720996941135,1.94719885164598
ESR_1_to_2,B3 Dual EKF,415,1,2,0.996756638278731,1.94791625855296
ESR_1_to_2,B3 Dual EKF,416,1,2,0.996791892210484,1.94862391808349
ESR_1_to_2,B3 Dual EKF,417,1,2,0.996826762947327,1.94932196267475
ESR_1_to_2,B3 Dual EKF,418,1,2,0.996861254654421,1.9500105229645
ESR_1_to_2,B3 Dual EKF,419,1,2,0.996895371451656,1.95068972781552
ESR_1_to_2,B3 Dual EKF,420,1,2,0.996929117414137,1.95135970433977
ESR_1_to_2,B3 Dual EKF,421,1,2,0.996962496572679,1.95202057792211
ESR_1_to_2,B3 Dual EKF,422,1,2,0.996995512914281,1.95267247224382
ESR_1_to_2,B3 Dual EKF,423,1,2,0.997028170382604,1.95331550930572
ESR_1_to_2,B3 Dual EKF,424,1,2,0.997060472878445,1.95394980945102
ESR_1_to_2,B3 Dual EKF,425,1,2,0.997092424260201,1.95457549138783
ESR_1_to_2,B3 Dual EKF,426,1,2,0.997124028344329,1.95519267221137
ESR_1_to_2,B3 Dual EKF,427,1,2,0.997155288905804,1.95580146742589
ESR_1_to_2,B3 Dual EKF,428,1,2,0.997186209678567,1.95640199096629
ESR_1_to_2,B3 Dual EKF,429,1,2,0.997216794355974,1.95699435521947
ESR_1_to_2,B3 Dual EKF,430,1,2,0.997247046591235,1.95757867104529
ESR_1_to_2,B3 Dual EKF,431,1,2,0.997276969997852,1.95815504779739
ESR_1_to_2,B3 Dual EKF,432,1,2,0.997306568150049,1.95872359334363
ESR_1_to_2,B3 Dual EKF,433,1,2,0.997335844583201,1.95928441408624
ESR_1_to_2,B3 Dual EKF,434,1,2,0.997364802794253,1.95983761498181
ESR_1_to_2,B3 Dual EKF,435,1,2,0.997393446242142,1.96038329956086
ESR_1_to_2,B3 Dual EKF,436,1,2,0.997421778348206,1.96092156994726
ESR_1_to_2,B3 Dual EKF,437,1,2,0.997449802496595,1.96145252687732
ESR_1_to_2,B3 Dual EKF,438,1,2,0.997477522034675,1.96197626971866
ESR_1_to_2,B3 Dual EKF,439,1,2,0.997504940273429,1.96249289648879
ESR_1_to_2,B3 Dual EKF,440,1,2,0.997532060487848,1.96300250387345
ESR_1_to_2,B3 Dual EKF,441,1,2,0.997558885917328,1.96350518724474
ESR_1_to_2,B3 Dual EKF,442,1,2,0.997585419766053,1.96400104067891
ESR_1_to_2,B3 Dual EKF,443,1,2,0.997611665203378,1.96449015697404
ESR_1_to_2,B3 Dual EKF,444,1,2,0.997637625364211,1.96497262766733
ESR_1_to_2,B3 Dual EKF,445,1,2,0.997663303349383,1.96544854305228
ESR_1_to_2,B3 Dual EKF,446,1,2,0.99768870222602,1.96591799219559
ESR_1_to_2,B3 Dual EKF,447,1,2,0.997713825027911,1.9663810629538
ESR_1_to_2,B3 Dual EKF,448,1,2,0.997738674755868,1.96683784198976
ESR_1_to_2,B3 Dual EKF,449,1,2,0.997763254378087,1.96728841478881
ESR_1_to_2,B3 Dual EKF,450,1,2,0.997787566830499,1.96773286567483
ESR_1_to_2,B3 Dual EKF,451,1,2,0.997811615017124,1.96817127782599
ESR_1_to_2,B3 Dual EKF,452,1,2,0.997835401810416,1.96860373329031
ESR_1_to_2,B3 Dual EKF,453,1,2,0.997858930051607,1.96903031300104
ESR_1_to_2,B3 Dual EKF,454,1,2,0.997882202551046,1.96945109679179
ESR_1_to_2,B3 Dual EKF,455,1,2,0.997905222088535,1.96986616341146
ESR_1_to_2,B3 Dual EKF,456,1,2,0.99792799141366,1.97027559053902
ESR_1_to_2,B3 Dual EKF,457,1,2,0.99795051324612,1.970679454798
ESR_1_to_2,B3 Dual EKF,458,1,2,0.997972790276053,1.97107783177086
ESR_1_to_2,B3 Dual EKF,459,1,2,0.997994825164357,1.9714707960131
ESR_1_to_2,B3 Dual EKF,460,1,2,0.998016620543005,1.97185842106727
ESR_1_to_2,B3 Dual EKF,461,1,2,0.998038179015364,1.97224077947668
ESR_1_to_2,B3 Dual EKF,462,1,2,0.998059503156501,1.97261794279901
ESR_1_to_2,B3 Dual EKF,463,1,2,0.998080595513496,1.97298998161968
ESR_1_to_2,B3 Dual EKF,464,1,2,0.998101458605741,1.97335696556506
ESR_1_to_2,B3 Dual EKF,465,1,2,0.998122094925243,1.97371896331554
ESR_1_to_2,B3 Dual EKF,466,1,2,0.998142506936925,1.97407604261831
ESR_1_to_2,B3 Dual EKF,467,1,2,0.998162697078915,1.97442827030013
ESR_1_to_2,B3 Dual EKF,468,1,2,0.99818266776284,1.97477571227975
ESR_1_to_2,B3 Dual EKF,469,1,2,0.998202421374114,1.9751184335803
ESR_1_to_2,B3 Dual EKF,470,1,2,0.998221960272221,1.97545649834143
ESR_1_to_2,B3 Dual EKF,471,1,2,0.998241286791001,1.97578996983136
ESR_1_to_2,B3 Dual EKF,472,1,2,0.998260403238925,1.97611891045865
ESR_1_to_2,B3 Dual EKF,473,1,2,0.998279311899372,1.97644338178394
ESR_1_to_2,B3 Dual EKF,474,1,2,0.9982980150309,1.97676344453144
ESR_1_to_2,B3 Dual EKF,475,1,2,0.998316514867521,1.97707915860031
ESR_1_to_2,B3 Dual EKF,476,1,2,0.998334813618961,1.97739058307585
ESR_1_to_2,B3 Dual EKF,477,1,2,0.998352913470929,1.97769777624058
ESR_1_to_2,B3 Dual EKF,478,1,2,0.998370816585375,1.97800079558513
ESR_1_to_2,B3 Dual EKF,479,1,2,0.998388525100751,1.97829969781903
ESR_1_to_2,B3 Dual EKF,480,1,2,0.998406041132265,1.97859453888127
ESR_1_to_2,B3 Dual EKF,481,1,2,0.998423366772132,1.97888537395082
ESR_1_to_2,B3 Dual EKF,482,1,2,0.998440504089826,1.97917225745692
ESR_1_to_2,B3 Dual EKF,483,1,2,0.998457455132328,1.9794552430893
ESR_1_to_2,B3 Dual EKF,484,1,2,0.998474221924368,1.9797343838082
ESR_1_to_2,B3 Dual EKF,485,1,2,0.998490806468668,1.98000973185428
ESR_1_to_2,B3 Dual EKF,486,1,2,0.998507210746182,1.98028133875844
ESR_1_to_2,B3 Dual EKF,487,1,2,0.998523436716333,1.98054925535139
ESR_1_to_2,B3 Dual EKF,488,1,2,0.998539486317242,1.98081353177325
ESR_1_to_2,B3 Dual EKF,489,1,2,0.998555361465968,1.98107421748285
ESR_1_to_2,B3 Dual EKF,490,1,2,0.998571064058729,1.98133136126705
ESR_1_to_2,B3 Dual EKF,491,1,2,0.998586595971134,1.98158501124984
ESR_1_to_2,B3 Dual EKF,492,1,2,0.998601959058404,1.98183521490133
ESR_1_to_2,B3 Dual EKF,493,1,2,0.998617155155595,1.9820820190467
ESR_1_to_2,B3 Dual EKF,494,1,2,0.998632186077817,1.98232546987487
ESR_1_to_2,B3 Dual EKF,495,1,2,0.99864705362045,1.98256561294722
ESR_1_to_2,B3 Dual EKF,496,1,2,0.998661759559358,1.98280249320609
ESR_1_to_2,B3 Dual EKF,497,1,2,0.998676305651104,1.98303615498318
ESR_1_to_2,B3 Dual EKF,498,1,2,0.998690693633157,1.98326664200786
ESR_1_to_2,B3 Dual EKF,499,1,2,0.998704925224101,1.98349399741537
ESR_1_to_2,B3 Dual EKF,500,1,2,0.998719002123839,1.98371826375483
ESR_1_to_2,B3 Dual EKF,501,1,2,0.998732926013797,1.98393948299729
ESR_1_to_2,B3 Dual EKF,502,1,2,0.998746698557126,1.98415769654352
ESR_1_to_2,B3 Dual EKF,503,1,2,0.998760321398896,1.98437294523179
ESR_1_to_2,B3 Dual EKF,504,1,2,0.998773796166299,1.98458526934549
ESR_1_to_2,B3 Dual EKF,505,1,2,0.998787124468839,1.98479470862069
ESR_1_to_2,B3 Dual EKF,506,1,2,0.998800307898526,1.98500130225356
ESR_1_to_2,B3 Dual EKF,507,1,2,0.998813348030064,1.98520508890772
ESR_1_to_2,B3 Dual EKF,508,1,2,0.998826246421041,1.98540610672148
ESR_1_to_2,B3 Dual EKF,509,1,2,0.998839004612117,1.98560439331493
ESR_1_to_2,B3 Dual EKF,510,1,2,0.998851624127203,1.98579998579707
ESR_1_to_2,B3 Dual EKF,511,1,2,0.998864106473646,1.98599292077265
ESR_1_to_2,B3 Dual EKF,512,1,2,0.998876453142411,1.98618323434911
ESR_1_to_2,B3 Dual EKF,513,1,2,0.998888665608254,1.98637096214328
ESR_1_to_2,B3 Dual EKF,514,1,2,0.998900745329904,1.98655613928807
ESR_1_to_2,B3 Dual EKF,515,1,2,0.998912693750231,1.98673880043905
ESR_1_to_2,B3 Dual EKF,516,1,2,0.998924512296424,1.98691897978091
ESR_1_to_2,B3 Dual EKF,517,1,2,0.998936202380158,1.98709671103389
ESR_1_to_2,B3 Dual EKF,518,1,2,0.998947765397765,1.98727202746006
ESR_1_to_2,B3 Dual EKF,519,1,2,0.998959202730398,1.98744496186957
ESR_1_to_2,B3 Dual EKF,520,1,2,0.998970515744198,1.98761554662677
ESR_1_to_2,B3 Dual EKF,521,1,2,0.998981705790457,1.9877838136563
ESR_1_to_2,B3 Dual EKF,522,1,2,0.998992774205778,1.98794979444901
ESR_1_to_2,B3 Dual EKF,523,1,2,0.999003722312237,1.98811352006791
ESR_1_to_2,B3 Dual EKF,524,1,2,0.999014551417539,1.98827502115395
ESR_1_to_2,B3 Dual EKF,525,1,2,0.999025262815174,1.98843432793175
ESR_1_to_2,B3 Dual EKF,526,1,2,0.999035857784575,1.98859147021528
ESR_1_to_2,B3 Dual EKF,527,1,2,0.999046337591264,1.98874647741345
ESR_1_to_2,B3 Dual EKF,528,1,2,0.999056703487011,1.98889937853555
ESR_1_to_2,B3 Dual EKF,529,1,2,0.999066956709978,1.98905020219675
ESR_1_to_2,B3 Dual EKF,530,1,2,0.99907709848487,1.98919897662342
ESR_1_to_2,B3 Dual EKF,531,1,2,0.999087130023078,1.98934572965843
ESR_1_to_2,B3 Dual EKF,532,1,2,0.999097052522827,1.98949048876633
ESR_1_to_2,B3 Dual EKF,533,1,2,0.999106867169318,1.98963328103853
ESR_1_to_2,B3 Dual EKF,534,1,2,0.999116575134869,1.98977413319833
ESR_1_to_2,B3 Dual EKF,535,1,2,0.999126177579055,1.98991307160596
ESR_1_to_2,B3 Dual EKF,536,1,2,0.999135675648848,1.99005012226349
ESR_1_to_2,B3 Dual EKF,537,1,2,0.999145070478752,1.99018531081969
ESR_1_to_2,B3 Dual EKF,538,1,2,0.999154363190939,1.99031866257486
ESR_1_to_2,B3 Dual EKF,539,1,2,0.999163554895386,1.99045020248553
ESR_1_to_2,B3 Dual EKF,540,1,2,0.999172646690001,1.99057995516915
ESR_1_to_2,B3 Dual EKF,541,1,2,0.999181639660762,1.9907079449087
ESR_1_to_2,B3 Dual EKF,542,1,2,0.999190534881841,1.99083419565722
ESR_1_to_2,B3 Dual EKF,543,1,2,0.999199333415734,1.99095873104231
ESR_1_to_2,B3 Dual EKF,544,1,2,0.999208036313389,1.99108157437054
ESR_1_to_2,B3 Dual EKF,545,1,2,0.99921664461433,1.99120274863181
ESR_1_to_2,B3 Dual EKF,546,1,2,0.999225159346783,1.99132227650366
ESR_1_to_2,B3 Dual EKF,547,1,2,0.999233581527796,1.99144018035551
ESR_1_to_2,B3 Dual EKF,548,1,2,0.999241912163364,1.99155648225286
ESR_1_to_2,B3 Dual EKF,549,1,2,0.999250152248545,1.99167120396138
ESR_1_to_2,B3 Dual EKF,550,1,2,0.999258302767582,1.99178436695103
ESR_1_to_2,B3 Dual EKF,551,1,2,0.999266364694021,1.99189599240007
ESR_1_to_2,B3 Dual EKF,552,1,2,0.999274338990826,1.99200610119898
ESR_1_to_2,B3 Dual EKF,553,1,2,0.99928222661049,1.99211471395443
ESR_1_to_2,B3 Dual EKF,554,1,2,0.999290028495159,1.99222185099309
ESR_1_to_2,B3 Dual EKF,555,1,2,0.999297745576733,1.99232753236547
ESR_1_to_2,B3 Dual EKF,556,1,2,0.999305378776986,1.99243177784963
ESR_1_to_2,B3 Dual EKF,557,1,2,0.999312929007671,1.99253460695494
ESR_1_to_2,B3 Dual EKF,558,1,2,0.999320397170631,1.99263603892566
ESR_1_to_2,B3 Dual EKF,559,1,2,0.999327784157907,1.9927360927446
ESR_1_to_2,B3 Dual EKF,560,1,2,0.999335090851843,1.99283478713666
ESR_1_to_2,B3 Dual EKF,561,1,2,0.999342318125192,1.9929321405723
ESR_1_to_2,B3 Dual EKF,562,1,2,0.999349466841223,1.99302817127105
ESR_1_to_2,B3 Dual EKF,563,1,2,0.999356537853818,1.99312289720487
ESR_1_to_2,B3 Dual EKF,564,1,2,0.999363532007581,1.99321633610154
ESR_1_to_2,B3 Dual EKF,565,1,2,0.999370450137933,1.99330850544799
ESR_1_to_2,B3 Dual EKF,566,1,2,0.999377293071217,1.99339942249353
ESR_1_to_2,B3 Dual EKF,567,1,2,0.99938406162479,1.99348910425313
ESR_1_to_2,B3 Dual EKF,568,1,2,0.99939075660713,1.99357756751056
ESR_1_to_2,B3 Dual EKF,569,1,2,0.999397378817922,1.99366482882156
ESR_1_to_2,B3 Dual EKF,570,1,2,0.999403929048162,1.99375090451692
ESR_1_to_2,B3 Dual EKF,571,1,2,0.999410408080247,1.99383581070554
ESR_1_to_2,B3 Dual EKF,572,1,2,0.99941681668807,1.99391956327748
ESR_1_to_2,B3 Dual EKF,573,1,2,0.999423155637113,1.99400217790686
ESR_1_to_2,B3 Dual EKF,574,1,2,0.999429425684536,1.99408367005487
ESR_1_to_2,B3 Dual EKF,575,1,2,0.999435627579269,1.9941640549726
ESR_1_to_2,B3 Dual EKF,576,1,2,0.999441762062103,1.99424334770395
ESR_1_to_2,B3 Dual EKF,577,1,2,0.999447829865776,1.99432156308841
ESR_1_to_2,B3 Dual EKF,578,1,2,0.999453831715061,1.99439871576384
ESR_1_to_2,B3 Dual EKF,579,1,2,0.999459768326854,1.99447482016922
ESR_1_to_2,B3 Dual EKF,580,1,2,0.999465640410257,1.99454989054736
ESR_1_to_2,B3 Dual EKF,581,1,2,0.999471448666668,1.99462394094753
ESR_1_to_2,B3 Dual EKF,582,1,2,0.999477193789856,1.99469698522813
ESR_1_to_2,B3 Dual EKF,583,1,2,0.999482876466053,1.99476903705927
ESR_1_to_2,B3 Dual EKF,584,1,2,0.999488497374031,1.99484010992531
ESR_1_to_2,B3 Dual EKF,585,1,2,0.999494057185183,1.99491021712741
ESR_1_to_2,B3 Dual EKF,586,1,2,0.999499556563605,1.99497937178601
ESR_1_to_2,B3 Dual EKF,587,1,2,0.999504996166174,1.99504758684327
ESR_1_to_2,B3 Dual EKF,588,1,2,0.999510376642629,1.9951148750655
ESR_1_to_2,B3 Dual EKF,589,1,2,0.999515698635644,1.99518124904559
ESR_1_to_2,B3 Dual EKF,590,1,2,0.999520962780909,1.9952467212053
ESR_1_to_2,B3 Dual EKF,591,1,2,0.999526169707203,1.99531130379762
ESR_1_to_2,B3 Dual EKF,592,1,2,0.999531320036472,1.99537500890906
ESR_1_to_2,B3 Dual EKF,593,1,2,0.999536414383902,1.99543784846193
ESR_1_to_2,B3 Dual EKF,594,1,2,0.99954145335799,1.99549983421652
ESR_1_to_2,B3 Dual EKF,595,1,2,0.999546437560621,1.99556097777336
ESR_1_to_2,B3 Dual EKF,596,1,2,0.999551367587136,1.99562129057536
ESR_1_to_2,B3 Dual EKF,597,1,2,0.999556244026406,1.99568078390993
ESR_1_to_2,B3 Dual EKF,598,1,2,0.999561067460902,1.99573946891115
ESR_1_to_2,B3 Dual EKF,599,1,2,0.999565838466761,1.99579735656182
ESR_1_to_2,B4 Cuk-adapted wavelet-KF,0,1,1,1,1
ESR_1_to_2,B4 Cuk-adapted wavelet-KF,1,1,1,1,1
ESR_1_to_2,B4 Cuk-adapted wavelet-KF,2,1,1,1,1
ESR_1_to_2,B4 Cuk-adapted wavelet-KF,3,1,1,1,1
ESR_1_to_2,B4 Cuk-adapted wavelet-KF,4,1,1,1,1
ESR_1_to_2,B4 Cuk-adapted wavelet-KF,5,1,1,1,1
ESR_1_to_2,B4 Cuk-adapted wavelet-KF,6,1,1,1,1
ESR_1_to_2,B4 Cuk-adapted wavelet-KF,7,1,1,1,1
ESR_1_to_2,B4 Cuk-adapted wavelet-KF,8,1,1,1,1
ESR_1_to_2,B4 Cuk-adapted wavelet-KF,9,1,1,1,1
ESR_1_to_2,B4 Cuk-adapted wavelet-KF,10,1,1,1,1
ESR_1_to_2,B4 Cuk-adapted wavelet-KF,11,1,1,1,1
ESR_1_to_2,B4 Cuk-adapted wavelet-KF,12,1,1,1,1
ESR_1_to_2,B4 Cuk-adapted wavelet-KF,13,1,1,1,1
ESR_1_to_2,B4 Cuk-adapted wavelet-KF,14,1,1,1,1
ESR_1_to_2,B4 Cuk-adapted wavelet-KF,15,1,1,1,1
ESR_1_to_2,B4 Cuk-adapted wavelet-KF,16,1,1,1,1
ESR_1_to_2,B4 Cuk-adapted wavelet-KF,17,1,1,1,1
ESR_1_to_2,B4 Cuk-adapted wavelet-KF,18,1,1,1,1
ESR_1_to_2,B4 Cuk-adapted wavelet-KF,19,1,1,1,1
ESR_1_to_2,B4 Cuk-adapted wavelet-KF,20,1,1,1,1
ESR_1_to_2,B4 Cuk-adapted wavelet-KF,21,1,1,1,1
ESR_1_to_2,B4 Cuk-adapted wavelet-KF,22,1,1,1,1
ESR_1_to_2,B4 Cuk-adapted wavelet-KF,23,1,1,1,1
ESR_1_to_2,B4 Cuk-adapted wavelet-KF,24,1,1,1,1
ESR_1_to_2,B4 Cuk-adapted wavelet-KF,25,1,1,1,1
ESR_1_to_2,B4 Cuk-adapted wavelet-KF,26,1,1,1,1
ESR_1_to_2,B4 Cuk-adapted wavelet-KF,27,1,1,1,1
ESR_1_to_2,B4 Cuk-adapted wavelet-KF,28,1,1,1,1
ESR_1_to_2,B4 Cuk-adapted wavelet-KF,29,1,1,1,1
ESR_1_to_2,B4 Cuk-adapted wavelet-KF,30,1,1,1,1
ESR_1_to_2,B4 Cuk-adapted wavelet-KF,31,1,1,1,1
ESR_1_to_2,B4 Cuk-adapted wavelet-KF,32,1,1,1,1
ESR_1_to_2,B4 Cuk-adapted wavelet-KF,33,1,1,1,1
ESR_1_to_2,B4 Cuk-adapted wavelet-KF,34,1,1,1,1
ESR_1_to_2,B4 Cuk-adapted wavelet-KF,35,1,1,1,1
ESR_1_to_2,B4 Cuk-adapted wavelet-KF,36,1,1,1,1
ESR_1_to_2,B4 Cuk-adapted wavelet-KF,37,1,1,1,1
ESR_1_to_2,B4 Cuk-adapted wavelet-KF,38,1,1,1,1
ESR_1_to_2,B4 Cuk-adapted wavelet-KF,39,1,1,1,1
ESR_1_to_2,B4 Cuk-adapted wavelet-KF,40,1,1,1,1
ESR_1_to_2,B4 Cuk-adapted wavelet-KF,41,1,1,1,1
ESR_1_to_2,B4 Cuk-adapted wavelet-KF,42,1,1,1,1
ESR_1_to_2,B4 Cuk-adapted wavelet-KF,43,1,1,1,1
ESR_1_to_2,B4 Cuk-adapted wavelet-KF,44,1,1,1,1
ESR_1_to_2,B4 Cuk-adapted wavelet-KF,45,1,1,1,1
ESR_1_to_2,B4 Cuk-adapted wavelet-KF,46,1,1,1,1
ESR_1_to_2,B4 Cuk-adapted wavelet-KF,47,1,1,1,1
ESR_1_to_2,B4 Cuk-adapted wavelet-KF,48,1,1,1,1
ESR_1_to_2,B4 Cuk-adapted wavelet-KF,49,1,1,1,1
ESR_1_to_2,B4 Cuk-adapted wavelet-KF,50,1,1,1,1
ESR_1_to_2,B4 Cuk-adapted wavelet-KF,51,1,1,1,1
ESR_1_to_2,B4 Cuk-adapted wavelet-KF,52,1,1,1,1
ESR_1_to_2,B4 Cuk-adapted wavelet-KF,53,1,1,1,1
ESR_1_to_2,B4 Cuk-adapted wavelet-KF,54,1,1,1,1
ESR_1_to_2,B4 Cuk-adapted wavelet-KF,55,1,1,1,1
ESR_1_to_2,B4 Cuk-adapted wavelet-KF,56,1,1,1,1
ESR_1_to_2,B4 Cuk-adapted wavelet-KF,57,1,1,1,1
ESR_1_to_2,B4 Cuk-adapted wavelet-KF,58,1,1,1,1
ESR_1_to_2,B4 Cuk-adapted wavelet-KF,59,1,1,1,1
ESR_1_to_2,B4 Cuk-adapted wavelet-KF,60,1,1,1,1
ESR_1_to_2,B4 Cuk-adapted wavelet-KF,61,1,1,1,1
ESR_1_to_2,B4 Cuk-adapted wavelet-KF,62,1,1,1,1
ESR_1_to_2,B4 Cuk-adapted wavelet-KF,63,1,1,1,1
ESR_1_to_2,B4 Cuk-adapted wavelet-KF,64,1,1,1,1
ESR_1_to_2,B4 Cuk-adapted wavelet-KF,65,1,1,1,1
ESR_1_to_2,B4 Cuk-adapted wavelet-KF,66,1,1,1,1
ESR_1_to_2,B4 Cuk-adapted wavelet-KF,67,1,1,1,1
ESR_1_to_2,B4 Cuk-adapted wavelet-KF,68,1,1,1,1
ESR_1_to_2,B4 Cuk-adapted wavelet-KF,69,1,1,1,1
ESR_1_to_2,B4 Cuk-adapted wavelet-KF,70,1,1,1,1
ESR_1_to_2,B4 Cuk-adapted wavelet-KF,71,1,1,1,1
ESR_1_to_2,B4 Cuk-adapted wavelet-KF,72,1,1,1,1
ESR_1_to_2,B4 Cuk-adapted wavelet-KF,73,1,1,1,1
ESR_1_to_2,B4 Cuk-adapted wavelet-KF,74,1,1,1,1
ESR_1_to_2,B4 Cuk-adapted wavelet-KF,75,1,1,1,1
ESR_1_to_2,B4 Cuk-adapted wavelet-KF,76,1,1,1,1
ESR_1_to_2,B4 Cuk-adapted wavelet-KF,77,1,1,1,1
ESR_1_to_2,B4 Cuk-adapted wavelet-KF,78,1,1,1,1
ESR_1_to_2,B4 Cuk-adapted wavelet-KF,79,1,1,1,1
ESR_1_to_2,B4 Cuk-adapted wavelet-KF,80,1,1,1,1
ESR_1_to_2,B4 Cuk-adapted wavelet-KF,81,1,1,1,1
ESR_1_to_2,B4 Cuk-adapted wavelet-KF,82,1,1,1,1
ESR_1_to_2,B4 Cuk-adapted wavelet-KF,83,1,1,1,1
ESR_1_to_2,B4 Cuk-adapted wavelet-KF,84,1,1,1,1
ESR_1_to_2,B4 Cuk-adapted wavelet-KF,85,1,1,1,1
ESR_1_to_2,B4 Cuk-adapted wavelet-KF,86,1,1,1,1
ESR_1_to_2,B4 Cuk-adapted wavelet-KF,87,1,1,1,1
ESR_1_to_2,B4 Cuk-adapted wavelet-KF,88,1,1,1,1
ESR_1_to_2,B4 Cuk-adapted wavelet-KF,89,1,1,1,1
ESR_1_to_2,B4 Cuk-adapted wavelet-KF,90,1,1,1,1
ESR_1_to_2,B4 Cuk-adapted wavelet-KF,91,1,1,1,1
ESR_1_to_2,B4 Cuk-adapted wavelet-KF,92,1,1,1,1
ESR_1_to_2,B4 Cuk-adapted wavelet-KF,93,1,1,1,1
ESR_1_to_2,B4 Cuk-adapted wavelet-KF,94,1,1,1,1
ESR_1_to_2,B4 Cuk-adapted wavelet-KF,95,1,1,1,1
ESR_1_to_2,B4 Cuk-adapted wavelet-KF,96,1,1,1,1
ESR_1_to_2,B4 Cuk-adapted wavelet-KF,97,1,1,1,1
ESR_1_to_2,B4 Cuk-adapted wavelet-KF,98,1,1,1,1
ESR_1_to_2,B4 Cuk-adapted wavelet-KF,99,1,1,1,1
ESR_1_to_2,B4 Cuk-adapted wavelet-KF,100,1,1,1,1
ESR_1_to_2,B4 Cuk-adapted wavelet-KF,101,1,1,1,1
ESR_1_to_2,B4 Cuk-adapted wavelet-KF,102,1,1,1,1
ESR_1_to_2,B4 Cuk-adapted wavelet-KF,103,1,1,1,1
ESR_1_to_2,B4 Cuk-adapted wavelet-KF,104,1,1,1,1
ESR_1_to_2,B4 Cuk-adapted wavelet-KF,105,1,1,1,1
ESR_1_to_2,B4 Cuk-adapted wavelet-KF,106,1,1,1,1
ESR_1_to_2,B4 Cuk-adapted wavelet-KF,107,1,1,1,1
ESR_1_to_2,B4 Cuk-adapted wavelet-KF,108,1,1,1,1
ESR_1_to_2,B4 Cuk-adapted wavelet-KF,109,1,1,1,1
ESR_1_to_2,B4 Cuk-adapted wavelet-KF,110,1,1,1,1
ESR_1_to_2,B4 Cuk-adapted wavelet-KF,111,1,1,1,1
ESR_1_to_2,B4 Cuk-adapted wavelet-KF,112,1,1,1,1
ESR_1_to_2,B4 Cuk-adapted wavelet-KF,113,1,1,1,1
ESR_1_to_2,B4 Cuk-adapted wavelet-KF,114,1,1,1,1
ESR_1_to_2,B4 Cuk-adapted wavelet-KF,115,1,1,1,1
ESR_1_to_2,B4 Cuk-adapted wavelet-KF,116,1,1,1,1
ESR_1_to_2,B4 Cuk-adapted wavelet-KF,117,1,1,1,1
ESR_1_to_2,B4 Cuk-adapted wavelet-KF,118,1,1,1,1
ESR_1_to_2,B4 Cuk-adapted wavelet-KF,119,1,1,1,1
ESR_1_to_2,B4 Cuk-adapted wavelet-KF,120,1,1,1,1
ESR_1_to_2,B4 Cuk-adapted wavelet-KF,121,1,1,1,1
ESR_1_to_2,B4 Cuk-adapted wavelet-KF,122,1,1,1,1
ESR_1_to_2,B4 Cuk-adapted wavelet-KF,123,1,1,1,1
ESR_1_to_2,B4 Cuk-adapted wavelet-KF,124,1,1,1,1
ESR_1_to_2,B4 Cuk-adapted wavelet-KF,125,1,1,1,1
ESR_1_to_2,B4 Cuk-adapted wavelet-KF,126,1,1,1,1
ESR_1_to_2,B4 Cuk-adapted wavelet-KF,127,1,1,1,1
ESR_1_to_2,B4 Cuk-adapted wavelet-KF,128,1,1,1,1
ESR_1_to_2,B4 Cuk-adapted wavelet-KF,129,1,1,1,1
ESR_1_to_2,B4 Cuk-adapted wavelet-KF,130,1,1,1,1
ESR_1_to_2,B4 Cuk-adapted wavelet-KF,131,1,1,1,1
ESR_1_to_2,B4 Cuk-adapted wavelet-KF,132,1,1,1,1
ESR_1_to_2,B4 Cuk-adapted wavelet-KF,133,1,1,1,1
ESR_1_to_2,B4 Cuk-adapted wavelet-KF,134,1,1,1,1
ESR_1_to_2,B4 Cuk-adapted wavelet-KF,135,1,1,1,1
ESR_1_to_2,B4 Cuk-adapted wavelet-KF,136,1,1,1,1
ESR_1_to_2,B4 Cuk-adapted wavelet-KF,137,1,1,1,1
ESR_1_to_2,B4 Cuk-adapted wavelet-KF,138,1,1,1,1
ESR_1_to_2,B4 Cuk-adapted wavelet-KF,139,1,1,1,1
ESR_1_to_2,B4 Cuk-adapted wavelet-KF,140,1,1,1,1
ESR_1_to_2,B4 Cuk-adapted wavelet-KF,141,1,1,1,1
ESR_1_to_2,B4 Cuk-adapted wavelet-KF,142,1,1,1,1
ESR_1_to_2,B4 Cuk-adapted wavelet-KF,143,1,1,1,1
ESR_1_to_2,B4 Cuk-adapted wavelet-KF,144,1,1,1,1
ESR_1_to_2,B4 Cuk-adapted wavelet-KF,145,1,1,1,1
ESR_1_to_2,B4 Cuk-adapted wavelet-KF,146,1,1,1,1
ESR_1_to_2,B4 Cuk-adapted wavelet-KF,147,1,1,1,1
ESR_1_to_2,B4 Cuk-adapted wavelet-KF,148,1,1,1,1
ESR_1_to_2,B4 Cuk-adapted wavelet-KF,149,1,1,1,1
ESR_1_to_2,B4 Cuk-adapted wavelet-KF,150,1,1,1,1
ESR_1_to_2,B4 Cuk-adapted wavelet-KF,151,1,1,1,1
ESR_1_to_2,B4 Cuk-adapted wavelet-KF,152,1,1,1,1
ESR_1_to_2,B4 Cuk-adapted wavelet-KF,153,1,1,1,1
ESR_1_to_2,B4 Cuk-adapted wavelet-KF,154,1,1,1,1
ESR_1_to_2,B4 Cuk-adapted wavelet-KF,155,1,1,1,1
ESR_1_to_2,B4 Cuk-adapted wavelet-KF,156,1,1,1,1
ESR_1_to_2,B4 Cuk-adapted wavelet-KF,157,1,1,1,1
ESR_1_to_2,B4 Cuk-adapted wavelet-KF,158,1,1,1,1
ESR_1_to_2,B4 Cuk-adapted wavelet-KF,159,1,1,1,1
ESR_1_to_2,B4 Cuk-adapted wavelet-KF,160,1,1,1,1
ESR_1_to_2,B4 Cuk-adapted wavelet-KF,161,1,1,1,1
ESR_1_to_2,B4 Cuk-adapted wavelet-KF,162,1,1,1,1
ESR_1_to_2,B4 Cuk-adapted wavelet-KF,163,1,1,1,1
ESR_1_to_2,B4 Cuk-adapted wavelet-KF,164,1,1,1,1
ESR_1_to_2,B4 Cuk-adapted wavelet-KF,165,1,1,1,1
ESR_1_to_2,B4 Cuk-adapted wavelet-KF,166,1,1,1,1
ESR_1_to_2,B4 Cuk-adapted wavelet-KF,167,1,1,1,1
ESR_1_to_2,B4 Cuk-adapted wavelet-KF,168,1,1,1,1
ESR_1_to_2,B4 Cuk-adapted wavelet-KF,169,1,1,1,1
ESR_1_to_2,B4 Cuk-adapted wavelet-KF,170,1,1,1,1
ESR_1_to_2,B4 Cuk-adapted wavelet-KF,171,1,1,1,1
ESR_1_to_2,B4 Cuk-adapted wavelet-KF,172,1,1,1,1
ESR_1_to_2,B4 Cuk-adapted wavelet-KF,173,1,1,1,1
ESR_1_to_2,B4 Cuk-adapted wavelet-KF,174,1,1,1,1
ESR_1_to_2,B4 Cuk-adapted wavelet-KF,175,1,1,1,1
ESR_1_to_2,B4 Cuk-adapted wavelet-KF,176,1,1,1,1
ESR_1_to_2,B4 Cuk-adapted wavelet-KF,177,1,1,1,1
ESR_1_to_2,B4 Cuk-adapted wavelet-KF,178,1,1,1,1
ESR_1_to_2,B4 Cuk-adapted wavelet-KF,179,1,1,1,1
ESR_1_to_2,B4 Cuk-adapted wavelet-KF,180,1,1,1,1
ESR_1_to_2,B4 Cuk-adapted wavelet-KF,181,1,1,1,1
ESR_1_to_2,B4 Cuk-adapted wavelet-KF,182,1,1,1,1
ESR_1_to_2,B4 Cuk-adapted wavelet-KF,183,1,1,1,1
ESR_1_to_2,B4 Cuk-adapted wavelet-KF,184,1,1,1,1
ESR_1_to_2,B4 Cuk-adapted wavelet-KF,185,1,1,1,1
ESR_1_to_2,B4 Cuk-adapted wavelet-KF,186,1,1,1,1
ESR_1_to_2,B4 Cuk-adapted wavelet-KF,187,1,1,1,1
ESR_1_to_2,B4 Cuk-adapted wavelet-KF,188,1,1,1,1
ESR_1_to_2,B4 Cuk-adapted wavelet-KF,189,1,1,1,1
ESR_1_to_2,B4 Cuk-adapted wavelet-KF,190,1,1,1,1
ESR_1_to_2,B4 Cuk-adapted wavelet-KF,191,1,1,1,1
ESR_1_to_2,B4 Cuk-adapted wavelet-KF,192,1,1,1,1
ESR_1_to_2,B4 Cuk-adapted wavelet-KF,193,1,1,1,1
ESR_1_to_2,B4 Cuk-adapted wavelet-KF,194,1,1,1,1
ESR_1_to_2,B4 Cuk-adapted wavelet-KF,195,1,1,1,1
ESR_1_to_2,B4 Cuk-adapted wavelet-KF,196,1,1,1,1
ESR_1_to_2,B4 Cuk-adapted wavelet-KF,197,1,1,1,1
ESR_1_to_2,B4 Cuk-adapted wavelet-KF,198,1,1,1,1
ESR_1_to_2,B4 Cuk-adapted wavelet-KF,199,1,1,1,1
ESR_1_to_2,B4 Cuk-adapted wavelet-KF,200,1,2,0.978,1.01893939393939
ESR_1_to_2,B4 Cuk-adapted wavelet-KF,201,1,2,0.978333333333333,1.037520087236
ESR_1_to_2,B4 Cuk-adapted wavelet-KF,202,1,2,0.978661616161616,1.05574887346259
ESR_1_to_2,B4 Cuk-adapted wavelet-KF,203,1,2,0.978984925007652,1.0736324175258
ESR_1_to_2,B4 Cuk-adapted wavelet-KF,204,1,2,0.979303335234809,1.09117725810296
ESR_1_to_2,B4 Cuk-adapted wavelet-KF,205,1,2,0.979616921064585,1.10838981003283
ESR_1_to_2,B4 Cuk-adapted wavelet-KF,206,1,2,0.979925755593909,1.12527636666099
ESR_1_to_2,B4 Cuk-adapted wavelet-KF,207,1,2,0.980229910812183,1.1418431021409
ESR_1_to_2,B4 Cuk-adapted wavelet-KF,208,1,2,0.980529457618059,1.15809607369126
ESR_1_to_2,B4 Cuk-adapted wavelet-KF,209,1,2,0.980824465835967,1.17404122381074
ESR_1_to_2,B4 Cuk-adapted wavelet-KF,210,1,2,0.981115004232392,1.18968438245069
ESR_1_to_2,B4 Cuk-adapted wavelet-KF,211,1,2,0.981401140531901,1.2050312691467
ESR_1_to_2,B4 Cuk-adapted wavelet-KF,212,1,2,0.981682941432933,1.22008749510983
ESR_1_to_2,B4 Cuk-adapted wavelet-KF,213,1,2,0.981960472623343,1.23485856527821
ESR_1_to_2,B4 Cuk-adapted wavelet-KF,214,1,2,0.982233798795717,1.24934988032976
ESR_1_to_2,B4 Cuk-adapted wavelet-KF,215,1,2,0.982502983662448,1.26356673865684
ESR_1_to_2,B4 Cuk-adapted wavelet-KF,216,1,2,0.982768089970593,1.27751433830349
ESR_1_to_2,B4 Cuk-adapted wavelet-KF,217,1,2,0.983029179516493,1.29119777886593
ESR_1_to_2,B4 Cuk-adapted wavelet-KF,218,1,2,0.983286313160183,1.3046220633571
ESR_1_to_2,B4 Cuk-adapted wavelet-KF,219,1,2,0.983539550839574,1.31779210003595
ESR_1_to_2,B4 Cuk-adapted wavelet-KF,220,1,2,0.983788951584429,1.33071270420193
ESR_1_to_2,B4 Cuk-adapted wavelet-KF,221,1,2,0.984034573530119,1.34338859995568
ESR_1_to_2,B4 Cuk-adapted wavelet-KF,222,1,2,0.984276473931178,1.35582442192622
ESR_1_to_2,B4 Cuk-adapted wavelet-KF,223,1,2,0.984514709174645,1.3680247169655
ESR_1_to_2,B4 Cuk-adapted wavelet-KF,224,1,2,0.984749334793211,1.37999394581085
ESR_1_to_2,B4 Cuk-adapted wavelet-KF,225,1,2,0.984980405478162,1.39173648471594
ESR_1_to_2,B4 Cuk-adapted wavelet-KF,226,1,2,0.98520797509213,1.40325662705087
ESR_1_to_2,B4 Cuk-adapted wavelet-KF,227,1,2,0.985432096681643,1.41455858487188
ESR_1_to_2,B4 Cuk-adapted wavelet-KF,228,1,2,0.985652822489497,1.42564649046142
ESR_1_to_2,B4 Cuk-adapted wavelet-KF,229,1,2,0.985870203966929,1.43652439783905
ESR_1_to_2,B4 Cuk-adapted wavelet-KF,230,1,2,0.986084291785612,1.44719628424361
ESR_1_to_2,B4 Cuk-adapted wavelet-KF,231,1,2,0.986295135849466,1.45766605158748
ESR_1_to_2,B4 Cuk-adapted wavelet-KF,232,1,2,0.986502785306292,1.46793752788317
ESR_1_to_2,B4 Cuk-adapted wavelet-KF,233,1,2,0.986707288559227,1.47801446864296
ESR_1_to_2,B4 Cuk-adapted wavelet-KF,234,1,2,0.986908693278027,1.487900558252
ESR_1_to_2,B4 Cuk-adapted wavelet-KF,235,1,2,0.987107046410178,1.49759941131541
ESR_1_to_2,B4 Cuk-adapted wavelet-KF,236,1,2,0.987302394191842,1.50711457397989
ESR_1_to_2,B4 Cuk-adapted wavelet-KF,237,1,2,0.987494782158632,1.51644952523027
ESR_1_to_2,B4 Cuk-adapted wavelet-KF,238,1,2,0.987684255156229,1.52560767816151
ESR_1_to_2,B4 Cuk-adapted wavelet-KF,239,1,2,0.987870857350831,1.53459238122664
ESR_1_to_2,B4 Cuk-adapted wavelet-KF,240,1,2,0.988054632239455,1.54340691946098
ESR_1_to_2,B4 Cuk-adapted wavelet-KF,241,1,2,0.988235622660069,1.55205451568331
ESR_1_to_2,B4 Cuk-adapted wavelet-KF,242,1,2,0.988413870801584,1.56053833167416
ESR_1_to_2,B4 Cuk-adapted wavelet-KF,243,1,2,0.988589418213681,1.56886146933184
ESR_1_to_2,B4 Cuk-adapted wavelet-KF,244,1,2,0.988762305816504,1.57702697180662
ESR_1_to_2,B4 Cuk-adapted wavelet-KF,245,1,2,0.988932573910193,1.58503782461331
ESR_1_to_2,B4 Cuk-adapted wavelet-KF,246,1,2,0.989100262184281,1.59289695672291
ESR_1_to_2,B4 Cuk-adapted wavelet-KF,247,1,2,0.989265409726944,1.60060724163346
ESR_1_to_2,B4 Cuk-adapted wavelet-KF,248,1,2,0.989428055034111,1.6081714984207
ESR_1_to_2,B4 Cuk-adapted wavelet-KF,249,1,2,0.989588236018443,1.6155924927688
ESR_1_to_2,B4 Cuk-adapted wavelet-KF,250,1,2,0.989745990018163,1.62287293798151
ESR_1_to_2,B4 Cuk-adapted wavelet-KF,251,1,2,0.989901353805767,1.63001549597428
ESR_1_to_2,B4 Cuk-adapted wavelet-KF,252,1,2,0.990054363596588,1.6370227782475
ESR_1_to_2,B4 Cuk-adapted wavelet-KF,253,1,2,0.990205055057246,1.6438973468413
ESR_1_to_2,B4 Cuk-adapted wavelet-KF,254,1,2,0.990353463313955,1.65064171527233
ESR_1_to_2,B4 Cuk-adapted wavelet-KF,255,1,2,0.990499622960713,1.65725834945278
ESR_1_to_2,B4 Cuk-adapted wavelet-KF,256,1,2,0.990643568067369,1.66374966859193
ESR_1_to_2,B4 Cuk-adapted wavelet-KF,257,1,2,0.99078533218756,1.67011804608072
ESR_1_to_2,B4 Cuk-adapted wavelet-KF,258,1,2,0.990924948366536,1.6763658103595
ESR_1_to_2,B4 Cuk-adapted wavelet-KF,259,1,2,0.991062449148862,1.68249524576935
ESR_1_to_2,B4 Cuk-adapted wavelet-KF,260,1,2,0.991197866586,1.68850859338736
ESR_1_to_2,B4 Cuk-adapted wavelet-KF,261,1,2,0.991331232243788,1.69440805184593
ESR_1_to_2,B4 Cuk-adapted wavelet-KF,262,1,2,0.991462577209791,1.70019577813673
ESR_1_to_2,B4 Cuk-adapted wavelet-KF,263,1,2,0.991591932100552,1.70587388839929
ESR_1_to_2,B4 Cuk-adapted wavelet-KF,264,1,2,0.991719327068725,1.71144445869476
ESR_1_to_2,B4 Cuk-adapted wavelet-KF,265,1,2,0.991844791810108,1.71690952576493
ESR_1_to_2,B4 Cuk-adapted wavelet-KF,266,1,2,0.991968355570561,1.72227108777696
ESR_1_to_2,B4 Cuk-adapted wavelet-KF,267,1,2,0.992090047152825,1.72753110505391
ESR_1_to_2,B4 Cuk-adapted wavelet-KF,268,1,2,0.992209894923237,1.73269150079153
ESR_1_to_2,B4 Cuk-adapted wavelet-KF,269,1,2,0.99232792681834,1.73775416176138
ESR_1_to_2,B4 Cuk-adapted wavelet-KF,270,1,2,0.992444170351395,1.74272093900075
ESR_1_to_2,B4 Cuk-adapted wavelet-KF,271,1,2,0.992558652618798,1.74759364848937
ESR_1_to_2,B4 Cuk-adapted wavelet-KF,272,1,2,0.992671400306392,1.75237407181344
ESR_1_to_2,B4 Cuk-adapted wavelet-KF,273,1,2,0.992782439695689,1.75706395681697
ESR_1_to_2,B4 Cuk-adapted wavelet-KF,274,1,2,0.992891796669997,1.76166501824089
ESR_1_to_2,B4 Cuk-adapted wavelet-KF,275,1,2,0.992999496720452,1.76617893834997
ESR_1_to_2,B4 Cuk-adapted wavelet-KF,276,1,2,0.99310556495196,1.77060736754788
ESR_1_to_2,B4 Cuk-adapted wavelet-KF,277,1,2,0.993210026089051,1.77495192498069
ESR_1_to_2,B4 Cuk-adapted wavelet-KF,278,1,2,0.993312904481642,1.77921419912878
ESR_1_to_2,B4 Cuk-adapted wavelet-KF,279,1,2,0.993414224110708,1.78339574838771
ESR_1_to_2,B4 Cuk-adapted wavelet-KF,280,1,2,0.993514008593879,1.78749810163794
ESR_1_to_2,B4 Cuk-adapted wavelet-KF,281,1,2,0.993612281190941,1.79152275880389
ESR_1_to_2,B4 Cuk-adapted wavelet-KF,282,1,2,0.99370906480926,1.7954711914023
ESR_1_to_2,B4 Cuk-adapted wavelet-KF,283,1,2,0.99380438200912,1.79934484308029
ESR_1_to_2,B4 Cuk-adapted wavelet-KF,284,1,2,0.993898255008982,1.80314513014316
ESR_1_to_2,B4 Cuk-adapted wavelet-KF,285,1,2,0.993990705690664,1.80687344207227
ESR_1_to_2,B4 Cuk-adapted wavelet-KF,286,1,2,0.994081755604442,1.81053114203302
ESR_1_to_2,B4 Cuk-adapted wavelet-KF,287,1,2,0.994171425974071,1.8141195673733
ESR_1_to_2,B4 Cuk-adapted wavelet-KF,288,1,2,0.994259737701737,1.81764003011244
ESR_1_to_2,B4 Cuk-adapted wavelet-KF,289,1,2,0.994346711372923,1.82109381742092
ESR_1_to_2,B4 Cuk-adapted wavelet-KF,290,1,2,0.994432367261212,1.82448219209098
ESR_1_to_2,B4 Cuk-adapted wavelet-KF,291,1,2,0.994516725333011,1.82780639299835
ESR_1_to_2,B4 Cuk-adapted wavelet-KF,292,1,2,0.994599805252208,1.8310676355552
ESR_1_to_2,B4 Cuk-adapted wavelet-KF,293,1,2,0.994681626384751,1.83426711215453
ESR_1_to_2,B4 Cuk-adapted wavelet-KF,294,1,2,0.994762207803163,1.83740599260615
ESR_1_to_2,B4 Cuk-adapted wavelet-KF,295,1,2,0.994841568290994,1.84048542456437
ESR_1_to_2,B4 Cuk-adapted wavelet-KF,296,1,2,0.994919726347191,1.84350653394762
ESR_1_to_2,B4 Cuk-adapted wavelet-KF,297,1,2,0.994996700190416,1.84647042535012
ESR_1_to_2,B4 Cuk-adapted wavelet-KF,298,1,2,0.995072507763288,1.84937818244576
ESR_1_to_2,B4 Cuk-adapted wavelet-KF,299,1,2,0.995147166736572,1.85223086838429
ESR_1_to_2,B4 Cuk-adapted wavelet-KF,300,1,2,0.99522069451329,1.85502952618004
ESR_1_to_2,B4 Cuk-adapted wavelet-KF,301,1,2,0.995293108232786,1.8577751790933
ESR_1_to_2,B4 Cuk-adapted wavelet-KF,302,1,2,0.995364424774713,1.86046883100441
ESR_1_to_2,B4 Cuk-adapted wavelet-KF,303,1,2,0.995434660762975,1.86311146678084
ESR_1_to_2,B4 Cuk-adapted wavelet-KF,304,1,2,0.995503832569597,1.86570405263727
ESR_1_to_2,B4 Cuk-adapted wavelet-KF,305,1,2,0.995571956318542,1.86824753648883
ESR_1_to_2,B4 Cuk-adapted wavelet-KF,306,1,2,0.995639047889474,1.87074284829776
ESR_1_to_2,B4 Cuk-adapted wavelet-KF,307,1,2,0.995705122921451,1.87319090041333
ESR_1_to_2,B4 Cuk-adapted wavelet-KF,308,1,2,0.995770196816581,1.8755925879055
ESR_1_to_2,B4 Cuk-adapted wavelet-KF,309,1,2,0.995834284743602,1.87794878889214
ESR_1_to_2,B4 Cuk-adapted wavelet-KF,310,1,2,0.995897401641427,1.88026036486009
ESR_1_to_2,B4 Cuk-adapted wavelet-KF,311,1,2,0.995959562222617,1.88252816098017
ESR_1_to_2,B4 Cuk-adapted wavelet-KF,312,1,2,0.99602078097682,1.88475300641615
ESR_1_to_2,B4 Cuk-adapted wavelet-KF,313,1,2,0.996081072174141,1.88693571462796
ESR_1_to_2,B4 Cuk-adapted wavelet-KF,314,1,2,0.996140449868472,1.8890770836691
ESR_1_to_2,B4 Cuk-adapted wavelet-KF,315,1,2,0.996198927900768,1.8911778964784
ESR_1_to_2,B4 Cuk-adapted wavelet-KF,316,1,2,0.996256519902271,1.89323892116631
ESR_1_to_2,B4 Cuk-adapted wavelet-KF,317,1,2,0.996313239297691,1.89526091129573
ESR_1_to_2,B4 Cuk-adapted wavelet-KF,318,1,2,0.996369099308333,1.89724460615756
ESR_1_to_2,B4 Cuk-adapted wavelet-KF,319,1,2,0.996424112955176,1.89919073104094
ESR_1_to_2,B4 Cuk-adapted wavelet-KF,320,1,2,0.996478293061916,1.90109999749849
ESR_1_to_2,B4 Cuk-adapted wavelet-KF,321,1,2,0.996531652257947,1.90297310360648
ESR_1_to_2,B4 Cuk-adapted wavelet-KF,322,1,2,0.996584202981312,1.90481073421999
ESR_1_to_2,B4 Cuk-adapted wavelet-KF,323,1,2,0.996635957481595,1.9066135612234
ESR_1_to_2,B4 Cuk-adapted wavelet-KF,324,1,2,0.996686927822783,1.90838224377599
ESR_1_to_2,B4 Cuk-adapted wavelet-KF,325,1,2,0.996737125886074,1.91011742855296
ESR_1_to_2,B4 Cuk-adapted wavelet-KF,326,1,2,0.996786563372649,1.91181974998188
ESR_1_to_2,B4 Cuk-adapted wavelet-KF,327,1,2,0.996835251806396,1.91348983047465
ESR_1_to_2,B4 Cuk-adapted wavelet-KF,328,1,2,0.996883202536602,1.91512828065505
ESR_1_to_2,B4 Cuk-adapted wavelet-KF,329,1,2,0.996930426740593,1.91673569958204
ESR_1_to_2,B4 Cuk-adapted wavelet-KF,330,1,2,0.996976935426342,1.91831267496874
ESR_1_to_2,B4 Cuk-adapted wavelet-KF,331,1,2,0.997022739435034,1.91985978339736
ESR_1_to_2,B4 Cuk-adapted wavelet-KF,332,1,2,0.997067849443594,1.92137759052999
ESR_1_to_2,B4 Cuk-adapted wavelet-KF,333,1,2,0.997112275967176,1.92286665131541
ESR_1_to_2,B4 Cuk-adapted wavelet-KF,334,1,2,0.997156029361613,1.92432751019201
ESR_1_to_2,B4 Cuk-adapted wavelet-KF,335,1,2,0.997199119825831,1.92576070128686
ESR_1_to_2,B4 Cuk-adapted wavelet-KF,336,1,2,0.997241557404227,1.92716674861097
ESR_1_to_2,B4 Cuk-adapted wavelet-KF,337,1,2,0.997283351989012,1.92854616625091
ESR_1_to_2,B4 Cuk-adapted wavelet-KF,338,1,2,0.997324513322511,1.92989945855677
ESR_1_to_2,B4 Cuk-adapted wavelet-KF,339,1,2,0.997365050999443,1.93122712032653
ESR_1_to_2,B4 Cuk-adapted wavelet-KF,340,1,2,0.997404974469148,1.93252963698701
ESR_1_to_2,B4 Cuk-adapted wavelet-KF,341,1,2,0.997444293037798,1.93380748477135
ESR_1_to_2,B4 Cuk-adapted wavelet-KF,342,1,2,0.997483015870558,1.9350611308931
ESR_1_to_2,B4 Cuk-adapted wavelet-KF,343,1,2,0.997521151993732,1.93629103371709
ESR_1_to_2,B4 Cuk-adapted wavelet-KF,344,1,2,0.997558710296857,1.937497642927
ESR_1_to_2,B4 Cuk-adapted wavelet-KF,345,1,2,0.997595699534783,1.93868139968974
ESR_1_to_2,B4 Cuk-adapted wavelet-KF,346,1,2,0.997632128329711,1.93984273681683
ESR_1_to_2,B4 Cuk-adapted wavelet-KF,347,1,2,0.9976680051732,1.94098207892257
ESR_1_to_2,B4 Cuk-adapted wavelet-KF,348,1,2,0.997703338428152,1.94209984257934
ESR_1_to_2,B4 Cuk-adapted wavelet-KF,349,1,2,0.997738136330755,1.94319643646989
ESR_1_to_2,B4 Cuk-adapted wavelet-KF,350,1,2,0.997772406992411,1.94427226153674
ESR_1_to_2,B4 Cuk-adapted wavelet-KF,351,1,2,0.997806158401616,1.94532771112885
ESR_1_to_2,B4 Cuk-adapted wavelet-KF,352,1,2,0.997839398425834,1.94636317114535
ESR_1_to_2,B4 Cuk-adapted wavelet-KF,353,1,2,0.997872134813322,1.94737902017669
ESR_1_to_2,B4 Cuk-adapted wavelet-KF,354,1,2,0.997904375194938,1.94837562964304
ESR_1_to_2,B4 Cuk-adapted wavelet-KF,355,1,2,0.997936127085924,1.9493533639301
ESR_1_to_2,B4 Cuk-adapted wavelet-KF,356,1,2,0.997967397887652,1.95031258052234
ESR_1_to_2,B4 Cuk-adapted wavelet-KF,357,1,2,0.997998194889354,1.95125363013366
ESR_1_to_2,B4 Cuk-adapted wavelet-KF,358,1,2,0.998028525269819,1.95217685683567
ESR_1_to_2,B4 Cuk-adapted wavelet-KF,359,1,2,0.998058396099064,1.95308259818348
ESR_1_to_2,B4 Cuk-adapted wavelet-KF,360,1,2,0.998087814339987,1.95397118533909
ESR_1_to_2,B4 Cuk-adapted wavelet-KF,361,1,2,0.998116786849988,1.95484294319252
ESR_1_to_2,B4 Cuk-adapted wavelet-KF,362,1,2,0.998145320382563,1.95569819048054
ESR_1_to_2,B4 Cuk-adapted wavelet-KF,363,1,2,0.998173421588888,1.95653723990326
ESR_1_to_2,B4 Cuk-adapted wavelet-KF,364,1,2,0.99820109701936,1.95736039823842
ESR_1_to_2,B4 Cuk-adapted wavelet-KF,365,1,2,0.998228353125127,1.95816796645361
ESR_1_to_2,B4 Cuk-adapted wavelet-KF,366,1,2,0.998255196259595,1.95896023981623
ESR_1_to_2,B4 Cuk-adapted wavelet-KF,367,1,2,0.998281632679904,1.95973750800152
ESR_1_to_2,B4 Cuk-adapted wavelet-KF,368,1,2,0.99830766854839,1.96050005519847
ESR_1_to_2,B4 Cuk-adapted wavelet-KF,369,1,2,0.998333309934021,1.96124816021365
ESR_1_to_2,B4 Cuk-adapted wavelet-KF,370,1,2,0.998358562813808,1.96198209657324
ESR_1_to_2,B4 Cuk-adapted wavelet-KF,371,1,2,0.998383433074205,1.96270213262299
ESR_1_to_2,B4 Cuk-adapted wavelet-KF,372,1,2,0.998407926512475,1.96340853162634
ESR_1_to_2,B4 Cuk-adapted wavelet-KF,373,1,2,0.998432048838043,1.96410155186069
ESR_1_to_2,B4 Cuk-adapted wavelet-KF,374,1,2,0.998455805673831,1.96478144671181
ESR_1_to_2,B4 Cuk-adapted wavelet-KF,375,1,2,0.99847920255756,1.96544846476651
ESR_1_to_2,B4 Cuk-adapted wavelet-KF,376,1,2,0.998502244943052,1.96610284990351
ESR_1_to_2,B4 Cuk-adapted wavelet-KF,377,1,2,0.998524938201491,1.96674484138261
ESR_1_to_2,B4 Cuk-adapted wavelet-KF,378,1,2,0.99854728762268,1.96737467393218
ESR_1_to_2,B4 Cuk-adapted wavelet-KF,379,1,2,0.998569298416276,1.96799257783498
ESR_1_to_2,B4 Cuk-adapted wavelet-KF,380,1,2,0.998590975712999,1.96859877901235
ESR_1_to_2,B4 Cuk-adapted wavelet-KF,381,1,2,0.998612324565832,1.96919349910681
ESR_1_to_2,B4 Cuk-adapted wavelet-KF,382,1,2,0.998633349951198,1.96977695556312
ESR_1_to_2,B4 Cuk-adapted wavelet-KF,383,1,2,0.99865405677012,1.97034936170776
ESR_1_to_2,B4 Cuk-adapted wavelet-KF,384,1,2,0.99867444984936,1.97091092682693
ESR_1_to_2,B4 Cuk-adapted wavelet-KF,385,1,2,0.998694533942552,1.97146185624309
ESR_1_to_2,B4 Cuk-adapted wavelet-KF,386,1,2,0.998714313731301,1.97200235139
ESR_1_to_2,B4 Cuk-adapted wavelet-KF,387,1,2,0.998733793826281,1.9725326098864
ESR_1_to_2,B4 Cuk-adapted wavelet-KF,388,1,2,0.998752978768307,1.97305282560825
ESR_1_to_2,B4 Cuk-adapted wavelet-KF,389,1,2,0.998771873029394,1.97356318875961
ESR_1_to_2,B4 Cuk-adapted wavelet-KF,390,1,2,0.998790481013797,1.97406388594219
ESR_1_to_2,B4 Cuk-adapted wavelet-KF,391,1,2,0.998808807059042,1.97455510022359
ESR_1_to_2,B4 Cuk-adapted wavelet-KF,392,1,2,0.998826855436936,1.9750370112042
ESR_1_to_2,B4 Cuk-adapted wavelet-KF,393,1,2,0.998844630354558,1.97550979508291
ESR_1_to_2,B4 Cuk-adapted wavelet-KF,394,1,2,0.998862135955246,1.97597362472149
ESR_1_to_2,B4 Cuk-adapted wavelet-KF,395,1,2,0.998879376319561,1.97642866970783
ESR_1_to_2,B4 Cuk-adapted wavelet-KF,396,1,2,0.998896355466234,1.97687509641791
ESR_1_to_2,B4 Cuk-adapted wavelet-KF,397,1,2,0.998913077353109,1.97731306807666
ESR_1_to_2,B4 Cuk-adapted wavelet-KF,398,1,2,0.998929545878062,1.97774274481763
ESR_1_to_2,B4 Cuk-adapted wavelet-KF,399,1,2,0.99894576487991,1.97816428374154
ESR_1_to_2,B4 Cuk-adapted wavelet-KF,400,1,2,0.998961738139305,1.97857783897371
ESR_1_to_2,B4 Cuk-adapted wavelet-KF,401,1,2,0.998977469379619,1.97898356172042
ESR_1_to_2,B4 Cuk-adapted wavelet-KF,402,1,2,0.998992962267806,1.9793816003242
ESR_1_to_2,B4 Cuk-adapted wavelet-KF,403,1,2,0.999008220415264,1.97977210031806
ESR_1_to_2,B4 Cuk-adapted wavelet-KF,404,1,2,0.999023247378669,1.9801552044787
ESR_1_to_2,B4 Cuk-adapted wavelet-KF,405,1,2,0.99903804666081,1.98053105287872
ESR_1_to_2,B4 Cuk-adapted wavelet-KF,406,1,2,0.999052621711404,1.98089978293784
ESR_1_to_2,B4 Cuk-adapted wavelet-KF,407,1,2,0.999066975927898,1.98126152947311
ESR_1_to_2,B4 Cuk-adapted wavelet-KF,408,1,2,0.999081112656263,1.98161642474824
ESR_1_to_2,B4 Cuk-adapted wavelet-KF,409,1,2,0.999095035191774,1.98196459852195
ESR_1_to_2,B4 Cuk-adapted wavelet-KF,410,1,2,0.999108746779778,1.98230617809539
ESR_1_to_2,B4 Cuk-adapted wavelet-KF,411,1,2,0.999122250616448,1.98264128835874
ESR_1_to_2,B4 Cuk-adapted wavelet-KF,412,1,2,0.999135549849532,1.98297005183679
ESR_1_to_2,B4 Cuk-adapted wavelet-KF,413,1,2,0.999148647579084,1.98329258873382
ESR_1_to_2,B4 Cuk-adapted wavelet-KF,414,1,2,0.999161546858189,1.9836090169775
ESR_1_to_2,B4 Cuk-adapted wavelet-KF,415,1,2,0.999174250693671,1.98391945226202
ESR_1_to_2,B4 Cuk-adapted wavelet-KF,416,1,2,0.999186762046797,1.98422400809039
ESR_1_to_2,B4 Cuk-adapted wavelet-KF,417,1,2,0.999199083833967,1.98452279581595
ESR_1_to_2,B4 Cuk-adapted wavelet-KF,418,1,2,0.999211218927392,1.98481592468307
ESR_1_to_2,B4 Cuk-adapted wavelet-KF,419,1,2,0.999223170155765,1.98510350186711
ESR_1_to_2,B4 Cuk-adapted wavelet-KF,420,1,2,0.99923494030492,1.98538563251356
ESR_1_to_2,B4 Cuk-adapted wavelet-KF,421,1,2,0.999246532118482,1.98566241977656
ESR_1_to_2,B4 Cuk-adapted wavelet-KF,422,1,2,0.999257948298505,1.98593396485655
ESR_1_to_2,B4 Cuk-adapted wavelet-KF,423,1,2,0.999269191506103,1.9862003670373
ESR_1_to_2,B4 Cuk-adapted wavelet-KF,424,1,2,0.999280264362071,1.9864617237222
ESR_1_to_2,B4 Cuk-adapted wavelet-KF,425,1,2,0.999291169447494,1.98671813046988
ESR_1_to_2,B4 Cuk-adapted wavelet-KF,426,1,2,0.99930190930435,1.98696968102917
ESR_1_to_2,B4 Cuk-adapted wavelet-KF,427,1,2,0.999312486436103,1.98721646737331
ESR_1_to_2,B4 Cuk-adapted wavelet-KF,428,1,2,0.999322903308283,1.98745857973367
ESR_1_to_2,B4 Cuk-adapted wavelet-KF,429,1,2,0.999333162349066,1.98769610663265
ESR_1_to_2,B4 Cuk-adapted wavelet-KF,430,1,2,0.999343265949838,1.98792913491612
ESR_1_to_2,B4 Cuk-adapted wavelet-KF,431,1,2,0.99935321646575,1.98815774978513
ESR_1_to_2,B4 Cuk-adapted wavelet-KF,432,1,2,0.999363016216269,1.98838203482708
ESR_1_to_2,B4 Cuk-adapted wavelet-KF,433,1,2,0.999372667485719,1.98860207204627
ESR_1_to_2,B4 Cuk-adapted wavelet-KF,434,1,2,0.999382172523814,1.98881794189388
ESR_1_to_2,B4 Cuk-adapted wavelet-KF,435,1,2,0.999391533546181,1.9890297232974
ESR_1_to_2,B4 Cuk-adapted wavelet-KF,436,1,2,0.999400752734875,1.98923749368949
ESR_1_to_2,B4 Cuk-adapted wavelet-KF,437,1,2,0.999409832238892,1.98944132903628
ESR_1_to_2,B4 Cuk-adapted wavelet-KF,438,1,2,0.999418774174667,1.98964130386514
ESR_1_to_2,B4 Cuk-adapted wavelet-KF,439,1,2,0.999427580626566,1.98983749129194
ESR_1_to_2,B4 Cuk-adapted wavelet-KF,440,1,2,0.999436253647375,1.99002996304777
ESR_1_to_2,B4 Cuk-adapted wavelet-KF,441,1,2,0.999444795258779,1.9902187895052
ESR_1_to_2,B4 Cuk-adapted wavelet-KF,442,1,2,0.999453207451827,1.99040403970397
ESR_1_to_2,B4 Cuk-adapted wavelet-KF,443,1,2,0.999461492187406,1.99058578137624
ESR_1_to_2,B4 Cuk-adapted wavelet-KF,444,1,2,0.999469651396688,1.99076408097139
ESR_1_to_2,B4 Cuk-adapted wavelet-KF,445,1,2,0.999477686981586,1.99093900368026
ESR_1_to_2,B4 Cuk-adapted wavelet-KF,446,1,2,0.999485600815199,1.99111061345905
ESR_1_to_2,B4 Cuk-adapted wavelet-KF,447,1,2,0.999493394742241,1.99127897305262
ESR_1_to_2,B4 Cuk-adapted wavelet-KF,448,1,2,0.99950107057948,1.99144414401754
ESR_1_to_2,B4 Cuk-adapted wavelet-KF,449,1,2,0.999508630116154,1.99160618674448
ESR_1_to_2,B4 Cuk-adapted wavelet-KF,450,1,2,0.999516075114394,1.99176516048038
ESR_1_to_2,B4 Cuk-adapted wavelet-KF,451,1,2,0.999523407309631,1.99192112335007
ESR_1_to_2,B4 Cuk-adapted wavelet-KF,452,1,2,0.999530628411,1.99207413237753
ESR_1_to_2,B4 Cuk-adapted wavelet-KF,453,1,2,0.999537740101742,1.99222424350674
ESR_1_to_2,B4 Cuk-adapted wavelet-KF,454,1,2,0.999544744039595,1.99237151162214
ESR_1_to_2,B4 Cuk-adapted wavelet-KF,455,1,2,0.999551641857177,1.9925159905687
ESR_1_to_2,B4 Cuk-adapted wavelet-KF,456,1,2,0.999558435162371,1.99265773317156
ESR_1_to_2,B4 Cuk-adapted wavelet-KF,457,1,2,0.999565125538699,1.99279679125543
ESR_1_to_2,B4 Cuk-adapted wavelet-KF,458,1,2,0.999571714545688,1.99293321566347
ESR_1_to_2,B4 Cuk-adapted wavelet-KF,459,1,2,0.999578203719238,1.99306705627591
ESR_1_to_2,B4 Cuk-adapted wavelet-KF,460,1,2,0.999584594571977,1.99319836202826
ESR_1_to_2,B4 Cuk-adapted wavelet-KF,461,1,2,0.999590888593614,1.99332718092924
ESR_1_to_2,B4 Cuk-adapted wavelet-KF,462,1,2,0.999597087251286,1.99345356007831
ESR_1_to_2,B4 Cuk-adapted wavelet-KF,463,1,2,0.999603191989903,1.99357754568288
ESR_1_to_2,B4 Cuk-adapted wavelet-KF,464,1,2,0.99960920423248,1.99369918307525
ESR_1_to_2,B4 Cuk-adapted wavelet-KF,465,1,2,0.999615125380473,1.99381851672913
ESR_1_to_2,B4 Cuk-adapted wavelet-KF,466,1,2,0.999620956814102,1.99393559027593
ESR_1_to_2,B4 Cuk-adapted wavelet-KF,467,1,2,0.999626699892676,1.9940504465207
ESR_1_to_2,B4 Cuk-adapted wavelet-KF,468,1,2,0.999632355954909,1.99416312745781
ESR_1_to_2,B4 Cuk-adapted wavelet-KF,469,1,2,0.999637926319228,1.99427367428626
ESR_1_to_2,B4 Cuk-adapted wavelet-KF,470,1,2,0.999643412284088,1.99438212742478
ESR_1_to_2,B4 Cuk-adapted wavelet-KF,471,1,2,0.999648815128269,1.99448852652658
ESR_1_to_2,B4 Cuk-adapted wavelet-KF,472,1,2,0.999654136111174,1.99459291049388
ESR_1_to_2,B4 Cuk-adapted wavelet-KF,473,1,2,0.999659376473126,1.9946953174921
ESR_1_to_2,B4 Cuk-adapted wavelet-KF,474,1,2,0.999664537435654,1.99479578496384
ESR_1_to_2,B4 Cuk-adapted wavelet-KF,475,1,2,0.999669620201781,1.99489434964256
ESR_1_to_2,B4 Cuk-adapted wavelet-KF,476,1,2,0.999674625956299,1.994991047566
ESR_1_to_2,B4 Cuk-adapted wavelet-KF,477,1,2,0.999679555866052,1.99508591408937
ESR_1_to_2,B4 Cuk-adapted wavelet-KF,478,1,2,0.999684411080203,1.99517898389828
ESR_1_to_2,B4 Cuk-adapted wavelet-KF,479,1,2,0.999689192730503,1.99527029102142
ESR_1_to_2,B4 Cuk-adapted wavelet-KF,480,1,2,0.999693901931556,1.99535986884298
ESR_1_to_2,B4 Cuk-adapted wavelet-KF,481,1,2,0.999698539781078,1.9954477501149
ESR_1_to_2,B4 Cuk-adapted wavelet-KF,482,1,2,0.999703107360152,1.99553396696878
ESR_1_to_2,B4 Cuk-adapted wavelet-KF,483,1,2,0.999707605733483,1.9956185509277
ESR_1_to_2,B4 Cuk-adapted wavelet-KF,484,1,2,0.999712035949643,1.99570153291771
ESR_1_to_2,B4 Cuk-adapted wavelet-KF,485,1,2,0.999716399041315,1.99578294327912
ESR_1_to_2,B4 Cuk-adapted wavelet-KF,486,1,2,0.999720696025537,1.99586281177762
ESR_1_to_2,B4 Cuk-adapted wavelet-KF,487,1,2,0.999724927903938,1.99594116761516
ESR_1_to_2,B4 Cuk-adapted wavelet-KF,488,1,2,0.99972909566297,1.99601803944063
ESR_1_to_2,B4 Cuk-adapted wavelet-KF,489,1,2,0.999733200274137,1.99609345536032
ESR_1_to_2,B4 Cuk-adapted wavelet-KF,490,1,2,0.999737242694226,1.99616744294819
ESR_1_to_2,B4 Cuk-adapted wavelet-KF,491,1,2,0.999741223865525,1.99624002925599
ESR_1_to_2,B4 Cuk-adapted wavelet-KF,492,1,2,0.999745144716048,1.99631124082311
ESR_1_to_2,B4 Cuk-adapted wavelet-KF,493,1,2,0.999749006159744,1.99638110368631
ESR_1_to_2,B4 Cuk-adapted wavelet-KF,494,1,2,0.999752809096717,1.99644964338922
ESR_1_to_2,B4 Cuk-adapted wavelet-KF,495,1,2,0.999756554413434,1.9965168849917
ESR_1_to_2,B4 Cuk-adapted wavelet-KF,496,1,2,0.999760242982927,1.99658285307898
ESR_1_to_2,B4 Cuk-adapted wavelet-KF,497,1,2,0.999763875665004,1.99664757177066
ESR_1_to_2,B4 Cuk-adapted wavelet-KF,498,1,2,0.999767453306443,1.99671106472955
ESR_1_to_2,B4 Cuk-adapted wavelet-KF,499,1,2,0.999770976741194,1.99677335517028
ESR_1_to_2,B4 Cuk-adapted wavelet-KF,500,1,2,0.99977444679057,1.99683446586781
ESR_1_to_2,B4 Cuk-adapted wavelet-KF,501,1,2,0.99977786426344,1.99689441916577
ESR_1_to_2,B4 Cuk-adapted wavelet-KF,502,1,2,0.999781229956418,1.9969532369846
ESR_1_to_2,B4 Cuk-adapted wavelet-KF,503,1,2,0.999784544654049,1.99701094082959
ESR_1_to_2,B4 Cuk-adapted wavelet-KF,504,1,2,0.999787809128987,1.99706755179873
ESR_1_to_2,B4 Cuk-adapted wavelet-KF,505,1,2,0.999791024142184,1.99712309059042
ESR_1_to_2,B4 Cuk-adapted wavelet-KF,506,1,2,0.99979419044306,1.99717757751105
ESR_1_to_2,B4 Cuk-adapted wavelet-KF,507,1,2,0.999797308769681,1.99723103248243
ESR_1_to_2,B4 Cuk-adapted wavelet-KF,508,1,2,0.999800379848928,1.99728347504906
ESR_1_to_2,B4 Cuk-adapted wavelet-KF,509,1,2,0.999803404396671,1.99733492438525
ESR_1_to_2,B4 Cuk-adapted wavelet-KF,510,1,2,0.999806383117934,1.99738539930219
ESR_1_to_2,B4 Cuk-adapted wavelet-KF,511,1,2,0.999809316707056,1.9974349182548
ESR_1_to_2,B4 Cuk-adapted wavelet-KF,512,1,2,0.999812205847858,1.99748349934846
ESR_1_to_2,B4 Cuk-adapted wavelet-KF,513,1,2,0.9998150512138,1.99753116034565
ESR_1_to_2,B4 Cuk-adapted wavelet-KF,514,1,2,0.999817853468136,1.99757791867244
ESR_1_to_2,B4 Cuk-adapted wavelet-KF,515,1,2,0.999820613264073,1.99762379142485
ESR_1_to_2,B4 Cuk-adapted wavelet-KF,516,1,2,0.999823331244921,1.99766879537514
ESR_1_to_2,B4 Cuk-adapted wavelet-KF,517,1,2,0.99982600804424,1.99771294697788
ESR_1_to_2,B4 Cuk-adapted wavelet-KF,518,1,2,0.999828644285994,1.99775626237603
ESR_1_to_2,B4 Cuk-adapted wavelet-KF,519,1,2,0.999831240584691,1.99779875740679
ESR_1_to_2,B4 Cuk-adapted wavelet-KF,520,1,2,0.999833797545529,1.99784044760742
ESR_1_to_2,B4 Cuk-adapted wavelet-KF,521,1,2,0.999836315764536,1.99788134822091
ESR_1_to_2,B4 Cuk-adapted wavelet-KF,522,1,2,0.99983879582871,1.99792147420158
ESR_1_to_2,B4 Cuk-adapted wavelet-KF,523,1,2,0.999841238316154,1.99796084022049
ESR_1_to_2,B4 Cuk-adapted wavelet-KF,524,1,2,0.999843643796212,1.99799946067086
ESR_1_to_2,B4 Cuk-adapted wavelet-KF,525,1,2,0.999846012829603,1.9980373496733
ESR_1_to_2,B4 Cuk-adapted wavelet-KF,526,1,2,0.999848345968548,1.998074521081
ESR_1_to_2,B4 Cuk-adapted wavelet-KF,527,1,2,0.999850643756903,1.99811098848477
ESR_1_to_2,B4 Cuk-adapted wavelet-KF,528,1,2,0.999852906730284,1.99814676521802
ESR_1_to_2,B4 Cuk-adapted wavelet-KF,529,1,2,0.999855135416189,1.99818186436161
ESR_1_to_2,B4 Cuk-adapted wavelet-KF,530,1,2,0.999857330334125,1.9982162987487
ESR_1_to_2,B4 Cuk-adapted wavelet-KF,531,1,2,0.999859491995729,1.99825008096937
ESR_1_to_2,B4 Cuk-adapted wavelet-KF,532,1,2,0.999861620904885,1.99828322337526
ESR_1_to_2,B4 Cuk-adapted wavelet-KF,533,1,2,0.999863717557841,1.99831573808406
ESR_1_to_2,B4 Cuk-adapted wavelet-KF,534,1,2,0.999865782443328,1.99834763698398
ESR_1_to_2,B4 Cuk-adapted wavelet-KF,535,1,2,0.999867816042672,1.99837893173807
ESR_1_to_2,B4 Cuk-adapted wavelet-KF,536,1,2,0.999869818829904,1.99840963378849
ESR_1_to_2,B4 Cuk-adapted wavelet-KF,537,1,2,0.999871791271875,1.99843975436068
ESR_1_to_2,B4 Cuk-adapted wavelet-KF,538,1,2,0.999873733828362,1.99846930446748
ESR_1_to_2,B4 Cuk-adapted wavelet-KF,539,1,2,0.999875646952175,1.99849829491317
ESR_1_to_2,B4 Cuk-adapted wavelet-KF,540,1,2,0.999877531089263,1.99852673629739
ESR_1_to_2,B4 Cuk-adapted wavelet-KF,541,1,2,0.99987938667882,1.99855463901903
ESR_1_to_2,B4 Cuk-adapted wavelet-KF,542,1,2,0.999881214153383,1.99858201328004
ESR_1_to_2,B4 Cuk-adapted wavelet-KF,543,1,2,0.999883013938938,1.99860886908913
ESR_1_to_2,B4 Cuk-adapted wavelet-KF,544,1,2,0.999884786455014,1.99863521626547
ESR_1_to_2,B4 Cuk-adapted wavelet-KF,545,1,2,0.999886532114787,1.99866106444226
ESR_1_to_2,B4 Cuk-adapted wavelet-KF,546,1,2,0.999888251325169,1.99868642307025
ESR_1_to_2,B4 Cuk-adapted wavelet-KF,547,1,2,0.999889944486909,1.99871130142119
ESR_1_to_2,B4 Cuk-adapted wavelet-KF,548,1,2,0.999891611994683,1.99873570859124
ESR_1_to_2,B4 Cuk-adapted wavelet-KF,549,1,2,0.999893254237188,1.99875965350429
ESR_1_to_2,B4 Cuk-adapted wavelet-KF,550,1,2,0.99989487159723,1.99878314491519
ESR_1_to_2,B4 Cuk-adapted wavelet-KF,551,1,2,0.999896464451818,1.99880619141301
ESR_1_to_2,B4 Cuk-adapted wavelet-KF,552,1,2,0.999898033172245,1.99882880142413
ESR_1_to_2,B4 Cuk-adapted wavelet-KF,553,1,2,0.99989957812418,1.99885098321534
ESR_1_to_2,B4 Cuk-adapted wavelet-KF,554,1,2,0.999901099667753,1.99887274489686
ESR_1_to_2,B4 Cuk-adapted wavelet-KF,555,1,2,0.999902598157636,1.99889409442533
ESR_1_to_2,B4 Cuk-adapted wavelet-KF,556,1,2,0.999904073943126,1.99891503960667
ESR_1_to_2,B4 Cuk-adapted wavelet-KF,557,1,2,0.99990552736823,1.99893558809897
ESR_1_to_2,B4 Cuk-adapted wavelet-KF,558,1,2,0.999906958771742,1.99895574741528
ESR_1_to_2,B4 Cuk-adapted wavelet-KF,559,1,2,0.999908368487322,1.99897552492635
ESR_1_to_2,B4 Cuk-adapted wavelet-KF,560,1,2,0.999909756843575,1.99899492786335
ESR_1_to_2,B4 Cuk-adapted wavelet-KF,561,1,2,0.999911124164126,1.99901396332048
ESR_1_to_2,B4 Cuk-adapted wavelet-KF,562,1,2,0.9999124707677,1.9990326382576
ESR_1_to_2,B4 Cuk-adapted wavelet-KF,563,1,2,0.99991379696819,1.99905095950272
ESR_1_to_2,B4 Cuk-adapted wavelet-KF,564,1,2,0.999915103074732,1.99906893375456
ESR_1_to_2,B4 Cuk-adapted wavelet-KF,565,1,2,0.999916389391782,1.99908656758497
ESR_1_to_2,B4 Cuk-adapted wavelet-KF,566,1,2,0.999917656219179,1.99910386744131
ESR_1_to_2,B4 Cuk-adapted wavelet-KF,567,1,2,0.999918903852222,1.99912083964886
ESR_1_to_2,B4 Cuk-adapted wavelet-KF,568,1,2,0.999920132581734,1.99913749041309
ESR_1_to_2,B4 Cuk-adapted wavelet-KF,569,1,2,0.999921342694132,1.99915382582193
ESR_1_to_2,B4 Cuk-adapted wavelet-KF,570,1,2,0.999922534471493,1.99916985184803
ESR_1_to_2,B4 Cuk-adapted wavelet-KF,571,1,2,0.999923708191622,1.99918557435091
ESR_1_to_2,B4 Cuk-adapted wavelet-KF,572,1,2,0.999924864128113,1.99920099907911
ESR_1_to_2,B4 Cuk-adapted wavelet-KF,573,1,2,0.999926002550414,1.99921613167231
ESR_1_to_2,B4 Cuk-adapted wavelet-KF,574,1,2,0.999927123723893,1.99923097766337
ESR_1_to_2,B4 Cuk-adapted wavelet-KF,575,1,2,0.999928227909894,1.99924554248035
ESR_1_to_2,B4 Cuk-adapted wavelet-KF,576,1,2,0.999929315365805,1.99925983144852
ESR_1_to_2,B4 Cuk-adapted wavelet-KF,577,1,2,0.999930386345111,1.9992738497923
ESR_1_to_2,B4 Cuk-adapted wavelet-KF,578,1,2,0.999931441097458,1.99928760263714
ESR_1_to_2,B4 Cuk-adapted wavelet-KF,579,1,2,0.999932479868708,1.99930109501144
ESR_1_to_2,B4 Cuk-adapted wavelet-KF,580,1,2,0.999933502901001,1.99931433184834
ESR_1_to_2,B4 Cuk-adapted wavelet-KF,581,1,2,0.999934510432804,1.99932731798758
ESR_1_to_2,B4 Cuk-adapted wavelet-KF,582,1,2,0.999935502698973,1.99934005817721
ESR_1_to_2,B4 Cuk-adapted wavelet-KF,583,1,2,0.999936479930807,1.99935255707537
ESR_1_to_2,B4 Cuk-adapted wavelet-KF,584,1,2,0.999937442356098,1.99936481925197
ESR_1_to_2,B4 Cuk-adapted wavelet-KF,585,1,2,0.999938390199187,1.99937684919038
ESR_1_to_2,B4 Cuk-adapted wavelet-KF,586,1,2,0.999939323681018,1.99938865128905
ESR_1_to_2,B4 Cuk-adapted wavelet-KF,587,1,2,0.999940243019184,1.99940022986312
ESR_1_to_2,B4 Cuk-adapted wavelet-KF,588,1,2,0.999941148427985,1.99941158914601
ESR_1_to_2,B4 Cuk-adapted wavelet-KF,589,1,2,0.99994204011847,1.99942273329098
ESR_1_to_2,B4 Cuk-adapted wavelet-KF,590,1,2,0.999942918298493,1.99943366637259
ESR_1_to_2,B4 Cuk-adapted wavelet-KF,591,1,2,0.999943783172758,1.99944439238826
ESR_1_to_2,B4 Cuk-adapted wavelet-KF,592,1,2,0.999944634942868,1.99945491525969
ESR_1_to_2,B4 Cuk-adapted wavelet-KF,593,1,2,0.99994547380737,1.99946523883432
ESR_1_to_2,B4 Cuk-adapted wavelet-KF,594,1,2,0.999946299961804,1.9994753668867
ESR_1_to_2,B4 Cuk-adapted wavelet-KF,595,1,2,0.999947113598746,1.99948530311991
ESR_1_to_2,B4 Cuk-adapted wavelet-KF,596,1,2,0.999947914907856,1.99949505116688
ESR_1_to_2,B4 Cuk-adapted wavelet-KF,597,1,2,0.999948704075919,1.99950461459175
ESR_1_to_2,B4 Cuk-adapted wavelet-KF,598,1,2,0.99994948128689,1.99951399689115
ESR_1_to_2,B4 Cuk-adapted wavelet-KF,599,1,2,0.999950246721937,1.99952320149548
ESR_1_to_2,TS-SLTVKE,0,1,1,1,1
ESR_1_to_2,TS-SLTVKE,1,1,1,1,1
ESR_1_to_2,TS-SLTVKE,2,1,1,1,1
ESR_1_to_2,TS-SLTVKE,3,1,1,1,1
ESR_1_to_2,TS-SLTVKE,4,1,1,1,1
ESR_1_to_2,TS-SLTVKE,5,1,1,1,1
ESR_1_to_2,TS-SLTVKE,6,1,1,1,1
ESR_1_to_2,TS-SLTVKE,7,1,1,1,1
ESR_1_to_2,TS-SLTVKE,8,1,1,1,1
ESR_1_to_2,TS-SLTVKE,9,1,1,1,1
ESR_1_to_2,TS-SLTVKE,10,1,1,1,1
ESR_1_to_2,TS-SLTVKE,11,1,1,1,1
ESR_1_to_2,TS-SLTVKE,12,1,1,1,1
ESR_1_to_2,TS-SLTVKE,13,1,1,1,1
ESR_1_to_2,TS-SLTVKE,14,1,1,1,1
ESR_1_to_2,TS-SLTVKE,15,1,1,1,1
ESR_1_to_2,TS-SLTVKE,16,1,1,1,1
ESR_1_to_2,TS-SLTVKE,17,1,1,1,1
ESR_1_to_2,TS-SLTVKE,18,1,1,1,1
ESR_1_to_2,TS-SLTVKE,19,1,1,1,1
ESR_1_to_2,TS-SLTVKE,20,1,1,1,1
ESR_1_to_2,TS-SLTVKE,21,1,1,1,1
ESR_1_to_2,TS-SLTVKE,22,1,1,1,1
ESR_1_to_2,TS-SLTVKE,23,1,1,1,1
ESR_1_to_2,TS-SLTVKE,24,1,1,1,1
ESR_1_to_2,TS-SLTVKE,25,1,1,1,1
ESR_1_to_2,TS-SLTVKE,26,1,1,1,1
ESR_1_to_2,TS-SLTVKE,27,1,1,1,1
ESR_1_to_2,TS-SLTVKE,28,1,1,1,1
ESR_1_to_2,TS-SLTVKE,29,1,1,1,1
ESR_1_to_2,TS-SLTVKE,30,1,1,1,1
ESR_1_to_2,TS-SLTVKE,31,1,1,1,1
ESR_1_to_2,TS-SLTVKE,32,1,1,1,1
ESR_1_to_2,TS-SLTVKE,33,1,1,1,1
ESR_1_to_2,TS-SLTVKE,34,1,1,1,1
ESR_1_to_2,TS-SLTVKE,35,1,1,1,1
ESR_1_to_2,TS-SLTVKE,36,1,1,1,1
ESR_1_to_2,TS-SLTVKE,37,1,1,1,1
ESR_1_to_2,TS-SLTVKE,38,1,1,1,1
ESR_1_to_2,TS-SLTVKE,39,1,1,1,1
ESR_1_to_2,TS-SLTVKE,40,1,1,1,1
ESR_1_to_2,TS-SLTVKE,41,1,1,1,1
ESR_1_to_2,TS-SLTVKE,42,1,1,1,1
ESR_1_to_2,TS-SLTVKE,43,1,1,1,1
ESR_1_to_2,TS-SLTVKE,44,1,1,1,1
ESR_1_to_2,TS-SLTVKE,45,1,1,1,1
ESR_1_to_2,TS-SLTVKE,46,1,1,1,1
ESR_1_to_2,TS-SLTVKE,47,1,1,1,1
ESR_1_to_2,TS-SLTVKE,48,1,1,1,1
ESR_1_to_2,TS-SLTVKE,49,1,1,1,1
ESR_1_to_2,TS-SLTVKE,50,1,1,1,1
ESR_1_to_2,TS-SLTVKE,51,1,1,1,1
ESR_1_to_2,TS-SLTVKE,52,1,1,1,1
ESR_1_to_2,TS-SLTVKE,53,1,1,1,1
ESR_1_to_2,TS-SLTVKE,54,1,1,1,1
ESR_1_to_2,TS-SLTVKE,55,1,1,1,1
ESR_1_to_2,TS-SLTVKE,56,1,1,1,1
ESR_1_to_2,TS-SLTVKE,57,1,1,1,1
ESR_1_to_2,TS-SLTVKE,58,1,1,1,1
ESR_1_to_2,TS-SLTVKE,59,1,1,1,1
ESR_1_to_2,TS-SLTVKE,60,1,1,1,1
ESR_1_to_2,TS-SLTVKE,61,1,1,1,1
ESR_1_to_2,TS-SLTVKE,62,1,1,1,1
ESR_1_to_2,TS-SLTVKE,63,1,1,1,1
ESR_1_to_2,TS-SLTVKE,64,1,1,1,1
ESR_1_to_2,TS-SLTVKE,65,1,1,1,1
ESR_1_to_2,TS-SLTVKE,66,1,1,1,1
ESR_1_to_2,TS-SLTVKE,67,1,1,1,1
ESR_1_to_2,TS-SLTVKE,68,1,1,1,1
ESR_1_to_2,TS-SLTVKE,69,1,1,1,1
ESR_1_to_2,TS-SLTVKE,70,1,1,1,1
ESR_1_to_2,TS-SLTVKE,71,1,1,1,1
ESR_1_to_2,TS-SLTVKE,72,1,1,1,1
ESR_1_to_2,TS-SLTVKE,73,1,1,1,1
ESR_1_to_2,TS-SLTVKE,74,1,1,1,1
ESR_1_to_2,TS-SLTVKE,75,1,1,1,1
ESR_1_to_2,TS-SLTVKE,76,1,1,1,1
ESR_1_to_2,TS-SLTVKE,77,1,1,1,1
ESR_1_to_2,TS-SLTVKE,78,1,1,1,1
ESR_1_to_2,TS-SLTVKE,79,1,1,1,1
ESR_1_to_2,TS-SLTVKE,80,1,1,1,1
ESR_1_to_2,TS-SLTVKE,81,1,1,1,1
ESR_1_to_2,TS-SLTVKE,82,1,1,1,1
ESR_1_to_2,TS-SLTVKE,83,1,1,1,1
ESR_1_to_2,TS-SLTVKE,84,1,1,1,1
ESR_1_to_2,TS-SLTVKE,85,1,1,1,1
ESR_1_to_2,TS-SLTVKE,86,1,1,1,1
ESR_1_to_2,TS-SLTVKE,87,1,1,1,1
ESR_1_to_2,TS-SLTVKE,88,1,1,1,1
ESR_1_to_2,TS-SLTVKE,89,1,1,1,1
ESR_1_to_2,TS-SLTVKE,90,1,1,1,1
ESR_1_to_2,TS-SLTVKE,91,1,1,1,1
ESR_1_to_2,TS-SLTVKE,92,1,1,1,1
ESR_1_to_2,TS-SLTVKE,93,1,1,1,1
ESR_1_to_2,TS-SLTVKE,94,1,1,1,1
ESR_1_to_2,TS-SLTVKE,95,1,1,1,1
ESR_1_to_2,TS-SLTVKE,96,1,1,1,1
ESR_1_to_2,TS-SLTVKE,97,1,1,1,1
ESR_1_to_2,TS-SLTVKE,98,1,1,1,1
ESR_1_to_2,TS-SLTVKE,99,1,1,1,1
ESR_1_to_2,TS-SLTVKE,100,1,1,1,1
ESR_1_to_2,TS-SLTVKE,101,1,1,1,1
ESR_1_to_2,TS-SLTVKE,102,1,1,1,1
ESR_1_to_2,TS-SLTVKE,103,1,1,1,1
ESR_1_to_2,TS-SLTVKE,104,1,1,1,1
ESR_1_to_2,TS-SLTVKE,105,1,1,1,1
ESR_1_to_2,TS-SLTVKE,106,1,1,1,1
ESR_1_to_2,TS-SLTVKE,107,1,1,1,1
ESR_1_to_2,TS-SLTVKE,108,1,1,1,1
ESR_1_to_2,TS-SLTVKE,109,1,1,1,1
ESR_1_to_2,TS-SLTVKE,110,1,1,1,1
ESR_1_to_2,TS-SLTVKE,111,1,1,1,1
ESR_1_to_2,TS-SLTVKE,112,1,1,1,1
ESR_1_to_2,TS-SLTVKE,113,1,1,1,1
ESR_1_to_2,TS-SLTVKE,114,1,1,1,1
ESR_1_to_2,TS-SLTVKE,115,1,1,1,1
ESR_1_to_2,TS-SLTVKE,116,1,1,1,1
ESR_1_to_2,TS-SLTVKE,117,1,1,1,1
ESR_1_to_2,TS-SLTVKE,118,1,1,1,1
ESR_1_to_2,TS-SLTVKE,119,1,1,1,1
ESR_1_to_2,TS-SLTVKE,120,1,1,1,1
ESR_1_to_2,TS-SLTVKE,121,1,1,1,1
ESR_1_to_2,TS-SLTVKE,122,1,1,1,1
ESR_1_to_2,TS-SLTVKE,123,1,1,1,1
ESR_1_to_2,TS-SLTVKE,124,1,1,1,1
ESR_1_to_2,TS-SLTVKE,125,1,1,1,1
ESR_1_to_2,TS-SLTVKE,126,1,1,1,1
ESR_1_to_2,TS-SLTVKE,127,1,1,1,1
ESR_1_to_2,TS-SLTVKE,128,1,1,1,1
ESR_1_to_2,TS-SLTVKE,129,1,1,1,1
ESR_1_to_2,TS-SLTVKE,130,1,1,1,1
ESR_1_to_2,TS-SLTVKE,131,1,1,1,1
ESR_1_to_2,TS-SLTVKE,132,1,1,1,1
ESR_1_to_2,TS-SLTVKE,133,1,1,1,1
ESR_1_to_2,TS-SLTVKE,134,1,1,1,1
ESR_1_to_2,TS-SLTVKE,135,1,1,1,1
ESR_1_to_2,TS-SLTVKE,136,1,1,1,1
ESR_1_to_2,TS-SLTVKE,137,1,1,1,1
ESR_1_to_2,TS-SLTVKE,138,1,1,1,1
ESR_1_to_2,TS-SLTVKE,139,1,1,1,1
ESR_1_to_2,TS-SLTVKE,140,1,1,1,1
ESR_1_to_2,TS-SLTVKE,141,1,1,1,1
ESR_1_to_2,TS-SLTVKE,142,1,1,1,1
ESR_1_to_2,TS-SLTVKE,143,1,1,1,1
ESR_1_to_2,TS-SLTVKE,144,1,1,1,1
ESR_1_to_2,TS-SLTVKE,145,1,1,1,1
ESR_1_to_2,TS-SLTVKE,146,1,1,1,1
ESR_1_to_2,TS-SLTVKE,147,1,1,1,1
ESR_1_to_2,TS-SLTVKE,148,1,1,1,1
ESR_1_to_2,TS-SLTVKE,149,1,1,1,1
ESR_1_to_2,TS-SLTVKE,150,1,1,1,1
ESR_1_to_2,TS-SLTVKE,151,1,1,1,1
ESR_1_to_2,TS-SLTVKE,152,1,1,1,1
ESR_1_to_2,TS-SLTVKE,153,1,1,1,1
ESR_1_to_2,TS-SLTVKE,154,1,1,1,1
ESR_1_to_2,TS-SLTVKE,155,1,1,1,1
ESR_1_to_2,TS-SLTVKE,156,1,1,1,1
ESR_1_to_2,TS-SLTVKE,157,1,1,1,1
ESR_1_to_2,TS-SLTVKE,158,1,1,1,1
ESR_1_to_2,TS-SLTVKE,159,1,1,1,1
ESR_1_to_2,TS-SLTVKE,160,1,1,1,1
ESR_1_to_2,TS-SLTVKE,161,1,1,1,1
ESR_1_to_2,TS-SLTVKE,162,1,1,1,1
ESR_1_to_2,TS-SLTVKE,163,1,1,1,1
ESR_1_to_2,TS-SLTVKE,164,1,1,1,1
ESR_1_to_2,TS-SLTVKE,165,1,1,1,1
ESR_1_to_2,TS-SLTVKE,166,1,1,1,1
ESR_1_to_2,TS-SLTVKE,167,1,1,1,1
ESR_1_to_2,TS-SLTVKE,168,1,1,1,1
ESR_1_to_2,TS-SLTVKE,169,1,1,1,1
ESR_1_to_2,TS-SLTVKE,170,1,1,1,1
ESR_1_to_2,TS-SLTVKE,171,1,1,1,1
ESR_1_to_2,TS-SLTVKE,172,1,1,1,1
ESR_1_to_2,TS-SLTVKE,173,1,1,1,1
ESR_1_to_2,TS-SLTVKE,174,1,1,1,1
ESR_1_to_2,TS-SLTVKE,175,1,1,1,1
ESR_1_to_2,TS-SLTVKE,176,1,1,1,1
ESR_1_to_2,TS-SLTVKE,177,1,1,1,1
ESR_1_to_2,TS-SLTVKE,178,1,1,1,1
ESR_1_to_2,TS-SLTVKE,179,1,1,1,1
ESR_1_to_2,TS-SLTVKE,180,1,1,1,1
ESR_1_to_2,TS-SLTVKE,181,1,1,1,1
ESR_1_to_2,TS-SLTVKE,182,1,1,1,1
ESR_1_to_2,TS-SLTVKE,183,1,1,1,1
ESR_1_to_2,TS-SLTVKE,184,1,1,1,1
ESR_1_to_2,TS-SLTVKE,185,1,1,1,1
ESR_1_to_2,TS-SLTVKE,186,1,1,1,1
ESR_1_to_2,TS-SLTVKE,187,1,1,1,1
ESR_1_to_2,TS-SLTVKE,188,1,1,1,1
ESR_1_to_2,TS-SLTVKE,189,1,1,1,1
ESR_1_to_2,TS-SLTVKE,190,1,1,1,1
ESR_1_to_2,TS-SLTVKE,191,1,1,1,1
ESR_1_to_2,TS-SLTVKE,192,1,1,1,1
ESR_1_to_2,TS-SLTVKE,193,1,1,1,1
ESR_1_to_2,TS-SLTVKE,194,1,1,1,1
ESR_1_to_2,TS-SLTVKE,195,1,1,1,1
ESR_1_to_2,TS-SLTVKE,196,1,1,1,1
ESR_1_to_2,TS-SLTVKE,197,1,1,1,1
ESR_1_to_2,TS-SLTVKE,198,1,1,1,1
ESR_1_to_2,TS-SLTVKE,199,1,1,1,1
ESR_1_to_2,TS-SLTVKE,200,1,2,0.9928,1.03289473684211
ESR_1_to_2,TS-SLTVKE,201,1,2,0.992989473684211,1.0647074099723
ESR_1_to_2,TS-SLTVKE,202,1,2,0.993173961218837,1.09547361359163
ESR_1_to_2,TS-SLTVKE,203,1,2,0.993353593818341,1.12522777103928
ESR_1_to_2,TS-SLTVKE,204,1,2,0.993528499244174,1.15400317330772
ESR_1_to_2,TS-SLTVKE,205,1,2,0.993698801895643,1.18183201629102
ESR_1_to_2,TS-SLTVKE,206,1,2,0.993864622898389,1.20874543680776
ESR_1_to_2,TS-SLTVKE,207,1,2,0.994026080190537,1.23477354743909
ESR_1_to_2,TS-SLTVKE,208,1,2,0.994183288606575,1.25994547022069
ESR_1_to_2,TS-SLTVKE,209,1,2,0.994336359959034,1.28428936922659
ESR_1_to_2,TS-SLTVKE,210,1,2,0.994485403118007,1.30783248208098
ESR_1_to_2,TS-SLTVKE,211,1,2,0.994630524088586,1.33060115043358
ESR_1_to_2,TS-SLTVKE,212,1,2,0.994771826086254,1.35262084943248
ESR_1_to_2,TS-SLTVKE,213,1,2,0.9949094096103,1.37391621622746
ESR_1_to_2,TS-SLTVKE,214,1,2,0.995043372515292,1.39451107753577
ESR_1_to_2,TS-SLTVKE,215,1,2,0.995173810080679,1.41442847630104
ESR_1_to_2,TS-SLTVKE,216,1,2,0.995300815078556,1.43369069747535
ESR_1_to_2,TS-SLTVKE,217,1,2,0.995424477839647,1.45231929295313
ESR_1_to_2,TS-SLTVKE,218,1,2,0.995544886317551,1.47033510568494
ESR_1_to_2,TS-SLTVKE,219,1,2,0.9956621261513,1.48775829299793
ESR_1_to_2,TS-SLTVKE,220,1,2,0.995776280726265,1.50460834914931
ESR_1_to_2,TS-SLTVKE,221,1,2,0.995887431233469,1.52090412713782
ESR_1_to_2,TS-SLTVKE,222,1,2,0.995995656727325,1.53666385979776
ESR_1_to_2,TS-SLTVKE,223,1,2,0.996101034181869,1.55190518019915
ESR_1_to_2,TS-SLTVKE,224,1,2,0.996203638545504,1.56664514137681
ESR_1_to_2,TS-SLTVKE,225,1,2,0.996303542794307,1.58090023541047
ESR_1_to_2,TS-SLTVKE,226,1,2,0.99640081798393,1.59468641187723
ESR_1_to_2,TS-SLTVKE,227,1,2,0.996495533300143,1.60801909569706
ESR_1_to_2,TS-SLTVKE,228,1,2,0.996587756108034,1.62091320439123
ESR_1_to_2,TS-SLTVKE,229,1,2,0.996677551999928,1.6333831647731
ESR_1_to_2,TS-SLTVKE,230,1,2,0.996764984842035,1.64544292908978
ESR_1_to_2,TS-SLTVKE,231,1,2,0.996850116819876,1.65710599063288
ESR_1_to_2,TS-SLTVKE,232,1,2,0.996933008482511,1.66838539883574
ESR_1_to_2,TS-SLTVKE,233,1,2,0.997013718785603,1.67929377387404
ESR_1_to_2,TS-SLTVKE,234,1,2,0.99709230513335,1.68984332078608
ESR_1_to_2,TS-SLTVKE,235,1,2,0.997168823419314,1.70004584312864
ESR_1_to_2,TS-SLTVKE,236,1,2,0.997243328066175,1.70991275618362
ESR_1_to_2,TS-SLTVKE,237,1,2,0.997315872064433,1.71945509973021
ESR_1_to_2,TS-SLTVKE,238,1,2,0.997386507010106,1.72868355039698
ESR_1_to_2,TS-SLTVKE,239,1,2,0.997455283141419,1.73760843360761
ESR_1_to_2,TS-SLTVKE,240,1,2,0.997522249374539,1.74623973513367
ESR_1_to_2,TS-SLTVKE,241,1,2,0.997587453338367,1.75458711226743
ESR_1_to_2,TS-SLTVKE,242,1,2,0.99765094140841,1.76265990462706
ESR_1_to_2,TS-SLTVKE,243,1,2,0.997712758739768,1.77046714460643
ESR_1_to_2,TS-SLTVKE,244,1,2,0.997772949299248,1.77801756748122
ESR_1_to_2,TS-SLTVKE,245,1,2,0.997831555896636,1.78531962118249
ESR_1_to_2,TS-SLTVKE,246,1,2,0.997888620215145,1.79238147574886
ESR_1_to_2,TS-SLTVKE,247,1,2,0.997944182841063,1.79921103246765
ESR_1_to_2,TS-SLTVKE,248,1,2,0.997998283292614,1.80581593271542
ESR_1_to_2,TS-SLTVKE,249,1,2,0.998050960048071,1.81220356650768
ESR_1_to_2,TS-SLTVKE,250,1,2,0.998102250573122,1.81838108076729
ESR_1_to_2,TS-SLTVKE,251,1,2,0.998152191347513,1.824355387321
ESR_1_to_2,TS-SLTVKE,252,1,2,0.998200817891,1.83013317063281
ESR_1_to_2,TS-SLTVKE,253,1,2,0.998248164788605,1.83572089528305
ESR_1_to_2,TS-SLTVKE,254,1,2,0.998294265715221,1.84112481320137
ESR_1_to_2,TS-SLTVKE,255,1,2,0.998339153459557,1.84635097066185
ESR_1_to_2,TS-SLTVKE,256,1,2,0.998382859947463,1.85140521504797
ESR_1_to_2,TS-SLTVKE,257,1,2,0.998425416264635,1.85629320139508
ESR_1_to_2,TS-SLTVKE,258,1,2,0.998466852678724,1.86102039871761
ESR_1_to_2,TS-SLTVKE,259,1,2,0.998507198660863,1.86559209612821
ESR_1_to_2,TS-SLTVKE,260,1,2,0.99854648290663,1.87001340875557
ESR_1_to_2,TS-SLTVKE,261,1,2,0.998584733356455,1.87428928346756
ESR_1_to_2,TS-SLTVKE,262,1,2,0.998621977215496,1.87842450440613
ESR_1_to_2,TS-SLTVKE,263,1,2,0.998658240972983,1.88242369834014
ESR_1_to_2,TS-SLTVKE,264,1,2,0.998693550421062,1.88629133984211
ESR_1_to_2,TS-SLTVKE,265,1,2,0.998727930673139,1.89003175629467
ESR_1_to_2,TS-SLTVKE,266,1,2,0.998761406181741,1.89364913273235
ESR_1_to_2,TS-SLTVKE,267,1,2,0.998794000755906,1.89714751652404
ESR_1_to_2,TS-SLTVKE,268,1,2,0.998825737578119,1.90053082190154
ESR_1_to_2,TS-SLTVKE,269,1,2,0.9988566392208,1.90380283433899
ESR_1_to_2,TS-SLTVKE,270,1,2,0.998886727662358,1.90696721478837
ESR_1_to_2,TS-SLTVKE,271,1,2,0.998916024302822,1.91002750377559
ESR_1_to_2,TS-SLTVKE,272,1,2,0.998944549979064,1.91298712536192
ESR_1_to_2,TS-SLTVKE,273,1,2,0.998972324979615,1.91584939097502
ESR_1_to_2,TS-SLTVKE,274,1,2,0.998999369059098,1.918617503114
ESR_1_to_2,TS-SLTVKE,275,1,2,0.99902570145228,1.92129455893261
ESR_1_to_2,TS-SLTVKE,276,1,2,0.999051340887746,1.92388355370457
ESR_1_to_2,TS-SLTVKE,277,1,2,0.999076305601227,1.92638738417481
ESR_1_to_2,TS-SLTVKE,278,1,2,0.999100613348563,1.92880885180064
ESR_1_to_2,TS-SLTVKE,279,1,2,0.999124281418337,1.93115066588615
ESR_1_to_2,TS-SLTVKE,280,1,2,0.999147326644171,1.93341544661358
ESR_1_to_2,TS-SLTVKE,281,1,2,0.999169765416692,1.93560572797497
ESR_1_to_2,TS-SLTVKE,282,1,2,0.9991916136952,1.93772396060737
ESR_1_to_2,TS-SLTVKE,283,1,2,0.999212887019011,1.93977251453476
ESR_1_to_2,TS-SLTVKE,284,1,2,0.999233600518511,1.9417536818198
ESR_1_to_2,TS-SLTVKE,285,1,2,0.999253768925918,1.94366967912836
ESR_1_to_2,TS-SLTVKE,286,1,2,0.999273406585763,1.94552265020967
ESR_1_to_2,TS-SLTVKE,287,1,2,0.999292527465085,1.94731466829487
ESR_1_to_2,TS-SLTVKE,288,1,2,0.999311145163372,1.94904773841675
ESR_1_to_2,TS-SLTVKE,289,1,2,0.999329272922231,1.95072379965304
ESR_1_to_2,TS-SLTVKE,290,1,2,0.999346923634803,1.95234472729604
ESR_1_to_2,TS-SLTVKE,291,1,2,0.99936410985494,1.95391233495077
ESR_1_to_2,TS-SLTVKE,292,1,2,0.999380843806126,1.95542837656423
ESR_1_to_2,TS-SLTVKE,293,1,2,0.999397137390175,1.95689454838778
ESR_1_to_2,TS-SLTVKE,294,1,2,0.999413002195697,1.95831249087502
ESR_1_to_2,TS-SLTVKE,295,1,2,0.999428449506336,1.95968379051729
ESR_1_to_2,TS-SLTVKE,296,1,2,0.999443490308801,1.9610099816187
ESR_1_to_2,TS-SLTVKE,297,1,2,0.999458135300675,1.96229254801282
ESR_1_to_2,TS-SLTVKE,298,1,2,0.999472394898026,1.96353292472292
ESR_1_to_2,TS-SLTVKE,299,1,2,0.999486279242814,1.96473249956756
ESR_1_to_2,TS-SLTVKE,300,1,2,0.999499798210109,1.96589261471337
ESR_1_to_2,TS-SLTVKE,301,1,2,0.999512961415106,1.96701456817674
ESR_1_to_2,TS-SLTVKE,302,1,2,0.999525778219972,1.96809961527619
ESR_1_to_2,TS-SLTVKE,303,1,2,0.999538257740499,1.96914897003684
ESR_1_to_2,TS-SLTVKE,304,1,2,0.999550408852591,1.97016380654879
ESR_1_to_2,TS-SLTVKE,305,1,2,0.999562240198575,1.97114526028074
ESR_1_to_2,TS-SLTVKE,306,1,2,0.99957376019335,1.97209442935045
ESR_1_to_2,TS-SLTVKE,307,1,2,0.999584977030367,1.9730123757534
ESR_1_to_2,TS-SLTVKE,308,1,2,0.999595898687462,1.97390012655098
ESR_1_to_2,TS-SLTVKE,309,1,2,0.999606532932529,1.9747586750197
ESR_1_to_2,TS-SLTVKE,310,1,2,0.999616887329042,1.97558898176247
ESR_1_to_2,TS-SLTVKE,311,1,2,0.999626969241435,1.97639197578344
ESR_1_to_2,TS-SLTVKE,312,1,2,0.999636785840345,1.97716855552741
ESR_1_to_2,TS-SLTVKE,313,1,2,0.999646344107704,1.97791958988506
ESR_1_to_2,TS-SLTVKE,314,1,2,0.999655650841712,1.97864591916516
ESR_1_to_2,TS-SLTVKE,315,1,2,0.999664712661667,1.97934835603472
ESR_1_to_2,TS-SLTVKE,316,1,2,0.999673536012676,1.98002768642832
ESR_1_to_2,TS-SLTVKE,317,1,2,0.999682127170237,1.98068467042739
ESR_1_to_2,TS-SLTVKE,318,1,2,0.999690492244704,1.9813200431107
ESR_1_to_2,TS-SLTVKE,319,1,2,0.999698637185633,1.98193451537679
ESR_1_to_2,TS-SLTVKE,320,1,2,0.999706567786011,1.9825287747394
ESR_1_to_2,TS-SLTVKE,321,1,2,0.999714289686379,1.98310348609666
ESR_1_to_2,TS-SLTVKE,322,1,2,0.999721808378843,1.98365929247505
ESR_1_to_2,TS-SLTVKE,323,1,2,0.999729129210979,1.9841968157489
ESR_1_to_2,TS-SLTVKE,324,1,2,0.999736257389637,1.98471665733611
ESR_1_to_2,TS-SLTVKE,325,1,2,0.999743197984647,1.98521939887111
ESR_1_to_2,TS-SLTVKE,326,1,2,0.999749955932419,1.98570560285561
ESR_1_to_2,TS-SLTVKE,327,1,2,0.999756536039461,1.98617581328799
ESR_1_to_2,TS-SLTVKE,328,1,2,0.999762942985791,1.98663055627194
ESR_1_to_2,TS-SLTVKE,329,1,2,0.99976918132827,1.9870703406051
ESR_1_to_2,TS-SLTVKE,330,1,2,0.999775255503842,1.98749565834835
ESR_1_to_2,TS-SLTVKE,331,1,2,0.999781169832688,1.98790698537637
ESR_1_to_2,TS-SLTVKE,332,1,2,0.999786928521301,1.98830478191004
ESR_1_to_2,TS-SLTVKE,333,1,2,0.999792535665478,1.98868949303142
ESR_1_to_2,TS-SLTVKE,334,1,2,0.999797995253228,1.9890615491817
ESR_1_to_2,TS-SLTVKE,335,1,2,0.999803311167617,1.98942136664283
ESR_1_to_2,TS-SLTVKE,336,1,2,0.999808487189522,1.98976934800326
ESR_1_to_2,TS-SLTVKE,337,1,2,0.999813527000324,1.99010588260842
ESR_1_to_2,TS-SLTVKE,338,1,2,0.999818434184526,1.9904313469963
ESR_1_to_2,TS-SLTVKE,339,1,2,0.999823212232302,1.99074610531879
ESR_1_to_2,TS-SLTVKE,340,1,2,0.999827864541978,1.99105050974909
ESR_1_to_2,TS-SLTVKE,341,1,2,0.999832394422452,1.99134490087577
ESR_1_to_2,TS-SLTVKE,342,1,2,0.999836805095545,1.9916296080838
ESR_1_to_2,TS-SLTVKE,343,1,2,0.999841099698294,1.99190494992315
ESR_1_to_2,TS-SLTVKE,344,1,2,0.999845281285181,1.99217123446515
ESR_1_to_2,TS-SLTVKE,345,1,2,0.999849352830308,1.99242875964722
ESR_1_to_2,TS-SLTVKE,346,1,2,0.99985331722951,1.99267781360619
ESR_1_to_2,TS-SLTVKE,347,1,2,0.999857177302418,1.99291867500072
ESR_1_to_2,TS-SLTVKE,348,1,2,0.99986093579446,1.99315161332307
ESR_1_to_2,TS-SLTVKE,349,1,2,0.999864595378816,1.9933768892006
ESR_1_to_2,TS-SLTVKE,350,1,2,0.999868158658321,1.99359475468742
ESR_1_to_2,TS-SLTVKE,351,1,2,0.999871628167312,1.99380545354639
ESR_1_to_2,TS-SLTVKE,352,1,2,0.999875006373436,1.99400922152184
ESR_1_to_2,TS-SLTVKE,353,1,2,0.999878295679398,1.99420628660335
ESR_1_to_2,TS-SLTVKE,354,1,2,0.999881498424677,1.99439686928088
ESR_1_to_2,TS-SLTVKE,355,1,2,0.999884616887185,1.99458118279137
ESR_1_to_2,TS-SLTVKE,356,1,2,0.999887653284891,1.99475943335745
ESR_1_to_2,TS-SLTVKE,357,1,2,0.999890609777394,1.99493182041806
ESR_1_to_2,TS-SLTVKE,358,1,2,0.999893488467462,1.99509853685167
ESR_1_to_2,TS-SLTVKE,359,1,2,0.999896291402529,1.99525976919208
ESR_1_to_2,TS-SLTVKE,360,1,2,0.999899020576147,1.99541569783708
ESR_1_to_2,TS-SLTVKE,361,1,2,0.999901677929406,1.99556649725033
ESR_1_to_2,TS-SLTVKE,362,1,2,0.999904265352317,1.99571233615657
ESR_1_to_2,TS-SLTVKE,363,1,2,0.99990678468515,1.99585337773037
ESR_1_to_2,TS-SLTVKE,364,1,2,0.999909237719752,1.99598977977871
ESR_1_to_2,TS-SLTVKE,365,1,2,0.999911626200811,1.99612169491757
ESR_1_to_2,TS-SLTVKE,366,1,2,0.999913951827105,1.99624927074265
ESR_1_to_2,TS-SLTVKE,367,1,2,0.999916216252708,1.99637264999453
ESR_1_to_2,TS-SLTVKE,368,1,2,0.999918421088163,1.9964919707184
ESR_1_to_2,TS-SLTVKE,369,1,2,0.999920567901632,1.99660736641845
ESR_1_to_2,TS-SLTVKE,370,1,2,0.99992265822001,1.99671896620732
ESR_1_to_2,TS-SLTVKE,371,1,2,0.99992469353001,1.9968268949505
ESR_1_to_2,TS-SLTVKE,372,1,2,0.99992667527922,1.99693127340607
ESR_1_to_2,TS-SLTVKE,373,1,2,0.999928604877136,1.99703221835982
ESR_1_to_2,TS-SLTVKE,374,1,2,0.999930483696158,1.99712984275588
ESR_1_to_2,TS-SLTVKE,375,1,2,0.999932313072575,1.99722425582312
ESR_1_to_2,TS-SLTVKE,376,1,2,0.999934094307507,1.99731556319736
ESR_1_to_2,TS-SLTVKE,377,1,2,0.999935828667836,1.99740386703955
ESR_1_to_2,TS-SLTVKE,378,1,2,0.999937517387104,1.99748926615009
ESR_1_to_2,TS-SLTVKE,379,1,2,0.99993916166639,1.99757185607937
ESR_1_to_2,TS-SLTVKE,380,1,2,0.99994076267517,1.99765172923465
ESR_1_to_2,TS-SLTVKE,381,1,2,0.999942321552139,1.99772897498351
ESR_1_to_2,TS-SLTVKE,382,1,2,0.99994383940603,1.99780367975379
ESR_1_to_2,TS-SLTVKE,383,1,2,0.999945317316398,1.99787592713031
ESR_1_to_2,TS-SLTVKE,384,1,2,0.999946756334387,1.99794579794839
ESR_1_to_2,TS-SLTVKE,385,1,2,0.999948157483482,1.9980133703843
ESR_1_to_2,TS-SLTVKE,386,1,2,0.999949521760233,1.99807872004271
ESR_1_to_2,TS-SLTVKE,387,1,2,0.999950850134963,1.99814192004131
ESR_1_to_2,TS-SLTVKE,388,1,2,0.999952143552464,1.99820304109258
ESR_1_to_2,TS-SLTVKE,389,1,2,0.999953402932663,1.99826215158295
ESR_1_to_2,TS-SLTVKE,390,1,2,0.999954629171277,1.99831931764931
ESR_1_to_2,TS-SLTVKE,391,1,2,0.999955823140454,1.99837460325295
ESR_1_to_2,TS-SLTVKE,392,1,2,0.999956985689389,1.9984280702512
ESR_1_to_2,TS-SLTVKE,393,1,2,0.999958117644932,1.99847977846663
ESR_1_to_2,TS-SLTVKE,394,1,2,0.99995921981217,1.99852978575391
ESR_1_to_2,TS-SLTVKE,395,1,2,0.999960292975008,1.99857814806463
ESR_1_to_2,TS-SLTVKE,396,1,2,0.999961337896718,1.99862491950988
ESR_1_to_2,TS-SLTVKE,397,1,2,0.999962355320489,1.99867015242074
ESR_1_to_2,TS-SLTVKE,398,1,2,0.99996334596995,1.9987138974069
ESR_1_to_2,TS-SLTVKE,399,1,2,0.999964310549688,1.99875620341325
ESR_1_to_2,TS-SLTVKE,400,1,2,0.999965249745749,1.99879711777465
ESR_1_to_2,TS-SLTVKE,401,1,2,0.999966164226124,1.99883668626891
ESR_1_to_2,TS-SLTVKE,402,1,2,0.999967054641226,1.99887495316796
ESR_1_to_2,TS-SLTVKE,403,1,2,0.999967921624351,1.99891196128743
ESR_1_to_2,TS-SLTVKE,404,1,2,0.999968765792131,1.99894775203456
ESR_1_to_2,TS-SLTVKE,405,1,2,0.99996958774497,1.99898236545447
ESR_1_to_2,TS-SLTVKE,406,1,2,0.999970388067471,1.99901584027505
ESR_1_to_2,TS-SLTVKE,407,1,2,0.999971167328853,1.99904821395021
ESR_1_to_2,TS-SLTVKE,408,1,2,0.999971926083357,1.99907952270185
ESR_1_to_2,TS-SLTVKE,409,1,2,0.999972664870637,1.99910980156034
ESR_1_to_2,TS-SLTVKE,410,1,2,0.999973384216147,1.99913908440375
ESR_1_to_2,TS-SLTVKE,411,1,2,0.999974084631511,1.99916740399573
ESR_1_to_2,TS-SLTVKE,412,1,2,0.999974766614893,1.99919479202219
ESR_1_to_2,TS-SLTVKE,413,1,2,0.999975430651343,1.99922127912672
ESR_1_to_2,TS-SLTVKE,414,1,2,0.99997607721315,1.99924689494492
ESR_1_to_2,TS-SLTVKE,415,1,2,0.999976706760172,1.99927166813752
ESR_1_to_2,TS-SLTVKE,416,1,2,0.999977319740167,1.99929562642247
ESR_1_to_2,TS-SLTVKE,417,1,2,0.99997791658911,1.99931879660595
ESR_1_to_2,TS-SLTVKE,418,1,2,0.999978497731502,1.99934120461233
ESR_1_to_2,TS-SLTVKE,419,1,2,0.999979063580673,1.99936287551324
ESR_1_to_2,TS-SLTVKE,420,1,2,0.999979614539077,1.99938383355557
ESR_1_to_2,TS-SLTVKE,421,1,2,0.999980150998575,1.99940410218861
ESR_1_to_2,TS-SLTVKE,422,1,2,0.999980673340717,1.9994237040903
ESR_1_to_2,TS-SLTVKE,423,1,2,0.999981181937014,1.99944266119259
ESR_1_to_2,TS-SLTVKE,424,1,2,0.999981677149198,1.99946099470599
ESR_1_to_2,TS-SLTVKE,425,1,2,0.999982159329482,1.9994787251433
ESR_1_to_2,TS-SLTVKE,426,1,2,0.999982628820812,1.99949587234253
ESR_1_to_2,TS-SLTVKE,427,1,2,0.999983085957106,1.99951245548916
ESR_1_to_2,TS-SLTVKE,428,1,2,0.999983531063498,1.99952849313754
ESR_1_to_2,TS-SLTVKE,429,1,2,0.999983964456564,1.9995440032317
ESR_1_to_2,TS-SLTVKE,430,1,2,0.999984386444549,1.99955900312539
ESR_1_to_2,TS-SLTVKE,431,1,2,0.999984797327587,1.99957350960153
ESR_1_to_2,TS-SLTVKE,432,1,2,0.999985197397914,1.99958753889095
ESR_1_to_2,TS-SLTVKE,433,1,2,0.999985586940074,1.99960110669059
ESR_1_to_2,TS-SLTVKE,434,1,2,0.999985966231125,1.99961422818104
ESR_1_to_2,TS-SLTVKE,435,1,2,0.999986335540832,1.9996269180435
ESR_1_to_2,TS-SLTVKE,436,1,2,0.999986695131863,1.99963919047628
ESR_1_to_2,TS-SLTVKE,437,1,2,0.999987045259972,1.99965105921061
ESR_1_to_2,TS-SLTVKE,438,1,2,0.999987386174183,1.99966253752605
ESR_1_to_2,TS-SLTVKE,439,1,2,0.999987718116968,1.99967363826533
ESR_1_to_2,TS-SLTVKE,440,1,2,0.999988041324416,1.99968437384871
ESR_1_to_2,TS-SLTVKE,441,1,2,0.999988356026405,1.99969475628789
ESR_1_to_2,TS-SLTVKE,442,1,2,0.999988662446763,1.99970479719948
ESR_1_to_2,TS-SLTVKE,443,1,2,0.999988960803427,1.99971450781791
ESR_1_to_2,TS-SLTVKE,444,1,2,0.9999892513086,1.99972389900811
ESR_1_to_2,TS-SLTVKE,445,1,2,0.9999895341689,1.99973298127758
ESR_1_to_2,TS-SLTVKE,446,1,2,0.999989809585508,1.99974176478819
ESR_1_to_2,TS-SLTVKE,447,1,2,0.99999007775431,1.99975025936753
ESR_1_to_2,TS-SLTVKE,448,1,2,0.999990338866039,1.99975847451991
ESR_1_to_2,TS-SLTVKE,449,1,2,0.999990593106406,1.99976641943702
ESR_1_to_2,TS-SLTVKE,450,1,2,0.999990840656238,1.99977410300817
ESR_1_to_2,TS-SLTVKE,451,1,2,0.9999910816916,1.99978153383027
ESR_1_to_2,TS-SLTVKE,452,1,2,0.999991316383926,1.99978872021743
ESR_1_to_2,TS-SLTVKE,453,1,2,0.999991544900139,1.99979567021028
ESR_1_to_2,TS-SLTVKE,454,1,2,0.999991767402767,1.99980239158494
ESR_1_to_2,TS-SLTVKE,455,1,2,0.999991984050062,1.99980889186175
ESR_1_to_2,TS-SLTVKE,456,1,2,0.999992194996113,1.99981517831367
ESR_1_to_2,TS-SLTVKE,457,1,2,0.999992400390952,1.9998212579744
ESR_1_to_2,TS-SLTVKE,458,1,2,0.999992600380664,1.9998271376463
ESR_1_to_2,TS-SLTVKE,459,1,2,0.999992795107489,1.99983282390793
ESR_1_to_2,TS-SLTVKE,460,1,2,0.999992984709923,1.99983832312149
ESR_1_to_2,TS-SLTVKE,461,1,2,0.99999316932282,1.99984364143986
ESR_1_to_2,TS-SLTVKE,462,1,2,0.999993349077483,1.99984878481355
ESR_1_to_2,TS-SLTVKE,463,1,2,0.999993524101759,1.99985375899731
ESR_1_to_2,TS-SLTVKE,464,1,2,0.999993694520134,1.99985856955661
ESR_1_to_2,TS-SLTVKE,465,1,2,0.999993860453815,1.99986322187383
ESR_1_to_2,TS-SLTVKE,466,1,2,0.99999402202082,1.99986772115429
ESR_1_to_2,TS-SLTVKE,467,1,2,0.999994179336061,1.99987207243211
ESR_1_to_2,TS-SLTVKE,468,1,2,0.999994332511428,1.99987628057579
ESR_1_to_2,TS-SLTVKE,469,1,2,0.999994481655864,1.9998803502937
ESR_1_to_2,TS-SLTVKE,470,1,2,0.999994626875447,1.9998842861393
ESR_1_to_2,TS-SLTVKE,471,1,2,0.999994768273461,1.99988809251629
ESR_1_to_2,TS-SLTVKE,472,1,2,0.999994905950475,1.99989177368352
ESR_1_to_2,TS-SLTVKE,473,1,2,0.99999504000441,1.99989533375972
ESR_1_to_2,TS-SLTVKE,474,1,2,0.99999517053061,1.99989877672815
ESR_1_to_2,TS-SLTVKE,475,1,2,0.99999529762191,1.99990210644104
ESR_1_to_2,TS-SLTVKE,476,1,2,0.999995421368701,1.9999053266239
ESR_1_to_2,TS-SLTVKE,477,1,2,0.999995541858999,1.99990844087969
ESR_1_to_2,TS-SLTVKE,478,1,2,0.999995659178499,1.99991145269286
ESR_1_to_2,TS-SLTVKE,479,1,2,0.999995773410643,1.99991436543323
ESR_1_to_2,TS-SLTVKE,480,1,2,0.999995884636679,1.99991718235977
ESR_1_to_2,TS-SLTVKE,481,1,2,0.999995992935714,1.99991990662425
ESR_1_to_2,TS-SLTVKE,482,1,2,0.999996098384774,1.99992254127477
ESR_1_to_2,TS-SLTVKE,483,1,2,0.999996201058859,1.99992508925915
ESR_1_to_2,TS-SLTVKE,484,1,2,0.999996301030994,1.99992755342826
ESR_1_to_2,TS-SLTVKE,485,1,2,0.999996398372284,1.99992993653917
ESR_1_to_2,TS-SLTVKE,486,1,2,0.999996493151961,1.99993224125828
ESR_1_to_2,TS-SLTVKE,487,1,2,0.999996585437435,1.99993447016425
ESR_1_to_2,TS-SLTVKE,488,1,2,0.999996675294345,1.99993662575096
ESR_1_to_2,TS-SLTVKE,489,1,2,0.999996762786599,1.9999387104302
ESR_1_to_2,TS-SLTVKE,490,1,2,0.999996847976425,1.99994072653447
ESR_1_to_2,TS-SLTVKE,491,1,2,0.999996930924414,1.99994267631952
ESR_1_to_2,TS-SLTVKE,492,1,2,0.999997011689561,1.9999445619669
ESR_1_to_2,TS-SLTVKE,493,1,2,0.99999709032931,1.99994638558641
ESR_1_to_2,TS-SLTVKE,494,1,2,0.999997166899591,1.99994814921844
ESR_1_to_2,TS-SLTVKE,495,1,2,0.999997241454865,1.99994985483625
ESR_1_to_2,TS-SLTVKE,496,1,2,0.999997314048158,1.99995150434822
ESR_1_to_2,TS-SLTVKE,497,1,2,0.999997384731101,1.99995309959992
ESR_1_to_2,TS-SLTVKE,498,1,2,0.999997453553967,1.99995464237624
ESR_1_to_2,TS-SLTVKE,499,1,2,0.999997520565704,1.99995613440334
ESR_1_to_2,TS-SLTVKE,500,1,2,0.999997585813975,1.9999575773506
ESR_1_to_2,TS-SLTVKE,501,1,2,0.999997649345187,1.99995897283249
ESR_1_to_2,TS-SLTVKE,502,1,2,0.999997711204524,1.99996032241036
ESR_1_to_2,TS-SLTVKE,503,1,2,0.999997771435984,1.99996162759423
ESR_1_to_2,TS-SLTVKE,504,1,2,0.999997830082405,1.99996288984442
ESR_1_to_2,TS-SLTVKE,505,1,2,0.9999978871855,1.99996411057323
ESR_1_to_2,TS-SLTVKE,506,1,2,0.999997942785881,1.99996529114647
ESR_1_to_2,TS-SLTVKE,507,1,2,0.999997996923095,1.99996643288508
ESR_1_to_2,TS-SLTVKE,508,1,2,0.999998049635645,1.99996753706649
ESR_1_to_2,TS-SLTVKE,509,1,2,0.999998100961023,1.99996860492614
ESR_1_to_2,TS-SLTVKE,510,1,2,0.999998150935733,1.99996963765884
ESR_1_to_2,TS-SLTVKE,511,1,2,0.999998199595319,1.99997063642006
ESR_1_to_2,TS-SLTVKE,512,1,2,0.999998246974389,1.99997160232729
ESR_1_to_2,TS-SLTVKE,513,1,2,0.999998293106642,1.99997253646127
ESR_1_to_2,TS-SLTVKE,514,1,2,0.999998338024888,1.99997343986714
ESR_1_to_2,TS-SLTVKE,515,1,2,0.999998381761076,1.99997431355573
ESR_1_to_2,TS-SLTVKE,516,1,2,0.99999842434631,1.99997515850455
ESR_1_to_2,TS-SLTVKE,517,1,2,0.999998465810881,1.99997597565901
ESR_1_to_2,TS-SLTVKE,518,1,2,0.999998506184279,1.99997676593338
ESR_1_to_2,TS-SLTVKE,519,1,2,0.999998545495219,1.99997753021189
ESR_1_to_2,TS-SLTVKE,520,1,2,0.999998583771661,1.99997826934965
ESR_1_to_2,TS-SLTVKE,521,1,2,0.999998621040828,1.99997898417368
ESR_1_to_2,TS-SLTVKE,522,1,2,0.999998657329227,1.99997967548376
ESR_1_to_2,TS-SLTVKE,523,1,2,0.999998692662668,1.99998034405337
ESR_1_to_2,TS-SLTVKE,524,1,2,0.999998727066282,1.99998099063056
ESR_1_to_2,TS-SLTVKE,525,1,2,0.999998760564538,1.99998161593877
ESR_1_to_2,TS-SLTVKE,526,1,2,0.999998793181261,1.99998222067762
ESR_1_to_2,TS-SLTVKE,527,1,2,0.999998824939649,1.99998280552375
ESR_1_to_2,TS-SLTVKE,528,1,2,0.999998855862289,1.99998337113152
ESR_1_to_2,TS-SLTVKE,529,1,2,0.999998885971176,1.99998391813378
ESR_1_to_2,TS-SLTVKE,530,1,2,0.999998915287724,1.99998444714253
ESR_1_to_2,TS-SLTVKE,531,1,2,0.999998943832784,1.99998495874969
ESR_1_to_2,TS-SLTVKE,532,1,2,0.999998971626658,1.99998545352766
ESR_1_to_2,TS-SLTVKE,533,1,2,0.999998998689115,1.99998593203004
ESR_1_to_2,TS-SLTVKE,534,1,2,0.999999025039401,1.99998639479221
ESR_1_to_2,TS-SLTVKE,535,1,2,0.999999050696259,1.99998684233194
ESR_1_to_2,TS-SLTVKE,536,1,2,0.999999075677937,1.99998727514997
ESR_1_to_2,TS-SLTVKE,537,1,2,0.999999100002201,1.99998769373056
ESR_1_to_2,TS-SLTVKE,538,1,2,0.999999123686354,1.99998809854205
ESR_1_to_2,TS-SLTVKE,539,1,2,0.999999146747239,1.99998849003738
ESR_1_to_2,TS-SLTVKE,540,1,2,0.999999169201259,1.99998886865457
ESR_1_to_2,TS-SLTVKE,541,1,2,0.999999191064384,1.99998923481725
ESR_1_to_2,TS-SLTVKE,542,1,2,0.999999212352163,1.9999895889351
ESR_1_to_2,TS-SLTVKE,543,1,2,0.999999233079738,1.99998993140434
ESR_1_to_2,TS-SLTVKE,544,1,2,0.99999925326185,1.99999026260815
ESR_1_to_2,TS-SLTVKE,545,1,2,0.999999272912854,1.99999058291709
ESR_1_to_2,TS-SLTVKE,546,1,2,0.999999292046727,1.99999089268956
ESR_1_to_2,TS-SLTVKE,547,1,2,0.999999310677076,1.99999119227214
ESR_1_to_2,TS-SLTVKE,548,1,2,0.999999328817153,1.99999148200003
ESR_1_to_2,TS-SLTVKE,549,1,2,0.999999346479859,1.99999176219739
ESR_1_to_2,TS-SLTVKE,550,1,2,0.999999363677758,1.99999203317774
ESR_1_to_2,TS-SLTVKE,551,1,2,0.99999938042308,1.99999229524426
ESR_1_to_2,TS-SLTVKE,552,1,2,0.999999396727736,1.99999254869018
ESR_1_to_2,TS-SLTVKE,553,1,2,0.999999412603322,1.99999279379905
ESR_1_to_2,TS-SLTVKE,554,1,2,0.999999428061129,1.99999303084514
ESR_1_to_2,TS-SLTVKE,555,1,2,0.999999443112152,1.99999326009365
ESR_1_to_2,TS-SLTVKE,556,1,2,0.999999457767095,1.9999934818011
ESR_1_to_2,TS-SLTVKE,557,1,2,0.999999472036382,1.99999369621553
ESR_1_to_2,TS-SLTVKE,558,1,2,0.999999485930162,1.99999390357687
ESR_1_to_2,TS-SLTVKE,559,1,2,0.999999499458315,1.9999941041171
ESR_1_to_2,TS-SLTVKE,560,1,2,0.999999512630465,1.99999429806062
ESR_1_to_2,TS-SLTVKE,561,1,2,0.999999525455979,1.99999448562441
ESR_1_to_2,TS-SLTVKE,562,1,2,0.999999537943979,1.99999466701835
ESR_1_to_2,TS-SLTVKE,563,1,2,0.999999550103348,1.99999484244537
ESR_1_to_2,TS-SLTVKE,564,1,2,0.999999561942734,1.99999501210178
ESR_1_to_2,TS-SLTVKE,565,1,2,0.999999573470557,1.99999517617738
ESR_1_to_2,TS-SLTVKE,566,1,2,0.999999584695016,1.99999533485575
ESR_1_to_2,TS-SLTVKE,567,1,2,0.999999595624094,1.99999548831444
ESR_1_to_2,TS-SLTVKE,568,1,2,0.999999606265565,1.99999563672515
ESR_1_to_2,TS-SLTVKE,569,1,2,0.999999616626998,1.99999578025393
ESR_1_to_2,TS-SLTVKE,570,1,2,0.999999626715761,1.99999591906137
ESR_1_to_2,TS-SLTVKE,571,1,2,0.999999636539031,1.99999605330277
ESR_1_to_2,TS-SLTVKE,572,1,2,0.999999646103793,1.99999618312834
ESR_1_to_2,TS-SLTVKE,573,1,2,0.999999655416851,1.99999630868333
ESR_1_to_2,TS-SLTVKE,574,1,2,0.999999664484829,1.99999643010822
ESR_1_to_2,TS-SLTVKE,575,1,2,0.999999673314175,1.99999654753887
ESR_1_to_2,TS-SLTVKE,576,1,2,0.999999681911171,1.99999666110667
ESR_1_to_2,TS-SLTVKE,577,1,2,0.999999690281929,1.99999677093868
ESR_1_to_2,TS-SLTVKE,578,1,2,0.999999698432405,1.99999687715781
ESR_1_to_2,TS-SLTVKE,579,1,2,0.999999706368394,1.99999697988288
ESR_1_to_2,TS-SLTVKE,580,1,2,0.999999714095541,1.99999707922884
ESR_1_to_2,TS-SLTVKE,581,1,2,0.999999721619343,1.99999717530684
ESR_1_to_2,TS-SLTVKE,582,1,2,0.99999972894515,1.99999726822437
ESR_1_to_2,TS-SLTVKE,583,1,2,0.999999736078172,1.99999735808541
ESR_1_to_2,TS-SLTVKE,584,1,2,0.999999743023483,1.9999974449905
ESR_1_to_2,TS-SLTVKE,585,1,2,0.999999749786023,1.99999752903687
ESR_1_to_2,TS-SLTVKE,586,1,2,0.999999756370602,1.99999761031855
ESR_1_to_2,TS-SLTVKE,587,1,2,0.999999762781902,1.99999768892649
ESR_1_to_2,TS-SLTVKE,588,1,2,0.999999769024483,1.99999776494864
ESR_1_to_2,TS-SLTVKE,589,1,2,0.999999775102786,1.99999783847007
ESR_1_to_2,TS-SLTVKE,590,1,2,0.999999781021134,1.99999790957303
ESR_1_to_2,TS-SLTVKE,591,1,2,0.999999786783736,1.99999797833707
ESR_1_to_2,TS-SLTVKE,592,1,2,0.99999979239469,1.99999804483914
ESR_1_to_2,TS-SLTVKE,593,1,2,0.999999797857988,1.99999810915365
ESR_1_to_2,TS-SLTVKE,594,1,2,0.999999803177514,1.99999817135254
ESR_1_to_2,TS-SLTVKE,595,1,2,0.999999808357053,1.99999823150542
ESR_1_to_2,TS-SLTVKE,596,1,2,0.999999813400289,1.99999828967958
ESR_1_to_2,TS-SLTVKE,597,1,2,0.999999818310808,1.99999834594012
ESR_1_to_2,TS-SLTVKE,598,1,2,0.999999823092102,1.99999840034998
ESR_1_to_2,TS-SLTVKE,599,1,2,0.999999827747573,1.99999845297005
