test_id,fs_adc_Hz,adc_interval_s,adc_bits,sample_phase,window_requested_us,window_actual_us,points_available_pre,points_available_post,sampling_geometry_feasible,afe_order,afe_fc_v_Hz,afe_fc_i1_Hz,afe_fc_i2_Hz,attenuation_v_at_fsw_dB,group_delay_v_at_fsw_s,group_delay_v_edge_band_s,attenuation_i_at_fsw_dB,group_delay_i_at_fsw_s,group_delay_i_edge_band_s,alias_ratio_dB,C_MAPE_percent,ESR_MAPE_percent,NIS_V_mean,NIS_C_mean,NIS_R_mean,edge_predicted_variance_V2,voltage_saturation_fraction,current_saturation_fraction,accuracy_geometry_pass,robust_alias_pass,perturbation
1,400000,2.5e-06,14,0.13,2,0,0,0,0,1,250000,250000,250000,-0.170333392987803,6.12134396241429e-07,3.18309886714201e-07,-0.170333392987803,6.12134396241429e-07,3.18309886714201e-07,-22.5752133841302,7.10946808091601,20,379.028215077023,0.470478465323476,NaN,NaN,0,0,0,0,nominal_fsw
2,400000,2.5e-06,14,0.67,2,0,0,0,0,1,250000,250000,250000,-0.170333392987803,6.12134396241429e-07,3.18309886714201e-07,-0.170333392987803,6.12134396241429e-07,3.18309886714201e-07,-22.5752133841302,6.72504300821661,20,380.091373523311,0.363454190546962,NaN,NaN,0,0,0,0,nominal_fsw
3,400000,2.5e-06,14,0.13,2,0,0,0,0,2,250000,250000,250000,-0.00694315866354403,9.34833235980618e-07,9.00316314657189e-07,-0.00694315866354403,9.34833235980618e-07,9.00316314657189e-07,-23.5993583844715,4.02531676947653,20,333.40077281451,0.466715462219082,NaN,NaN,0,0,0,0,nominal_fsw
4,400000,2.5e-06,14,0.67,2,0,0,0,0,2,250000,250000,250000,-0.00694315866354403,9.34833235980618e-07,9.00316314657189e-07,-0.00694315866354403,9.34833235980618e-07,9.00316314657189e-07,-23.5993583844715,5.18194086318258,20,336.753714980299,0.480727923567021,NaN,NaN,0,0,0,0,nominal_fsw
5,400000,2.5e-06,14,0.13,2,0,0,0,0,1,250000,500000,500000,-0.170333392987803,6.12134396241429e-07,3.18309886714201e-07,-0.0432137378264256,3.1515830311229e-07,2.54647908913008e-07,-22.5752133841302,7.74772182501465,20,414.333100387078,0.41722553721643,NaN,NaN,0,0,0,0,nominal_fsw
6,400000,2.5e-06,14,0.67,2,0,0,0,0,1,250000,500000,500000,-0.170333392987803,6.12134396241429e-07,3.18309886714201e-07,-0.0432137378264256,3.1515830311229e-07,2.54647908913008e-07,-22.5752133841302,7.14690782792191,20,412.980720046838,0.51309532561766,NaN,NaN,0,0,0,0,nominal_fsw
7,400000,2.5e-06,14,0.13,2,0,0,0,0,2,250000,500000,500000,-0.00694315866354403,9.34833235980618e-07,9.00316314657189e-07,-0.000434272768624432,4.5461427828784e-07,5.29597832694518e-07,-23.5993583844715,5.83660010491213,20,391.873930955203,0.525413292812507,NaN,NaN,0,0,0,0,nominal_fsw
8,400000,2.5e-06,14,0.67,2,0,0,0,0,2,250000,500000,500000,-0.00694315866354403,9.34833235980618e-07,9.00316314657189e-07,-0.000434272768624432,4.5461427828784e-07,5.29597832694518e-07,-23.5993583844715,5.65329333383518,20,390.060554647757,0.487375865274174,NaN,NaN,0,0,0,0,nominal_fsw
9,400000,2.5e-06,14,0.13,2,0,0,0,0,1,250000,1000000,1000000,-0.170333392987803,6.12134396241429e-07,3.18309886714201e-07,-0.0108438129222004,1.58758047966712e-07,1.49792887593424e-07,-22.5752133841302,8.04340931452576,20,435.205848773605,0.371836805170124,NaN,NaN,0,0,0,0,nominal_fsw
10,400000,2.5e-06,14,0.67,2,0,0,0,0,1,250000,1000000,1000000,-0.170333392987803,6.12134396241429e-07,3.18309886714201e-07,-0.0108438129222004,1.58758047966712e-07,1.49792887593424e-07,-22.5752133841302,7.17355469935357,20,428.964995870458,0.386356984431669,NaN,NaN,0,0,0,0,nominal_fsw
11,400000,2.5e-06,14,0.13,2,0,0,0,0,2,250000,1000000,1000000,-0.00694315866354403,9.34833235980618e-07,9.00316314657189e-07,-2.71433202967853e-05,2.25640366491931e-07,2.38215990294049e-07,-23.5993583844715,6.27598696006202,20,416.317206276718,0.532485893662967,NaN,NaN,0,0,0,0,nominal_fsw
12,400000,2.5e-06,14,0.67,2,0,0,0,0,2,250000,1000000,1000000,-0.00694315866354403,9.34833235980618e-07,9.00316314657189e-07,-2.71433202967853e-05,2.25640366491931e-07,2.38215990294049e-07,-23.5993583844715,7.49522372318141,20,412.691055887415,0.533726708309559,NaN,NaN,0,0,0,0,nominal_fsw
13,400000,2.5e-06,14,0.13,2,0,0,0,0,1,250000,2000000,2000000,-0.170333392987803,6.12134396241429e-07,3.18309886714201e-07,-0.00271349263374914,7.95277666910522e-08,7.83532027490969e-08,-22.5752133841302,7.67382923781768,20,442.441993091908,0.494286968392748,NaN,NaN,0,0,0,0,nominal_fsw
14,400000,2.5e-06,14,0.67,2,0,0,0,0,1,250000,2000000,2000000,-0.170333392987803,6.12134396241429e-07,3.18309886714201e-07,-0.00271349263374914,7.95277666910522e-08,7.83532027490969e-08,-22.5752133841302,8.52518553804753,20,444.87645134087,0.42796475937998,NaN,NaN,0,0,0,0,nominal_fsw
15,400000,2.5e-06,14,0.13,2,0,0,0,0,2,250000,2000000,2000000,-0.00694315866354403,9.34833235980618e-07,9.00316314657189e-07,-1.69646248855021e-06,1.12609832744504e-07,1.14270071863055e-07,-23.5993583844715,7.11572655749939,20,429.650373917905,0.606787063804635,NaN,NaN,0,0,0,0,nominal_fsw
16,400000,2.5e-06,14,0.67,2,0,0,0,0,2,250000,2000000,2000000,-0.00694315866354403,9.34833235980618e-07,9.00316314657189e-07,-1.69646248855021e-06,1.12609832744504e-07,1.14270071863055e-07,-23.5993583844715,7.90731219454579,20,434.537327609321,0.558496643127193,NaN,NaN,0,0,0,0,nominal_fsw
17,400000,2.5e-06,14,0.13,2,0,0,0,0,1,500000,250000,250000,-0.0432137378264256,3.1515830311229e-07,2.54647908913008e-07,-0.170333392987803,6.12134396241429e-07,3.18309886714201e-07,-19.9423275201068,3.88890712457863,20,306.688164403369,0.528477625969164,NaN,NaN,0,0,0,0,nominal_fsw
18,400000,2.5e-06,14,0.67,2,0,0,0,0,1,500000,250000,250000,-0.0432137378264256,3.1515830311229e-07,2.54647908913008e-07,-0.170333392987803,6.12134396241429e-07,3.18309886714201e-07,-19.9423275201068,3.53338859568963,20,311.491734007253,0.439434455145776,NaN,NaN,0,0,0,0,nominal_fsw
19,400000,2.5e-06,14,0.13,2,0,0,0,0,2,500000,250000,250000,-0.000434272768624432,4.5461427828784e-07,5.29597832694518e-07,-0.00694315866354403,9.34833235980618e-07,9.00316314657189e-07,-19.7017837587227,7.52955764018293,20,259.945895343601,0.444655949466262,NaN,NaN,0,0,0,0,nominal_fsw
20,400000,2.5e-06,14,0.67,2,0,0,0,0,2,500000,250000,250000,-0.000434272768624432,4.5461427828784e-07,5.29597832694518e-07,-0.00694315866354403,9.34833235980618e-07,9.00316314657189e-07,-19.7017837587227,8.51396434653475,20,257.360065499663,0.554052444794982,NaN,NaN,0,0,0,0,nominal_fsw
21,400000,2.5e-06,14,0.13,2,0,0,0,0,1,500000,500000,500000,-0.0432137378264256,3.1515830311229e-07,2.54647908913008e-07,-0.0432137378264256,3.1515830311229e-07,2.54647908913008e-07,-19.9423275201068,2.38228741452073,20,340.289482877318,0.457634760186191,NaN,NaN,0,0,0,0,nominal_fsw
22,400000,2.5e-06,14,0.67,2,0,0,0,0,1,500000,500000,500000,-0.0432137378264256,3.1515830311229e-07,2.54647908913008e-07,-0.0432137378264256,3.1515830311229e-07,2.54647908913008e-07,-19.9423275201068,2.47363989156855,20,339.531768402372,0.511991914398452,NaN,NaN,0,0,0,0,nominal_fsw
23,400000,2.5e-06,14,0.13,2,0,0,0,0,2,500000,500000,500000,-0.000434272768624432,4.5461427828784e-07,5.29597832694518e-07,-0.000434272768624432,4.5461427828784e-07,5.29597832694518e-07,-19.7017837587227,7.16736460201604,20,296.944187252141,0.480933410143719,NaN,NaN,0,0,0,0,nominal_fsw
24,400000,2.5e-06,14,0.67,2,0,0,0,0,2,500000,500000,500000,-0.000434272768624432,4.5461427828784e-07,5.29597832694518e-07,-0.000434272768624432,4.5461427828784e-07,5.29597832694518e-07,-19.7017837587227,6.52079888920036,20,300.606427321893,0.484135396805367,NaN,NaN,0,0,0,0,nominal_fsw
25,400000,2.5e-06,14,0.13,2,0,0,0,0,1,500000,1000000,1000000,-0.0432137378264256,3.1515830311229e-07,2.54647908913008e-07,-0.0108438129222004,1.58758047966712e-07,1.49792887593424e-07,-19.9423275201068,3.68446769447921,20,343.803077823192,0.463636304208218,NaN,NaN,0,0,0,0,nominal_fsw
26,400000,2.5e-06,14,0.67,2,0,0,0,0,1,500000,1000000,1000000,-0.0432137378264256,3.1515830311229e-07,2.54647908913008e-07,-0.0108438129222004,1.58758047966712e-07,1.49792887593424e-07,-19.9423275201068,1.79420008483864,20,357.667697359321,0.47474080281338,NaN,NaN,0,0,0,0,nominal_fsw
27,400000,2.5e-06,14,0.13,2,0,0,0,0,2,500000,1000000,1000000,-0.000434272768624432,4.5461427828784e-07,5.29597832694518e-07,-2.71433202967853e-05,2.25640366491931e-07,2.38215990294049e-07,-19.7017837587227,6.64168833139167,20,317.709175037981,0.507116807013948,NaN,NaN,0,0,0,0,nominal_fsw
28,400000,2.5e-06,14,0.67,2,0,0,0,0,2,500000,1000000,1000000,-0.000434272768624432,4.5461427828784e-07,5.29597832694518e-07,-2.71433202967853e-05,2.25640366491931e-07,2.38215990294049e-07,-19.7017837587227,6.06199366305165,20,320.815437612453,0.506900665619567,NaN,NaN,0,0,0,0,nominal_fsw
29,400000,2.5e-06,14,0.13,2,0,0,0,0,1,500000,2000000,2000000,-0.0432137378264256,3.1515830311229e-07,2.54647908913008e-07,-0.00271349263374914,7.95277666910522e-08,7.83532027490969e-08,-19.9423275201068,0.0614068255638367,20,371.469182317102,0.436573127020761,NaN,NaN,0,0,0,0,nominal_fsw
30,400000,2.5e-06,14,0.67,2,0,0,0,0,1,500000,2000000,2000000,-0.0432137378264256,3.1515830311229e-07,2.54647908913008e-07,-0.00271349263374914,7.95277666910522e-08,7.83532027490969e-08,-19.9423275201068,1.44143903247282,20,365.487940036154,0.397100383132958,NaN,NaN,0,0,0,0,nominal_fsw
31,400000,2.5e-06,14,0.13,2,0,0,0,0,2,500000,2000000,2000000,-0.000434272768624432,4.5461427828784e-07,5.29597832694518e-07,-1.69646248855021e-06,1.12609832744504e-07,1.14270071863055e-07,-19.7017837587227,5.56173514720499,20,333.30860156455,0.456525421517227,NaN,NaN,0,0,0,0,nominal_fsw
32,400000,2.5e-06,14,0.67,2,0,0,0,0,2,500000,2000000,2000000,-0.000434272768624432,4.5461427828784e-07,5.29597832694518e-07,-1.69646248855021e-06,1.12609832744504e-07,1.14270071863055e-07,-19.7017837587227,6.91145853268016,20,328.014829761798,0.507977148904016,NaN,NaN,0,0,0,0,nominal_fsw
33,400000,2.5e-06,14,0.13,2,0,0,0,0,1,1000000,250000,250000,-0.0108438129222004,1.58758047966712e-07,1.49792887593424e-07,-0.170333392987803,6.12134396241429e-07,3.18309886714201e-07,-18.4974418847363,3.60256206016927,20,305.56512818292,0.424290168935547,NaN,NaN,0,0,0,0,nominal_fsw
34,400000,2.5e-06,14,0.67,2,0,0,0,0,1,1000000,250000,250000,-0.0108438129222004,1.58758047966712e-07,1.49792887593424e-07,-0.170333392987803,6.12134396241429e-07,3.18309886714201e-07,-18.4974418847363,2.05336846977362,20,307.516708874451,0.533085579757174,NaN,NaN,0,0,0,0,nominal_fsw
35,400000,2.5e-06,14,0.13,2,0,0,0,0,2,1000000,250000,250000,-2.71433202967853e-05,2.25640366491931e-07,2.38215990294049e-07,-0.00694315866354403,9.34833235980618e-07,9.00316314657189e-07,-18.2212394065471,4.11192527261732,20,278.694732448379,0.48708724701912,NaN,NaN,0,0,0,0,nominal_fsw
36,400000,2.5e-06,14,0.67,2,0,0,0,0,2,1000000,250000,250000,-2.71433202967853e-05,2.25640366491931e-07,2.38215990294049e-07,-0.00694315866354403,9.34833235980618e-07,9.00316314657189e-07,-18.2212394065471,5.82456492083634,20,272.646287409559,0.482811217317046,NaN,NaN,0,0,0,0,nominal_fsw
37,400000,2.5e-06,14,0.13,2,0,0,0,0,1,1000000,500000,500000,-0.0108438129222004,1.58758047966712e-07,1.49792887593424e-07,-0.0432137378264256,3.1515830311229e-07,2.54647908913008e-07,-18.4974418847363,2.96632891342639,20,333.12032877794,0.45689513975378,NaN,NaN,0,0,0,0,nominal_fsw
38,400000,2.5e-06,14,0.67,2,0,0,0,0,1,1000000,500000,500000,-0.0108438129222004,1.58758047966712e-07,1.49792887593424e-07,-0.0432137378264256,3.1515830311229e-07,2.54647908913008e-07,-18.4974418847363,3.88861668977536,20,332.885500195016,0.52205526511919,NaN,NaN,0,0,0,0,nominal_fsw
39,400000,2.5e-06,14,0.13,2,0,0,0,0,2,1000000,500000,500000,-2.71433202967853e-05,2.25640366491931e-07,2.38215990294049e-07,-0.000434272768624432,4.5461427828784e-07,5.29597832694518e-07,-18.2212394065471,3.58409861915172,20,321.389196290267,0.451499398632968,NaN,NaN,0,0,0,0,nominal_fsw
40,400000,2.5e-06,14,0.67,2,0,0,0,0,2,1000000,500000,500000,-2.71433202967853e-05,2.25640366491931e-07,2.38215990294049e-07,-0.000434272768624432,4.5461427828784e-07,5.29597832694518e-07,-18.2212394065471,3.33439347204356,20,318.111627027016,0.493985728623033,NaN,NaN,0,0,0,0,nominal_fsw
41,400000,2.5e-06,14,0.13,2,0,0,0,0,1,1000000,1000000,1000000,-0.0108438129222004,1.58758047966712e-07,1.49792887593424e-07,-0.0108438129222004,1.58758047966712e-07,1.49792887593424e-07,-18.4974418847363,4.27334846158185,20,342.115056496074,0.489622456613874,NaN,NaN,0,0,0,0,nominal_fsw
42,400000,2.5e-06,14,0.67,2,0,0,0,0,1,1000000,1000000,1000000,-0.0108438129222004,1.58758047966712e-07,1.49792887593424e-07,-0.0108438129222004,1.58758047966712e-07,1.49792887593424e-07,-18.4974418847363,1.95612239904288,20,354.485460114033,0.417075499757004,NaN,NaN,0,0,0,0,nominal_fsw
43,400000,2.5e-06,14,0.13,2,0,0,0,0,2,1000000,1000000,1000000,-2.71433202967853e-05,2.25640366491931e-07,2.38215990294049e-07,-2.71433202967853e-05,2.25640366491931e-07,2.38215990294049e-07,-18.2212394065471,3.49127002739589,20,339.066807752059,0.45269223793932,NaN,NaN,0,0,0,0,nominal_fsw
44,400000,2.5e-06,14,0.67,2,0,0,0,0,2,1000000,1000000,1000000,-2.71433202967853e-05,2.25640366491931e-07,2.38215990294049e-07,-2.71433202967853e-05,2.25640366491931e-07,2.38215990294049e-07,-18.2212394065471,4.23591386857864,20,338.774397440735,0.500180769703748,NaN,NaN,0,0,0,0,nominal_fsw
45,400000,2.5e-06,14,0.13,2,0,0,0,0,1,1000000,2000000,2000000,-0.0108438129222004,1.58758047966712e-07,1.49792887593424e-07,-0.00271349263374914,7.95277666910522e-08,7.83532027490969e-08,-18.4974418847363,2.58174401449303,20,358.636380014788,0.519383222521462,NaN,NaN,0,0,0,0,nominal_fsw
46,400000,2.5e-06,14,0.67,2,0,0,0,0,1,1000000,2000000,2000000,-0.0108438129222004,1.58758047966712e-07,1.49792887593424e-07,-0.00271349263374914,7.95277666910522e-08,7.83532027490969e-08,-18.4974418847363,2.62370109531813,20,355.548814162784,0.490558125296497,NaN,NaN,0,0,0,0,nominal_fsw
47,400000,2.5e-06,14,0.13,2,0,0,0,0,2,1000000,2000000,2000000,-2.71433202967853e-05,2.25640366491931e-07,2.38215990294049e-07,-1.69646248855021e-06,1.12609832744504e-07,1.14270071863055e-07,-18.2212394065471,3.47307597388682,20,352.323414077355,0.453544111412423,NaN,NaN,0,0,0,0,nominal_fsw
48,400000,2.5e-06,14,0.67,2,0,0,0,0,2,1000000,2000000,2000000,-2.71433202967853e-05,2.25640366491931e-07,2.38215990294049e-07,-1.69646248855021e-06,1.12609832744504e-07,1.14270071863055e-07,-18.2212394065471,2.64553611156124,20,352.415988391395,0.411150804302853,NaN,NaN,0,0,0,0,nominal_fsw
49,400000,2.5e-06,14,0.13,2,0,0,0,0,1,1500000,250000,250000,-0.00482281539738106,1.05985533688917e-07,1.0323563875415e-07,-0.170333392987803,6.12134396241429e-07,3.18309886714201e-07,-18.002820454219,4.54471161485066,20,304.958318130246,0.569628363300661,NaN,NaN,0,0,0,0,nominal_fsw
50,400000,2.5e-06,14,0.67,2,0,0,0,0,1,1500000,250000,250000,-0.00482281539738106,1.05985533688917e-07,1.0323563875415e-07,-0.170333392987803,6.12134396241429e-07,3.18309886714201e-07,-18.002820454219,4.44264300106569,20,301.889921447759,0.425436204953798,NaN,NaN,0,0,0,0,nominal_fsw
51,400000,2.5e-06,14,0.13,2,0,0,0,0,2,1500000,250000,250000,-5.36165696188321e-06,1.50219259149706e-07,1.54101944642893e-07,-0.00694315866354403,9.34833235980618e-07,9.00316314657189e-07,-17.8031167327684,5.7601693732299,20,269.646481329249,0.490867803526025,NaN,NaN,0,0,0,0,nominal_fsw
52,400000,2.5e-06,14,0.67,2,0,0,0,0,2,1500000,250000,250000,-5.36165696188321e-06,1.50219259149706e-07,1.54101944642893e-07,-0.00694315866354403,9.34833235980618e-07,9.00316314657189e-07,-17.8031167327684,4.82683113401015,20,278.011881596696,0.430746124964094,NaN,NaN,0,0,0,0,nominal_fsw
53,400000,2.5e-06,14,0.13,2,0,0,0,0,1,1500000,500000,500000,-0.00482281539738106,1.05985533688917e-07,1.0323563875415e-07,-0.0432137378264256,3.1515830311229e-07,2.54647908913008e-07,-18.002820454219,3.49773835891334,20,333.274104149931,0.500664854924237,NaN,NaN,0,0,0,0,nominal_fsw
54,400000,2.5e-06,14,0.67,2,0,0,0,0,1,1500000,500000,500000,-0.00482281539738106,1.05985533688917e-07,1.0323563875415e-07,-0.0432137378264256,3.1515830311229e-07,2.54647908913008e-07,-18.002820454219,3.36181235921174,20,331.71963943293,0.485175422284917,NaN,NaN,0,0,0,0,nominal_fsw
55,400000,2.5e-06,14,0.13,2,0,0,0,0,2,1500000,500000,500000,-5.36165696188321e-06,1.50219259149706e-07,1.54101944642893e-07,-0.000434272768624432,4.5461427828784e-07,5.29597832694518e-07,-17.8031167327684,3.33599209173865,20,318.566654973925,0.512155883874966,NaN,NaN,0,0,0,0,nominal_fsw
56,400000,2.5e-06,14,0.67,2,0,0,0,0,2,1500000,500000,500000,-5.36165696188321e-06,1.50219259149706e-07,1.54101944642893e-07,-0.000434272768624432,4.5461427828784e-07,5.29597832694518e-07,-17.8031167327684,2.96015312487219,20,322.578229957064,0.539562636942772,NaN,NaN,0,0,0,0,nominal_fsw
57,400000,2.5e-06,14,0.13,2,0,0,0,0,1,1500000,1000000,1000000,-0.00482281539738106,1.05985533688917e-07,1.0323563875415e-07,-0.0108438129222004,1.58758047966712e-07,1.49792887593424e-07,-18.002820454219,2.55538836435001,20,346.362426605435,0.39495096568248,NaN,NaN,0,0,0,0,nominal_fsw
58,400000,2.5e-06,14,0.67,2,0,0,0,0,1,1500000,1000000,1000000,-0.00482281539738106,1.05985533688917e-07,1.0323563875415e-07,-0.0108438129222004,1.58758047966712e-07,1.49792887593424e-07,-18.002820454219,3.69993321176703,20,345.827365612458,0.480371742513001,NaN,NaN,0,0,0,0,nominal_fsw
59,400000,2.5e-06,14,0.13,2,0,0,0,0,2,1500000,1000000,1000000,-5.36165696188321e-06,1.50219259149706e-07,1.54101944642893e-07,-2.71433202967853e-05,2.25640366491931e-07,2.38215990294049e-07,-17.8031167327684,3.56943497805464,20,336.651889147741,0.44410434308508,NaN,NaN,0,0,0,0,nominal_fsw
60,400000,2.5e-06,14,0.67,2,0,0,0,0,2,1500000,1000000,1000000,-5.36165696188321e-06,1.50219259149706e-07,1.54101944642893e-07,-2.71433202967853e-05,2.25640366491931e-07,2.38215990294049e-07,-17.8031167327684,3.04227322282831,20,340.210502167733,0.398764024607673,NaN,NaN,0,0,0,0,nominal_fsw
61,400000,2.5e-06,14,0.13,2,0,0,0,0,1,1500000,2000000,2000000,-0.00482281539738106,1.05985533688917e-07,1.0323563875415e-07,-0.00271349263374914,7.95277666910522e-08,7.83532027490969e-08,-18.002820454219,2.17775460612097,20,355.826054168313,0.437630689121621,NaN,NaN,0,0,0,0,nominal_fsw
62,400000,2.5e-06,14,0.67,2,0,0,0,0,1,1500000,2000000,2000000,-0.00482281539738106,1.05985533688917e-07,1.0323563875415e-07,-0.00271349263374914,7.95277666910522e-08,7.83532027490969e-08,-18.002820454219,2.37703082540248,20,360.568109418147,0.429573108549107,NaN,NaN,0,0,0,0,nominal_fsw
63,400000,2.5e-06,14,0.13,2,0,0,0,0,2,1500000,2000000,2000000,-5.36165696188321e-06,1.50219259149706e-07,1.54101944642893e-07,-1.69646248855021e-06,1.12609832744504e-07,1.14270071863055e-07,-17.8031167327684,3.29148659045113,20,346.568433112809,0.475903463403698,NaN,NaN,0,0,0,0,nominal_fsw
64,400000,2.5e-06,14,0.67,2,0,0,0,0,2,1500000,2000000,2000000,-5.36165696188321e-06,1.50219259149706e-07,1.54101944642893e-07,-1.69646248855021e-06,1.12609832744504e-07,1.14270071863055e-07,-17.8031167327684,2.92760353506658,20,349.859316867224,0.411678916004692,NaN,NaN,0,0,0,0,nominal_fsw
65,400000,2.5e-06,14,0.13,2,0,0,0,0,1,2000000,250000,250000,-0.00271349263374914,7.95277666910522e-08,7.83532027490969e-08,-0.170333392987803,6.12134396241429e-07,3.18309886714201e-07,-17.7510829825333,3.99809078829654,20,305.801725896674,0.425517181365544,NaN,NaN,0,0,0,0,nominal_fsw
66,400000,2.5e-06,14,0.67,2,0,0,0,0,1,2000000,250000,250000,-0.00271349263374914,7.95277666910522e-08,7.83532027490969e-08,-0.170333392987803,6.12134396241429e-07,3.18309886714201e-07,-17.7510829825333,4.78680248747934,20,301.860826019292,0.561879294121656,NaN,NaN,0,0,0,0,nominal_fsw
67,400000,2.5e-06,14,0.13,2,0,0,0,0,2,2000000,250000,250000,-1.69646248855021e-06,1.12609832744504e-07,1.14270071863055e-07,-0.00694315866354403,9.34833235980618e-07,9.00316314657189e-07,-17.6048344326614,5.1903694560459,20,274.473275084778,0.51062296894937,NaN,NaN,0,0,0,0,nominal_fsw
68,400000,2.5e-06,14,0.67,2,0,0,0,0,2,2000000,250000,250000,-1.69646248855021e-06,1.12609832744504e-07,1.14270071863055e-07,-0.00694315866354403,9.34833235980618e-07,9.00316314657189e-07,-17.6048344326614,4.55847914023146,20,280.119879820842,0.48240517639571,NaN,NaN,0,0,0,0,nominal_fsw
69,400000,2.5e-06,14,0.13,2,0,0,0,0,1,2000000,500000,500000,-0.00271349263374914,7.95277666910522e-08,7.83532027490969e-08,-0.0432137378264256,3.1515830311229e-07,2.54647908913008e-07,-17.7510829825333,3.61744932403965,20,331.284432124719,0.401350605191611,NaN,NaN,0,0,0,0,nominal_fsw
70,400000,2.5e-06,14,0.67,2,0,0,0,0,1,2000000,500000,500000,-0.00271349263374914,7.95277666910522e-08,7.83532027490969e-08,-0.0432137378264256,3.1515830311229e-07,2.54647908913008e-07,-17.7510829825333,3.65749655556469,20,330.275274834111,0.444562938879308,NaN,NaN,0,0,0,0,nominal_fsw
71,400000,2.5e-06,14,0.13,2,0,0,0,0,2,2000000,500000,500000,-1.69646248855021e-06,1.12609832744504e-07,1.14270071863055e-07,-0.000434272768624432,4.5461427828784e-07,5.29597832694518e-07,-17.6048344326614,2.89135620480547,20,321.117708178494,0.52620717659252,NaN,NaN,0,0,0,0,nominal_fsw
72,400000,2.5e-06,14,0.67,2,0,0,0,0,2,2000000,500000,500000,-1.69646248855021e-06,1.12609832744504e-07,1.14270071863055e-07,-0.000434272768624432,4.5461427828784e-07,5.29597832694518e-07,-17.6048344326614,4.04989729294938,20,321.603141487842,0.485795543695347,NaN,NaN,0,0,0,0,nominal_fsw
73,400000,2.5e-06,14,0.13,2,0,0,0,0,1,2000000,1000000,1000000,-0.00271349263374914,7.95277666910522e-08,7.83532027490969e-08,-0.0108438129222004,1.58758047966712e-07,1.49792887593424e-07,-17.7510829825333,2.43207944613293,20,349.679566389095,0.576494126600052,NaN,NaN,0,0,0,0,nominal_fsw
74,400000,2.5e-06,14,0.67,2,0,0,0,0,1,2000000,1000000,1000000,-0.00271349263374914,7.95277666910522e-08,7.83532027490969e-08,-0.0108438129222004,1.58758047966712e-07,1.49792887593424e-07,-17.7510829825333,1.80617241332144,20,349.981768927922,0.53709280103886,NaN,NaN,0,0,0,0,nominal_fsw
75,400000,2.5e-06,14,0.13,2,0,0,0,0,2,2000000,1000000,1000000,-1.69646248855021e-06,1.12609832744504e-07,1.14270071863055e-07,-2.71433202967853e-05,2.25640366491931e-07,2.38215990294049e-07,-17.6048344326614,2.90805100524028,20,343.955344139716,0.494711755482511,NaN,NaN,0,0,0,0,nominal_fsw
76,400000,2.5e-06,14,0.67,2,0,0,0,0,2,2000000,1000000,1000000,-1.69646248855021e-06,1.12609832744504e-07,1.14270071863055e-07,-2.71433202967853e-05,2.25640366491931e-07,2.38215990294049e-07,-17.6048344326614,3.1901380648802,20,339.543482623449,0.444066848064536,NaN,NaN,0,0,0,0,nominal_fsw
77,400000,2.5e-06,14,0.13,2,0,0,0,0,1,2000000,2000000,2000000,-0.00271349263374914,7.95277666910522e-08,7.83532027490969e-08,-0.00271349263374914,7.95277666910522e-08,7.83532027490969e-08,-17.7510829825333,2.25580564589496,20,360.321209131712,0.416419434524825,NaN,NaN,0,0,0,0,nominal_fsw
78,400000,2.5e-06,14,0.67,2,0,0,0,0,1,2000000,2000000,2000000,-0.00271349263374914,7.95277666910522e-08,7.83532027490969e-08,-0.00271349263374914,7.95277666910522e-08,7.83532027490969e-08,-17.7510829825333,2.89045422438539,20,355.078818818884,0.437740269835955,NaN,NaN,0,0,0,0,nominal_fsw
79,400000,2.5e-06,14,0.13,2,0,0,0,0,2,2000000,2000000,2000000,-1.69646248855021e-06,1.12609832744504e-07,1.14270071863055e-07,-1.69646248855021e-06,1.12609832744504e-07,1.14270071863055e-07,-17.6048344326614,2.94734705418764,20,350.080902315909,0.4344597196644,NaN,NaN,0,0,0,0,nominal_fsw
80,400000,2.5e-06,14,0.67,2,0,0,0,0,2,2000000,2000000,2000000,-1.69646248855021e-06,1.12609832744504e-07,1.14270071863055e-07,-1.69646248855021e-06,1.12609832744504e-07,1.14270071863055e-07,-17.6048344326614,2.76734565271999,20,353.137662176532,0.460375741295643,NaN,NaN,0,0,0,0,nominal_fsw
81,400000,2.5e-06,14,0.13,2,0,0,0,0,1,3000000,250000,250000,-0.00120620603998196,5.30369152206258e-08,5.26857742637191e-08,-0.170333392987803,6.12134396241429e-07,3.18309886714201e-07,-17.4921523328833,4.76583755860569,20,303.742679757542,0.438777838923171,NaN,NaN,0,0,0,0,nominal_fsw
82,400000,2.5e-06,14,0.67,2,0,0,0,0,1,3000000,250000,250000,-0.00120620603998196,5.30369152206258e-08,5.26857742637191e-08,-0.170333392987803,6.12134396241429e-07,3.18309886714201e-07,-17.4921523328833,3.79848615609799,20,305.028914260132,0.538841974690006,NaN,NaN,0,0,0,0,nominal_fsw
83,400000,2.5e-06,14,0.13,2,0,0,0,0,2,3000000,250000,250000,-3.35103753839414e-07,7.50471945447958e-08,7.55437329481472e-08,-0.00694315866354403,9.34833235980618e-07,9.00316314657189e-07,-17.4100100889391,4.18829350903154,20,277.426988720612,0.467224065214187,NaN,NaN,0,0,0,0,nominal_fsw
84,400000,2.5e-06,14,0.67,2,0,0,0,0,2,3000000,250000,250000,-3.35103753839414e-07,7.50471945447958e-08,7.55437329481472e-08,-0.00694315866354403,9.34833235980618e-07,9.00316314657189e-07,-17.4100100889391,5.28507757977403,20,274.900410784797,0.523989435951066,NaN,NaN,0,0,0,0,nominal_fsw
85,400000,2.5e-06,14,0.13,2,0,0,0,0,1,3000000,500000,500000,-0.00120620603998196,5.30369152206258e-08,5.26857742637191e-08,-0.0432137378264256,3.1515830311229e-07,2.54647908913008e-07,-17.4921523328833,3.72169195512404,20,332.921803870427,0.4569472928893,NaN,NaN,0,0,0,0,nominal_fsw
86,400000,2.5e-06,14,0.67,2,0,0,0,0,1,3000000,500000,500000,-0.00120620603998196,5.30369152206258e-08,5.26857742637191e-08,-0.0432137378264256,3.1515830311229e-07,2.54647908913008e-07,-17.4921523328833,4.14193850341629,20,331.212938273646,0.610958741050619,NaN,NaN,0,0,0,0,nominal_fsw
87,400000,2.5e-06,14,0.13,2,0,0,0,0,2,3000000,500000,500000,-3.35103753839414e-07,7.50471945447958e-08,7.55437329481472e-08,-0.000434272768624432,4.5461427828784e-07,5.29597832694518e-07,-17.4100100889391,3.78962938236642,20,316.708110088429,0.552680557842371,NaN,NaN,0,0,0,0,nominal_fsw
88,400000,2.5e-06,14,0.67,2,0,0,0,0,2,3000000,500000,500000,-3.35103753839414e-07,7.50471945447958e-08,7.55437329481472e-08,-0.000434272768624432,4.5461427828784e-07,5.29597832694518e-07,-17.4100100889391,3.55768561495531,20,319.875993180053,0.45204806552278,NaN,NaN,0,0,0,0,nominal_fsw
89,400000,2.5e-06,14,0.13,2,0,0,0,0,1,3000000,1000000,1000000,-0.00120620603998196,5.30369152206258e-08,5.26857742637191e-08,-0.0108438129222004,1.58758047966712e-07,1.49792887593424e-07,-17.4921523328833,2.27427547963517,20,353.887894082616,0.497165794979098,NaN,NaN,0,0,0,0,nominal_fsw
90,400000,2.5e-06,14,0.67,2,0,0,0,0,1,3000000,1000000,1000000,-0.00120620603998196,5.30369152206258e-08,5.26857742637191e-08,-0.0108438129222004,1.58758047966712e-07,1.49792887593424e-07,-17.4921523328833,2.4666364967123,20,352.670854060061,0.372220154559345,NaN,NaN,0,0,0,0,nominal_fsw
91,400000,2.5e-06,14,0.13,2,0,0,0,0,2,3000000,1000000,1000000,-3.35103753839414e-07,7.50471945447958e-08,7.55437329481472e-08,-2.71433202967853e-05,2.25640366491931e-07,2.38215990294049e-07,-17.4100100889391,2.27801694148553,20,346.742984785655,0.494209299543572,NaN,NaN,0,0,0,0,nominal_fsw
92,400000,2.5e-06,14,0.67,2,0,0,0,0,2,3000000,1000000,1000000,-3.35103753839414e-07,7.50471945447958e-08,7.55437329481472e-08,-2.71433202967853e-05,2.25640366491931e-07,2.38215990294049e-07,-17.4100100889391,3.53384551176101,20,337.479173690494,0.514573142784512,NaN,NaN,0,0,0,0,nominal_fsw
93,400000,2.5e-06,14,0.13,2,0,0,0,0,1,3000000,2000000,2000000,-0.00120620603998196,5.30369152206258e-08,5.26857742637191e-08,-0.00271349263374914,7.95277666910522e-08,7.83532027490969e-08,-17.4921523328833,3.35027061784974,20,353.838588360017,0.379429836446207,NaN,NaN,0,0,0,0,nominal_fsw
94,400000,2.5e-06,14,0.67,2,0,0,0,0,1,3000000,2000000,2000000,-0.00120620603998196,5.30369152206258e-08,5.26857742637191e-08,-0.00271349263374914,7.95277666910522e-08,7.83532027490969e-08,-17.4921523328833,2.0203032323078,20,358.198208751071,0.514208826197071,NaN,NaN,0,0,0,0,nominal_fsw
95,400000,2.5e-06,14,0.13,2,0,0,0,0,2,3000000,2000000,2000000,-3.35103753839414e-07,7.50471945447958e-08,7.55437329481472e-08,-1.69646248855021e-06,1.12609832744504e-07,1.14270071863055e-07,-17.4100100889391,3.11759414569741,20,350.723827228773,0.367937365010099,NaN,NaN,0,0,0,0,nominal_fsw
96,400000,2.5e-06,14,0.67,2,0,0,0,0,2,3000000,2000000,2000000,-3.35103753839414e-07,7.50471945447958e-08,7.55437329481472e-08,-1.69646248855021e-06,1.12609832744504e-07,1.14270071863055e-07,-17.4100100889391,2.37990087932636,20,350.070366901637,0.407946804280132,NaN,NaN,0,0,0,0,nominal_fsw
97,400000,2.5e-06,16,0.13,2,0,0,0,0,1,250000,250000,250000,-0.170333392987803,6.12134396241429e-07,3.18309886714201e-07,-0.170333392987803,6.12134396241429e-07,3.18309886714201e-07,-22.5752133841302,6.34540301459389,20,379.095407845715,0.189139832962282,NaN,NaN,0,0,0,0,nominal_fsw
98,400000,2.5e-06,16,0.67,2,0,0,0,0,1,250000,250000,250000,-0.170333392987803,6.12134396241429e-07,3.18309886714201e-07,-0.170333392987803,6.12134396241429e-07,3.18309886714201e-07,-22.5752133841302,6.22684563452697,20,378.166600803049,0.156775804613761,NaN,NaN,0,0,0,0,nominal_fsw
99,400000,2.5e-06,16,0.13,2,0,0,0,0,2,250000,250000,250000,-0.00694315866354403,9.34833235980618e-07,9.00316314657189e-07,-0.00694315866354403,9.34833235980618e-07,9.00316314657189e-07,-23.5993583844715,4.9457685565413,20,339.37129286075,0.251547981881348,NaN,NaN,0,0,0,0,nominal_fsw
100,400000,2.5e-06,16,0.67,2,0,0,0,0,2,250000,250000,250000,-0.00694315866354403,9.34833235980618e-07,9.00316314657189e-07,-0.00694315866354403,9.34833235980618e-07,9.00316314657189e-07,-23.5993583844715,5.67456644072413,20,341.934069459816,0.228399192568556,NaN,NaN,0,0,0,0,nominal_fsw
101,400000,2.5e-06,16,0.13,2,0,0,0,0,1,250000,500000,500000,-0.170333392987803,6.12134396241429e-07,3.18309886714201e-07,-0.0432137378264256,3.1515830311229e-07,2.54647908913008e-07,-22.5752133841302,7.00224716255835,20,417.559455597638,0.227521771811798,NaN,NaN,0,0,0,0,nominal_fsw
102,400000,2.5e-06,16,0.67,2,0,0,0,0,1,250000,500000,500000,-0.170333392987803,6.12134396241429e-07,3.18309886714201e-07,-0.0432137378264256,3.1515830311229e-07,2.54647908913008e-07,-22.5752133841302,6.70623729516354,20,412.732123925034,0.187357437724676,NaN,NaN,0,0,0,0,nominal_fsw
103,400000,2.5e-06,16,0.13,2,0,0,0,0,2,250000,500000,500000,-0.00694315866354403,9.34833235980618e-07,9.00316314657189e-07,-0.000434272768624432,4.5461427828784e-07,5.29597832694518e-07,-23.5993583844715,6.56606397206611,20,396.610554819854,0.289753493298375,NaN,NaN,0,0,0,0,nominal_fsw
104,400000,2.5e-06,16,0.67,2,0,0,0,0,2,250000,500000,500000,-0.00694315866354403,9.34833235980618e-07,9.00316314657189e-07,-0.000434272768624432,4.5461427828784e-07,5.29597832694518e-07,-23.5993583844715,6.29124624735575,20,393.726425396345,0.272156260009678,NaN,NaN,0,0,0,0,nominal_fsw
105,400000,2.5e-06,16,0.13,2,0,0,0,0,1,250000,1000000,1000000,-0.170333392987803,6.12134396241429e-07,3.18309886714201e-07,-0.0108438129222004,1.58758047966712e-07,1.49792887593424e-07,-22.5752133841302,7.92805975672581,20,437.153944508413,0.149113984343718,NaN,NaN,0,0,0,0,nominal_fsw
106,400000,2.5e-06,16,0.67,2,0,0,0,0,1,250000,1000000,1000000,-0.170333392987803,6.12134396241429e-07,3.18309886714201e-07,-0.0108438129222004,1.58758047966712e-07,1.49792887593424e-07,-22.5752133841302,7.58449006202323,20,435.713327155116,0.260450772228778,NaN,NaN,0,0,0,0,nominal_fsw
107,400000,2.5e-06,16,0.13,2,0,0,0,0,2,250000,1000000,1000000,-0.00694315866354403,9.34833235980618e-07,9.00316314657189e-07,-2.71433202967853e-05,2.25640366491931e-07,2.38215990294049e-07,-23.5993583844715,6.72575935708172,20,423.600432045632,0.380148754702048,NaN,NaN,0,0,0,0,nominal_fsw
108,400000,2.5e-06,16,0.67,2,0,0,0,0,2,250000,1000000,1000000,-0.00694315866354403,9.34833235980618e-07,9.00316314657189e-07,-2.71433202967853e-05,2.25640366491931e-07,2.38215990294049e-07,-23.5993583844715,7.17405733618934,20,422.352605036005,0.317131061076546,NaN,NaN,0,0,0,0,nominal_fsw
109,400000,2.5e-06,16,0.13,2,0,0,0,0,1,250000,2000000,2000000,-0.170333392987803,6.12134396241429e-07,3.18309886714201e-07,-0.00271349263374914,7.95277666910522e-08,7.83532027490969e-08,-22.5752133841302,7.77676959605769,20,443.366556892166,0.15751010771897,NaN,NaN,0,0,0,0,nominal_fsw
110,400000,2.5e-06,16,0.67,2,0,0,0,0,1,250000,2000000,2000000,-0.170333392987803,6.12134396241429e-07,3.18309886714201e-07,-0.00271349263374914,7.95277666910522e-08,7.83532027490969e-08,-22.5752133841302,7.15038057250188,20,443.583242833975,0.222320575064815,NaN,NaN,0,0,0,0,nominal_fsw
111,400000,2.5e-06,16,0.13,2,0,0,0,0,2,250000,2000000,2000000,-0.00694315866354403,9.34833235980618e-07,9.00316314657189e-07,-1.69646248855021e-06,1.12609832744504e-07,1.14270071863055e-07,-23.5993583844715,6.63165766977478,20,434.063998397876,0.327159037680759,NaN,NaN,0,0,0,0,nominal_fsw
112,400000,2.5e-06,16,0.67,2,0,0,0,0,2,250000,2000000,2000000,-0.00694315866354403,9.34833235980618e-07,9.00316314657189e-07,-1.69646248855021e-06,1.12609832744504e-07,1.14270071863055e-07,-23.5993583844715,7.16401149252128,20,435.286865433147,0.407592752452665,NaN,NaN,0,0,0,0,nominal_fsw
113,400000,2.5e-06,16,0.13,2,0,0,0,0,1,500000,250000,250000,-0.0432137378264256,3.1515830311229e-07,2.54647908913008e-07,-0.170333392987803,6.12134396241429e-07,3.18309886714201e-07,-19.9423275201068,3.54114272115396,20,312.675774887913,0.253838698499657,NaN,NaN,0,0,0,0,nominal_fsw
114,400000,2.5e-06,16,0.67,2,0,0,0,0,1,500000,250000,250000,-0.0432137378264256,3.1515830311229e-07,2.54647908913008e-07,-0.170333392987803,6.12134396241429e-07,3.18309886714201e-07,-19.9423275201068,3.58196384270841,20,312.964324076848,0.283442954844064,NaN,NaN,0,0,0,0,nominal_fsw
115,400000,2.5e-06,16,0.13,2,0,0,0,0,2,500000,250000,250000,-0.000434272768624432,4.5461427828784e-07,5.29597832694518e-07,-0.00694315866354403,9.34833235980618e-07,9.00316314657189e-07,-19.7017837587227,7.71401544438284,20,261.587434851856,0.297258602677967,NaN,NaN,0,0,0,0,nominal_fsw
116,400000,2.5e-06,16,0.67,2,0,0,0,0,2,500000,250000,250000,-0.000434272768624432,4.5461427828784e-07,5.29597832694518e-07,-0.00694315866354403,9.34833235980618e-07,9.00316314657189e-07,-19.7017837587227,8.43994028113881,20,260.096094971944,0.249573664887893,NaN,NaN,0,0,0,0,nominal_fsw
117,400000,2.5e-06,16,0.13,2,0,0,0,0,1,500000,500000,500000,-0.0432137378264256,3.1515830311229e-07,2.54647908913008e-07,-0.0432137378264256,3.1515830311229e-07,2.54647908913008e-07,-19.9423275201068,2.20407774224058,20,344.496143638036,0.230984307209527,NaN,NaN,0,0,0,0,nominal_fsw
118,400000,2.5e-06,16,0.67,2,0,0,0,0,1,500000,500000,500000,-0.0432137378264256,3.1515830311229e-07,2.54647908913008e-07,-0.0432137378264256,3.1515830311229e-07,2.54647908913008e-07,-19.9423275201068,2.1982429890232,20,341.578403284135,0.235546541770815,NaN,NaN,0,0,0,0,nominal_fsw
119,400000,2.5e-06,16,0.13,2,0,0,0,0,2,500000,500000,500000,-0.000434272768624432,4.5461427828784e-07,5.29597832694518e-07,-0.000434272768624432,4.5461427828784e-07,5.29597832694518e-07,-19.7017837587227,7.10005463200465,20,302.850820414583,0.261279493180218,NaN,NaN,0,0,0,0,nominal_fsw
120,400000,2.5e-06,16,0.67,2,0,0,0,0,2,500000,500000,500000,-0.000434272768624432,4.5461427828784e-07,5.29597832694518e-07,-0.000434272768624432,4.5461427828784e-07,5.29597832694518e-07,-19.7017837587227,6.84263656130826,20,303.126996292033,0.304161176328158,NaN,NaN,0,0,0,0,nominal_fsw
121,400000,2.5e-06,16,0.13,2,0,0,0,0,1,500000,1000000,1000000,-0.0432137378264256,3.1515830311229e-07,2.54647908913008e-07,-0.0108438129222004,1.58758047966712e-07,1.49792887593424e-07,-19.9423275201068,1.44392703938649,20,359.647841534169,0.179410382314722,NaN,NaN,0,0,0,0,nominal_fsw
122,400000,2.5e-06,16,0.67,2,0,0,0,0,1,500000,1000000,1000000,-0.0432137378264256,3.1515830311229e-07,2.54647908913008e-07,-0.0108438129222004,1.58758047966712e-07,1.49792887593424e-07,-19.9423275201068,1.74063133619007,20,358.174830622009,0.21056537698885,NaN,NaN,0,0,0,0,nominal_fsw
123,400000,2.5e-06,16,0.13,2,0,0,0,0,2,500000,1000000,1000000,-0.000434272768624432,4.5461427828784e-07,5.29597832694518e-07,-2.71433202967853e-05,2.25640366491931e-07,2.38215990294049e-07,-19.7017837587227,5.79211043494214,20,327.263240832626,0.240576813696389,NaN,NaN,0,0,0,0,nominal_fsw
124,400000,2.5e-06,16,0.67,2,0,0,0,0,2,500000,1000000,1000000,-0.000434272768624432,4.5461427828784e-07,5.29597832694518e-07,-2.71433202967853e-05,2.25640366491931e-07,2.38215990294049e-07,-19.7017837587227,6.26655174376995,20,324.07550191087,0.274882618683078,NaN,NaN,0,0,0,0,nominal_fsw
125,400000,2.5e-06,16,0.13,2,0,0,0,0,1,500000,2000000,2000000,-0.0432137378264256,3.1515830311229e-07,2.54647908913008e-07,-0.00271349263374914,7.95277666910522e-08,7.83532027490969e-08,-19.9423275201068,2.90619457317127,20,363.226180503616,0.17974815576373,NaN,NaN,0,0,0,0,nominal_fsw
126,400000,2.5e-06,16,0.67,2,0,0,0,0,1,500000,2000000,2000000,-0.0432137378264256,3.1515830311229e-07,2.54647908913008e-07,-0.00271349263374914,7.95277666910522e-08,7.83532027490969e-08,-19.9423275201068,1.81417562765649,20,368.499607809927,0.200928328117699,NaN,NaN,0,0,0,0,nominal_fsw
127,400000,2.5e-06,16,0.13,2,0,0,0,0,2,500000,2000000,2000000,-0.000434272768624432,4.5461427828784e-07,5.29597832694518e-07,-1.69646248855021e-06,1.12609832744504e-07,1.14270071863055e-07,-19.7017837587227,6.73621064311107,20,332.335488441643,0.272218961382033,NaN,NaN,0,0,0,0,nominal_fsw
128,400000,2.5e-06,16,0.67,2,0,0,0,0,2,500000,2000000,2000000,-0.000434272768624432,4.5461427828784e-07,5.29597832694518e-07,-1.69646248855021e-06,1.12609832744504e-07,1.14270071863055e-07,-19.7017837587227,5.82965234866881,20,336.166794944469,0.229406059632703,NaN,NaN,0,0,0,0,nominal_fsw
129,400000,2.5e-06,16,0.13,2,0,0,0,0,1,1000000,250000,250000,-0.0108438129222004,1.58758047966712e-07,1.49792887593424e-07,-0.170333392987803,6.12134396241429e-07,3.18309886714201e-07,-18.4974418847363,4.72101459534222,20,304.428827335864,0.288893954609816,NaN,NaN,0,0,0,0,nominal_fsw
130,400000,2.5e-06,16,0.67,2,0,0,0,0,1,1000000,250000,250000,-0.0108438129222004,1.58758047966712e-07,1.49792887593424e-07,-0.170333392987803,6.12134396241429e-07,3.18309886714201e-07,-18.4974418847363,4.49718906958898,20,305.419848440671,0.276258533135522,NaN,NaN,0,0,0,0,nominal_fsw
131,400000,2.5e-06,16,0.13,2,0,0,0,0,2,1000000,250000,250000,-2.71433202967853e-05,2.25640366491931e-07,2.38215990294049e-07,-0.00694315866354403,9.34833235980618e-07,9.00316314657189e-07,-18.2212394065471,4.72406570095991,20,279.046291255055,0.264841677580325,NaN,NaN,0,0,0,0,nominal_fsw
132,400000,2.5e-06,16,0.67,2,0,0,0,0,2,1000000,250000,250000,-2.71433202967853e-05,2.25640366491931e-07,2.38215990294049e-07,-0.00694315866354403,9.34833235980618e-07,9.00316314657189e-07,-18.2212394065471,4.53966958954541,20,279.328245091871,0.281938997238244,NaN,NaN,0,0,0,0,nominal_fsw
133,400000,2.5e-06,16,0.13,2,0,0,0,0,1,1000000,500000,500000,-0.0108438129222004,1.58758047966712e-07,1.49792887593424e-07,-0.0432137378264256,3.1515830311229e-07,2.54647908913008e-07,-18.4974418847363,3.64513578071737,20,333.363647656429,0.208729282488199,NaN,NaN,0,0,0,0,nominal_fsw
134,400000,2.5e-06,16,0.67,2,0,0,0,0,1,1000000,500000,500000,-0.0108438129222004,1.58758047966712e-07,1.49792887593424e-07,-0.0432137378264256,3.1515830311229e-07,2.54647908913008e-07,-18.4974418847363,2.94483841683764,20,338.078591169533,0.254952786756857,NaN,NaN,0,0,0,0,nominal_fsw
135,400000,2.5e-06,16,0.13,2,0,0,0,0,2,1000000,500000,500000,-2.71433202967853e-05,2.25640366491931e-07,2.38215990294049e-07,-0.000434272768624432,4.5461427828784e-07,5.29597832694518e-07,-18.2212394065471,3.35107745105832,20,322.944598818459,0.232830487409073,NaN,NaN,0,0,0,0,nominal_fsw
136,400000,2.5e-06,16,0.67,2,0,0,0,0,2,1000000,500000,500000,-2.71433202967853e-05,2.25640366491931e-07,2.38215990294049e-07,-0.000434272768624432,4.5461427828784e-07,5.29597832694518e-07,-18.2212394065471,3.7746546192386,20,321.012643997368,0.244021366216163,NaN,NaN,0,0,0,0,nominal_fsw
137,400000,2.5e-06,16,0.13,2,0,0,0,0,1,1000000,1000000,1000000,-0.0108438129222004,1.58758047966712e-07,1.49792887593424e-07,-0.0108438129222004,1.58758047966712e-07,1.49792887593424e-07,-18.4974418847363,3.29036675458203,20,352.57817316197,0.18734430269241,NaN,NaN,0,0,0,0,nominal_fsw
138,400000,2.5e-06,16,0.67,2,0,0,0,0,1,1000000,1000000,1000000,-0.0108438129222004,1.58758047966712e-07,1.49792887593424e-07,-0.0108438129222004,1.58758047966712e-07,1.49792887593424e-07,-18.4974418847363,3.10436001613832,20,354.263908612295,0.219065785439622,NaN,NaN,0,0,0,0,nominal_fsw
139,400000,2.5e-06,16,0.13,2,0,0,0,0,2,1000000,1000000,1000000,-2.71433202967853e-05,2.25640366491931e-07,2.38215990294049e-07,-2.71433202967853e-05,2.25640366491931e-07,2.38215990294049e-07,-18.2212394065471,2.94192663200281,20,345.127056841728,0.208000401039749,NaN,NaN,0,0,0,0,nominal_fsw
140,400000,2.5e-06,16,0.67,2,0,0,0,0,2,1000000,1000000,1000000,-2.71433202967853e-05,2.25640366491931e-07,2.38215990294049e-07,-2.71433202967853e-05,2.25640366491931e-07,2.38215990294049e-07,-18.2212394065471,2.53816561274354,20,344.64047514571,0.206903717510221,NaN,NaN,0,0,0,0,nominal_fsw
141,400000,2.5e-06,16,0.13,2,0,0,0,0,1,1000000,2000000,2000000,-0.0108438129222004,1.58758047966712e-07,1.49792887593424e-07,-0.00271349263374914,7.95277666910522e-08,7.83532027490969e-08,-18.4974418847363,2.58478167941296,20,360.006170856822,0.198967290571521,NaN,NaN,0,0,0,0,nominal_fsw
142,400000,2.5e-06,16,0.67,2,0,0,0,0,1,1000000,2000000,2000000,-0.0108438129222004,1.58758047966712e-07,1.49792887593424e-07,-0.00271349263374914,7.95277666910522e-08,7.83532027490969e-08,-18.4974418847363,2.66459761323234,20,360.564308497638,0.213006804025466,NaN,NaN,0,0,0,0,nominal_fsw
143,400000,2.5e-06,16,0.13,2,0,0,0,0,2,1000000,2000000,2000000,-2.71433202967853e-05,2.25640366491931e-07,2.38215990294049e-07,-1.69646248855021e-06,1.12609832744504e-07,1.14270071863055e-07,-18.2212394065471,2.00322554648105,20,357.501656189239,0.165785410567666,NaN,NaN,0,0,0,0,nominal_fsw
144,400000,2.5e-06,16,0.67,2,0,0,0,0,2,1000000,2000000,2000000,-2.71433202967853e-05,2.25640366491931e-07,2.38215990294049e-07,-1.69646248855021e-06,1.12609832744504e-07,1.14270071863055e-07,-18.2212394065471,2.34892452419335,20,359.24713142894,0.188940318384773,NaN,NaN,0,0,0,0,nominal_fsw
145,400000,2.5e-06,16,0.13,2,0,0,0,0,1,1500000,250000,250000,-0.00482281539738106,1.05985533688917e-07,1.0323563875415e-07,-0.170333392987803,6.12134396241429e-07,3.18309886714201e-07,-18.002820454219,4.30437569928348,20,305.339481254511,0.25341297116805,NaN,NaN,0,0,0,0,nominal_fsw
146,400000,2.5e-06,16,0.67,2,0,0,0,0,1,1500000,250000,250000,-0.00482281539738106,1.05985533688917e-07,1.0323563875415e-07,-0.170333392987803,6.12134396241429e-07,3.18309886714201e-07,-18.002820454219,5.01326738138554,20,306.602221210938,0.272224970575604,NaN,NaN,0,0,0,0,nominal_fsw
147,400000,2.5e-06,16,0.13,2,0,0,0,0,2,1500000,250000,250000,-5.36165696188321e-06,1.50219259149706e-07,1.54101944642893e-07,-0.00694315866354403,9.34833235980618e-07,9.00316314657189e-07,-17.8031167327684,5.27880522645581,20,275.163702679242,0.236481013203597,NaN,NaN,0,0,0,0,nominal_fsw
148,400000,2.5e-06,16,0.67,2,0,0,0,0,2,1500000,250000,250000,-5.36165696188321e-06,1.50219259149706e-07,1.54101944642893e-07,-0.00694315866354403,9.34833235980618e-07,9.00316314657189e-07,-17.8031167327684,4.82466693959385,20,277.128224071464,0.226214207426485,NaN,NaN,0,0,0,0,nominal_fsw
149,400000,2.5e-06,16,0.13,2,0,0,0,0,1,1500000,500000,500000,-0.00482281539738106,1.05985533688917e-07,1.0323563875415e-07,-0.0432137378264256,3.1515830311229e-07,2.54647908913008e-07,-18.002820454219,4.39017645398749,20,331.036090799744,0.191080007033256,NaN,NaN,0,0,0,0,nominal_fsw
150,400000,2.5e-06,16,0.67,2,0,0,0,0,1,1500000,500000,500000,-0.00482281539738106,1.05985533688917e-07,1.0323563875415e-07,-0.0432137378264256,3.1515830311229e-07,2.54647908913008e-07,-18.002820454219,3.19131030353006,20,335.225715473814,0.235989648180825,NaN,NaN,0,0,0,0,nominal_fsw
151,400000,2.5e-06,16,0.13,2,0,0,0,0,2,1500000,500000,500000,-5.36165696188321e-06,1.50219259149706e-07,1.54101944642893e-07,-0.000434272768624432,4.5461427828784e-07,5.29597832694518e-07,-17.8031167327684,4.07072569328482,20,321.518138524887,0.289526808578098,NaN,NaN,0,0,0,0,nominal_fsw
152,400000,2.5e-06,16,0.67,2,0,0,0,0,2,1500000,500000,500000,-5.36165696188321e-06,1.50219259149706e-07,1.54101944642893e-07,-0.000434272768624432,4.5461427828784e-07,5.29597832694518e-07,-17.8031167327684,4.11538575251094,20,319.487571459836,0.287729207274411,NaN,NaN,0,0,0,0,nominal_fsw
153,400000,2.5e-06,16,0.13,2,0,0,0,0,1,1500000,1000000,1000000,-0.00482281539738106,1.05985533688917e-07,1.0323563875415e-07,-0.0108438129222004,1.58758047966712e-07,1.49792887593424e-07,-18.002820454219,4.15585084676724,20,348.837219032486,0.241395198441179,NaN,NaN,0,0,0,0,nominal_fsw
154,400000,2.5e-06,16,0.67,2,0,0,0,0,1,1500000,1000000,1000000,-0.00482281539738106,1.05985533688917e-07,1.0323563875415e-07,-0.0108438129222004,1.58758047966712e-07,1.49792887593424e-07,-18.002820454219,3.22827046800522,20,350.245716465032,0.236801054005846,NaN,NaN,0,0,0,0,nominal_fsw
155,400000,2.5e-06,16,0.13,2,0,0,0,0,2,1500000,1000000,1000000,-5.36165696188321e-06,1.50219259149706e-07,1.54101944642893e-07,-2.71433202967853e-05,2.25640366491931e-07,2.38215990294049e-07,-17.8031167327684,3.34208449990314,20,341.339166458152,0.197624124650582,NaN,NaN,0,0,0,0,nominal_fsw
156,400000,2.5e-06,16,0.67,2,0,0,0,0,2,1500000,1000000,1000000,-5.36165696188321e-06,1.50219259149706e-07,1.54101944642893e-07,-2.71433202967853e-05,2.25640366491931e-07,2.38215990294049e-07,-17.8031167327684,2.34884767572441,20,346.360230573332,0.211275350273249,NaN,NaN,0,0,0,0,nominal_fsw
157,400000,2.5e-06,16,0.13,2,0,0,0,0,1,1500000,2000000,2000000,-0.00482281539738106,1.05985533688917e-07,1.0323563875415e-07,-0.00271349263374914,7.95277666910522e-08,7.83532027490969e-08,-18.002820454219,3.09169243078451,20,358.45283728134,0.221239745447604,NaN,NaN,0,0,0,0,nominal_fsw
158,400000,2.5e-06,16,0.67,2,0,0,0,0,1,1500000,2000000,2000000,-0.00482281539738106,1.05985533688917e-07,1.0323563875415e-07,-0.00271349263374914,7.95277666910522e-08,7.83532027490969e-08,-18.002820454219,3.81227449152595,20,356.338686497453,0.234842855108898,NaN,NaN,0,0,0,0,nominal_fsw
159,400000,2.5e-06,16,0.13,2,0,0,0,0,2,1500000,2000000,2000000,-5.36165696188321e-06,1.50219259149706e-07,1.54101944642893e-07,-1.69646248855021e-06,1.12609832744504e-07,1.14270071863055e-07,-17.8031167327684,2.58316942575623,20,356.161371291497,0.212239355685974,NaN,NaN,0,0,0,0,nominal_fsw
160,400000,2.5e-06,16,0.67,2,0,0,0,0,2,1500000,2000000,2000000,-5.36165696188321e-06,1.50219259149706e-07,1.54101944642893e-07,-1.69646248855021e-06,1.12609832744504e-07,1.14270071863055e-07,-17.8031167327684,2.69110371670049,20,356.935052421429,0.216814950713861,NaN,NaN,0,0,0,0,nominal_fsw
161,400000,2.5e-06,16,0.13,2,0,0,0,0,1,2000000,250000,250000,-0.00271349263374914,7.95277666910522e-08,7.83532027490969e-08,-0.170333392987803,6.12134396241429e-07,3.18309886714201e-07,-17.7510829825333,4.25862239901005,20,305.002229730913,0.282587827438302,NaN,NaN,0,0,0,0,nominal_fsw
162,400000,2.5e-06,16,0.67,2,0,0,0,0,1,2000000,250000,250000,-0.00271349263374914,7.95277666910522e-08,7.83532027490969e-08,-0.170333392987803,6.12134396241429e-07,3.18309886714201e-07,-17.7510829825333,4.35276962812974,20,305.220909424978,0.283014879319023,NaN,NaN,0,0,0,0,nominal_fsw
163,400000,2.5e-06,16,0.13,2,0,0,0,0,2,2000000,250000,250000,-1.69646248855021e-06,1.12609832744504e-07,1.14270071863055e-07,-0.00694315866354403,9.34833235980618e-07,9.00316314657189e-07,-17.6048344326614,6.13527407354508,20,273.381088000557,0.250847322978807,NaN,NaN,0,0,0,0,nominal_fsw
164,400000,2.5e-06,16,0.67,2,0,0,0,0,2,2000000,250000,250000,-1.69646248855021e-06,1.12609832744504e-07,1.14270071863055e-07,-0.00694315866354403,9.34833235980618e-07,9.00316314657189e-07,-17.6048344326614,5.70589114860014,20,275.599874351881,0.287378400138104,NaN,NaN,0,0,0,0,nominal_fsw
165,400000,2.5e-06,16,0.13,2,0,0,0,0,1,2000000,500000,500000,-0.00271349263374914,7.95277666910522e-08,7.83532027490969e-08,-0.0432137378264256,3.1515830311229e-07,2.54647908913008e-07,-17.7510829825333,3.35741744710698,20,334.779173328135,0.183926381933344,NaN,NaN,0,0,0,0,nominal_fsw
166,400000,2.5e-06,16,0.67,2,0,0,0,0,1,2000000,500000,500000,-0.00271349263374914,7.95277666910522e-08,7.83532027490969e-08,-0.0432137378264256,3.1515830311229e-07,2.54647908913008e-07,-17.7510829825333,3.06793585698528,20,336.80944963302,0.187619512157481,NaN,NaN,0,0,0,0,nominal_fsw
167,400000,2.5e-06,16,0.13,2,0,0,0,0,2,2000000,500000,500000,-1.69646248855021e-06,1.12609832744504e-07,1.14270071863055e-07,-0.000434272768624432,4.5461427828784e-07,5.29597832694518e-07,-17.6048344326614,4.57435957193295,20,319.48916799337,0.248761391834153,NaN,NaN,0,0,0,0,nominal_fsw
168,400000,2.5e-06,16,0.67,2,0,0,0,0,2,2000000,500000,500000,-1.69646248855021e-06,1.12609832744504e-07,1.14270071863055e-07,-0.000434272768624432,4.5461427828784e-07,5.29597832694518e-07,-17.6048344326614,3.89654911205819,20,320.907708427658,0.178076565975674,NaN,NaN,0,0,0,0,nominal_fsw
169,400000,2.5e-06,16,0.13,2,0,0,0,0,1,2000000,1000000,1000000,-0.00271349263374914,7.95277666910522e-08,7.83532027490969e-08,-0.0108438129222004,1.58758047966712e-07,1.49792887593424e-07,-17.7510829825333,2.93163898411077,20,351.332670113325,0.204373673489122,NaN,NaN,0,0,0,0,nominal_fsw
170,400000,2.5e-06,16,0.67,2,0,0,0,0,1,2000000,1000000,1000000,-0.00271349263374914,7.95277666910522e-08,7.83532027490969e-08,-0.0108438129222004,1.58758047966712e-07,1.49792887593424e-07,-17.7510829825333,2.54642814865149,20,351.970999551929,0.236940112049399,NaN,NaN,0,0,0,0,nominal_fsw
171,400000,2.5e-06,16,0.13,2,0,0,0,0,2,2000000,1000000,1000000,-1.69646248855021e-06,1.12609832744504e-07,1.14270071863055e-07,-2.71433202967853e-05,2.25640366491931e-07,2.38215990294049e-07,-17.6048344326614,3.17623569551759,20,342.109475936702,0.205593363114187,NaN,NaN,0,0,0,0,nominal_fsw
172,400000,2.5e-06,16,0.67,2,0,0,0,0,2,2000000,1000000,1000000,-1.69646248855021e-06,1.12609832744504e-07,1.14270071863055e-07,-2.71433202967853e-05,2.25640366491931e-07,2.38215990294049e-07,-17.6048344326614,3.65323747137867,20,340.374537006969,0.245809735711533,NaN,NaN,0,0,0,0,nominal_fsw
173,400000,2.5e-06,16,0.13,2,0,0,0,0,1,2000000,2000000,2000000,-0.00271349263374914,7.95277666910522e-08,7.83532027490969e-08,-0.00271349263374914,7.95277666910522e-08,7.83532027490969e-08,-17.7510829825333,3.32910268866771,20,357.070814091722,0.197624966503436,NaN,NaN,0,0,0,0,nominal_fsw
174,400000,2.5e-06,16,0.67,2,0,0,0,0,1,2000000,2000000,2000000,-0.00271349263374914,7.95277666910522e-08,7.83532027490969e-08,-0.00271349263374914,7.95277666910522e-08,7.83532027490969e-08,-17.7510829825333,2.60356109491668,20,359.160126633257,0.211362802518345,NaN,NaN,0,0,0,0,nominal_fsw
175,400000,2.5e-06,16,0.13,2,0,0,0,0,2,2000000,2000000,2000000,-1.69646248855021e-06,1.12609832744504e-07,1.14270071863055e-07,-1.69646248855021e-06,1.12609832744504e-07,1.14270071863055e-07,-17.6048344326614,3.17198923895368,20,354.532274440818,0.211042201693611,NaN,NaN,0,0,0,0,nominal_fsw
176,400000,2.5e-06,16,0.67,2,0,0,0,0,2,2000000,2000000,2000000,-1.69646248855021e-06,1.12609832744504e-07,1.14270071863055e-07,-1.69646248855021e-06,1.12609832744504e-07,1.14270071863055e-07,-17.6048344326614,2.80624112821533,20,356.955372549726,0.194331847229749,NaN,NaN,0,0,0,0,nominal_fsw
177,400000,2.5e-06,16,0.13,2,0,0,0,0,1,3000000,250000,250000,-0.00120620603998196,5.30369152206258e-08,5.26857742637191e-08,-0.170333392987803,6.12134396241429e-07,3.18309886714201e-07,-17.4921523328833,4.54710152706301,20,303.063499156835,0.253226632449642,NaN,NaN,0,0,0,0,nominal_fsw
178,400000,2.5e-06,16,0.67,2,0,0,0,0,1,3000000,250000,250000,-0.00120620603998196,5.30369152206258e-08,5.26857742637191e-08,-0.170333392987803,6.12134396241429e-07,3.18309886714201e-07,-17.4921523328833,4.58137234787277,20,306.686423922897,0.292544271764894,NaN,NaN,0,0,0,0,nominal_fsw
179,400000,2.5e-06,16,0.13,2,0,0,0,0,2,3000000,250000,250000,-3.35103753839414e-07,7.50471945447958e-08,7.55437329481472e-08,-0.00694315866354403,9.34833235980618e-07,9.00316314657189e-07,-17.4100100889391,5.37160608859866,20,276.074759211064,0.272074305858844,NaN,NaN,0,0,0,0,nominal_fsw
180,400000,2.5e-06,16,0.67,2,0,0,0,0,2,3000000,250000,250000,-3.35103753839414e-07,7.50471945447958e-08,7.55437329481472e-08,-0.00694315866354403,9.34833235980618e-07,9.00316314657189e-07,-17.4100100889391,4.0023912637059,20,278.330001782687,0.303576647940131,NaN,NaN,0,0,0,0,nominal_fsw
181,400000,2.5e-06,16,0.13,2,0,0,0,0,1,3000000,500000,500000,-0.00120620603998196,5.30369152206258e-08,5.26857742637191e-08,-0.0432137378264256,3.1515830311229e-07,2.54647908913008e-07,-17.4921523328833,3.57938041766335,20,336.26605664225,0.198882352525926,NaN,NaN,0,0,0,0,nominal_fsw
182,400000,2.5e-06,16,0.67,2,0,0,0,0,1,3000000,500000,500000,-0.00120620603998196,5.30369152206258e-08,5.26857742637191e-08,-0.0432137378264256,3.1515830311229e-07,2.54647908913008e-07,-17.4921523328833,3.2556737689891,20,334.739874449202,0.231555353427657,NaN,NaN,0,0,0,0,nominal_fsw
183,400000,2.5e-06,16,0.13,2,0,0,0,0,2,3000000,500000,500000,-3.35103753839414e-07,7.50471945447958e-08,7.55437329481472e-08,-0.000434272768624432,4.5461427828784e-07,5.29597832694518e-07,-17.4100100889391,3.40279345828713,20,323.441655835134,0.220989232969145,NaN,NaN,0,0,0,0,nominal_fsw
184,400000,2.5e-06,16,0.67,2,0,0,0,0,2,3000000,500000,500000,-3.35103753839414e-07,7.50471945447958e-08,7.55437329481472e-08,-0.000434272768624432,4.5461427828784e-07,5.29597832694518e-07,-17.4100100889391,3.68010616171366,20,321.292810699238,0.218900766237121,NaN,NaN,0,0,0,0,nominal_fsw
185,400000,2.5e-06,16,0.13,2,0,0,0,0,1,3000000,1000000,1000000,-0.00120620603998196,5.30369152206258e-08,5.26857742637191e-08,-0.0108438129222004,1.58758047966712e-07,1.49792887593424e-07,-17.4921523328833,3.1610361997306,20,349.430549453788,0.267427637735946,NaN,NaN,0,0,0,0,nominal_fsw
186,400000,2.5e-06,16,0.67,2,0,0,0,0,1,3000000,1000000,1000000,-0.00120620603998196,5.30369152206258e-08,5.26857742637191e-08,-0.0108438129222004,1.58758047966712e-07,1.49792887593424e-07,-17.4921523328833,3.80930114172757,20,347.308747594539,0.264599635971331,NaN,NaN,0,0,0,0,nominal_fsw
187,400000,2.5e-06,16,0.13,2,0,0,0,0,2,3000000,1000000,1000000,-3.35103753839414e-07,7.50471945447958e-08,7.55437329481472e-08,-2.71433202967853e-05,2.25640366491931e-07,2.38215990294049e-07,-17.4100100889391,3.44660321078205,20,339.83239593611,0.257902863973536,NaN,NaN,0,0,0,0,nominal_fsw
188,400000,2.5e-06,16,0.67,2,0,0,0,0,2,3000000,1000000,1000000,-3.35103753839414e-07,7.50471945447958e-08,7.55437329481472e-08,-2.71433202967853e-05,2.25640366491931e-07,2.38215990294049e-07,-17.4100100889391,2.77032530332875,20,344.295792208904,0.208120119786316,NaN,NaN,0,0,0,0,nominal_fsw
189,400000,2.5e-06,16,0.13,2,0,0,0,0,1,3000000,2000000,2000000,-0.00120620603998196,5.30369152206258e-08,5.26857742637191e-08,-0.00271349263374914,7.95277666910522e-08,7.83532027490969e-08,-17.4921523328833,2.93477453109583,20,357.00712340148,0.240013533729358,NaN,NaN,0,0,0,0,nominal_fsw
190,400000,2.5e-06,16,0.67,2,0,0,0,0,1,3000000,2000000,2000000,-0.00120620603998196,5.30369152206258e-08,5.26857742637191e-08,-0.00271349263374914,7.95277666910522e-08,7.83532027490969e-08,-17.4921523328833,3.16115693723285,20,357.089347559488,0.243315012910215,NaN,NaN,0,0,0,0,nominal_fsw
191,400000,2.5e-06,16,0.13,2,0,0,0,0,2,3000000,2000000,2000000,-3.35103753839414e-07,7.50471945447958e-08,7.55437329481472e-08,-1.69646248855021e-06,1.12609832744504e-07,1.14270071863055e-07,-17.4100100889391,2.90512101473699,20,354.976497539627,0.25561387074706,NaN,NaN,0,0,0,0,nominal_fsw
192,400000,2.5e-06,16,0.67,2,0,0,0,0,2,3000000,2000000,2000000,-3.35103753839414e-07,7.50471945447958e-08,7.55437329481472e-08,-1.69646248855021e-06,1.12609832744504e-07,1.14270071863055e-07,-17.4100100889391,3.80154636130745,20,350.42678766982,0.245966652061161,NaN,NaN,0,0,0,0,nominal_fsw
193,800000,1.25e-06,14,0.13,2,0,0,0,0,1,250000,250000,250000,-0.170333392987803,6.12134396241429e-07,3.18309886714201e-07,-0.170333392987803,6.12134396241429e-07,3.18309886714201e-07,-29.0553467259106,4.0238234151169,20,0.166152653349369,59.767234375629,NaN,NaN,0,0,0,0,nominal_fsw
194,800000,1.25e-06,14,0.67,2,0,0,0,0,1,250000,250000,250000,-0.170333392987803,6.12134396241429e-07,3.18309886714201e-07,-0.170333392987803,6.12134396241429e-07,3.18309886714201e-07,-29.0553467259106,4.22945894532724,20,0.176512388616076,60.2757935181864,NaN,NaN,0,0,0,0,nominal_fsw
195,800000,1.25e-06,14,0.13,2,0,0,0,0,2,250000,250000,250000,-0.00694315866354403,9.34833235980618e-07,9.00316314657189e-07,-0.00694315866354403,9.34833235980618e-07,9.00316314657189e-07,-34.4990818665487,2.91764895048932,20,0.0989916751448616,378.499915651449,NaN,NaN,0,0,0,0,nominal_fsw
196,800000,1.25e-06,14,0.67,2,0,0,0,0,2,250000,250000,250000,-0.00694315866354403,9.34833235980618e-07,9.00316314657189e-07,-0.00694315866354403,9.34833235980618e-07,9.00316314657189e-07,-34.4990818665487,2.01838587336138,20,0.0951883546737356,386.063448002434,NaN,NaN,0,0,0,0,nominal_fsw
197,800000,1.25e-06,14,0.13,2,0,0,0,0,1,250000,500000,500000,-0.170333392987803,6.12134396241429e-07,3.18309886714201e-07,-0.0432137378264256,3.1515830311229e-07,2.54647908913008e-07,-29.0553467259106,3.61720264175314,20,0.191034022166462,59.5773421929135,NaN,NaN,0,0,0,0,nominal_fsw
198,800000,1.25e-06,14,0.67,2,0,0,0,0,1,250000,500000,500000,-0.170333392987803,6.12134396241429e-07,3.18309886714201e-07,-0.0432137378264256,3.1515830311229e-07,2.54647908913008e-07,-29.0553467259106,3.85339215482566,20,0.191363467359908,58.5629044267029,NaN,NaN,0,0,0,0,nominal_fsw
199,800000,1.25e-06,14,0.13,2,0,0,0,0,2,250000,500000,500000,-0.00694315866354403,9.34833235980618e-07,9.00316314657189e-07,-0.000434272768624432,4.5461427828784e-07,5.29597832694518e-07,-34.4990818665487,4.41630159364217,20,0.124950559802101,351.150586400633,NaN,NaN,0,0,0,0,nominal_fsw
200,800000,1.25e-06,14,0.67,2,0,0,0,0,2,250000,500000,500000,-0.00694315866354403,9.34833235980618e-07,9.00316314657189e-07,-0.000434272768624432,4.5461427828784e-07,5.29597832694518e-07,-34.4990818665487,4.49644427466125,20,0.121390533690575,349.183330191525,NaN,NaN,0,0,0,0,nominal_fsw
201,800000,1.25e-06,14,0.13,2,0,0,0,0,1,250000,1000000,1000000,-0.170333392987803,6.12134396241429e-07,3.18309886714201e-07,-0.0108438129222004,1.58758047966712e-07,1.49792887593424e-07,-29.0553467259106,1.45644380458638,20,0.20754890131519,60.2547529628472,NaN,NaN,0,0,0,0,nominal_fsw
202,800000,1.25e-06,14,0.67,2,0,0,0,0,1,250000,1000000,1000000,-0.170333392987803,6.12134396241429e-07,3.18309886714201e-07,-0.0108438129222004,1.58758047966712e-07,1.49792887593424e-07,-29.0553467259106,2.11512404399393,20,0.201583645566782,59.9193810852664,NaN,NaN,0,0,0,0,nominal_fsw
203,800000,1.25e-06,14,0.13,2,0,0,0,0,2,250000,1000000,1000000,-0.00694315866354403,9.34833235980618e-07,9.00316314657189e-07,-2.71433202967853e-05,2.25640366491931e-07,2.38215990294049e-07,-34.4990818665487,5.18087762058275,20,0.13823494761375,351.895758315593,NaN,NaN,0,0,0,0,nominal_fsw
204,800000,1.25e-06,14,0.67,2,0,0,0,0,2,250000,1000000,1000000,-0.00694315866354403,9.34833235980618e-07,9.00316314657189e-07,-2.71433202967853e-05,2.25640366491931e-07,2.38215990294049e-07,-34.4990818665487,3.93008861030066,20,0.137639079602175,351.879182204736,NaN,NaN,0,0,0,0,nominal_fsw
205,800000,1.25e-06,14,0.13,2,0,0,0,0,1,250000,2000000,2000000,-0.170333392987803,6.12134396241429e-07,3.18309886714201e-07,-0.00271349263374914,7.95277666910522e-08,7.83532027490969e-08,-29.0553467259106,2.20217735833979,20,0.210693078795795,59.0290254047112,NaN,NaN,0,0,0,0,nominal_fsw
206,800000,1.25e-06,14,0.67,2,0,0,0,0,1,250000,2000000,2000000,-0.170333392987803,6.12134396241429e-07,3.18309886714201e-07,-0.00271349263374914,7.95277666910522e-08,7.83532027490969e-08,-29.0553467259106,1.76361695419983,20,0.214369290866381,61.3396762549579,NaN,NaN,0,0,0,0,nominal_fsw
207,800000,1.25e-06,14,0.13,2,0,0,0,0,2,250000,2000000,2000000,-0.00694315866354403,9.34833235980618e-07,9.00316314657189e-07,-1.69646248855021e-06,1.12609832744504e-07,1.14270071863055e-07,-34.48484543135,5.97250861339063,20,0.150441891111419,357.011056635308,NaN,NaN,0,0,0,0,nominal_fsw
208,800000,1.25e-06,14,0.67,2,0,0,0,0,2,250000,2000000,2000000,-0.00694315866354403,9.34833235980618e-07,9.00316314657189e-07,-1.69646248855021e-06,1.12609832744504e-07,1.14270071863055e-07,-34.48484543135,5.23508727854898,20,0.148151188460384,354.181740525732,NaN,NaN,0,0,0,0,nominal_fsw
209,800000,1.25e-06,14,0.13,2,0,0,0,0,1,500000,250000,250000,-0.0432137378264256,3.1515830311229e-07,2.54647908913008e-07,-0.170333392987803,6.12134396241429e-07,3.18309886714201e-07,-24.9807253597941,13.1251407877625,20,0.290293017177733,3.54670950245743,NaN,NaN,0,0,0,0,nominal_fsw
210,800000,1.25e-06,14,0.67,2,0,0,0,0,1,500000,250000,250000,-0.0432137378264256,3.1515830311229e-07,2.54647908913008e-07,-0.170333392987803,6.12134396241429e-07,3.18309886714201e-07,-24.9807253597941,13.7817612869812,20,0.298884169547976,3.0016558717781,NaN,NaN,0,0,0,0,nominal_fsw
211,800000,1.25e-06,14,0.13,2,0,0,0,0,2,500000,250000,250000,-0.000434272768624432,4.5461427828784e-07,5.29597832694518e-07,-0.00694315866354403,9.34833235980618e-07,9.00316314657189e-07,-25.8440497575857,5.06854280634703,20,0.199771219506046,24.2826827140184,NaN,NaN,0,0,0,0,nominal_fsw
212,800000,1.25e-06,14,0.67,2,0,0,0,0,2,500000,250000,250000,-0.000434272768624432,4.5461427828784e-07,5.29597832694518e-07,-0.00694315866354403,9.34833235980618e-07,9.00316314657189e-07,-25.8440497575857,5.94554189665706,20,0.202392385028801,23.1598708631945,NaN,NaN,0,0,0,0,nominal_fsw
213,800000,1.25e-06,14,0.13,2,0,0,0,0,1,500000,500000,500000,-0.0432137378264256,3.1515830311229e-07,2.54647908913008e-07,-0.0432137378264256,3.1515830311229e-07,2.54647908913008e-07,-24.9807253597941,13.8838533065971,20,0.316320852864055,3.53189574248514,NaN,NaN,0,0,0,0,nominal_fsw
214,800000,1.25e-06,14,0.67,2,0,0,0,0,1,500000,500000,500000,-0.0432137378264256,3.1515830311229e-07,2.54647908913008e-07,-0.0432137378264256,3.1515830311229e-07,2.54647908913008e-07,-24.9807253597941,13.2641442927904,20,0.318537588892737,3.3486396612444,NaN,NaN,0,0,0,0,nominal_fsw
215,800000,1.25e-06,14,0.13,2,0,0,0,0,2,500000,500000,500000,-0.000434272768624432,4.5461427828784e-07,5.29597832694518e-07,-0.000434272768624432,4.5461427828784e-07,5.29597832694518e-07,-25.8440497575857,3.2064923222954,20,0.229250949212125,23.9933856687295,NaN,NaN,0,0,0,0,nominal_fsw
216,800000,1.25e-06,14,0.67,2,0,0,0,0,2,500000,500000,500000,-0.000434272768624432,4.5461427828784e-07,5.29597832694518e-07,-0.000434272768624432,4.5461427828784e-07,5.29597832694518e-07,-25.8440497575857,2.56641536043584,20,0.229217789361149,24.4045758100048,NaN,NaN,0,0,0,0,nominal_fsw
217,800000,1.25e-06,14,0.13,2,0,0,0,0,1,500000,1000000,1000000,-0.0432137378264256,3.1515830311229e-07,2.54647908913008e-07,-0.0108438129222004,1.58758047966712e-07,1.49792887593424e-07,-24.9807253597941,14.5417608512141,20,0.338689134792035,3.85741479677283,NaN,NaN,0,0,0,0,nominal_fsw
218,800000,1.25e-06,14,0.67,2,0,0,0,0,1,500000,1000000,1000000,-0.0432137378264256,3.1515830311229e-07,2.54647908913008e-07,-0.0108438129222004,1.58758047966712e-07,1.49792887593424e-07,-24.9807253597941,13.4246291367724,20,0.343189628627221,3.70657385556567,NaN,NaN,0,0,0,0,nominal_fsw
219,800000,1.25e-06,14,0.13,2,0,0,0,0,2,500000,1000000,1000000,-0.000434272768624432,4.5461427828784e-07,5.29597832694518e-07,-2.71433202967853e-05,2.25640366491931e-07,2.38215990294049e-07,-25.8440497575857,2.58490647943067,20,0.246529947971864,26.6568724874804,NaN,NaN,0,0,0,0,nominal_fsw
220,800000,1.25e-06,14,0.67,2,0,0,0,0,2,500000,1000000,1000000,-0.000434272768624432,4.5461427828784e-07,5.29597832694518e-07,-2.71433202967853e-05,2.25640366491931e-07,2.38215990294049e-07,-25.8440497575857,2.0541931451196,20,0.256401412281536,25.3084674414741,NaN,NaN,0,0,0,0,nominal_fsw
221,800000,1.25e-06,14,0.13,2,0,0,0,0,1,500000,2000000,2000000,-0.0432137378264256,3.1515830311229e-07,2.54647908913008e-07,-0.00271349263374914,7.95277666910522e-08,7.83532027490969e-08,-24.9807253597941,13.6305490688062,20,0.344706835343597,3.91693207963195,NaN,NaN,0,0,0,0,nominal_fsw
222,800000,1.25e-06,14,0.67,2,0,0,0,0,1,500000,2000000,2000000,-0.0432137378264256,3.1515830311229e-07,2.54647908913008e-07,-0.00271349263374914,7.95277666910522e-08,7.83532027490969e-08,-24.9807253597941,13.8086826287986,20,0.344790643836025,3.74901800677536,NaN,NaN,0,0,0,0,nominal_fsw
223,800000,1.25e-06,14,0.13,2,0,0,0,0,2,500000,2000000,2000000,-0.000434272768624432,4.5461427828784e-07,5.29597832694518e-07,-1.69646248855021e-06,1.12609832744504e-07,1.14270071863055e-07,-25.8440497575857,2.68062285935478,20,0.255981137243394,24.8032837721428,NaN,NaN,0,0,0,0,nominal_fsw
224,800000,1.25e-06,14,0.67,2,0,0,0,0,2,500000,2000000,2000000,-0.000434272768624432,4.5461427828784e-07,5.29597832694518e-07,-1.69646248855021e-06,1.12609832744504e-07,1.14270071863055e-07,-25.8440497575857,2.5016773336754,20,0.263536565603056,24.6985480359001,NaN,NaN,0,0,0,0,nominal_fsw
225,800000,1.25e-06,14,0.13,2,0,0,0,0,1,1000000,250000,250000,-0.0108438129222004,1.58758047966712e-07,1.49792887593424e-07,-0.170333392987803,6.12134396241429e-07,3.18309886714201e-07,-22.4058693016764,2.80116787296344,20,0.416474747356977,0.724448554145366,NaN,NaN,0,0,0,0,nominal_fsw
226,800000,1.25e-06,14,0.67,2,0,0,0,0,1,1000000,250000,250000,-0.0108438129222004,1.58758047966712e-07,1.49792887593424e-07,-0.170333392987803,6.12134396241429e-07,3.18309886714201e-07,-22.4058693016764,2.08545293901553,20,0.41398353489144,0.756512064194706,NaN,NaN,0,0,0,0,nominal_fsw
227,800000,1.25e-06,14,0.13,2,0,0,0,0,2,1000000,250000,250000,-2.71433202967853e-05,2.25640366491931e-07,2.38215990294049e-07,-0.00694315866354403,9.34833235980618e-07,9.00316314657189e-07,-22.1352626152756,5.27766173919229,20,0.4292116576815,3.71908285479483,NaN,NaN,0,0,0,0,nominal_fsw
228,800000,1.25e-06,14,0.67,2,0,0,0,0,2,1000000,250000,250000,-2.71433202967853e-05,2.25640366491931e-07,2.38215990294049e-07,-0.00694315866354403,9.34833235980618e-07,9.00316314657189e-07,-22.1352626152756,5.15303809552299,20,0.411706288067182,3.75606851292167,NaN,NaN,0,0,0,0,nominal_fsw
229,800000,1.25e-06,14,0.13,2,0,0,0,0,1,1000000,500000,500000,-0.0108438129222004,1.58758047966712e-07,1.49792887593424e-07,-0.0432137378264256,3.1515830311229e-07,2.54647908913008e-07,-22.4058693016764,3.00877661675858,20,0.424050554943404,0.643142173311154,NaN,NaN,0,0,0,0,nominal_fsw
230,800000,1.25e-06,14,0.67,2,0,0,0,0,1,1000000,500000,500000,-0.0108438129222004,1.58758047966712e-07,1.49792887593424e-07,-0.0432137378264256,3.1515830311229e-07,2.54647908913008e-07,-22.4058693016764,3.95317883423512,20,0.430473994105586,0.678478337550693,NaN,NaN,0,0,0,0,nominal_fsw
231,800000,1.25e-06,14,0.13,2,0,0,0,0,2,1000000,500000,500000,-2.71433202967853e-05,2.25640366491931e-07,2.38215990294049e-07,-0.000434272768624432,4.5461427828784e-07,5.29597832694518e-07,-22.1352626152756,4.11493581840547,20,0.424355154857885,2.50215444899097,NaN,NaN,0,0,0,0,nominal_fsw
232,800000,1.25e-06,14,0.67,2,0,0,0,0,2,1000000,500000,500000,-2.71433202967853e-05,2.25640366491931e-07,2.38215990294049e-07,-0.000434272768624432,4.5461427828784e-07,5.29597832694518e-07,-22.1352626152756,3.35185128940492,20,0.411330040934697,2.72566855554731,NaN,NaN,0,0,0,0,nominal_fsw
233,800000,1.25e-06,14,0.13,2,0,0,0,0,1,1000000,1000000,1000000,-0.0108438129222004,1.58758047966712e-07,1.49792887593424e-07,-0.0108438129222004,1.58758047966712e-07,1.49792887593424e-07,-22.4058693016764,3.48367997645822,20,0.426868525846026,0.678791925374733,NaN,NaN,0,0,0,0,nominal_fsw
234,800000,1.25e-06,14,0.67,2,0,0,0,0,1,1000000,1000000,1000000,-0.0108438129222004,1.58758047966712e-07,1.49792887593424e-07,-0.0108438129222004,1.58758047966712e-07,1.49792887593424e-07,-22.4058693016764,3.45466224251744,20,0.436137396332025,0.605115225358612,NaN,NaN,0,0,0,0,nominal_fsw
235,800000,1.25e-06,14,0.13,2,0,0,0,0,2,1000000,1000000,1000000,-2.71433202967853e-05,2.25640366491931e-07,2.38215990294049e-07,-2.71433202967853e-05,2.25640366491931e-07,2.38215990294049e-07,-22.1352626152756,3.04361721506741,20,0.419616151029983,2.62397398991806,NaN,NaN,0,0,0,0,nominal_fsw
236,800000,1.25e-06,14,0.67,2,0,0,0,0,2,1000000,1000000,1000000,-2.71433202967853e-05,2.25640366491931e-07,2.38215990294049e-07,-2.71433202967853e-05,2.25640366491931e-07,2.38215990294049e-07,-22.1352626152756,3.46693913213636,20,0.444035373745108,2.21997955206199,NaN,NaN,0,0,0,0,nominal_fsw
237,800000,1.25e-06,14,0.13,2,0,0,0,0,1,1000000,2000000,2000000,-0.0108438129222004,1.58758047966712e-07,1.49792887593424e-07,-0.00271349263374914,7.95277666910522e-08,7.83532027490969e-08,-22.4058693016764,3.51001359966402,20,0.423760911845838,0.631958631711687,NaN,NaN,0,0,0,0,nominal_fsw
238,800000,1.25e-06,14,0.67,2,0,0,0,0,1,1000000,2000000,2000000,-0.0108438129222004,1.58758047966712e-07,1.49792887593424e-07,-0.00271349263374914,7.95277666910522e-08,7.83532027490969e-08,-22.4058693016764,2.40061166410842,20,0.43672766559741,0.664245410833425,NaN,NaN,0,0,0,0,nominal_fsw
239,800000,1.25e-06,14,0.13,2,0,0,0,0,2,1000000,2000000,2000000,-2.71433202967853e-05,2.25640366491931e-07,2.38215990294049e-07,-1.69646248855021e-06,1.12609832744504e-07,1.14270071863055e-07,-22.1352626152756,3.78108528985035,20,0.448793198524601,2.32298845007365,NaN,NaN,0,0,0,0,nominal_fsw
240,800000,1.25e-06,14,0.67,2,0,0,0,0,2,1000000,2000000,2000000,-2.71433202967853e-05,2.25640366491931e-07,2.38215990294049e-07,-1.69646248855021e-06,1.12609832744504e-07,1.14270071863055e-07,-22.1352626152756,4.0206119339012,20,0.443695540704697,2.14920696050564,NaN,NaN,0,0,0,0,nominal_fsw
241,800000,1.25e-06,14,0.13,2,0,0,0,0,1,1500000,250000,250000,-0.00482281539738106,1.05985533688917e-07,1.0323563875415e-07,-0.170333392987803,6.12134396241429e-07,3.18309886714201e-07,-21.4880116960114,2.44319604526201,20,0.470007649242132,0.857304042970247,NaN,NaN,0,0,0,0,nominal_fsw
242,800000,1.25e-06,14,0.67,2,0,0,0,0,1,1500000,250000,250000,-0.00482281539738106,1.05985533688917e-07,1.0323563875415e-07,-0.170333392987803,6.12134396241429e-07,3.18309886714201e-07,-21.4880116960114,2.19737237153261,20,0.471494007787142,0.988768724376119,NaN,NaN,0,0,0,0,nominal_fsw
243,800000,1.25e-06,14,0.13,2,0,0,0,0,2,1500000,250000,250000,-5.36165696188321e-06,1.50219259149706e-07,1.54101944642893e-07,-0.00694315866354403,9.34833235980618e-07,9.00316314657189e-07,-21.2084573342894,0.497930836423599,20,0.420923303354015,1.1660891509213,NaN,NaN,0,0,0,0,nominal_fsw
244,800000,1.25e-06,14,0.67,2,0,0,0,0,2,1500000,250000,250000,-5.36165696188321e-06,1.50219259149706e-07,1.54101944642893e-07,-0.00694315866354403,9.34833235980618e-07,9.00316314657189e-07,-21.2084573342894,1.70701399348515,20,0.41345166597164,1.1744382348215,NaN,NaN,0,0,0,0,nominal_fsw
245,800000,1.25e-06,14,0.13,2,0,0,0,0,1,1500000,500000,500000,-0.00482281539738106,1.05985533688917e-07,1.0323563875415e-07,-0.0432137378264256,3.1515830311229e-07,2.54647908913008e-07,-21.4880116960114,2.20494401045899,20,0.487616684298682,0.739525693916891,NaN,NaN,0,0,0,0,nominal_fsw
246,800000,1.25e-06,14,0.67,2,0,0,0,0,1,1500000,500000,500000,-0.00482281539738106,1.05985533688917e-07,1.0323563875415e-07,-0.0432137378264256,3.1515830311229e-07,2.54647908913008e-07,-21.4880116960114,1.91551164707772,20,0.491967828035739,0.840296407608316,NaN,NaN,0,0,0,0,nominal_fsw
247,800000,1.25e-06,14,0.13,2,0,0,0,0,2,1500000,500000,500000,-5.36165696188321e-06,1.50219259149706e-07,1.54101944642893e-07,-0.000434272768624432,4.5461427828784e-07,5.29597832694518e-07,-21.2084573342894,2.16936269695188,20,0.41413627299141,0.854142411710078,NaN,NaN,0,0,0,0,nominal_fsw
248,800000,1.25e-06,14,0.67,2,0,0,0,0,2,1500000,500000,500000,-5.36165696188321e-06,1.50219259149706e-07,1.54101944642893e-07,-0.000434272768624432,4.5461427828784e-07,5.29597832694518e-07,-21.2084573342894,0.903613309551032,20,0.419714982515412,0.776718503079169,NaN,NaN,0,0,0,0,nominal_fsw
249,800000,1.25e-06,14,0.13,2,0,0,0,0,1,1500000,1000000,1000000,-0.00482281539738106,1.05985533688917e-07,1.0323563875415e-07,-0.0108438129222004,1.58758047966712e-07,1.49792887593424e-07,-21.4880116960114,1.9616095502216,20,0.498471488636144,0.748703191723303,NaN,NaN,0,0,0,0,nominal_fsw
250,800000,1.25e-06,14,0.67,2,0,0,0,0,1,1500000,1000000,1000000,-0.00482281539738106,1.05985533688917e-07,1.0323563875415e-07,-0.0108438129222004,1.58758047966712e-07,1.49792887593424e-07,-21.4880116960114,2.27581835639188,20,0.485855573456898,0.750744497634079,NaN,NaN,0,0,0,0,nominal_fsw
251,800000,1.25e-06,14,0.13,2,0,0,0,0,2,1500000,1000000,1000000,-5.36165696188321e-06,1.50219259149706e-07,1.54101944642893e-07,-2.71433202967853e-05,2.25640366491931e-07,2.38215990294049e-07,-21.2084573342894,1.05923309704089,20,0.433450185765101,0.820912103280345,NaN,NaN,0,0,0,0,nominal_fsw
252,800000,1.25e-06,14,0.67,2,0,0,0,0,2,1500000,1000000,1000000,-5.36165696188321e-06,1.50219259149706e-07,1.54101944642893e-07,-2.71433202967853e-05,2.25640366491931e-07,2.38215990294049e-07,-21.2084573342894,2.03237720951818,20,0.435574229638603,0.798544802019007,NaN,NaN,0,0,0,0,nominal_fsw
253,800000,1.25e-06,14,0.13,2,0,0,0,0,1,1500000,2000000,2000000,-0.00482281539738106,1.05985533688917e-07,1.0323563875415e-07,-0.00271349263374914,7.95277666910522e-08,7.83532027490969e-08,-21.4880116960114,2.38189455425494,20,0.492342620649477,0.733251858203557,NaN,NaN,0,0,0,0,nominal_fsw
254,800000,1.25e-06,14,0.67,2,0,0,0,0,1,1500000,2000000,2000000,-0.00482281539738106,1.05985533688917e-07,1.0323563875415e-07,-0.00271349263374914,7.95277666910522e-08,7.83532027490969e-08,-21.4880116960114,2.22087648755407,20,0.506457038436508,0.747253952702503,NaN,NaN,0,0,0,0,nominal_fsw
255,800000,1.25e-06,14,0.13,2,0,0,0,0,2,1500000,2000000,2000000,-5.36165696188321e-06,1.50219259149706e-07,1.54101944642893e-07,-1.69646248855021e-06,1.12609832744504e-07,1.14270071863055e-07,-21.2084573342894,1.72215023180324,20,0.449871415011084,0.682335724064503,NaN,NaN,0,0,0,0,nominal_fsw
256,800000,1.25e-06,14,0.67,2,0,0,0,0,2,1500000,2000000,2000000,-5.36165696188321e-06,1.50219259149706e-07,1.54101944642893e-07,-1.69646248855021e-06,1.12609832744504e-07,1.14270071863055e-07,-21.2084573342894,0.846562858578237,20,0.452210862521803,0.787626496030526,NaN,NaN,0,0,0,0,nominal_fsw
257,800000,1.25e-06,14,0.13,2,0,0,0,0,1,2000000,250000,250000,-0.00271349263374914,7.95277666910522e-08,7.83532027490969e-08,-0.170333392987803,6.12134396241429e-07,3.18309886714201e-07,-21.0188187270496,1.33212246558766,20,0.488733843293654,1.10836156748342,NaN,NaN,0,0,0,0,nominal_fsw
258,800000,1.25e-06,14,0.67,2,0,0,0,0,1,2000000,250000,250000,-0.00271349263374914,7.95277666910522e-08,7.83532027490969e-08,-0.170333392987803,6.12134396241429e-07,3.18309886714201e-07,-21.0188187270496,2.19897210931467,20,0.494290276691781,0.915864359581648,NaN,NaN,0,0,0,0,nominal_fsw
259,800000,1.25e-06,14,0.13,2,0,0,0,0,2,2000000,250000,250000,-1.69646248855021e-06,1.12609832744504e-07,1.14270071863055e-07,-0.00694315866354403,9.34833235980618e-07,9.00316314657189e-07,-20.7946412442053,1.62863902482109,20,0.436899954768378,1.11464380435798,NaN,NaN,0,0,0,0,nominal_fsw
260,800000,1.25e-06,14,0.67,2,0,0,0,0,2,2000000,250000,250000,-1.69646248855021e-06,1.12609832744504e-07,1.14270071863055e-07,-0.00694315866354403,9.34833235980618e-07,9.00316314657189e-07,-20.7946412442053,1.70237315523062,20,0.433255054123423,1.03541839442886,NaN,NaN,0,0,0,0,nominal_fsw
261,800000,1.25e-06,14,0.13,2,0,0,0,0,1,2000000,500000,500000,-0.00271349263374914,7.95277666910522e-08,7.83532027490969e-08,-0.0432137378264256,3.1515830311229e-07,2.54647908913008e-07,-21.0188187270496,2.15556906516441,20,0.517595558017733,0.708883855786872,NaN,NaN,0,0,0,0,nominal_fsw
262,800000,1.25e-06,14,0.67,2,0,0,0,0,1,2000000,500000,500000,-0.00271349263374914,7.95277666910522e-08,7.83532027490969e-08,-0.0432137378264256,3.1515830311229e-07,2.54647908913008e-07,-21.0188187270496,2.14902452182101,20,0.491110799248045,0.748899418874589,NaN,NaN,0,0,0,0,nominal_fsw
263,800000,1.25e-06,14,0.13,2,0,0,0,0,2,2000000,500000,500000,-1.69646248855021e-06,1.12609832744504e-07,1.14270071863055e-07,-0.000434272768624432,4.5461427828784e-07,5.29597832694518e-07,-20.7946412442053,2.65671786956286,20,0.449215033522741,0.786845478701027,NaN,NaN,0,0,0,0,nominal_fsw
264,800000,1.25e-06,14,0.67,2,0,0,0,0,2,2000000,500000,500000,-1.69646248855021e-06,1.12609832744504e-07,1.14270071863055e-07,-0.000434272768624432,4.5461427828784e-07,5.29597832694518e-07,-20.7946412442053,2.16185141865273,20,0.450667317084544,0.699873780660617,NaN,NaN,0,0,0,0,nominal_fsw
265,800000,1.25e-06,14,0.13,2,0,0,0,0,1,2000000,1000000,1000000,-0.00271349263374914,7.95277666910522e-08,7.83532027490969e-08,-0.0108438129222004,1.58758047966712e-07,1.49792887593424e-07,-21.0188187270496,2.61037764814039,20,0.504670155180242,0.689794876562468,NaN,NaN,0,0,0,0,nominal_fsw
266,800000,1.25e-06,14,0.67,2,0,0,0,0,1,2000000,1000000,1000000,-0.00271349263374914,7.95277666910522e-08,7.83532027490969e-08,-0.0108438129222004,1.58758047966712e-07,1.49792887593424e-07,-21.0188187270496,1.4283410058177,20,0.517945321088735,0.742725325942617,NaN,NaN,0,0,0,0,nominal_fsw
267,800000,1.25e-06,14,0.13,2,0,0,0,0,2,2000000,1000000,1000000,-1.69646248855021e-06,1.12609832744504e-07,1.14270071863055e-07,-2.71433202967853e-05,2.25640366491931e-07,2.38215990294049e-07,-20.7946412442053,2.54356941601207,20,0.461529395413072,0.555763800200066,NaN,NaN,0,0,0,0,nominal_fsw
268,800000,1.25e-06,14,0.67,2,0,0,0,0,2,2000000,1000000,1000000,-1.69646248855021e-06,1.12609832744504e-07,1.14270071863055e-07,-2.71433202967853e-05,2.25640366491931e-07,2.38215990294049e-07,-20.7946412442053,2.51618318413092,20,0.446795849199379,0.758899022988649,NaN,NaN,0,0,0,0,nominal_fsw
269,800000,1.25e-06,14,0.13,2,0,0,0,0,1,2000000,2000000,2000000,-0.00271349263374914,7.95277666910522e-08,7.83532027490969e-08,-0.00271349263374914,7.95277666910522e-08,7.83532027490969e-08,-21.0188187270496,2.56396823776052,20,0.517084160877918,0.705476647771939,NaN,NaN,0,0,0,0,nominal_fsw
270,800000,1.25e-06,14,0.67,2,0,0,0,0,1,2000000,2000000,2000000,-0.00271349263374914,7.95277666910522e-08,7.83532027490969e-08,-0.00271349263374914,7.95277666910522e-08,7.83532027490969e-08,-21.0188187270496,3.0661488226694,20,0.517400905201028,0.72672637012862,NaN,NaN,0,0,0,0,nominal_fsw
271,800000,1.25e-06,14,0.13,2,0,0,0,0,2,2000000,2000000,2000000,-1.69646248855021e-06,1.12609832744504e-07,1.14270071863055e-07,-1.69646248855021e-06,1.12609832744504e-07,1.14270071863055e-07,-20.7946412442053,2.33696907825044,20,0.471835770397118,0.773942414520179,NaN,NaN,0,0,0,0,nominal_fsw
272,800000,1.25e-06,14,0.67,2,0,0,0,0,2,2000000,2000000,2000000,-1.69646248855021e-06,1.12609832744504e-07,1.14270071863055e-07,-1.69646248855021e-06,1.12609832744504e-07,1.14270071863055e-07,-20.7946412442053,2.4952900765241,20,0.457825619888347,0.730470862072183,NaN,NaN,0,0,0,0,nominal_fsw
273,800000,1.25e-06,14,0.13,2,0,0,0,0,1,3000000,250000,250000,-0.00120620603998196,5.30369152206258e-08,5.26857742637191e-08,-0.170333392987803,6.12134396241429e-07,3.18309886714201e-07,-20.5372540064435,2.28991169841256,20,0.509325151537845,0.99220545834534,NaN,NaN,0,0,0,0,nominal_fsw
274,800000,1.25e-06,14,0.67,2,0,0,0,0,1,3000000,250000,250000,-0.00120620603998196,5.30369152206258e-08,5.26857742637191e-08,-0.170333392987803,6.12134396241429e-07,3.18309886714201e-07,-20.5372540064435,1.21834884691789,20,0.527546864366601,1.00976363261657,NaN,NaN,0,0,0,0,nominal_fsw
275,800000,1.25e-06,14,0.13,2,0,0,0,0,2,3000000,250000,250000,-3.35103753839414e-07,7.50471945447958e-08,7.55437329481472e-08,-0.00694315866354403,9.34833235980618e-07,9.00316314657189e-07,-20.4043024706064,1.50866993771794,20,0.497192944474211,1.24898543424728,NaN,NaN,0,0,0,0,nominal_fsw
276,800000,1.25e-06,14,0.67,2,0,0,0,0,2,3000000,250000,250000,-3.35103753839414e-07,7.50471945447958e-08,7.55437329481472e-08,-0.00694315866354403,9.34833235980618e-07,9.00316314657189e-07,-20.4043024706064,1.01373457155763,20,0.479613985367677,1.12977738074129,NaN,NaN,0,0,0,0,nominal_fsw
277,800000,1.25e-06,14,0.13,2,0,0,0,0,1,3000000,500000,500000,-0.00120620603998196,5.30369152206258e-08,5.26857742637191e-08,-0.0432137378264256,3.1515830311229e-07,2.54647908913008e-07,-20.5372540064435,3.02375967067589,20,0.526448277946629,0.668321000731672,NaN,NaN,0,0,0,0,nominal_fsw
278,800000,1.25e-06,14,0.67,2,0,0,0,0,1,3000000,500000,500000,-0.00120620603998196,5.30369152206258e-08,5.26857742637191e-08,-0.0432137378264256,3.1515830311229e-07,2.54647908913008e-07,-20.5372540064435,2.70306085332499,20,0.535774738946564,0.73970946690946,NaN,NaN,0,0,0,0,nominal_fsw
279,800000,1.25e-06,14,0.13,2,0,0,0,0,2,3000000,500000,500000,-3.35103753839414e-07,7.50471945447958e-08,7.55437329481472e-08,-0.000434272768624432,4.5461427828784e-07,5.29597832694518e-07,-20.4043024706064,2.24490204424417,20,0.488621195773293,0.754683028716269,NaN,NaN,0,0,0,0,nominal_fsw
280,800000,1.25e-06,14,0.67,2,0,0,0,0,2,3000000,500000,500000,-3.35103753839414e-07,7.50471945447958e-08,7.55437329481472e-08,-0.000434272768624432,4.5461427828784e-07,5.29597832694518e-07,-20.4043024706064,2.77946622979169,20,0.475602294932685,0.835685886557923,NaN,NaN,0,0,0,0,nominal_fsw
281,800000,1.25e-06,14,0.13,2,0,0,0,0,1,3000000,1000000,1000000,-0.00120620603998196,5.30369152206258e-08,5.26857742637191e-08,-0.0108438129222004,1.58758047966712e-07,1.49792887593424e-07,-20.5372540064435,2.6799617337542,20,0.530901179147354,0.80569908799352,NaN,NaN,0,0,0,0,nominal_fsw
282,800000,1.25e-06,14,0.67,2,0,0,0,0,1,3000000,1000000,1000000,-0.00120620603998196,5.30369152206258e-08,5.26857742637191e-08,-0.0108438129222004,1.58758047966712e-07,1.49792887593424e-07,-20.5372540064435,1.7578453001897,20,0.550460696669586,0.775023785213226,NaN,NaN,0,0,0,0,nominal_fsw
283,800000,1.25e-06,14,0.13,2,0,0,0,0,2,3000000,1000000,1000000,-3.35103753839414e-07,7.50471945447958e-08,7.55437329481472e-08,-2.71433202967853e-05,2.25640366491931e-07,2.38215990294049e-07,-20.4043024706064,2.12107464886401,20,0.507889255155417,0.738582148153623,NaN,NaN,0,0,0,0,nominal_fsw
284,800000,1.25e-06,14,0.67,2,0,0,0,0,2,3000000,1000000,1000000,-3.35103753839414e-07,7.50471945447958e-08,7.55437329481472e-08,-2.71433202967853e-05,2.25640366491931e-07,2.38215990294049e-07,-20.4043024706064,3.36804881095538,20,0.480479606275244,0.753709881237343,NaN,NaN,0,0,0,0,nominal_fsw
285,800000,1.25e-06,14,0.13,2,0,0,0,0,1,3000000,2000000,2000000,-0.00120620603998196,5.30369152206258e-08,5.26857742637191e-08,-0.00271349263374914,7.95277666910522e-08,7.83532027490969e-08,-20.5372540064435,2.64423808309264,20,0.546431495808215,0.65919090748266,NaN,NaN,0,0,0,0,nominal_fsw
286,800000,1.25e-06,14,0.67,2,0,0,0,0,1,3000000,2000000,2000000,-0.00120620603998196,5.30369152206258e-08,5.26857742637191e-08,-0.00271349263374914,7.95277666910522e-08,7.83532027490969e-08,-20.5372540064435,2.46821022285375,20,0.524666755043868,0.71708779462693,NaN,NaN,0,0,0,0,nominal_fsw
287,800000,1.25e-06,14,0.13,2,0,0,0,0,2,3000000,2000000,2000000,-3.35103753839414e-07,7.50471945447958e-08,7.55437329481472e-08,-1.69646248855021e-06,1.12609832744504e-07,1.14270071863055e-07,-20.4043024706064,3.00143389170631,20,0.495901281581243,0.698320516893432,NaN,NaN,0,0,0,0,nominal_fsw
288,800000,1.25e-06,14,0.67,2,0,0,0,0,2,3000000,2000000,2000000,-3.35103753839414e-07,7.50471945447958e-08,7.55437329481472e-08,-1.69646248855021e-06,1.12609832744504e-07,1.14270071863055e-07,-20.4043024706064,2.2178714440156,20,0.502504391938588,0.678422429565769,NaN,NaN,0,0,0,0,nominal_fsw
289,800000,1.25e-06,16,0.13,2,0,0,0,0,1,250000,250000,250000,-0.170333392987803,6.12134396241429e-07,3.18309886714201e-07,-0.170333392987803,6.12134396241429e-07,3.18309886714201e-07,-29.0553467259106,4.27294655946098,20,0.145743042752037,137.191154329946,NaN,NaN,0,0,0,0,nominal_fsw
290,800000,1.25e-06,16,0.67,2,0,0,0,0,1,250000,250000,250000,-0.170333392987803,6.12134396241429e-07,3.18309886714201e-07,-0.170333392987803,6.12134396241429e-07,3.18309886714201e-07,-29.0553467259106,2.97664937798868,20,0.14738626141159,138.777101096564,NaN,NaN,0,0,0,0,nominal_fsw
291,800000,1.25e-06,16,0.13,2,0,0,0,0,2,250000,250000,250000,-0.00694315866354403,9.34833235980618e-07,9.00316314657189e-07,-0.00694315866354403,9.34833235980618e-07,9.00316314657189e-07,-34.4990818665487,3.35624231601632,20,0.0727705777811284,936.305818470752,NaN,NaN,0,0,0,0,nominal_fsw
292,800000,1.25e-06,16,0.67,2,0,0,0,0,2,250000,250000,250000,-0.00694315866354403,9.34833235980618e-07,9.00316314657189e-07,-0.00694315866354403,9.34833235980618e-07,9.00316314657189e-07,-34.4990818665487,2.44923659821346,20,0.0731807809052764,926.530520444286,NaN,NaN,0,0,0,0,nominal_fsw
293,800000,1.25e-06,16,0.13,2,0,0,0,0,1,250000,500000,500000,-0.170333392987803,6.12134396241429e-07,3.18309886714201e-07,-0.0432137378264256,3.1515830311229e-07,2.54647908913008e-07,-29.0553467259106,3.0950816021678,20,0.164667226129131,122.820359242697,NaN,NaN,0,0,0,0,nominal_fsw
294,800000,1.25e-06,16,0.67,2,0,0,0,0,1,250000,500000,500000,-0.170333392987803,6.12134396241429e-07,3.18309886714201e-07,-0.0432137378264256,3.1515830311229e-07,2.54647908913008e-07,-29.0553467259106,3.07852427425898,20,0.166394642088552,125.17364391613,NaN,NaN,0,0,0,0,nominal_fsw
295,800000,1.25e-06,16,0.13,2,0,0,0,0,2,250000,500000,500000,-0.00694315866354403,9.34833235980618e-07,9.00316314657189e-07,-0.000434272768624432,4.5461427828784e-07,5.29597832694518e-07,-34.4990818665487,4.05521026984557,20,0.0986007500594643,719.845970549272,NaN,NaN,0,0,0,0,nominal_fsw
296,800000,1.25e-06,16,0.67,2,0,0,0,0,2,250000,500000,500000,-0.00694315866354403,9.34833235980618e-07,9.00316314657189e-07,-0.000434272768624432,4.5461427828784e-07,5.29597832694518e-07,-34.4990818665487,3.54947021929637,20,0.097796165217267,724.585047512244,NaN,NaN,0,0,0,0,nominal_fsw
297,800000,1.25e-06,16,0.13,2,0,0,0,0,1,250000,1000000,1000000,-0.170333392987803,6.12134396241429e-07,3.18309886714201e-07,-0.0108438129222004,1.58758047966712e-07,1.49792887593424e-07,-29.0553467259106,2.15586264764015,20,0.173054572754394,123.135559584439,NaN,NaN,0,0,0,0,nominal_fsw
298,800000,1.25e-06,16,0.67,2,0,0,0,0,1,250000,1000000,1000000,-0.170333392987803,6.12134396241429e-07,3.18309886714201e-07,-0.0108438129222004,1.58758047966712e-07,1.49792887593424e-07,-29.0553467259106,2.77500791766243,20,0.174645673293981,124.570177542109,NaN,NaN,0,0,0,0,nominal_fsw
299,800000,1.25e-06,16,0.13,2,0,0,0,0,2,250000,1000000,1000000,-0.00694315866354403,9.34833235980618e-07,9.00316314657189e-07,-2.71433202967853e-05,2.25640366491931e-07,2.38215990294049e-07,-34.4990818665487,4.86867602446079,20,0.114460972056405,727.334162540949,NaN,NaN,0,0,0,0,nominal_fsw
300,800000,1.25e-06,16,0.67,2,0,0,0,0,2,250000,1000000,1000000,-0.00694315866354403,9.34833235980618e-07,9.00316314657189e-07,-2.71433202967853e-05,2.25640366491931e-07,2.38215990294049e-07,-34.4990818665487,4.93549580389956,20,0.114284396527871,733.049150217685,NaN,NaN,0,0,0,0,nominal_fsw
301,800000,1.25e-06,16,0.13,2,0,0,0,0,1,250000,2000000,2000000,-0.170333392987803,6.12134396241429e-07,3.18309886714201e-07,-0.00271349263374914,7.95277666910522e-08,7.83532027490969e-08,-29.0553467259106,1.81892865259451,20,0.18406115441604,123.728224384183,NaN,NaN,0,0,0,0,nominal_fsw
302,800000,1.25e-06,16,0.67,2,0,0,0,0,1,250000,2000000,2000000,-0.170333392987803,6.12134396241429e-07,3.18309886714201e-07,-0.00271349263374914,7.95277666910522e-08,7.83532027490969e-08,-29.0553467259106,1.70885599734992,20,0.181418893715601,125.981389088935,NaN,NaN,0,0,0,0,nominal_fsw
303,800000,1.25e-06,16,0.13,2,0,0,0,0,2,250000,2000000,2000000,-0.00694315866354403,9.34833235980618e-07,9.00316314657189e-07,-1.69646248855021e-06,1.12609832744504e-07,1.14270071863055e-07,-34.48484543135,5.60759909140158,20,0.123338075943087,735.575817074445,NaN,NaN,0,0,0,0,nominal_fsw
304,800000,1.25e-06,16,0.67,2,0,0,0,0,2,250000,2000000,2000000,-0.00694315866354403,9.34833235980618e-07,9.00316314657189e-07,-1.69646248855021e-06,1.12609832744504e-07,1.14270071863055e-07,-34.48484543135,5.78521843564754,20,0.122376316983044,741.593579654873,NaN,NaN,0,0,0,0,nominal_fsw
305,800000,1.25e-06,16,0.13,2,0,0,0,0,1,500000,250000,250000,-0.0432137378264256,3.1515830311229e-07,2.54647908913008e-07,-0.170333392987803,6.12134396241429e-07,3.18309886714201e-07,-24.9807253597941,7.33741797033817,20,0.264682225353234,8.60443388480227,NaN,NaN,0,0,0,0,nominal_fsw
306,800000,1.25e-06,16,0.67,2,0,0,0,0,1,500000,250000,250000,-0.0432137378264256,3.1515830311229e-07,2.54647908913008e-07,-0.170333392987803,6.12134396241429e-07,3.18309886714201e-07,-24.9807253597941,10.3429516031889,20,0.262953391096353,8.74896993170468,NaN,NaN,0,0,0,0,nominal_fsw
307,800000,1.25e-06,16,0.13,2,0,0,0,0,2,500000,250000,250000,-0.000434272768624432,4.5461427828784e-07,5.29597832694518e-07,-0.00694315866354403,9.34833235980618e-07,9.00316314657189e-07,-25.8440497575857,4.22243691855987,20,0.171019070403579,60.3540480456442,NaN,NaN,0,0,0,0,nominal_fsw
308,800000,1.25e-06,16,0.67,2,0,0,0,0,2,500000,250000,250000,-0.000434272768624432,4.5461427828784e-07,5.29597832694518e-07,-0.00694315866354403,9.34833235980618e-07,9.00316314657189e-07,-25.8440497575857,5.56259956123715,20,0.171748128300685,56.7204505288525,NaN,NaN,0,0,0,0,nominal_fsw
309,800000,1.25e-06,16,0.13,2,0,0,0,0,1,500000,500000,500000,-0.0432137378264256,3.1515830311229e-07,2.54647908913008e-07,-0.0432137378264256,3.1515830311229e-07,2.54647908913008e-07,-24.9807253597941,7.77148481585967,20,0.288442287794549,8.74507569014458,NaN,NaN,0,0,0,0,nominal_fsw
310,800000,1.25e-06,16,0.67,2,0,0,0,0,1,500000,500000,500000,-0.0432137378264256,3.1515830311229e-07,2.54647908913008e-07,-0.0432137378264256,3.1515830311229e-07,2.54647908913008e-07,-24.9807253597941,6.92907976072265,20,0.291670243589934,10.6280943973228,NaN,NaN,0,0,0,0,nominal_fsw
311,800000,1.25e-06,16,0.13,2,0,0,0,0,2,500000,500000,500000,-0.000434272768624432,4.5461427828784e-07,5.29597832694518e-07,-0.000434272768624432,4.5461427828784e-07,5.29597832694518e-07,-25.8440497575857,3.11226879534806,20,0.20577155821039,50.943757537672,NaN,NaN,0,0,0,0,nominal_fsw
312,800000,1.25e-06,16,0.67,2,0,0,0,0,2,500000,500000,500000,-0.000434272768624432,4.5461427828784e-07,5.29597832694518e-07,-0.000434272768624432,4.5461427828784e-07,5.29597832694518e-07,-25.8440497575857,3.1938469550303,20,0.204023938626904,50.4494923517078,NaN,NaN,0,0,0,0,nominal_fsw
313,800000,1.25e-06,16,0.13,2,0,0,0,0,1,500000,1000000,1000000,-0.0432137378264256,3.1515830311229e-07,2.54647908913008e-07,-0.0108438129222004,1.58758047966712e-07,1.49792887593424e-07,-24.9807253597941,6.20439844576961,20,0.299810793233057,9.09608130204714,NaN,NaN,0,0,0,0,nominal_fsw
314,800000,1.25e-06,16,0.67,2,0,0,0,0,1,500000,1000000,1000000,-0.0432137378264256,3.1515830311229e-07,2.54647908913008e-07,-0.0108438129222004,1.58758047966712e-07,1.49792887593424e-07,-24.9807253597941,4.69031105313569,20,0.298626223403727,9.51985327106215,NaN,NaN,0,0,0,0,nominal_fsw
315,800000,1.25e-06,16,0.13,2,0,0,0,0,2,500000,1000000,1000000,-0.000434272768624432,4.5461427828784e-07,5.29597832694518e-07,-2.71433202967853e-05,2.25640366491931e-07,2.38215990294049e-07,-25.8440497575857,2.46338570624379,20,0.222221411395545,52.1350394552624,NaN,NaN,0,0,0,0,nominal_fsw
316,800000,1.25e-06,16,0.67,2,0,0,0,0,2,500000,1000000,1000000,-0.000434272768624432,4.5461427828784e-07,5.29597832694518e-07,-2.71433202967853e-05,2.25640366491931e-07,2.38215990294049e-07,-25.8440497575857,2.47818050163026,20,0.225140765404064,53.8644938101147,NaN,NaN,0,0,0,0,nominal_fsw
317,800000,1.25e-06,16,0.13,2,0,0,0,0,1,500000,2000000,2000000,-0.0432137378264256,3.1515830311229e-07,2.54647908913008e-07,-0.00271349263374914,7.95277666910522e-08,7.83532027490969e-08,-24.9807253597941,5.68652708731449,20,0.307350642371172,8.77788532712207,NaN,NaN,0,0,0,0,nominal_fsw
318,800000,1.25e-06,16,0.67,2,0,0,0,0,1,500000,2000000,2000000,-0.0432137378264256,3.1515830311229e-07,2.54647908913008e-07,-0.00271349263374914,7.95277666910522e-08,7.83532027490969e-08,-24.9807253597941,6.03696847109829,20,0.302302360913972,9.6945919891529,NaN,NaN,0,0,0,0,nominal_fsw
319,800000,1.25e-06,16,0.13,2,0,0,0,0,2,500000,2000000,2000000,-0.000434272768624432,4.5461427828784e-07,5.29597832694518e-07,-1.69646248855021e-06,1.12609832744504e-07,1.14270071863055e-07,-25.8440497575857,2.80664962789084,20,0.236576784935922,52.0038888328599,NaN,NaN,0,0,0,0,nominal_fsw
320,800000,1.25e-06,16,0.67,2,0,0,0,0,2,500000,2000000,2000000,-0.000434272768624432,4.5461427828784e-07,5.29597832694518e-07,-1.69646248855021e-06,1.12609832744504e-07,1.14270071863055e-07,-25.8440497575857,2.22467400982937,20,0.234991530936808,54.0770583578283,NaN,NaN,0,0,0,0,nominal_fsw
321,800000,1.25e-06,16,0.13,2,0,0,0,0,1,1000000,250000,250000,-0.0108438129222004,1.58758047966712e-07,1.49792887593424e-07,-0.170333392987803,6.12134396241429e-07,3.18309886714201e-07,-22.4058693016764,1.44023565207396,20,0.408310658716203,0.629015879790047,NaN,NaN,0,0,0,0,nominal_fsw
322,800000,1.25e-06,16,0.67,2,0,0,0,0,1,1000000,250000,250000,-0.0108438129222004,1.58758047966712e-07,1.49792887593424e-07,-0.170333392987803,6.12134396241429e-07,3.18309886714201e-07,-22.4058693016764,1.11405377390188,20,0.406588571951738,0.729471314807376,NaN,NaN,0,0,0,0,nominal_fsw
323,800000,1.25e-06,16,0.13,2,0,0,0,0,2,1000000,250000,250000,-2.71433202967853e-05,2.25640366491931e-07,2.38215990294049e-07,-0.00694315866354403,9.34833235980618e-07,9.00316314657189e-07,-22.1352626152756,6.24708389716514,20,0.289030538030292,12.8466864302051,NaN,NaN,0,0,0,0,nominal_fsw
324,800000,1.25e-06,16,0.67,2,0,0,0,0,2,1000000,250000,250000,-2.71433202967853e-05,2.25640366491931e-07,2.38215990294049e-07,-0.00694315866354403,9.34833235980618e-07,9.00316314657189e-07,-22.1352626152756,5.97675071247108,20,0.292252134018635,13.1023263975286,NaN,NaN,0,0,0,0,nominal_fsw
325,800000,1.25e-06,16,0.13,2,0,0,0,0,1,1000000,500000,500000,-0.0108438129222004,1.58758047966712e-07,1.49792887593424e-07,-0.0432137378264256,3.1515830311229e-07,2.54647908913008e-07,-22.4058693016764,2.64601839082952,20,0.40413196582805,0.438442140739932,NaN,NaN,0,0,0,0,nominal_fsw
326,800000,1.25e-06,16,0.67,2,0,0,0,0,1,1000000,500000,500000,-0.0108438129222004,1.58758047966712e-07,1.49792887593424e-07,-0.0432137378264256,3.1515830311229e-07,2.54647908913008e-07,-22.4058693016764,2.64329235927138,20,0.406543723566976,0.412190980160107,NaN,NaN,0,0,0,0,nominal_fsw
327,800000,1.25e-06,16,0.13,2,0,0,0,0,2,1000000,500000,500000,-2.71433202967853e-05,2.25640366491931e-07,2.38215990294049e-07,-0.000434272768624432,4.5461427828784e-07,5.29597832694518e-07,-22.1352626152756,6.90270114466183,20,0.432394693303641,3.69557075372613,NaN,NaN,0,0,0,0,nominal_fsw
328,800000,1.25e-06,16,0.67,2,0,0,0,0,2,1000000,500000,500000,-2.71433202967853e-05,2.25640366491931e-07,2.38215990294049e-07,-0.000434272768624432,4.5461427828784e-07,5.29597832694518e-07,-22.1352626152756,5.55361066129112,20,0.376637890813482,5.12072413738919,NaN,NaN,0,0,0,0,nominal_fsw
329,800000,1.25e-06,16,0.13,2,0,0,0,0,1,1000000,1000000,1000000,-0.0108438129222004,1.58758047966712e-07,1.49792887593424e-07,-0.0108438129222004,1.58758047966712e-07,1.49792887593424e-07,-22.4058693016764,2.96813476398505,20,0.424169357694921,0.360620179637114,NaN,NaN,0,0,0,0,nominal_fsw
330,800000,1.25e-06,16,0.67,2,0,0,0,0,1,1000000,1000000,1000000,-0.0108438129222004,1.58758047966712e-07,1.49792887593424e-07,-0.0108438129222004,1.58758047966712e-07,1.49792887593424e-07,-22.4058693016764,2.51126611820768,20,0.416374908689206,0.442609892639672,NaN,NaN,0,0,0,0,nominal_fsw
331,800000,1.25e-06,16,0.13,2,0,0,0,0,2,1000000,1000000,1000000,-2.71433202967853e-05,2.25640366491931e-07,2.38215990294049e-07,-2.71433202967853e-05,2.25640366491931e-07,2.38215990294049e-07,-22.1352626152756,5.38891367352925,20,0.432971233833959,3.6911982771793,NaN,NaN,0,0,0,0,nominal_fsw
332,800000,1.25e-06,16,0.67,2,0,0,0,0,2,1000000,1000000,1000000,-2.71433202967853e-05,2.25640366491931e-07,2.38215990294049e-07,-2.71433202967853e-05,2.25640366491931e-07,2.38215990294049e-07,-22.1352626152756,5.70442681026315,20,0.447921837298907,3.56615016816808,NaN,NaN,0,0,0,0,nominal_fsw
333,800000,1.25e-06,16,0.13,2,0,0,0,0,1,1000000,2000000,2000000,-0.0108438129222004,1.58758047966712e-07,1.49792887593424e-07,-0.00271349263374914,7.95277666910522e-08,7.83532027490969e-08,-22.4058693016764,2.65989829909179,20,0.421724195513526,0.429038135078376,NaN,NaN,0,0,0,0,nominal_fsw
334,800000,1.25e-06,16,0.67,2,0,0,0,0,1,1000000,2000000,2000000,-0.0108438129222004,1.58758047966712e-07,1.49792887593424e-07,-0.00271349263374914,7.95277666910522e-08,7.83532027490969e-08,-22.4058693016764,2.29320773189728,20,0.428393960239289,0.408867766988296,NaN,NaN,0,0,0,0,nominal_fsw
335,800000,1.25e-06,16,0.13,2,0,0,0,0,2,1000000,2000000,2000000,-2.71433202967853e-05,2.25640366491931e-07,2.38215990294049e-07,-1.69646248855021e-06,1.12609832744504e-07,1.14270071863055e-07,-22.1352626152756,7.66428268699062,20,0.467028467723264,3.27942795527055,NaN,NaN,0,0,0,0,nominal_fsw
336,800000,1.25e-06,16,0.67,2,0,0,0,0,2,1000000,2000000,2000000,-2.71433202967853e-05,2.25640366491931e-07,2.38215990294049e-07,-1.69646248855021e-06,1.12609832744504e-07,1.14270071863055e-07,-22.1352626152756,6.30959034384608,20,0.458865492330805,3.17387646065866,NaN,NaN,0,0,0,0,nominal_fsw
337,800000,1.25e-06,16,0.13,2,0,0,0,0,1,1500000,250000,250000,-0.00482281539738106,1.05985533688917e-07,1.0323563875415e-07,-0.170333392987803,6.12134396241429e-07,3.18309886714201e-07,-21.4880116960114,0.0916456713343061,20,0.472015855813282,0.96125768480837,NaN,NaN,0,0,0,0,nominal_fsw
338,800000,1.25e-06,16,0.67,2,0,0,0,0,1,1500000,250000,250000,-0.00482281539738106,1.05985533688917e-07,1.0323563875415e-07,-0.170333392987803,6.12134396241429e-07,3.18309886714201e-07,-21.4880116960114,1.23631939592387,20,0.456331772721516,0.969767364755017,NaN,NaN,0,0,0,0,nominal_fsw
339,800000,1.25e-06,16,0.13,2,0,0,0,0,2,1500000,250000,250000,-5.36165696188321e-06,1.50219259149706e-07,1.54101944642893e-07,-0.00694315866354403,9.34833235980618e-07,9.00316314657189e-07,-21.2084573342894,1.37051733868843,20,0.415056762580803,1.58665537286624,NaN,NaN,0,0,0,0,nominal_fsw
340,800000,1.25e-06,16,0.67,2,0,0,0,0,2,1500000,250000,250000,-5.36165696188321e-06,1.50219259149706e-07,1.54101944642893e-07,-0.00694315866354403,9.34833235980618e-07,9.00316314657189e-07,-21.2084573342894,1.81124647193576,20,0.424434349217804,1.5293163390789,NaN,NaN,0,0,0,0,nominal_fsw
341,800000,1.25e-06,16,0.13,2,0,0,0,0,1,1500000,500000,500000,-0.00482281539738106,1.05985533688917e-07,1.0323563875415e-07,-0.0432137378264256,3.1515830311229e-07,2.54647908913008e-07,-21.4880116960114,1.26268209409484,20,0.478022031609067,0.699102068688442,NaN,NaN,0,0,0,0,nominal_fsw
342,800000,1.25e-06,16,0.67,2,0,0,0,0,1,1500000,500000,500000,-0.00482281539738106,1.05985533688917e-07,1.0323563875415e-07,-0.0432137378264256,3.1515830311229e-07,2.54647908913008e-07,-21.4880116960114,2.00912046924293,20,0.459460887830512,0.660980335600869,NaN,NaN,0,0,0,0,nominal_fsw
343,800000,1.25e-06,16,0.13,2,0,0,0,0,2,1500000,500000,500000,-5.36165696188321e-06,1.50219259149706e-07,1.54101944642893e-07,-0.000434272768624432,4.5461427828784e-07,5.29597832694518e-07,-21.2084573342894,1.10555517041777,20,0.406434734209959,0.724619202532581,NaN,NaN,0,0,0,0,nominal_fsw
344,800000,1.25e-06,16,0.67,2,0,0,0,0,2,1500000,500000,500000,-5.36165696188321e-06,1.50219259149706e-07,1.54101944642893e-07,-0.000434272768624432,4.5461427828784e-07,5.29597832694518e-07,-21.2084573342894,0.0606826357532286,20,0.416338332996414,0.851201269403907,NaN,NaN,0,0,0,0,nominal_fsw
345,800000,1.25e-06,16,0.13,2,0,0,0,0,1,1500000,1000000,1000000,-0.00482281539738106,1.05985533688917e-07,1.0323563875415e-07,-0.0108438129222004,1.58758047966712e-07,1.49792887593424e-07,-21.4880116960114,0.990907388627371,20,0.469958014726571,0.48965376390133,NaN,NaN,0,0,0,0,nominal_fsw
346,800000,1.25e-06,16,0.67,2,0,0,0,0,1,1500000,1000000,1000000,-0.00482281539738106,1.05985533688917e-07,1.0323563875415e-07,-0.0108438129222004,1.58758047966712e-07,1.49792887593424e-07,-21.4880116960114,0.639501823873034,20,0.47914591261287,0.52533340503896,NaN,NaN,0,0,0,0,nominal_fsw
347,800000,1.25e-06,16,0.13,2,0,0,0,0,2,1500000,1000000,1000000,-5.36165696188321e-06,1.50219259149706e-07,1.54101944642893e-07,-2.71433202967853e-05,2.25640366491931e-07,2.38215990294049e-07,-21.2084573342894,1.10358386153422,20,0.425458886495295,0.715699735742627,NaN,NaN,0,0,0,0,nominal_fsw
348,800000,1.25e-06,16,0.67,2,0,0,0,0,2,1500000,1000000,1000000,-5.36165696188321e-06,1.50219259149706e-07,1.54101944642893e-07,-2.71433202967853e-05,2.25640366491931e-07,2.38215990294049e-07,-21.2084573342894,0.599010891077967,20,0.424582992446757,0.735832142879715,NaN,NaN,0,0,0,0,nominal_fsw
349,800000,1.25e-06,16,0.13,2,0,0,0,0,1,1500000,2000000,2000000,-0.00482281539738106,1.05985533688917e-07,1.0323563875415e-07,-0.00271349263374914,7.95277666910522e-08,7.83532027490969e-08,-21.4880116960114,1.51218490512077,20,0.47448180824844,0.4924249227797,NaN,NaN,0,0,0,0,nominal_fsw
350,800000,1.25e-06,16,0.67,2,0,0,0,0,1,1500000,2000000,2000000,-0.00482281539738106,1.05985533688917e-07,1.0323563875415e-07,-0.00271349263374914,7.95277666910522e-08,7.83532027490969e-08,-21.4880116960114,1.3366020118126,20,0.479216150291879,0.601480867534499,NaN,NaN,0,0,0,0,nominal_fsw
351,800000,1.25e-06,16,0.13,2,0,0,0,0,2,1500000,2000000,2000000,-5.36165696188321e-06,1.50219259149706e-07,1.54101944642893e-07,-1.69646248855021e-06,1.12609832744504e-07,1.14270071863055e-07,-21.2084573342894,0.192122062431055,20,0.439549781863379,0.717308856698978,NaN,NaN,0,0,0,0,nominal_fsw
352,800000,1.25e-06,16,0.67,2,0,0,0,0,2,1500000,2000000,2000000,-5.36165696188321e-06,1.50219259149706e-07,1.54101944642893e-07,-1.69646248855021e-06,1.12609832744504e-07,1.14270071863055e-07,-21.2084573342894,0.282193586530666,20,0.437216620159288,0.559448245999555,NaN,NaN,0,0,0,0,nominal_fsw
353,800000,1.25e-06,16,0.13,2,0,0,0,0,1,2000000,250000,250000,-0.00271349263374914,7.95277666910522e-08,7.83532027490969e-08,-0.170333392987803,6.12134396241429e-07,3.18309886714201e-07,-21.0188187270496,0.689533704558154,20,0.494336273411443,1.06915557417993,NaN,NaN,0,0,0,0,nominal_fsw
354,800000,1.25e-06,16,0.67,2,0,0,0,0,1,2000000,250000,250000,-0.00271349263374914,7.95277666910522e-08,7.83532027490969e-08,-0.170333392987803,6.12134396241429e-07,3.18309886714201e-07,-21.0188187270496,0.123343894693284,20,0.491765614998613,0.839451007092386,NaN,NaN,0,0,0,0,nominal_fsw
355,800000,1.25e-06,16,0.13,2,0,0,0,0,2,2000000,250000,250000,-1.69646248855021e-06,1.12609832744504e-07,1.14270071863055e-07,-0.00694315866354403,9.34833235980618e-07,9.00316314657189e-07,-20.7946412442053,0.462729110219007,20,0.441587763155812,1.2584290150104,NaN,NaN,0,0,0,0,nominal_fsw
356,800000,1.25e-06,16,0.67,2,0,0,0,0,2,2000000,250000,250000,-1.69646248855021e-06,1.12609832744504e-07,1.14270071863055e-07,-0.00694315866354403,9.34833235980618e-07,9.00316314657189e-07,-20.7946412442053,0.316891771322103,20,0.442248755807433,1.08070652598096,NaN,NaN,0,0,0,0,nominal_fsw
357,800000,1.25e-06,16,0.13,2,0,0,0,0,1,2000000,500000,500000,-0.00271349263374914,7.95277666910522e-08,7.83532027490969e-08,-0.0432137378264256,3.1515830311229e-07,2.54647908913008e-07,-21.0188187270496,1.37287572691579,20,0.491228090959392,0.656651081456239,NaN,NaN,0,0,0,0,nominal_fsw
358,800000,1.25e-06,16,0.67,2,0,0,0,0,1,2000000,500000,500000,-0.00271349263374914,7.95277666910522e-08,7.83532027490969e-08,-0.0432137378264256,3.1515830311229e-07,2.54647908913008e-07,-21.0188187270496,0.536240290914536,20,0.49760290883177,0.620367063885289,NaN,NaN,0,0,0,0,nominal_fsw
359,800000,1.25e-06,16,0.13,2,0,0,0,0,2,2000000,500000,500000,-1.69646248855021e-06,1.12609832744504e-07,1.14270071863055e-07,-0.000434272768624432,4.5461427828784e-07,5.29597832694518e-07,-20.7946412442053,1.60326836115331,20,0.42410553718934,0.586834349991996,NaN,NaN,0,0,0,0,nominal_fsw
360,800000,1.25e-06,16,0.67,2,0,0,0,0,2,2000000,500000,500000,-1.69646248855021e-06,1.12609832744504e-07,1.14270071863055e-07,-0.000434272768624432,4.5461427828784e-07,5.29597832694518e-07,-20.7946412442053,1.93965108263775,20,0.426841859962234,0.574416947798493,NaN,NaN,0,0,0,0,nominal_fsw
361,800000,1.25e-06,16,0.13,2,0,0,0,0,1,2000000,1000000,1000000,-0.00271349263374914,7.95277666910522e-08,7.83532027490969e-08,-0.0108438129222004,1.58758047966712e-07,1.49792887593424e-07,-21.0188187270496,1.34735785293983,20,0.504721918086036,0.562546060583248,NaN,NaN,0,0,0,0,nominal_fsw
362,800000,1.25e-06,16,0.67,2,0,0,0,0,1,2000000,1000000,1000000,-0.00271349263374914,7.95277666910522e-08,7.83532027490969e-08,-0.0108438129222004,1.58758047966712e-07,1.49792887593424e-07,-21.0188187270496,0.621576486584885,20,0.503380858258284,0.539875948248102,NaN,NaN,0,0,0,0,nominal_fsw
363,800000,1.25e-06,16,0.13,2,0,0,0,0,2,2000000,1000000,1000000,-1.69646248855021e-06,1.12609832744504e-07,1.14270071863055e-07,-2.71433202967853e-05,2.25640366491931e-07,2.38215990294049e-07,-20.7946412442053,2.69027529029165,20,0.447357691015176,0.464864740436633,NaN,NaN,0,0,0,0,nominal_fsw
364,800000,1.25e-06,16,0.67,2,0,0,0,0,2,2000000,1000000,1000000,-1.69646248855021e-06,1.12609832744504e-07,1.14270071863055e-07,-2.71433202967853e-05,2.25640366491931e-07,2.38215990294049e-07,-20.7946412442053,1.84221172946122,20,0.441307128903879,0.507114832288842,NaN,NaN,0,0,0,0,nominal_fsw
365,800000,1.25e-06,16,0.13,2,0,0,0,0,1,2000000,2000000,2000000,-0.00271349263374914,7.95277666910522e-08,7.83532027490969e-08,-0.00271349263374914,7.95277666910522e-08,7.83532027490969e-08,-21.0188187270496,0.995154282923172,20,0.514901966856297,0.498946206453394,NaN,NaN,0,0,0,0,nominal_fsw
366,800000,1.25e-06,16,0.67,2,0,0,0,0,1,2000000,2000000,2000000,-0.00271349263374914,7.95277666910522e-08,7.83532027490969e-08,-0.00271349263374914,7.95277666910522e-08,7.83532027490969e-08,-21.0188187270496,1.44174532677844,20,0.502892076015475,0.558592763884686,NaN,NaN,0,0,0,0,nominal_fsw
367,800000,1.25e-06,16,0.13,2,0,0,0,0,2,2000000,2000000,2000000,-1.69646248855021e-06,1.12609832744504e-07,1.14270071863055e-07,-1.69646248855021e-06,1.12609832744504e-07,1.14270071863055e-07,-20.7946412442053,1.26225277012009,20,0.448431134713488,0.557940563144998,NaN,NaN,0,0,0,0,nominal_fsw
368,800000,1.25e-06,16,0.67,2,0,0,0,0,2,2000000,2000000,2000000,-1.69646248855021e-06,1.12609832744504e-07,1.14270071863055e-07,-1.69646248855021e-06,1.12609832744504e-07,1.14270071863055e-07,-20.7946412442053,1.7453308935764,20,0.444924036334576,0.457747199749154,NaN,NaN,0,0,0,0,nominal_fsw
369,800000,1.25e-06,16,0.13,2,0,0,0,0,1,3000000,250000,250000,-0.00120620603998196,5.30369152206258e-08,5.26857742637191e-08,-0.170333392987803,6.12134396241429e-07,3.18309886714201e-07,-20.5372540064435,0.481997419631119,20,0.514065267755108,0.960087350964176,NaN,NaN,0,0,0,0,nominal_fsw
370,800000,1.25e-06,16,0.67,2,0,0,0,0,1,3000000,250000,250000,-0.00120620603998196,5.30369152206258e-08,5.26857742637191e-08,-0.170333392987803,6.12134396241429e-07,3.18309886714201e-07,-20.5372540064435,0.0967892303642248,20,0.521923205634428,1.01982231868378,NaN,NaN,0,0,0,0,nominal_fsw
371,800000,1.25e-06,16,0.13,2,0,0,0,0,2,3000000,250000,250000,-3.35103753839414e-07,7.50471945447958e-08,7.55437329481472e-08,-0.00694315866354403,9.34833235980618e-07,9.00316314657189e-07,-20.4043024706064,0.840540703103732,20,0.490939654604292,1.50191827821702,NaN,NaN,0,0,0,0,nominal_fsw
372,800000,1.25e-06,16,0.67,2,0,0,0,0,2,3000000,250000,250000,-3.35103753839414e-07,7.50471945447958e-08,7.55437329481472e-08,-0.00694315866354403,9.34833235980618e-07,9.00316314657189e-07,-20.4043024706064,1.30337913099408,20,0.489209932182102,1.60030282035602,NaN,NaN,0,0,0,0,nominal_fsw
373,800000,1.25e-06,16,0.13,2,0,0,0,0,1,3000000,500000,500000,-0.00120620603998196,5.30369152206258e-08,5.26857742637191e-08,-0.0432137378264256,3.1515830311229e-07,2.54647908913008e-07,-20.5372540064435,1.3956987441774,20,0.510491695281662,0.576537840515773,NaN,NaN,0,0,0,0,nominal_fsw
374,800000,1.25e-06,16,0.67,2,0,0,0,0,1,3000000,500000,500000,-0.00120620603998196,5.30369152206258e-08,5.26857742637191e-08,-0.0432137378264256,3.1515830311229e-07,2.54647908913008e-07,-20.5372540064435,1.39146513683059,20,0.514804642215528,0.727753437563149,NaN,NaN,0,0,0,0,nominal_fsw
375,800000,1.25e-06,16,0.13,2,0,0,0,0,2,3000000,500000,500000,-3.35103753839414e-07,7.50471945447958e-08,7.55437329481472e-08,-0.000434272768624432,4.5461427828784e-07,5.29597832694518e-07,-20.4043024706064,0.744174766692296,20,0.463991614258485,0.741090792592127,NaN,NaN,0,0,0,0,nominal_fsw
376,800000,1.25e-06,16,0.67,2,0,0,0,0,2,3000000,500000,500000,-3.35103753839414e-07,7.50471945447958e-08,7.55437329481472e-08,-0.000434272768624432,4.5461427828784e-07,5.29597832694518e-07,-20.4043024706064,1.33614034388218,20,0.463010163482987,0.728073536967198,NaN,NaN,0,0,0,0,nominal_fsw
377,800000,1.25e-06,16,0.13,2,0,0,0,0,1,3000000,1000000,1000000,-0.00120620603998196,5.30369152206258e-08,5.26857742637191e-08,-0.0108438129222004,1.58758047966712e-07,1.49792887593424e-07,-20.5372540064435,1.67006745677603,20,0.517613674643179,0.547106350142777,NaN,NaN,0,0,0,0,nominal_fsw
378,800000,1.25e-06,16,0.67,2,0,0,0,0,1,3000000,1000000,1000000,-0.00120620603998196,5.30369152206258e-08,5.26857742637191e-08,-0.0108438129222004,1.58758047966712e-07,1.49792887593424e-07,-20.5372540064435,1.15327984596221,20,0.518398693161985,0.701049370049222,NaN,NaN,0,0,0,0,nominal_fsw
379,800000,1.25e-06,16,0.13,2,0,0,0,0,2,3000000,1000000,1000000,-3.35103753839414e-07,7.50471945447958e-08,7.55437329481472e-08,-2.71433202967853e-05,2.25640366491931e-07,2.38215990294049e-07,-20.4043024706064,1.83716028139924,20,0.474957736312602,0.602369463550352,NaN,NaN,0,0,0,0,nominal_fsw
380,800000,1.25e-06,16,0.67,2,0,0,0,0,2,3000000,1000000,1000000,-3.35103753839414e-07,7.50471945447958e-08,7.55437329481472e-08,-2.71433202967853e-05,2.25640366491931e-07,2.38215990294049e-07,-20.4043024706064,0.675457196237594,20,0.482685869734368,0.578949047185126,NaN,NaN,0,0,0,0,nominal_fsw
381,800000,1.25e-06,16,0.13,2,0,0,0,0,1,3000000,2000000,2000000,-0.00120620603998196,5.30369152206258e-08,5.26857742637191e-08,-0.00271349263374914,7.95277666910522e-08,7.83532027490969e-08,-20.5372540064435,0.968772672887808,20,0.50997528977352,0.489698486510046,NaN,NaN,0,0,0,0,nominal_fsw
382,800000,1.25e-06,16,0.67,2,0,0,0,0,1,3000000,2000000,2000000,-0.00120620603998196,5.30369152206258e-08,5.26857742637191e-08,-0.00271349263374914,7.95277666910522e-08,7.83532027490969e-08,-20.5372540064435,1.066176756696,20,0.527396210388968,0.582152244317643,NaN,NaN,0,0,0,0,nominal_fsw
383,800000,1.25e-06,16,0.13,2,0,0,0,0,2,3000000,2000000,2000000,-3.35103753839414e-07,7.50471945447958e-08,7.55437329481472e-08,-1.69646248855021e-06,1.12609832744504e-07,1.14270071863055e-07,-20.4043024706064,1.18373467073014,20,0.496405985160898,0.624833120965332,NaN,NaN,0,0,0,0,nominal_fsw
384,800000,1.25e-06,16,0.67,2,0,0,0,0,2,3000000,2000000,2000000,-3.35103753839414e-07,7.50471945447958e-08,7.55437329481472e-08,-1.69646248855021e-06,1.12609832744504e-07,1.14270071863055e-07,-20.4043024706064,0.452720984933841,20,0.493076144401837,0.530524268003893,NaN,NaN,0,0,0,0,nominal_fsw
385,1000000,1e-06,14,0.13,2,0,0,0,0,1,250000,250000,250000,-0.170333392987803,6.12134396241429e-07,3.18309886714201e-07,-0.170333392987803,6.12134396241429e-07,3.18309886714201e-07,-32.067654602781,5.4864018103655,20,0.337861169380171,22.6215978324804,NaN,NaN,0,0,0,0,nominal_fsw
386,1000000,1e-06,14,0.67,2,0,0,0,0,1,250000,250000,250000,-0.170333392987803,6.12134396241429e-07,3.18309886714201e-07,-0.170333392987803,6.12134396241429e-07,3.18309886714201e-07,-32.067654602781,5.66745744208997,20,0.347834152986399,21.8125994279413,NaN,NaN,0,0,0,0,nominal_fsw
387,1000000,1e-06,14,0.13,2,0,0,0,0,2,250000,250000,250000,-0.00694315866354403,9.34833235980618e-07,9.00316314657189e-07,-0.00694315866354403,9.34833235980618e-07,9.00316314657189e-07,-39.2645343055957,7.20696788124704,20,0.214507990035047,183.435838838185,NaN,NaN,0,0,0,0,nominal_fsw
388,1000000,1e-06,14,0.67,2,0,0,0,0,2,250000,250000,250000,-0.00694315866354403,9.34833235980618e-07,9.00316314657189e-07,-0.00694315866354403,9.34833235980618e-07,9.00316314657189e-07,-39.2645343055957,7.7182031644554,20,0.215097623490541,185.510566160466,NaN,NaN,0,0,0,0,nominal_fsw
389,1000000,1e-06,14,0.13,2,0,0,0,0,1,250000,500000,500000,-0.170333392987803,6.12134396241429e-07,3.18309886714201e-07,-0.0432137378264256,3.1515830311229e-07,2.54647908913008e-07,-32.067654602781,4.40960449801591,20,0.364888193211475,23.5987849538028,NaN,NaN,0,0,0,0,nominal_fsw
390,1000000,1e-06,14,0.67,2,0,0,0,0,1,250000,500000,500000,-0.170333392987803,6.12134396241429e-07,3.18309886714201e-07,-0.0432137378264256,3.1515830311229e-07,2.54647908913008e-07,-32.067654602781,4.42570480267468,20,0.371037664394949,23.2643491803528,NaN,NaN,0,0,0,0,nominal_fsw
391,1000000,1e-06,14,0.13,2,0,0,0,0,2,250000,500000,500000,-0.00694315866354403,9.34833235980618e-07,9.00316314657189e-07,-0.000434272768624432,4.5461427828784e-07,5.29597832694518e-07,-38.2738586167287,8.0802230904049,20,0.236904814132614,172.508563207616,NaN,NaN,0,0,0,0,nominal_fsw
392,1000000,1e-06,14,0.67,2,0,0,0,0,2,250000,500000,500000,-0.00694315866354403,9.34833235980618e-07,9.00316314657189e-07,-0.000434272768624432,4.5461427828784e-07,5.29597832694518e-07,-38.2738586167287,8.83916668826603,20,0.240752922056989,175.319836132503,NaN,NaN,0,0,0,0,nominal_fsw
393,1000000,1e-06,14,0.13,2,0,0,0,0,1,250000,1000000,1000000,-0.170333392987803,6.12134396241429e-07,3.18309886714201e-07,-0.0108438129222004,1.58758047966712e-07,1.49792887593424e-07,-32.067654602781,3.47978898809304,20,0.380349442426183,25.7944483210509,NaN,NaN,0,0,0,0,nominal_fsw
394,1000000,1e-06,14,0.67,2,0,0,0,0,1,250000,1000000,1000000,-0.170333392987803,6.12134396241429e-07,3.18309886714201e-07,-0.0108438129222004,1.58758047966712e-07,1.49792887593424e-07,-32.067654602781,3.80348512601326,20,0.384936247221197,24.2026959078285,NaN,NaN,0,0,0,0,nominal_fsw
395,1000000,1e-06,14,0.13,2,0,0,0,0,2,250000,1000000,1000000,-0.00694315866354403,9.34833235980618e-07,9.00316314657189e-07,-2.71433202967853e-05,2.25640366491931e-07,2.38215990294049e-07,-37.0588407460092,11.1024705062685,20,0.262128361784598,184.734323309422,NaN,NaN,0,0,0,0,nominal_fsw
396,1000000,1e-06,14,0.67,2,0,0,0,0,2,250000,1000000,1000000,-0.00694315866354403,9.34833235980618e-07,9.00316314657189e-07,-2.71433202967853e-05,2.25640366491931e-07,2.38215990294049e-07,-37.0588407460092,10.8733377394529,20,0.271321475543262,183.113520867603,NaN,NaN,0,0,0,0,nominal_fsw
397,1000000,1e-06,14,0.13,2,0,0,0,0,1,250000,2000000,2000000,-0.170333392987803,6.12134396241429e-07,3.18309886714201e-07,-0.00271349263374914,7.95277666910522e-08,7.83532027490969e-08,-32.067654602781,4.48485900264183,20,0.379186343969861,23.7071607764183,NaN,NaN,0,0,0,0,nominal_fsw
398,1000000,1e-06,14,0.67,2,0,0,0,0,1,250000,2000000,2000000,-0.170333392987803,6.12134396241429e-07,3.18309886714201e-07,-0.00271349263374914,7.95277666910522e-08,7.83532027490969e-08,-32.067654602781,4.85454213303476,20,0.392137234614064,22.619586093381,NaN,NaN,0,0,0,0,nominal_fsw
399,1000000,1e-06,14,0.13,2,0,0,0,0,2,250000,2000000,2000000,-0.00694315866354403,9.34833235980618e-07,9.00316314657189e-07,-1.69646248855021e-06,1.12609832744504e-07,1.14270071863055e-07,-36.6474521709638,9.95951825077559,20,0.277972812618213,185.433946333616,NaN,NaN,0,0,0,0,nominal_fsw
400,1000000,1e-06,14,0.67,2,0,0,0,0,2,250000,2000000,2000000,-0.00694315866354403,9.34833235980618e-07,9.00316314657189e-07,-1.69646248855021e-06,1.12609832744504e-07,1.14270071863055e-07,-36.6474521709638,9.46888527496457,20,0.28459791971124,185.846386003846,NaN,NaN,0,0,0,0,nominal_fsw
401,1000000,1e-06,14,0.13,2,0,0,0,0,1,500000,250000,250000,-0.0432137378264256,3.1515830311229e-07,2.54647908913008e-07,-0.170333392987803,6.12134396241429e-07,3.18309886714201e-07,-27.5140860398099,6.77277632151554,20,0.559028309630864,0.736524727814208,NaN,NaN,0,0,0,0,nominal_fsw
402,1000000,1e-06,14,0.67,2,0,0,0,0,1,500000,250000,250000,-0.0432137378264256,3.1515830311229e-07,2.54647908913008e-07,-0.170333392987803,6.12134396241429e-07,3.18309886714201e-07,-27.5140860398099,8.17796022455529,20,0.563512808776926,0.882508956964073,NaN,NaN,0,0,0,0,nominal_fsw
403,1000000,1e-06,14,0.13,2,0,0,0,0,2,500000,250000,250000,-0.000434272768624432,4.5461427828784e-07,5.29597832694518e-07,-0.00694315866354403,9.34833235980618e-07,9.00316314657189e-07,-29.7361829059267,6.14114335696048,20,0.419415213423526,0.84279248786778,NaN,NaN,0,0,0,0,nominal_fsw
404,1000000,1e-06,14,0.67,2,0,0,0,0,2,500000,250000,250000,-0.000434272768624432,4.5461427828784e-07,5.29597832694518e-07,-0.00694315866354403,9.34833235980618e-07,9.00316314657189e-07,-29.7361829059267,5.84141760641318,20,0.418982345098253,0.84746519455245,NaN,NaN,0,0,0,0,nominal_fsw
405,1000000,1e-06,14,0.13,2,0,0,0,0,1,500000,500000,500000,-0.0432137378264256,3.1515830311229e-07,2.54647908913008e-07,-0.0432137378264256,3.1515830311229e-07,2.54647908913008e-07,-27.5140860398099,8.86803384274973,20,0.5801634082215,0.905120639492519,NaN,NaN,0,0,0,0,nominal_fsw
406,1000000,1e-06,14,0.67,2,0,0,0,0,1,500000,500000,500000,-0.0432137378264256,3.1515830311229e-07,2.54647908913008e-07,-0.0432137378264256,3.1515830311229e-07,2.54647908913008e-07,-27.5140860398099,7.78829665649997,20,0.602323514367013,0.893425686179164,NaN,NaN,0,0,0,0,nominal_fsw
407,1000000,1e-06,14,0.13,2,0,0,0,0,2,500000,500000,500000,-0.000434272768624432,4.5461427828784e-07,5.29597832694518e-07,-0.000434272768624432,4.5461427828784e-07,5.29597832694518e-07,-29.7361829059267,5.97714285309151,20,0.455514477339007,0.914171499767003,NaN,NaN,0,0,0,0,nominal_fsw
408,1000000,1e-06,14,0.67,2,0,0,0,0,2,500000,500000,500000,-0.000434272768624432,4.5461427828784e-07,5.29597832694518e-07,-0.000434272768624432,4.5461427828784e-07,5.29597832694518e-07,-29.7361829059267,5.75969278792256,20,0.455128171096444,0.948164677561155,NaN,NaN,0,0,0,0,nominal_fsw
409,1000000,1e-06,14,0.13,2,0,0,0,0,1,500000,1000000,1000000,-0.0432137378264256,3.1515830311229e-07,2.54647908913008e-07,-0.0108438129222004,1.58758047966712e-07,1.49792887593424e-07,-27.5140860398099,8.23418143532049,20,0.599059262041226,1.04499889626179,NaN,NaN,0,0,0,0,nominal_fsw
410,1000000,1e-06,14,0.67,2,0,0,0,0,1,500000,1000000,1000000,-0.0432137378264256,3.1515830311229e-07,2.54647908913008e-07,-0.0108438129222004,1.58758047966712e-07,1.49792887593424e-07,-27.5140860398099,9.29130651055061,20,0.599015639479766,0.845693057014645,NaN,NaN,0,0,0,0,nominal_fsw
411,1000000,1e-06,14,0.13,2,0,0,0,0,2,500000,1000000,1000000,-0.000434272768624432,4.5461427828784e-07,5.29597832694518e-07,-2.71433202967853e-05,2.25640366491931e-07,2.38215990294049e-07,-29.7361829059267,6.04455741534566,20,0.466795801100409,0.924830365315378,NaN,NaN,0,0,0,0,nominal_fsw
412,1000000,1e-06,14,0.67,2,0,0,0,0,2,500000,1000000,1000000,-0.000434272768624432,4.5461427828784e-07,5.29597832694518e-07,-2.71433202967853e-05,2.25640366491931e-07,2.38215990294049e-07,-29.7361829059267,5.70276633633134,20,0.476073026436539,0.837378341355322,NaN,NaN,0,0,0,0,nominal_fsw
413,1000000,1e-06,14,0.13,2,0,0,0,0,1,500000,2000000,2000000,-0.0432137378264256,3.1515830311229e-07,2.54647908913008e-07,-0.00271349263374914,7.95277666910522e-08,7.83532027490969e-08,-27.5140860398099,8.68846499977461,20,0.597276709365349,1.02244894786132,NaN,NaN,0,0,0,0,nominal_fsw
414,1000000,1e-06,14,0.67,2,0,0,0,0,1,500000,2000000,2000000,-0.0432137378264256,3.1515830311229e-07,2.54647908913008e-07,-0.00271349263374914,7.95277666910522e-08,7.83532027490969e-08,-27.5140860398099,9.06955854433431,20,0.613704397381789,1.04917946165813,NaN,NaN,0,0,0,0,nominal_fsw
415,1000000,1e-06,14,0.13,2,0,0,0,0,2,500000,2000000,2000000,-0.000434272768624432,4.5461427828784e-07,5.29597832694518e-07,-1.69646248855021e-06,1.12609832744504e-07,1.14270071863055e-07,-29.7361829059267,7.22388779363068,20,0.484726325059215,0.86843377854028,NaN,NaN,0,0,0,0,nominal_fsw
416,1000000,1e-06,14,0.67,2,0,0,0,0,2,500000,2000000,2000000,-0.000434272768624432,4.5461427828784e-07,5.29597832694518e-07,-1.69646248855021e-06,1.12609832744504e-07,1.14270071863055e-07,-29.7361829059267,6.17717175103643,20,0.482512047527008,0.823677037804386,NaN,NaN,0,0,0,0,nominal_fsw
417,1000000,1e-06,14,0.13,2,0,0,0,0,1,1000000,250000,250000,-0.0108438129222004,1.58758047966712e-07,1.49792887593424e-07,-0.170333392987803,6.12134396241429e-07,3.18309886714201e-07,-24.3465086093212,0.568283615022214,20,0.793325733630407,1.06391411806041,NaN,NaN,0,0,0,0,nominal_fsw
418,1000000,1e-06,14,0.67,2,0,0,0,0,1,1000000,250000,250000,-0.0108438129222004,1.58758047966712e-07,1.49792887593424e-07,-0.170333392987803,6.12134396241429e-07,3.18309886714201e-07,-24.3465086093212,0.566375673978992,20,0.79044622206228,1.01074989330961,NaN,NaN,0,0,0,0,nominal_fsw
419,1000000,1e-06,14,0.13,2,0,0,0,0,2,1000000,250000,250000,-2.71433202967853e-05,2.25640366491931e-07,2.38215990294049e-07,-0.00694315866354403,9.34833235980618e-07,9.00316314657189e-07,-24.2600835485871,2.94243670342778,20,0.733274900893002,1.52996161726459,NaN,NaN,0,0,0,0,nominal_fsw
420,1000000,1e-06,14,0.67,2,0,0,0,0,2,1000000,250000,250000,-2.71433202967853e-05,2.25640366491931e-07,2.38215990294049e-07,-0.00694315866354403,9.34833235980618e-07,9.00316314657189e-07,-24.2600835485871,1.47779033609434,20,0.733103937445379,1.52445049000629,NaN,NaN,0,0,0,0,nominal_fsw
421,1000000,1e-06,14,0.13,2,0,0,0,0,1,1000000,500000,500000,-0.0108438129222004,1.58758047966712e-07,1.49792887593424e-07,-0.0432137378264256,3.1515830311229e-07,2.54647908913008e-07,-24.3465086093212,2.02043844184751,20,0.805713193308575,0.825554554502665,NaN,NaN,0,0,0,0,nominal_fsw
422,1000000,1e-06,14,0.67,2,0,0,0,0,1,1000000,500000,500000,-0.0108438129222004,1.58758047966712e-07,1.49792887593424e-07,-0.0432137378264256,3.1515830311229e-07,2.54647908913008e-07,-24.3465086093212,1.92289926928014,20,0.79308807923463,0.927383899425624,NaN,NaN,0,0,0,0,nominal_fsw
423,1000000,1e-06,14,0.13,2,0,0,0,0,2,1000000,500000,500000,-2.71433202967853e-05,2.25640366491931e-07,2.38215990294049e-07,-0.000434272768624432,4.5461427828784e-07,5.29597832694518e-07,-24.2600835485871,1.48943175473428,20,0.744884426318515,1.07296207406499,NaN,NaN,0,0,0,0,nominal_fsw
424,1000000,1e-06,14,0.67,2,0,0,0,0,2,1000000,500000,500000,-2.71433202967853e-05,2.25640366491931e-07,2.38215990294049e-07,-0.000434272768624432,4.5461427828784e-07,5.29597832694518e-07,-24.2600835485871,0.652144748038119,20,0.735005794626341,1.16214838675622,NaN,NaN,0,0,0,0,nominal_fsw
425,1000000,1e-06,14,0.13,2,0,0,0,0,1,1000000,1000000,1000000,-0.0108438129222004,1.58758047966712e-07,1.49792887593424e-07,-0.0108438129222004,1.58758047966712e-07,1.49792887593424e-07,-24.3465086093212,3.41451519365326,20,0.790670695701255,0.861814728265322,NaN,NaN,0,0,0,0,nominal_fsw
426,1000000,1e-06,14,0.67,2,0,0,0,0,1,1000000,1000000,1000000,-0.0108438129222004,1.58758047966712e-07,1.49792887593424e-07,-0.0108438129222004,1.58758047966712e-07,1.49792887593424e-07,-24.3465086093212,2.23253362428544,20,0.815540716936991,0.896240618007399,NaN,NaN,0,0,0,0,nominal_fsw
427,1000000,1e-06,14,0.13,2,0,0,0,0,2,1000000,1000000,1000000,-2.71433202967853e-05,2.25640366491931e-07,2.38215990294049e-07,-2.71433202967853e-05,2.25640366491931e-07,2.38215990294049e-07,-24.2600835485871,1.9693155998711,20,0.745752519182766,1.08720650932734,NaN,NaN,0,0,0,0,nominal_fsw
428,1000000,1e-06,14,0.67,2,0,0,0,0,2,1000000,1000000,1000000,-2.71433202967853e-05,2.25640366491931e-07,2.38215990294049e-07,-2.71433202967853e-05,2.25640366491931e-07,2.38215990294049e-07,-24.2600835485871,0.627274006973266,20,0.756757761396257,1.16472793853427,NaN,NaN,0,0,0,0,nominal_fsw
429,1000000,1e-06,14,0.13,2,0,0,0,0,1,1000000,2000000,2000000,-0.0108438129222004,1.58758047966712e-07,1.49792887593424e-07,-0.00271349263374914,7.95277666910522e-08,7.83532027490969e-08,-24.3465086093212,2.41411742863952,20,0.805901817732826,0.81773247247366,NaN,NaN,0,0,0,0,nominal_fsw
430,1000000,1e-06,14,0.67,2,0,0,0,0,1,1000000,2000000,2000000,-0.0108438129222004,1.58758047966712e-07,1.49792887593424e-07,-0.00271349263374914,7.95277666910522e-08,7.83532027490969e-08,-24.3465086093212,2.27401682200585,20,0.815347580937665,0.83089488890203,NaN,NaN,0,0,0,0,nominal_fsw
431,1000000,1e-06,14,0.13,2,0,0,0,0,2,1000000,2000000,2000000,-2.71433202967853e-05,2.25640366491931e-07,2.38215990294049e-07,-1.69646248855021e-06,1.12609832744504e-07,1.14270071863055e-07,-24.2600835485871,0.807336660298974,20,0.75152431887514,1.04684318629254,NaN,NaN,0,0,0,0,nominal_fsw
432,1000000,1e-06,14,0.67,2,0,0,0,0,2,1000000,2000000,2000000,-2.71433202967853e-05,2.25640366491931e-07,2.38215990294049e-07,-1.69646248855021e-06,1.12609832744504e-07,1.14270071863055e-07,-24.2600835485871,0.341500554388485,20,0.747001309068687,1.07002782473746,NaN,NaN,0,0,0,0,nominal_fsw
433,1000000,1e-06,14,0.13,2,0,0,0,0,1,1500000,250000,250000,-0.00482281539738106,1.05985533688917e-07,1.0323563875415e-07,-0.170333392987803,6.12134396241429e-07,3.18309886714201e-07,-23.1650768344844,2.47481811590211,20,0.850027172744861,0.999924212279057,NaN,NaN,0,0,0,0,nominal_fsw
434,1000000,1e-06,14,0.67,2,0,0,0,0,1,1500000,250000,250000,-0.00482281539738106,1.05985533688917e-07,1.0323563875415e-07,-0.170333392987803,6.12134396241429e-07,3.18309886714201e-07,-23.1650768344844,0.396305396891183,20,0.852492947723415,1.17696726797551,NaN,NaN,0,0,0,0,nominal_fsw
435,1000000,1e-06,14,0.13,2,0,0,0,0,2,1500000,250000,250000,-5.36165696188321e-06,1.50219259149706e-07,1.54101944642893e-07,-0.00694315866354403,9.34833235980618e-07,9.00316314657189e-07,-22.8989504670099,0.0161591741396738,20,0.778421683240975,1.16375268385107,NaN,NaN,0,0,0,0,nominal_fsw
436,1000000,1e-06,14,0.67,2,0,0,0,0,2,1500000,250000,250000,-5.36165696188321e-06,1.50219259149706e-07,1.54101944642893e-07,-0.00694315866354403,9.34833235980618e-07,9.00316314657189e-07,-22.8989504670099,0.726042735147836,20,0.780162551847534,1.24910074319714,NaN,NaN,0,0,0,0,nominal_fsw
437,1000000,1e-06,14,0.13,2,0,0,0,0,1,1500000,500000,500000,-0.00482281539738106,1.05985533688917e-07,1.0323563875415e-07,-0.0432137378264256,3.1515830311229e-07,2.54647908913008e-07,-23.1650768344844,2.74285193234911,20,0.865960317393431,0.903046102832924,NaN,NaN,0,0,0,0,nominal_fsw
438,1000000,1e-06,14,0.67,2,0,0,0,0,1,1500000,500000,500000,-0.00482281539738106,1.05985533688917e-07,1.0323563875415e-07,-0.0432137378264256,3.1515830311229e-07,2.54647908913008e-07,-23.1650768344844,1.94179765808843,20,0.859795848726032,0.916051236063951,NaN,NaN,0,0,0,0,nominal_fsw
439,1000000,1e-06,14,0.13,2,0,0,0,0,2,1500000,500000,500000,-5.36165696188321e-06,1.50219259149706e-07,1.54101944642893e-07,-0.000434272768624432,4.5461427828784e-07,5.29597832694518e-07,-22.8989504670099,2.48284408512384,20,0.761398134042689,0.928594203645785,NaN,NaN,0,0,0,0,nominal_fsw
440,1000000,1e-06,14,0.67,2,0,0,0,0,2,1500000,500000,500000,-5.36165696188321e-06,1.50219259149706e-07,1.54101944642893e-07,-0.000434272768624432,4.5461427828784e-07,5.29597832694518e-07,-22.8989504670099,1.60620289968849,20,0.785847283695752,0.90417943772405,NaN,NaN,0,0,0,0,nominal_fsw
441,1000000,1e-06,14,0.13,2,0,0,0,0,1,1500000,1000000,1000000,-0.00482281539738106,1.05985533688917e-07,1.0323563875415e-07,-0.0108438129222004,1.58758047966712e-07,1.49792887593424e-07,-23.1650768344844,2.04400580235323,20,0.857867218944535,0.885261879705237,NaN,NaN,0,0,0,0,nominal_fsw
442,1000000,1e-06,14,0.67,2,0,0,0,0,1,1500000,1000000,1000000,-0.00482281539738106,1.05985533688917e-07,1.0323563875415e-07,-0.0108438129222004,1.58758047966712e-07,1.49792887593424e-07,-23.1650768344844,1.54546354510403,20,0.866868078997742,0.82503301385885,NaN,NaN,0,0,0,0,nominal_fsw
443,1000000,1e-06,14,0.13,2,0,0,0,0,2,1500000,1000000,1000000,-5.36165696188321e-06,1.50219259149706e-07,1.54101944642893e-07,-2.71433202967853e-05,2.25640366491931e-07,2.38215990294049e-07,-22.8989504670099,2.99191153884779,20,0.785343720746624,0.928313660993533,NaN,NaN,0,0,0,0,nominal_fsw
444,1000000,1e-06,14,0.67,2,0,0,0,0,2,1500000,1000000,1000000,-5.36165696188321e-06,1.50219259149706e-07,1.54101944642893e-07,-2.71433202967853e-05,2.25640366491931e-07,2.38215990294049e-07,-22.8989504670099,2.06987713687661,20,0.783059167169965,0.951714857598651,NaN,NaN,0,0,0,0,nominal_fsw
445,1000000,1e-06,14,0.13,2,0,0,0,0,1,1500000,2000000,2000000,-0.00482281539738106,1.05985533688917e-07,1.0323563875415e-07,-0.00271349263374914,7.95277666910522e-08,7.83532027490969e-08,-23.1650768344844,0.97907323957297,20,0.885018416920852,0.950061316146628,NaN,NaN,0,0,0,0,nominal_fsw
446,1000000,1e-06,14,0.67,2,0,0,0,0,1,1500000,2000000,2000000,-0.00482281539738106,1.05985533688917e-07,1.0323563875415e-07,-0.00271349263374914,7.95277666910522e-08,7.83532027490969e-08,-23.1650768344844,2.42065519211662,20,0.869380330469479,0.84910713526691,NaN,NaN,0,0,0,0,nominal_fsw
447,1000000,1e-06,14,0.13,2,0,0,0,0,2,1500000,2000000,2000000,-5.36165696188321e-06,1.50219259149706e-07,1.54101944642893e-07,-1.69646248855021e-06,1.12609832744504e-07,1.14270071863055e-07,-22.8989504670099,2.39623753224922,20,0.794744287331514,0.844837759120742,NaN,NaN,0,0,0,0,nominal_fsw
448,1000000,1e-06,14,0.67,2,0,0,0,0,2,1500000,2000000,2000000,-5.36165696188321e-06,1.50219259149706e-07,1.54101944642893e-07,-1.69646248855021e-06,1.12609832744504e-07,1.14270071863055e-07,-22.8989504670099,1.98174316703283,20,0.791958146434819,0.914587177213905,NaN,NaN,0,0,0,0,nominal_fsw
449,1000000,1e-06,14,0.13,2,0,0,0,0,1,2000000,250000,250000,-0.00271349263374914,7.95277666910522e-08,7.83532027490969e-08,-0.170333392987803,6.12134396241429e-07,3.18309886714201e-07,-22.5547398753345,1.82566287066315,20,0.893312195705746,1.12811116806021,NaN,NaN,0,0,0,0,nominal_fsw
450,1000000,1e-06,14,0.67,2,0,0,0,0,1,2000000,250000,250000,-0.00271349263374914,7.95277666910522e-08,7.83532027490969e-08,-0.170333392987803,6.12134396241429e-07,3.18309886714201e-07,-22.5547398753345,2.13887566453987,20,0.886247402760979,1.06792074815417,NaN,NaN,0,0,0,0,nominal_fsw
451,1000000,1e-06,14,0.13,2,0,0,0,0,2,2000000,250000,250000,-1.69646248855021e-06,1.12609832744504e-07,1.14270071863055e-07,-0.00694315866354403,9.34833235980618e-07,9.00316314657189e-07,-22.3122393738969,0.273514278556775,20,0.827032569180804,1.21843510316214,NaN,NaN,0,0,0,0,nominal_fsw
452,1000000,1e-06,14,0.67,2,0,0,0,0,2,2000000,250000,250000,-1.69646248855021e-06,1.12609832744504e-07,1.14270071863055e-07,-0.00694315866354403,9.34833235980618e-07,9.00316314657189e-07,-22.3122393738969,0.660410029877778,20,0.807896442750345,1.23488647299764,NaN,NaN,0,0,0,0,nominal_fsw
453,1000000,1e-06,14,0.13,2,0,0,0,0,1,2000000,500000,500000,-0.00271349263374914,7.95277666910522e-08,7.83532027490969e-08,-0.0432137378264256,3.1515830311229e-07,2.54647908913008e-07,-22.5547398753345,1.6298911861232,20,0.899242242575891,0.921582571762904,NaN,NaN,0,0,0,0,nominal_fsw
454,1000000,1e-06,14,0.67,2,0,0,0,0,1,2000000,500000,500000,-0.00271349263374914,7.95277666910522e-08,7.83532027490969e-08,-0.0432137378264256,3.1515830311229e-07,2.54647908913008e-07,-22.5547398753345,3.00860526926162,20,0.884406771592233,0.907466410618915,NaN,NaN,0,0,0,0,nominal_fsw
455,1000000,1e-06,14,0.13,2,0,0,0,0,2,2000000,500000,500000,-1.69646248855021e-06,1.12609832744504e-07,1.14270071863055e-07,-0.000434272768624432,4.5461427828784e-07,5.29597832694518e-07,-22.3122393738969,2.29140866140046,20,0.82502941109477,0.937750584025966,NaN,NaN,0,0,0,0,nominal_fsw
456,1000000,1e-06,14,0.67,2,0,0,0,0,2,2000000,500000,500000,-1.69646248855021e-06,1.12609832744504e-07,1.14270071863055e-07,-0.000434272768624432,4.5461427828784e-07,5.29597832694518e-07,-22.3122393738969,2.23928815776674,20,0.824253146027456,0.932972700672494,NaN,NaN,0,0,0,0,nominal_fsw
457,1000000,1e-06,14,0.13,2,0,0,0,0,1,2000000,1000000,1000000,-0.00271349263374914,7.95277666910522e-08,7.83532027490969e-08,-0.0108438129222004,1.58758047966712e-07,1.49792887593424e-07,-22.5547398753345,2.55823839991456,20,0.887790533602503,0.768863346209688,NaN,NaN,0,0,0,0,nominal_fsw
458,1000000,1e-06,14,0.67,2,0,0,0,0,1,2000000,1000000,1000000,-0.00271349263374914,7.95277666910522e-08,7.83532027490969e-08,-0.0108438129222004,1.58758047966712e-07,1.49792887593424e-07,-22.5547398753345,2.98941206680228,20,0.894040385735576,0.841748810996138,NaN,NaN,0,0,0,0,nominal_fsw
459,1000000,1e-06,14,0.13,2,0,0,0,0,2,2000000,1000000,1000000,-1.69646248855021e-06,1.12609832744504e-07,1.14270071863055e-07,-2.71433202967853e-05,2.25640366491931e-07,2.38215990294049e-07,-22.3122393738969,2.80880253122122,20,0.816536231345307,0.827560431640611,NaN,NaN,0,0,0,0,nominal_fsw
460,1000000,1e-06,14,0.67,2,0,0,0,0,2,2000000,1000000,1000000,-1.69646248855021e-06,1.12609832744504e-07,1.14270071863055e-07,-2.71433202967853e-05,2.25640366491931e-07,2.38215990294049e-07,-22.3122393738969,2.04545311975648,20,0.835399317712301,0.900263432984304,NaN,NaN,0,0,0,0,nominal_fsw
461,1000000,1e-06,14,0.13,2,0,0,0,0,1,2000000,2000000,2000000,-0.00271349263374914,7.95277666910522e-08,7.83532027490969e-08,-0.00271349263374914,7.95277666910522e-08,7.83532027490969e-08,-22.5547398753345,2.37656868435752,20,0.891562176322835,0.738610877053081,NaN,NaN,0,0,0,0,nominal_fsw
462,1000000,1e-06,14,0.67,2,0,0,0,0,1,2000000,2000000,2000000,-0.00271349263374914,7.95277666910522e-08,7.83532027490969e-08,-0.00271349263374914,7.95277666910522e-08,7.83532027490969e-08,-22.5547398753345,2.89711703776233,20,0.903655001264723,0.819417823609948,NaN,NaN,0,0,0,0,nominal_fsw
463,1000000,1e-06,14,0.13,2,0,0,0,0,2,2000000,2000000,2000000,-1.69646248855021e-06,1.12609832744504e-07,1.14270071863055e-07,-1.69646248855021e-06,1.12609832744504e-07,1.14270071863055e-07,-22.3122393738969,2.5114077345352,20,0.836293269021625,0.995758226371134,NaN,NaN,0,0,0,0,nominal_fsw
464,1000000,1e-06,14,0.67,2,0,0,0,0,2,2000000,2000000,2000000,-1.69646248855021e-06,1.12609832744504e-07,1.14270071863055e-07,-1.69646248855021e-06,1.12609832744504e-07,1.14270071863055e-07,-22.3122393738969,2.04592918298289,20,0.843951686805582,0.798244860402276,NaN,NaN,0,0,0,0,nominal_fsw
465,1000000,1e-06,14,0.13,2,0,0,0,0,1,3000000,250000,250000,-0.00120620603998196,5.30369152206258e-08,5.26857742637191e-08,-0.170333392987803,6.12134396241429e-07,3.18309886714201e-07,-21.9265159471221,1.56269431639839,20,0.917653053664736,1.01240074492254,NaN,NaN,0,0,0,0,nominal_fsw
466,1000000,1e-06,14,0.67,2,0,0,0,0,1,3000000,250000,250000,-0.00120620603998196,5.30369152206258e-08,5.26857742637191e-08,-0.170333392987803,6.12134396241429e-07,3.18309886714201e-07,-21.9265159471221,1.0400886085959,20,0.9110048826289,1.09221156570162,NaN,NaN,0,0,0,0,nominal_fsw
467,1000000,1e-06,14,0.13,2,0,0,0,0,2,3000000,250000,250000,-3.35103753839414e-07,7.50471945447958e-08,7.55437329481472e-08,-0.00694315866354403,9.34833235980618e-07,9.00316314657189e-07,-21.7733724988682,1.65317645898864,20,0.86938164202616,1.25720366679727,NaN,NaN,0,0,0,0,nominal_fsw
468,1000000,1e-06,14,0.67,2,0,0,0,0,2,3000000,250000,250000,-3.35103753839414e-07,7.50471945447958e-08,7.55437329481472e-08,-0.00694315866354403,9.34833235980618e-07,9.00316314657189e-07,-21.7733724988682,1.58723529548955,20,0.855608865322516,1.26800140018474,NaN,NaN,0,0,0,0,nominal_fsw
469,1000000,1e-06,14,0.13,2,0,0,0,0,1,3000000,500000,500000,-0.00120620603998196,5.30369152206258e-08,5.26857742637191e-08,-0.0432137378264256,3.1515830311229e-07,2.54647908913008e-07,-21.9265159471221,2.05393065032647,20,0.917084887273769,0.931041280127963,NaN,NaN,0,0,0,0,nominal_fsw
470,1000000,1e-06,14,0.67,2,0,0,0,0,1,3000000,500000,500000,-0.00120620603998196,5.30369152206258e-08,5.26857742637191e-08,-0.0432137378264256,3.1515830311229e-07,2.54647908913008e-07,-21.9265159471221,3.05472215454525,20,0.939430167230041,1.00051954571738,NaN,NaN,0,0,0,0,nominal_fsw
471,1000000,1e-06,14,0.13,2,0,0,0,0,2,3000000,500000,500000,-3.35103753839414e-07,7.50471945447958e-08,7.55437329481472e-08,-0.000434272768624432,4.5461427828784e-07,5.29597832694518e-07,-21.7733724988682,1.58504769643435,20,0.883489213178814,0.868958767325924,NaN,NaN,0,0,0,0,nominal_fsw
472,1000000,1e-06,14,0.67,2,0,0,0,0,2,3000000,500000,500000,-3.35103753839414e-07,7.50471945447958e-08,7.55437329481472e-08,-0.000434272768624432,4.5461427828784e-07,5.29597832694518e-07,-21.7733724988682,2.10724385833903,20,0.869793588144182,0.890676558875323,NaN,NaN,0,0,0,0,nominal_fsw
473,1000000,1e-06,14,0.13,2,0,0,0,0,1,3000000,1000000,1000000,-0.00120620603998196,5.30369152206258e-08,5.26857742637191e-08,-0.0108438129222004,1.58758047966712e-07,1.49792887593424e-07,-21.9265159471221,2.93043306237496,20,0.925487668680574,0.772487282493833,NaN,NaN,0,0,0,0,nominal_fsw
474,1000000,1e-06,14,0.67,2,0,0,0,0,1,3000000,1000000,1000000,-0.00120620603998196,5.30369152206258e-08,5.26857742637191e-08,-0.0108438129222004,1.58758047966712e-07,1.49792887593424e-07,-21.9265159471221,3.86779042935164,20,0.936272276749445,0.823937540088463,NaN,NaN,0,0,0,0,nominal_fsw
475,1000000,1e-06,14,0.13,2,0,0,0,0,2,3000000,1000000,1000000,-3.35103753839414e-07,7.50471945447958e-08,7.55437329481472e-08,-2.71433202967853e-05,2.25640366491931e-07,2.38215990294049e-07,-21.7733724988682,2.90575856105321,20,0.865439037175944,0.846255855556171,NaN,NaN,0,0,0,0,nominal_fsw
476,1000000,1e-06,14,0.67,2,0,0,0,0,2,3000000,1000000,1000000,-3.35103753839414e-07,7.50471945447958e-08,7.55437329481472e-08,-2.71433202967853e-05,2.25640366491931e-07,2.38215990294049e-07,-21.7733724988682,2.42884090177385,20,0.889448508765582,0.846153791592967,NaN,NaN,0,0,0,0,nominal_fsw
477,1000000,1e-06,14,0.13,2,0,0,0,0,1,3000000,2000000,2000000,-0.00120620603998196,5.30369152206258e-08,5.26857742637191e-08,-0.00271349263374914,7.95277666910522e-08,7.83532027490969e-08,-21.9265159471221,1.77942079517784,20,0.95054073547769,0.957392218209039,NaN,NaN,0,0,0,0,nominal_fsw
478,1000000,1e-06,14,0.67,2,0,0,0,0,1,3000000,2000000,2000000,-0.00120620603998196,5.30369152206258e-08,5.26857742637191e-08,-0.00271349263374914,7.95277666910522e-08,7.83532027490969e-08,-21.9265159471221,2.84708145613618,20,0.950018991365014,0.934387500467014,NaN,NaN,0,0,0,0,nominal_fsw
479,1000000,1e-06,14,0.13,2,0,0,0,0,2,3000000,2000000,2000000,-3.35103753839414e-07,7.50471945447958e-08,7.55437329481472e-08,-1.69646248855021e-06,1.12609832744504e-07,1.14270071863055e-07,-21.7733724988682,1.48143147347516,20,0.885409076450747,0.854259554289549,NaN,NaN,0,0,0,0,nominal_fsw
480,1000000,1e-06,14,0.67,2,0,0,0,0,2,3000000,2000000,2000000,-3.35103753839414e-07,7.50471945447958e-08,7.55437329481472e-08,-1.69646248855021e-06,1.12609832744504e-07,1.14270071863055e-07,-21.7733724988682,1.04735591002483,20,0.882769324455414,0.881618965536727,NaN,NaN,0,0,0,0,nominal_fsw
481,1000000,1e-06,16,0.13,2,0,0,0,0,1,250000,250000,250000,-0.170333392987803,6.12134396241429e-07,3.18309886714201e-07,-0.170333392987803,6.12134396241429e-07,3.18309886714201e-07,-32.067654602781,6.04752341706403,20,0.322009386081432,44.3071066063209,NaN,NaN,0,0,0,0,nominal_fsw
482,1000000,1e-06,16,0.67,2,0,0,0,0,1,250000,250000,250000,-0.170333392987803,6.12134396241429e-07,3.18309886714201e-07,-0.170333392987803,6.12134396241429e-07,3.18309886714201e-07,-32.067654602781,5.49931335508217,20,0.323555675026538,45.5522701673737,NaN,NaN,0,0,0,0,nominal_fsw
483,1000000,1e-06,16,0.13,2,0,0,0,0,2,250000,250000,250000,-0.00694315866354403,9.34833235980618e-07,9.00316314657189e-07,-0.00694315866354403,9.34833235980618e-07,9.00316314657189e-07,-39.2645343055957,9.71407735710488,20,0.19788886046155,383.319735341852,NaN,NaN,0,0,0,0,nominal_fsw
484,1000000,1e-06,16,0.67,2,0,0,0,0,2,250000,250000,250000,-0.00694315866354403,9.34833235980618e-07,9.00316314657189e-07,-0.00694315866354403,9.34833235980618e-07,9.00316314657189e-07,-39.2645343055957,10.5169571451317,20,0.198925057704259,385.789926934396,NaN,NaN,0,0,0,0,nominal_fsw
485,1000000,1e-06,16,0.13,2,0,0,0,0,1,250000,500000,500000,-0.170333392987803,6.12134396241429e-07,3.18309886714201e-07,-0.0432137378264256,3.1515830311229e-07,2.54647908913008e-07,-32.067654602781,3.84368616263836,20,0.342772016620754,43.148257065773,NaN,NaN,0,0,0,0,nominal_fsw
486,1000000,1e-06,16,0.67,2,0,0,0,0,1,250000,500000,500000,-0.170333392987803,6.12134396241429e-07,3.18309886714201e-07,-0.0432137378264256,3.1515830311229e-07,2.54647908913008e-07,-32.067654602781,4.87456612531634,20,0.345359977089154,41.5386781224712,NaN,NaN,0,0,0,0,nominal_fsw
487,1000000,1e-06,16,0.13,2,0,0,0,0,2,250000,500000,500000,-0.00694315866354403,9.34833235980618e-07,9.00316314657189e-07,-0.000434272768624432,4.5461427828784e-07,5.29597832694518e-07,-38.2738586167287,10.7165976722579,20,0.22914966016159,340.981966538508,NaN,NaN,0,0,0,0,nominal_fsw
488,1000000,1e-06,16,0.67,2,0,0,0,0,2,250000,500000,500000,-0.00694315866354403,9.34833235980618e-07,9.00316314657189e-07,-0.000434272768624432,4.5461427828784e-07,5.29597832694518e-07,-38.2738586167287,11.0611227837006,20,0.228826371046037,339.455792381074,NaN,NaN,0,0,0,0,nominal_fsw
489,1000000,1e-06,16,0.13,2,0,0,0,0,1,250000,1000000,1000000,-0.170333392987803,6.12134396241429e-07,3.18309886714201e-07,-0.0108438129222004,1.58758047966712e-07,1.49792887593424e-07,-32.067654602781,3.16541999010638,20,0.353097288181628,44.7834973199292,NaN,NaN,0,0,0,0,nominal_fsw
490,1000000,1e-06,16,0.67,2,0,0,0,0,1,250000,1000000,1000000,-0.170333392987803,6.12134396241429e-07,3.18309886714201e-07,-0.0108438129222004,1.58758047966712e-07,1.49792887593424e-07,-32.067654602781,4.77406898720121,20,0.355594935318054,44.244400861404,NaN,NaN,0,0,0,0,nominal_fsw
491,1000000,1e-06,16,0.13,2,0,0,0,0,2,250000,1000000,1000000,-0.00694315866354403,9.34833235980618e-07,9.00316314657189e-07,-2.71433202967853e-05,2.25640366491931e-07,2.38215990294049e-07,-37.0588407460092,11.3833299037433,20,0.250124005699191,355.547098466182,NaN,NaN,0,0,0,0,nominal_fsw
492,1000000,1e-06,16,0.67,2,0,0,0,0,2,250000,1000000,1000000,-0.00694315866354403,9.34833235980618e-07,9.00316314657189e-07,-2.71433202967853e-05,2.25640366491931e-07,2.38215990294049e-07,-37.0588407460092,11.7243711131532,20,0.251966446279904,357.37420546709,NaN,NaN,0,0,0,0,nominal_fsw
493,1000000,1e-06,16,0.13,2,0,0,0,0,1,250000,2000000,2000000,-0.170333392987803,6.12134396241429e-07,3.18309886714201e-07,-0.00271349263374914,7.95277666910522e-08,7.83532027490969e-08,-32.067654602781,3.40017037348316,20,0.367670038174366,45.4632517817232,NaN,NaN,0,0,0,0,nominal_fsw
494,1000000,1e-06,16,0.67,2,0,0,0,0,1,250000,2000000,2000000,-0.170333392987803,6.12134396241429e-07,3.18309886714201e-07,-0.00271349263374914,7.95277666910522e-08,7.83532027490969e-08,-32.067654602781,3.47763965524841,20,0.359744882840439,43.8653050270001,NaN,NaN,0,0,0,0,nominal_fsw
495,1000000,1e-06,16,0.13,2,0,0,0,0,2,250000,2000000,2000000,-0.00694315866354403,9.34833235980618e-07,9.00316314657189e-07,-1.69646248855021e-06,1.12609832744504e-07,1.14270071863055e-07,-36.6474521709638,11.5775567790208,20,0.251602256694739,354.328605365466,NaN,NaN,0,0,0,0,nominal_fsw
496,1000000,1e-06,16,0.67,2,0,0,0,0,2,250000,2000000,2000000,-0.00694315866354403,9.34833235980618e-07,9.00316314657189e-07,-1.69646248855021e-06,1.12609832744504e-07,1.14270071863055e-07,-36.6474521709638,11.9398510115551,20,0.253971155896461,356.753479568438,NaN,NaN,0,0,0,0,nominal_fsw
497,1000000,1e-06,16,0.13,2,0,0,0,0,1,500000,250000,250000,-0.0432137378264256,3.1515830311229e-07,2.54647908913008e-07,-0.170333392987803,6.12134396241429e-07,3.18309886714201e-07,-27.5140860398099,7.97182109809129,20,0.540526148346521,0.597254828011706,NaN,NaN,0,0,0,0,nominal_fsw
498,1000000,1e-06,16,0.67,2,0,0,0,0,1,500000,250000,250000,-0.0432137378264256,3.1515830311229e-07,2.54647908913008e-07,-0.170333392987803,6.12134396241429e-07,3.18309886714201e-07,-27.5140860398099,7.44970799227832,20,0.543492176428486,0.679767761923893,NaN,NaN,0,0,0,0,nominal_fsw
499,1000000,1e-06,16,0.13,2,0,0,0,0,2,500000,250000,250000,-0.000434272768624432,4.5461427828784e-07,5.29597832694518e-07,-0.00694315866354403,9.34833235980618e-07,9.00316314657189e-07,-29.7361829059267,5.17653516857035,20,0.405697291728269,0.564262597971917,NaN,NaN,0,0,0,0,nominal_fsw
500,1000000,1e-06,16,0.67,2,0,0,0,0,2,500000,250000,250000,-0.000434272768624432,4.5461427828784e-07,5.29597832694518e-07,-0.00694315866354403,9.34833235980618e-07,9.00316314657189e-07,-29.7361829059267,5.89201238737983,20,0.401675507387182,0.62985996831861,NaN,NaN,0,0,0,0,nominal_fsw
501,1000000,1e-06,16,0.13,2,0,0,0,0,1,500000,500000,500000,-0.0432137378264256,3.1515830311229e-07,2.54647908913008e-07,-0.0432137378264256,3.1515830311229e-07,2.54647908913008e-07,-27.5140860398099,8.46316805804974,20,0.554662902861375,0.787693282979382,NaN,NaN,0,0,0,0,nominal_fsw
502,1000000,1e-06,16,0.67,2,0,0,0,0,1,500000,500000,500000,-0.0432137378264256,3.1515830311229e-07,2.54647908913008e-07,-0.0432137378264256,3.1515830311229e-07,2.54647908913008e-07,-27.5140860398099,8.86532254299986,20,0.556859747016698,0.869431293182294,NaN,NaN,0,0,0,0,nominal_fsw
503,1000000,1e-06,16,0.13,2,0,0,0,0,2,500000,500000,500000,-0.000434272768624432,4.5461427828784e-07,5.29597832694518e-07,-0.000434272768624432,4.5461427828784e-07,5.29597832694518e-07,-29.7361829059267,6.15340859373592,20,0.42837900401909,0.648692442959885,NaN,NaN,0,0,0,0,nominal_fsw
504,1000000,1e-06,16,0.67,2,0,0,0,0,2,500000,500000,500000,-0.000434272768624432,4.5461427828784e-07,5.29597832694518e-07,-0.000434272768624432,4.5461427828784e-07,5.29597832694518e-07,-29.7361829059267,6.33436352280685,20,0.430737533460267,0.670221449241797,NaN,NaN,0,0,0,0,nominal_fsw
505,1000000,1e-06,16,0.13,2,0,0,0,0,1,500000,1000000,1000000,-0.0432137378264256,3.1515830311229e-07,2.54647908913008e-07,-0.0108438129222004,1.58758047966712e-07,1.49792887593424e-07,-27.5140860398099,8.26939161337068,20,0.573982799827123,1.00503294481083,NaN,NaN,0,0,0,0,nominal_fsw
506,1000000,1e-06,16,0.67,2,0,0,0,0,1,500000,1000000,1000000,-0.0432137378264256,3.1515830311229e-07,2.54647908913008e-07,-0.0108438129222004,1.58758047966712e-07,1.49792887593424e-07,-27.5140860398099,8.37367553913833,20,0.572317055751636,1.06607957417355,NaN,NaN,0,0,0,0,nominal_fsw
507,1000000,1e-06,16,0.13,2,0,0,0,0,2,500000,1000000,1000000,-0.000434272768624432,4.5461427828784e-07,5.29597832694518e-07,-2.71433202967853e-05,2.25640366491931e-07,2.38215990294049e-07,-29.7361829059267,5.01459178819906,20,0.454087722611698,0.63674598789844,NaN,NaN,0,0,0,0,nominal_fsw
508,1000000,1e-06,16,0.67,2,0,0,0,0,2,500000,1000000,1000000,-0.000434272768624432,4.5461427828784e-07,5.29597832694518e-07,-2.71433202967853e-05,2.25640366491931e-07,2.38215990294049e-07,-29.7361829059267,5.52935559410366,20,0.451055608018196,0.607839729320966,NaN,NaN,0,0,0,0,nominal_fsw
509,1000000,1e-06,16,0.13,2,0,0,0,0,1,500000,2000000,2000000,-0.0432137378264256,3.1515830311229e-07,2.54647908913008e-07,-0.00271349263374914,7.95277666910522e-08,7.83532027490969e-08,-27.5140860398099,7.80416669746005,20,0.574595782185153,0.999453137747989,NaN,NaN,0,0,0,0,nominal_fsw
510,1000000,1e-06,16,0.67,2,0,0,0,0,1,500000,2000000,2000000,-0.0432137378264256,3.1515830311229e-07,2.54647908913008e-07,-0.00271349263374914,7.95277666910522e-08,7.83532027490969e-08,-27.5140860398099,8.08976495130512,20,0.583306328902018,0.935006359491035,NaN,NaN,0,0,0,0,nominal_fsw
511,1000000,1e-06,16,0.13,2,0,0,0,0,2,500000,2000000,2000000,-0.000434272768624432,4.5461427828784e-07,5.29597832694518e-07,-1.69646248855021e-06,1.12609832744504e-07,1.14270071863055e-07,-29.7361829059267,5.34081456059214,20,0.46602228856595,0.789665675681795,NaN,NaN,0,0,0,0,nominal_fsw
512,1000000,1e-06,16,0.67,2,0,0,0,0,2,500000,2000000,2000000,-0.000434272768624432,4.5461427828784e-07,5.29597832694518e-07,-1.69646248855021e-06,1.12609832744504e-07,1.14270071863055e-07,-29.7361829059267,5.65141208254798,20,0.457894786512849,0.719763204999299,NaN,NaN,0,0,0,0,nominal_fsw
513,1000000,1e-06,16,0.13,2,0,0,0,0,1,1000000,250000,250000,-0.0108438129222004,1.58758047966712e-07,1.49792887593424e-07,-0.170333392987803,6.12134396241429e-07,3.18309886714201e-07,-24.3465086093212,0.1943734244648,20,0.794456084239218,0.7687693155118,NaN,NaN,0,0,0,0,nominal_fsw
514,1000000,1e-06,16,0.67,2,0,0,0,0,1,1000000,250000,250000,-0.0108438129222004,1.58758047966712e-07,1.49792887593424e-07,-0.170333392987803,6.12134396241429e-07,3.18309886714201e-07,-24.3465086093212,0.930061216874001,20,0.796524438454857,0.890694458242731,NaN,NaN,0,0,0,0,nominal_fsw
515,1000000,1e-06,16,0.13,2,0,0,0,0,2,1000000,250000,250000,-2.71433202967853e-05,2.25640366491931e-07,2.38215990294049e-07,-0.00694315866354403,9.34833235980618e-07,9.00316314657189e-07,-24.2600835485871,4.12864323534397,20,0.738601836591143,1.79513816746442,NaN,NaN,0,0,0,0,nominal_fsw
516,1000000,1e-06,16,0.67,2,0,0,0,0,2,1000000,250000,250000,-2.71433202967853e-05,2.25640366491931e-07,2.38215990294049e-07,-0.00694315866354403,9.34833235980618e-07,9.00316314657189e-07,-24.2600835485871,4.74214241717366,20,0.74035158303856,1.77862864253117,NaN,NaN,0,0,0,0,nominal_fsw
517,1000000,1e-06,16,0.13,2,0,0,0,0,1,1000000,500000,500000,-0.0108438129222004,1.58758047966712e-07,1.49792887593424e-07,-0.0432137378264256,3.1515830311229e-07,2.54647908913008e-07,-24.3465086093212,1.20994481239048,20,0.792605604539295,0.527157077296448,NaN,NaN,0,0,0,0,nominal_fsw
518,1000000,1e-06,16,0.67,2,0,0,0,0,1,1000000,500000,500000,-0.0108438129222004,1.58758047966712e-07,1.49792887593424e-07,-0.0432137378264256,3.1515830311229e-07,2.54647908913008e-07,-24.3465086093212,0.898100461967077,20,0.787587611297827,0.634070999661172,NaN,NaN,0,0,0,0,nominal_fsw
519,1000000,1e-06,16,0.13,2,0,0,0,0,2,1000000,500000,500000,-2.71433202967853e-05,2.25640366491931e-07,2.38215990294049e-07,-0.000434272768624432,4.5461427828784e-07,5.29597832694518e-07,-24.2600835485871,2.21161811161859,20,0.719252188278875,1.28077246523824,NaN,NaN,0,0,0,0,nominal_fsw
520,1000000,1e-06,16,0.67,2,0,0,0,0,2,1000000,500000,500000,-2.71433202967853e-05,2.25640366491931e-07,2.38215990294049e-07,-0.000434272768624432,4.5461427828784e-07,5.29597832694518e-07,-24.2600835485871,1.78460714122555,20,0.729167643388109,1.13684741350295,NaN,NaN,0,0,0,0,nominal_fsw
521,1000000,1e-06,16,0.13,2,0,0,0,0,1,1000000,1000000,1000000,-0.0108438129222004,1.58758047966712e-07,1.49792887593424e-07,-0.0108438129222004,1.58758047966712e-07,1.49792887593424e-07,-24.3465086093212,1.35958380098231,20,0.805930757085256,0.556839892250175,NaN,NaN,0,0,0,0,nominal_fsw
522,1000000,1e-06,16,0.67,2,0,0,0,0,1,1000000,1000000,1000000,-0.0108438129222004,1.58758047966712e-07,1.49792887593424e-07,-0.0108438129222004,1.58758047966712e-07,1.49792887593424e-07,-24.3465086093212,1.37039392895285,20,0.796136883507957,0.43174709891103,NaN,NaN,0,0,0,0,nominal_fsw
523,1000000,1e-06,16,0.13,2,0,0,0,0,2,1000000,1000000,1000000,-2.71433202967853e-05,2.25640366491931e-07,2.38215990294049e-07,-2.71433202967853e-05,2.25640366491931e-07,2.38215990294049e-07,-24.2600835485871,2.46124922979298,20,0.735365447756238,1.06719575769152,NaN,NaN,0,0,0,0,nominal_fsw
524,1000000,1e-06,16,0.67,2,0,0,0,0,2,1000000,1000000,1000000,-2.71433202967853e-05,2.25640366491931e-07,2.38215990294049e-07,-2.71433202967853e-05,2.25640366491931e-07,2.38215990294049e-07,-24.2600835485871,1.57337583885981,20,0.735750470372362,1.21657978333126,NaN,NaN,0,0,0,0,nominal_fsw
525,1000000,1e-06,16,0.13,2,0,0,0,0,1,1000000,2000000,2000000,-0.0108438129222004,1.58758047966712e-07,1.49792887593424e-07,-0.00271349263374914,7.95277666910522e-08,7.83532027490969e-08,-24.3465086093212,1.13899913275417,20,0.804834334057275,0.592620847979222,NaN,NaN,0,0,0,0,nominal_fsw
526,1000000,1e-06,16,0.67,2,0,0,0,0,1,1000000,2000000,2000000,-0.0108438129222004,1.58758047966712e-07,1.49792887593424e-07,-0.00271349263374914,7.95277666910522e-08,7.83532027490969e-08,-24.3465086093212,1.50944394820628,20,0.800308685967611,0.587217032550505,NaN,NaN,0,0,0,0,nominal_fsw
527,1000000,1e-06,16,0.13,2,0,0,0,0,2,1000000,2000000,2000000,-2.71433202967853e-05,2.25640366491931e-07,2.38215990294049e-07,-1.69646248855021e-06,1.12609832744504e-07,1.14270071863055e-07,-24.2600835485871,2.18063072118584,20,0.73508506535936,0.950107057805294,NaN,NaN,0,0,0,0,nominal_fsw
528,1000000,1e-06,16,0.67,2,0,0,0,0,2,1000000,2000000,2000000,-2.71433202967853e-05,2.25640366491931e-07,2.38215990294049e-07,-1.69646248855021e-06,1.12609832744504e-07,1.14270071863055e-07,-24.2600835485871,2.86735769928665,20,0.733790755819302,0.870091061857646,NaN,NaN,0,0,0,0,nominal_fsw
529,1000000,1e-06,16,0.13,2,0,0,0,0,1,1500000,250000,250000,-0.00482281539738106,1.05985533688917e-07,1.0323563875415e-07,-0.170333392987803,6.12134396241429e-07,3.18309886714201e-07,-23.1650768344844,1.4529100077149,20,0.871614630102741,0.867806714223573,NaN,NaN,0,0,0,0,nominal_fsw
530,1000000,1e-06,16,0.67,2,0,0,0,0,1,1500000,250000,250000,-0.00482281539738106,1.05985533688917e-07,1.0323563875415e-07,-0.170333392987803,6.12134396241429e-07,3.18309886714201e-07,-23.1650768344844,0.0375083072200022,20,0.876435956502188,0.873066165865993,NaN,NaN,0,0,0,0,nominal_fsw
531,1000000,1e-06,16,0.13,2,0,0,0,0,2,1500000,250000,250000,-5.36165696188321e-06,1.50219259149706e-07,1.54101944642893e-07,-0.00694315866354403,9.34833235980618e-07,9.00316314657189e-07,-22.8989504670099,0.048639392423,20,0.767634811697554,0.900905560298977,NaN,NaN,0,0,0,0,nominal_fsw
532,1000000,1e-06,16,0.67,2,0,0,0,0,2,1500000,250000,250000,-5.36165696188321e-06,1.50219259149706e-07,1.54101944642893e-07,-0.00694315866354403,9.34833235980618e-07,9.00316314657189e-07,-22.8989504670099,0.0504512789263334,20,0.768907303134119,1.01735715123825,NaN,NaN,0,0,0,0,nominal_fsw
533,1000000,1e-06,16,0.13,2,0,0,0,0,1,1500000,500000,500000,-0.00482281539738106,1.05985533688917e-07,1.0323563875415e-07,-0.0432137378264256,3.1515830311229e-07,2.54647908913008e-07,-23.1650768344844,1.22854763186169,20,0.858037837184565,0.61938460132596,NaN,NaN,0,0,0,0,nominal_fsw
534,1000000,1e-06,16,0.67,2,0,0,0,0,1,1500000,500000,500000,-0.00482281539738106,1.05985533688917e-07,1.0323563875415e-07,-0.0432137378264256,3.1515830311229e-07,2.54647908913008e-07,-23.1650768344844,1.49721791394648,20,0.863407489982474,0.656277850108866,NaN,NaN,0,0,0,0,nominal_fsw
535,1000000,1e-06,16,0.13,2,0,0,0,0,2,1500000,500000,500000,-5.36165696188321e-06,1.50219259149706e-07,1.54101944642893e-07,-0.000434272768624432,4.5461427828784e-07,5.29597832694518e-07,-22.8989504670099,2.12310167470636,20,0.769129549381995,0.606619130808031,NaN,NaN,0,0,0,0,nominal_fsw
536,1000000,1e-06,16,0.67,2,0,0,0,0,2,1500000,500000,500000,-5.36165696188321e-06,1.50219259149706e-07,1.54101944642893e-07,-0.000434272768624432,4.5461427828784e-07,5.29597832694518e-07,-22.8989504670099,1.32017010504519,20,0.756539254836881,0.586496719351788,NaN,NaN,0,0,0,0,nominal_fsw
537,1000000,1e-06,16,0.13,2,0,0,0,0,1,1500000,1000000,1000000,-0.00482281539738106,1.05985533688917e-07,1.0323563875415e-07,-0.0108438129222004,1.58758047966712e-07,1.49792887593424e-07,-23.1650768344844,1.59009286697713,20,0.870820784397423,0.628180535774614,NaN,NaN,0,0,0,0,nominal_fsw
538,1000000,1e-06,16,0.67,2,0,0,0,0,1,1500000,1000000,1000000,-0.00482281539738106,1.05985533688917e-07,1.0323563875415e-07,-0.0108438129222004,1.58758047966712e-07,1.49792887593424e-07,-23.1650768344844,1.49080497399351,20,0.877963073656208,0.554100644384666,NaN,NaN,0,0,0,0,nominal_fsw
539,1000000,1e-06,16,0.13,2,0,0,0,0,2,1500000,1000000,1000000,-5.36165696188321e-06,1.50219259149706e-07,1.54101944642893e-07,-2.71433202967853e-05,2.25640366491931e-07,2.38215990294049e-07,-22.8989504670099,1.13456138571167,20,0.784202147207108,0.554171105915788,NaN,NaN,0,0,0,0,nominal_fsw
540,1000000,1e-06,16,0.67,2,0,0,0,0,2,1500000,1000000,1000000,-5.36165696188321e-06,1.50219259149706e-07,1.54101944642893e-07,-2.71433202967853e-05,2.25640366491931e-07,2.38215990294049e-07,-22.8989504670099,1.75952803152598,20,0.77978298397547,0.553339558036848,NaN,NaN,0,0,0,0,nominal_fsw
541,1000000,1e-06,16,0.13,2,0,0,0,0,1,1500000,2000000,2000000,-0.00482281539738106,1.05985533688917e-07,1.0323563875415e-07,-0.00271349263374914,7.95277666910522e-08,7.83532027490969e-08,-23.1650768344844,0.949595055675467,20,0.873839409673327,0.538246345767018,NaN,NaN,0,0,0,0,nominal_fsw
542,1000000,1e-06,16,0.67,2,0,0,0,0,1,1500000,2000000,2000000,-0.00482281539738106,1.05985533688917e-07,1.0323563875415e-07,-0.00271349263374914,7.95277666910522e-08,7.83532027490969e-08,-23.1650768344844,0.373023506719405,20,0.875912451991941,0.483891271596594,NaN,NaN,0,0,0,0,nominal_fsw
543,1000000,1e-06,16,0.13,2,0,0,0,0,2,1500000,2000000,2000000,-5.36165696188321e-06,1.50219259149706e-07,1.54101944642893e-07,-1.69646248855021e-06,1.12609832744504e-07,1.14270071863055e-07,-22.8989504670099,2.0472862157206,20,0.79589734011462,0.454551921661538,NaN,NaN,0,0,0,0,nominal_fsw
544,1000000,1e-06,16,0.67,2,0,0,0,0,2,1500000,2000000,2000000,-5.36165696188321e-06,1.50219259149706e-07,1.54101944642893e-07,-1.69646248855021e-06,1.12609832744504e-07,1.14270071863055e-07,-22.8989504670099,1.10509048503549,20,0.789852375072113,0.509113028806019,NaN,NaN,0,0,0,0,nominal_fsw
545,1000000,1e-06,16,0.13,2,0,0,0,0,1,2000000,250000,250000,-0.00271349263374914,7.95277666910522e-08,7.83532027490969e-08,-0.170333392987803,6.12134396241429e-07,3.18309886714201e-07,-22.5547398753345,1.46717097901614,20,0.891940952398001,0.965589411711803,NaN,NaN,0,0,0,0,nominal_fsw
546,1000000,1e-06,16,0.67,2,0,0,0,0,1,2000000,250000,250000,-0.00271349263374914,7.95277666910522e-08,7.83532027490969e-08,-0.170333392987803,6.12134396241429e-07,3.18309886714201e-07,-22.5547398753345,0.474778147060229,20,0.889386544277099,0.991536388970525,NaN,NaN,0,0,0,0,nominal_fsw
547,1000000,1e-06,16,0.13,2,0,0,0,0,2,2000000,250000,250000,-1.69646248855021e-06,1.12609832744504e-07,1.14270071863055e-07,-0.00694315866354403,9.34833235980618e-07,9.00316314657189e-07,-22.3122393738969,1.26247681065161,20,0.835161644305215,0.99520951214204,NaN,NaN,0,0,0,0,nominal_fsw
548,1000000,1e-06,16,0.67,2,0,0,0,0,2,2000000,250000,250000,-1.69646248855021e-06,1.12609832744504e-07,1.14270071863055e-07,-0.00694315866354403,9.34833235980618e-07,9.00316314657189e-07,-22.3122393738969,0.32174616770948,20,0.837748202845208,1.00933111383812,NaN,NaN,0,0,0,0,nominal_fsw
549,1000000,1e-06,16,0.13,2,0,0,0,0,1,2000000,500000,500000,-0.00271349263374914,7.95277666910522e-08,7.83532027490969e-08,-0.0432137378264256,3.1515830311229e-07,2.54647908913008e-07,-22.5547398753345,0.975419746648565,20,0.892717248484224,0.691242259137067,NaN,NaN,0,0,0,0,nominal_fsw
550,1000000,1e-06,16,0.67,2,0,0,0,0,1,2000000,500000,500000,-0.00271349263374914,7.95277666910522e-08,7.83532027490969e-08,-0.0432137378264256,3.1515830311229e-07,2.54647908913008e-07,-22.5547398753345,2.03832719479737,20,0.899550789282552,0.714122472765968,NaN,NaN,0,0,0,0,nominal_fsw
551,1000000,1e-06,16,0.13,2,0,0,0,0,2,2000000,500000,500000,-1.69646248855021e-06,1.12609832744504e-07,1.14270071863055e-07,-0.000434272768624432,4.5461427828784e-07,5.29597832694518e-07,-22.3122393738969,1.02803281390993,20,0.825647583554461,0.784882375283396,NaN,NaN,0,0,0,0,nominal_fsw
552,1000000,1e-06,16,0.67,2,0,0,0,0,2,2000000,500000,500000,-1.69646248855021e-06,1.12609832744504e-07,1.14270071863055e-07,-0.000434272768624432,4.5461427828784e-07,5.29597832694518e-07,-22.3122393738969,0.676027589744499,20,0.810346297985436,0.658867060668713,NaN,NaN,0,0,0,0,nominal_fsw
553,1000000,1e-06,16,0.13,2,0,0,0,0,1,2000000,1000000,1000000,-0.00271349263374914,7.95277666910522e-08,7.83532027490969e-08,-0.0108438129222004,1.58758047966712e-07,1.49792887593424e-07,-22.5547398753345,0.674603829817289,20,0.90033064343082,0.556608770208421,NaN,NaN,0,0,0,0,nominal_fsw
554,1000000,1e-06,16,0.67,2,0,0,0,0,1,2000000,1000000,1000000,-0.00271349263374914,7.95277666910522e-08,7.83532027490969e-08,-0.0108438129222004,1.58758047966712e-07,1.49792887593424e-07,-22.5547398753345,2.32225903891135,20,0.902822788045625,0.681955197525048,NaN,NaN,0,0,0,0,nominal_fsw
555,1000000,1e-06,16,0.13,2,0,0,0,0,2,2000000,1000000,1000000,-1.69646248855021e-06,1.12609832744504e-07,1.14270071863055e-07,-2.71433202967853e-05,2.25640366491931e-07,2.38215990294049e-07,-22.3122393738969,1.19448134314014,20,0.820567115176549,0.669891391813085,NaN,NaN,0,0,0,0,nominal_fsw
556,1000000,1e-06,16,0.67,2,0,0,0,0,2,2000000,1000000,1000000,-1.69646248855021e-06,1.12609832744504e-07,1.14270071863055e-07,-2.71433202967853e-05,2.25640366491931e-07,2.38215990294049e-07,-22.3122393738969,1.57145347168294,20,0.829648139370961,0.572921921785904,NaN,NaN,0,0,0,0,nominal_fsw
557,1000000,1e-06,16,0.13,2,0,0,0,0,1,2000000,2000000,2000000,-0.00271349263374914,7.95277666910522e-08,7.83532027490969e-08,-0.00271349263374914,7.95277666910522e-08,7.83532027490969e-08,-22.5547398753345,0.697041586758107,20,0.894864587225898,0.675702163826023,NaN,NaN,0,0,0,0,nominal_fsw
558,1000000,1e-06,16,0.67,2,0,0,0,0,1,2000000,2000000,2000000,-0.00271349263374914,7.95277666910522e-08,7.83532027490969e-08,-0.00271349263374914,7.95277666910522e-08,7.83532027490969e-08,-22.5547398753345,0.958010945883636,20,0.904334515177055,0.590288155983249,NaN,NaN,0,0,0,0,nominal_fsw
559,1000000,1e-06,16,0.13,2,0,0,0,0,2,2000000,2000000,2000000,-1.69646248855021e-06,1.12609832744504e-07,1.14270071863055e-07,-1.69646248855021e-06,1.12609832744504e-07,1.14270071863055e-07,-22.3122393738969,1.26335423670585,20,0.837539409319233,0.557009924703712,NaN,NaN,0,0,0,0,nominal_fsw
560,1000000,1e-06,16,0.67,2,0,0,0,0,2,2000000,2000000,2000000,-1.69646248855021e-06,1.12609832744504e-07,1.14270071863055e-07,-1.69646248855021e-06,1.12609832744504e-07,1.14270071863055e-07,-22.3122393738969,0.687123192377037,20,0.843798973654841,0.649315133874817,NaN,NaN,0,0,0,0,nominal_fsw
561,1000000,1e-06,16,0.13,2,0,0,0,0,1,3000000,250000,250000,-0.00120620603998196,5.30369152206258e-08,5.26857742637191e-08,-0.170333392987803,6.12134396241429e-07,3.18309886714201e-07,-21.9265159471221,0.216483172805559,20,0.931909859756701,0.997240696882247,NaN,NaN,0,0,0,0,nominal_fsw
562,1000000,1e-06,16,0.67,2,0,0,0,0,1,3000000,250000,250000,-0.00120620603998196,5.30369152206258e-08,5.26857742637191e-08,-0.170333392987803,6.12134396241429e-07,3.18309886714201e-07,-21.9265159471221,1.42792375445769,20,0.926025907735935,1.04948846404531,NaN,NaN,0,0,0,0,nominal_fsw
563,1000000,1e-06,16,0.13,2,0,0,0,0,2,3000000,250000,250000,-3.35103753839414e-07,7.50471945447958e-08,7.55437329481472e-08,-0.00694315866354403,9.34833235980618e-07,9.00316314657189e-07,-21.7733724988682,0.883964912094992,20,0.884092691916693,0.992847340212408,NaN,NaN,0,0,0,0,nominal_fsw
564,1000000,1e-06,16,0.67,2,0,0,0,0,2,3000000,250000,250000,-3.35103753839414e-07,7.50471945447958e-08,7.55437329481472e-08,-0.00694315866354403,9.34833235980618e-07,9.00316314657189e-07,-21.7733724988682,0.0649355199769719,20,0.871596482308429,0.963008007363947,NaN,NaN,0,0,0,0,nominal_fsw
565,1000000,1e-06,16,0.13,2,0,0,0,0,1,3000000,500000,500000,-0.00120620603998196,5.30369152206258e-08,5.26857742637191e-08,-0.0432137378264256,3.1515830311229e-07,2.54647908913008e-07,-21.9265159471221,1.28159920783263,20,0.935034398519884,0.79698597799447,NaN,NaN,0,0,0,0,nominal_fsw
566,1000000,1e-06,16,0.67,2,0,0,0,0,1,3000000,500000,500000,-0.00120620603998196,5.30369152206258e-08,5.26857742637191e-08,-0.0432137378264256,3.1515830311229e-07,2.54647908913008e-07,-21.9265159471221,1.22524819684617,20,0.928876189986662,0.624806054674187,NaN,NaN,0,0,0,0,nominal_fsw
567,1000000,1e-06,16,0.13,2,0,0,0,0,2,3000000,500000,500000,-3.35103753839414e-07,7.50471945447958e-08,7.55437329481472e-08,-0.000434272768624432,4.5461427828784e-07,5.29597832694518e-07,-21.7733724988682,1.72504889195058,20,0.86621486191582,0.75876610957937,NaN,NaN,0,0,0,0,nominal_fsw
568,1000000,1e-06,16,0.67,2,0,0,0,0,2,3000000,500000,500000,-3.35103753839414e-07,7.50471945447958e-08,7.55437329481472e-08,-0.000434272768624432,4.5461427828784e-07,5.29597832694518e-07,-21.7733724988682,1.72026554172356,20,0.864515302566015,0.760143180956213,NaN,NaN,0,0,0,0,nominal_fsw
569,1000000,1e-06,16,0.13,2,0,0,0,0,1,3000000,1000000,1000000,-0.00120620603998196,5.30369152206258e-08,5.26857742637191e-08,-0.0108438129222004,1.58758047966712e-07,1.49792887593424e-07,-21.9265159471221,1.02240604851357,20,0.93967488836739,0.535796788316474,NaN,NaN,0,0,0,0,nominal_fsw
570,1000000,1e-06,16,0.67,2,0,0,0,0,1,3000000,1000000,1000000,-0.00120620603998196,5.30369152206258e-08,5.26857742637191e-08,-0.0108438129222004,1.58758047966712e-07,1.49792887593424e-07,-21.9265159471221,1.56697226535142,20,0.946965419311624,0.617532801029723,NaN,NaN,0,0,0,0,nominal_fsw
571,1000000,1e-06,16,0.13,2,0,0,0,0,2,3000000,1000000,1000000,-3.35103753839414e-07,7.50471945447958e-08,7.55437329481472e-08,-2.71433202967853e-05,2.25640366491931e-07,2.38215990294049e-07,-21.7733724988682,1.35241133601895,20,0.874757833530052,0.649448983875132,NaN,NaN,0,0,0,0,nominal_fsw
572,1000000,1e-06,16,0.67,2,0,0,0,0,2,3000000,1000000,1000000,-3.35103753839414e-07,7.50471945447958e-08,7.55437329481472e-08,-2.71433202967853e-05,2.25640366491931e-07,2.38215990294049e-07,-21.7733724988682,1.04052682262836,20,0.874473538981068,0.546118863596299,NaN,NaN,0,0,0,0,nominal_fsw
573,1000000,1e-06,16,0.13,2,0,0,0,0,1,3000000,2000000,2000000,-0.00120620603998196,5.30369152206258e-08,5.26857742637191e-08,-0.00271349263374914,7.95277666910522e-08,7.83532027490969e-08,-21.9265159471221,1.5293549131645,20,0.939965073568842,0.586098196462308,NaN,NaN,0,0,0,0,nominal_fsw
574,1000000,1e-06,16,0.67,2,0,0,0,0,1,3000000,2000000,2000000,-0.00120620603998196,5.30369152206258e-08,5.26857742637191e-08,-0.00271349263374914,7.95277666910522e-08,7.83532027490969e-08,-21.9265159471221,1.60396012707082,20,0.940972521972719,0.505497867387721,NaN,NaN,0,0,0,0,nominal_fsw
575,1000000,1e-06,16,0.13,2,0,0,0,0,2,3000000,2000000,2000000,-3.35103753839414e-07,7.50471945447958e-08,7.55437329481472e-08,-1.69646248855021e-06,1.12609832744504e-07,1.14270071863055e-07,-21.7733724988682,1.02233587719416,20,0.894545519049359,0.582925258404864,NaN,NaN,0,0,0,0,nominal_fsw
576,1000000,1e-06,16,0.67,2,0,0,0,0,2,3000000,2000000,2000000,-3.35103753839414e-07,7.50471945447958e-08,7.55437329481472e-08,-1.69646248855021e-06,1.12609832744504e-07,1.14270071863055e-07,-21.7733724988682,0.283435278325528,20,0.90519866003399,0.610136802680127,NaN,NaN,0,0,0,0,nominal_fsw
577,1600000,6.25e-07,14,0.13,2,1.875,3,3,1,1,250000,250000,250000,-0.170333392987803,6.12134396241429e-07,3.18309886714201e-07,-0.170333392987803,6.12134396241429e-07,3.18309886714201e-07,-37.4831195261177,18.4469907115841,46.1594392229603,1.26965183371557,35.8393533748586,0.620113007462483,7.87581114318763e-05,0,0,0,0,nominal_fsw
578,1600000,6.25e-07,14,0.67,2,1.875,3,3,1,1,250000,250000,250000,-0.170333392987803,6.12134396241429e-07,3.18309886714201e-07,-0.170333392987803,6.12134396241429e-07,3.18309886714201e-07,-37.4831195261177,17.5001566709487,45.8118743985852,1.32403312661783,36.5555856093678,0.521811815325915,7.26520292053671e-05,0,0,0,0,nominal_fsw
579,1600000,6.25e-07,14,0.13,2,1.875,3,3,1,2,250000,250000,250000,-0.00694315866354403,9.34833235980618e-07,9.00316314657189e-07,-0.00694315866354403,9.34833235980618e-07,9.00316314657189e-07,-41.3944597900758,5.8072793979278,96.0035556835282,30.7663536369402,321.299378522872,0.483353042767013,0.000176041455381987,0,0,0,0,nominal_fsw
580,1600000,6.25e-07,14,0.67,2,1.875,3,3,1,2,250000,250000,250000,-0.00694315866354403,9.34833235980618e-07,9.00316314657189e-07,-0.00694315866354403,9.34833235980618e-07,9.00316314657189e-07,-41.3944597900758,4.11329001388286,95.1772965529257,30.2278899700192,321.676501517805,0.460478863547219,0.000176041455381973,0,0,0,0,nominal_fsw
581,1600000,6.25e-07,14,0.13,2,1.875,3,3,1,1,250000,500000,500000,-0.170333392987803,6.12134396241429e-07,3.18309886714201e-07,-0.0432137378264256,3.1515830311229e-07,2.54647908913008e-07,-37.4831195261177,17.2523398884032,46.1590491731919,1.3249629941542,38.2842621950775,0.558425066425222,7.54463380209146e-05,0,0,0,0,nominal_fsw
582,1600000,6.25e-07,14,0.67,2,1.875,3,3,1,1,250000,500000,500000,-0.170333392987803,6.12134396241429e-07,3.18309886714201e-07,-0.0432137378264256,3.1515830311229e-07,2.54647908913008e-07,-37.4831195261177,17.3856564101581,46.2691908911964,1.32355227214841,39.5195150782069,0.506625273396965,7.54463380208962e-05,0,0,0,0,nominal_fsw
583,1600000,6.25e-07,14,0.13,2,1.875,3,3,1,2,250000,500000,500000,-0.00694315866354403,9.34833235980618e-07,9.00316314657189e-07,-0.000434272768624432,4.5461427828784e-07,5.29597832694518e-07,-40.941498682637,2.58191853732702,95.3195468885189,31.4115064470129,340.664625138322,0.444262887878569,0.000176041455382,0,0,0,0,nominal_fsw
584,1600000,6.25e-07,14,0.67,2,1.875,3,3,1,2,250000,500000,500000,-0.00694315866354403,9.34833235980618e-07,9.00316314657189e-07,-0.000434272768624432,4.5461427828784e-07,5.29597832694518e-07,-40.941498682637,1.60859543863259,95.5577285070719,32.5085310627533,343.97908031819,0.480371226760479,0.000176041455382063,0,0,0,0,nominal_fsw
585,1600000,6.25e-07,14,0.13,2,1.875,3,3,1,1,250000,1000000,1000000,-0.170333392987803,6.12134396241429e-07,3.18309886714201e-07,-0.0108438129222004,1.58758047966712e-07,1.49792887593424e-07,-37.4831195261177,16.8530925793448,46.2914243370589,1.22372762404183,40.2907492085009,0.447564894533148,7.87581114318542e-05,0,0,0,0,nominal_fsw
586,1600000,6.25e-07,14,0.67,2,1.875,3,3,1,1,250000,1000000,1000000,-0.170333392987803,6.12134396241429e-07,3.18309886714201e-07,-0.0108438129222004,1.58758047966712e-07,1.49792887593424e-07,-37.4831195261177,15.9292342801329,45.3392950559051,1.30017983193627,42.0143928522399,0.465063558333678,7.54463380209071e-05,0,0,0,0,nominal_fsw
587,1600000,6.25e-07,14,0.13,2,1.875,3,3,1,2,250000,1000000,1000000,-0.00694315866354403,9.34833235980618e-07,9.00316314657189e-07,-2.71433202967853e-05,2.25640366491931e-07,2.38215990294049e-07,-40.3129335157713,3.24999827862873,95.2732271827727,31.3278440987331,332.08689273423,0.339366451225359,0.000176041455382,0,0,0,0,nominal_fsw
588,1600000,6.25e-07,14,0.67,2,1.875,3,3,1,2,250000,1000000,1000000,-0.00694315866354403,9.34833235980618e-07,9.00316314657189e-07,-2.71433202967853e-05,2.25640366491931e-07,2.38215990294049e-07,-40.3129335157713,2.22330189053529,95.2536940756468,30.9934434813332,333.35761886047,0.365715688472825,0.000176041455381992,0,0,0,0,nominal_fsw
589,1600000,6.25e-07,14,0.13,2,1.875,3,3,1,1,250000,2000000,2000000,-0.170333392987803,6.12134396241429e-07,3.18309886714201e-07,-0.00271349263374914,7.95277666910522e-08,7.83532027490969e-08,-37.4831195261177,17.0194682897152,46.1256954755137,1.30518968850046,41.2324136475595,0.449932861280979,7.54463380207854e-05,0,0,0,0,nominal_fsw
590,1600000,6.25e-07,14,0.67,2,1.875,3,3,1,1,250000,2000000,2000000,-0.170333392987803,6.12134396241429e-07,3.18309886714201e-07,-0.00271349263374914,7.95277666910522e-08,7.83532027490969e-08,-37.4831195261177,18.1408680643671,45.8861873477425,1.19835585102085,40.6376685401567,0.378165497168282,7.87581114318551e-05,0,0,0,0,nominal_fsw
591,1600000,6.25e-07,14,0.13,2,1.875,3,3,1,2,250000,2000000,2000000,-0.00694315866354403,9.34833235980618e-07,9.00316314657189e-07,-1.69646248855021e-06,1.12609832744504e-07,1.14270071863055e-07,-39.8069372280732,0.909512087993225,94.8319784052087,32.0285800665604,345.938745331238,0.390456803882786,0.000176041455381986,0,0,0,0,nominal_fsw
592,1600000,6.25e-07,14,0.67,2,1.875,3,3,1,2,250000,2000000,2000000,-0.00694315866354403,9.34833235980618e-07,9.00316314657189e-07,-1.69646248855021e-06,1.12609832744504e-07,1.14270071863055e-07,-39.8069372280732,2.26711354591967,96.4093647528458,33.0803725538573,335.984985570449,0.452993917178779,0.000176041455382038,0,0,0,0,nominal_fsw
593,1600000,6.25e-07,14,0.13,2,1.875,3,3,1,1,500000,250000,250000,-0.0432137378264256,3.1515830311229e-07,2.54647908913008e-07,-0.170333392987803,6.12134396241429e-07,3.18309886714201e-07,-32.4080374934756,13.0979065468198,16.5839025239566,0.329292504699213,2.56218741432079,0.46755203225167,3.35317057870722e-05,0,0,0,0,nominal_fsw
594,1600000,6.25e-07,14,0.67,2,1.875,3,3,1,1,500000,250000,250000,-0.0432137378264256,3.1515830311229e-07,2.54647908913008e-07,-0.170333392987803,6.12134396241429e-07,3.18309886714201e-07,-32.4080374934756,13.1767641737414,17.3882884770675,0.338297720180413,2.07538782577952,0.6822424721154,3.35317057870517e-05,0,0,0,0,nominal_fsw
595,1600000,6.25e-07,14,0.13,2,1.875,3,3,1,2,500000,250000,250000,-0.000434272768624432,4.5461427828784e-07,5.29597832694518e-07,-0.00694315866354403,9.34833235980618e-07,9.00316314657189e-07,-38.1905151425837,20.5461843991366,33.2161210207287,0.655172173904729,11.8890127029051,0.139995212828587,0.00030178535208352,0,0,0,0,nominal_fsw
596,1600000,6.25e-07,14,0.67,2,1.875,3,3,1,2,500000,250000,250000,-0.000434272768624432,4.5461427828784e-07,5.29597832694518e-07,-0.00694315866354403,9.34833235980618e-07,9.00316314657189e-07,-38.1905151425837,21.039875475729,33.2444770047351,0.648520493831123,12.2611553034653,0.118429595834568,0.000290866849118708,0,0,0,0,nominal_fsw
597,1600000,6.25e-07,14,0.13,2,1.875,3,3,1,1,500000,500000,500000,-0.0432137378264256,3.1515830311229e-07,2.54647908913008e-07,-0.0432137378264256,3.1515830311229e-07,2.54647908913008e-07,-32.4080374934756,13.7885332196294,17.069238837607,0.344916221381304,2.56106567542075,0.545001626432184,3.35317057870568e-05,0,0,0,0,nominal_fsw
598,1600000,6.25e-07,14,0.67,2,1.875,3,3,1,1,500000,500000,500000,-0.0432137378264256,3.1515830311229e-07,2.54647908913008e-07,-0.0432137378264256,3.1515830311229e-07,2.54647908913008e-07,-32.4080374934756,12.2495436050446,16.8613514580421,0.306696439933647,3.36969104386976,0.675008724760865,3.35317057870708e-05,0,0,0,0,nominal_fsw
599,1600000,6.25e-07,14,0.13,2,1.875,3,3,1,2,500000,500000,500000,-0.000434272768624432,4.5461427828784e-07,5.29597832694518e-07,-0.000434272768624432,4.5461427828784e-07,5.29597832694518e-07,-38.1905151425837,13.7433381730463,32.5308806627751,0.620201275408004,18.1905425390467,0.126174660641074,0.000282225190374392,0,0,0,0,nominal_fsw
600,1600000,6.25e-07,14,0.67,2,1.875,3,3,1,2,500000,500000,500000,-0.000434272768624432,4.5461427828784e-07,5.29597832694518e-07,-0.000434272768624432,4.5461427828784e-07,5.29597832694518e-07,-38.1905151425837,13.6929107594268,32.8138888103351,0.650840750301592,16.5691153088475,0.126508057544385,0.000285278231487644,0,0,0,0,nominal_fsw
601,1600000,6.25e-07,14,0.13,2,1.875,3,3,1,1,500000,1000000,1000000,-0.0432137378264256,3.1515830311229e-07,2.54647908913008e-07,-0.0108438129222004,1.58758047966712e-07,1.49792887593424e-07,-32.4080374934756,14.2693580893107,16.9302046044446,0.329927344756547,2.76891237518969,0.567545994970186,3.35317057870563e-05,0,0,0,0,nominal_fsw
602,1600000,6.25e-07,14,0.67,2,1.875,3,3,1,1,500000,1000000,1000000,-0.0432137378264256,3.1515830311229e-07,2.54647908913008e-07,-0.0108438129222004,1.58758047966712e-07,1.49792887593424e-07,-32.4080374934756,13.8556629085716,16.5364868291428,0.310101645109058,2.75085065300766,0.635214041835902,3.35317057870524e-05,0,0,0,0,nominal_fsw
603,1600000,6.25e-07,14,0.13,2,1.875,3,3,1,2,500000,1000000,1000000,-0.000434272768624432,4.5461427828784e-07,5.29597832694518e-07,-2.71433202967853e-05,2.25640366491931e-07,2.38215990294049e-07,-38.1905151425837,13.2603522757567,32.0513900086888,0.658950229733952,18.9486631868216,0.122169103081676,0.000301785352083106,0,0,0,0,nominal_fsw
604,1600000,6.25e-07,14,0.67,2,1.875,3,3,1,2,500000,1000000,1000000,-0.000434272768624432,4.5461427828784e-07,5.29597832694518e-07,-2.71433202967853e-05,2.25640366491931e-07,2.38215990294049e-07,-38.1905151425837,13.3492418383244,32.8115215859759,0.649749670322927,18.4645483495563,0.11163902754833,0.000288331272600824,0,0,0,0,nominal_fsw
605,1600000,6.25e-07,14,0.13,2,1.875,3,3,1,1,500000,2000000,2000000,-0.0432137378264256,3.1515830311229e-07,2.54647908913008e-07,-0.00271349263374914,7.95277666910522e-08,7.83532027490969e-08,-32.4080374934756,13.0968189000789,15.8705436754188,0.333626807693372,2.96602544014321,0.76961701039332,3.35317057870698e-05,0,0,0,0,nominal_fsw
606,1600000,6.25e-07,14,0.67,2,1.875,3,3,1,1,500000,2000000,2000000,-0.0432137378264256,3.1515830311229e-07,2.54647908913008e-07,-0.00271349263374914,7.95277666910522e-08,7.83532027490969e-08,-32.4080374934756,12.197097692366,15.8078317282026,0.350273578442447,3.05824430701881,0.611706279108234,3.35317057870698e-05,0,0,0,0,nominal_fsw
607,1600000,6.25e-07,14,0.13,2,1.875,3,3,1,2,500000,2000000,2000000,-0.000434272768624432,4.5461427828784e-07,5.29597832694518e-07,-1.69646248855021e-06,1.12609832744504e-07,1.14270071863055e-07,-38.1905151425837,11.8908028860225,32.3173541687124,0.622385234993279,20.7763815664279,0.139844763592579,0.000287813808005502,0,0,0,0,nominal_fsw
608,1600000,6.25e-07,14,0.67,2,1.875,3,3,1,2,500000,2000000,2000000,-0.000434272768624432,4.5461427828784e-07,5.29597832694518e-07,-1.69646248855021e-06,1.12609832744504e-07,1.14270071863055e-07,-38.1905151425837,13.1395036808714,32.2600056629753,0.611906277094788,18.7885922575212,0.124370654259867,0.000282225190374343,0,0,0,0,nominal_fsw
609,1600000,6.25e-07,14,0.13,2,1.875,3,3,1,1,1000000,250000,250000,-0.0108438129222004,1.58758047966712e-07,1.49792887593424e-07,-0.170333392987803,6.12134396241429e-07,3.18309886714201e-07,-28.2238938179694,1.40234684703739,2.55068380405606,0.277235636483262,1.04768738533126,0.825691054810892,1.44890086734302e-05,0,0,1,1,nominal_fsw
610,1600000,6.25e-07,14,0.67,2,1.875,3,3,1,1,1000000,250000,250000,-0.0108438129222004,1.58758047966712e-07,1.49792887593424e-07,-0.170333392987803,6.12134396241429e-07,3.18309886714201e-07,-28.2238938179694,0.521024445449569,2.66805209489451,0.295515106234041,1.06792954825009,0.825751199558529,1.39715440779516e-05,0,0,1,1,nominal_fsw
611,1600000,6.25e-07,14,0.13,2,1.875,3,3,1,2,1000000,250000,250000,-2.71433202967853e-05,2.25640366491931e-07,2.38215990294049e-07,-0.00694315866354403,9.34833235980618e-07,9.00316314657189e-07,-29.3443806313527,15.4176117926098,0.410531199203512,0.343735870735449,2.16354046111366,0.800521870034586,1.98188940068463e-05,0,0,0,0,nominal_fsw
612,1600000,6.25e-07,14,0.67,2,1.875,3,3,1,2,1000000,250000,250000,-2.71433202967853e-05,2.25640366491931e-07,2.38215990294049e-07,-0.00694315866354403,9.34833235980618e-07,9.00316314657189e-07,-29.3443806313527,15.5810903713666,0.035563318985643,0.350355345261131,2.34643611684202,0.756354172847531,2.00776263045793e-05,0,0,0,0,nominal_fsw
613,1600000,6.25e-07,14,0.13,2,1.875,3,3,1,1,1000000,500000,500000,-0.0108438129222004,1.58758047966712e-07,1.49792887593424e-07,-0.0432137378264256,3.1515830311229e-07,2.54647908913008e-07,-28.2238938179694,0.257718104369009,1.57899816326402,0.303991892612123,1.03369425739317,0.926053570113584,1.3971544077943e-05,0,0,1,1,nominal_fsw
614,1600000,6.25e-07,14,0.67,2,1.875,3,3,1,1,1000000,500000,500000,-0.0108438129222004,1.58758047966712e-07,1.49792887593424e-07,-0.0432137378264256,3.1515830311229e-07,2.54647908913008e-07,-28.2238938179694,0.863819857595183,2.14788025399969,0.286483376702567,1.05005476062095,0.840890688620669,1.44890086733929e-05,0,0,1,1,nominal_fsw
615,1600000,6.25e-07,14,0.13,2,1.875,3,3,1,2,1000000,500000,500000,-2.71433202967853e-05,2.25640366491931e-07,2.38215990294049e-07,-0.000434272768624432,4.5461427828784e-07,5.29597832694518e-07,-29.3443806313527,9.61168819941019,2.25696098244201,0.326461386736132,1.71091103678566,0.880242108109246,2.0077626304559e-05,0,0,0,0,nominal_fsw
616,1600000,6.25e-07,14,0.67,2,1.875,3,3,1,2,1000000,500000,500000,-2.71433202967853e-05,2.25640366491931e-07,2.38215990294049e-07,-0.000434272768624432,4.5461427828784e-07,5.29597832694518e-07,-29.3443806313527,10.5299674255823,2.11764793978539,0.335822941130598,1.61964959632816,0.870617005038328,1.67658528935094e-05,0,0,0,0,nominal_fsw
617,1600000,6.25e-07,14,0.13,2,1.875,3,3,1,1,1000000,1000000,1000000,-0.0108438129222004,1.58758047966712e-07,1.49792887593424e-07,-0.0108438129222004,1.58758047966712e-07,1.49792887593424e-07,-28.2238938179694,0.17195310692264,2.17412858905602,0.287589924697029,1.21101040644676,1.0273172642226,1.44890086733986e-05,0,0,1,1,nominal_fsw
618,1600000,6.25e-07,14,0.67,2,1.875,3,3,1,1,1000000,1000000,1000000,-0.0108438129222004,1.58758047966712e-07,1.49792887593424e-07,-0.0108438129222004,1.58758047966712e-07,1.49792887593424e-07,-28.2238938179694,0.170450194899718,2.45659385674392,0.2983184477914,0.917760307216658,1.02378502803739,1.44890086733757e-05,0,0,1,1,nominal_fsw
619,1600000,6.25e-07,14,0.13,2,1.875,3,3,1,2,1000000,1000000,1000000,-2.71433202967853e-05,2.25640366491931e-07,2.38215990294049e-07,-2.71433202967853e-05,2.25640366491931e-07,2.38215990294049e-07,-29.3443806313527,9.85056096828589,1.75371405512563,0.38967746792849,1.74613851644012,1.04347487966668,1.67658528935274e-05,0,0,0,0,nominal_fsw
620,1600000,6.25e-07,14,0.67,2,1.875,3,3,1,2,1000000,1000000,1000000,-2.71433202967853e-05,2.25640366491931e-07,2.38215990294049e-07,-2.71433202967853e-05,2.25640366491931e-07,2.38215990294049e-07,-29.3443806313527,9.65830470207623,1.86470886637053,0.377198317704446,1.79664462677116,0.859044895348393,1.67658528935477e-05,0,0,0,0,nominal_fsw
621,1600000,6.25e-07,14,0.13,2,1.875,3,3,1,1,1000000,2000000,2000000,-0.0108438129222004,1.58758047966712e-07,1.49792887593424e-07,-0.00271349263374914,7.95277666910522e-08,7.83532027490969e-08,-28.2238938179694,0.169670082495743,2.53505173060746,0.284169802917772,1.06215756577695,1.02938210516288,1.67658528935249e-05,0,0,1,1,nominal_fsw
622,1600000,6.25e-07,14,0.67,2,1.875,3,3,1,1,1000000,2000000,2000000,-0.0108438129222004,1.58758047966712e-07,1.49792887593424e-07,-0.00271349263374914,7.95277666910522e-08,7.83532027490969e-08,-28.2238938179694,0.272145204316732,2.14865490007055,0.287299467179436,1.14295478851974,0.765022787319716,1.56274307834746e-05,0,0,1,1,nominal_fsw
623,1600000,6.25e-07,14,0.13,2,1.875,3,3,1,2,1000000,2000000,2000000,-2.71433202967853e-05,2.25640366491931e-07,2.38215990294049e-07,-1.69646248855021e-06,1.12609832744504e-07,1.14270071863055e-07,-29.3443806313527,9.33014860370378,0.230888823471909,0.357453831808936,1.54100365653072,0.840217748375404,2.00776263045668e-05,0,0,0,0,nominal_fsw
624,1600000,6.25e-07,14,0.67,2,1.875,3,3,1,2,1000000,2000000,2000000,-2.71433202967853e-05,2.25640366491931e-07,2.38215990294049e-07,-1.69646248855021e-06,1.12609832744504e-07,1.14270071863055e-07,-29.3443806313527,9.32347509496874,1.30912306641067,0.338184238310558,1.57035232275536,0.779080365528895,1.67658528935286e-05,0,0,0,0,nominal_fsw
625,1600000,6.25e-07,14,0.13,2,1.875,3,3,1,1,1500000,250000,250000,-0.00482281539738106,1.05985533688917e-07,1.0323563875415e-07,-0.170333392987803,6.12134396241429e-07,3.18309886714201e-07,-26.467838122614,1.37102317544728,0.190031654136413,0.307516123362322,1.1365086553802,0.93173716222279,1.67658528935284e-05,0,0,1,1,nominal_fsw
626,1600000,6.25e-07,14,0.67,2,1.875,3,3,1,1,1500000,250000,250000,-0.00482281539738106,1.05985533688917e-07,1.0323563875415e-07,-0.170333392987803,6.12134396241429e-07,3.18309886714201e-07,-26.467838122614,2.12166040715003,0.73228768778153,0.295662709375793,1.09779740523413,0.92047366741547,1.39715440779448e-05,0,0,1,1,nominal_fsw
627,1600000,6.25e-07,14,0.13,2,1.875,3,3,1,2,1500000,250000,250000,-5.36165696188321e-06,1.50219259149706e-07,1.54101944642893e-07,-0.00694315866354403,9.34833235980618e-07,9.00316314657189e-07,-26.5584261300857,3.65084228110037,0.713417783788084,0.296845538306815,1.26521818244174,0.840992384276029,1.67658528935159e-05,0,0,0,0,nominal_fsw
628,1600000,6.25e-07,14,0.67,2,1.875,3,3,1,2,1500000,250000,250000,-5.36165696188321e-06,1.50219259149706e-07,1.54101944642893e-07,-0.00694315866354403,9.34833235980618e-07,9.00316314657189e-07,-26.5584261300857,4.57411904808513,0.185895403107617,0.312503191967836,1.09292266827516,0.798987631991074,1.67658528935194e-05,0,0,0,0,nominal_fsw
629,1600000,6.25e-07,14,0.13,2,1.875,3,3,1,1,1500000,500000,500000,-0.00482281539738106,1.05985533688917e-07,1.0323563875415e-07,-0.0432137378264256,3.1515830311229e-07,2.54647908913008e-07,-26.467838122614,1.95696453675596,0.022668822581684,0.300802992409283,1.03541609972422,0.736920131817213,1.67658528935156e-05,0,0,1,1,nominal_fsw
630,1600000,6.25e-07,14,0.67,2,1.875,3,3,1,1,1500000,500000,500000,-0.00482281539738106,1.05985533688917e-07,1.0323563875415e-07,-0.0432137378264256,3.1515830311229e-07,2.54647908913008e-07,-26.467838122614,1.00232283001906,0.166053062139238,0.315557250200277,1.06429867856166,0.924631996164018,1.44890086734302e-05,0,0,1,1,nominal_fsw
631,1600000,6.25e-07,14,0.13,2,1.875,3,3,1,2,1500000,500000,500000,-5.36165696188321e-06,1.50219259149706e-07,1.54101944642893e-07,-0.000434272768624432,4.5461427828784e-07,5.29597832694518e-07,-26.5584261300857,2.92495401676285,1.63401456166314,0.33624487349942,0.960100883133659,0.884301840655336,1.44890086734098e-05,0,0,1,1,nominal_fsw
632,1600000,6.25e-07,14,0.67,2,1.875,3,3,1,2,1500000,500000,500000,-5.36165696188321e-06,1.50219259149706e-07,1.54101944642893e-07,-0.000434272768624432,4.5461427828784e-07,5.29597832694518e-07,-26.5584261300857,2.2488581169305,1.02511058457664,0.354540273935544,0.962316747319645,0.856160490392817,1.67658528935166e-05,0,0,1,1,nominal_fsw
633,1600000,6.25e-07,14,0.13,2,1.875,3,3,1,1,1500000,1000000,1000000,-0.00482281539738106,1.05985533688917e-07,1.0323563875415e-07,-0.0108438129222004,1.58758047966712e-07,1.49792887593424e-07,-26.467838122614,2.28248414100862,1.36471356328489,0.301114810938064,0.956190045706688,1.09119847158267,1.11772352623662e-05,0,0,1,1,nominal_fsw
634,1600000,6.25e-07,14,0.67,2,1.875,3,3,1,1,1500000,1000000,1000000,-0.00482281539738106,1.05985533688917e-07,1.0323563875415e-07,-0.0108438129222004,1.58758047966712e-07,1.49792887593424e-07,-26.467838122614,0.135416816215073,1.17760341693109,0.293742010927742,1.01034489482742,0.834280664084382,1.39715440779425e-05,0,0,1,1,nominal_fsw
635,1600000,6.25e-07,14,0.13,2,1.875,3,3,1,2,1500000,1000000,1000000,-5.36165696188321e-06,1.50219259149706e-07,1.54101944642893e-07,-2.71433202967853e-05,2.25640366491931e-07,2.38215990294049e-07,-26.5584261300857,2.96799935349092,1.57986683762843,0.362922445749537,0.948693341506238,0.897890553596678,1.44890086734435e-05,0,0,1,1,nominal_fsw
636,1600000,6.25e-07,14,0.67,2,1.875,3,3,1,2,1500000,1000000,1000000,-5.36165696188321e-06,1.50219259149706e-07,1.54101944642893e-07,-2.71433202967853e-05,2.25640366491931e-07,2.38215990294049e-07,-26.5584261300857,1.94400114168332,0.382167045424797,0.352250008179214,0.963599902663533,0.894036126250301,1.67658528935264e-05,0,0,1,1,nominal_fsw
637,1600000,6.25e-07,14,0.13,2,1.875,3,3,1,1,1500000,2000000,2000000,-0.00482281539738106,1.05985533688917e-07,1.0323563875415e-07,-0.00271349263374914,7.95277666910522e-08,7.83532027490969e-08,-26.467838122614,1.54279033767577,1.19374563172137,0.311925221290802,0.973440895478628,0.97762652239337,1.25743896701333e-05,0,0,1,1,nominal_fsw
638,1600000,6.25e-07,14,0.67,2,1.875,3,3,1,1,1500000,2000000,2000000,-0.00482281539738106,1.05985533688917e-07,1.0323563875415e-07,-0.00271349263374914,7.95277666910522e-08,7.83532027490969e-08,-26.467838122614,0.362880574176039,1.12374965643238,0.335285685489822,1.0615703917393,0.82167958551145,1.42302763756606e-05,0,0,1,1,nominal_fsw
639,1600000,6.25e-07,14,0.13,2,1.875,3,3,1,2,1500000,2000000,2000000,-5.36165696188321e-06,1.50219259149706e-07,1.54101944642893e-07,-1.69646248855021e-06,1.12609832744504e-07,1.14270071863055e-07,-26.5584261300857,1.40742373065585,1.71736808629395,0.347468196165453,0.967602477715518,0.900181573249984,1.42302763756687e-05,0,0,1,1,nominal_fsw
640,1600000,6.25e-07,14,0.67,2,1.875,3,3,1,2,1500000,2000000,2000000,-5.36165696188321e-06,1.50219259149706e-07,1.54101944642893e-07,-1.69646248855021e-06,1.12609832744504e-07,1.14270071863055e-07,-26.5584261300857,2.13668670241576,1.04547301947064,0.350630920540225,1.03536389580792,1.05695314118958,1.4489008673376e-05,0,0,1,1,nominal_fsw
641,1600000,6.25e-07,14,0.13,2,1.875,3,3,1,1,2000000,250000,250000,-0.00271349263374914,7.95277666910522e-08,7.83532027490969e-08,-0.170333392987803,6.12134396241429e-07,3.18309886714201e-07,-25.522546980631,1.6202376577058,0.442932916908201,0.283319242090731,0.958096114244955,0.975731987917741,1.67658528935019e-05,0,0,1,1,nominal_fsw
642,1600000,6.25e-07,14,0.67,2,1.875,3,3,1,1,2000000,250000,250000,-0.00271349263374914,7.95277666910522e-08,7.83532027490969e-08,-0.170333392987803,6.12134396241429e-07,3.18309886714201e-07,-25.522546980631,2.81449533305647,0.118731386379578,0.294408701788762,1.02725405648759,0.788787138598142,1.95601617091008e-05,0,0,1,1,nominal_fsw
643,1600000,6.25e-07,14,0.13,2,1.875,3,3,1,2,2000000,250000,250000,-1.69646248855021e-06,1.12609832744504e-07,1.14270071863055e-07,-0.00694315866354403,9.34833235980618e-07,9.00316314657189e-07,-25.3995343513497,3.26046605325065,1.43012862169508,0.289317037212163,1.08015154689321,0.903897553990878,1.39715440779396e-05,0,0,0,0,nominal_fsw
644,1600000,6.25e-07,14,0.67,2,1.875,3,3,1,2,2000000,250000,250000,-1.69646248855021e-06,1.12609832744504e-07,1.14270071863055e-07,-0.00694315866354403,9.34833235980618e-07,9.00316314657189e-07,-25.3995343513497,4.25386810430948,0.358045163762655,0.282694435654448,1.07242275538403,0.890858157817116,1.42302763756608e-05,0,0,0,0,nominal_fsw
645,1600000,6.25e-07,14,0.13,2,1.875,3,3,1,1,2000000,500000,500000,-0.00271349263374914,7.95277666910522e-08,7.83532027490969e-08,-0.0432137378264256,3.1515830311229e-07,2.54647908913008e-07,-25.522546980631,0.978612415264246,0.913497344192793,0.306760603953738,1.1300390719131,0.846563743505822,1.44890086734306e-05,0,0,1,1,nominal_fsw
646,1600000,6.25e-07,14,0.67,2,1.875,3,3,1,1,2000000,500000,500000,-0.00271349263374914,7.95277666910522e-08,7.83532027490969e-08,-0.0432137378264256,3.1515830311229e-07,2.54647908913008e-07,-25.522546980631,0.27662675872685,1.54100437584661,0.331005024294312,1.16019590123282,0.941591134870429,1.39715440779308e-05,0,0,1,1,nominal_fsw
647,1600000,6.25e-07,14,0.13,2,1.875,3,3,1,2,2000000,500000,500000,-1.69646248855021e-06,1.12609832744504e-07,1.14270071863055e-07,-0.000434272768624432,4.5461427828784e-07,5.29597832694518e-07,-25.3995343513497,1.37114085324685,0.351415406499345,0.318061251360689,0.962168992552461,0.740892170136481,1.39715440779489e-05,0,0,1,1,nominal_fsw
648,1600000,6.25e-07,14,0.67,2,1.875,3,3,1,2,2000000,500000,500000,-1.69646248855021e-06,1.12609832744504e-07,1.14270071863055e-07,-0.000434272768624432,4.5461427828784e-07,5.29597832694518e-07,-25.3995343513497,2.19277724199745,1.00935916531175,0.307883871695797,0.97809941604559,0.996208893620718,1.39715440779617e-05,0,0,1,1,nominal_fsw
649,1600000,6.25e-07,14,0.13,2,1.875,3,3,1,1,2000000,1000000,1000000,-0.00271349263374914,7.95277666910522e-08,7.83532027490969e-08,-0.0108438129222004,1.58758047966712e-07,1.49792887593424e-07,-25.522546980631,1.23214846548096,0.653768781724784,0.300737804284537,1.17891784956084,1.12124720117989,1.44890086733947e-05,0,0,1,1,nominal_fsw
650,1600000,6.25e-07,14,0.67,2,1.875,3,3,1,1,2000000,1000000,1000000,-0.00271349263374914,7.95277666910522e-08,7.83532027490969e-08,-0.0108438129222004,1.58758047966712e-07,1.49792887593424e-07,-25.522546980631,1.18954149739854,1.07866683896514,0.321141032361106,1.11100126216392,0.917633975860452,1.67658528935084e-05,0,0,1,1,nominal_fsw
651,1600000,6.25e-07,14,0.13,2,1.875,3,3,1,2,2000000,1000000,1000000,-1.69646248855021e-06,1.12609832744504e-07,1.14270071863055e-07,-2.71433202967853e-05,2.25640366491931e-07,2.38215990294049e-07,-25.3995343513497,1.9053169184517,0.0631592618824284,0.32648591270486,0.982573397531012,1.11902116285254,8.38292644677444e-06,0,0,1,1,nominal_fsw
652,1600000,6.25e-07,14,0.67,2,1.875,3,3,1,2,2000000,1000000,1000000,-1.69646248855021e-06,1.12609832744504e-07,1.14270071863055e-07,-2.71433202967853e-05,2.25640366491931e-07,2.38215990294049e-07,-25.3995343513497,0.351598703466949,0.262176104303624,0.321557439409681,0.948558415316649,0.847663621345183,1.397154407794e-05,0,0,1,1,nominal_fsw
653,1600000,6.25e-07,14,0.13,2,1.875,3,3,1,1,2000000,2000000,2000000,-0.00271349263374914,7.95277666910522e-08,7.83532027490969e-08,-0.00271349263374914,7.95277666910522e-08,7.83532027490969e-08,-25.522546980631,0.468549860680301,1.92925305277323,0.326237228816229,1.00521555234151,0.964750273178353,1.44890086733753e-05,0,0,1,1,nominal_fsw
654,1600000,6.25e-07,14,0.67,2,1.875,3,3,1,1,2000000,2000000,2000000,-0.00271349263374914,7.95277666910522e-08,7.83532027490969e-08,-0.00271349263374914,7.95277666910522e-08,7.83532027490969e-08,-25.522546980631,1.11600861263712,0.621781875340099,0.316845897795279,1.02812342033809,0.797391699854592,1.56274307834726e-05,0,0,1,1,nominal_fsw
655,1600000,6.25e-07,14,0.13,2,1.875,3,3,1,2,2000000,2000000,2000000,-1.69646248855021e-06,1.12609832744504e-07,1.14270071863055e-07,-1.69646248855021e-06,1.12609832744504e-07,1.14270071863055e-07,-25.3995343513497,0.384847365545893,0.144772997076348,0.348642836989919,1.07832533300633,0.725061540010036,1.81630073013078e-05,0,0,1,1,nominal_fsw
656,1600000,6.25e-07,14,0.67,2,1.875,3,3,1,2,2000000,2000000,2000000,-1.69646248855021e-06,1.12609832744504e-07,1.14270071863055e-07,-1.69646248855021e-06,1.12609832744504e-07,1.14270071863055e-07,-25.3995343513497,0.668258940501221,0.397424386262513,0.323717801115888,0.926622188838257,0.782227809418828,1.44890086734632e-05,0,0,1,1,nominal_fsw
657,1600000,6.25e-07,14,0.13,2,1.875,3,3,1,1,3000000,250000,250000,-0.00120620603998196,5.30369152206258e-08,5.26857742637191e-08,-0.170333392987803,6.12134396241429e-07,3.18309886714201e-07,-24.5319855256996,2.81997477766076,1.25684645650421,0.30307824131474,1.22055758040388,0.968472298545477,1.44890086733958e-05,0,0,1,1,nominal_fsw
658,1600000,6.25e-07,14,0.67,2,1.875,3,3,1,1,3000000,250000,250000,-0.00120620603998196,5.30369152206258e-08,5.26857742637191e-08,-0.170333392987803,6.12134396241429e-07,3.18309886714201e-07,-24.5319855256996,2.24532068595156,0.825904111046172,0.301230585965622,1.05374906584328,0.826252852316716,1.42302763756755e-05,0,0,1,1,nominal_fsw
659,1600000,6.25e-07,14,0.13,2,1.875,3,3,1,2,3000000,250000,250000,-3.35103753839414e-07,7.50471945447958e-08,7.55437329481472e-08,-0.00694315866354403,9.34833235980618e-07,9.00316314657189e-07,-24.3948688827791,3.60117588403472,0.174660299929319,0.290958045411007,1.20633844260269,0.996369539606877,1.44890086734431e-05,0,0,0,0,nominal_fsw
660,1600000,6.25e-07,14,0.67,2,1.875,3,3,1,2,3000000,250000,250000,-3.35103753839414e-07,7.50471945447958e-08,7.55437329481472e-08,-0.00694315866354403,9.34833235980618e-07,9.00316314657189e-07,-24.3948688827791,3.40964549258194,0.223163055716946,0.283569064250654,1.12469680641748,1.05204483247052,1.39715440779461e-05,0,0,0,0,nominal_fsw
661,1600000,6.25e-07,14,0.13,2,1.875,3,3,1,1,3000000,500000,500000,-0.00120620603998196,5.30369152206258e-08,5.26857742637191e-08,-0.0432137378264256,3.1515830311229e-07,2.54647908913008e-07,-24.5319855256996,1.37470772269737,1.87017769406153,0.318149522984325,1.08231889736694,0.889809991276207,1.67658528935126e-05,0,0,1,1,nominal_fsw
662,1600000,6.25e-07,14,0.67,2,1.875,3,3,1,1,3000000,500000,500000,-0.00120620603998196,5.30369152206258e-08,5.26857742637191e-08,-0.0432137378264256,3.1515830311229e-07,2.54647908913008e-07,-24.5319855256996,1.85670433404819,1.46224853180996,0.328857400266619,0.96692824291663,0.854038958886269,1.44890086734435e-05,0,0,1,1,nominal_fsw
663,1600000,6.25e-07,14,0.13,2,1.875,3,3,1,2,3000000,500000,500000,-3.35103753839414e-07,7.50471945447958e-08,7.55437329481472e-08,-0.000434272768624432,4.5461427828784e-07,5.29597832694518e-07,-24.3948688827791,1.02197718487709,1.63949224409861,0.333914745759175,1.05806156370092,0.776406769615156,1.39715440779308e-05,0,0,1,1,nominal_fsw
664,1600000,6.25e-07,14,0.67,2,1.875,3,3,1,2,3000000,500000,500000,-3.35103753839414e-07,7.50471945447958e-08,7.55437329481472e-08,-0.000434272768624432,4.5461427828784e-07,5.29597832694518e-07,-24.3948688827791,1.88673055361528,1.43638866215692,0.313390258724127,1.08752443713713,0.974852639816289,1.42302763756698e-05,0,0,1,1,nominal_fsw
665,1600000,6.25e-07,14,0.13,2,1.875,3,3,1,1,3000000,1000000,1000000,-0.00120620603998196,5.30369152206258e-08,5.26857742637191e-08,-0.0108438129222004,1.58758047966712e-07,1.49792887593424e-07,-24.5319855256996,1.2025166579031,2.12365891583717,0.320662176980731,1.0432934393379,0.985436374217972,1.39715440779451e-05,0,0,1,1,nominal_fsw
666,1600000,6.25e-07,14,0.67,2,1.875,3,3,1,1,3000000,1000000,1000000,-0.00120620603998196,5.30369152206258e-08,5.26857742637191e-08,-0.0108438129222004,1.58758047966712e-07,1.49792887593424e-07,-24.5319855256996,1.65639960305308,1.95540774995928,0.329507356212947,0.98445715153285,0.815357318982539,1.39715440779489e-05,0,0,1,1,nominal_fsw
667,1600000,6.25e-07,14,0.13,2,1.875,3,3,1,2,3000000,1000000,1000000,-3.35103753839414e-07,7.50471945447958e-08,7.55437329481472e-08,-2.71433202967853e-05,2.25640366491931e-07,2.38215990294049e-07,-24.3948688827791,0.7561884787745,1.77935480543847,0.354169575673065,1.00365934358639,0.840397919069362,8.38292644677998e-06,0,0,1,1,nominal_fsw
668,1600000,6.25e-07,14,0.67,2,1.875,3,3,1,2,3000000,1000000,1000000,-3.35103753839414e-07,7.50471945447958e-08,7.55437329481472e-08,-2.71433202967853e-05,2.25640366491931e-07,2.38215990294049e-07,-24.3948688827791,1.07010357046682,1.93497295217675,0.352525151474233,0.99132070639956,0.950535081340522,1.42302763756625e-05,0,0,1,1,nominal_fsw
669,1600000,6.25e-07,14,0.13,2,1.875,3,3,1,1,3000000,2000000,2000000,-0.00120620603998196,5.30369152206258e-08,5.26857742637191e-08,-0.00271349263374914,7.95277666910522e-08,7.83532027490969e-08,-24.5319855256996,1.06856757264258,1.47797656739048,0.307349176053089,1.03428115573223,0.869740650836201,1.44890086734467e-05,0,0,1,1,nominal_fsw
670,1600000,6.25e-07,14,0.67,2,1.875,3,3,1,1,3000000,2000000,2000000,-0.00120620603998196,5.30369152206258e-08,5.26857742637191e-08,-0.00271349263374914,7.95277666910522e-08,7.83532027490969e-08,-24.5319855256996,0.840398819449262,1.57595940143209,0.318093285746866,1.0622113627826,0.866028171690646,1.44890086734295e-05,0,0,1,1,nominal_fsw
671,1600000,6.25e-07,14,0.13,2,1.875,3,3,1,2,3000000,2000000,2000000,-3.35103753839414e-07,7.50471945447958e-08,7.55437329481472e-08,-1.69646248855021e-06,1.12609832744504e-07,1.14270071863055e-07,-24.3948688827791,1.65724242566909,0.767327385102323,0.338695810421515,1.04113704664873,0.817037329436354,1.56274307834897e-05,0,0,1,1,nominal_fsw
672,1600000,6.25e-07,14,0.67,2,1.875,3,3,1,2,3000000,2000000,2000000,-3.35103753839414e-07,7.50471945447958e-08,7.55437329481472e-08,-1.69646248855021e-06,1.12609832744504e-07,1.14270071863055e-07,-24.3948688827791,1.31851634735412,1.25378180777844,0.335361738683226,1.02537740869974,0.975526862665217,1.39715440779469e-05,0,0,1,1,nominal_fsw
673,1600000,6.25e-07,16,0.13,2,1.875,3,3,1,1,250000,250000,250000,-0.170333392987803,6.12134396241429e-07,3.18309886714201e-07,-0.170333392987803,6.12134396241429e-07,3.18309886714201e-07,-37.4831195261177,14.8969864408107,46.5183027605521,1.54023934985018,138.233505125142,0.184002599123236,6.19801153056964e-05,0,0,0,0,nominal_fsw
674,1600000,6.25e-07,16,0.67,2,1.875,3,3,1,1,250000,250000,250000,-0.170333392987803,6.12134396241429e-07,3.18309886714201e-07,-0.170333392987803,6.12134396241429e-07,3.18309886714201e-07,-37.4831195261177,12.8507840922321,46.8876050662963,1.65395816962011,145.183559849361,0.202618793923958,6.70734410703319e-05,0,0,0,0,nominal_fsw
675,1600000,6.25e-07,16,0.13,2,1.875,3,3,1,2,250000,250000,250000,-0.00694315866354403,9.34833235980618e-07,9.00316314657189e-07,-0.00694315866354403,9.34833235980618e-07,9.00316314657189e-07,-41.3944597900758,2.16672807749786,95.5939077178039,31.7445556242674,1050.18051549472,0.324666331065809,0.000158387878922952,0,0,0,0,nominal_fsw
676,1600000,6.25e-07,16,0.67,2,1.875,3,3,1,2,250000,250000,250000,-0.00694315866354403,9.34833235980618e-07,9.00316314657189e-07,-0.00694315866354403,9.34833235980618e-07,9.00316314657189e-07,-41.3944597900758,3.76041562991363,95.6825626716818,31.3044455005238,1031.04762721332,0.236021985042802,0.000158594845811259,0,0,0,0,nominal_fsw
677,1600000,6.25e-07,16,0.13,2,1.875,3,3,1,1,250000,500000,500000,-0.170333392987803,6.12134396241429e-07,3.18309886714201e-07,-0.0432137378264256,3.1515830311229e-07,2.54647908913008e-07,-37.4831195261177,12.0780982960962,47.1026861125018,1.67408161959768,151.835978248326,0.204069897529885,6.51363603509502e-05,0,0,0,0,nominal_fsw
678,1600000,6.25e-07,16,0.67,2,1.875,3,3,1,1,250000,500000,500000,-0.170333392987803,6.12134396241429e-07,3.18309886714201e-07,-0.0432137378264256,3.1515830311229e-07,2.54647908913008e-07,-37.4831195261177,13.1076278327428,47.0135100286594,1.6850237142222,156.973645754598,0.181593828861986,6.78851393351042e-05,0,0,0,0,nominal_fsw
679,1600000,6.25e-07,16,0.13,2,1.875,3,3,1,2,250000,500000,500000,-0.00694315866354403,9.34833235980618e-07,9.00316314657189e-07,-0.000434272768624432,4.5461427828784e-07,5.29597832694518e-07,-40.941498682637,3.33111625627639,95.7092542885648,32.0356501538348,1064.51961585975,0.285505065076609,0.000166217048241416,0,0,0,0,nominal_fsw
680,1600000,6.25e-07,16,0.67,2,1.875,3,3,1,2,250000,500000,500000,-0.00694315866354403,9.34833235980618e-07,9.00316314657189e-07,-0.000434272768624432,4.5461427828784e-07,5.29597832694518e-07,-40.941498682637,2.06980574113533,96.0388894483501,33.4462633901292,1087.66395821909,0.305884362612019,0.000160690385554294,0,0,0,0,nominal_fsw
681,1600000,6.25e-07,16,0.13,2,1.875,3,3,1,1,250000,1000000,1000000,-0.170333392987803,6.12134396241429e-07,3.18309886714201e-07,-0.0108438129222004,1.58758047966712e-07,1.49792887593424e-07,-37.4831195261177,12.0162229966278,46.0765326125553,1.60036013642995,152.658148367525,0.177851342752162,6.52107390764105e-05,0,0,0,0,nominal_fsw
682,1600000,6.25e-07,16,0.67,2,1.875,3,3,1,1,250000,1000000,1000000,-0.170333392987803,6.12134396241429e-07,3.18309886714201e-07,-0.0108438129222004,1.58758047966712e-07,1.49792887593424e-07,-37.4831195261177,11.9306847659247,46.4279250680691,1.52348931625357,158.835901707263,0.21542793567046,6.41920739234778e-05,0,0,0,0,nominal_fsw
683,1600000,6.25e-07,16,0.13,2,1.875,3,3,1,2,250000,1000000,1000000,-0.00694315866354403,9.34833235980618e-07,9.00316314657189e-07,-2.71433202967853e-05,2.25640366491931e-07,2.38215990294049e-07,-40.3129335157713,1.90101101050899,95.4764291057061,33.6266816766724,1102.77938398359,0.275354940497223,0.000158404048211157,0,0,0,0,nominal_fsw
684,1600000,6.25e-07,16,0.67,2,1.875,3,3,1,2,250000,1000000,1000000,-0.00694315866354403,9.34833235980618e-07,9.00316314657189e-07,-2.71433202967853e-05,2.25640366491931e-07,2.38215990294049e-07,-40.3129335157713,0.303074451282459,95.027794218475,32.6131987660444,1092.06314614502,0.226891606525141,0.000160046847886535,0,0,0,0,nominal_fsw
685,1600000,6.25e-07,16,0.13,2,1.875,3,3,1,1,250000,2000000,2000000,-0.170333392987803,6.12134396241429e-07,3.18309886714201e-07,-0.00271349263374914,7.95277666910522e-08,7.83532027490969e-08,-37.4831195261177,11.7296663725276,46.5770320102203,1.72528976436825,161.139409107951,0.190161018624175,6.40174456115228e-05,0,0,0,0,nominal_fsw
686,1600000,6.25e-07,16,0.67,2,1.875,3,3,1,1,250000,2000000,2000000,-0.170333392987803,6.12134396241429e-07,3.18309886714201e-07,-0.00271349263374914,7.95277666910522e-08,7.83532027490969e-08,-37.4831195261177,11.8737410611689,46.8315910941437,1.60994375536749,157.456600930737,0.224377286025204,6.55017862629323e-05,0,0,0,0,nominal_fsw
687,1600000,6.25e-07,16,0.13,2,1.875,3,3,1,2,250000,2000000,2000000,-0.00694315866354403,9.34833235980618e-07,9.00316314657189e-07,-1.69646248855021e-06,1.12609832744504e-07,1.14270071863055e-07,-39.8069372280732,0.168102441857898,95.6256334415343,33.7959459591938,1120.66617765681,0.237920695695052,0.000158038622299317,0,0,0,0,nominal_fsw
688,1600000,6.25e-07,16,0.67,2,1.875,3,3,1,2,250000,2000000,2000000,-0.00694315866354403,9.34833235980618e-07,9.00316314657189e-07,-1.69646248855021e-06,1.12609832744504e-07,1.14270071863055e-07,-39.8069372280732,1.37594192563238,95.6500606523847,34.0471989409022,1099.14380700994,0.359523984061761,0.000158125936455274,0,0,0,0,nominal_fsw
689,1600000,6.25e-07,16,0.13,2,1.875,3,3,1,1,500000,250000,250000,-0.0432137378264256,3.1515830311229e-07,2.54647908913008e-07,-0.170333392987803,6.12134396241429e-07,3.18309886714201e-07,-32.4080374934756,7.61718969292333,16.3644808675868,0.168985463480122,11.5396709096117,0.35972232911949,2.28924781513319e-05,0,0,0,0,nominal_fsw
690,1600000,6.25e-07,16,0.67,2,1.875,3,3,1,1,500000,250000,250000,-0.0432137378264256,3.1515830311229e-07,2.54647908913008e-07,-0.170333392987803,6.12134396241429e-07,3.18309886714201e-07,-32.4080374934756,12.1688611748193,16.4075325068887,0.170527129862113,10.4930665570137,0.321483815710575,2.39240787348199e-05,0,0,0,0,nominal_fsw
691,1600000,6.25e-07,16,0.13,2,1.875,3,3,1,2,500000,250000,250000,-0.000434272768624432,4.5461427828784e-07,5.29597832694518e-07,-0.00694315866354403,9.34833235980618e-07,9.00316314657189e-07,-38.1905151425837,9.24179319676772,33.0578463169061,0.65107380646255,53.6127476559591,0.058834914174623,0.000273438831768167,0,0,0,0,nominal_fsw
692,1600000,6.25e-07,16,0.67,2,1.875,3,3,1,2,500000,250000,250000,-0.000434272768624432,4.5461427828784e-07,5.29597832694518e-07,-0.00694315866354403,9.34833235980618e-07,9.00316314657189e-07,-38.1905151425837,9.29141619211605,33.0945320270925,0.691562988268421,58.3609777333089,0.0614523491500058,0.000277820708854733,0,0,0,0,nominal_fsw
693,1600000,6.25e-07,16,0.13,2,1.875,3,3,1,1,500000,500000,500000,-0.0432137378264256,3.1515830311229e-07,2.54647908913008e-07,-0.0432137378264256,3.1515830311229e-07,2.54647908913008e-07,-32.4080374934756,3.7666688309979,16.4908773880493,0.173514023741879,17.1010221722721,0.221365004256903,2.59096673186402e-05,0,0,0,0,nominal_fsw
694,1600000,6.25e-07,16,0.67,2,1.875,3,3,1,1,500000,500000,500000,-0.0432137378264256,3.1515830311229e-07,2.54647908913008e-07,-0.0432137378264256,3.1515830311229e-07,2.54647908913008e-07,-32.4080374934756,15.6690681001043,16.330683579468,0.23560708397367,6.24955134092576,0.269457535213322,2.61231019220598e-05,0,0,0,0,nominal_fsw
695,1600000,6.25e-07,16,0.13,2,1.875,3,3,1,2,500000,500000,500000,-0.000434272768624432,4.5461427828784e-07,5.29597832694518e-07,-0.000434272768624432,4.5461427828784e-07,5.29597832694518e-07,-38.1905151425837,8.29768876099774,32.4437329082089,0.636651786760908,66.5232573065976,0.0776477035217352,0.000269771637217489,0,0,0,0,nominal_fsw
696,1600000,6.25e-07,16,0.67,2,1.875,3,3,1,2,500000,500000,500000,-0.000434272768624432,4.5461427828784e-07,5.29597832694518e-07,-0.000434272768624432,4.5461427828784e-07,5.29597832694518e-07,-38.1905151425837,9.30678050535563,32.5918487636934,0.602298734086563,65.3535221639485,0.066490972841431,0.000278040611173279,0,0,0,0,nominal_fsw
697,1600000,6.25e-07,16,0.13,2,1.875,3,3,1,1,500000,1000000,1000000,-0.0432137378264256,3.1515830311229e-07,2.54647908913008e-07,-0.0108438129222004,1.58758047966712e-07,1.49792887593424e-07,-32.4080374934756,3.16195501364241,16.7215289520641,0.16818290708332,20.3450980787387,0.290050189999716,2.82897865331159e-05,0,0,0,0,nominal_fsw
698,1600000,6.25e-07,16,0.67,2,1.875,3,3,1,1,500000,1000000,1000000,-0.0432137378264256,3.1515830311229e-07,2.54647908913008e-07,-0.0108438129222004,1.58758047966712e-07,1.49792887593424e-07,-32.4080374934756,4.03317105706764,16.3700016233885,0.172680631305226,17.6596315078472,0.275697644998673,2.55119028303274e-05,0,0,0,0,nominal_fsw
699,1600000,6.25e-07,16,0.13,2,1.875,3,3,1,2,500000,1000000,1000000,-0.000434272768624432,4.5461427828784e-07,5.29597832694518e-07,-2.71433202967853e-05,2.25640366491931e-07,2.38215990294049e-07,-38.1905151425837,8.07619805380674,32.3092444831037,0.619564776201225,72.8819616460003,0.0599731111145083,0.000263856911615326,0,0,0,0,nominal_fsw
700,1600000,6.25e-07,16,0.67,2,1.875,3,3,1,2,500000,1000000,1000000,-0.000434272768624432,4.5461427828784e-07,5.29597832694518e-07,-2.71433202967853e-05,2.25640366491931e-07,2.38215990294049e-07,-38.1905151425837,8.4215101183024,32.1755679728016,0.621097961465822,72.9232370747338,0.0670727350965344,0.000263426808550858,0,0,0,0,nominal_fsw
701,1600000,6.25e-07,16,0.13,2,1.875,3,3,1,1,500000,2000000,2000000,-0.0432137378264256,3.1515830311229e-07,2.54647908913008e-07,-0.00271349263374914,7.95277666910522e-08,7.83532027490969e-08,-32.4080374934756,2.13557866173567,15.9596858821896,0.169476744329083,21.1239197051229,0.354239749972261,2.42442306400312e-05,0,0,0,0,nominal_fsw
702,1600000,6.25e-07,16,0.67,2,1.875,3,3,1,1,500000,2000000,2000000,-0.0432137378264256,3.1515830311229e-07,2.54647908913008e-07,-0.00271349263374914,7.95277666910522e-08,7.83532027490969e-08,-32.4080374934756,4.14004714022715,16.6006008482978,0.156940459968742,18.1663297495133,0.232857913537349,2.6818381312205e-05,0,0,0,0,nominal_fsw
703,1600000,6.25e-07,16,0.13,2,1.875,3,3,1,2,500000,2000000,2000000,-0.000434272768624432,4.5461427828784e-07,5.29597832694518e-07,-1.69646248855021e-06,1.12609832744504e-07,1.14270071863055e-07,-38.1905151425837,8.44430725301211,32.6811159806348,0.608668825881922,74.2865114157072,0.0624491824882642,0.00026910222868863,0,0,0,0,nominal_fsw
704,1600000,6.25e-07,16,0.67,2,1.875,3,3,1,2,500000,2000000,2000000,-0.000434272768624432,4.5461427828784e-07,5.29597832694518e-07,-1.69646248855021e-06,1.12609832744504e-07,1.14270071863055e-07,-38.1905151425837,7.63012053567901,32.4674109339639,0.610746412136582,70.5143211145291,0.0629130278527609,0.000258491941809729,0,0,0,0,nominal_fsw
705,1600000,6.25e-07,16,0.13,2,1.875,3,3,1,1,1000000,250000,250000,-0.0108438129222004,1.58758047966712e-07,1.49792887593424e-07,-0.170333392987803,6.12134396241429e-07,3.18309886714201e-07,-28.2238938179694,0.845200976261129,2.89780147838424,0.153449566179318,0.798397255257045,0.978412940399131,3.97117716764837e-06,0,0,1,1,nominal_fsw
706,1600000,6.25e-07,16,0.67,2,1.875,3,3,1,1,1000000,250000,250000,-0.0108438129222004,1.58758047966712e-07,1.49792887593424e-07,-0.170333392987803,6.12134396241429e-07,3.18309886714201e-07,-28.2238938179694,0.162694796595897,3.12329314072628,0.148466403573471,1.06668066947845,0.895727818892082,4.01645117445286e-06,0,0,1,1,nominal_fsw
707,1600000,6.25e-07,16,0.13,2,1.875,3,3,1,2,1000000,250000,250000,-2.71433202967853e-05,2.25640366491931e-07,2.38215990294049e-07,-0.00694315866354403,9.34833235980618e-07,9.00316314657189e-07,-29.3443806313527,13.8849739982001,0.902235462472079,0.207316333208449,4.88454508025774,0.6451870515636,9.32967925788341e-06,0,0,0,0,nominal_fsw
708,1600000,6.25e-07,16,0.67,2,1.875,3,3,1,2,1000000,250000,250000,-2.71433202967853e-05,2.25640366491931e-07,2.38215990294049e-07,-0.00694315866354403,9.34833235980618e-07,9.00316314657189e-07,-29.3443806313527,13.2191285442008,0.0630549429602389,0.207463539220224,5.58796380749036,0.58184282070621,7.89061261323423e-06,0,0,0,0,nominal_fsw
709,1600000,6.25e-07,16,0.13,2,1.875,3,3,1,1,1000000,500000,500000,-0.0108438129222004,1.58758047966712e-07,1.49792887593424e-07,-0.0432137378264256,3.1515830311229e-07,2.54647908913008e-07,-28.2238938179694,0.233316234147862,1.50524467565157,0.163376088351955,0.971297193691876,0.77154802075908,3.59604968277026e-06,0,0,1,1,nominal_fsw
710,1600000,6.25e-07,16,0.67,2,1.875,3,3,1,1,1000000,500000,500000,-0.0108438129222004,1.58758047966712e-07,1.49792887593424e-07,-0.0432137378264256,3.1515830311229e-07,2.54647908913008e-07,-28.2238938179694,1.22373184109034,2.21021078921881,0.173270457995363,1.05775629234828,0.668899811525403,3.573412679368e-06,0,0,1,1,nominal_fsw
711,1600000,6.25e-07,16,0.13,2,1.875,3,3,1,2,1000000,500000,500000,-2.71433202967853e-05,2.25640366491931e-07,2.38215990294049e-07,-0.000434272768624432,4.5461427828784e-07,5.29597832694518e-07,-29.3443806313527,9.45275235134797,2.12108820019781,0.23295036228702,3.00197680781236,0.643251331296979,9.11301079677561e-06,0,0,0,0,nominal_fsw
712,1600000,6.25e-07,16,0.67,2,1.875,3,3,1,2,1000000,500000,500000,-2.71433202967853e-05,2.25640366491931e-07,2.38215990294049e-07,-0.000434272768624432,4.5461427828784e-07,5.29597832694518e-07,-29.3443806313527,11.5840004088574,2.15076580351687,0.218043969334255,3.1902925839107,0.498692458658837,8.33688496599066e-06,0,0,0,0,nominal_fsw
713,1600000,6.25e-07,16,0.13,2,1.875,3,3,1,1,1000000,1000000,1000000,-0.0108438129222004,1.58758047966712e-07,1.49792887593424e-07,-0.0108438129222004,1.58758047966712e-07,1.49792887593424e-07,-28.2238938179694,1.01479775730893,1.94238508497557,0.16184245022005,1.09421574537248,0.812636664173678,4.14580547958945e-06,0,0,1,1,nominal_fsw
714,1600000,6.25e-07,16,0.67,2,1.875,3,3,1,1,1000000,1000000,1000000,-0.0108438129222004,1.58758047966712e-07,1.49792887593424e-07,-0.0108438129222004,1.58758047966712e-07,1.49792887593424e-07,-28.2238938179694,1.31572007740564,2.61089189454351,0.162265019443575,1.03026321212174,0.82273625167049,3.42142137082581e-06,0,0,1,1,nominal_fsw
715,1600000,6.25e-07,16,0.13,2,1.875,3,3,1,2,1000000,1000000,1000000,-2.71433202967853e-05,2.25640366491931e-07,2.38215990294049e-07,-2.71433202967853e-05,2.25640366491931e-07,2.38215990294049e-07,-29.3443806313527,11.223634655746,1.16304732607155,0.221479623193435,2.81191871974551,0.640141216671784,8.6441014406765e-06,0,0,0,0,nominal_fsw
716,1600000,6.25e-07,16,0.67,2,1.875,3,3,1,2,1000000,1000000,1000000,-2.71433202967853e-05,2.25640366491931e-07,2.38215990294049e-07,-2.71433202967853e-05,2.25640366491931e-07,2.38215990294049e-07,-29.3443806313527,11.1599359183317,1.3357541133884,0.219939893798593,2.95472480474449,0.518311399462639,8.73141559664536e-06,0,0,0,0,nominal_fsw
717,1600000,6.25e-07,16,0.13,2,1.875,3,3,1,1,1000000,2000000,2000000,-0.0108438129222004,1.58758047966712e-07,1.49792887593424e-07,-0.00271349263374914,7.95277666910522e-08,7.83532027490969e-08,-28.2238938179694,1.22903840566816,2.13223447560428,0.182606787212233,1.12126287407885,0.919362328095689,3.14330961479463e-06,0,0,1,1,nominal_fsw
718,1600000,6.25e-07,16,0.67,2,1.875,3,3,1,1,1000000,2000000,2000000,-0.0108438129222004,1.58758047966712e-07,1.49792887593424e-07,-0.00271349263374914,7.95277666910522e-08,7.83532027490969e-08,-28.2238938179694,1.2497323739401,2.35262840892053,0.173340290012856,0.911866063277229,0.732687876643705,3.59604968277202e-06,0,0,1,1,nominal_fsw
719,1600000,6.25e-07,16,0.13,2,1.875,3,3,1,2,1000000,2000000,2000000,-2.71433202967853e-05,2.25640366491931e-07,2.38215990294049e-07,-1.69646248855021e-06,1.12609832744504e-07,1.14270071863055e-07,-29.3443806313527,10.2990038227001,1.13654323660612,0.22781643016936,3.19354074708754,0.818829156733163,8.22369994899158e-06,0,0,0,0,nominal_fsw
720,1600000,6.25e-07,16,0.67,2,1.875,3,3,1,2,1000000,2000000,2000000,-2.71433202967853e-05,2.25640366491931e-07,2.38215990294049e-07,-1.69646248855021e-06,1.12609832744504e-07,1.14270071863055e-07,-29.3443806313527,10.5752914159075,2.24881973525966,0.226724734811777,2.48614916854029,0.51558277432686,8.4565376982126e-06,0,0,0,0,nominal_fsw
721,1600000,6.25e-07,16,0.13,2,1.875,3,3,1,1,1500000,250000,250000,-0.00482281539738106,1.05985533688917e-07,1.0323563875415e-07,-0.170333392987803,6.12134396241429e-07,3.18309886714201e-07,-26.467838122614,2.87789090661161,0.760355024990911,0.160775023451605,1.38992156134248,0.811124436771532,3.49256623864808e-06,0,0,1,1,nominal_fsw
722,1600000,6.25e-07,16,0.67,2,1.875,3,3,1,1,1500000,250000,250000,-0.00482281539738106,1.05985533688917e-07,1.0323563875415e-07,-0.170333392987803,6.12134396241429e-07,3.18309886714201e-07,-26.467838122614,1.33879626587425,1.14093062845073,0.16749973013329,1.2652000656266,1.13222581934934,3.50873552679529e-06,0,0,1,1,nominal_fsw
723,1600000,6.25e-07,16,0.13,2,1.875,3,3,1,2,1500000,250000,250000,-5.36165696188321e-06,1.50219259149706e-07,1.54101944642893e-07,-0.00694315866354403,9.34833235980618e-07,9.00316314657189e-07,-26.5584261300857,3.89097196705723,0.25789786390179,0.177865788913878,1.69595126073912,0.576447433826304,4.62118255095327e-06,0,0,0,0,nominal_fsw
724,1600000,6.25e-07,16,0.67,2,1.875,3,3,1,2,1500000,250000,250000,-5.36165696188321e-06,1.50219259149706e-07,1.54101944642893e-07,-0.00694315866354403,9.34833235980618e-07,9.00316314657189e-07,-26.5584261300857,3.93922256127737,0.342588984875059,0.178391731390664,1.73045378149966,0.992049234078024,4.0487897507361e-06,0,0,0,0,nominal_fsw
725,1600000,6.25e-07,16,0.13,2,1.875,3,3,1,1,1500000,500000,500000,-0.00482281539738106,1.05985533688917e-07,1.0323563875415e-07,-0.0432137378264256,3.1515830311229e-07,2.54647908913008e-07,-26.467838122614,0.577914765659093,0.0596423669873003,0.175019661882365,0.842044409182999,0.839878800755551,3.52490481493305e-06,0,0,1,1,nominal_fsw
726,1600000,6.25e-07,16,0.67,2,1.875,3,3,1,1,1500000,500000,500000,-0.00482281539738106,1.05985533688917e-07,1.0323563875415e-07,-0.0432137378264256,3.1515830311229e-07,2.54647908913008e-07,-26.467838122614,0.000921049354163372,0.45921439590344,0.178366681290309,1.02233037761928,0.754933710350551,3.52490481495383e-06,0,0,1,1,nominal_fsw
727,1600000,6.25e-07,16,0.13,2,1.875,3,3,1,2,1500000,500000,500000,-5.36165696188321e-06,1.50219259149706e-07,1.54101944642893e-07,-0.000434272768624432,4.5461427828784e-07,5.29597832694518e-07,-26.5584261300857,1.35812211551558,1.22415200426655,0.234236519969702,1.1865578722696,0.925393424300914,4.77964157477053e-06,0,0,1,1,nominal_fsw
728,1600000,6.25e-07,16,0.67,2,1.875,3,3,1,2,1500000,500000,500000,-5.36165696188321e-06,1.50219259149706e-07,1.54101944642893e-07,-0.000434272768624432,4.5461427828784e-07,5.29597832694518e-07,-26.5584261300857,1.21791097951276,1.54093632132415,0.220921644847057,1.09595554436338,0.935096927324807,4.04878975073819e-06,0,0,1,1,nominal_fsw
729,1600000,6.25e-07,16,0.13,2,1.875,3,3,1,1,1500000,1000000,1000000,-0.00482281539738106,1.05985533688917e-07,1.0323563875415e-07,-0.0108438129222004,1.58758047966712e-07,1.49792887593424e-07,-26.467838122614,0.443387016734476,0.410378150486002,0.184629184918383,0.886820025576414,0.967725177877978,3.07216474697515e-06,0,0,1,1,nominal_fsw
730,1600000,6.25e-07,16,0.67,2,1.875,3,3,1,1,1500000,1000000,1000000,-0.00482281539738106,1.05985533688917e-07,1.0323563875415e-07,-0.0108438129222004,1.58758047966712e-07,1.49792887593424e-07,-26.467838122614,0.133973421821354,0.453940585394208,0.190808026940264,0.935995095204502,0.789001338779499,3.23062377076254e-06,0,0,1,1,nominal_fsw
731,1600000,6.25e-07,16,0.13,2,1.875,3,3,1,2,1500000,1000000,1000000,-5.36165696188321e-06,1.50219259149706e-07,1.54101944642893e-07,-2.71433202967853e-05,2.25640366491931e-07,2.38215990294049e-07,-26.5584261300857,2.37670274623309,0.579556951559912,0.231877223648455,1.14774699504783,0.719931103275032,3.90650001509463e-06,0,0,1,1,nominal_fsw
732,1600000,6.25e-07,16,0.67,2,1.875,3,3,1,2,1500000,1000000,1000000,-5.36165696188321e-06,1.50219259149706e-07,1.54101944642893e-07,-2.71433202967853e-05,2.25640366491931e-07,2.38215990294049e-07,-26.5584261300857,0.980219271974714,0.535333729940435,0.218516114552068,1.142298063513,0.822838648245496,4.77964157475927e-06,0,0,1,1,nominal_fsw
733,1600000,6.25e-07,16,0.13,2,1.875,3,3,1,1,1500000,2000000,2000000,-0.00482281539738106,1.05985533688917e-07,1.0323563875415e-07,-0.00271349263374914,7.95277666910522e-08,7.83532027490969e-08,-26.467838122614,0.311215348492833,0.108035322136446,0.179007086812309,1.13901649270271,0.837687563944079,3.5249048149415e-06,0,0,1,1,nominal_fsw
734,1600000,6.25e-07,16,0.67,2,1.875,3,3,1,1,1500000,2000000,2000000,-0.00482281539738106,1.05985533688917e-07,1.0323563875415e-07,-0.00271349263374914,7.95277666910522e-08,7.83532027490969e-08,-26.467838122614,0.137351952609399,0.535759139968817,0.195777096782713,0.877387806637641,0.775976343584403,3.50873552679033e-06,0,0,1,1,nominal_fsw
735,1600000,6.25e-07,16,0.13,2,1.875,3,3,1,2,1500000,2000000,2000000,-5.36165696188321e-06,1.50219259149706e-07,1.54101944642893e-07,-1.69646248855021e-06,1.12609832744504e-07,1.14270071863055e-07,-26.5584261300857,1.03698887753807,1.49674645570166,0.22537921475873,0.901813440065514,0.900355326186391,5.15153520202223e-06,0,0,1,1,nominal_fsw
736,1600000,6.25e-07,16,0.67,2,1.875,3,3,1,2,1500000,2000000,2000000,-5.36165696188321e-06,1.50219259149706e-07,1.54101944642893e-07,-1.69646248855021e-06,1.12609832744504e-07,1.14270071863055e-07,-26.5584261300857,0.855049449561207,0.93052733554162,0.236827401476997,0.884257921112324,0.817505701397116,4.01645117446366e-06,0,0,1,1,nominal_fsw
737,1600000,6.25e-07,16,0.13,2,1.875,3,3,1,1,2000000,250000,250000,-0.00271349263374914,7.95277666910522e-08,7.83532027490969e-08,-0.170333392987803,6.12134396241429e-07,3.18309886714201e-07,-25.522546980631,1.91482900239697,0.15499916282693,0.167817618791071,1.22873269202484,0.860274494748936,3.42142137082893e-06,0,0,1,1,nominal_fsw
738,1600000,6.25e-07,16,0.67,2,1.875,3,3,1,1,2000000,250000,250000,-0.00271349263374914,7.95277666910522e-08,7.83532027490969e-08,-0.170333392987803,6.12134396241429e-07,3.18309886714201e-07,-25.522546980631,2.10780454429038,0.220817466238965,0.158762541791052,1.35708765138368,1.11288779234076,3.66719455057835e-06,0,0,1,1,nominal_fsw
739,1600000,6.25e-07,16,0.13,2,1.875,3,3,1,2,2000000,250000,250000,-1.69646248855021e-06,1.12609832744504e-07,1.14270071863055e-07,-0.00694315866354403,9.34833235980618e-07,9.00316314657189e-07,-25.3995343513497,3.0461323296572,1.31452446533925,0.15100743834904,1.37680198545016,0.705799012356627,3.07216474696674e-06,0,0,0,0,nominal_fsw
740,1600000,6.25e-07,16,0.67,2,1.875,3,3,1,2,2000000,250000,250000,-1.69646248855021e-06,1.12609832744504e-07,1.14270071863055e-07,-0.00694315866354403,9.34833235980618e-07,9.00316314657189e-07,-25.3995343513497,2.23450324926635,1.92818375020626,0.151482962673001,1.32641151731261,0.734977137086246,3.31793792672103e-06,0,0,1,1,nominal_fsw
741,1600000,6.25e-07,16,0.13,2,1.875,3,3,1,1,2000000,500000,500000,-0.00271349263374914,7.95277666910522e-08,7.83532027490969e-08,-0.0432137378264256,3.1515830311229e-07,2.54647908913008e-07,-25.522546980631,0.852792327185803,0.564616326942669,0.182574898064835,1.13700897571482,0.844771468833446,2.88136714689594e-06,0,0,1,1,nominal_fsw
742,1600000,6.25e-07,16,0.67,2,1.875,3,3,1,1,2000000,500000,500000,-0.00271349263374914,7.95277666910522e-08,7.83532027490969e-08,-0.0432137378264256,3.1515830311229e-07,2.54647908913008e-07,-25.522546980631,1.15647852651446,1.53671662260766,0.180368901365669,1.07703016040851,0.712935865440827,2.98485059099168e-06,0,0,1,1,nominal_fsw
743,1600000,6.25e-07,16,0.13,2,1.875,3,3,1,2,2000000,500000,500000,-1.69646248855021e-06,1.12609832744504e-07,1.14270071863055e-07,-0.000434272768624432,4.5461427828784e-07,5.29597832694518e-07,-25.3995343513497,0.637087071872644,0.0538733076092757,0.176260105334969,1.02562388949468,0.912790439446708,3.14330961479138e-06,0,0,1,1,nominal_fsw
744,1600000,6.25e-07,16,0.67,2,1.875,3,3,1,2,2000000,500000,500000,-1.69646248855021e-06,1.12609832744504e-07,1.14270071863055e-07,-0.000434272768624432,4.5461427828784e-07,5.29597832694518e-07,-25.3995343513497,0.644188976376059,0.374239107133345,0.201454052524921,1.0593069379735,0.870117055960941,3.52490481493289e-06,0,0,1,1,nominal_fsw
745,1600000,6.25e-07,16,0.13,2,1.875,3,3,1,1,2000000,1000000,1000000,-0.00271349263374914,7.95277666910522e-08,7.83532027490969e-08,-0.0108438129222004,1.58758047966712e-07,1.49792887593424e-07,-25.522546980631,0.875768107404817,0.715622595163734,0.184427384053897,1.06112334678885,0.683943252978059,3.00101987914861e-06,0,0,1,1,nominal_fsw
746,1600000,6.25e-07,16,0.67,2,1.875,3,3,1,1,2000000,1000000,1000000,-0.00271349263374914,7.95277666910522e-08,7.83532027490969e-08,-0.0108438129222004,1.58758047966712e-07,1.49792887593424e-07,-25.522546980631,0.00980965126212707,0.517631493007475,0.199379123303242,1.06555569811638,0.890181683272193,3.57341267936388e-06,0,0,1,1,nominal_fsw
747,1600000,6.25e-07,16,0.13,2,1.875,3,3,1,2,2000000,1000000,1000000,-1.69646248855021e-06,1.12609832744504e-07,1.14270071863055e-07,-2.71433202967853e-05,2.25640366491931e-07,2.38215990294049e-07,-25.3995343513497,0.0741022551611681,0.526337171876745,0.195774614539206,0.930044914775406,0.991278547827558,3.14330961479284e-06,0,0,1,1,nominal_fsw
748,1600000,6.25e-07,16,0.67,2,1.875,3,3,1,2,2000000,1000000,1000000,-1.69646248855021e-06,1.12609832744504e-07,1.14270071863055e-07,-2.71433202967853e-05,2.25640366491931e-07,2.38215990294049e-07,-25.3995343513497,0.234498132714589,0.318204363443553,0.194497880064895,0.934468971498627,1.16227353131997,3.23062377075601e-06,0,0,1,1,nominal_fsw
749,1600000,6.25e-07,16,0.13,2,1.875,3,3,1,1,2000000,2000000,2000000,-0.00271349263374914,7.95277666910522e-08,7.83532027490969e-08,-0.00271349263374914,7.95277666910522e-08,7.83532027490969e-08,-25.522546980631,0.228185473234355,0.611591843743553,0.183426838005733,1.10309496249072,0.890930560219675,3.00101987914855e-06,0,0,1,1,nominal_fsw
750,1600000,6.25e-07,16,0.67,2,1.875,3,3,1,1,2000000,2000000,2000000,-0.00271349263374914,7.95277666910522e-08,7.83532027490969e-08,-0.00271349263374914,7.95277666910522e-08,7.83532027490969e-08,-25.522546980631,0.34907129341708,1.43662296613227,0.209726365522966,0.906597157513487,0.820330959967298,2.12787831947389e-06,0,0,1,1,nominal_fsw
751,1600000,6.25e-07,16,0.13,2,1.875,3,3,1,2,2000000,2000000,2000000,-1.69646248855021e-06,1.12609832744504e-07,1.14270071863055e-07,-1.69646248855021e-06,1.12609832744504e-07,1.14270071863055e-07,-25.3995343513497,0.243282968457192,0.477702335162644,0.188010156487421,1.01701521026053,0.942280768423432,2.61942467899339e-06,0,0,1,1,nominal_fsw
752,1600000,6.25e-07,16,0.67,2,1.875,3,3,1,2,2000000,2000000,2000000,-1.69646248855021e-06,1.12609832744504e-07,1.14270071863055e-07,-1.69646248855021e-06,1.12609832744504e-07,1.14270071863055e-07,-25.3995343513497,0.352099053099275,0.297560589418211,0.185008151621461,0.88048385426139,0.691745783304958,2.65176325527692e-06,0,0,1,1,nominal_fsw
753,1600000,6.25e-07,16,0.13,2,1.875,3,3,1,1,3000000,250000,250000,-0.00120620603998196,5.30369152206258e-08,5.26857742637191e-08,-0.170333392987803,6.12134396241429e-07,3.18309886714201e-07,-24.5319855256996,2.00259535451353,0.835479321210841,0.159989557015618,1.03029407492532,0.879414752611226,3.50873552679726e-06,0,0,1,1,nominal_fsw
754,1600000,6.25e-07,16,0.67,2,1.875,3,3,1,1,3000000,250000,250000,-0.00120620603998196,5.30369152206258e-08,5.26857742637191e-08,-0.170333392987803,6.12134396241429e-07,3.18309886714201e-07,-24.5319855256996,1.46346675159803,0.423737811113067,0.16446156990012,1.26015686563266,0.833639166557842,3.62192054379588e-06,0,0,1,1,nominal_fsw
755,1600000,6.25e-07,16,0.13,2,1.875,3,3,1,2,3000000,250000,250000,-3.35103753839414e-07,7.50471945447958e-08,7.55437329481472e-08,-0.00694315866354403,9.34833235980618e-07,9.00316314657189e-07,-24.3948688827791,3.41079468354419,0.420332267215828,0.162825023188134,1.6036003222616,0.884851860762654,2.98485059100366e-06,0,0,0,0,nominal_fsw
756,1600000,6.25e-07,16,0.67,2,1.875,3,3,1,2,3000000,250000,250000,-3.35103753839414e-07,7.50471945447958e-08,7.55437329481472e-08,-0.00694315866354403,9.34833235980618e-07,9.00316314657189e-07,-24.3948688827791,3.77342839097403,0.315765605772111,0.154308801662476,1.31898814372479,0.921509092836272,3.14330961480116e-06,0,0,0,0,nominal_fsw
757,1600000,6.25e-07,16,0.13,2,1.875,3,3,1,1,3000000,500000,500000,-0.00120620603998196,5.30369152206258e-08,5.26857742637191e-08,-0.0432137378264256,3.1515830311229e-07,2.54647908913008e-07,-24.5319855256996,0.325483100179591,1.5434705339507,0.194825412425967,0.995846973932267,0.825682786918994,3.14330961479293e-06,0,0,1,1,nominal_fsw
758,1600000,6.25e-07,16,0.67,2,1.875,3,3,1,1,3000000,500000,500000,-0.00120620603998196,5.30369152206258e-08,5.26857742637191e-08,-0.0432137378264256,3.1515830311229e-07,2.54647908913008e-07,-24.5319855256996,0.456355290051058,2.08862507545662,0.191968671782047,0.940180846743487,0.908299395343654,3.8418228625116e-06,0,0,1,1,nominal_fsw
759,1600000,6.25e-07,16,0.13,2,1.875,3,3,1,2,3000000,500000,500000,-3.35103753839414e-07,7.50471945447958e-08,7.55437329481472e-08,-0.000434272768624432,4.5461427828784e-07,5.29597832694518e-07,-24.3948688827791,0.970032295048595,0.69247960095089,0.189308561483731,1.27200596307404,0.840438636231751,3.00101987914774e-06,0,0,1,1,nominal_fsw
760,1600000,6.25e-07,16,0.67,2,1.875,3,3,1,2,3000000,500000,500000,-3.35103753839414e-07,7.50471945447958e-08,7.55437329481472e-08,-0.000434272768624432,4.5461427828784e-07,5.29597832694518e-07,-24.3948688827791,0.776854236433655,0.439527432304976,0.193408546468583,0.987441683098414,0.913116444774316,3.49256623864997e-06,0,0,1,1,nominal_fsw
761,1600000,6.25e-07,16,0.13,2,1.875,3,3,1,1,3000000,1000000,1000000,-0.00120620603998196,5.30369152206258e-08,5.26857742637191e-08,-0.0108438129222004,1.58758047966712e-07,1.49792887593424e-07,-24.5319855256996,0.87688497246845,1.3065522417091,0.191366245419995,0.966510920480393,0.88668038017499,3.50873552680506e-06,0,0,1,1,nominal_fsw
762,1600000,6.25e-07,16,0.67,2,1.875,3,3,1,1,3000000,1000000,1000000,-0.00120620603998196,5.30369152206258e-08,5.26857742637191e-08,-0.0108438129222004,1.58758047966712e-07,1.49792887593424e-07,-24.5319855256996,0.281441791813553,1.92164373558594,0.193908158522998,0.91568851418293,0.786225437684665,3.971177167643e-06,0,0,1,1,nominal_fsw
763,1600000,6.25e-07,16,0.13,2,1.875,3,3,1,2,3000000,1000000,1000000,-3.35103753839414e-07,7.50471945447958e-08,7.55437329481472e-08,-2.71433202967853e-05,2.25640366491931e-07,2.38215990294049e-07,-24.3948688827791,0.706197582970991,0.545769472439406,0.196984232176155,0.929134969781564,1.09178687412361,3.52490481494515e-06,0,0,1,1,nominal_fsw
764,1600000,6.25e-07,16,0.67,2,1.875,3,3,1,2,3000000,1000000,1000000,-3.35103753839414e-07,7.50471945447958e-08,7.55437329481472e-08,-2.71433202967853e-05,2.25640366491931e-07,2.38215990294049e-07,-24.3948688827791,0.0697983521806167,1.07203314652393,0.199154575492107,0.917960001234746,0.814231502718258,3.49256623864966e-06,0,0,1,1,nominal_fsw
765,1600000,6.25e-07,16,0.13,2,1.875,3,3,1,1,3000000,2000000,2000000,-0.00120620603998196,5.30369152206258e-08,5.26857742637191e-08,-0.00271349263374914,7.95277666910522e-08,7.83532027490969e-08,-24.5319855256996,0.404693357619146,1.52735720114874,0.180470402195889,0.915237986607177,0.755686423847659,3.14330961479014e-06,0,0,1,1,nominal_fsw
766,1600000,6.25e-07,16,0.67,2,1.875,3,3,1,1,3000000,2000000,2000000,-0.00120620603998196,5.30369152206258e-08,5.26857742637191e-08,-0.00271349263374914,7.95277666910522e-08,7.83532027490969e-08,-24.5319855256996,0.874100821122203,1.11442342346639,0.195584445066882,1.04471367157636,0.824472382941145,3.31793792672414e-06,0,0,1,1,nominal_fsw
767,1600000,6.25e-07,16,0.13,2,1.875,3,3,1,2,3000000,2000000,2000000,-3.35103753839414e-07,7.50471945447958e-08,7.55437329481472e-08,-1.69646248855021e-06,1.12609832744504e-07,1.14270071863055e-07,-24.3948688827791,0.0477414576130375,0.394655029187807,0.195294943998604,0.98438405632847,0.708581663372905,3.49256623864896e-06,0,0,1,1,nominal_fsw
768,1600000,6.25e-07,16,0.67,2,1.875,3,3,1,2,3000000,2000000,2000000,-3.35103753839414e-07,7.50471945447958e-08,7.55437329481472e-08,-1.69646248855021e-06,1.12609832744504e-07,1.14270071863055e-07,-24.3948688827791,1.42125591453413,0.438020245200144,0.194064245855451,0.980827929326211,0.729016035647122,3.46992923526514e-06,0,0,1,1,nominal_fsw
769,2500000,4e-07,14,0.13,2,1.6,5,5,1,1,250000,250000,250000,-0.170333392987803,6.12134396241429e-07,3.18309886714201e-07,-0.170333392987803,6.12134396241429e-07,3.18309886714201e-07,-42.521558246566,15.9450684429951,41.4597981840267,1.17550710156333,30.5838073913463,0.59314888192479,3.57671528395302e-05,0,0,0,0,nominal_fsw
770,2500000,4e-07,14,0.67,2,1.6,5,5,1,1,250000,250000,250000,-0.170333392987803,6.12134396241429e-07,3.18309886714201e-07,-0.170333392987803,6.12134396241429e-07,3.18309886714201e-07,-42.521558246566,15.4996568322793,40.5570437331938,1.09904615311149,29.5942910865023,0.635123227075978,3.35317057870672e-05,0,0,0,0,nominal_fsw
771,2500000,4e-07,14,0.13,2,1.6,5,5,1,2,250000,250000,250000,-0.00694315866354403,9.34833235980618e-07,9.00316314657189e-07,-0.00694315866354403,9.34833235980618e-07,9.00316314657189e-07,-43.3686483789001,4.03631072930186,91.3006440072039,27.9323424681826,276.950288300606,0.284570712802792,9.50064997300033e-05,0,0,0,0,nominal_fsw
772,2500000,4e-07,14,0.67,2,1.6,5,5,1,2,250000,250000,250000,-0.00694315866354403,9.34833235980618e-07,9.00316314657189e-07,-0.00694315866354403,9.34833235980618e-07,9.00316314657189e-07,-43.3686483789001,4.30301188184127,90.5429448941196,27.8875373748639,282.571932274457,0.24618181482993,0.000102830564413638,0,0,0,0,nominal_fsw
773,2500000,4e-07,14,0.13,2,1.6,5,5,1,1,250000,500000,500000,-0.170333392987803,6.12134396241429e-07,3.18309886714201e-07,-0.0432137378264256,3.1515830311229e-07,2.54647908913008e-07,-42.521558246566,14.2476917956935,40.8584893105167,1.18469877111558,35.1619966570787,0.451862903330029,3.5767152839499e-05,0,0,0,0,nominal_fsw
774,2500000,4e-07,14,0.67,2,1.6,5,5,1,1,250000,500000,500000,-0.170333392987803,6.12134396241429e-07,3.18309886714201e-07,-0.0432137378264256,3.1515830311229e-07,2.54647908913008e-07,-42.521558246566,13.5738799131017,40.8884850917769,1.14798121634093,35.765403924717,0.464773769725832,3.35317057870616e-05,0,0,0,0,nominal_fsw
775,2500000,4e-07,14,0.13,2,1.6,5,5,1,2,250000,500000,500000,-0.00694315866354403,9.34833235980618e-07,9.00316314657189e-07,-0.000434272768624432,4.5461427828784e-07,5.29597832694518e-07,-42.9745199433551,3.70989818059552,90.735121167195,28.4066717943679,288.779722243375,0.267710756722155,0.000114007799675902,0,0,0,0,nominal_fsw
776,2500000,4e-07,14,0.67,2,1.6,5,5,1,2,250000,500000,500000,-0.00694315866354403,9.34833235980618e-07,9.00316314657189e-07,-0.000434272768624432,4.5461427828784e-07,5.29597832694518e-07,-42.9745199433551,2.12035410254369,90.7918696465838,29.4126341620151,297.074811029987,0.264194421627209,0.000114007799675866,0,0,0,0,nominal_fsw
777,2500000,4e-07,14,0.13,2,1.6,5,5,1,1,250000,1000000,1000000,-0.170333392987803,6.12134396241429e-07,3.18309886714201e-07,-0.0108438129222004,1.58758047966712e-07,1.49792887593424e-07,-42.521558246566,13.7419768638074,40.855684110457,1.46163045501232,37.597348106267,0.649548070743702,3.35317057871023e-05,0,0,0,0,nominal_fsw
778,2500000,4e-07,14,0.67,2,1.6,5,5,1,1,250000,1000000,1000000,-0.170333392987803,6.12134396241429e-07,3.18309886714201e-07,-0.0108438129222004,1.58758047966712e-07,1.49792887593424e-07,-42.521558246566,13.7405763228495,40.2279191266503,1.30579693606652,36.1504086249584,0.457059222272174,3.35317057870669e-05,0,0,0,0,nominal_fsw
779,2500000,4e-07,14,0.13,2,1.6,5,5,1,2,250000,1000000,1000000,-0.00694315866354403,9.34833235980618e-07,9.00316314657189e-07,-2.71433202967853e-05,2.25640366491931e-07,2.38215990294049e-07,-42.716474757347,3.05564677304603,90.7736882395638,28.6889782528091,288.371442471206,0.283250686375949,9.50064997299396e-05,0,0,0,0,nominal_fsw
780,2500000,4e-07,14,0.67,2,1.6,5,5,1,2,250000,1000000,1000000,-0.00694315866354403,9.34833235980618e-07,9.00316314657189e-07,-2.71433202967853e-05,2.25640366491931e-07,2.38215990294049e-07,-42.716474757347,1.08848066899723,91.3400980397004,29.7107360623738,297.867930350276,0.225029109360614,0.000114007799675883,0,0,0,0,nominal_fsw
781,2500000,4e-07,14,0.13,2,1.6,5,5,1,1,250000,2000000,2000000,-0.170333392987803,6.12134396241429e-07,3.18309886714201e-07,-0.00271349263374914,7.95277666910522e-08,7.83532027490969e-08,-42.3732999769477,15.0050943180978,40.5545953059889,1.42088360347506,36.041570126419,0.542518114815765,3.35317057870576e-05,0,0,0,0,nominal_fsw
782,2500000,4e-07,14,0.67,2,1.6,5,5,1,1,250000,2000000,2000000,-0.170333392987803,6.12134396241429e-07,3.18309886714201e-07,-0.00271349263374914,7.95277666910522e-08,7.83532027490969e-08,-42.3732999769477,13.6207729549524,40.1608365114728,1.66231000892246,37.4365808982029,0.449986680234442,3.35317057870993e-05,0,0,0,0,nominal_fsw
783,2500000,4e-07,14,0.13,2,1.6,5,5,1,2,250000,2000000,2000000,-0.00694315866354403,9.34833235980618e-07,9.00316314657189e-07,-1.69646248855021e-06,1.12609832744504e-07,1.14270071863055e-07,-42.3995631607146,1.20012117067942,90.826233092891,29.1639702745058,300.073583428244,0.270141586212811,9.50064997301268e-05,0,0,0,0,nominal_fsw
784,2500000,4e-07,14,0.67,2,1.6,5,5,1,2,250000,2000000,2000000,-0.00694315866354403,9.34833235980618e-07,9.00316314657189e-07,-1.69646248855021e-06,1.12609832744504e-07,1.14270071863055e-07,-42.3995631607146,2.21022650190644,90.018059703255,29.1915299704614,296.248505937503,0.260179803608629,0.00010283056441369,0,0,0,0,nominal_fsw
785,2500000,4e-07,14,0.13,2,1.6,5,5,1,1,500000,250000,250000,-0.0432137378264256,3.1515830311229e-07,2.54647908913008e-07,-0.170333392987803,6.12134396241429e-07,3.18309886714201e-07,-37.431049674783,10.4841541350972,12.4616992676293,0.423458334839372,1.70468152704227,0.891106725554264,1.56481293673246e-05,0,0,0,0,nominal_fsw
786,2500000,4e-07,14,0.67,2,1.6,5,5,1,1,500000,250000,250000,-0.0432137378264256,3.1515830311229e-07,2.54647908913008e-07,-0.170333392987803,6.12134396241429e-07,3.18309886714201e-07,-37.431049674783,11.12509940929,13.0601532776276,0.418410419826482,1.9941364480715,0.842054274538327,1.78835764197647e-05,0,0,0,0,nominal_fsw
787,2500000,4e-07,14,0.13,2,1.6,5,5,1,2,500000,250000,250000,-0.000434272768624432,4.5461427828784e-07,5.29597832694518e-07,-0.00694315866354403,9.34833235980618e-07,9.00316314657189e-07,-43.3686483789001,13.5735836543799,17.4957535506481,0.419280164033607,9.44869829978192,0.179560830755599,8.94178820988262e-05,0,0,0,0,nominal_fsw
788,2500000,4e-07,14,0.67,2,1.6,5,5,1,2,500000,250000,250000,-0.000434272768624432,4.5461427828784e-07,5.29597832694518e-07,-0.00694315866354403,9.34833235980618e-07,9.00316314657189e-07,-43.3686483789001,14.6256141290386,17.44173184769,0.423914422464461,8.89880297043928,0.263374074570065,8.71824350463892e-05,0,0,0,0,nominal_fsw
789,2500000,4e-07,14,0.13,2,1.6,5,5,1,1,500000,500000,500000,-0.0432137378264256,3.1515830311229e-07,2.54647908913008e-07,-0.0432137378264256,3.1515830311229e-07,2.54647908913008e-07,-37.431049674783,9.76507931151207,12.1187444487081,0.419211936297391,2.45770909668858,0.933392043781962,1.56481293672999e-05,0,0,0,0,nominal_fsw
790,2500000,4e-07,14,0.67,2,1.6,5,5,1,1,500000,500000,500000,-0.0432137378264256,3.1515830311229e-07,2.54647908913008e-07,-0.0432137378264256,3.1515830311229e-07,2.54647908913008e-07,-37.431049674783,10.9472299946071,11.5349114934365,0.426306880532833,2.25824543999427,0.846526382993373,1.56481293673142e-05,0,0,0,0,nominal_fsw
791,2500000,4e-07,14,0.13,2,1.6,5,5,1,2,500000,500000,500000,-0.000434272768624432,4.5461427828784e-07,5.29597832694518e-07,-0.000434272768624432,4.5461427828784e-07,5.29597832694518e-07,-42.9745199433551,5.41780709089527,16.9427538698338,0.40448751702408,16.4376487190636,0.204758484235444,8.71824350463894e-05,0,0,0,0,nominal_fsw
792,2500000,4e-07,14,0.67,2,1.6,5,5,1,2,500000,500000,500000,-0.000434272768624432,4.5461427828784e-07,5.29597832694518e-07,-0.000434272768624432,4.5461427828784e-07,5.29597832694518e-07,-42.9745199433551,14.178674140511,16.6861353324814,0.432729680407989,7.88698275367216,0.264589575982862,8.71824350463642e-05,0,0,0,0,nominal_fsw
793,2500000,4e-07,14,0.13,2,1.6,5,5,1,1,500000,1000000,1000000,-0.0432137378264256,3.1515830311229e-07,2.54647908913008e-07,-0.0108438129222004,1.58758047966712e-07,1.49792887593424e-07,-37.431049674783,10.1732160065233,11.9984368701136,0.43061176657763,2.64948535216033,0.871614123925805,1.7883576419771e-05,0,0,0,0,nominal_fsw
794,2500000,4e-07,14,0.67,2,1.6,5,5,1,1,500000,1000000,1000000,-0.0432137378264256,3.1515830311229e-07,2.54647908913008e-07,-0.0108438129222004,1.58758047966712e-07,1.49792887593424e-07,-37.431049674783,9.75514085921817,12.042570836415,0.421844133098353,2.74817448698552,0.804674806402543,1.56481293673279e-05,0,0,0,0,nominal_fsw
795,2500000,4e-07,14,0.13,2,1.6,5,5,1,2,500000,1000000,1000000,-0.000434272768624432,4.5461427828784e-07,5.29597832694518e-07,-2.71433202967853e-05,2.25640366491931e-07,2.38215990294049e-07,-42.716474757347,6.12924956500858,16.9580818674952,0.396147276840428,15.5739530761144,0.222815174101486,8.71824350463658e-05,0,0,0,0,nominal_fsw
796,2500000,4e-07,14,0.67,2,1.6,5,5,1,2,500000,1000000,1000000,-0.000434272768624432,4.5461427828784e-07,5.29597832694518e-07,-2.71433202967853e-05,2.25640366491931e-07,2.38215990294049e-07,-42.716474757347,6.12093622671969,16.8615451079116,0.409008486458835,15.2998483817645,0.226915835535078,8.71824350463717e-05,0,0,0,0,nominal_fsw
797,2500000,4e-07,14,0.13,2,1.6,5,5,1,1,500000,2000000,2000000,-0.0432137378264256,3.1515830311229e-07,2.54647908913008e-07,-0.00271349263374914,7.95277666910522e-08,7.83532027490969e-08,-37.431049674783,11.0137797187139,13.0284615677929,0.423754367693676,2.55096099393615,0.850822382587434,1.78835764197393e-05,0,0,0,0,nominal_fsw
798,2500000,4e-07,14,0.67,2,1.6,5,5,1,1,500000,2000000,2000000,-0.0432137378264256,3.1515830311229e-07,2.54647908913008e-07,-0.00271349263374914,7.95277666910522e-08,7.83532027490969e-08,-37.431049674783,10.6045754541747,12.1902887235765,0.436020405017421,2.63153211123762,0.823294161385,1.78835764197497e-05,0,0,0,0,nominal_fsw
799,2500000,4e-07,14,0.13,2,1.6,5,5,1,2,500000,2000000,2000000,-0.000434272768624432,4.5461427828784e-07,5.29597832694518e-07,-1.69646248855021e-06,1.12609832744504e-07,1.14270071863055e-07,-42.3995631607146,4.21828332824435,17.5839529042433,0.407406584680566,17.6842848685105,0.25909535050905,8.71824350463743e-05,0,0,0,0,nominal_fsw
800,2500000,4e-07,14,0.67,2,1.6,5,5,1,2,500000,2000000,2000000,-0.000434272768624432,4.5461427828784e-07,5.29597832694518e-07,-1.69646248855021e-06,1.12609832744504e-07,1.14270071863055e-07,-42.3995631607146,5.4344249720609,16.4894915004766,0.425984160928756,16.517538398422,0.232272264735767,8.94178820987385e-05,0,0,0,0,nominal_fsw
801,2500000,4e-07,14,0.13,2,1.6,5,5,1,1,1000000,250000,250000,-0.0108438129222004,1.58758047966712e-07,1.49792887593424e-07,-0.170333392987803,6.12134396241429e-07,3.18309886714201e-07,-32.5270216457993,1.35578622524888,2.19965384854932,0.385284374218259,1.00574385561534,0.933029194558623,1.5648129367269e-05,0,0,1,1,nominal_fsw
802,2500000,4e-07,14,0.67,2,1.6,5,5,1,1,1000000,250000,250000,-0.0108438129222004,1.58758047966712e-07,1.49792887593424e-07,-0.170333392987803,6.12134396241429e-07,3.18309886714201e-07,-32.5270216457993,0.578443263058337,1.97569455086668,0.385123942470148,1.18397055482952,0.860838152892943,1.34126823148489e-05,0,0,1,1,nominal_fsw
803,2500000,4e-07,14,0.13,2,1.6,5,5,1,2,1000000,250000,250000,-2.71433202967853e-05,2.25640366491931e-07,2.38215990294049e-07,-0.00694315866354403,9.34833235980618e-07,9.00316314657189e-07,-36.6614546563169,12.0578201387422,0.117944430473327,0.414894476818321,2.27672166628468,0.733320490748307,1.56481293672992e-05,0,0,0,0,nominal_fsw
804,2500000,4e-07,14,0.67,2,1.6,5,5,1,2,1000000,250000,250000,-2.71433202967853e-05,2.25640366491931e-07,2.38215990294049e-07,-0.00694315866354403,9.34833235980618e-07,9.00316314657189e-07,-36.6614546563169,11.7132479108279,1.20277764499805,0.398530561691287,2.253811842767,0.725345056543551,1.78835764197185e-05,0,0,0,0,nominal_fsw
805,2500000,4e-07,14,0.13,2,1.6,5,5,1,1,1000000,500000,500000,-0.0108438129222004,1.58758047966712e-07,1.49792887593424e-07,-0.0432137378264256,3.1515830311229e-07,2.54647908913008e-07,-32.5270216457993,0.0866066533090182,0.998669547579289,0.39366308757831,1.05193004757343,0.814560845503209,1.56481293672552e-05,0,0,1,1,nominal_fsw
806,2500000,4e-07,14,0.67,2,1.6,5,5,1,1,1000000,500000,500000,-0.0108438129222004,1.58758047966712e-07,1.49792887593424e-07,-0.0432137378264256,3.1515830311229e-07,2.54647908913008e-07,-32.5270216457993,0.80823796241325,1.08362635107179,0.389987220033444,1.03302269516901,0.662385271675453,1.56481293672672e-05,0,0,1,1,nominal_fsw
807,2500000,4e-07,14,0.13,2,1.6,5,5,1,2,1000000,500000,500000,-2.71433202967853e-05,2.25640366491931e-07,2.38215990294049e-07,-0.000434272768624432,4.5461427828784e-07,5.29597832694518e-07,-36.6614546563169,9.76728992528151,0.961912536269161,0.407431826291019,1.81471389512742,0.913702885510439,1.78835764197484e-05,0,0,0,0,nominal_fsw
808,2500000,4e-07,14,0.67,2,1.6,5,5,1,2,1000000,500000,500000,-2.71433202967853e-05,2.25640366491931e-07,2.38215990294049e-07,-0.000434272768624432,4.5461427828784e-07,5.29597832694518e-07,-36.6614546563169,9.97941270591045,0.861760938727496,0.418430627371319,1.75893954072231,0.825861439340098,1.56481293673149e-05,0,0,0,0,nominal_fsw
809,2500000,4e-07,14,0.13,2,1.6,5,5,1,1,1000000,1000000,1000000,-0.0108438129222004,1.58758047966712e-07,1.49792887593424e-07,-0.0108438129222004,1.58758047966712e-07,1.49792887593424e-07,-32.5270216457993,0.744611162275688,0.562030245424994,0.395773571387048,1.15404003791219,0.736111920567809,1.34126823148487e-05,0,0,1,1,nominal_fsw
810,2500000,4e-07,14,0.67,2,1.6,5,5,1,1,1000000,1000000,1000000,-0.0108438129222004,1.58758047966712e-07,1.49792887593424e-07,-0.0108438129222004,1.58758047966712e-07,1.49792887593424e-07,-32.5270216457993,1.30669981932813,0.462490396411763,0.3942570375122,0.95800184561186,0.787642623829351,1.56481293672707e-05,0,0,1,1,nominal_fsw
811,2500000,4e-07,14,0.13,2,1.6,5,5,1,2,1000000,1000000,1000000,-2.71433202967853e-05,2.25640366491931e-07,2.38215990294049e-07,-2.71433202967853e-05,2.25640366491931e-07,2.38215990294049e-07,-36.6614546563169,11.2119026668221,1.74921273450857,0.406637515589301,1.74861002466435,0.870758089714642,1.78835764197176e-05,0,0,0,0,nominal_fsw
812,2500000,4e-07,14,0.67,2,1.6,5,5,1,2,1000000,1000000,1000000,-2.71433202967853e-05,2.25640366491931e-07,2.38215990294049e-07,-2.71433202967853e-05,2.25640366491931e-07,2.38215990294049e-07,-36.6614546563169,9.91032945050121,1.16755771325647,0.41111157705829,1.4996263772312,0.827814352399785,1.56481293673175e-05,0,0,0,0,nominal_fsw
813,2500000,4e-07,14,0.13,2,1.6,5,5,1,1,1000000,2000000,2000000,-0.0108438129222004,1.58758047966712e-07,1.49792887593424e-07,-0.00271349263374914,7.95277666910522e-08,7.83532027490969e-08,-32.5270216457993,0.239743988763097,2.02430358202901,0.404771329802743,1.08242373500537,0.799704267751914,1.56481293672628e-05,0,0,1,1,nominal_fsw
814,2500000,4e-07,14,0.67,2,1.6,5,5,1,1,1000000,2000000,2000000,-0.0108438129222004,1.58758047966712e-07,1.49792887593424e-07,-0.00271349263374914,7.95277666910522e-08,7.83532027490969e-08,-32.5270216457993,0.923052034669658,1.31544387422227,0.400442333562481,0.97070172375445,0.715625611367946,1.3412682314841e-05,0,0,1,1,nominal_fsw
815,2500000,4e-07,14,0.13,2,1.6,5,5,1,2,1000000,2000000,2000000,-2.71433202967853e-05,2.25640366491931e-07,2.38215990294049e-07,-1.69646248855021e-06,1.12609832744504e-07,1.14270071863055e-07,-36.6614546563169,8.69794241473094,1.83850059191684,0.415566761155144,1.6300212883123,0.926109049418773,1.56481293672848e-05,0,0,0,0,nominal_fsw
816,2500000,4e-07,14,0.67,2,1.6,5,5,1,2,1000000,2000000,2000000,-2.71433202967853e-05,2.25640366491931e-07,2.38215990294049e-07,-1.69646248855021e-06,1.12609832744504e-07,1.14270071863055e-07,-36.6614546563169,8.3206560922902,0.0207174403610733,0.413526269747005,1.60269346423722,0.821886269737875,1.56481293672955e-05,0,0,0,0,nominal_fsw
817,2500000,4e-07,14,0.13,2,1.6,5,5,1,1,1500000,250000,250000,-0.00482281539738106,1.05985533688917e-07,1.0323563875415e-07,-0.170333392987803,6.12134396241429e-07,3.18309886714201e-07,-30.1659104976041,1.26329076641178,0.58672282620138,0.388051936152132,1.03215847734383,0.742017886247365,1.34126823148331e-05,0,0,1,1,nominal_fsw
818,2500000,4e-07,14,0.67,2,1.6,5,5,1,1,1500000,250000,250000,-0.00482281539738106,1.05985533688917e-07,1.0323563875415e-07,-0.170333392987803,6.12134396241429e-07,3.18309886714201e-07,-30.1659104976041,1.35002133176556,0.13056960263238,0.392447310022258,1.18631833809796,1.04891459309066,1.3412682314838e-05,0,0,1,1,nominal_fsw
819,2500000,4e-07,14,0.13,2,1.6,5,5,1,2,1500000,250000,250000,-5.36165696188321e-06,1.50219259149706e-07,1.54101944642893e-07,-0.00694315866354403,9.34833235980618e-07,9.00316314657189e-07,-31.6991599901574,2.15158190685156,1.39935361872137,0.395462626787054,1.1607013612983,0.680509247676696,1.34126823148385e-05,0,0,1,1,nominal_fsw
820,2500000,4e-07,14,0.67,2,1.6,5,5,1,2,1500000,250000,250000,-5.36165696188321e-06,1.50219259149706e-07,1.54101944642893e-07,-0.00694315866354403,9.34833235980618e-07,9.00316314657189e-07,-31.6991599901574,3.66530114811208,1.72352712277098,0.375244299158055,1.19222714189648,0.837953563099025,1.56481293672545e-05,0,0,0,0,nominal_fsw
821,2500000,4e-07,14,0.13,2,1.6,5,5,1,1,1500000,500000,500000,-0.00482281539738106,1.05985533688917e-07,1.0323563875415e-07,-0.0432137378264256,3.1515830311229e-07,2.54647908913008e-07,-30.1659104976041,0.411089521044938,0.0831581429142081,0.385209453823834,1.10139555045945,0.930679903804498,1.56481293672758e-05,0,0,1,1,nominal_fsw
822,2500000,4e-07,14,0.67,2,1.6,5,5,1,1,1500000,500000,500000,-0.00482281539738106,1.05985533688917e-07,1.0323563875415e-07,-0.0432137378264256,3.1515830311229e-07,2.54647908913008e-07,-30.1659104976041,1.01825381357508,0.25102977167748,0.378235200296438,0.996418004506032,0.823858216594997,1.56481293672729e-05,0,0,1,1,nominal_fsw
823,2500000,4e-07,14,0.13,2,1.6,5,5,1,2,1500000,500000,500000,-5.36165696188321e-06,1.50219259149706e-07,1.54101944642893e-07,-0.000434272768624432,4.5461427828784e-07,5.29597832694518e-07,-31.6991599901574,0.842221783013053,0.290100690095496,0.384828564905104,1.08713930715351,0.903040975760156,1.45304058410471e-05,0,0,1,1,nominal_fsw
824,2500000,4e-07,14,0.67,2,1.6,5,5,1,2,1500000,500000,500000,-5.36165696188321e-06,1.50219259149706e-07,1.54101944642893e-07,-0.000434272768624432,4.5461427828784e-07,5.29597832694518e-07,-31.6991599901574,1.15561805744282,0.930961848366829,0.38220438014576,0.992541688304396,0.964077412308319,1.34126823148284e-05,0,0,1,1,nominal_fsw
825,2500000,4e-07,14,0.13,2,1.6,5,5,1,1,1500000,1000000,1000000,-0.00482281539738106,1.05985533688917e-07,1.0323563875415e-07,-0.0108438129222004,1.58758047966712e-07,1.49792887593424e-07,-30.1659104976041,0.235791401632135,0.190190090613873,0.395490832716449,1.14926839414483,0.75227808026218,1.34126823148285e-05,0,0,1,1,nominal_fsw
826,2500000,4e-07,14,0.67,2,1.6,5,5,1,1,1500000,1000000,1000000,-0.00482281539738106,1.05985533688917e-07,1.0323563875415e-07,-0.0108438129222004,1.58758047966712e-07,1.49792887593424e-07,-30.1659104976041,0.812335509579087,0.0460948427339014,0.387015429307794,1.09024256880924,0.853416753444494,1.56481293672543e-05,0,0,1,1,nominal_fsw
827,2500000,4e-07,14,0.13,2,1.6,5,5,1,2,1500000,1000000,1000000,-5.36165696188321e-06,1.50219259149706e-07,1.54101944642893e-07,-2.71433202967853e-05,2.25640366491931e-07,2.38215990294049e-07,-31.6991599901574,0.97382959967498,0.104927719471992,0.392593088754399,1.01522308716815,0.706952114072667,1.56481293672732e-05,0,0,1,1,nominal_fsw
828,2500000,4e-07,14,0.67,2,1.6,5,5,1,2,1500000,1000000,1000000,-5.36165696188321e-06,1.50219259149706e-07,1.54101944642893e-07,-2.71433202967853e-05,2.25640366491931e-07,2.38215990294049e-07,-31.6991599901574,0.823696382437245,1.39894808592106,0.38999611181808,1.05998404855987,0.761669551257362,1.34126823148408e-05,0,0,1,1,nominal_fsw
829,2500000,4e-07,14,0.13,2,1.6,5,5,1,1,1500000,2000000,2000000,-0.00482281539738106,1.05985533688917e-07,1.0323563875415e-07,-0.00271349263374914,7.95277666910522e-08,7.83532027490969e-08,-30.1659104976041,0.327308751719335,0.751810973332523,0.391263284977572,0.996171873517575,0.937987672228911,1.34126823148521e-05,0,0,1,1,nominal_fsw
830,2500000,4e-07,14,0.67,2,1.6,5,5,1,1,1500000,2000000,2000000,-0.00482281539738106,1.05985533688917e-07,1.0323563875415e-07,-0.00271349263374914,7.95277666910522e-08,7.83532027490969e-08,-30.1659104976041,0.147151434519011,0.263775493051288,0.393852208648074,1.12803977469196,0.895734792170398,1.56481293672544e-05,0,0,1,1,nominal_fsw
831,2500000,4e-07,14,0.13,2,1.6,5,5,1,2,1500000,2000000,2000000,-5.36165696188321e-06,1.50219259149706e-07,1.54101944642893e-07,-1.69646248855021e-06,1.12609832744504e-07,1.14270071863055e-07,-31.6991599901574,0.179890896779811,1.01239312720244,0.386028068637063,0.938180426442581,0.700349701599517,1.56481293672644e-05,0,0,1,1,nominal_fsw
832,2500000,4e-07,14,0.67,2,1.6,5,5,1,2,1500000,2000000,2000000,-5.36165696188321e-06,1.50219259149706e-07,1.54101944642893e-07,-1.69646248855021e-06,1.12609832744504e-07,1.14270071863055e-07,-31.6991599901574,0.861863244599559,0.767382728643129,0.391528329705821,1.05853508713361,0.640469813503038,1.56481293672549e-05,0,0,1,1,nominal_fsw
833,2500000,4e-07,14,0.13,2,1.6,5,5,1,1,2000000,250000,250000,-0.00271349263374914,7.95277666910522e-08,7.83532027490969e-08,-0.170333392987803,6.12134396241429e-07,3.18309886714201e-07,-28.8042019443714,1.94175696143191,0.63719002571867,0.386596937568327,1.15083831642706,0.829001362945351,1.56481293672679e-05,0,0,1,1,nominal_fsw
834,2500000,4e-07,14,0.67,2,1.6,5,5,1,1,2000000,250000,250000,-0.00271349263374914,7.95277666910522e-08,7.83532027490969e-08,-0.170333392987803,6.12134396241429e-07,3.18309886714201e-07,-28.8042019443714,2.51868697782325,0.00128455765459057,0.401216462266952,1.10255372884317,0.986260563484109,1.34126823148332e-05,0,0,1,1,nominal_fsw
835,2500000,4e-07,14,0.13,2,1.6,5,5,1,2,2000000,250000,250000,-1.69646248855021e-06,1.12609832744504e-07,1.14270071863055e-07,-0.00694315866354403,9.34833235980618e-07,9.00316314657189e-07,-29.3667193779479,2.2285701846434,1.05979542342252,0.375848451128599,1.3283278529222,0.834690378674417,1.45304058410492e-05,0,0,1,1,nominal_fsw
836,2500000,4e-07,14,0.67,2,1.6,5,5,1,2,2000000,250000,250000,-1.69646248855021e-06,1.12609832744504e-07,1.14270071863055e-07,-0.00694315866354403,9.34833235980618e-07,9.00316314657189e-07,-29.3667193779479,2.97245218237394,0.661402391404353,0.387757328444996,1.25950159464422,0.851807336006095,1.34126823148309e-05,0,0,1,1,nominal_fsw
837,2500000,4e-07,14,0.13,2,1.6,5,5,1,1,2000000,500000,500000,-0.00271349263374914,7.95277666910522e-08,7.83532027490969e-08,-0.0432137378264256,3.1515830311229e-07,2.54647908913008e-07,-28.8042019443714,1.44124796491156,0.750982445765302,0.400134085247166,1.01278636224806,0.906984062910301,1.56481293672609e-05,0,0,1,1,nominal_fsw
838,2500000,4e-07,14,0.67,2,1.6,5,5,1,1,2000000,500000,500000,-0.00271349263374914,7.95277666910522e-08,7.83532027490969e-08,-0.0432137378264256,3.1515830311229e-07,2.54647908913008e-07,-28.8042019443714,0.0898502138422241,0.0880413677299297,0.389955153976332,1.13042751422381,0.923950675048803,1.45304058410578e-05,0,0,1,1,nominal_fsw
839,2500000,4e-07,14,0.13,2,1.6,5,5,1,2,2000000,500000,500000,-1.69646248855021e-06,1.12609832744504e-07,1.14270071863055e-07,-0.000434272768624432,4.5461427828784e-07,5.29597832694518e-07,-29.3667193779479,1.21309441057855,0.336675549190457,0.39969990906575,0.910347709371712,0.930931278813857,1.34126823148461e-05,0,0,1,1,nominal_fsw
840,2500000,4e-07,14,0.67,2,1.6,5,5,1,2,2000000,500000,500000,-1.69646248855021e-06,1.12609832744504e-07,1.14270071863055e-07,-0.000434272768624432,4.5461427828784e-07,5.29597832694518e-07,-29.3667193779479,0.427515935050371,0.410583516721696,0.383242737722319,1.05324984552413,0.924542093060582,1.56481293672732e-05,0,0,1,1,nominal_fsw
841,2500000,4e-07,14,0.13,2,1.6,5,5,1,1,2000000,1000000,1000000,-0.00271349263374914,7.95277666910522e-08,7.83532027490969e-08,-0.0108438129222004,1.58758047966712e-07,1.49792887593424e-07,-28.8042019443714,0.903065306404471,1.06287019791287,0.400731763639758,1.09361152759034,0.976974750625127,1.56481293672914e-05,0,0,1,1,nominal_fsw
842,2500000,4e-07,14,0.67,2,1.6,5,5,1,1,2000000,1000000,1000000,-0.00271349263374914,7.95277666910522e-08,7.83532027490969e-08,-0.0108438129222004,1.58758047966712e-07,1.49792887593424e-07,-28.8042019443714,0.772243890536317,1.06585593429247,0.39965968073641,1.11507504904991,0.908849950455745,1.5648129367267e-05,0,0,1,1,nominal_fsw
843,2500000,4e-07,14,0.13,2,1.6,5,5,1,2,2000000,1000000,1000000,-1.69646248855021e-06,1.12609832744504e-07,1.14270071863055e-07,-2.71433202967853e-05,2.25640366491931e-07,2.38215990294049e-07,-29.3667193779479,0.394893070272273,0.27928572776641,0.391339040643466,1.05477418852046,0.852262044475533,1.34126823148445e-05,0,0,1,1,nominal_fsw
844,2500000,4e-07,14,0.67,2,1.6,5,5,1,2,2000000,1000000,1000000,-1.69646248855021e-06,1.12609832744504e-07,1.14270071863055e-07,-2.71433202967853e-05,2.25640366491931e-07,2.38215990294049e-07,-29.3667193779479,0.0835558734478381,0.0462942775492525,0.391510974972763,1.08727594497136,0.82219638696926,1.56481293672569e-05,0,0,1,1,nominal_fsw
845,2500000,4e-07,14,0.13,2,1.6,5,5,1,1,2000000,2000000,2000000,-0.00271349263374914,7.95277666910522e-08,7.83532027490969e-08,-0.00271349263374914,7.95277666910522e-08,7.83532027490969e-08,-28.8042019443714,0.322218146200748,0.558076043311972,0.411063244904666,1.08849782202659,0.84476121917821,1.45304058410536e-05,0,0,1,1,nominal_fsw
846,2500000,4e-07,14,0.67,2,1.6,5,5,1,1,2000000,2000000,2000000,-0.00271349263374914,7.95277666910522e-08,7.83532027490969e-08,-0.00271349263374914,7.95277666910522e-08,7.83532027490969e-08,-28.8042019443714,0.863322850679271,1.77248415583644,0.392787506032484,1.07384142975523,0.891025370269137,1.56481293672783e-05,0,0,1,1,nominal_fsw
847,2500000,4e-07,14,0.13,2,1.6,5,5,1,2,2000000,2000000,2000000,-1.69646248855021e-06,1.12609832744504e-07,1.14270071863055e-07,-1.69646248855021e-06,1.12609832744504e-07,1.14270071863055e-07,-29.3667193779479,0.509867129671204,0.769160045422213,0.395831468236547,0.98825415363959,0.995479375512119,1.56481293672617e-05,0,0,1,1,nominal_fsw
848,2500000,4e-07,14,0.67,2,1.6,5,5,1,2,2000000,2000000,2000000,-1.69646248855021e-06,1.12609832744504e-07,1.14270071863055e-07,-1.69646248855021e-06,1.12609832744504e-07,1.14270071863055e-07,-29.3667193779479,0.422460798460422,0.0930703541022981,0.400950800891681,0.950943495840606,0.815899602186454,1.56481293672714e-05,0,0,1,1,nominal_fsw
849,2500000,4e-07,14,0.13,2,1.6,5,5,1,1,3000000,250000,250000,-0.00120620603998196,5.30369152206258e-08,5.26857742637191e-08,-0.170333392987803,6.12134396241429e-07,3.18309886714201e-07,-27.3189504287669,1.47513606408602,0.272317800539001,0.383221396055649,1.08811519206062,0.956275695591461,1.34126823148333e-05,0,0,1,1,nominal_fsw
850,2500000,4e-07,14,0.67,2,1.6,5,5,1,1,3000000,250000,250000,-0.00120620603998196,5.30369152206258e-08,5.26857742637191e-08,-0.170333392987803,6.12134396241429e-07,3.18309886714201e-07,-27.3189504287669,2.75397416716932,0.487533691232089,0.38218252332618,1.13444620392839,0.866502350476052,1.56481293672576e-05,0,0,1,1,nominal_fsw
851,2500000,4e-07,14,0.13,2,1.6,5,5,1,2,3000000,250000,250000,-3.35103753839414e-07,7.50471945447958e-08,7.55437329481472e-08,-0.00694315866354403,9.34833235980618e-07,9.00316314657189e-07,-27.3969313065756,2.82212945539619,0.720897114651242,0.383280160730731,1.21395697669278,0.85141357888928,1.34126823148486e-05,0,0,1,1,nominal_fsw
852,2500000,4e-07,14,0.67,2,1.6,5,5,1,2,3000000,250000,250000,-3.35103753839414e-07,7.50471945447958e-08,7.55437329481472e-08,-0.00694315866354403,9.34833235980618e-07,9.00316314657189e-07,-27.3969313065756,2.79260526979559,0.0279331128460569,0.378420998586906,1.11697669610914,0.714260136457663,1.56481293672755e-05,0,0,1,1,nominal_fsw
853,2500000,4e-07,14,0.13,2,1.6,5,5,1,1,3000000,500000,500000,-0.00120620603998196,5.30369152206258e-08,5.26857742637191e-08,-0.0432137378264256,3.1515830311229e-07,2.54647908913008e-07,-27.3189504287669,1.55738865549757,0.808008679001859,0.388215692377553,1.05768333634026,0.922439420163123,1.3412682314849e-05,0,0,1,1,nominal_fsw
854,2500000,4e-07,14,0.67,2,1.6,5,5,1,1,3000000,500000,500000,-0.00120620603998196,5.30369152206258e-08,5.26857742637191e-08,-0.0432137378264256,3.1515830311229e-07,2.54647908913008e-07,-27.3189504287669,1.27685074243784,1.80720148518387,0.409245507235935,0.962731564497624,0.901841047976155,1.5648129367262e-05,0,0,1,1,nominal_fsw
855,2500000,4e-07,14,0.13,2,1.6,5,5,1,2,3000000,500000,500000,-3.35103753839414e-07,7.50471945447958e-08,7.55437329481472e-08,-0.000434272768624432,4.5461427828784e-07,5.29597832694518e-07,-27.3969313065756,0.833734527637353,1.143125338374,0.400574845863127,1.06224318830671,0.879383791495574,1.34126823148538e-05,0,0,1,1,nominal_fsw
856,2500000,4e-07,14,0.67,2,1.6,5,5,1,2,3000000,500000,500000,-3.35103753839414e-07,7.50471945447958e-08,7.55437329481472e-08,-0.000434272768624432,4.5461427828784e-07,5.29597832694518e-07,-27.3969313065756,1.56886266559617,0.948814503055861,0.400721708744558,1.01531566922163,0.86131208006045,1.34126823148326e-05,0,0,1,1,nominal_fsw
857,2500000,4e-07,14,0.13,2,1.6,5,5,1,1,3000000,1000000,1000000,-0.00120620603998196,5.30369152206258e-08,5.26857742637191e-08,-0.0108438129222004,1.58758047966712e-07,1.49792887593424e-07,-27.3189504287669,1.41531149503118,1.62054292923297,0.398678339812458,1.09705432963216,0.867374761428731,1.45304058410519e-05,0,0,1,1,nominal_fsw
858,2500000,4e-07,14,0.67,2,1.6,5,5,1,1,3000000,1000000,1000000,-0.00120620603998196,5.30369152206258e-08,5.26857742637191e-08,-0.0108438129222004,1.58758047966712e-07,1.49792887593424e-07,-27.3189504287669,0.0625911346591179,0.63382759770938,0.399478600714422,1.12842413486537,1.12163500509554,1.45304058410514e-05,0,0,1,1,nominal_fsw
859,2500000,4e-07,14,0.13,2,1.6,5,5,1,2,3000000,1000000,1000000,-3.35103753839414e-07,7.50471945447958e-08,7.55437329481472e-08,-2.71433202967853e-05,2.25640366491931e-07,2.38215990294049e-07,-27.3969313065756,0.765430005562306,0.761324197452828,0.390670213258475,1.08105797939475,0.88922241315689,1.56481293672639e-05,0,0,1,1,nominal_fsw
860,2500000,4e-07,14,0.67,2,1.6,5,5,1,2,3000000,1000000,1000000,-3.35103753839414e-07,7.50471945447958e-08,7.55437329481472e-08,-2.71433202967853e-05,2.25640366491931e-07,2.38215990294049e-07,-27.3969313065756,0.0552590070286296,1.05142566734249,0.414615134981392,1.08658473765998,1.05766771604984,1.45304058410619e-05,0,0,1,1,nominal_fsw
861,2500000,4e-07,14,0.13,2,1.6,5,5,1,1,3000000,2000000,2000000,-0.00120620603998196,5.30369152206258e-08,5.26857742637191e-08,-0.00271349263374914,7.95277666910522e-08,7.83532027490969e-08,-27.3189504287669,1.50227021451141,1.9270099525607,0.403242101529223,1.10917804409965,0.876329147720789,1.56481293673009e-05,0,0,1,1,nominal_fsw
862,2500000,4e-07,14,0.67,2,1.6,5,5,1,1,3000000,2000000,2000000,-0.00120620603998196,5.30369152206258e-08,5.26857742637191e-08,-0.00271349263374914,7.95277666910522e-08,7.83532027490969e-08,-27.3189504287669,0.983044418721879,1.08700770344126,0.400082408601654,1.07939505353785,1.20423791221149,1.56481293672505e-05,0,0,1,1,nominal_fsw
863,2500000,4e-07,14,0.13,2,1.6,5,5,1,2,3000000,2000000,2000000,-3.35103753839414e-07,7.50471945447958e-08,7.55437329481472e-08,-1.69646248855021e-06,1.12609832744504e-07,1.14270071863055e-07,-27.3969313065756,1.11455406737748,1.81378794936196,0.398362306865353,1.04439581269233,0.739592558291607,1.56481293672656e-05,0,0,1,1,nominal_fsw
864,2500000,4e-07,14,0.67,2,1.6,5,5,1,2,3000000,2000000,2000000,-3.35103753839414e-07,7.50471945447958e-08,7.55437329481472e-08,-1.69646248855021e-06,1.12609832744504e-07,1.14270071863055e-07,-27.3969313065756,0.781821342735789,0.642918949586768,0.398308779582077,1.08631543070699,0.928456802346382,1.56481293672523e-05,0,0,1,1,nominal_fsw
865,2500000,4e-07,16,0.13,2,1.6,5,5,1,1,250000,250000,250000,-0.170333392987803,6.12134396241429e-07,3.18309886714201e-07,-0.170333392987803,6.12134396241429e-07,3.18309886714201e-07,-42.521558246566,11.2689801445544,40.7913778128511,1.44407697215301,118.626741072511,0.216374079224749,2.71023140120047e-05,0,0,0,0,nominal_fsw
866,2500000,4e-07,16,0.67,2,1.6,5,5,1,1,250000,250000,250000,-0.170333392987803,6.12134396241429e-07,3.18309886714201e-07,-0.170333392987803,6.12134396241429e-07,3.18309886714201e-07,-42.521558246566,12.0498783768581,41.1583487493302,1.40496498248119,115.587226285842,0.269808419358908,2.6124395465145e-05,0,0,0,0,nominal_fsw
867,2500000,4e-07,16,0.13,2,1.6,5,5,1,2,250000,250000,250000,-0.00694315866354403,9.34833235980618e-07,9.00316314657189e-07,-0.00694315866354403,9.34833235980618e-07,9.00316314657189e-07,-43.3686483789001,4.0236537702265,90.3533972782165,29.2429603990084,913.760971724747,0.106927689782573,9.16449381025211e-05,0,0,0,0,nominal_fsw
868,2500000,4e-07,16,0.67,2,1.6,5,5,1,2,250000,250000,250000,-0.00694315866354403,9.34833235980618e-07,9.00316314657189e-07,-0.00694315866354403,9.34833235980618e-07,9.00316314657189e-07,-43.3686483789001,3.3061777019179,90.6310930640629,29.0587855872213,906.507654048835,0.114502258121815,9.17147894271676e-05,0,0,0,0,nominal_fsw
869,2500000,4e-07,16,0.13,2,1.6,5,5,1,1,250000,500000,500000,-0.170333392987803,6.12134396241429e-07,3.18309886714201e-07,-0.0432137378264256,3.1515830311229e-07,2.54647908913008e-07,-42.521558246566,10.0829581931796,40.9618982121251,1.53411914360011,132.20233941899,0.24529545193979,2.77309759349173e-05,0,0,0,0,nominal_fsw
870,2500000,4e-07,16,0.67,2,1.6,5,5,1,1,250000,500000,500000,-0.170333392987803,6.12134396241429e-07,3.18309886714201e-07,-0.0432137378264256,3.1515830311229e-07,2.54647908913008e-07,-42.521558246566,11.5935006126439,40.2512196670056,1.43050920757586,122.417024040671,0.245443122344396,2.73118679862984e-05,0,0,0,0,nominal_fsw
871,2500000,4e-07,16,0.13,2,1.6,5,5,1,2,250000,500000,500000,-0.00694315866354403,9.34833235980618e-07,9.00316314657189e-07,-0.000434272768624432,4.5461427828784e-07,5.29597832694518e-07,-42.9745199433551,2.80508022627886,90.5117850277763,30.2042641687375,947.818931734534,0.0928023287572217,9.03876142565762e-05,0,0,0,0,nominal_fsw
872,2500000,4e-07,16,0.67,2,1.6,5,5,1,2,250000,500000,500000,-0.00694315866354403,9.34833235980618e-07,9.00316314657189e-07,-0.000434272768624432,4.5461427828784e-07,5.29597832694518e-07,-42.9745199433551,2.74593510566035,90.3348051327332,29.8075699014318,943.819927298815,0.112832014629213,9.15052354528775e-05,0,0,0,0,nominal_fsw
873,2500000,4e-07,16,0.13,2,1.6,5,5,1,1,250000,1000000,1000000,-0.170333392987803,6.12134396241429e-07,3.18309886714201e-07,-0.0108438129222004,1.58758047966712e-07,1.49792887593424e-07,-42.521558246566,11.0033027598934,40.2609181036071,1.55282555948962,131.151221751192,0.244280856611087,2.66832060633501e-05,0,0,0,0,nominal_fsw
874,2500000,4e-07,16,0.67,2,1.6,5,5,1,1,250000,1000000,1000000,-0.170333392987803,6.12134396241429e-07,3.18309886714201e-07,-0.0108438129222004,1.58758047966712e-07,1.49792887593424e-07,-42.521558246566,9.74074404095847,40.902181465264,1.67197027203834,136.936500234311,0.225141088430727,2.65435034138045e-05,0,0,0,0,nominal_fsw
875,2500000,4e-07,16,0.13,2,1.6,5,5,1,2,250000,1000000,1000000,-0.00694315866354403,9.34833235980618e-07,9.00316314657189e-07,-2.71433202967853e-05,2.25640366491931e-07,2.38215990294049e-07,-42.716474757347,2.07163597446057,90.6389009262418,30.620427895001,969.659349579502,0.0925395986343737,9.05273169059843e-05,0,0,0,0,nominal_fsw
876,2500000,4e-07,16,0.67,2,1.6,5,5,1,2,250000,1000000,1000000,-0.00694315866354403,9.34833235980618e-07,9.00316314657189e-07,-2.71433202967853e-05,2.25640366491931e-07,2.38215990294049e-07,-42.716474757347,0.294616771713696,90.6277378046762,30.83239272014,982.88686571146,0.0882577750775865,8.84317771627955e-05,0,0,0,0,nominal_fsw
877,2500000,4e-07,16,0.13,2,1.6,5,5,1,1,250000,2000000,2000000,-0.170333392987803,6.12134396241429e-07,3.18309886714201e-07,-0.00271349263374914,7.95277666910522e-08,7.83532027490969e-08,-42.3732999769477,10.3071103452808,40.998270115847,1.63834631718574,140.914876470645,0.263930415608667,2.5775138841299e-05,0,0,0,0,nominal_fsw
878,2500000,4e-07,16,0.67,2,1.6,5,5,1,1,250000,2000000,2000000,-0.170333392987803,6.12134396241429e-07,3.18309886714201e-07,-0.00271349263374914,7.95277666910522e-08,7.83532027490969e-08,-42.3732999769477,11.0808250115614,41.5779450754692,1.80864013078463,134.435529421658,0.278018662223329,2.360974777331e-05,0,0,0,0,nominal_fsw
879,2500000,4e-07,16,0.13,2,1.6,5,5,1,2,250000,2000000,2000000,-0.00694315866354403,9.34833235980618e-07,9.00316314657189e-07,-1.69646248855021e-06,1.12609832744504e-07,1.14270071863055e-07,-42.3995631607146,2.21550461675648,90.2772612147249,31.0868623002155,986.941879425348,0.101008308548622,8.73141559664698e-05,0,0,0,0,nominal_fsw
880,2500000,4e-07,16,0.67,2,1.6,5,5,1,2,250000,2000000,2000000,-0.00694315866354403,9.34833235980618e-07,9.00316314657189e-07,-1.69646248855021e-06,1.12609832744504e-07,1.14270071863055e-07,-42.3995631607146,1.63849885029915,90.7019536868772,31.0704749961217,979.325322254618,0.126637727947704,8.961924968391e-05,0,0,0,0,nominal_fsw
881,2500000,4e-07,16,0.13,2,1.6,5,5,1,1,500000,250000,250000,-0.0432137378264256,3.1515830311229e-07,2.54647908913008e-07,-0.170333392987803,6.12134396241429e-07,3.18309886714201e-07,-37.431049674783,11.7416320425858,12.139455728695,0.222239584577034,5.66956077610529,0.601516978141773,7.82334837458294e-06,0,0,0,0,nominal_fsw
882,2500000,4e-07,16,0.67,2,1.6,5,5,1,1,500000,250000,250000,-0.0432137378264256,3.1515830311229e-07,2.54647908913008e-07,-0.170333392987803,6.12134396241429e-07,3.18309886714201e-07,-37.431049674783,11.5096311307812,12.519153429998,0.218078513998941,4.15440165703759,0.613884581564329,8.94096957097642e-06,0,0,0,0,nominal_fsw
883,2500000,4e-07,16,0.13,2,1.6,5,5,1,2,500000,250000,250000,-0.000434272768624432,4.5461427828784e-07,5.29597832694518e-07,-0.00694315866354403,9.34833235980618e-07,9.00316314657189e-07,-43.3686483789001,5.6660656754627,17.8675360703025,0.237626347622418,41.1976657709622,0.0853066039817216,8.01194695147886e-05,0,0,0,0,nominal_fsw
884,2500000,4e-07,16,0.67,2,1.6,5,5,1,2,500000,250000,250000,-0.000434272768624432,4.5461427828784e-07,5.29597832694518e-07,-0.00694315866354403,9.34833235980618e-07,9.00316314657189e-07,-43.3686483789001,5.37052452447203,17.5673153450787,0.218717909528322,38.7333951215874,0.0914585631130824,8.12370907111958e-05,0,0,0,0,nominal_fsw
885,2500000,4e-07,16,0.13,2,1.6,5,5,1,1,500000,500000,500000,-0.0432137378264256,3.1515830311229e-07,2.54647908913008e-07,-0.0432137378264256,3.1515830311229e-07,2.54647908913008e-07,-37.431049674783,4.62845899130006,11.6077309793823,0.191738694670101,11.8269804443671,0.852494809360675,9.15052354529239e-06,0,0,0,0,nominal_fsw
886,2500000,4e-07,16,0.67,2,1.6,5,5,1,1,500000,500000,500000,-0.0432137378264256,3.1515830311229e-07,2.54647908913008e-07,-0.0432137378264256,3.1515830311229e-07,2.54647908913008e-07,-37.431049674783,12.2009556435006,11.7690294296262,0.237603785076621,5.54997268824417,0.451857130363203,9.01082089574316e-06,0,0,0,0,nominal_fsw
887,2500000,4e-07,16,0.13,2,1.6,5,5,1,2,500000,500000,500000,-0.000434272768624432,4.5461427828784e-07,5.29597832694518e-07,-0.000434272768624432,4.5461427828784e-07,5.29597832694518e-07,-42.9745199433551,2.85567913540672,16.3223791366862,0.20335690979365,51.0331039209343,0.0879442442834049,8.35421844286969e-05,0,0,0,0,nominal_fsw
888,2500000,4e-07,16,0.67,2,1.6,5,5,1,2,500000,500000,500000,-0.000434272768624432,4.5461427828784e-07,5.29597832694518e-07,-0.000434272768624432,4.5461427828784e-07,5.29597832694518e-07,-42.9745199433551,3.77284783027965,17.2067713669797,0.216005383085569,50.6678056180087,0.0861684091154617,8.17260499846145e-05,0,0,0,0,nominal_fsw
889,2500000,4e-07,16,0.13,2,1.6,5,5,1,1,500000,1000000,1000000,-0.0432137378264256,3.1515830311229e-07,2.54647908913008e-07,-0.0108438129222004,1.58758047966712e-07,1.49792887593424e-07,-37.431049674783,1.24775667411292,12.7388094612192,0.189996549120427,15.7477020353132,0.57400221850206,8.80126692142195e-06,0,0,0,0,nominal_fsw
890,2500000,4e-07,16,0.67,2,1.6,5,5,1,1,500000,1000000,1000000,-0.0432137378264256,3.1515830311229e-07,2.54647908913008e-07,-0.0108438129222004,1.58758047966712e-07,1.49792887593424e-07,-37.431049674783,2.07648598660729,11.8981484317605,0.190970786582696,14.5014498327488,0.569595852643163,7.68364572505913e-06,0,0,0,0,nominal_fsw
891,2500000,4e-07,16,0.13,2,1.6,5,5,1,2,500000,1000000,1000000,-0.000434272768624432,4.5461427828784e-07,5.29597832694518e-07,-2.71433202967853e-05,2.25640366491931e-07,2.38215990294049e-07,-42.716474757347,3.1133677172927,16.9471407496159,0.204777414491797,55.206247715073,0.109380213950196,8.10275367368381e-05,0,0,0,0,nominal_fsw
892,2500000,4e-07,16,0.67,2,1.6,5,5,1,2,500000,1000000,1000000,-0.000434272768624432,4.5461427828784e-07,5.29597832694518e-07,-2.71433202967853e-05,2.25640366491931e-07,2.38215990294049e-07,-42.716474757347,2.3437325460324,16.8208179813351,0.215449668191196,55.4904202465772,0.0798010701412694,8.26341172066495e-05,0,0,0,0,nominal_fsw
893,2500000,4e-07,16,0.13,2,1.6,5,5,1,1,500000,2000000,2000000,-0.0432137378264256,3.1515830311229e-07,2.54647908913008e-07,-0.00271349263374914,7.95277666910522e-08,7.83532027490969e-08,-37.431049674783,0.428364362984979,12.1696956621252,0.195649547833687,16.0455580943424,0.547930145783377,1.07571040150718e-05,0,0,0,0,nominal_fsw
894,2500000,4e-07,16,0.67,2,1.6,5,5,1,1,500000,2000000,2000000,-0.0432137378264256,3.1515830311229e-07,2.54647908913008e-07,-0.00271349263374914,7.95277666910522e-08,7.83532027490969e-08,-37.431049674783,3.34099005673945,12.0384177501114,0.196877343019246,14.3493480086817,0.574936785387432,9.63948281870777e-06,0,0,0,0,nominal_fsw
895,2500000,4e-07,16,0.13,2,1.6,5,5,1,2,500000,2000000,2000000,-0.000434272768624432,4.5461427828784e-07,5.29597832694518e-07,-1.69646248855021e-06,1.12609832744504e-07,1.14270071863055e-07,-42.3995631607146,2.75388534590456,17.0984518068751,0.218962131968658,57.4861417673821,0.0832245269420273,8.31929278048215e-05,0,0,0,0,nominal_fsw
896,2500000,4e-07,16,0.67,2,1.6,5,5,1,2,500000,2000000,2000000,-0.000434272768624432,4.5461427828784e-07,5.29597832694518e-07,-1.69646248855021e-06,1.12609832744504e-07,1.14270071863055e-07,-42.3995631607146,2.42402261542409,17.3825711917631,0.214488654165764,58.8603406894187,0.0956410696307192,8.15863473350633e-05,0,0,0,0,nominal_fsw
897,2500000,4e-07,16,0.13,2,1.6,5,5,1,1,1000000,250000,250000,-0.0108438129222004,1.58758047966712e-07,1.49792887593424e-07,-0.170333392987803,6.12134396241429e-07,3.18309886714201e-07,-32.5270216457993,0.521458004572373,2.39015255773091,0.176185497188157,1.09859768208244,0.775982701188937,3.77197153774038e-06,0,0,1,1,nominal_fsw
898,2500000,4e-07,16,0.67,2,1.6,5,5,1,1,1000000,250000,250000,-0.0108438129222004,1.58758047966712e-07,1.49792887593424e-07,-0.170333392987803,6.12134396241429e-07,3.18309886714201e-07,-32.5270216457993,0.218656530838079,1.29385097058171,0.177512547144834,1.12848014278528,1.07317405878127,3.63226888820455e-06,0,0,1,1,nominal_fsw
899,2500000,4e-07,16,0.13,2,1.6,5,5,1,2,1000000,250000,250000,-2.71433202967853e-05,2.25640366491931e-07,2.38215990294049e-07,-0.00694315866354403,9.34833235980618e-07,9.00316314657189e-07,-36.6614546563169,8.6120542546787,0.0776300654274809,0.205970384526939,9.94556182194381,0.717866907570813,7.40424042595889e-06,0,0,0,0,nominal_fsw
900,2500000,4e-07,16,0.67,2,1.6,5,5,1,2,1000000,250000,250000,-2.71433202967853e-05,2.25640366491931e-07,2.38215990294049e-07,-0.00694315866354403,9.34833235980618e-07,9.00316314657189e-07,-36.6614546563169,6.54127644676554,1.1855741631734,0.213374657377203,10.9663514178589,0.593014228740482,6.84542982777014e-06,0,0,0,0,nominal_fsw
901,2500000,4e-07,16,0.13,2,1.6,5,5,1,1,1000000,500000,500000,-0.0108438129222004,1.58758047966712e-07,1.49792887593424e-07,-0.0432137378264256,3.1515830311229e-07,2.54647908913008e-07,-32.5270216457993,0.320892402314787,1.20355146146253,0.180837551025887,0.910095884415342,0.790209284653758,4.1910794863932e-06,0,0,1,1,nominal_fsw
902,2500000,4e-07,16,0.67,2,1.6,5,5,1,1,1000000,500000,500000,-0.0108438129222004,1.58758047966712e-07,1.49792887593424e-07,-0.0432137378264256,3.1515830311229e-07,2.54647908913008e-07,-32.5270216457993,0.354947264056915,1.33189538432507,0.175009269889691,0.993594399545543,0.690878444050556,3.35286358911027e-06,0,0,1,1,nominal_fsw
903,2500000,4e-07,16,0.13,2,1.6,5,5,1,2,1000000,500000,500000,-2.71433202967853e-05,2.25640366491931e-07,2.38215990294049e-07,-0.000434272768624432,4.5461427828784e-07,5.29597832694518e-07,-36.6614546563169,9.27215797711431,1.90976771518105,0.210484510537834,2.78486458644016,0.590491263066066,7.54394307550296e-06,0,0,0,0,nominal_fsw
904,2500000,4e-07,16,0.67,2,1.6,5,5,1,2,1000000,500000,500000,-2.71433202967853e-05,2.25640366491931e-07,2.38215990294049e-07,-0.000434272768624432,4.5461427828784e-07,5.29597832694518e-07,-36.6614546563169,9.51124810159103,1.30302907457942,0.212135793990143,3.11352278795328,0.673825701761109,7.1248351268736e-06,0,0,0,0,nominal_fsw
905,2500000,4e-07,16,0.13,2,1.6,5,5,1,1,1000000,1000000,1000000,-0.0108438129222004,1.58758047966712e-07,1.49792887593424e-07,-0.0108438129222004,1.58758047966712e-07,1.49792887593424e-07,-32.5270216457993,1.11832971762568,0.988461066416646,0.193535955729725,0.824824729384597,1.03557946662978,3.35286358911777e-06,0,0,1,1,nominal_fsw
906,2500000,4e-07,16,0.67,2,1.6,5,5,1,1,1000000,1000000,1000000,-0.0108438129222004,1.58758047966712e-07,1.49792887593424e-07,-0.0108438129222004,1.58758047966712e-07,1.49792887593424e-07,-32.5270216457993,0.428844958927455,0.535743593486393,0.189388554454504,0.992373532293686,0.920610161212012,3.77197153774242e-06,0,0,1,1,nominal_fsw
907,2500000,4e-07,16,0.13,2,1.6,5,5,1,2,1000000,1000000,1000000,-2.71433202967853e-05,2.25640366491931e-07,2.38215990294049e-07,-2.71433202967853e-05,2.25640366491931e-07,2.38215990294049e-07,-36.6614546563169,8.65787709812642,0.779355271226634,0.203494365124975,2.54821099451231,0.865119276912577,7.26453777640018e-06,0,0,0,0,nominal_fsw
908,2500000,4e-07,16,0.67,2,1.6,5,5,1,2,1000000,1000000,1000000,-2.71433202967853e-05,2.25640366491931e-07,2.38215990294049e-07,-2.71433202967853e-05,2.25640366491931e-07,2.38215990294049e-07,-36.6614546563169,9.44325539576776,0.703321821702785,0.207429833288562,2.54847609163212,0.762454263863093,7.68364572504881e-06,0,0,0,0,nominal_fsw
909,2500000,4e-07,16,0.13,2,1.6,5,5,1,1,1000000,2000000,2000000,-0.0108438129222004,1.58758047966712e-07,1.49792887593424e-07,-0.00271349263374914,7.95277666910522e-08,7.83532027490969e-08,-32.5270216457993,1.22038764034115,0.461191514054271,0.190317261283906,1.03134750261285,0.623742657708228,4.33078213594715e-06,0,0,1,1,nominal_fsw
910,2500000,4e-07,16,0.67,2,1.6,5,5,1,1,1000000,2000000,2000000,-0.0108438129222004,1.58758047966712e-07,1.49792887593424e-07,-0.00271349263374914,7.95277666910522e-08,7.83532027490969e-08,-32.5270216457993,0.793966194712947,0.953708616597493,0.17825881299585,1.19607947022463,1.0996025818815,4.33078213593331e-06,0,0,1,1,nominal_fsw
911,2500000,4e-07,16,0.13,2,1.6,5,5,1,2,1000000,2000000,2000000,-2.71433202967853e-05,2.25640366491931e-07,2.38215990294049e-07,-1.69646248855021e-06,1.12609832744504e-07,1.14270071863055e-07,-36.6614546563169,8.6018036310316,0.449663364611652,0.202541444321197,2.28038628154691,0.595413556537133,7.68364572503622e-06,0,0,0,0,nominal_fsw
912,2500000,4e-07,16,0.67,2,1.6,5,5,1,2,1000000,2000000,2000000,-2.71433202967853e-05,2.25640366491931e-07,2.38215990294049e-07,-1.69646248855021e-06,1.12609832744504e-07,1.14270071863055e-07,-36.6614546563169,9.02000505059846,1.26116673793506,0.203370877957408,2.34741654247188,0.692127955511272,7.5439430754942e-06,0,0,0,0,nominal_fsw
913,2500000,4e-07,16,0.13,2,1.6,5,5,1,1,1500000,250000,250000,-0.00482281539738106,1.05985533688917e-07,1.0323563875415e-07,-0.170333392987803,6.12134396241429e-07,3.18309886714201e-07,-30.1659104976041,1.75496947168563,0.135334216992589,0.175888742110615,1.30905572124745,0.90092948306496,4.05137683683861e-06,0,0,1,1,nominal_fsw
914,2500000,4e-07,16,0.67,2,1.6,5,5,1,1,1500000,250000,250000,-0.00482281539738106,1.05985533688917e-07,1.0323563875415e-07,-0.170333392987803,6.12134396241429e-07,3.18309886714201e-07,-30.1659104976041,1.14033186214313,0.0228439417420567,0.162011344001962,1.31474688417468,0.85247301146951,4.33078213593467e-06,0,0,1,1,nominal_fsw
915,2500000,4e-07,16,0.13,2,1.6,5,5,1,2,1500000,250000,250000,-5.36165696188321e-06,1.50219259149706e-07,1.54101944642893e-07,-0.00694315866354403,9.34833235980618e-07,9.00316314657189e-07,-31.6991599901574,3.52539598302484,1.43747473353445,0.170239853570086,1.41340117571096,0.748705609762839,4.19107948638266e-06,0,0,0,0,nominal_fsw
916,2500000,4e-07,16,0.67,2,1.6,5,5,1,2,1500000,250000,250000,-5.36165696188321e-06,1.50219259149706e-07,1.54101944642893e-07,-0.00694315866354403,9.34833235980618e-07,9.00316314657189e-07,-31.6991599901574,2.72554239371907,1.5947418346121,0.178099475487251,1.52765466464543,1.0331945783581,3.8418228625247e-06,0,0,1,1,nominal_fsw
917,2500000,4e-07,16,0.13,2,1.6,5,5,1,1,1500000,500000,500000,-0.00482281539738106,1.05985533688917e-07,1.0323563875415e-07,-0.0432137378264256,3.1515830311229e-07,2.54647908913008e-07,-30.1659104976041,0.0719999422015394,0.740798441177404,0.186384757752369,1.11228062351272,0.973565836250844,3.77197153774418e-06,0,0,1,1,nominal_fsw
918,2500000,4e-07,16,0.67,2,1.6,5,5,1,1,1500000,500000,500000,-0.00482281539738106,1.05985533688917e-07,1.0323563875415e-07,-0.0432137378264256,3.1515830311229e-07,2.54647908913008e-07,-30.1659104976041,0.378086882533868,0.626526197920252,0.178627480717699,0.901237254400466,0.75389728697439,4.3307821359251e-06,0,0,1,1,nominal_fsw
919,2500000,4e-07,16,0.13,2,1.6,5,5,1,2,1500000,500000,500000,-5.36165696188321e-06,1.50219259149706e-07,1.54101944642893e-07,-0.000434272768624432,4.5461427828784e-07,5.29597832694518e-07,-31.6991599901574,0.0450248322305224,0.0875204034809007,0.175237401002639,1.04998266965894,0.92951188803706,4.191079486388e-06,0,0,1,1,nominal_fsw
920,2500000,4e-07,16,0.67,2,1.6,5,5,1,2,1500000,500000,500000,-5.36165696188321e-06,1.50219259149706e-07,1.54101944642893e-07,-0.000434272768624432,4.5461427828784e-07,5.29597832694518e-07,-31.6991599901574,0.674255606251828,0.0242399607422117,0.18584124994257,0.926732674785222,0.728407084932323,3.70212021297736e-06,0,0,1,1,nominal_fsw
921,2500000,4e-07,16,0.13,2,1.6,5,5,1,1,1500000,1000000,1000000,-0.00482281539738106,1.05985533688917e-07,1.0323563875415e-07,-0.0108438129222004,1.58758047966712e-07,1.49792887593424e-07,-30.1659104976041,0.0410507237636359,0.580319615640867,0.17748312171766,1.04970896045278,0.845642896736408,3.77197153774575e-06,0,0,1,1,nominal_fsw
922,2500000,4e-07,16,0.67,2,1.6,5,5,1,1,1500000,1000000,1000000,-0.00482281539738106,1.05985533688917e-07,1.0323563875415e-07,-0.0108438129222004,1.58758047966712e-07,1.49792887593424e-07,-30.1659104976041,0.0551376706144024,0.213695492497235,0.185721803073443,1.03346843814239,0.796984231421659,3.77197153776092e-06,0,0,1,1,nominal_fsw
923,2500000,4e-07,16,0.13,2,1.6,5,5,1,2,1500000,1000000,1000000,-5.36165696188321e-06,1.50219259149706e-07,1.54101944642893e-07,-2.71433202967853e-05,2.25640366491931e-07,2.38215990294049e-07,-31.6991599901574,0.0504044759059852,0.687075159630968,0.187541303767695,1.07739236740353,0.80121545249131,3.63226888820623e-06,0,0,1,1,nominal_fsw
924,2500000,4e-07,16,0.67,2,1.6,5,5,1,2,1500000,1000000,1000000,-5.36165696188321e-06,1.50219259149706e-07,1.54101944642893e-07,-2.71433202967853e-05,2.25640366491931e-07,2.38215990294049e-07,-31.6991599901574,0.762322692008777,0.756122676590087,0.185077901412323,1.05682594928256,0.791246902662727,3.4925662386558e-06,0,0,1,1,nominal_fsw
925,2500000,4e-07,16,0.13,2,1.6,5,5,1,1,1500000,2000000,2000000,-0.00482281539738106,1.05985533688917e-07,1.0323563875415e-07,-0.00271349263374914,7.95277666910522e-08,7.83532027490969e-08,-30.1659104976041,0.748900547743347,0.0374248019934798,0.191895967442894,1.0498462361731,0.893669075339046,3.91167418729976e-06,0,0,1,1,nominal_fsw
926,2500000,4e-07,16,0.67,2,1.6,5,5,1,1,1500000,2000000,2000000,-0.00482281539738106,1.05985533688917e-07,1.0323563875415e-07,-0.00271349263374914,7.95277666910522e-08,7.83532027490969e-08,-30.1659104976041,0.23017746385966,0.154978098877445,0.190074356181171,1.073419218607,0.972278892985033,3.35286358911669e-06,0,0,1,1,nominal_fsw
927,2500000,4e-07,16,0.13,2,1.6,5,5,1,2,1500000,2000000,2000000,-5.36165696188321e-06,1.50219259149706e-07,1.54101944642893e-07,-1.69646248855021e-06,1.12609832744504e-07,1.14270071863055e-07,-31.6991599901574,0.236721501063542,1.47173574220885,0.178297451370423,0.854202896990642,0.995206836291725,3.35286358911303e-06,0,0,1,1,nominal_fsw
928,2500000,4e-07,16,0.67,2,1.6,5,5,1,2,1500000,2000000,2000000,-5.36165696188321e-06,1.50219259149706e-07,1.54101944642893e-07,-1.69646248855021e-06,1.12609832744504e-07,1.14270071863055e-07,-31.6991599901574,0.46664951063089,0.749024360170036,0.187994904960641,0.793563955566808,0.703492874835684,3.77197153774891e-06,0,0,1,1,nominal_fsw
929,2500000,4e-07,16,0.13,2,1.6,5,5,1,1,2000000,250000,250000,-0.00271349263374914,7.95277666910522e-08,7.83532027490969e-08,-0.170333392987803,6.12134396241429e-07,3.18309886714201e-07,-28.8042019443714,2.12186545262862,0.496633095111565,0.180454015495651,1.2049090381036,0.821647835257119,3.77197153775316e-06,0,0,1,1,nominal_fsw
930,2500000,4e-07,16,0.67,2,1.6,5,5,1,1,2000000,250000,250000,-0.00271349263374914,7.95277666910522e-08,7.83532027490969e-08,-0.170333392987803,6.12134396241429e-07,3.18309886714201e-07,-28.8042019443714,1.2582618425363,0.855024554609307,0.175527586017859,1.03162121551479,1.01343827983308,4.05137683684125e-06,0,0,1,1,nominal_fsw
931,2500000,4e-07,16,0.13,2,1.6,5,5,1,2,2000000,250000,250000,-1.69646248855021e-06,1.12609832744504e-07,1.14270071863055e-07,-0.00694315866354403,9.34833235980618e-07,9.00316314657189e-07,-29.3667193779479,2.1422358104626,1.03882647333358,0.172681107263466,1.34626045191443,0.924016944772323,3.70212021297361e-06,0,0,1,1,nominal_fsw
932,2500000,4e-07,16,0.67,2,1.6,5,5,1,2,2000000,250000,250000,-1.69646248855021e-06,1.12609832744504e-07,1.14270071863055e-07,-0.00694315866354403,9.34833235980618e-07,9.00316314657189e-07,-29.3667193779479,2.49445170684666,0.619466655518375,0.167384839340116,1.38578082037382,0.958649846646909,3.77197153775452e-06,0,0,1,1,nominal_fsw
933,2500000,4e-07,16,0.13,2,1.6,5,5,1,1,2000000,500000,500000,-0.00271349263374914,7.95277666910522e-08,7.83532027490969e-08,-0.0432137378264256,3.1515830311229e-07,2.54647908913008e-07,-28.8042019443714,1.15177611689812,1.56987923188432,0.183824332186624,1.07786104675522,0.879463148479246,3.70212021297702e-06,0,0,1,1,nominal_fsw
934,2500000,4e-07,16,0.67,2,1.6,5,5,1,1,2000000,500000,500000,-0.00271349263374914,7.95277666910522e-08,7.83532027490969e-08,-0.0432137378264256,3.1515830311229e-07,2.54647908913008e-07,-28.8042019443714,1.14044577526851,1.42985177321266,0.183071830224419,1.10842891839564,0.818469337083164,3.7719715377423e-06,0,0,1,1,nominal_fsw
935,2500000,4e-07,16,0.13,2,1.6,5,5,1,2,2000000,500000,500000,-1.69646248855021e-06,1.12609832744504e-07,1.14270071863055e-07,-0.000434272768624432,4.5461427828784e-07,5.29597832694518e-07,-29.3667193779479,0.0817436514483738,0.0708190430582123,0.195185782475788,0.745219951445797,0.935857521628455,4.26093081116104e-06,0,0,1,1,nominal_fsw
936,2500000,4e-07,16,0.67,2,1.6,5,5,1,2,2000000,500000,500000,-1.69646248855021e-06,1.12609832744504e-07,1.14270071863055e-07,-0.000434272768624432,4.5461427828784e-07,5.29597832694518e-07,-29.3667193779479,0.523626023888779,0.504723124784623,0.180449265647986,1.06877158730142,0.828829116268063,3.91167418728491e-06,0,0,1,1,nominal_fsw
937,2500000,4e-07,16,0.13,2,1.6,5,5,1,1,2000000,1000000,1000000,-0.00271349263374914,7.95277666910522e-08,7.83532027490969e-08,-0.0108438129222004,1.58758047966712e-07,1.49792887593424e-07,-28.8042019443714,0.103966528130495,0.930810271780613,0.185517496126409,0.824711513759278,0.859979377244617,4.19107948637868e-06,0,0,1,1,nominal_fsw
938,2500000,4e-07,16,0.67,2,1.6,5,5,1,1,2000000,1000000,1000000,-0.00271349263374914,7.95277666910522e-08,7.83532027490969e-08,-0.0108438129222004,1.58758047966712e-07,1.49792887593424e-07,-28.8042019443714,0.577989761901665,0.793499874045422,0.190620309569223,0.923319053788132,0.760760604027037,4.19107948637971e-06,0,0,1,1,nominal_fsw
939,2500000,4e-07,16,0.13,2,1.6,5,5,1,2,2000000,1000000,1000000,-1.69646248855021e-06,1.12609832744504e-07,1.14270071863055e-07,-2.71433202967853e-05,2.25640366491931e-07,2.38215990294049e-07,-29.3667193779479,0.24497808208418,0.0356128027654945,0.199685676888698,1.11407943363571,0.938818893517845,3.35286358911651e-06,0,0,1,1,nominal_fsw
940,2500000,4e-07,16,0.67,2,1.6,5,5,1,2,2000000,1000000,1000000,-1.69646248855021e-06,1.12609832744504e-07,1.14270071863055e-07,-2.71433202967853e-05,2.25640366491931e-07,2.38215990294049e-07,-29.3667193779479,0.026283255280124,0.494757857170769,0.179041710445612,1.03406332466094,0.889766999970249,3.84182286252311e-06,0,0,1,1,nominal_fsw
941,2500000,4e-07,16,0.13,2,1.6,5,5,1,1,2000000,2000000,2000000,-0.00271349263374914,7.95277666910522e-08,7.83532027490969e-08,-0.00271349263374914,7.95277666910522e-08,7.83532027490969e-08,-28.8042019443714,1.19850469413922,0.256046849455172,0.190319620320695,0.927924887582333,1.05502509538333,3.77197153775117e-06,0,0,1,1,nominal_fsw
942,2500000,4e-07,16,0.67,2,1.6,5,5,1,1,2000000,2000000,2000000,-0.00271349263374914,7.95277666910522e-08,7.83532027490969e-08,-0.00271349263374914,7.95277666910522e-08,7.83532027490969e-08,-28.8042019443714,0.218777572869722,0.963795447647997,0.197563519377847,1.02477321219493,0.78989310533524,4.33078213593639e-06,0,0,1,1,nominal_fsw
943,2500000,4e-07,16,0.13,2,1.6,5,5,1,2,2000000,2000000,2000000,-1.69646248855021e-06,1.12609832744504e-07,1.14270071863055e-07,-1.69646248855021e-06,1.12609832744504e-07,1.14270071863055e-07,-29.3667193779479,0.410094853224252,0.024056362974878,0.188952974780067,1.02127471783427,0.59640996063053,4.33078213593728e-06,0,0,1,1,nominal_fsw
944,2500000,4e-07,16,0.67,2,1.6,5,5,1,2,2000000,2000000,2000000,-1.69646248855021e-06,1.12609832744504e-07,1.14270071863055e-07,-1.69646248855021e-06,1.12609832744504e-07,1.14270071863055e-07,-29.3667193779479,0.619635886721981,0.114633717076862,0.19275042405623,1.13533000907178,0.715367434698182,3.7719715377476e-06,0,0,1,1,nominal_fsw
945,2500000,4e-07,16,0.13,2,1.6,5,5,1,1,3000000,250000,250000,-0.00120620603998196,5.30369152206258e-08,5.26857742637191e-08,-0.170333392987803,6.12134396241429e-07,3.18309886714201e-07,-27.3189504287669,1.47890146244212,1.38175933233144,0.172895513174138,1.24044359416503,0.936916705245218,3.70212021298351e-06,0,0,1,1,nominal_fsw
946,2500000,4e-07,16,0.67,2,1.6,5,5,1,1,3000000,250000,250000,-0.00120620603998196,5.30369152206258e-08,5.26857742637191e-08,-0.170333392987803,6.12134396241429e-07,3.18309886714201e-07,-27.3189504287669,2.44438448836364,1.52411002420585,0.187136944202122,1.25541157785432,0.713788250316325,3.77197153775184e-06,0,0,1,1,nominal_fsw
947,2500000,4e-07,16,0.13,2,1.6,5,5,1,2,3000000,250000,250000,-3.35103753839414e-07,7.50471945447958e-08,7.55437329481472e-08,-0.00694315866354403,9.34833235980618e-07,9.00316314657189e-07,-27.3969313065756,2.25095154596837,0.221614227968425,0.166591736244611,1.44576744245504,0.951646066828602,4.05137683684508e-06,0,0,1,1,nominal_fsw
948,2500000,4e-07,16,0.67,2,1.6,5,5,1,2,3000000,250000,250000,-3.35103753839414e-07,7.50471945447958e-08,7.55437329481472e-08,-0.00694315866354403,9.34833235980618e-07,9.00316314657189e-07,-27.3969313065756,3.28217919328606,0.162685338778856,0.183708025180493,1.7012350154944,0.906650259314799,4.19107948639593e-06,0,0,0,0,nominal_fsw
949,2500000,4e-07,16,0.13,2,1.6,5,5,1,1,3000000,500000,500000,-0.00120620603998196,5.30369152206258e-08,5.26857742637191e-08,-0.0432137378264256,3.1515830311229e-07,2.54647908913008e-07,-27.3189504287669,0.263356616068267,1.77875530380631,0.178133412033458,0.896149362032316,0.771863578071578,4.33078213592139e-06,0,0,1,1,nominal_fsw
950,2500000,4e-07,16,0.67,2,1.6,5,5,1,1,3000000,500000,500000,-0.00120620603998196,5.30369152206258e-08,5.26857742637191e-08,-0.0432137378264256,3.1515830311229e-07,2.54647908913008e-07,-27.3189504287669,0.166482616716035,1.4556287984046,0.18867508822815,1.07265533755161,0.6898142409155,4.26093081115514e-06,0,0,1,1,nominal_fsw
951,2500000,4e-07,16,0.13,2,1.6,5,5,1,2,3000000,500000,500000,-3.35103753839414e-07,7.50471945447958e-08,7.55437329481472e-08,-0.000434272768624432,4.5461427828784e-07,5.29597832694518e-07,-27.3969313065756,0.907135436456596,1.4772386284883,0.196899184342883,0.927444489269782,0.71380594623544,3.6322688881936e-06,0,0,1,1,nominal_fsw
952,2500000,4e-07,16,0.67,2,1.6,5,5,1,2,3000000,500000,500000,-3.35103753839414e-07,7.50471945447958e-08,7.55437329481472e-08,-0.000434272768624432,4.5461427828784e-07,5.29597832694518e-07,-27.3969313065756,0.343801711892611,0.604022222014633,0.18523896685997,1.09995401309255,0.876308363738688,3.77197153774811e-06,0,0,1,1,nominal_fsw
953,2500000,4e-07,16,0.13,2,1.6,5,5,1,1,3000000,1000000,1000000,-0.00120620603998196,5.30369152206258e-08,5.26857742637191e-08,-0.0108438129222004,1.58758047966712e-07,1.49792887593424e-07,-27.3189504287669,0.0209927420766975,1.37687330514018,0.186744633087747,0.914536218681631,0.909497259560695,3.63226888820345e-06,0,0,1,1,nominal_fsw
954,2500000,4e-07,16,0.67,2,1.6,5,5,1,1,3000000,1000000,1000000,-0.00120620603998196,5.30369152206258e-08,5.26857742637191e-08,-0.0108438129222004,1.58758047966712e-07,1.49792887593424e-07,-27.3189504287669,0.50785985525903,1.75378238202626,0.192466661849003,0.973459920703749,0.894466953085959,3.70212021297738e-06,0,0,1,1,nominal_fsw
955,2500000,4e-07,16,0.13,2,1.6,5,5,1,2,3000000,1000000,1000000,-3.35103753839414e-07,7.50471945447958e-08,7.55437329481472e-08,-2.71433202967853e-05,2.25640366491931e-07,2.38215990294049e-07,-27.3969313065756,0.834297037047094,1.01441605864103,0.197336205449932,0.918984014303853,1.11805759767428,3.77197153774916e-06,0,0,1,1,nominal_fsw
956,2500000,4e-07,16,0.67,2,1.6,5,5,1,2,3000000,1000000,1000000,-3.35103753839414e-07,7.50471945447958e-08,7.55437329481472e-08,-2.71433202967853e-05,2.25640366491931e-07,2.38215990294049e-07,-27.3969313065756,0.929440976244789,0.232728002139559,0.191730292704637,0.977459534620582,0.836368079558715,3.35286358910883e-06,0,0,1,1,nominal_fsw
957,2500000,4e-07,16,0.13,2,1.6,5,5,1,1,3000000,2000000,2000000,-0.00120620603998196,5.30369152206258e-08,5.26857742637191e-08,-0.00271349263374914,7.95277666910522e-08,7.83532027490969e-08,-27.3189504287669,0.0467762566601193,2.11115270218314,0.185751953187145,0.877475328413646,0.809118254389746,3.77197153775604e-06,0,0,1,1,nominal_fsw
958,2500000,4e-07,16,0.67,2,1.6,5,5,1,1,3000000,2000000,2000000,-0.00120620603998196,5.30369152206258e-08,5.26857742637191e-08,-0.00271349263374914,7.95277666910522e-08,7.83532027490969e-08,-27.3189504287669,0.357239616070471,1.58245278855942,0.17757718739846,1.26721052577771,0.876109098896313,4.19107948638142e-06,0,0,1,1,nominal_fsw
959,2500000,4e-07,16,0.13,2,1.6,5,5,1,2,3000000,2000000,2000000,-3.35103753839414e-07,7.50471945447958e-08,7.55437329481472e-08,-1.69646248855021e-06,1.12609832744504e-07,1.14270071863055e-07,-27.3969313065756,0.256948713233052,1.03360946189592,0.186955383427376,1.06820471407094,0.6413053680283,4.40063346071478e-06,0,0,1,1,nominal_fsw
960,2500000,4e-07,16,0.67,2,1.6,5,5,1,2,3000000,2000000,2000000,-3.35103753839414e-07,7.50471945447958e-08,7.55437329481472e-08,-1.69646248855021e-06,1.12609832744504e-07,1.14270071863055e-07,-27.3969313065756,0.316957379180161,0.868700031272795,0.184891385945151,1.01030784890566,0.597861446379451,3.77197153775046e-06,0,0,1,1,nominal_fsw
961,5000000,2e-07,14,0.13,2,1.8,10,10,1,1,250000,250000,250000,-0.170333392987803,6.12134396241429e-07,3.18309886714201e-07,-0.170333392987803,6.12134396241429e-07,3.18309886714201e-07,-46.2191848123704,17.4211581558428,45.1491151529904,1.38337421804406,66.5644457898967,0.431892214414618,1.87570224443836e-05,0,0,0,0,nominal_fsw
962,5000000,2e-07,14,0.67,2,1.8,10,10,1,1,250000,250000,250000,-0.170333392987803,6.12134396241429e-07,3.18309886714201e-07,-0.170333392987803,6.12134396241429e-07,3.18309886714201e-07,-46.2191848123704,16.924604985346,45.2502504051171,1.49620102266518,66.9415829323662,0.410772666977303,1.8668754103483e-05,0,0,0,0,nominal_fsw
963,5000000,2e-07,14,0.13,2,1.8,10,10,1,2,250000,250000,250000,-0.00694315866354403,9.34833235980618e-07,9.00316314657189e-07,-0.00694315866354403,9.34833235980618e-07,9.00316314657189e-07,-46.5548465693603,7.70207880523308,95.3512501879017,34.2936006506601,421.305485173902,0.290799218377899,3.59693489227809e-05,0,0,0,0,nominal_fsw
964,5000000,2e-07,14,0.67,2,1.8,10,10,1,2,250000,250000,250000,-0.00694315866354403,9.34833235980618e-07,9.00316314657189e-07,-0.00694315866354403,9.34833235980618e-07,9.00316314657189e-07,-46.5548465693603,7.0707381363981,96.0466751656694,34.0364239049114,418.362454181548,0.337531499649712,3.57928122409461e-05,0,0,0,0,nominal_fsw
965,5000000,2e-07,14,0.13,2,1.8,10,10,1,1,250000,500000,500000,-0.170333392987803,6.12134396241429e-07,3.18309886714201e-07,-0.0432137378264256,3.1515830311229e-07,2.54647908913008e-07,-45.9997238052581,15.8403930950867,45.468689769403,1.4161478174691,70.7170719391969,0.407016280333828,1.91100958080391e-05,0,0,0,0,nominal_fsw
966,5000000,2e-07,14,0.67,2,1.8,10,10,1,1,250000,500000,500000,-0.170333392987803,6.12134396241429e-07,3.18309886714201e-07,-0.0432137378264256,3.1515830311229e-07,2.54647908913008e-07,-45.9997238052581,16.5469741079026,44.7935647280985,1.52914823426987,72.143366810269,0.578615122748204,1.95955716830749e-05,0,0,0,0,nominal_fsw
967,5000000,2e-07,14,0.13,2,1.8,10,10,1,2,250000,500000,500000,-0.00694315866354403,9.34833235980618e-07,9.00316314657189e-07,-0.000434272768624432,4.5461427828784e-07,5.29597832694518e-07,-46.1652669670382,5.78015065688918,96.3513816087065,35.0775022874319,431.615932559849,0.351029063617035,3.72051056955972e-05,0,0,0,0,nominal_fsw
968,5000000,2e-07,14,0.67,2,1.8,10,10,1,2,250000,500000,500000,-0.00694315866354403,9.34833235980618e-07,9.00316314657189e-07,-0.000434272768624432,4.5461427828784e-07,5.29597832694518e-07,-46.1652669670382,5.55471387863452,95.51803944313,34.9809786876079,437.418870414226,0.293348324328996,3.72492398659997e-05,0,0,0,0,nominal_fsw
969,5000000,2e-07,14,0.13,2,1.8,10,10,1,1,250000,1000000,1000000,-0.170333392987803,6.12134396241429e-07,3.18309886714201e-07,-0.0108438129222004,1.58758047966712e-07,1.49792887593424e-07,-45.8660229820762,14.4829476442371,44.9634101827002,1.51770389863984,77.4468411543819,0.414285051581063,1.87570224443976e-05,0,0,0,0,nominal_fsw
970,5000000,2e-07,14,0.67,2,1.8,10,10,1,1,250000,1000000,1000000,-0.170333392987803,6.12134396241429e-07,3.18309886714201e-07,-0.0108438129222004,1.58758047966712e-07,1.49792887593424e-07,-45.8660229820762,15.5681455137303,45.3767825862857,1.43847117154194,74.2042586098962,0.469273735625035,1.86246199330281e-05,0,0,0,0,nominal_fsw
971,5000000,2e-07,14,0.13,2,1.8,10,10,1,2,250000,1000000,1000000,-0.00694315866354403,9.34833235980618e-07,9.00316314657189e-07,-2.71433202967853e-05,2.25640366491931e-07,2.38215990294049e-07,-45.9628301543632,4.91217821157106,95.1102958154939,35.1742837307202,444.504440715031,0.327552130248272,3.69403006728353e-05,0,0,0,0,nominal_fsw
972,5000000,2e-07,14,0.67,2,1.8,10,10,1,2,250000,1000000,1000000,-0.00694315866354403,9.34833235980618e-07,9.00316314657189e-07,-2.71433202967853e-05,2.25640366491931e-07,2.38215990294049e-07,-45.9628301543632,5.58620895978689,95.7784826608284,35.1975582874284,439.619192974776,0.309395566448921,3.68520323319251e-05,0,0,0,0,nominal_fsw
973,5000000,2e-07,14,0.13,2,1.8,10,10,1,1,250000,2000000,2000000,-0.170333392987803,6.12134396241429e-07,3.18309886714201e-07,-0.00271349263374914,7.95277666910522e-08,7.83532027490969e-08,-45.7735250944377,15.8244483501785,45.0759313209558,1.59487044869,78.266264671987,0.505569322770733,1.88011566148535e-05,0,0,0,0,nominal_fsw
974,5000000,2e-07,14,0.67,2,1.8,10,10,1,1,250000,2000000,2000000,-0.170333392987803,6.12134396241429e-07,3.18309886714201e-07,-0.00271349263374914,7.95277666910522e-08,7.83532027490969e-08,-45.7735250944377,14.936606620679,44.6760415879213,1.58496071562575,76.1586757019565,0.375187499503249,1.84480832511774e-05,0,0,0,0,nominal_fsw
975,5000000,2e-07,14,0.13,2,1.8,10,10,1,2,250000,2000000,2000000,-0.00694315866354403,9.34833235980618e-07,9.00316314657189e-07,-1.69646248855021e-06,1.12609832744504e-07,1.14270071863055e-07,-45.8453026638561,5.32779347388018,95.9143419294868,35.9574644275416,446.235059352335,0.313851013112884,3.74037094626071e-05,0,0,0,0,nominal_fsw
976,5000000,2e-07,14,0.67,2,1.8,10,10,1,2,250000,2000000,2000000,-0.00694315866354403,9.34833235980618e-07,9.00316314657189e-07,-1.69646248855021e-06,1.12609832744504e-07,1.14270071863055e-07,-45.8453026638561,4.1723218502473,95.8989743898636,36.2697076799334,447.237099732631,0.32150793585004,3.63665564568917e-05,0,0,0,0,nominal_fsw
977,5000000,2e-07,14,0.13,2,1.8,10,10,1,1,500000,250000,250000,-0.0432137378264256,3.1515830311229e-07,2.54647908913008e-07,-0.170333392987803,6.12134396241429e-07,3.18309886714201e-07,-44.8077432258162,7.02170158422202,15.1744318160055,0.554290857052878,12.4945073053091,0.781748912228409,1.19162260234909e-05,0,0,0,0,nominal_fsw
978,5000000,2e-07,14,0.67,2,1.8,10,10,1,1,500000,250000,250000,-0.0432137378264256,3.1515830311229e-07,2.54647908913008e-07,-0.170333392987803,6.12134396241429e-07,3.18309886714201e-07,-44.8077432258162,6.80034417528441,15.4880271556971,0.566995777619874,13.2244302845537,0.601347623661286,1.20927627053305e-05,0,0,0,0,nominal_fsw
979,5000000,2e-07,14,0.13,2,1.8,10,10,1,2,500000,250000,250000,-0.000434272768624432,4.5461427828784e-07,5.29597832694518e-07,-0.00694315866354403,9.34833235980618e-07,9.00316314657189e-07,-46.5548465693603,9.0922583277291,27.3717769848728,0.673431561006161,81.5422205647421,0.17567036239383,7.10780815216279e-05,0,0,0,0,nominal_fsw
980,5000000,2e-07,14,0.67,2,1.8,10,10,1,2,500000,250000,250000,-0.000434272768624432,4.5461427828784e-07,5.29597832694518e-07,-0.00694315866354403,9.34833235980618e-07,9.00316314657189e-07,-46.5548465693603,9.79811275566488,27.1638293902009,0.665007722768121,78.6625394884689,0.135311399038801,6.90479096805718e-05,0,0,0,0,nominal_fsw
981,5000000,2e-07,14,0.13,2,1.8,10,10,1,1,500000,500000,500000,-0.0432137378264256,3.1515830311229e-07,2.54647908913008e-07,-0.0432137378264256,3.1515830311229e-07,2.54647908913008e-07,-44.8077432258162,5.53001804022126,14.9787385776079,0.562652788424122,15.5181917568363,0.55931034329316,1.18058905973539e-05,0,0,0,0,nominal_fsw
982,5000000,2e-07,14,0.67,2,1.8,10,10,1,1,500000,500000,500000,-0.0432137378264256,3.1515830311229e-07,2.54647908913008e-07,-0.0432137378264256,3.1515830311229e-07,2.54647908913008e-07,-44.8077432258162,4.45800881637058,14.9116966738395,0.55795465493828,15.5623570535865,0.677768041843047,1.18058905973545e-05,0,0,0,0,nominal_fsw
983,5000000,2e-07,14,0.13,2,1.8,10,10,1,2,500000,500000,500000,-0.000434272768624432,4.5461427828784e-07,5.29597832694518e-07,-0.000434272768624432,4.5461427828784e-07,5.29597832694518e-07,-46.1652669670382,8.60878247638493,26.4639313736866,0.656116918506096,88.1897921613651,0.147153344025298,7.145322197051e-05,0,0,0,0,nominal_fsw
984,5000000,2e-07,14,0.67,2,1.8,10,10,1,2,500000,500000,500000,-0.000434272768624432,4.5461427828784e-07,5.29597832694518e-07,-0.000434272768624432,4.5461427828784e-07,5.29597832694518e-07,-46.1652669670382,8.12203780243656,26.5856372741634,0.646432322210354,86.3816756295885,0.141406002457904,6.97319893226848e-05,0,0,0,0,nominal_fsw
985,5000000,2e-07,14,0.13,2,1.8,10,10,1,1,500000,1000000,1000000,-0.0432137378264256,3.1515830311229e-07,2.54647908913008e-07,-0.0108438129222004,1.58758047966712e-07,1.49792887593424e-07,-44.8077432258162,5.62504766041635,15.1857656475518,0.557582966884036,16.5101744851192,0.72114007609195,1.15410855746104e-05,0,0,0,0,nominal_fsw
986,5000000,2e-07,14,0.67,2,1.8,10,10,1,1,500000,1000000,1000000,-0.0432137378264256,3.1515830311229e-07,2.54647908913008e-07,-0.0108438129222004,1.58758047966712e-07,1.49792887593424e-07,-44.8077432258162,4.70942722630614,15.2865564663738,0.57000781342952,16.2524185671882,0.574596350385264,1.23134335576094e-05,0,0,0,0,nominal_fsw
987,5000000,2e-07,14,0.13,2,1.8,10,10,1,2,500000,1000000,1000000,-0.000434272768624432,4.5461427828784e-07,5.29597832694518e-07,-2.71433202967853e-05,2.25640366491931e-07,2.38215990294049e-07,-45.9628301543632,7.8318863053378,26.5609446801262,0.653379637230258,93.7460294039547,0.144158904745362,6.92906476181085e-05,0,0,0,0,nominal_fsw
988,5000000,2e-07,14,0.67,2,1.8,10,10,1,2,500000,1000000,1000000,-0.000434272768624432,4.5461427828784e-07,5.29597832694518e-07,-2.71433202967853e-05,2.25640366491931e-07,2.38215990294049e-07,-45.9628301543632,6.77187328763645,26.5193356384805,0.662705271052827,95.5018541820718,0.128180149977704,6.90920438510356e-05,0,0,0,0,nominal_fsw
989,5000000,2e-07,14,0.13,2,1.8,10,10,1,1,500000,2000000,2000000,-0.0432137378264256,3.1515830311229e-07,2.54647908913008e-07,-0.00271349263374914,7.95277666910522e-08,7.83532027490969e-08,-44.8077432258162,4.26334666950804,15.1444929513611,0.555744352794247,17.552298916924,0.709106014093561,1.18941589382706e-05,0,0,0,0,nominal_fsw
990,5000000,2e-07,14,0.67,2,1.8,10,10,1,1,500000,2000000,2000000,-0.0432137378264256,3.1515830311229e-07,2.54647908913008e-07,-0.00271349263374914,7.95277666910522e-08,7.83532027490969e-08,-44.8077432258162,2.33763163890491,14.347364703729,0.558458309946047,17.0050627070688,0.573965160980718,1.20927627053207e-05,0,0,0,0,nominal_fsw
991,5000000,2e-07,14,0.13,2,1.8,10,10,1,2,500000,2000000,2000000,-0.000434272768624432,4.5461427828784e-07,5.29597832694518e-07,-1.69646248855021e-06,1.12609832744504e-07,1.14270071863055e-07,-45.8453026638561,8.46081764517189,26.5205155697421,0.644671769511948,92.6757577424397,0.127098484036823,7.29537837660938e-05,0,0,0,0,nominal_fsw
992,5000000,2e-07,14,0.67,2,1.8,10,10,1,2,500000,2000000,2000000,-0.000434272768624432,4.5461427828784e-07,5.29597832694518e-07,-1.69646248855021e-06,1.12609832744504e-07,1.14270071863055e-07,-45.8453026638561,7.58068613222855,26.7937164217077,0.640171882178848,94.7012955003976,0.152154732886538,6.85403667203261e-05,0,0,0,0,nominal_fsw
993,5000000,2e-07,14,0.13,2,1.8,10,10,1,1,1000000,250000,250000,-0.0108438129222004,1.58758047966712e-07,1.49792887593424e-07,-0.170333392987803,6.12134396241429e-07,3.18309886714201e-07,-39.6100327536279,2.24913197798895,1.95137046035467,0.516982234164046,1.08144865108347,0.790016789184553,6.44358888677895e-06,0,0,1,1,nominal_fsw
994,5000000,2e-07,14,0.67,2,1.8,10,10,1,1,1000000,250000,250000,-0.0108438129222004,1.58758047966712e-07,1.49792887593424e-07,-0.170333392987803,6.12134396241429e-07,3.18309886714201e-07,-39.6100327536279,0.919585104849507,2.2672681179507,0.522776712788012,1.11305317903583,0.673521997848131,6.39945471632629e-06,0,0,1,1,nominal_fsw
995,5000000,2e-07,14,0.13,2,1.8,10,10,1,2,1000000,250000,250000,-2.71433202967853e-05,2.25640366491931e-07,2.38215990294049e-07,-0.00694315866354403,9.34833235980618e-07,9.00316314657189e-07,-46.5548465693603,7.98358664279684,0.325361751913467,0.52262898185645,2.1569353434126,0.685347048456665,7.67934565958623e-06,0,0,0,0,nominal_fsw
996,5000000,2e-07,14,0.67,2,1.8,10,10,1,2,1000000,250000,250000,-2.71433202967853e-05,2.25640366491931e-07,2.38215990294049e-07,-0.00694315866354403,9.34833235980618e-07,9.00316314657189e-07,-46.5548465693603,8.64702150925154,0.401665794370243,0.519138202065804,2.07922764682753,0.668369149140054,7.23800395500977e-06,0,0,0,0,nominal_fsw
997,5000000,2e-07,14,0.13,2,1.8,10,10,1,1,1000000,500000,500000,-0.0108438129222004,1.58758047966712e-07,1.49792887593424e-07,-0.0432137378264256,3.1515830311229e-07,2.54647908913008e-07,-39.6100327536279,2.23330921137913,1.91617926273537,0.535301914404646,1.10463525632056,0.897496364942695,6.22291803449512e-06,0,0,1,1,nominal_fsw
998,5000000,2e-07,14,0.67,2,1.8,10,10,1,1,1000000,500000,500000,-0.0108438129222004,1.58758047966712e-07,1.49792887593424e-07,-0.0432137378264256,3.1515830311229e-07,2.54647908913008e-07,-39.6100327536279,1.94768881980213,1.34062909110446,0.532999404206332,1.2693746942679,0.905500737059405,6.3994547163205e-06,0,0,1,1,nominal_fsw
999,5000000,2e-07,14,0.13,2,1.8,10,10,1,2,1000000,500000,500000,-2.71433202967853e-05,2.25640366491931e-07,2.38215990294049e-07,-0.000434272768624432,4.5461427828784e-07,5.29597832694518e-07,-46.1652669670382,5.91532321632251,2.01319242627223,0.522109627509759,1.54997022097137,0.627881936640491,7.37040646639315e-06,0,0,0,0,nominal_fsw
1000,5000000,2e-07,14,0.67,2,1.8,10,10,1,2,1000000,500000,500000,-2.71433202967853e-05,2.25640366491931e-07,2.38215990294049e-07,-0.000434272768624432,4.5461427828784e-07,5.29597832694518e-07,-46.1652669670382,7.53906976821064,0.874425883920749,0.534532760615685,1.7065319670122,0.558185701957698,7.61314440389993e-06,0,0,0,0,nominal_fsw
1001,5000000,2e-07,14,0.13,2,1.8,10,10,1,1,1000000,1000000,1000000,-0.0108438129222004,1.58758047966712e-07,1.49792887593424e-07,-0.0108438129222004,1.58758047966712e-07,1.49792887593424e-07,-39.6100327536279,2.86816469884498,1.6354392660084,0.509146702722461,1.23013924123996,0.870912308005116,6.39945471632234e-06,0,0,1,1,nominal_fsw
1002,5000000,2e-07,14,0.67,2,1.8,10,10,1,1,1000000,1000000,1000000,-0.0108438129222004,1.58758047966712e-07,1.49792887593424e-07,-0.0108438129222004,1.58758047966712e-07,1.49792887593424e-07,-39.6100327536279,2.57163660186642,1.46733508999253,0.526605300634828,1.2211510535027,0.806457311616358,6.44358888677669e-06,0,0,1,1,nominal_fsw
1003,5000000,2e-07,14,0.13,2,1.8,10,10,1,2,1000000,1000000,1000000,-2.71433202967853e-05,2.25640366491931e-07,2.38215990294049e-07,-2.71433202967853e-05,2.25640366491931e-07,2.38215990294049e-07,-45.9628301543632,6.71584882172094,1.21306016716827,0.531702790100919,1.51208193355553,0.892362051512775,7.2380039550141e-06,0,0,0,0,nominal_fsw
1004,5000000,2e-07,14,0.67,2,1.8,10,10,1,2,1000000,1000000,1000000,-2.71433202967853e-05,2.25640366491931e-07,2.38215990294049e-07,-2.71433202967853e-05,2.25640366491931e-07,2.38215990294049e-07,-45.9628301543632,5.80190385983863,1.70748426101872,0.530561079155339,1.4597626828199,0.738354602720339,7.32627229592908e-06,0,0,0,0,nominal_fsw
1005,5000000,2e-07,14,0.13,2,1.8,10,10,1,1,1000000,2000000,2000000,-0.0108438129222004,1.58758047966712e-07,1.49792887593424e-07,-0.00271349263374914,7.95277666910522e-08,7.83532027490969e-08,-39.6100327536279,2.18716145990194,1.28999837889634,0.528982324000712,1.20884808408794,0.904111390225686,6.42152180154879e-06,0,0,1,1,nominal_fsw
1006,5000000,2e-07,14,0.67,2,1.8,10,10,1,1,1000000,2000000,2000000,-0.0108438129222004,1.58758047966712e-07,1.49792887593424e-07,-0.00271349263374914,7.95277666910522e-08,7.83532027490969e-08,-39.6100327536279,2.70132861030855,1.89879910479673,0.517056350467428,1.11102121561488,0.782543977183155,6.39945471632192e-06,0,0,1,1,nominal_fsw
1007,5000000,2e-07,14,0.13,2,1.8,10,10,1,2,1000000,2000000,2000000,-2.71433202967853e-05,2.25640366491931e-07,2.38215990294049e-07,-1.69646248855021e-06,1.12609832744504e-07,1.14270071863055e-07,-45.8453026638561,6.7707711152498,0.883813686240686,0.513462976600267,1.42552440915914,0.84000022454979,7.45867480729021e-06,0,0,0,0,nominal_fsw
1008,5000000,2e-07,14,0.67,2,1.8,10,10,1,2,1000000,2000000,2000000,-2.71433202967853e-05,2.25640366491931e-07,2.38215990294049e-07,-1.69646248855021e-06,1.12609832744504e-07,1.14270071863055e-07,-45.8453026638561,4.8112012283033,0.995792745688973,0.531266649738685,1.34218248040912,0.706815930105261,7.10560144364285e-06,0,0,0,0,nominal_fsw
1009,5000000,2e-07,14,0.13,2,1.8,10,10,1,1,1500000,250000,250000,-0.00482281539738106,1.05985533688917e-07,1.0323563875415e-07,-0.170333392987803,6.12134396241429e-07,3.18309886714201e-07,-36.6260744096658,2.27249962105243,0.129396267124937,0.525820037507555,1.26978384020631,0.87355224992792,6.20085094926553e-06,0,0,1,1,nominal_fsw
1010,5000000,2e-07,14,0.67,2,1.8,10,10,1,1,1500000,250000,250000,-0.00482281539738106,1.05985533688917e-07,1.0323563875415e-07,-0.170333392987803,6.12134396241429e-07,3.18309886714201e-07,-36.6260744096658,1.93794623745678,0.271077996292579,0.5131016995087,1.10788054175466,0.74131890540557,6.44358888677093e-06,0,0,1,1,nominal_fsw
1011,5000000,2e-07,14,0.13,2,1.8,10,10,1,2,1500000,250000,250000,-5.36165696188321e-06,1.50219259149706e-07,1.54101944642893e-07,-0.00694315866354403,9.34833235980618e-07,9.00316314657189e-07,-44.4094796630366,7.0532546499027,0.496014164535497,0.523477183382901,1.9166635667979,0.807977051370389,6.62012556861161e-06,0,0,0,0,nominal_fsw
1012,5000000,2e-07,14,0.67,2,1.8,10,10,1,2,1500000,250000,250000,-5.36165696188321e-06,1.50219259149706e-07,1.54101944642893e-07,-0.00694315866354403,9.34833235980618e-07,9.00316314657189e-07,-44.4094796630366,6.20916144958237,0.208386340237543,0.524153282762213,2.04435191712411,0.738079320850263,6.46565597200924e-06,0,0,0,0,nominal_fsw
1013,5000000,2e-07,14,0.13,2,1.8,10,10,1,1,1500000,500000,500000,-0.00482281539738106,1.05985533688917e-07,1.0323563875415e-07,-0.0432137378264256,3.1515830311229e-07,2.54647908913008e-07,-36.6260744096658,0.0106381914727893,0.383747293557546,0.530819087188727,0.954112919736075,0.786112834747941,6.53185722769219e-06,0,0,1,1,nominal_fsw
1014,5000000,2e-07,14,0.67,2,1.8,10,10,1,1,1500000,500000,500000,-0.00482281539738106,1.05985533688917e-07,1.0323563875415e-07,-0.0432137378264256,3.1515830311229e-07,2.54647908913008e-07,-36.6260744096658,0.482525841881953,0.410679920533497,0.519404270417234,0.970208833671743,0.682315828719646,6.26705220494957e-06,0,0,1,1,nominal_fsw
1015,5000000,2e-07,14,0.13,2,1.8,10,10,1,2,1500000,500000,500000,-5.36165696188321e-06,1.50219259149706e-07,1.54101944642893e-07,-0.000434272768624432,4.5461427828784e-07,5.29597832694518e-07,-44.4094796630366,4.87871839032825,0.579253957687964,0.522426575856121,1.43779748194455,0.851705571416617,6.99526601748851e-06,0,0,0,0,nominal_fsw
1016,5000000,2e-07,14,0.67,2,1.8,10,10,1,2,1500000,500000,500000,-5.36165696188321e-06,1.50219259149706e-07,1.54101944642893e-07,-0.000434272768624432,4.5461427828784e-07,5.29597832694518e-07,-44.4094796630366,4.65842411891091,0.601139275024587,0.520179200974842,1.52073532835403,0.728253460406123,6.48772305723594e-06,0,0,0,0,nominal_fsw
1017,5000000,2e-07,14,0.13,2,1.8,10,10,1,1,1500000,1000000,1000000,-0.00482281539738106,1.05985533688917e-07,1.0323563875415e-07,-0.0108438129222004,1.58758047966712e-07,1.49792887593424e-07,-36.6260744096658,0.0521073096507063,0.733465267486388,0.51133950824917,1.00216049917937,0.865263029771068,6.31118637541256e-06,0,0,1,1,nominal_fsw
1018,5000000,2e-07,14,0.67,2,1.8,10,10,1,1,1500000,1000000,1000000,-0.00482281539738106,1.05985533688917e-07,1.0323563875415e-07,-0.0108438129222004,1.58758047966712e-07,1.49792887593424e-07,-36.6260744096658,0.337811673427302,0.89570388432878,0.512271634232749,0.942872203976588,0.750829411916589,6.04638135266439e-06,0,0,1,1,nominal_fsw
1019,5000000,2e-07,14,0.13,2,1.8,10,10,1,2,1500000,1000000,1000000,-5.36165696188321e-06,1.50219259149706e-07,1.54101944642893e-07,-2.71433202967853e-05,2.25640366491931e-07,2.38215990294049e-07,-44.4094796630366,4.13101963998503,0.825878901253607,0.522853050164832,1.27690972437956,0.662182856593246,6.75252807997832e-06,0,0,0,0,nominal_fsw
1020,5000000,2e-07,14,0.67,2,1.8,10,10,1,2,1500000,1000000,1000000,-5.36165696188321e-06,1.50219259149706e-07,1.54101944642893e-07,-2.71433202967853e-05,2.25640366491931e-07,2.38215990294049e-07,-44.4094796630366,4.82946533927762,0.038401815868383,0.522394699558763,1.54032078704339,0.749122718570675,6.84079642089084e-06,0,0,0,0,nominal_fsw
1021,5000000,2e-07,14,0.13,2,1.8,10,10,1,1,1500000,2000000,2000000,-0.00482281539738106,1.05985533688917e-07,1.0323563875415e-07,-0.00271349263374914,7.95277666910522e-08,7.83532027490969e-08,-36.6260744096658,1.00596133959567,0.548905769633157,0.520794737225052,0.984637414804325,0.863618404081565,6.22291803448982e-06,0,0,1,1,nominal_fsw
1022,5000000,2e-07,14,0.67,2,1.8,10,10,1,1,1500000,2000000,2000000,-0.00482281539738106,1.05985533688917e-07,1.0323563875415e-07,-0.00271349263374914,7.95277666910522e-08,7.83532027490969e-08,-36.6260744096658,0.652148474439573,0.514207994509963,0.5251212018984,0.976502454624741,1.03832254718788,6.28911929018053e-06,0,0,1,1,nominal_fsw
1023,5000000,2e-07,14,0.13,2,1.8,10,10,1,2,1500000,2000000,2000000,-5.36165696188321e-06,1.50219259149706e-07,1.54101944642893e-07,-1.69646248855021e-06,1.12609832744504e-07,1.14270071863055e-07,-44.4094796630366,5.15381362720895,0.166571465813892,0.519476032788016,1.36646472073669,0.771668432511252,6.8407964208953e-06,0,0,0,0,nominal_fsw
1024,5000000,2e-07,14,0.67,2,1.8,10,10,1,2,1500000,2000000,2000000,-5.36165696188321e-06,1.50219259149706e-07,1.54101944642893e-07,-1.69646248855021e-06,1.12609832744504e-07,1.14270071863055e-07,-44.4094796630366,4.87217520939225,0.410189008647444,0.52210608095483,1.2779501760728,0.788650209061687,6.92906476181038e-06,0,0,0,0,nominal_fsw
1025,5000000,2e-07,14,0.13,2,1.8,10,10,1,1,2000000,250000,250000,-0.00271349263374914,7.95277666910522e-08,7.83532027490969e-08,-0.170333392987803,6.12134396241429e-07,3.18309886714201e-07,-34.6742147465776,1.43950314286923,0.525518389703228,0.518053022092137,1.14792849297361,0.809285198261816,6.57599139815549e-06,0,0,1,1,nominal_fsw
1026,5000000,2e-07,14,0.67,2,1.8,10,10,1,1,2000000,250000,250000,-0.00271349263374914,7.95277666910522e-08,7.83532027490969e-08,-0.170333392987803,6.12134396241429e-07,3.18309886714201e-07,-34.6742147465776,1.09366920918221,0.193522566710591,0.528869892360343,1.10756562759512,0.867491036423023,6.44358888678309e-06,0,0,1,1,nominal_fsw
1027,5000000,2e-07,14,0.13,2,1.8,10,10,1,2,2000000,250000,250000,-1.69646248855021e-06,1.12609832744504e-07,1.14270071863055e-07,-0.00694315866354403,9.34833235980618e-07,9.00316314657189e-07,-40.0008198212914,2.8329382973594,1.03231245719755,0.523497221179033,1.21738233379453,0.698878712674852,6.44358888677767e-06,0,0,1,1,nominal_fsw
1028,5000000,2e-07,14,0.67,2,1.8,10,10,1,2,2000000,250000,250000,-1.69646248855021e-06,1.12609832744504e-07,1.14270071863055e-07,-0.00694315866354403,9.34833235980618e-07,9.00316314657189e-07,-40.0008198212914,2.32315000660024,1.73044132559005,0.521242667231105,1.18586642344479,0.800534252348009,6.04638135266535e-06,0,0,1,1,nominal_fsw
1029,5000000,2e-07,14,0.13,2,1.8,10,10,1,1,2000000,500000,500000,-0.00271349263374914,7.95277666910522e-08,7.83532027490969e-08,-0.0432137378264256,3.1515830311229e-07,2.54647908913008e-07,-34.6742147465776,0.164712275016587,0.760545331547613,0.517987335527326,0.863770871410607,0.66423159410839,6.39945471632363e-06,0,0,1,1,nominal_fsw
1030,5000000,2e-07,14,0.67,2,1.8,10,10,1,1,2000000,500000,500000,-0.00271349263374914,7.95277666910522e-08,7.83532027490969e-08,-0.0432137378264256,3.1515830311229e-07,2.54647908913008e-07,-34.6742147465776,0.0519262210273319,0.853495267279492,0.529586723315874,1.0881578077325,0.884520031543832,6.17878386404143e-06,0,0,1,1,nominal_fsw
1031,5000000,2e-07,14,0.13,2,1.8,10,10,1,2,2000000,500000,500000,-1.69646248855021e-06,1.12609832744504e-07,1.14270071863055e-07,-0.000434272768624432,4.5461427828784e-07,5.29597832694518e-07,-40.0008198212914,0.0359248606906948,0.200141631270001,0.507965893933388,0.928623213478053,1.0395034143673,6.04638135266462e-06,0,0,1,1,nominal_fsw
1032,5000000,2e-07,14,0.67,2,1.8,10,10,1,2,2000000,500000,500000,-1.69646248855021e-06,1.12609832744504e-07,1.14270071863055e-07,-0.000434272768624432,4.5461427828784e-07,5.29597832694518e-07,-40.0008198212914,0.261969916558535,0.509403762485294,0.526556944176376,1.0455284443259,0.947224644732155,6.22291803449209e-06,0,0,1,1,nominal_fsw
1033,5000000,2e-07,14,0.13,2,1.8,10,10,1,1,2000000,1000000,1000000,-0.00271349263374914,7.95277666910522e-08,7.83532027490969e-08,-0.0108438129222004,1.58758047966712e-07,1.49792887593424e-07,-34.6742147465776,0.133357061606965,0.97841053617278,0.516727283172509,0.854799147914081,0.891741492085377,6.28911929017914e-06,0,0,1,1,nominal_fsw
1034,5000000,2e-07,14,0.67,2,1.8,10,10,1,1,2000000,1000000,1000000,-0.00271349263374914,7.95277666910522e-08,7.83532027490969e-08,-0.0108438129222004,1.58758047966712e-07,1.49792887593424e-07,-34.6742147465776,0.400405437231455,0.573174862593362,0.51603356854056,1.07882909664355,0.886798778337638,6.17878386403854e-06,0,0,1,1,nominal_fsw
1035,5000000,2e-07,14,0.13,2,1.8,10,10,1,2,2000000,1000000,1000000,-1.69646248855021e-06,1.12609832744504e-07,1.14270071863055e-07,-2.71433202967853e-05,2.25640366491931e-07,2.38215990294049e-07,-40.0008198212914,0.800633293741315,0.141273990040647,0.531203553495127,1.09525507241294,0.834593117528909,6.39945471631639e-06,0,0,1,1,nominal_fsw
1036,5000000,2e-07,14,0.67,2,1.8,10,10,1,2,2000000,1000000,1000000,-1.69646248855021e-06,1.12609832744504e-07,1.14270071863055e-07,-2.71433202967853e-05,2.25640366491931e-07,2.38215990294049e-07,-40.0008198212914,1.62949665899317,0.603193197747021,0.522638223356093,0.975120779671683,0.867270090002871,6.53185722769608e-06,0,0,1,1,nominal_fsw
1037,5000000,2e-07,14,0.13,2,1.8,10,10,1,1,2000000,2000000,2000000,-0.00271349263374914,7.95277666910522e-08,7.83532027490969e-08,-0.00271349263374914,7.95277666910522e-08,7.83532027490969e-08,-34.6742147465776,0.836215183602773,0.430024936517537,0.534316140844814,1.03131068876565,0.779524319106671,6.5539243129231e-06,0,0,1,1,nominal_fsw
1038,5000000,2e-07,14,0.67,2,1.8,10,10,1,1,2000000,2000000,2000000,-0.00271349263374914,7.95277666910522e-08,7.83532027490969e-08,-0.00271349263374914,7.95277666910522e-08,7.83532027490969e-08,-34.6742147465776,0.172060602542001,1.34568135987325,0.524969206230672,1.00427573824781,0.764496648941669,6.39945471632412e-06,0,0,1,1,nominal_fsw
1039,5000000,2e-07,14,0.13,2,1.8,10,10,1,2,2000000,2000000,2000000,-1.69646248855021e-06,1.12609832744504e-07,1.14270071863055e-07,-1.69646248855021e-06,1.12609832744504e-07,1.14270071863055e-07,-40.0008198212914,1.2930774279249,0.0389883657052059,0.517726480705691,0.948720522668085,0.77008523977523,6.44358888677892e-06,0,0,1,1,nominal_fsw
1040,5000000,2e-07,14,0.67,2,1.8,10,10,1,2,2000000,2000000,2000000,-1.69646248855021e-06,1.12609832744504e-07,1.14270071863055e-07,-1.69646248855021e-06,1.12609832744504e-07,1.14270071863055e-07,-40.0008198212914,0.205499161945111,0.497407191650456,0.524004166649281,0.947909235268771,0.781122909345147,6.5318572276914e-06,0,0,1,1,nominal_fsw
1041,5000000,2e-07,14,0.13,2,1.8,10,10,1,1,3000000,250000,250000,-0.00120620603998196,5.30369152206258e-08,5.26857742637191e-08,-0.170333392987803,6.12134396241429e-07,3.18309886714201e-07,-32.2982223332749,1.23559625913845,1.11841872235177,0.526375744578768,1.11803581983865,0.925090102669402,6.44358888677949e-06,0,0,1,1,nominal_fsw
1042,5000000,2e-07,14,0.67,2,1.8,10,10,1,1,3000000,250000,250000,-0.00120620603998196,5.30369152206258e-08,5.26857742637191e-08,-0.170333392987803,6.12134396241429e-07,3.18309886714201e-07,-32.2982223332749,1.8404444494855,1.06629950550101,0.51898738001157,1.05350852395509,0.688382926785809,6.3994547163217e-06,0,0,1,1,nominal_fsw
1043,5000000,2e-07,14,0.13,2,1.8,10,10,1,2,3000000,250000,250000,-3.35103753839414e-07,7.50471945447958e-08,7.55437329481472e-08,-0.00694315866354403,9.34833235980618e-07,9.00316314657189e-07,-34.6743875676642,3.073436209084,0.116236318756124,0.52305035322239,1.20744830659477,0.820674462040077,6.20085094926046e-06,0,0,0,0,nominal_fsw
1044,5000000,2e-07,14,0.67,2,1.8,10,10,1,2,3000000,250000,250000,-3.35103753839414e-07,7.50471945447958e-08,7.55437329481472e-08,-0.00694315866354403,9.34833235980618e-07,9.00316314657189e-07,-34.6743875676642,2.39532159956475,0.857872476782373,0.522972032492762,1.29653969992356,0.803055105869303,6.39945471632213e-06,0,0,1,1,nominal_fsw
1045,5000000,2e-07,14,0.13,2,1.8,10,10,1,1,3000000,500000,500000,-0.00120620603998196,5.30369152206258e-08,5.26857742637191e-08,-0.0432137378264256,3.1515830311229e-07,2.54647908913008e-07,-32.2982223332749,0.275839512906573,0.930306232857303,0.519286385280031,0.877779877935588,0.774861123388466,6.33325346063317e-06,0,0,1,1,nominal_fsw
1046,5000000,2e-07,14,0.67,2,1.8,10,10,1,1,3000000,500000,500000,-0.00120620603998196,5.30369152206258e-08,5.26857742637191e-08,-0.0432137378264256,3.1515830311229e-07,2.54647908913008e-07,-32.2982223332749,1.01015745815634,2.38346856013862,0.523863406988112,1.07542023743095,0.872596980630352,6.35532054585838e-06,0,0,1,1,nominal_fsw
1047,5000000,2e-07,14,0.13,2,1.8,10,10,1,2,3000000,500000,500000,-3.35103753839414e-07,7.50471945447958e-08,7.55437329481472e-08,-0.000434272768624432,4.5461427828784e-07,5.29597832694518e-07,-34.6743875676642,0.607548571964633,1.39862376804327,0.525109843818727,1.13125821408292,0.913810309616962,6.33325346063373e-06,0,0,1,1,nominal_fsw
1048,5000000,2e-07,14,0.67,2,1.8,10,10,1,2,3000000,500000,500000,-3.35103753839414e-07,7.50471945447958e-08,7.55437329481472e-08,-0.000434272768624432,4.5461427828784e-07,5.29597832694518e-07,-34.6743875676642,1.56403438587793,1.16286845841442,0.527782980109104,1.11378468667496,0.990973492524674,6.44358888678109e-06,0,0,1,1,nominal_fsw
1049,5000000,2e-07,14,0.13,2,1.8,10,10,1,1,3000000,1000000,1000000,-0.00120620603998196,5.30369152206258e-08,5.26857742637191e-08,-0.0108438129222004,1.58758047966712e-07,1.49792887593424e-07,-32.2982223332749,0.477999159904829,1.97476855566008,0.514170999116265,0.994716838264176,0.927751075806876,6.42152180155362e-06,0,0,1,1,nominal_fsw
1050,5000000,2e-07,14,0.67,2,1.8,10,10,1,1,3000000,1000000,1000000,-0.00120620603998196,5.30369152206258e-08,5.26857742637191e-08,-0.0108438129222004,1.58758047966712e-07,1.49792887593424e-07,-32.2982223332749,1.32781108208082,1.46065682665799,0.521839839989774,0.930781417252766,0.756670703918258,6.44358888678359e-06,0,0,1,1,nominal_fsw
1051,5000000,2e-07,14,0.13,2,1.8,10,10,1,2,3000000,1000000,1000000,-3.35103753839414e-07,7.50471945447958e-08,7.55437329481472e-08,-2.71433202967853e-05,2.25640366491931e-07,2.38215990294049e-07,-34.6743875676642,0.298053063232984,0.873127113755578,0.522172066940172,1.00327560000507,0.723376859532247,6.04638135266299e-06,0,0,1,1,nominal_fsw
1052,5000000,2e-07,14,0.67,2,1.8,10,10,1,2,3000000,1000000,1000000,-3.35103753839414e-07,7.50471945447958e-08,7.55437329481472e-08,-2.71433202967853e-05,2.25640366491931e-07,2.38215990294049e-07,-34.6743875676642,1.93954136198526,1.89466600943142,0.514673998088774,1.14273326110827,0.673703917843951,6.42152180154799e-06,0,0,1,1,nominal_fsw
1053,5000000,2e-07,14,0.13,2,1.8,10,10,1,1,3000000,2000000,2000000,-0.00120620603998196,5.30369152206258e-08,5.26857742637191e-08,-0.00271349263374914,7.95277666910522e-08,7.83532027490969e-08,-32.2982223332749,0.23255344474189,1.43083823665937,0.515811103198976,1.04478596581664,0.780846412414352,6.26705220494867e-06,0,0,1,1,nominal_fsw
1054,5000000,2e-07,14,0.67,2,1.8,10,10,1,1,3000000,2000000,2000000,-0.00120620603998196,5.30369152206258e-08,5.26857742637191e-08,-0.00271349263374914,7.95277666910522e-08,7.83532027490969e-08,-32.2982223332749,1.30952941068816,1.99871982797413,0.527809288515906,1.08915714968198,0.623758287659138,6.44358888677763e-06,0,0,1,1,nominal_fsw
1055,5000000,2e-07,14,0.13,2,1.8,10,10,1,2,3000000,2000000,2000000,-3.35103753839414e-07,7.50471945447958e-08,7.55437329481472e-08,-1.69646248855021e-06,1.12609832744504e-07,1.14270071863055e-07,-34.6743875676642,0.657161915797455,0.328013606505961,0.520031862163865,0.941536698372972,0.817138674276488,6.28911929017889e-06,0,0,1,1,nominal_fsw
1056,5000000,2e-07,14,0.67,2,1.8,10,10,1,2,3000000,2000000,2000000,-3.35103753839414e-07,7.50471945447958e-08,7.55437329481472e-08,-1.69646248855021e-06,1.12609832744504e-07,1.14270071863055e-07,-34.6743875676642,0.232564029850879,1.04160463915732,0.523415355896643,0.904521717438516,0.748783591557422,6.15671677880607e-06,0,0,1,1,nominal_fsw
1057,5000000,2e-07,16,0.13,2,1.8,10,10,1,1,250000,250000,250000,-0.170333392987803,6.12134396241429e-07,3.18309886714201e-07,-0.170333392987803,6.12134396241429e-07,3.18309886714201e-07,-46.2191848123704,12.2069252154652,45.2890545566188,2.34266282948113,255.936648733325,0.211666456663114,1.46263799235062e-05,0,0,0,0,nominal_fsw
1058,5000000,2e-07,16,0.67,2,1.8,10,10,1,1,250000,250000,250000,-0.170333392987803,6.12134396241429e-07,3.18309886714201e-07,-0.170333392987803,6.12134396241429e-07,3.18309886714201e-07,-46.2191848123704,12.6142059562869,45.2275799451253,2.25781124398894,251.926197916322,0.225290431571326,1.52828156055373e-05,0,0,0,0,nominal_fsw
1059,5000000,2e-07,16,0.13,2,1.8,10,10,1,2,250000,250000,250000,-0.00694315866354403,9.34833235980618e-07,9.00316314657189e-07,-0.00694315866354403,9.34833235980618e-07,9.00316314657189e-07,-46.5548465693603,6.80657457936595,95.3704983375657,35.0064750707807,1350.33714760779,0.111458971918256,3.21818972180677e-05,0,0,0,0,nominal_fsw
1060,5000000,2e-07,16,0.67,2,1.8,10,10,1,2,250000,250000,250000,-0.00694315866354403,9.34833235980618e-07,9.00316314657189e-07,-0.00694315866354403,9.34833235980618e-07,9.00316314657189e-07,-46.5548465693603,6.88959038322732,95.7111004874122,34.4167283995434,1341.81074845454,0.122078508426074,3.29334884926591e-05,0,0,0,0,nominal_fsw
1061,5000000,2e-07,16,0.13,2,1.8,10,10,1,1,250000,500000,500000,-0.170333392987803,6.12134396241429e-07,3.18309886714201e-07,-0.0432137378264256,3.1515830311229e-07,2.54647908913008e-07,-45.9997238052581,12.1865355088325,45.0654966494565,2.50280186367906,275.768813178054,0.201022194900148,1.42236924883088e-05,0,0,0,0,nominal_fsw
1062,5000000,2e-07,16,0.67,2,1.8,10,10,1,1,250000,500000,500000,-0.170333392987803,6.12134396241429e-07,3.18309886714201e-07,-0.0432137378264256,3.1515830311229e-07,2.54647908913008e-07,-45.9997238052581,12.2314858300112,44.9301399156747,2.28533249377337,275.183646675786,0.259900194821577,1.42512738194924e-05,0,0,0,0,nominal_fsw
1063,5000000,2e-07,16,0.13,2,1.8,10,10,1,2,250000,500000,500000,-0.00694315866354403,9.34833235980618e-07,9.00316314657189e-07,-0.000434272768624432,4.5461427828784e-07,5.29597832694518e-07,-46.1652669670382,4.60039708243579,95.5619757686356,35.6921086444705,1404.48949279568,0.124890256686731,3.21805181515259e-05,0,0,0,0,nominal_fsw
1064,5000000,2e-07,16,0.67,2,1.8,10,10,1,2,250000,500000,500000,-0.00694315866354403,9.34833235980618e-07,9.00316314657189e-07,-0.000434272768624432,4.5461427828784e-07,5.29597832694518e-07,-46.1652669670382,5.99015280969781,95.4506136185279,35.4354817837838,1400.76276943416,0.141256935527686,3.18426468445898e-05,0,0,0,0,nominal_fsw
1065,5000000,2e-07,16,0.13,2,1.8,10,10,1,1,250000,1000000,1000000,-0.170333392987803,6.12134396241429e-07,3.18309886714201e-07,-0.0108438129222004,1.58758047966712e-07,1.49792887593424e-07,-45.8660229820762,10.7561806878775,45.1288728113757,2.27469270014398,282.851260383843,0.196935962728365,1.48815072368981e-05,0,0,0,0,nominal_fsw
1066,5000000,2e-07,16,0.67,2,1.8,10,10,1,1,250000,1000000,1000000,-0.170333392987803,6.12134396241429e-07,3.18309886714201e-07,-0.0108438129222004,1.58758047966712e-07,1.49792887593424e-07,-45.8660229820762,10.9477915288869,45.5037279400363,2.46799385330394,284.640387021223,0.234709154057868,1.46539612546741e-05,0,0,0,0,nominal_fsw
1067,5000000,2e-07,16,0.13,2,1.8,10,10,1,2,250000,1000000,1000000,-0.00694315866354403,9.34833235980618e-07,9.00316314657189e-07,-2.71433202967853e-05,2.25640366491931e-07,2.38215990294049e-07,-45.9628301543632,4.80528781048472,95.7391367059208,36.6492829063639,1429.570465785,0.137218794301296,3.20605393608731e-05,0,0,0,0,nominal_fsw
1068,5000000,2e-07,16,0.67,2,1.8,10,10,1,2,250000,1000000,1000000,-0.00694315866354403,9.34833235980618e-07,9.00316314657189e-07,-2.71433202967853e-05,2.25640366491931e-07,2.38215990294049e-07,-45.9628301543632,5.40756643098207,95.8536706818815,36.516763345147,1418.75131440371,0.127325479029349,3.22191320151631e-05,0,0,0,0,nominal_fsw
1069,5000000,2e-07,16,0.13,2,1.8,10,10,1,1,250000,2000000,2000000,-0.170333392987803,6.12134396241429e-07,3.18309886714201e-07,-0.00271349263374914,7.95277666910522e-08,7.83532027490969e-08,-45.7735250944377,10.1413647645028,44.8665864664784,2.55445540459765,290.827934721293,0.230626060577187,1.45298452643807e-05,0,0,0,0,nominal_fsw
1070,5000000,2e-07,16,0.67,2,1.8,10,10,1,1,250000,2000000,2000000,-0.170333392987803,6.12134396241429e-07,3.18309886714201e-07,-0.00271349263374914,7.95277666910522e-08,7.83532027490969e-08,-45.7735250944377,11.3360988894734,45.088416020027,2.36484041156419,283.771266254364,0.200967116404402,1.47863516443326e-05,0,0,0,0,nominal_fsw
1071,5000000,2e-07,16,0.13,2,1.8,10,10,1,2,250000,2000000,2000000,-0.00694315866354403,9.34833235980618e-07,9.00316314657189e-07,-1.69646248855021e-06,1.12609832744504e-07,1.14270071863055e-07,-45.8453026638561,3.9710520530888,95.7320496850683,37.1263519246225,1446.0046055043,0.135185345273015,3.23763456028645e-05,0,0,0,0,nominal_fsw
1072,5000000,2e-07,16,0.67,2,1.8,10,10,1,2,250000,2000000,2000000,-0.00694315866354403,9.34833235980618e-07,9.00316314657189e-07,-1.69646248855021e-06,1.12609832744504e-07,1.14270071863055e-07,-45.8453026638561,5.03828026974349,95.5738797619509,36.9346450469288,1443.35680357663,0.138638842692142,3.23101504080419e-05,0,0,0,0,nominal_fsw
1073,5000000,2e-07,16,0.13,2,1.8,10,10,1,1,500000,250000,250000,-0.0432137378264256,3.1515830311229e-07,2.54647908913008e-07,-0.170333392987803,6.12134396241429e-07,3.18309886714201e-07,-44.8077432258162,4.71202260850027,15.0146773300209,0.310245850585737,40.7805940828364,0.38924847932445,7.2993992961653e-06,0,0,0,0,nominal_fsw
1074,5000000,2e-07,16,0.67,2,1.8,10,10,1,1,500000,250000,250000,-0.0432137378264256,3.1515830311229e-07,2.54647908913008e-07,-0.170333392987803,6.12134396241429e-07,3.18309886714201e-07,-44.8077432258162,4.25830054765199,15.5496015577037,0.323265218019874,41.6043933741029,0.398042226243931,7.00014185289329e-06,0,0,0,0,nominal_fsw
1075,5000000,2e-07,16,0.13,2,1.8,10,10,1,2,500000,250000,250000,-0.000434272768624432,4.5461427828784e-07,5.29597832694518e-07,-0.00694315866354403,9.34833235980618e-07,9.00316314657189e-07,-46.5548465693603,6.63400729743288,27.274128399762,0.43894951631539,273.65943850512,0.0450323389842293,6.43527619036705e-05,0,0,0,0,nominal_fsw
1076,5000000,2e-07,16,0.67,2,1.8,10,10,1,2,500000,250000,250000,-0.000434272768624432,4.5461427828784e-07,5.29597832694518e-07,-0.00694315866354403,9.34833235980618e-07,9.00316314657189e-07,-46.5548465693603,7.67117155525855,27.3639487930151,0.449507641280225,272.495580432772,0.0486018407853348,6.42410575124045e-05,0,0,0,0,nominal_fsw
1077,5000000,2e-07,16,0.13,2,1.8,10,10,1,1,500000,500000,500000,-0.0432137378264256,3.1515830311229e-07,2.54647908913008e-07,-0.0432137378264256,3.1515830311229e-07,2.54647908913008e-07,-44.8077432258162,4.2873089882813,14.5617217090116,0.317336531697968,52.2141684857709,0.361092068496855,6.98497212074012e-06,0,0,0,0,nominal_fsw
1078,5000000,2e-07,16,0.67,2,1.8,10,10,1,1,500000,500000,500000,-0.0432137378264256,3.1515830311229e-07,2.54647908913008e-07,-0.0432137378264256,3.1515830311229e-07,2.54647908913008e-07,-44.8077432258162,2.71512756775114,14.6974839990649,0.31706586459174,52.6401577122509,0.423951078997433,7.0111743853606e-06,0,0,0,0,nominal_fsw
1079,5000000,2e-07,16,0.13,2,1.8,10,10,1,2,500000,500000,500000,-0.000434272768624432,4.5461427828784e-07,5.29597832694518e-07,-0.000434272768624432,4.5461427828784e-07,5.29597832694518e-07,-46.1652669670382,6.61037397020475,26.3817216893244,0.414208883738264,304.334535513206,0.0534689020243524,6.42217505805833e-05,0,0,0,0,nominal_fsw
1080,5000000,2e-07,16,0.67,2,1.8,10,10,1,2,500000,500000,500000,-0.000434272768624432,4.5461427828784e-07,5.29597832694518e-07,-0.000434272768624432,4.5461427828784e-07,5.29597832694518e-07,-46.1652669670382,6.07223554341106,26.4705577218671,0.424264088922061,310.745844445504,0.0501006880266484,6.48244026667954e-05,0,0,0,0,nominal_fsw
1081,5000000,2e-07,16,0.13,2,1.8,10,10,1,1,500000,1000000,1000000,-0.0432137378264256,3.1515830311229e-07,2.54647908913008e-07,-0.0108438129222004,1.58758047966712e-07,1.49792887593424e-07,-44.8077432258162,3.53497631765921,14.7309630321339,0.298870976655274,53.4633977933004,0.439985195436206,6.88843746160801e-06,0,0,0,0,nominal_fsw
1082,5000000,2e-07,16,0.67,2,1.8,10,10,1,1,500000,1000000,1000000,-0.0432137378264256,3.1515830311229e-07,2.54647908913008e-07,-0.0108438129222004,1.58758047966712e-07,1.49792887593424e-07,-44.8077432258162,2.54333432164445,14.9495004733542,0.312236344972352,57.2659440775527,0.437972561991189,6.78500746970159e-06,0,0,0,0,nominal_fsw
1083,5000000,2e-07,16,0.13,2,1.8,10,10,1,2,500000,1000000,1000000,-0.000434272768624432,4.5461427828784e-07,5.29597832694518e-07,-2.71433202967853e-05,2.25640366491931e-07,2.38215990294049e-07,-45.9628301543632,5.14852775262662,26.3044092451374,0.420427328855298,317.465618848866,0.0438736622008779,6.41100461893141e-05,0,0,0,0,nominal_fsw
1084,5000000,2e-07,16,0.67,2,1.8,10,10,1,2,500000,1000000,1000000,-0.000434272768624432,4.5461427828784e-07,5.29597832694518e-07,-2.71433202967853e-05,2.25640366491931e-07,2.38215990294049e-07,-45.9628301543632,5.45267234342737,26.4361894757422,0.427280708764576,319.397365161502,0.0615884290266656,6.53332782270346e-05,0,0,0,0,nominal_fsw
1085,5000000,2e-07,16,0.13,2,1.8,10,10,1,1,500000,2000000,2000000,-0.0432137378264256,3.1515830311229e-07,2.54647908913008e-07,-0.00271349263374914,7.95277666910522e-08,7.83532027490969e-08,-44.8077432258162,2.85008275180747,14.6778883532477,0.316962438767949,56.1263850244242,0.257751523641686,7.24975290004568e-06,0,0,0,0,nominal_fsw
1086,5000000,2e-07,16,0.67,2,1.8,10,10,1,1,500000,2000000,2000000,-0.0432137378264256,3.1515830311229e-07,2.54647908913008e-07,-0.00271349263374914,7.95277666910522e-08,7.83532027490969e-08,-44.8077432258162,1.31887078526711,14.0712407286589,0.312865646254136,56.724340229818,0.350117880511348,6.97118145514918e-06,0,0,0,0,nominal_fsw
1087,5000000,2e-07,16,0.13,2,1.8,10,10,1,2,500000,2000000,2000000,-0.000434272768624432,4.5461427828784e-07,5.29597832694518e-07,-1.69646248855021e-06,1.12609832744504e-07,1.14270071863055e-07,-45.8453026638561,4.45230403746542,26.3444234008268,0.426442378532733,332.745060914599,0.0375706058358075,6.57235540631885e-05,0,0,0,0,nominal_fsw
1088,5000000,2e-07,16,0.67,2,1.8,10,10,1,2,500000,2000000,2000000,-0.000434272768624432,4.5461427828784e-07,5.29597832694518e-07,-1.69646248855021e-06,1.12609832744504e-07,1.14270071863055e-07,-45.8453026638561,4.78743384685347,26.5996117096359,0.421881131857968,325.240529604751,0.0425595029784177,6.30812625364083e-05,0,0,0,0,nominal_fsw
1089,5000000,2e-07,16,0.13,2,1.8,10,10,1,1,1000000,250000,250000,-0.0108438129222004,1.58758047966712e-07,1.49792887593424e-07,-0.170333392987803,6.12134396241429e-07,3.18309886714201e-07,-39.6100327536279,1.93215121346617,2.23425624964267,0.26938914606292,0.895627398671664,0.942722952590913,1.90449091781484e-06,0,0,1,1,nominal_fsw
1090,5000000,2e-07,16,0.67,2,1.8,10,10,1,1,1000000,250000,250000,-0.0108438129222004,1.58758047966712e-07,1.49792887593424e-07,-0.170333392987803,6.12134396241429e-07,3.18309886714201e-07,-39.6100327536279,1.15640295037567,2.85786680994783,0.268030718943072,1.09691764311685,0.991172392955257,1.93896758178983e-06,0,0,1,1,nominal_fsw
1091,5000000,2e-07,16,0.13,2,1.8,10,10,1,2,1000000,250000,250000,-2.71433202967853e-05,2.25640366491931e-07,2.38215990294049e-07,-0.00694315866354403,9.34833235980618e-07,9.00316314657189e-07,-46.5548465693603,10.6205317074844,0.25408287658526,0.284553968131621,5.109139938179,0.663120732496426,2.77744004959328e-06,0,0,0,0,nominal_fsw
1092,5000000,2e-07,16,0.67,2,1.8,10,10,1,2,1000000,250000,250000,-2.71433202967853e-05,2.25640366491931e-07,2.38215990294049e-07,-0.00694315866354403,9.34833235980618e-07,9.00316314657189e-07,-46.5548465693603,5.96456038816422,0.409847880940051,0.279679386560993,7.65954923890823,0.646447318112697,2.99533256589534e-06,0,0,0,0,nominal_fsw
1093,5000000,2e-07,16,0.13,2,1.8,10,10,1,1,1000000,500000,500000,-0.0108438129222004,1.58758047966712e-07,1.49792887593424e-07,-0.0432137378264256,3.1515830311229e-07,2.54647908913008e-07,-39.6100327536279,2.51418179319683,2.23361370436677,0.279724596642812,1.08548677331581,0.84926295614131,1.98999304446775e-06,0,0,1,1,nominal_fsw
1094,5000000,2e-07,16,0.67,2,1.8,10,10,1,1,1000000,500000,500000,-0.0108438129222004,1.58758047966712e-07,1.49792887593424e-07,-0.0432137378264256,3.1515830311229e-07,2.54647908913008e-07,-39.6100327536279,3.38355803467839,1.23904694330356,0.265611912253978,1.25435116648132,0.62695534285577,1.94448384802618e-06,0,0,0,0,nominal_fsw
1095,5000000,2e-07,16,0.13,2,1.8,10,10,1,2,1000000,500000,500000,-2.71433202967853e-05,2.25640366491931e-07,2.38215990294049e-07,-0.000434272768624432,4.5461427828784e-07,5.29597832694518e-07,-46.1652669670382,7.04736024048094,1.47996867108713,0.286877419880875,3.01215290532395,0.643882128395422,3.12358575586912e-06,0,0,0,0,nominal_fsw
1096,5000000,2e-07,16,0.67,2,1.8,10,10,1,2,1000000,500000,500000,-2.71433202967853e-05,2.25640366491931e-07,2.38215990294049e-07,-0.000434272768624432,4.5461427828784e-07,5.29597832694518e-07,-46.1652669670382,6.88527500191434,1.52449390453875,0.288835525506374,3.15530875174774,0.668986739698014,2.65194499273057e-06,0,0,0,0,nominal_fsw
1097,5000000,2e-07,16,0.13,2,1.8,10,10,1,1,1000000,1000000,1000000,-0.0108438129222004,1.58758047966712e-07,1.49792887593424e-07,-0.0108438129222004,1.58758047966712e-07,1.49792887593424e-07,-39.6100327536279,2.48817828775381,2.02422998315043,0.265919738244578,1.67403937603314,0.85400758780772,1.93896758178771e-06,0,0,1,1,nominal_fsw
1098,5000000,2e-07,16,0.67,2,1.8,10,10,1,1,1000000,1000000,1000000,-0.0108438129222004,1.58758047966712e-07,1.49792887593424e-07,-0.0108438129222004,1.58758047966712e-07,1.49792887593424e-07,-39.6100327536279,3.95968483769751,1.99640740426738,0.267706221007648,1.29230327535772,0.71902083503469,1.99413024414316e-06,0,0,0,0,nominal_fsw
1099,5000000,2e-07,16,0.13,2,1.8,10,10,1,2,1000000,1000000,1000000,-2.71433202967853e-05,2.25640366491931e-07,2.38215990294049e-07,-2.71433202967853e-05,2.25640366491931e-07,2.38215990294049e-07,-45.9628301543632,5.67517602875536,1.34746549380393,0.285034478390299,2.38095636679849,0.583381364909544,3.03256736298042e-06,0,0,0,0,nominal_fsw
1100,5000000,2e-07,16,0.67,2,1.8,10,10,1,2,1000000,1000000,1000000,-2.71433202967853e-05,2.25640366491931e-07,2.38215990294049e-07,-2.71433202967853e-05,2.25640366491931e-07,2.38215990294049e-07,-45.9628301543632,5.89564415385497,1.05233332802892,0.271664319312048,2.65957612925334,0.618242487117454,2.94568616976969e-06,0,0,0,0,nominal_fsw
1101,5000000,2e-07,16,0.13,2,1.8,10,10,1,1,1000000,2000000,2000000,-0.0108438129222004,1.58758047966712e-07,1.49792887593424e-07,-0.00271349263374914,7.95277666910522e-08,7.83532027490969e-08,-39.6100327536279,3.17570518547251,2.02611469893278,0.277693089660966,1.57272765579466,0.779412656281008,1.92241878308218e-06,0,0,0,0,nominal_fsw
1102,5000000,2e-07,16,0.67,2,1.8,10,10,1,1,1000000,2000000,2000000,-0.0108438129222004,1.58758047966712e-07,1.49792887593424e-07,-0.00271349263374914,7.95277666910522e-08,7.83532027490969e-08,-39.6100327536279,4.09457721791624,1.84769338902275,0.277646196505609,1.78687520194013,0.727621976596048,1.90724905093407e-06,0,0,0,0,nominal_fsw
1103,5000000,2e-07,16,0.13,2,1.8,10,10,1,2,1000000,2000000,2000000,-2.71433202967853e-05,2.25640366491931e-07,2.38215990294049e-07,-1.69646248855021e-06,1.12609832744504e-07,1.14270071863055e-07,-45.8453026638561,5.94453203520373,1.51600563221024,0.295342379062161,2.34870928690162,0.627542766490466,3.10979509028273e-06,0,0,0,0,nominal_fsw
1104,5000000,2e-07,16,0.67,2,1.8,10,10,1,2,1000000,2000000,2000000,-2.71433202967853e-05,2.25640366491931e-07,2.38215990294049e-07,-1.69646248855021e-06,1.12609832744504e-07,1.14270071863055e-07,-45.8453026638561,5.26535356103357,1.4387406498048,0.281821553311132,2.47217247513966,0.642740986775349,2.84639337753514e-06,0,0,0,0,nominal_fsw
1105,5000000,2e-07,16,0.13,2,1.8,10,10,1,1,1500000,250000,250000,-0.00482281539738106,1.05985533688917e-07,1.0323563875415e-07,-0.170333392987803,6.12134396241429e-07,3.18309886714201e-07,-36.6260744096658,0.709895395507587,0.590831281292792,0.25830958792371,1.26183812470331,0.832917398751916,1.85070732201958e-06,0,0,1,1,nominal_fsw
1106,5000000,2e-07,16,0.67,2,1.8,10,10,1,1,1500000,250000,250000,-0.00482281539738106,1.05985533688917e-07,1.0323563875415e-07,-0.170333392987803,6.12134396241429e-07,3.18309886714201e-07,-36.6260744096658,0.618570071030167,0.0982244547531708,0.258560110408291,1.37697068047166,0.807869095987071,1.79278652654699e-06,0,0,1,1,nominal_fsw
1107,5000000,2e-07,16,0.13,2,1.8,10,10,1,2,1500000,250000,250000,-5.36165696188321e-06,1.50219259149706e-07,1.54101944642893e-07,-0.00694315866354403,9.34833235980618e-07,9.00316314657189e-07,-44.4094796630366,10.595321040946,0.767334776705508,0.283677004655112,5.0562055227339,0.735473948101936,2.1154881013257e-06,0,0,0,0,nominal_fsw
1108,5000000,2e-07,16,0.67,2,1.8,10,10,1,2,1500000,250000,250000,-5.36165696188321e-06,1.50219259149706e-07,1.54101944642893e-07,-0.00694315866354403,9.34833235980618e-07,9.00316314657189e-07,-44.4094796630366,8.30138029611962,1.11615732049163,0.287768246137583,4.87670629112443,0.572866257322954,2.24787849098028e-06,0,0,0,0,nominal_fsw
1109,5000000,2e-07,16,0.13,2,1.8,10,10,1,1,1500000,500000,500000,-0.00482281539738106,1.05985533688917e-07,1.0323563875415e-07,-0.0432137378264256,3.1515830311229e-07,2.54647908913008e-07,-36.6260744096658,0.163668049440346,0.125448263229821,0.273746265962706,1.13216359063331,0.919143617337383,1.92379784964044e-06,0,0,1,1,nominal_fsw
1110,5000000,2e-07,16,0.67,2,1.8,10,10,1,1,1500000,500000,500000,-0.00482281539738106,1.05985533688917e-07,1.0323563875415e-07,-0.0432137378264256,3.1515830311229e-07,2.54647908913008e-07,-36.6260744096658,0.862455536819817,0.205565707940147,0.276387554906813,1.07506837123148,0.934458549091592,1.80933532525184e-06,0,0,1,1,nominal_fsw
1111,5000000,2e-07,16,0.13,2,1.8,10,10,1,2,1500000,500000,500000,-5.36165696188321e-06,1.50219259149706e-07,1.54101944642893e-07,-0.000434272768624432,4.5461427828784e-07,5.29597832694518e-07,-44.4094796630366,4.52030364692986,0.152250948167865,0.272571053806356,2.60534856898581,0.743695964170139,2.38992234654547e-06,0,0,0,0,nominal_fsw
1112,5000000,2e-07,16,0.67,2,1.8,10,10,1,2,1500000,500000,500000,-5.36165696188321e-06,1.50219259149706e-07,1.54101944642893e-07,-0.000434272768624432,4.5461427828784e-07,5.29597832694518e-07,-44.4094796630366,5.68509522550067,0.229577301149808,0.27416405968696,2.90979357673099,0.985806158250854,2.13893223282454e-06,0,0,0,0,nominal_fsw
1113,5000000,2e-07,16,0.13,2,1.8,10,10,1,1,1500000,1000000,1000000,-0.00482281539738106,1.05985533688917e-07,1.0323563875415e-07,-0.0108438129222004,1.58758047966712e-07,1.49792887593424e-07,-36.6260744096658,0.826118408601573,0.372633152993251,0.288210627792853,0.921362689909995,0.704690830721433,1.87690958663945e-06,0,0,1,1,nominal_fsw
1114,5000000,2e-07,16,0.67,2,1.8,10,10,1,1,1500000,1000000,1000000,-0.00482281539738106,1.05985533688917e-07,1.0323563875415e-07,-0.0108438129222004,1.58758047966712e-07,1.49792887593424e-07,-36.6260744096658,0.00465815279739878,0.446301330371246,0.261170097360738,0.985483233007902,0.747838488164658,1.88518398599092e-06,0,0,1,1,nominal_fsw
1115,5000000,2e-07,16,0.13,2,1.8,10,10,1,2,1500000,1000000,1000000,-5.36165696188321e-06,1.50219259149706e-07,1.54101944642893e-07,-2.71433202967853e-05,2.25640366491931e-07,2.38215990294049e-07,-44.4094796630366,5.1760244838376,0.0763998348051409,0.269515162357266,2.28705881867524,0.824337895201305,2.37613168095325e-06,0,0,0,0,nominal_fsw
1116,5000000,2e-07,16,0.67,2,1.8,10,10,1,2,1500000,1000000,1000000,-5.36165696188321e-06,1.50219259149706e-07,1.54101944642893e-07,-2.71433202967853e-05,2.25640366491931e-07,2.38215990294049e-07,-44.4094796630366,5.17784202544109,0.0880347757281297,0.273745020312013,2.08755193387092,0.700111386988276,2.24236222474004e-06,0,0,0,0,nominal_fsw
1117,5000000,2e-07,16,0.13,2,1.8,10,10,1,1,1500000,2000000,2000000,-0.00482281539738106,1.05985533688917e-07,1.0323563875415e-07,-0.00271349263374914,7.95277666910522e-08,7.83532027490969e-08,-36.6260744096658,0.268675686840925,0.0604335258882926,0.275951622466786,0.946924909330184,0.92304893133316,1.76106799569414e-06,0,0,1,1,nominal_fsw
1118,5000000,2e-07,16,0.67,2,1.8,10,10,1,1,1500000,2000000,2000000,-0.00482281539738106,1.05985533688917e-07,1.0323563875415e-07,-0.00271349263374914,7.95277666910522e-08,7.83532027490969e-08,-36.6260744096658,0.964312777028109,0.67779102124581,0.280877574013328,1.03213336805003,0.807445773673811,1.90449091781727e-06,0,0,1,1,nominal_fsw
1119,5000000,2e-07,16,0.13,2,1.8,10,10,1,2,1500000,2000000,2000000,-5.36165696188321e-06,1.50219259149706e-07,1.54101944642893e-07,-1.69646248855021e-06,1.12609832744504e-07,1.14270071863055e-07,-44.4094796630366,4.70834528108544,0.110989277264439,0.272234764675629,2.03321412322433,0.71933777142895,2.35130848289344e-06,0,0,0,0,nominal_fsw
1120,5000000,2e-07,16,0.67,2,1.8,10,10,1,2,1500000,2000000,2000000,-5.36165696188321e-06,1.50219259149706e-07,1.54101944642893e-07,-1.69646248855021e-06,1.12609832744504e-07,1.14270071863055e-07,-44.4094796630366,5.16293062258535,0.836731179604788,0.278198732939713,1.80515038293853,0.845725460172984,2.381647947192e-06,0,0,0,0,nominal_fsw
1121,5000000,2e-07,16,0.13,2,1.8,10,10,1,1,2000000,250000,250000,-0.00271349263374914,7.95277666910522e-08,7.83532027490969e-08,-0.170333392987803,6.12134396241429e-07,3.18309886714201e-07,-34.6742147465776,1.83535187614532,0.690079252806952,0.264776828771944,1.44197812261368,0.857735089152986,1.86863518728543e-06,0,0,1,1,nominal_fsw
1122,5000000,2e-07,16,0.67,2,1.8,10,10,1,1,2000000,250000,250000,-0.00271349263374914,7.95277666910522e-08,7.83532027490969e-08,-0.170333392987803,6.12134396241429e-07,3.18309886714201e-07,-34.6742147465776,1.98124763204408,0.510937378227094,0.271892245759821,1.45178378036575,0.837385884881876,1.83553758987265e-06,0,0,1,1,nominal_fsw
1123,5000000,2e-07,16,0.13,2,1.8,10,10,1,2,2000000,250000,250000,-1.69646248855021e-06,1.12609832744504e-07,1.14270071863055e-07,-0.00694315866354403,9.34833235980618e-07,9.00316314657189e-07,-40.0008198212914,3.13599911511488,1.45325292373283,0.268897704079649,1.99144414297125,1.0931923527957,1.63281480571808e-06,0,0,0,0,nominal_fsw
1124,5000000,2e-07,16,0.67,2,1.8,10,10,1,2,2000000,250000,250000,-1.69646248855021e-06,1.12609832744504e-07,1.14270071863055e-07,-0.00694315866354403,9.34833235980618e-07,9.00316314657189e-07,-40.0008198212914,4.52191598074827,1.30358286035755,0.267563551918125,1.8762791601589,0.791229002346052,1.93758851522655e-06,0,0,0,0,nominal_fsw
1125,5000000,2e-07,16,0.13,2,1.8,10,10,1,1,2000000,500000,500000,-0.00271349263374914,7.95277666910522e-08,7.83532027490969e-08,-0.0432137378264256,3.1515830311229e-07,2.54647908913008e-07,-34.6742147465776,0.242754689493974,0.898327104624097,0.27100263214812,0.942578304317711,0.860173874994834,1.81898879116791e-06,0,0,1,1,nominal_fsw
1126,5000000,2e-07,16,0.67,2,1.8,10,10,1,1,2000000,500000,500000,-0.00271349263374914,7.95277666910522e-08,7.83532027490969e-08,-0.0432137378264256,3.1515830311229e-07,2.54647908913008e-07,-34.6742147465776,0.647579766763218,1.0461971213428,0.28155236952608,0.974393634728957,0.726572624869635,1.8024399924585e-06,0,0,1,1,nominal_fsw
1127,5000000,2e-07,16,0.13,2,1.8,10,10,1,2,2000000,500000,500000,-1.69646248855021e-06,1.12609832744504e-07,1.14270071863055e-07,-0.000434272768624432,4.5461427828784e-07,5.29597832694518e-07,-40.0008198212914,0.505439035017563,0.00557507501761645,0.263516764422321,1.04374125066428,0.538659640934821,1.85346545513838e-06,0,0,1,1,nominal_fsw
1128,5000000,2e-07,16,0.67,2,1.8,10,10,1,2,2000000,500000,500000,-1.69646248855021e-06,1.12609832744504e-07,1.14270071863055e-07,-0.000434272768624432,4.5461427828784e-07,5.29597832694518e-07,-40.0008198212914,0.677833551580553,0.211019676129454,0.275584655315347,1.10052051606793,0.855363533449996,1.7665842619266e-06,0,0,1,1,nominal_fsw
1129,5000000,2e-07,16,0.13,2,1.8,10,10,1,1,2000000,1000000,1000000,-0.00271349263374914,7.95277666910522e-08,7.83532027490969e-08,-0.0108438129222004,1.58758047966712e-07,1.49792887593424e-07,-34.6742147465776,0.618280355209089,1.07611769060547,0.277459392372929,0.949635304048099,0.884905727058957,1.80933532525398e-06,0,0,1,1,nominal_fsw
1130,5000000,2e-07,16,0.67,2,1.8,10,10,1,1,2000000,1000000,1000000,-0.00271349263374914,7.95277666910522e-08,7.83532027490969e-08,-0.0108438129222004,1.58758047966712e-07,1.49792887593424e-07,-34.6742147465776,0.342664878084276,0.861645449665072,0.281443225859934,0.973060381576511,1.04758487014751,1.83691665643167e-06,0,0,1,1,nominal_fsw
1131,5000000,2e-07,16,0.13,2,1.8,10,10,1,2,2000000,1000000,1000000,-1.69646248855021e-06,1.12609832744504e-07,1.14270071863055e-07,-2.71433202967853e-05,2.25640366491931e-07,2.38215990294049e-07,-40.0008198212914,0.978560150136121,0.0882402489253753,0.28857090831387,1.04790209873135,0.836052246295634,1.75279359634093e-06,0,0,1,1,nominal_fsw
1132,5000000,2e-07,16,0.67,2,1.8,10,10,1,2,2000000,1000000,1000000,-1.69646248855021e-06,1.12609832744504e-07,1.14270071863055e-07,-2.71433202967853e-05,2.25640366491931e-07,2.38215990294049e-07,-40.0008198212914,0.106945026492788,0.132750064455756,0.276091592487556,1.02870628746609,0.896554405750049,1.73486573107324e-06,0,0,1,1,nominal_fsw
1133,5000000,2e-07,16,0.13,2,1.8,10,10,1,1,2000000,2000000,2000000,-0.00271349263374914,7.95277666910522e-08,7.83532027490969e-08,-0.00271349263374914,7.95277666910522e-08,7.83532027490969e-08,-34.6742147465776,0.716160093009588,0.449733000070474,0.276638437792695,0.907363420466043,0.984507665104167,1.81071439181324e-06,0,0,1,1,nominal_fsw
1134,5000000,2e-07,16,0.67,2,1.8,10,10,1,1,2000000,2000000,2000000,-0.00271349263374914,7.95277666910522e-08,7.83532027490969e-08,-0.00271349263374914,7.95277666910522e-08,7.83532027490969e-08,-34.6742147465776,0.41664543368789,0.322990984018179,0.267691740938109,1.05549651654506,0.823167927018417,1.6466054713049e-06,0,0,1,1,nominal_fsw
1135,5000000,2e-07,16,0.13,2,1.8,10,10,1,2,2000000,2000000,2000000,-1.69646248855021e-06,1.12609832744504e-07,1.14270071863055e-07,-1.69646248855021e-06,1.12609832744504e-07,1.14270071863055e-07,-40.0008198212914,0.623528357336955,0.282128161888229,0.272012463188358,1.02850134719192,0.917775485510691,1.76520519537045e-06,0,0,1,1,nominal_fsw
1136,5000000,2e-07,16,0.67,2,1.8,10,10,1,2,2000000,2000000,2000000,-1.69646248855021e-06,1.12609832744504e-07,1.14270071863055e-07,-1.69646248855021e-06,1.12609832744504e-07,1.14270071863055e-07,-40.0008198212914,0.32458882957741,0.94717830932679,0.267334439354165,0.996933284635619,0.903349567246522,1.81485159149029e-06,0,0,1,1,nominal_fsw
1137,5000000,2e-07,16,0.13,2,1.8,10,10,1,1,3000000,250000,250000,-0.00120620603998196,5.30369152206258e-08,5.26857742637191e-08,-0.170333392987803,6.12134396241429e-07,3.18309886714201e-07,-32.2982223332749,1.22789199899509,1.14791450945986,0.271042363591611,1.10082600755758,0.802416100914551,1.73486573107313e-06,0,0,1,1,nominal_fsw
1138,5000000,2e-07,16,0.67,2,1.8,10,10,1,1,3000000,250000,250000,-0.00120620603998196,5.30369152206258e-08,5.26857742637191e-08,-0.170333392987803,6.12134396241429e-07,3.18309886714201e-07,-32.2982223332749,1.63982801150178,0.971775600730629,0.278713428291422,1.35386355579009,0.984035075121952,1.76244706225193e-06,0,0,1,1,nominal_fsw
1139,5000000,2e-07,16,0.13,2,1.8,10,10,1,2,3000000,250000,250000,-3.35103753839414e-07,7.50471945447958e-08,7.55437329481472e-08,-0.00694315866354403,9.34833235980618e-07,9.00316314657189e-07,-34.6743875676642,3.26918807287004,0.301057068861965,0.278789163404566,2.07863359516657,1.01648915413444,1.83691665643236e-06,0,0,0,0,nominal_fsw
1140,5000000,2e-07,16,0.67,2,1.8,10,10,1,2,3000000,250000,250000,-3.35103753839414e-07,7.50471945447958e-08,7.55437329481472e-08,-0.00694315866354403,9.34833235980618e-07,9.00316314657189e-07,-34.6743875676642,2.62832888024687,0.211435228380541,0.276065880123196,2.65950518709878,0.706618018761976,1.85070732202016e-06,0,0,1,1,nominal_fsw
1141,5000000,2e-07,16,0.13,2,1.8,10,10,1,1,3000000,500000,500000,-0.00120620603998196,5.30369152206258e-08,5.26857742637191e-08,-0.0432137378264256,3.1515830311229e-07,2.54647908913008e-07,-32.2982223332749,1.1170330512478,1.79449161571203,0.270651506425789,1.01146296251386,0.639168772614475,1.86449798761051e-06,0,0,1,1,nominal_fsw
1142,5000000,2e-07,16,0.67,2,1.8,10,10,1,1,3000000,500000,500000,-0.00120620603998196,5.30369152206258e-08,5.26857742637191e-08,-0.0432137378264256,3.1515830311229e-07,2.54647908913008e-07,-32.2982223332749,0.248444861982156,1.6111372886066,0.273584496483756,0.956096816569983,0.587067645170926,1.82726319052009e-06,0,0,1,1,nominal_fsw
1143,5000000,2e-07,16,0.13,2,1.8,10,10,1,2,3000000,500000,500000,-3.35103753839414e-07,7.50471945447958e-08,7.55437329481472e-08,-0.000434272768624432,4.5461427828784e-07,5.29597832694518e-07,-34.6743875676642,1.20272182299688,0.958246671980434,0.267728360014054,1.03233965604926,0.871884661477176,1.79278652654542e-06,0,0,1,1,nominal_fsw
1144,5000000,2e-07,16,0.67,2,1.8,10,10,1,2,3000000,500000,500000,-3.35103753839414e-07,7.50471945447958e-08,7.55437329481472e-08,-0.000434272768624432,4.5461427828784e-07,5.29597832694518e-07,-34.6743875676642,0.197681057576293,1.10656567620673,0.27877959090236,0.934244207046634,0.917657801403841,1.70728439989525e-06,0,0,1,1,nominal_fsw
1145,5000000,2e-07,16,0.13,2,1.8,10,10,1,1,3000000,1000000,1000000,-0.00120620603998196,5.30369152206258e-08,5.26857742637191e-08,-0.0108438129222004,1.58758047966712e-07,1.49792887593424e-07,-32.2982223332749,0.161992882600925,1.45716219617653,0.27248495728118,1.03434676869928,0.867751634489064,1.82450505740056e-06,0,0,1,1,nominal_fsw
1146,5000000,2e-07,16,0.67,2,1.8,10,10,1,1,3000000,1000000,1000000,-0.00120620603998196,5.30369152206258e-08,5.26857742637191e-08,-0.0108438129222004,1.58758047966712e-07,1.49792887593424e-07,-32.2982223332749,0.23783234211906,1.56950600160692,0.269136771116432,0.847419863846531,0.723073739711879,1.77210052816435e-06,0,0,1,1,nominal_fsw
1147,5000000,2e-07,16,0.13,2,1.8,10,10,1,2,3000000,1000000,1000000,-3.35103753839414e-07,7.50471945447958e-08,7.55437329481472e-08,-2.71433202967853e-05,2.25640366491931e-07,2.38215990294049e-07,-34.6743875676642,1.4854200580189,0.645334205551884,0.265876031118901,0.857826255801437,0.669354298899259,1.79554465966458e-06,0,0,1,1,nominal_fsw
1148,5000000,2e-07,16,0.67,2,1.8,10,10,1,2,3000000,1000000,1000000,-3.35103753839414e-07,7.50471945447958e-08,7.55437329481472e-08,-2.71433202967853e-05,2.25640366491931e-07,2.38215990294049e-07,-34.6743875676642,0.23059936664469,1.05163166249294,0.276476094523875,0.88063177793243,0.887887684946684,1.71831693236982e-06,0,0,1,1,nominal_fsw
1149,5000000,2e-07,16,0.13,2,1.8,10,10,1,1,3000000,2000000,2000000,-0.00120620603998196,5.30369152206258e-08,5.26857742637191e-08,-0.00271349263374914,7.95277666910522e-08,7.83532027490969e-08,-32.2982223332749,0.287477156398341,1.7419740051497,0.274297615410167,0.999827450880693,0.817347836494941,1.83140039019639e-06,0,0,1,1,nominal_fsw
1150,5000000,2e-07,16,0.67,2,1.8,10,10,1,1,3000000,2000000,2000000,-0.00120620603998196,5.30369152206258e-08,5.26857742637191e-08,-0.00271349263374914,7.95277666910522e-08,7.83532027490969e-08,-32.2982223332749,0.386024272064056,1.42637294790471,0.260478846105741,1.06771953383922,0.818212571931575,1.76658426192777e-06,0,0,1,1,nominal_fsw
1151,5000000,2e-07,16,0.13,2,1.8,10,10,1,2,3000000,2000000,2000000,-3.35103753839414e-07,7.50471945447958e-08,7.55437329481472e-08,-1.69646248855021e-06,1.12609832744504e-07,1.14270071863055e-07,-34.6743875676642,0.640269059561327,0.592653901148177,0.276198345251179,1.01916737343786,0.961854700927107,1.64936360442444e-06,0,0,1,1,nominal_fsw
1152,5000000,2e-07,16,0.67,2,1.8,10,10,1,2,3000000,2000000,2000000,-3.35103753839414e-07,7.50471945447958e-08,7.55437329481472e-08,-1.69646248855021e-06,1.12609832744504e-07,1.14270071863055e-07,-34.6743875676642,0.340307918456462,0.890138611499913,0.266706826665111,1.06256337846497,0.752632582994254,1.7927865265466e-06,0,0,1,1,nominal_fsw
1153,10000000,1e-07,14,0.13,2,2,20,20,1,1,250000,250000,250000,-0.170333392987803,6.12134396241429e-07,3.18309886714201e-07,-0.170333392987803,6.12134396241429e-07,3.18309886714201e-07,-50.0474765024527,16.6115029408329,46.4331536390826,1.00412776667813,90.6348479905148,0.570123825313557,9.44690145445697e-06,0,0,0,0,nominal_fsw
1154,10000000,1e-07,14,0.67,2,2,20,20,1,1,250000,250000,250000,-0.170333392987803,6.12134396241429e-07,3.18309886714201e-07,-0.170333392987803,6.12134396241429e-07,3.18309886714201e-07,-50.0474765024527,16.4558279995511,46.6124719513563,0.987779262348062,91.0449691169717,0.600601361981839,9.54167379868799e-06,0,0,0,0,nominal_fsw
1155,10000000,1e-07,14,0.13,2,2,20,20,1,2,250000,250000,250000,-0.00694315866354403,9.34833235980618e-07,9.00316314657189e-07,-0.00694315866354403,9.34833235980618e-07,9.00316314657189e-07,-50.3825906078242,7.32310487322974,97.2666312119996,31.8293597635237,461.139748012723,0.426535215125108,1.7176696992192e-05,0,0,0,0,nominal_fsw
1156,10000000,1e-07,14,0.67,2,2,20,20,1,2,250000,250000,250000,-0.00694315866354403,9.34833235980618e-07,9.00316314657189e-07,-0.00694315866354403,9.34833235980618e-07,9.00316314657189e-07,-50.3825906078242,7.70579987303843,97.1520999081519,32.1410896329946,466.959069393727,0.481490944881264,1.77840745343775e-05,0,0,0,0,nominal_fsw
1157,10000000,1e-07,14,0.13,2,2,20,20,1,1,250000,500000,500000,-0.170333392987803,6.12134396241429e-07,3.18309886714201e-07,-0.0432137378264256,3.1515830311229e-07,2.54647908913008e-07,-49.830228978904,15.3239516229697,46.4622566802633,1.02629289945137,98.9338681505987,0.768971729350261,9.2518602327489e-06,0,0,0,0,nominal_fsw
1158,10000000,1e-07,14,0.67,2,2,20,20,1,1,250000,500000,500000,-0.170333392987803,6.12134396241429e-07,3.18309886714201e-07,-0.0432137378264256,3.1515830311229e-07,2.54647908913008e-07,-49.830228978904,15.2943923648105,46.6882020791753,1.06700953574135,99.6308068505686,0.705734619831265,9.35134819250931e-06,0,0,0,0,nominal_fsw
1159,10000000,1e-07,14,0.13,2,2,20,20,1,2,250000,500000,500000,-0.00694315866354403,9.34833235980618e-07,9.00316314657189e-07,-0.000434272768624432,4.5461427828784e-07,5.29597832694518e-07,-49.9930866940831,6.55792862828077,96.1201752614622,32.9301267291061,482.368262877203,0.385925738813944,1.68681200342933e-05,0,0,0,0,nominal_fsw
1160,10000000,1e-07,14,0.67,2,2,20,20,1,2,250000,500000,500000,-0.00694315866354403,9.34833235980618e-07,9.00316314657189e-07,-0.000434272768624432,4.5461427828784e-07,5.29597832694518e-07,-49.9930866940831,5.98251755269575,96.4445497946038,32.6100225440678,476.049530174487,0.484572969311524,1.68653844288661e-05,0,0,0,0,nominal_fsw
1161,10000000,1e-07,14,0.13,2,2,20,20,1,1,250000,1000000,1000000,-0.170333392987803,6.12134396241429e-07,3.18309886714201e-07,-0.0108438129222004,1.58758047966712e-07,1.49792887593424e-07,-49.7041890257075,14.4840375581656,46.2691049948889,1.037497877759,100.818335354291,0.635322217572987,8.87186373235304e-06,0,0,0,0,nominal_fsw
1162,10000000,1e-07,14,0.67,2,2,20,20,1,1,250000,1000000,1000000,-0.170333392987803,6.12134396241429e-07,3.18309886714201e-07,-0.0108438129222004,1.58758047966712e-07,1.49792887593424e-07,-49.7041890257075,14.7555752657758,45.767495729973,1.05146514438318,101.87137204863,0.59796446362309,9.21673491678189e-06,0,0,0,0,nominal_fsw
1163,10000000,1e-07,14,0.13,2,2,20,20,1,2,250000,1000000,1000000,-0.00694315866354403,9.34833235980618e-07,9.00316314657189e-07,-2.71433202967853e-05,2.25640366491931e-07,2.38215990294049e-07,-49.7917173371701,5.7913214220681,96.6441619823137,33.5869163896259,484.931685597465,0.409640430524256,1.73923281440444e-05,0,0,0,0,nominal_fsw
1164,10000000,1e-07,14,0.67,2,2,20,20,1,2,250000,1000000,1000000,-0.00694315866354403,9.34833235980618e-07,9.00316314657189e-07,-2.71433202967853e-05,2.25640366491931e-07,2.38215990294049e-07,-49.7917173371701,5.49818364337419,96.4309218053515,33.9172112712281,492.173601343963,0.412700720574618,1.69598706258291e-05,0,0,0,0,nominal_fsw
1165,10000000,1e-07,14,0.13,2,2,20,20,1,1,250000,2000000,2000000,-0.170333392987803,6.12134396241429e-07,3.18309886714201e-07,-0.00271349263374914,7.95277666910522e-08,7.83532027490969e-08,-49.6323787485809,15.0538287871535,46.0680958591803,1.15332320066,105.056672332497,0.567540777293834,9.41922175049606e-06,0,0,0,0,nominal_fsw
1166,10000000,1e-07,14,0.67,2,2,20,20,1,1,250000,2000000,2000000,-0.170333392987803,6.12134396241429e-07,3.18309886714201e-07,-0.00271349263374914,7.95277666910522e-08,7.83532027490969e-08,-49.6323787485809,14.6914285747677,45.6905196581563,1.20729257814713,106.241059879916,0.581262461078847,9.32977217872223e-06,0,0,0,0,nominal_fsw
1167,10000000,1e-07,14,0.13,2,2,20,20,1,2,250000,2000000,2000000,-0.00694315866354403,9.34833235980618e-07,9.00316314657189e-07,-1.69646248855021e-06,1.12609832744504e-07,1.14270071863055e-07,-49.688770997336,5.36945762712381,96.1538134943514,34.1129006954347,491.187681724803,0.437430603093425,1.74019786020287e-05,0,0,0,0,nominal_fsw
1168,10000000,1e-07,14,0.67,2,2,20,20,1,2,250000,2000000,2000000,-0.00694315866354403,9.34833235980618e-07,9.00316314657189e-07,-1.69646248855021e-06,1.12609832744504e-07,1.14270071863055e-07,-49.688770997336,4.91258791881366,96.8492310340058,34.2025224781007,496.76356872291,0.476114140399279,1.76462775868002e-05,0,0,0,0,nominal_fsw
1169,10000000,1e-07,14,0.13,2,2,20,20,1,1,500000,250000,250000,-0.0432137378264256,3.1515830311229e-07,2.54647908913008e-07,-0.170333392987803,6.12134396241429e-07,3.18309886714201e-07,-50.0474765024527,6.75244903125642,16.5139287049455,0.642650649793608,19.6122233437212,0.729772974698376,5.82989593184947e-06,0,0,0,0,nominal_fsw
1170,10000000,1e-07,14,0.67,2,2,20,20,1,1,500000,250000,250000,-0.0432137378264256,3.1515830311229e-07,2.54647908913008e-07,-0.170333392987803,6.12134396241429e-07,3.18309886714201e-07,-50.0474765024527,7.75564245979632,16.4228373908245,0.638758784055716,19.691981309465,0.757433319833414,5.91536851640469e-06,0,0,0,0,nominal_fsw
1171,10000000,1e-07,14,0.13,2,2,20,20,1,2,500000,250000,250000,-0.000434272768624432,4.5461427828784e-07,5.29597832694518e-07,-0.00694315866354403,9.34833235980618e-07,9.00316314657189e-07,-50.3825906078242,9.43265205139109,30.1350344930302,0.705992130734287,136.318514116884,0.681048599545258,3.38953850027825e-05,0,0,0,0,nominal_fsw
1172,10000000,1e-07,14,0.67,2,2,20,20,1,2,500000,250000,250000,-0.000434272768624432,4.5461427828784e-07,5.29597832694518e-07,-0.00694315866354403,9.34833235980618e-07,9.00316314657189e-07,-50.3825906078242,10.9589750031791,30.549138035514,0.686046326216813,131.278633211286,0.614689895431497,3.42517110232811e-05,0,0,0,0,nominal_fsw
1173,10000000,1e-07,14,0.13,2,2,20,20,1,1,500000,500000,500000,-0.0432137378264256,3.1515830311229e-07,2.54647908913008e-07,-0.0432137378264256,3.1515830311229e-07,2.54647908913008e-07,-49.830228978904,4.19381397423572,16.2916342696482,0.643015556981162,24.9987318754385,0.954420636599415,5.71298761892724e-06,0,0,0,0,nominal_fsw
1174,10000000,1e-07,14,0.67,2,2,20,20,1,1,500000,500000,500000,-0.0432137378264256,3.1515830311229e-07,2.54647908913008e-07,-0.0432137378264256,3.1515830311229e-07,2.54647908913008e-07,-49.830228978904,4.97446683807129,16.1004995411288,0.628441126415137,24.5180449654373,0.660951324251851,5.63027896488162e-06,0,0,0,0,nominal_fsw
1175,10000000,1e-07,14,0.13,2,2,20,20,1,2,500000,500000,500000,-0.000434272768624432,4.5461427828784e-07,5.29597832694518e-07,-0.000434272768624432,4.5461427828784e-07,5.29597832694518e-07,-49.9930866940831,8.60984561364311,29.5311868231487,0.682846123533003,152.294203327535,0.618286795564092,3.39192736023376e-05,0,0,0,0,nominal_fsw
1176,10000000,1e-07,14,0.67,2,2,20,20,1,2,500000,500000,500000,-0.000434272768624432,4.5461427828784e-07,5.29597832694518e-07,-0.000434272768624432,4.5461427828784e-07,5.29597832694518e-07,-49.9930866940831,8.32267072184564,29.433144754459,0.681416179964669,151.092190090413,0.6304506554744,3.33972451950788e-05,0,0,0,0,nominal_fsw
1177,10000000,1e-07,14,0.13,2,2,20,20,1,1,500000,1000000,1000000,-0.0432137378264256,3.1515830311229e-07,2.54647908913008e-07,-0.0108438129222004,1.58758047966712e-07,1.49792887593424e-07,-49.7041890257075,3.73109153170934,16.0193911200609,0.630868840137578,26.8362083786368,0.808858815376464,5.86741461667366e-06,0,0,0,0,nominal_fsw
1178,10000000,1e-07,14,0.67,2,2,20,20,1,1,500000,1000000,1000000,-0.0432137378264256,3.1515830311229e-07,2.54647908913008e-07,-0.0108438129222004,1.58758047966712e-07,1.49792887593424e-07,-49.7041890257075,4.41029467751725,15.7423244170186,0.629468744616803,26.8035033671153,0.754186497324936,5.68113127404559e-06,0,0,0,0,nominal_fsw
1179,10000000,1e-07,14,0.13,2,2,20,20,1,2,500000,1000000,1000000,-0.000434272768624432,4.5461427828784e-07,5.29597832694518e-07,-2.71433202967853e-05,2.25640366491931e-07,2.38215990294049e-07,-49.7917173371701,8.19967252579383,29.1440584244976,0.68533426301496,155.709187473126,0.73781910501462,3.51107419591169e-05,0,0,0,0,nominal_fsw
1180,10000000,1e-07,14,0.67,2,2,20,20,1,2,500000,1000000,1000000,-0.000434272768624432,4.5461427828784e-07,5.29597832694518e-07,-2.71433202967853e-05,2.25640366491931e-07,2.38215990294049e-07,-49.7917173371701,9.01807267246898,29.6317702928168,0.689152640538589,156.482867185421,0.596088793772063,3.31323213307241e-05,0,0,0,0,nominal_fsw
1181,10000000,1e-07,14,0.13,2,2,20,20,1,1,500000,2000000,2000000,-0.0432137378264256,3.1515830311229e-07,2.54647908913008e-07,-0.00271349263374914,7.95277666910522e-08,7.83532027490969e-08,-49.6323787485809,3.59302578892702,16.2231210004344,0.646512397502891,27.4598592070396,0.655030094203158,5.74375601524428e-06,0,0,0,0,nominal_fsw
1182,10000000,1e-07,14,0.67,2,2,20,20,1,1,500000,2000000,2000000,-0.0432137378264256,3.1515830311229e-07,2.54647908913008e-07,-0.00271349263374914,7.95277666910522e-08,7.83532027490969e-08,-49.6323787485809,2.92440248879325,15.5906236293435,0.645143563841315,26.9031603192466,0.858043937691412,5.67354354336606e-06,0,0,0,0,nominal_fsw
1183,10000000,1e-07,14,0.13,2,2,20,20,1,2,500000,2000000,2000000,-0.000434272768624432,4.5461427828784e-07,5.29597832694518e-07,-1.69646248855021e-06,1.12609832744504e-07,1.14270071863055e-07,-49.688770997336,7.86181740044865,29.5364458309702,0.683828166335844,156.852774503513,0.591628782858464,3.32596435542967e-05,0,0,0,0,nominal_fsw
1184,10000000,1e-07,14,0.67,2,2,20,20,1,2,500000,2000000,2000000,-0.000434272768624432,4.5461427828784e-07,5.29597832694518e-07,-1.69646248855021e-06,1.12609832744504e-07,1.14270071863055e-07,-49.688770997336,8.70736961537594,29.3980356152071,0.688808699631415,155.951455329142,0.592872407640161,3.31974776138471e-05,0,0,0,0,nominal_fsw
1185,10000000,1e-07,14,0.13,2,2,20,20,1,1,1000000,250000,250000,-0.0108438129222004,1.58758047966712e-07,1.49792887593424e-07,-0.170333392987803,6.12134396241429e-07,3.18309886714201e-07,-46.1861840298957,3.49868512579237,2.82202034798336,0.617928105346885,1.0910320138605,0.932175186846803,3.09016734716521e-06,0,0,0,0,nominal_fsw
1186,10000000,1e-07,14,0.67,2,2,20,20,1,1,1000000,250000,250000,-0.0108438129222004,1.58758047966712e-07,1.49792887593424e-07,-0.170333392987803,6.12134396241429e-07,3.18309886714201e-07,-46.1861840298957,2.45653426605799,2.07245750454388,0.618033494409217,1.00832832251385,1.03549360113005,2.99160396139292e-06,0,0,1,1,nominal_fsw
1187,10000000,1e-07,14,0.13,2,2,20,20,1,2,1000000,250000,250000,-2.71433202967853e-05,2.25640366491931e-07,2.38215990294049e-07,-0.00694315866354403,9.34833235980618e-07,9.00316314657189e-07,-50.3825906078242,3.2817735350398,0.356865506556781,0.638815164188136,2.18996167571625,0.78510771510664,3.61554305228532e-06,0,0,0,0,nominal_fsw
1188,10000000,1e-07,14,0.67,2,2,20,20,1,2,1000000,250000,250000,-2.71433202967853e-05,2.25640366491931e-07,2.38215990294049e-07,-0.00694315866354403,9.34833235980618e-07,9.00316314657189e-07,-50.3825906078242,2.62968333492379,1.12147236123328,0.632486265732775,2.3260867017145,0.95082877473858,3.42359805631992e-06,0,0,1,1,nominal_fsw
1189,10000000,1e-07,14,0.13,2,2,20,20,1,1,1000000,500000,500000,-0.0108438129222004,1.58758047966712e-07,1.49792887593424e-07,-0.0432137378264256,3.1515830311229e-07,2.54647908913008e-07,-46.1861840298957,3.49983914153997,2.17107083167379,0.624161120831064,1.32771459921438,0.793460732784602,3.15089916172176e-06,0,0,0,0,nominal_fsw
1190,10000000,1e-07,14,0.67,2,2,20,20,1,1,1000000,500000,500000,-0.0108438129222004,1.58758047966712e-07,1.49792887593424e-07,-0.0432137378264256,3.1515830311229e-07,2.54647908913008e-07,-46.1861840298957,4.13478834674074,2.14722478139862,0.628337335516754,1.37158622204807,0.691167959248838,3.08827685751104e-06,0,0,0,0,nominal_fsw
1191,10000000,1e-07,14,0.13,2,2,20,20,1,2,1000000,500000,500000,-2.71433202967853e-05,2.25640366491931e-07,2.38215990294049e-07,-0.000434272768624432,4.5461427828784e-07,5.29597832694518e-07,-49.9930866940831,0.548657814611042,1.12272217270257,0.642890598224638,2.34422440912895,0.614433057203535,3.52922668649652e-06,0,0,1,1,nominal_fsw
1192,10000000,1e-07,14,0.67,2,2,20,20,1,2,1000000,500000,500000,-2.71433202967853e-05,2.25640366491931e-07,2.38215990294049e-07,-0.000434272768624432,4.5461427828784e-07,5.29597832694518e-07,-49.9930866940831,0.0902936750675432,0.42985689762014,0.630664820810123,2.06508736374341,0.84661416792112,3.54389131461654e-06,0,0,1,1,nominal_fsw
1193,10000000,1e-07,14,0.13,2,2,20,20,1,1,1000000,1000000,1000000,-0.0108438129222004,1.58758047966712e-07,1.49792887593424e-07,-0.0108438129222004,1.58758047966712e-07,1.49792887593424e-07,-46.1861840298957,3.61915411261763,2.36790653218173,0.62812651677783,1.5169650808102,0.806172696148054,3.05145936138752e-06,0,0,0,0,nominal_fsw
1194,10000000,1e-07,14,0.67,2,2,20,20,1,1,1000000,1000000,1000000,-0.0108438129222004,1.58758047966712e-07,1.49792887593424e-07,-0.0108438129222004,1.58758047966712e-07,1.49792887593424e-07,-46.1861840298957,3.356741822923,1.88663855807231,0.617162557796977,1.37783285998479,0.934708305322344,3.08908920939381e-06,0,0,0,0,nominal_fsw
1195,10000000,1e-07,14,0.13,2,2,20,20,1,2,1000000,1000000,1000000,-2.71433202967853e-05,2.25640366491931e-07,2.38215990294049e-07,-2.71433202967853e-05,2.25640366491931e-07,2.38215990294049e-07,-49.7917173371701,1.26069309524082,0.0950155471606706,0.624711479233785,2.19741357366856,0.807381963241577,3.61108081047483e-06,0,0,1,1,nominal_fsw
1196,10000000,1e-07,14,0.67,2,2,20,20,1,2,1000000,1000000,1000000,-2.71433202967853e-05,2.25640366491931e-07,2.38215990294049e-07,-2.71433202967853e-05,2.25640366491931e-07,2.38215990294049e-07,-49.7917173371701,1.03979457566519,0.864776732152639,0.646452862045129,2.28543381750003,0.649469649971312,3.59307596818964e-06,0,0,1,1,nominal_fsw
1197,10000000,1e-07,14,0.13,2,2,20,20,1,1,1000000,2000000,2000000,-0.0108438129222004,1.58758047966712e-07,1.49792887593424e-07,-0.00271349263374914,7.95277666910522e-08,7.83532027490969e-08,-46.1861840298957,2.9819084842835,1.99636849495156,0.629983989914539,1.65502932316884,0.68058588698022,3.02871487221789e-06,0,0,1,1,nominal_fsw
1198,10000000,1e-07,14,0.67,2,2,20,20,1,1,1000000,2000000,2000000,-0.0108438129222004,1.58758047966712e-07,1.49792887593424e-07,-0.00271349263374914,7.95277666910522e-08,7.83532027490969e-08,-46.1861840298957,3.38342221572212,2.22879137464259,0.626803440681409,1.50931170707558,0.848605817071233,3.05230140191551e-06,0,0,0,0,nominal_fsw
1199,10000000,1e-07,14,0.13,2,2,20,20,1,2,1000000,2000000,2000000,-2.71433202967853e-05,2.25640366491931e-07,2.38215990294049e-07,-1.69646248855021e-06,1.12609832744504e-07,1.14270071863055e-07,-49.688770997336,0.0749127801194849,0.696489611387729,0.619791710141029,2.01614808873605,0.688088291694201,3.54354792725517e-06,0,0,1,1,nominal_fsw
1200,10000000,1e-07,14,0.67,2,2,20,20,1,2,1000000,2000000,2000000,-2.71433202967853e-05,2.25640366491931e-07,2.38215990294049e-07,-1.69646248855021e-06,1.12609832744504e-07,1.14270071863055e-07,-49.688770997336,0.00620194913045768,0.402112066932991,0.63316662348541,2.31062793867479,0.745623457364174,3.53595484391144e-06,0,0,1,1,nominal_fsw
1201,10000000,1e-07,14,0.13,2,2,20,20,1,1,1500000,250000,250000,-0.00482281539738106,1.05985533688917e-07,1.0323563875415e-07,-0.170333392987803,6.12134396241429e-07,3.18309886714201e-07,-43.1023523876323,1.26808179167002,0.62730942813628,0.611370014533536,1.0673006365536,0.768262501909502,2.9853087553019e-06,0,0,1,1,nominal_fsw
1202,10000000,1e-07,14,0.67,2,2,20,20,1,1,1500000,250000,250000,-0.00482281539738106,1.05985533688917e-07,1.0323563875415e-07,-0.170333392987803,6.12134396241429e-07,3.18309886714201e-07,-43.1023523876323,0.676623223938777,0.413746369194556,0.622430181334593,1.15370590922255,0.852961955834262,3.04120543578364e-06,0,0,1,1,nominal_fsw
1203,10000000,1e-07,14,0.13,2,2,20,20,1,2,1500000,250000,250000,-5.36165696188321e-06,1.50219259149706e-07,1.54101944642893e-07,-0.00694315866354403,9.34833235980618e-07,9.00316314657189e-07,-50.3825906078242,9.14826046835395,0.330505340058818,0.617743991891497,2.75450918586593,0.820617769087957,3.21266296126502e-06,0,0,0,0,nominal_fsw
1204,10000000,1e-07,14,0.67,2,2,20,20,1,2,1500000,250000,250000,-5.36165696188321e-06,1.50219259149706e-07,1.54101944642893e-07,-0.00694315866354403,9.34833235980618e-07,9.00316314657189e-07,-50.3825906078242,8.65807724637733,0.512010646448857,0.631550409172925,2.83430393826101,0.667465735773466,3.25535207325895e-06,0,0,0,0,nominal_fsw
1205,10000000,1e-07,14,0.13,2,2,20,20,1,1,1500000,500000,500000,-0.00482281539738106,1.05985533688917e-07,1.0323563875415e-07,-0.0432137378264256,3.1515830311229e-07,2.54647908913008e-07,-43.1023523876323,0.21735570439716,0.243547099250652,0.623133361520957,0.993970426275182,0.990372835747856,2.98365427585822e-06,0,0,1,1,nominal_fsw
1206,10000000,1e-07,14,0.67,2,2,20,20,1,1,1500000,500000,500000,-0.00482281539738106,1.05985533688917e-07,1.0323563875415e-07,-0.0432137378264256,3.1515830311229e-07,2.54647908913008e-07,-43.1023523876323,0.390932355564955,0.700719495021129,0.629568220072682,0.891313929294471,0.822327349748708,3.01984484356665e-06,0,0,1,1,nominal_fsw
1207,10000000,1e-07,14,0.13,2,2,20,20,1,2,1500000,500000,500000,-5.36165696188321e-06,1.50219259149706e-07,1.54101944642893e-07,-0.000434272768624432,4.5461427828784e-07,5.29597832694518e-07,-49.9930866940831,8.69668234769354,0.742022788314234,0.605003057717781,2.08586580511123,0.825758524762064,3.30811427607563e-06,0,0,0,0,nominal_fsw
1208,10000000,1e-07,14,0.67,2,2,20,20,1,2,1500000,500000,500000,-5.36165696188321e-06,1.50219259149706e-07,1.54101944642893e-07,-0.000434272768624432,4.5461427828784e-07,5.29597832694518e-07,-49.9930866940831,6.74225185497241,0.876145124277938,0.620137708981373,1.73853370586515,0.812101643307875,3.19365246694927e-06,0,0,0,0,nominal_fsw
1209,10000000,1e-07,14,0.13,2,2,20,20,1,1,1500000,1000000,1000000,-0.00482281539738106,1.05985533688917e-07,1.0323563875415e-07,-0.0108438129222004,1.58758047966712e-07,1.49792887593424e-07,-43.1023523876323,0.158290444788789,0.372969575938487,0.624019003371716,0.97136096735794,0.631018026651663,3.00540603287708e-06,0,0,1,1,nominal_fsw
1210,10000000,1e-07,14,0.67,2,2,20,20,1,1,1500000,1000000,1000000,-0.00482281539738106,1.05985533688917e-07,1.0323563875415e-07,-0.0108438129222004,1.58758047966712e-07,1.49792887593424e-07,-43.1023523876323,1.07964756779474,0.191755689284046,0.621611448413577,1.01993526474431,0.657810200766886,2.93117457450749e-06,0,0,1,1,nominal_fsw
1211,10000000,1e-07,14,0.13,2,2,20,20,1,2,1500000,1000000,1000000,-5.36165696188321e-06,1.50219259149706e-07,1.54101944642893e-07,-2.71433202967853e-05,2.25640366491931e-07,2.38215990294049e-07,-49.7917173371701,6.00745326349934,0.585200160055344,0.621912316694776,1.82102795442375,0.783152276303302,3.20565407692854e-06,0,0,0,0,nominal_fsw
1212,10000000,1e-07,14,0.67,2,2,20,20,1,2,1500000,1000000,1000000,-5.36165696188321e-06,1.50219259149706e-07,1.54101944642893e-07,-2.71433202967853e-05,2.25640366491931e-07,2.38215990294049e-07,-49.7917173371701,6.41412791899429,1.15917845006799,0.627661935783199,1.56243542859465,0.947411918942349,3.16118289201644e-06,0,0,0,0,nominal_fsw
1213,10000000,1e-07,14,0.13,2,2,20,20,1,1,1500000,2000000,2000000,-0.00482281539738106,1.05985533688917e-07,1.0323563875415e-07,-0.00271349263374914,7.95277666910522e-08,7.83532027490969e-08,-43.1023523876323,0.0313357116460855,0.270971726590297,0.620408247136087,0.954013018178833,0.894578995501754,2.92711017019291e-06,0,0,1,1,nominal_fsw
1214,10000000,1e-07,14,0.67,2,2,20,20,1,1,1500000,2000000,2000000,-0.00482281539738106,1.05985533688917e-07,1.0323563875415e-07,-0.00271349263374914,7.95277666910522e-08,7.83532027490969e-08,-43.1023523876323,0.88682410420704,0.247947127580339,0.633577516397795,0.940777173994174,0.903538318486549,3.03669522312203e-06,0,0,1,1,nominal_fsw
1215,10000000,1e-07,14,0.13,2,2,20,20,1,2,1500000,2000000,2000000,-5.36165696188321e-06,1.50219259149706e-07,1.54101944642893e-07,-1.69646248855021e-06,1.12609832744504e-07,1.14270071863055e-07,-49.688770997336,5.50656382762467,0.689363896141471,0.629484051039236,1.8578736774651,0.835837456598032,3.32636884143975e-06,0,0,0,0,nominal_fsw
1216,10000000,1e-07,14,0.67,2,2,20,20,1,2,1500000,2000000,2000000,-5.36165696188321e-06,1.50219259149706e-07,1.54101944642893e-07,-1.69646248855021e-06,1.12609832744504e-07,1.14270071863055e-07,-49.688770997336,6.78637178289203,0.333304112273192,0.621130373780009,1.56241958273548,0.788677769535104,3.24753618003422e-06,0,0,0,0,nominal_fsw
1217,10000000,1e-07,14,0.13,2,2,20,20,1,1,2000000,250000,250000,-0.00271349263374914,7.95277666910522e-08,7.83532027490969e-08,-0.170333392987803,6.12134396241429e-07,3.18309886714201e-07,-40.9242120626743,1.70250031911736,0.141920151895403,0.640946455995803,0.9477508392301,0.97626376644254,2.994782880153e-06,0,0,1,1,nominal_fsw
1218,10000000,1e-07,14,0.67,2,2,20,20,1,1,2000000,250000,250000,-0.00271349263374914,7.95277666910522e-08,7.83532027490969e-08,-0.170333392987803,6.12134396241429e-07,3.18309886714201e-07,-40.9242120626743,0.373416005949001,0.00252076541107371,0.630755641851285,1.02509170656551,0.780095424084294,2.89008583996367e-06,0,0,1,1,nominal_fsw
1219,10000000,1e-07,14,0.13,2,2,20,20,1,2,2000000,250000,250000,-1.69646248855021e-06,1.12609832744504e-07,1.14270071863055e-07,-0.00694315866354403,9.34833235980618e-07,9.00316314657189e-07,-50.3825906078242,4.08532357606761,0.79855599907771,0.627326084442026,1.64459122942207,0.832125950715766,3.01180600989973e-06,0,0,0,0,nominal_fsw
1220,10000000,1e-07,14,0.67,2,2,20,20,1,2,2000000,250000,250000,-1.69646248855021e-06,1.12609832744504e-07,1.14270071863055e-07,-0.00694315866354403,9.34833235980618e-07,9.00316314657189e-07,-50.3825906078242,4.27419154454058,0.998271740384538,0.631882719037651,1.56833018847121,0.880950606255234,2.95716395989099e-06,0,0,0,0,nominal_fsw
1221,10000000,1e-07,14,0.13,2,2,20,20,1,1,2000000,500000,500000,-0.00271349263374914,7.95277666910522e-08,7.83532027490969e-08,-0.0432137378264256,3.1515830311229e-07,2.54647908913008e-07,-40.9242120626743,0.644885812558971,0.845945897580958,0.620693711251751,0.927421556334001,0.805532092092798,3.05227095413266e-06,0,0,1,1,nominal_fsw
1222,10000000,1e-07,14,0.67,2,2,20,20,1,1,2000000,500000,500000,-0.00271349263374914,7.95277666910522e-08,7.83532027490969e-08,-0.0432137378264256,3.1515830311229e-07,2.54647908913008e-07,-40.9242120626743,0.00426911215993808,0.650631859546746,0.631413811818558,0.867395332970152,0.789749844595091,3.04559386214895e-06,0,0,1,1,nominal_fsw
1223,10000000,1e-07,14,0.13,2,2,20,20,1,2,2000000,500000,500000,-1.69646248855021e-06,1.12609832744504e-07,1.14270071863055e-07,-0.000434272768624432,4.5461427828784e-07,5.29597832694518e-07,-49.9930866940831,0.626803042034152,0.152416941025302,0.616220055049856,1.264982347373,0.760125554502357,2.97537176322105e-06,0,0,1,1,nominal_fsw
1224,10000000,1e-07,14,0.67,2,2,20,20,1,2,2000000,500000,500000,-1.69646248855021e-06,1.12609832744504e-07,1.14270071863055e-07,-0.000434272768624432,4.5461427828784e-07,5.29597832694518e-07,-49.9930866940831,1.73197128505651,0.344148139185418,0.621287495130854,1.25003321632958,0.766017045834653,2.9698552457649e-06,0,0,1,1,nominal_fsw
1225,10000000,1e-07,14,0.13,2,2,20,20,1,1,2000000,1000000,1000000,-0.00271349263374914,7.95277666910522e-08,7.83532027490969e-08,-0.0108438129222004,1.58758047966712e-07,1.49792887593424e-07,-40.9242120626743,0.407305504950684,1.51335888216391,0.6235165867798,1.04792153205422,0.745215421713367,2.94705648536809e-06,0,0,1,1,nominal_fsw
1226,10000000,1e-07,14,0.67,2,2,20,20,1,1,2000000,1000000,1000000,-0.00271349263374914,7.95277666910522e-08,7.83532027490969e-08,-0.0108438129222004,1.58758047966712e-07,1.49792887593424e-07,-40.9242120626743,2.27483853406265,1.00293496938384,0.631070315681493,0.804711960120018,0.985614708595241,3.00944066151356e-06,0,0,1,1,nominal_fsw
1227,10000000,1e-07,14,0.13,2,2,20,20,1,2,2000000,1000000,1000000,-1.69646248855021e-06,1.12609832744504e-07,1.14270071863055e-07,-2.71433202967853e-05,2.25640366491931e-07,2.38215990294049e-07,-49.7917173371701,1.98411521697666,0.493177646323684,0.616855050584438,1.19726314023088,0.982458113204689,3.00279624637982e-06,0,0,1,1,nominal_fsw
1228,10000000,1e-07,14,0.67,2,2,20,20,1,2,2000000,1000000,1000000,-1.69646248855021e-06,1.12609832744504e-07,1.14270071863055e-07,-2.71433202967853e-05,2.25640366491931e-07,2.38215990294049e-07,-49.7917173371701,1.26118090474177,0.280153438501474,0.618799315222101,1.18642346702418,0.805550680157868,2.94662174982029e-06,0,0,1,1,nominal_fsw
1229,10000000,1e-07,14,0.13,2,2,20,20,1,1,2000000,2000000,2000000,-0.00271349263374914,7.95277666910522e-08,7.83532027490969e-08,-0.00271349263374914,7.95277666910522e-08,7.83532027490969e-08,-40.9242120626743,0.809665733056453,0.803733477830582,0.618911114308223,0.876999943141353,0.649650639746189,3.01013460696304e-06,0,0,1,1,nominal_fsw
1230,10000000,1e-07,14,0.67,2,2,20,20,1,1,2000000,2000000,2000000,-0.00271349263374914,7.95277666910522e-08,7.83532027490969e-08,-0.00271349263374914,7.95277666910522e-08,7.83532027490969e-08,-40.9242120626743,0.190212772612652,1.2898206325457,0.624957066619945,0.915587394066478,0.935640812255066,3.00907405512094e-06,0,0,1,1,nominal_fsw
1231,10000000,1e-07,14,0.13,2,2,20,20,1,2,2000000,2000000,2000000,-1.69646248855021e-06,1.12609832744504e-07,1.14270071863055e-07,-1.69646248855021e-06,1.12609832744504e-07,1.14270071863055e-07,-49.688770997336,1.12403547467161,0.0198439884983914,0.621099699340586,1.2059164440366,0.63372160784617,3.0236080580435e-06,0,0,1,1,nominal_fsw
1232,10000000,1e-07,14,0.67,2,2,20,20,1,2,2000000,2000000,2000000,-1.69646248855021e-06,1.12609832744504e-07,1.14270071863055e-07,-1.69646248855021e-06,1.12609832744504e-07,1.14270071863055e-07,-49.688770997336,0.600179340458151,0.295530545085931,0.634132122677024,1.01755729775432,0.934311423548996,2.96781065077607e-06,0,0,1,1,nominal_fsw
1233,10000000,1e-07,14,0.13,2,2,20,20,1,1,3000000,250000,250000,-0.00120620603998196,5.30369152206258e-08,5.26857742637191e-08,-0.170333392987803,6.12134396241429e-07,3.18309886714201e-07,-38.0156717480389,2.49978395645751,0.639913001443104,0.618874504680889,1.05832644201494,0.778560471403824,2.95941655429392e-06,0,0,1,1,nominal_fsw
1234,10000000,1e-07,14,0.67,2,2,20,20,1,1,3000000,250000,250000,-0.00120620603998196,5.30369152206258e-08,5.26857742637191e-08,-0.170333392987803,6.12134396241429e-07,3.18309886714201e-07,-38.0156717480389,2.2407199699938,1.13283769436772,0.612726223232576,1.1865171384152,0.770053580746994,2.97111952746492e-06,0,0,1,1,nominal_fsw
1235,10000000,1e-07,14,0.13,2,2,20,20,1,2,3000000,250000,250000,-3.35103753839414e-07,7.50471945447958e-08,7.55437329481472e-08,-0.00694315866354403,9.34833235980618e-07,9.00316314657189e-07,-49.6389368841618,3.22516261825696,0.000472655134964306,0.636433344348021,1.29747749774974,0.589816722045573,2.99641410188382e-06,0,0,0,0,nominal_fsw
1236,10000000,1e-07,14,0.67,2,2,20,20,1,2,3000000,250000,250000,-3.35103753839414e-07,7.50471945447958e-08,7.55437329481472e-08,-0.00694315866354403,9.34833235980618e-07,9.00316314657189e-07,-49.6389368841618,2.70190273568351,0.193986616083408,0.618548575742773,1.29980344676682,0.873705132632108,2.98583293876594e-06,0,0,1,1,nominal_fsw
1237,10000000,1e-07,14,0.13,2,2,20,20,1,1,3000000,500000,500000,-0.00120620603998196,5.30369152206258e-08,5.26857742637191e-08,-0.0432137378264256,3.1515830311229e-07,2.54647908913008e-07,-38.0156717480389,0.232754717842854,1.44732067979962,0.623042349770871,0.927054215325798,0.814641783129029,2.89714684865796e-06,0,0,1,1,nominal_fsw
1238,10000000,1e-07,14,0.67,2,2,20,20,1,1,3000000,500000,500000,-0.00120620603998196,5.30369152206258e-08,5.26857742637191e-08,-0.0432137378264256,3.1515830311229e-07,2.54647908913008e-07,-38.0156717480389,0.688334602083707,1.38802991726985,0.619124165703738,0.847219099310319,0.641931826531347,3.05237291576503e-06,0,0,1,1,nominal_fsw
1239,10000000,1e-07,14,0.13,2,2,20,20,1,2,3000000,500000,500000,-3.35103753839414e-07,7.50471945447958e-08,7.55437329481472e-08,-0.000434272768624432,4.5461427828784e-07,5.29597832694518e-07,-49.6389368841618,1.28948247360263,1.12764999015083,0.620288204867961,1.12674827991066,0.715119275235099,2.88741043866302e-06,0,0,1,1,nominal_fsw
1240,10000000,1e-07,14,0.67,2,2,20,20,1,2,3000000,500000,500000,-3.35103753839414e-07,7.50471945447958e-08,7.55437329481472e-08,-0.000434272768624432,4.5461427828784e-07,5.29597832694518e-07,-49.6389368841618,0.147323791941423,1.06408940275913,0.630257459277085,1.13701670019638,0.760919476650338,2.93612551846779e-06,0,0,1,1,nominal_fsw
1241,10000000,1e-07,14,0.13,2,2,20,20,1,1,3000000,1000000,1000000,-0.00120620603998196,5.30369152206258e-08,5.26857742637191e-08,-0.0108438129222004,1.58758047966712e-07,1.49792887593424e-07,-38.0156717480389,0.0731509681415443,1.95065079899961,0.612359151697086,0.932835075722092,0.774797083504345,2.97574365941689e-06,0,0,1,1,nominal_fsw
1242,10000000,1e-07,14,0.67,2,2,20,20,1,1,3000000,1000000,1000000,-0.00120620603998196,5.30369152206258e-08,5.26857742637191e-08,-0.0108438129222004,1.58758047966712e-07,1.49792887593424e-07,-38.0156717480389,0.613520971471426,2.10897115810833,0.611630389245464,0.985691359792434,0.720488246784946,2.96036385894976e-06,0,0,1,1,nominal_fsw
1243,10000000,1e-07,14,0.13,2,2,20,20,1,2,3000000,1000000,1000000,-3.35103753839414e-07,7.50471945447958e-08,7.55437329481472e-08,-2.71433202967853e-05,2.25640366491931e-07,2.38215990294049e-07,-49.6389368841618,0.706397933336422,0.350834080998652,0.639449090916626,0.944068448600826,1.03947638436017,3.02385295066891e-06,0,0,1,1,nominal_fsw
1244,10000000,1e-07,14,0.67,2,2,20,20,1,2,3000000,1000000,1000000,-3.35103753839414e-07,7.50471945447958e-08,7.55437329481472e-08,-2.71433202967853e-05,2.25640366491931e-07,2.38215990294049e-07,-49.6389368841618,0.476133986430738,1.10341988065403,0.624407419989286,0.849820909973356,0.803816527914288,2.91167971528992e-06,0,0,1,1,nominal_fsw
1245,10000000,1e-07,14,0.13,2,2,20,20,1,1,3000000,2000000,2000000,-0.00120620603998196,5.30369152206258e-08,5.26857742637191e-08,-0.00271349263374914,7.95277666910522e-08,7.83532027490969e-08,-38.0156717480389,0.113141976021058,1.5715329878597,0.615013694569888,1.00571246458088,0.646580709290551,2.97387312981591e-06,0,0,1,1,nominal_fsw
1246,10000000,1e-07,14,0.67,2,2,20,20,1,1,3000000,2000000,2000000,-0.00120620603998196,5.30369152206258e-08,5.26857742637191e-08,-0.00271349263374914,7.95277666910522e-08,7.83532027490969e-08,-38.0156717480389,0.307778966541927,1.22576096571769,0.632228009201749,0.911802621079937,0.909578973879735,2.96607957560022e-06,0,0,1,1,nominal_fsw
1247,10000000,1e-07,14,0.13,2,2,20,20,1,2,3000000,2000000,2000000,-3.35103753839414e-07,7.50471945447958e-08,7.55437329481472e-08,-1.69646248855021e-06,1.12609832744504e-07,1.14270071863055e-07,-49.6389368841618,0.0502417361071261,0.708291510467896,0.633914564213416,0.856165037304517,0.78183463523198,2.97107668201265e-06,0,0,1,1,nominal_fsw
1248,10000000,1e-07,14,0.67,2,2,20,20,1,2,3000000,2000000,2000000,-3.35103753839414e-07,7.50471945447958e-08,7.55437329481472e-08,-1.69646248855021e-06,1.12609832744504e-07,1.14270071863055e-07,-49.6389368841618,1.33123783457902,0.522089933708947,0.618573192409167,0.820797680945532,0.876428469252191,3.02261195569838e-06,0,0,1,1,nominal_fsw
1249,10000000,1e-07,16,0.13,2,2,20,20,1,1,250000,250000,250000,-0.170333392987803,6.12134396241429e-07,3.18309886714201e-07,-0.170333392987803,6.12134396241429e-07,3.18309886714201e-07,-50.0474765024527,11.9377980071383,46.3388203019496,1.29851964397414,329.282428323686,0.428682851438393,7.04201448115127e-06,0,0,0,0,nominal_fsw
1250,10000000,1e-07,16,0.67,2,2,20,20,1,1,250000,250000,250000,-0.170333392987803,6.12134396241429e-07,3.18309886714201e-07,-0.170333392987803,6.12134396241429e-07,3.18309886714201e-07,-50.0474765024527,12.7545638304786,46.6105342472049,1.33797913682362,329.034779069558,0.475918559082625,7.520734730445e-06,0,0,0,0,nominal_fsw
1251,10000000,1e-07,16,0.13,2,2,20,20,1,2,250000,250000,250000,-0.00694315866354403,9.34833235980618e-07,9.00316314657189e-07,-0.00694315866354403,9.34833235980618e-07,9.00316314657189e-07,-50.3825906078242,7.66385336840384,96.1463432929806,33.0672522497676,1512.52904342089,0.271723662325226,1.46605085082112e-05,0,0,0,0,nominal_fsw
1252,10000000,1e-07,16,0.67,2,2,20,20,1,2,250000,250000,250000,-0.00694315866354403,9.34833235980618e-07,9.00316314657189e-07,-0.00694315866354403,9.34833235980618e-07,9.00316314657189e-07,-50.3825906078242,7.68827552134832,96.3613658668883,32.7355643427302,1510.35604460674,0.23270478177202,1.52866771473352e-05,0,0,0,0,nominal_fsw
1253,10000000,1e-07,16,0.13,2,2,20,20,1,1,250000,500000,500000,-0.170333392987803,6.12134396241429e-07,3.18309886714201e-07,-0.0432137378264256,3.1515830311229e-07,2.54647908913008e-07,-49.830228978904,11.6782230627475,46.2375228683746,1.54246869378602,356.840034734363,0.525535846397249,6.831474933201e-06,0,0,0,0,nominal_fsw
1254,10000000,1e-07,16,0.67,2,2,20,20,1,1,250000,500000,500000,-0.170333392987803,6.12134396241429e-07,3.18309886714201e-07,-0.0432137378264256,3.1515830311229e-07,2.54647908913008e-07,-49.830228978904,11.3626645631285,46.6573014515083,1.53476787672741,359.008476661952,0.443931394170267,7.07351350175059e-06,0,0,0,0,nominal_fsw
1255,10000000,1e-07,16,0.13,2,2,20,20,1,2,250000,500000,500000,-0.00694315866354403,9.34833235980618e-07,9.00316314657189e-07,-0.000434272768624432,4.5461427828784e-07,5.29597832694518e-07,-49.9930866940831,7.14225190696123,96.2279406998794,33.908020485132,1550.5607762647,0.277910130712118,1.47633239600754e-05,0,0,0,0,nominal_fsw
1256,10000000,1e-07,16,0.67,2,2,20,20,1,2,250000,500000,500000,-0.00694315866354403,9.34833235980618e-07,9.00316314657189e-07,-0.000434272768624432,4.5461427828784e-07,5.29597832694518e-07,-49.9930866940831,6.497551544449,96.7039079463105,34.0657693475135,1558.45758596687,0.254853422030741,1.45794736821481e-05,0,0,0,0,nominal_fsw
1257,10000000,1e-07,16,0.13,2,2,20,20,1,1,250000,1000000,1000000,-0.170333392987803,6.12134396241429e-07,3.18309886714201e-07,-0.0108438129222004,1.58758047966712e-07,1.49792887593424e-07,-49.7041890257075,10.8638402665516,46.1532686636125,1.59298091679773,364.742818242162,0.516419057345545,7.05586911350492e-06,0,0,0,0,nominal_fsw
1258,10000000,1e-07,16,0.67,2,2,20,20,1,1,250000,1000000,1000000,-0.170333392987803,6.12134396241429e-07,3.18309886714201e-07,-0.0108438129222004,1.58758047966712e-07,1.49792887593424e-07,-49.7041890257075,10.76221943969,46.2090578066291,1.74932084067286,371.502562091256,0.446279441762363,7.34758075169047e-06,0,0,0,0,nominal_fsw
1259,10000000,1e-07,16,0.13,2,2,20,20,1,2,250000,1000000,1000000,-0.00694315866354403,9.34833235980618e-07,9.00316314657189e-07,-2.71433202967853e-05,2.25640366491931e-07,2.38215990294049e-07,-49.7917173371701,6.30258363175118,96.5039970619604,34.543990854701,1582.45462659154,0.311023737046804,1.50341523374502e-05,0,0,0,0,nominal_fsw
1260,10000000,1e-07,16,0.67,2,2,20,20,1,2,250000,1000000,1000000,-0.00694315866354403,9.34833235980618e-07,9.00316314657189e-07,-2.71433202967853e-05,2.25640366491931e-07,2.38215990294049e-07,-49.7917173371701,4.8796562263797,96.4470821175969,34.6393548060842,1591.16808673756,0.305536624392501,1.46214130484479e-05,0,0,0,0,nominal_fsw
1261,10000000,1e-07,16,0.13,2,2,20,20,1,1,250000,2000000,2000000,-0.170333392987803,6.12134396241429e-07,3.18309886714201e-07,-0.00271349263374914,7.95277666910522e-08,7.83532027490969e-08,-49.6323787485809,11.6884058717042,46.4424752786186,1.73422423032759,372.081046828749,0.419869988264748,7.26169730171267e-06,0,0,0,0,nominal_fsw
1262,10000000,1e-07,16,0.67,2,2,20,20,1,1,250000,2000000,2000000,-0.170333392987803,6.12134396241429e-07,3.18309886714201e-07,-0.00271349263374914,7.95277666910522e-08,7.83532027490969e-08,-49.6323787485809,11.3283484744851,46.0472382034604,1.56224945653065,376.489538282863,0.471303377926464,6.8501693187363e-06,0,0,0,0,nominal_fsw
1263,10000000,1e-07,16,0.13,2,2,20,20,1,2,250000,2000000,2000000,-0.00694315866354403,9.34833235980618e-07,9.00316314657189e-07,-1.69646248855021e-06,1.12609832744504e-07,1.14270071863055e-07,-49.688770997336,4.87657586422379,96.3456183103132,35.2779051516873,1602.78926652583,0.328233282117452,1.43170363839521e-05,0,0,0,0,nominal_fsw
1264,10000000,1e-07,16,0.67,2,2,20,20,1,2,250000,2000000,2000000,-0.00694315866354403,9.34833235980618e-07,9.00316314657189e-07,-1.69646248855021e-06,1.12609832744504e-07,1.14270071863055e-07,-49.688770997336,4.81657131951607,96.4340833570469,35.2025185854245,1594.63987302807,0.312578336937632,1.50563179985123e-05,0,0,0,0,nominal_fsw
1265,10000000,1e-07,16,0.13,2,2,20,20,1,1,500000,250000,250000,-0.0432137378264256,3.1515830311229e-07,2.54647908913008e-07,-0.170333392987803,6.12134396241429e-07,3.18309886714201e-07,-50.0474765024527,4.59292551106805,16.1433173607126,0.439097679382936,74.6239964640103,0.653090715380845,3.71768281254436e-06,0,0,0,0,nominal_fsw
1266,10000000,1e-07,16,0.67,2,2,20,20,1,1,500000,250000,250000,-0.0432137378264256,3.1515830311229e-07,2.54647908913008e-07,-0.170333392987803,6.12134396241429e-07,3.18309886714201e-07,-50.0474765024527,4.62498375170633,16.2847087704332,0.427411261835073,71.3626671790566,0.76248424104622,3.66642710112404e-06,0,0,0,0,nominal_fsw
1267,10000000,1e-07,16,0.13,2,2,20,20,1,2,500000,250000,250000,-0.000434272768624432,4.5461427828784e-07,5.29597832694518e-07,-0.00694315866354403,9.34833235980618e-07,9.00316314657189e-07,-50.3825906078242,7.748885714114,30.3122753173799,0.477193927473883,465.301385940542,0.605431444133816,3.16404842127671e-05,0,0,0,0,nominal_fsw
1268,10000000,1e-07,16,0.67,2,2,20,20,1,2,500000,250000,250000,-0.000434272768624432,4.5461427828784e-07,5.29597832694518e-07,-0.00694315866354403,9.34833235980618e-07,9.00316314657189e-07,-50.3825906078242,8.18313686589901,30.325094931129,0.485572356161928,459.341735913599,0.552500352104113,3.14943898637531e-05,0,0,0,0,nominal_fsw
1269,10000000,1e-07,16,0.13,2,2,20,20,1,1,500000,500000,500000,-0.0432137378264256,3.1515830311229e-07,2.54647908913008e-07,-0.0432137378264256,3.1515830311229e-07,2.54647908913008e-07,-49.830228978904,3.23277200652464,15.7448833311371,0.419216346761905,84.8155880174515,0.659536589297973,3.66288478878033e-06,0,0,0,0,nominal_fsw
1270,10000000,1e-07,16,0.67,2,2,20,20,1,1,500000,500000,500000,-0.0432137378264256,3.1515830311229e-07,2.54647908913008e-07,-0.0432137378264256,3.1515830311229e-07,2.54647908913008e-07,-49.830228978904,2.92010150309756,15.9232972340584,0.416513523568655,82.9838640038083,0.693281774894758,3.67080587636471e-06,0,0,0,0,nominal_fsw
1271,10000000,1e-07,16,0.13,2,2,20,20,1,2,500000,500000,500000,-0.000434272768624432,4.5461427828784e-07,5.29597832694518e-07,-0.000434272768624432,4.5461427828784e-07,5.29597832694518e-07,-49.9930866940831,6.5842699933949,29.3165512614325,0.474007767464592,501.299360546637,0.558869519235042,3.13992463193119e-05,0,0,0,0,nominal_fsw
1272,10000000,1e-07,16,0.67,2,2,20,20,1,2,500000,500000,500000,-0.000434272768624432,4.5461427828784e-07,5.29597832694518e-07,-0.000434272768624432,4.5461427828784e-07,5.29597832694518e-07,-49.9930866940831,6.14305744981132,29.3735918187019,0.471712837516587,510.781864985233,0.539337885995899,3.18801968896537e-05,0,0,0,0,nominal_fsw
1273,10000000,1e-07,16,0.13,2,2,20,20,1,1,500000,1000000,1000000,-0.0432137378264256,3.1515830311229e-07,2.54647908913008e-07,-0.0108438129222004,1.58758047966712e-07,1.49792887593424e-07,-49.7041890257075,2.81522834609844,15.7297420037494,0.412078672085014,87.2513552249272,0.636364098037179,3.66585369408355e-06,0,0,0,0,nominal_fsw
1274,10000000,1e-07,16,0.67,2,2,20,20,1,1,500000,1000000,1000000,-0.0432137378264256,3.1515830311229e-07,2.54647908913008e-07,-0.0108438129222004,1.58758047966712e-07,1.49792887593424e-07,-49.7041890257075,2.84259451221239,15.8624930429787,0.413348413955789,92.5683313890693,0.539692535891111,3.7357014761299e-06,0,0,0,0,nominal_fsw
1275,10000000,1e-07,16,0.13,2,2,20,20,1,2,500000,1000000,1000000,-0.000434272768624432,4.5461427828784e-07,5.29597832694518e-07,-2.71433202967853e-05,2.25640366491931e-07,2.38215990294049e-07,-49.7917173371701,6.23992257470637,29.5550517486085,0.477945798093326,531.057110435358,0.584209749653208,3.15003034959222e-05,0,0,0,0,nominal_fsw
1276,10000000,1e-07,16,0.67,2,2,20,20,1,2,500000,1000000,1000000,-0.000434272768624432,4.5461427828784e-07,5.29597832694518e-07,-2.71433202967853e-05,2.25640366491931e-07,2.38215990294049e-07,-49.7917173371701,5.78235320884334,29.5250252971758,0.472461186667478,525.61509982377,0.513149037281321,3.18289918531069e-05,0,0,0,0,nominal_fsw
1277,10000000,1e-07,16,0.13,2,2,20,20,1,1,500000,2000000,2000000,-0.0432137378264256,3.1515830311229e-07,2.54647908913008e-07,-0.00271349263374914,7.95277666910522e-08,7.83532027490969e-08,-49.6323787485809,2.26647935870015,15.7021589187265,0.41368539094189,89.4463230310259,0.58603569933809,3.61561481203812e-06,0,0,0,0,nominal_fsw
1278,10000000,1e-07,16,0.67,2,2,20,20,1,1,500000,2000000,2000000,-0.0432137378264256,3.1515830311229e-07,2.54647908913008e-07,-0.00271349263374914,7.95277666910522e-08,7.83532027490969e-08,-49.6323787485809,2.76222926141279,15.876432708347,0.419802547105629,94.0865122907228,0.636889469717973,3.67881353480428e-06,0,0,0,0,nominal_fsw
1279,10000000,1e-07,16,0.13,2,2,20,20,1,2,500000,2000000,2000000,-0.000434272768624432,4.5461427828784e-07,5.29597832694518e-07,-1.69646248855021e-06,1.12609832744504e-07,1.14270071863055e-07,-49.688770997336,5.7320401353708,29.6908659984265,0.487343401711614,526.978027473303,0.578510063713608,3.10724881770202e-05,0,0,0,0,nominal_fsw
1280,10000000,1e-07,16,0.67,2,2,20,20,1,2,500000,2000000,2000000,-0.000434272768624432,4.5461427828784e-07,5.29597832694518e-07,-1.69646248855021e-06,1.12609832744504e-07,1.14270071863055e-07,-49.688770997336,5.84595382093882,29.3360017614011,0.476573479503659,535.591467954594,0.603153884584184,3.16537992018924e-05,0,0,0,0,nominal_fsw
1281,10000000,1e-07,16,0.13,2,2,20,20,1,1,1000000,250000,250000,-0.0108438129222004,1.58758047966712e-07,1.49792887593424e-07,-0.170333392987803,6.12134396241429e-07,3.18309886714201e-07,-46.1861840298957,3.02844691885314,2.85052377203326,0.400608799904093,1.26167930713681,0.666020006481433,9.35197076353204e-07,0,0,0,0,nominal_fsw
1282,10000000,1e-07,16,0.67,2,2,20,20,1,1,1000000,250000,250000,-0.0108438129222004,1.58758047966712e-07,1.49792887593424e-07,-0.170333392987803,6.12134396241429e-07,3.18309886714201e-07,-46.1861840298957,3.35441182456298,2.47553766682008,0.405062560616527,1.3671350332007,0.881906688913833,9.22010650796608e-07,0,0,0,0,nominal_fsw
1283,10000000,1e-07,16,0.13,2,2,20,20,1,2,1000000,250000,250000,-2.71433202967853e-05,2.25640366491931e-07,2.38215990294049e-07,-0.00694315866354403,9.34833235980618e-07,9.00316314657189e-07,-50.3825906078242,2.49738812356091,0.517277143064676,0.416621882882245,6.08141832000232,0.595403624026018,1.44891769147052e-06,0,0,1,1,nominal_fsw
1284,10000000,1e-07,16,0.67,2,2,20,20,1,2,1000000,250000,250000,-2.71433202967853e-05,2.25640366491931e-07,2.38215990294049e-07,-0.00694315866354403,9.34833235980618e-07,9.00316314657189e-07,-50.3825906078242,1.82694083276902,0.734503016723642,0.415515964712001,5.61687669140256,0.648857241842504,1.4456388444345e-06,0,0,1,1,nominal_fsw
1285,10000000,1e-07,16,0.13,2,2,20,20,1,1,1000000,500000,500000,-0.0108438129222004,1.58758047966712e-07,1.49792887593424e-07,-0.0432137378264256,3.1515830311229e-07,2.54647908913008e-07,-46.1861840298957,4.58750418777153,2.15230298019604,0.406728441052025,2.28135779071191,0.930226728686004,9.5805804622026e-07,0,0,0,0,nominal_fsw
1286,10000000,1e-07,16,0.67,2,2,20,20,1,1,1000000,500000,500000,-0.0108438129222004,1.58758047966712e-07,1.49792887593424e-07,-0.0432137378264256,3.1515830311229e-07,2.54647908913008e-07,-46.1861840298957,4.43944283260622,2.196625567788,0.411425833867101,1.9745796043798,0.548365648599725,1.01523298825496e-06,0,0,0,0,nominal_fsw
1287,10000000,1e-07,16,0.13,2,2,20,20,1,2,1000000,500000,500000,-2.71433202967853e-05,2.25640366491931e-07,2.38215990294049e-07,-0.000434272768624432,4.5461427828784e-07,5.29597832694518e-07,-49.9930866940831,0.744667234900742,1.09868683931011,0.416561001234366,4.47004543753444,0.614673026842128,1.39317051644478e-06,0,0,1,1,nominal_fsw
1288,10000000,1e-07,16,0.67,2,2,20,20,1,2,1000000,500000,500000,-2.71433202967853e-05,2.25640366491931e-07,2.38215990294049e-07,-0.000434272768624432,4.5461427828784e-07,5.29597832694518e-07,-49.9930866940831,1.12775133408523,0.691580259098745,0.408845314886114,4.72516338013997,0.607797082172708,1.36706048216544e-06,0,0,1,1,nominal_fsw
1289,10000000,1e-07,16,0.13,2,2,20,20,1,1,1000000,1000000,1000000,-0.0108438129222004,1.58758047966712e-07,1.49792887593424e-07,-0.0108438129222004,1.58758047966712e-07,1.49792887593424e-07,-46.1861840298957,4.46019417441386,2.01821243623758,0.396939313190849,2.2192536618335,0.742730050709959,9.83528864320716e-07,0,0,0,0,nominal_fsw
1290,10000000,1e-07,16,0.67,2,2,20,20,1,1,1000000,1000000,1000000,-0.0108438129222004,1.58758047966712e-07,1.49792887593424e-07,-0.0108438129222004,1.58758047966712e-07,1.49792887593424e-07,-46.1861840298957,4.72404834854619,2.33021873565408,0.41893743038364,2.60855857075722,0.73581372976791,9.47339862438621e-07,0,0,0,0,nominal_fsw
1291,10000000,1e-07,16,0.13,2,2,20,20,1,2,1000000,1000000,1000000,-2.71433202967853e-05,2.25640366491931e-07,2.38215990294049e-07,-2.71433202967853e-05,2.25640366491931e-07,2.38215990294049e-07,-49.7917173371701,1.64103549848857,0.681951485053478,0.410700415676999,4.34581304969276,0.681096227136236,1.45430427064313e-06,0,0,1,1,nominal_fsw
1292,10000000,1e-07,16,0.67,2,2,20,20,1,2,1000000,1000000,1000000,-2.71433202967853e-05,2.25640366491931e-07,2.38215990294049e-07,-2.71433202967853e-05,2.25640366491931e-07,2.38215990294049e-07,-49.7917173371701,0.0748739395875386,0.335685801229713,0.412915963573218,4.86300473270196,0.772827725271131,1.38229788547106e-06,0,0,1,1,nominal_fsw
1293,10000000,1e-07,16,0.13,2,2,20,20,1,1,1000000,2000000,2000000,-0.0108438129222004,1.58758047966712e-07,1.49792887593424e-07,-0.00271349263374914,7.95277666910522e-08,7.83532027490969e-08,-46.1861840298957,4.85559874088775,1.91347378933012,0.409300138151949,2.55083412005787,0.811026898155259,9.36830992532931e-07,0,0,0,0,nominal_fsw
1294,10000000,1e-07,16,0.67,2,2,20,20,1,1,1000000,2000000,2000000,-0.0108438129222004,1.58758047966712e-07,1.49792887593424e-07,-0.00271349263374914,7.95277666910522e-08,7.83532027490969e-08,-46.1861840298957,4.24400649375182,1.95970539390901,0.405813878966976,3.03469025607361,0.651025759886895,9.67909712825365e-07,0,0,0,0,nominal_fsw
1295,10000000,1e-07,16,0.13,2,2,20,20,1,2,1000000,2000000,2000000,-2.71433202967853e-05,2.25640366491931e-07,2.38215990294049e-07,-1.69646248855021e-06,1.12609832744504e-07,1.14270071863055e-07,-49.688770997336,1.05348819471169,0.585910073592744,0.407866655630237,4.15240491844942,0.713574040432074,1.43215103269915e-06,0,0,1,1,nominal_fsw
1296,10000000,1e-07,16,0.67,2,2,20,20,1,2,1000000,2000000,2000000,-2.71433202967853e-05,2.25640366491931e-07,2.38215990294049e-07,-1.69646248855021e-06,1.12609832744504e-07,1.14270071863055e-07,-49.688770997336,1.34113775989511,0.67190161422146,0.412257595986528,4.53100525937237,0.631809681197074,1.42193372427388e-06,0,0,1,1,nominal_fsw
1297,10000000,1e-07,16,0.13,2,2,20,20,1,1,1500000,250000,250000,-0.00482281539738106,1.05985533688917e-07,1.0323563875415e-07,-0.170333392987803,6.12134396241429e-07,3.18309886714201e-07,-43.1023523876323,0.971952360405681,0.409264885135718,0.395121294162813,1.14122668229977,0.751770586321868,8.60423745961626e-07,0,0,1,1,nominal_fsw
1298,10000000,1e-07,16,0.67,2,2,20,20,1,1,1500000,250000,250000,-0.00482281539738106,1.05985533688917e-07,1.0323563875415e-07,-0.170333392987803,6.12134396241429e-07,3.18309886714201e-07,-43.1023523876323,0.261188329591722,0.579711036425279,0.400380056679107,1.19088374056671,0.765369437093039,8.9981529050717e-07,0,0,1,1,nominal_fsw
1299,10000000,1e-07,16,0.13,2,2,20,20,1,2,1500000,250000,250000,-5.36165696188321e-06,1.50219259149706e-07,1.54101944642893e-07,-0.00694315866354403,9.34833235980618e-07,9.00316314657189e-07,-50.3825906078242,16.1676933743838,0.332284733562993,0.412473206953744,8.27132683915298,0.747783339638226,1.19400680189112e-06,0,0,0,0,nominal_fsw
1300,10000000,1e-07,16,0.67,2,2,20,20,1,2,1500000,250000,250000,-5.36165696188321e-06,1.50219259149706e-07,1.54101944642893e-07,-0.00694315866354403,9.34833235980618e-07,9.00316314657189e-07,-50.3825906078242,0.291557478311644,0.155730528967002,0.416549563256384,13.5712509499262,0.886588610776471,1.09260545951961e-06,0,0,1,1,nominal_fsw
1301,10000000,1e-07,16,0.13,2,2,20,20,1,1,1500000,500000,500000,-0.00482281539738106,1.05985533688917e-07,1.0323563875415e-07,-0.0432137378264256,3.1515830311229e-07,2.54647908913008e-07,-43.1023523876323,0.16708251232409,0.226583230227551,0.400911354558496,1.06345619351489,0.690159388478861,8.1960399624958e-07,0,0,1,1,nominal_fsw
1302,10000000,1e-07,16,0.67,2,2,20,20,1,1,1500000,500000,500000,-0.00482281539738106,1.05985533688917e-07,1.0323563875415e-07,-0.0432137378264256,3.1515830311229e-07,2.54647908913008e-07,-43.1023523876323,0.429566561542449,0.324761602112456,0.431979037179831,1.01016026437536,0.642603599641295,8.48805906395856e-07,0,0,1,1,nominal_fsw
1303,10000000,1e-07,16,0.13,2,2,20,20,1,2,1500000,500000,500000,-5.36165696188321e-06,1.50219259149706e-07,1.54101944642893e-07,-0.000434272768624432,4.5461427828784e-07,5.29597832694518e-07,-49.9930866940831,7.59988798438065,0.820348490651335,0.409301072586142,4.71397576691067,0.783228913855622,1.16512411395425e-06,0,0,0,0,nominal_fsw
1304,10000000,1e-07,16,0.67,2,2,20,20,1,2,1500000,500000,500000,-5.36165696188321e-06,1.50219259149706e-07,1.54101944642893e-07,-0.000434272768624432,4.5461427828784e-07,5.29597832694518e-07,-49.9930866940831,7.50041173779799,0.874674879699922,0.413889833282136,4.48401998134331,0.802455047067268,1.09168080881483e-06,0,0,0,0,nominal_fsw
1305,10000000,1e-07,16,0.13,2,2,20,20,1,1,1500000,1000000,1000000,-0.00482281539738106,1.05985533688917e-07,1.0323563875415e-07,-0.0108438129222004,1.58758047966712e-07,1.49792887593424e-07,-43.1023523876323,1.75049299263236,0.268126720931838,0.409650737343768,1.16829689171856,0.760133756304053,8.20505441831567e-07,0,0,1,1,nominal_fsw
1306,10000000,1e-07,16,0.67,2,2,20,20,1,1,1500000,1000000,1000000,-0.00482281539738106,1.05985533688917e-07,1.0323563875415e-07,-0.0108438129222004,1.58758047966712e-07,1.49792887593424e-07,-43.1023523876323,0.965936186400296,0.695145278677778,0.403110733521245,1.02063972275207,0.765697623053864,8.92876838180358e-07,0,0,1,1,nominal_fsw
1307,10000000,1e-07,16,0.13,2,2,20,20,1,2,1500000,1000000,1000000,-5.36165696188321e-06,1.50219259149706e-07,1.54101944642893e-07,-2.71433202967853e-05,2.25640366491931e-07,2.38215990294049e-07,-49.7917173371701,8.16017761208294,0.616444349432332,0.404982444901775,3.50483130376849,0.821581154026723,1.16353169642548e-06,0,0,0,0,nominal_fsw
1308,10000000,1e-07,16,0.67,2,2,20,20,1,2,1500000,1000000,1000000,-5.36165696188321e-06,1.50219259149706e-07,1.54101944642893e-07,-2.71433202967853e-05,2.25640366491931e-07,2.38215990294049e-07,-49.7917173371701,8.02764333628103,0.51871937155954,0.407343102596337,3.2474846759443,0.768303191959235,1.20575678008752e-06,0,0,0,0,nominal_fsw
1309,10000000,1e-07,16,0.13,2,2,20,20,1,1,1500000,2000000,2000000,-0.00482281539738106,1.05985533688917e-07,1.0323563875415e-07,-0.00271349263374914,7.95277666910522e-08,7.83532027490969e-08,-43.1023523876323,0.807538085144066,0.179765918473063,0.408432684678069,0.974204357403003,0.734460532213935,8.86397075406081e-07,0,0,1,1,nominal_fsw
1310,10000000,1e-07,16,0.67,2,2,20,20,1,1,1500000,2000000,2000000,-0.00482281539738106,1.05985533688917e-07,1.0323563875415e-07,-0.00271349263374914,7.95277666910522e-08,7.83532027490969e-08,-43.1023523876323,1.31159726865613,0.393614371305184,0.403720118954846,1.12120023200052,0.828774692270382,8.73596802578743e-07,0,0,1,1,nominal_fsw
1311,10000000,1e-07,16,0.13,2,2,20,20,1,2,1500000,2000000,2000000,-5.36165696188321e-06,1.50219259149706e-07,1.54101944642893e-07,-1.69646248855021e-06,1.12609832744504e-07,1.14270071863055e-07,-49.688770997336,7.88467684551184,0.471238766846871,0.401128054869607,3.66265804377101,0.639999358398573,1.09932679151375e-06,0,0,0,0,nominal_fsw
1312,10000000,1e-07,16,0.67,2,2,20,20,1,2,1500000,2000000,2000000,-5.36165696188321e-06,1.50219259149706e-07,1.54101944642893e-07,-1.69646248855021e-06,1.12609832744504e-07,1.14270071863055e-07,-49.688770997336,6.43934050806447,0.613864194305513,0.396740932135054,2.8991210236485,0.971481536152145,1.0966941995823e-06,0,0,0,0,nominal_fsw
1313,10000000,1e-07,16,0.13,2,2,20,20,1,1,2000000,250000,250000,-0.00271349263374914,7.95277666910522e-08,7.83532027490969e-08,-0.170333392987803,6.12134396241429e-07,3.18309886714201e-07,-40.9242120626743,1.62803483525278,0.213908146041453,0.394720591936635,1.51805390898223,0.632279145226285,8.65775214214325e-07,0,0,1,1,nominal_fsw
1314,10000000,1e-07,16,0.67,2,2,20,20,1,1,2000000,250000,250000,-0.00271349263374914,7.95277666910522e-08,7.83532027490969e-08,-0.170333392987803,6.12134396241429e-07,3.18309886714201e-07,-40.9242120626743,1.53765425054764,0.504498741133985,0.405569772808159,1.59030152749621,1.00814617364089,8.84530141935049e-07,0,0,1,1,nominal_fsw
1315,10000000,1e-07,16,0.13,2,2,20,20,1,2,2000000,250000,250000,-1.69646248855021e-06,1.12609832744504e-07,1.14270071863055e-07,-0.00694315866354403,9.34833235980618e-07,9.00316314657189e-07,-50.3825906078242,4.54727107726889,0.71421396523329,0.400223355305451,3.69759699221279,0.938074582046004,8.56226782811881e-07,0,0,0,0,nominal_fsw
1316,10000000,1e-07,16,0.67,2,2,20,20,1,2,2000000,250000,250000,-1.69646248855021e-06,1.12609832744504e-07,1.14270071863055e-07,-0.00694315866354403,9.34833235980618e-07,9.00316314657189e-07,-50.3825906078242,4.0326440717309,0.702586678688677,0.399162916247653,3.01690425779683,0.754744152557663,8.61905575863103e-07,0,0,0,0,nominal_fsw
1317,10000000,1e-07,16,0.13,2,2,20,20,1,1,2000000,500000,500000,-0.00271349263374914,7.95277666910522e-08,7.83532027490969e-08,-0.0432137378264256,3.1515830311229e-07,2.54647908913008e-07,-40.9242120626743,0.85188230267581,0.756659149565286,0.409083277782651,1.00629751572022,0.737494497780954,8.93354673401865e-07,0,0,1,1,nominal_fsw
1318,10000000,1e-07,16,0.67,2,2,20,20,1,1,2000000,500000,500000,-0.00271349263374914,7.95277666910522e-08,7.83532027490969e-08,-0.0432137378264256,3.1515830311229e-07,2.54647908913008e-07,-40.9242120626743,0.0663827116754168,1.02837078375737,0.405655804024465,0.969284870811261,0.676073877877449,8.44919876421811e-07,0,0,1,1,nominal_fsw
1319,10000000,1e-07,16,0.13,2,2,20,20,1,2,2000000,500000,500000,-1.69646248855021e-06,1.12609832744504e-07,1.14270071863055e-07,-0.000434272768624432,4.5461427828784e-07,5.29597832694518e-07,-49.9930866940831,2.06225584822504,0.214858612106328,0.41707257555826,1.54397526486524,0.821332762418176,8.94527703803471e-07,0,0,1,1,nominal_fsw
1320,10000000,1e-07,16,0.67,2,2,20,20,1,2,2000000,500000,500000,-1.69646248855021e-06,1.12609832744504e-07,1.14270071863055e-07,-0.000434272768624432,4.5461427828784e-07,5.29597832694518e-07,-49.9930866940831,1.37165659231231,0.46477952238746,0.427704008488657,1.52255484486677,0.8804769577968,8.74959127593082e-07,0,0,1,1,nominal_fsw
1321,10000000,1e-07,16,0.13,2,2,20,20,1,1,2000000,1000000,1000000,-0.00271349263374914,7.95277666910522e-08,7.83532027490969e-08,-0.0108438129222004,1.58758047966712e-07,1.49792887593424e-07,-40.9242120626743,0.305359020678819,0.511160550674949,0.415752641822436,1.11760942286592,0.891840565377051,8.38954498757536e-07,0,0,1,1,nominal_fsw
1322,10000000,1e-07,16,0.67,2,2,20,20,1,1,2000000,1000000,1000000,-0.00271349263374914,7.95277666910522e-08,7.83532027490969e-08,-0.0108438129222004,1.58758047966712e-07,1.49792887593424e-07,-40.9242120626743,0.520178850993014,0.87618258834925,0.40930669994559,0.889609035347975,0.822803168265123,8.85642934143086e-07,0,0,1,1,nominal_fsw
1323,10000000,1e-07,16,0.13,2,2,20,20,1,2,2000000,1000000,1000000,-1.69646248855021e-06,1.12609832744504e-07,1.14270071863055e-07,-2.71433202967853e-05,2.25640366491931e-07,2.38215990294049e-07,-49.7917173371701,1.03581854031989,0.2024394484748,0.410453255694176,1.34601680297551,1.08103705922047,8.73448419789452e-07,0,0,1,1,nominal_fsw
1324,10000000,1e-07,16,0.67,2,2,20,20,1,2,2000000,1000000,1000000,-1.69646248855021e-06,1.12609832744504e-07,1.14270071863055e-07,-2.71433202967853e-05,2.25640366491931e-07,2.38215990294049e-07,-49.7917173371701,1.58074438831388,0.266665121885867,0.399036806005526,1.53718099006398,0.849105118275944,8.89538297777599e-07,0,0,1,1,nominal_fsw
1325,10000000,1e-07,16,0.13,2,2,20,20,1,1,2000000,2000000,2000000,-0.00271349263374914,7.95277666910522e-08,7.83532027490969e-08,-0.00271349263374914,7.95277666910522e-08,7.83532027490969e-08,-40.9242120626743,0.350162471898685,0.953133272685314,0.396890340322978,0.988850980258555,0.71049371775276,9.09879972664546e-07,0,0,1,1,nominal_fsw
1326,10000000,1e-07,16,0.67,2,2,20,20,1,1,2000000,2000000,2000000,-0.00271349263374914,7.95277666910522e-08,7.83532027490969e-08,-0.00271349263374914,7.95277666910522e-08,7.83532027490969e-08,-40.9242120626743,0.0732419863734846,0.768678762292896,0.410460560334229,0.858703239151248,0.665575610104539,8.81771602085834e-07,0,0,1,1,nominal_fsw
1327,10000000,1e-07,16,0.13,2,2,20,20,1,2,2000000,2000000,2000000,-1.69646248855021e-06,1.12609832744504e-07,1.14270071863055e-07,-1.69646248855021e-06,1.12609832744504e-07,1.14270071863055e-07,-49.688770997336,0.918947555513272,0.0749306331008448,0.412069207799722,1.29627381841118,0.897366172714847,8.66791140679168e-07,0,0,1,1,nominal_fsw
1328,10000000,1e-07,16,0.67,2,2,20,20,1,2,2000000,2000000,2000000,-1.69646248855021e-06,1.12609832744504e-07,1.14270071863055e-07,-1.69646248855021e-06,1.12609832744504e-07,1.14270071863055e-07,-49.688770997336,1.68420684369968,0.0980979266586468,0.406503735829719,1.20617131489825,0.914326884199543,8.83947668358937e-07,0,0,1,1,nominal_fsw
1329,10000000,1e-07,16,0.13,2,2,20,20,1,1,3000000,250000,250000,-0.00120620603998196,5.30369152206258e-08,5.26857742637191e-08,-0.170333392987803,6.12134396241429e-07,3.18309886714201e-07,-38.0156717480389,1.61775861848221,1.03857066050954,0.404857231052661,1.60089409914626,0.908705522959328,8.57831244534585e-07,0,0,1,1,nominal_fsw
1330,10000000,1e-07,16,0.67,2,2,20,20,1,1,3000000,250000,250000,-0.00120620603998196,5.30369152206258e-08,5.26857742637191e-08,-0.170333392987803,6.12134396241429e-07,3.18309886714201e-07,-38.0156717480389,1.46913844008723,1.00230634314393,0.409632358740417,1.25198943273709,1.01607513374179,8.22639351612817e-07,0,0,1,1,nominal_fsw
1331,10000000,1e-07,16,0.13,2,2,20,20,1,2,3000000,250000,250000,-3.35103753839414e-07,7.50471945447958e-08,7.55437329481472e-08,-0.00694315866354403,9.34833235980618e-07,9.00316314657189e-07,-49.6389368841618,2.25476181111843,0.263441285719723,0.407020646534844,2.23159012377494,0.737965014702887,9.0583057854073e-07,0,0,1,1,nominal_fsw
1332,10000000,1e-07,16,0.67,2,2,20,20,1,2,3000000,250000,250000,-3.35103753839414e-07,7.50471945447958e-08,7.55437329481472e-08,-0.00694315866354403,9.34833235980618e-07,9.00316314657189e-07,-49.6389368841618,3.35095296333043,0.137935435328695,0.403668275845475,2.04565524672186,0.840631920824265,8.65060460892219e-07,0,0,0,0,nominal_fsw
1333,10000000,1e-07,16,0.13,2,2,20,20,1,1,3000000,500000,500000,-0.00120620603998196,5.30369152206258e-08,5.26857742637191e-08,-0.0432137378264256,3.1515830311229e-07,2.54647908913008e-07,-38.0156717480389,0.374781146764724,1.81192727673591,0.395373975717251,0.88878197076071,1.13361538403996,8.47990498023387e-07,0,0,1,1,nominal_fsw
1334,10000000,1e-07,16,0.67,2,2,20,20,1,1,3000000,500000,500000,-0.00120620603998196,5.30369152206258e-08,5.26857742637191e-08,-0.0432137378264256,3.1515830311229e-07,2.54647908913008e-07,-38.0156717480389,0.852543015307083,1.37684988216835,0.410994117122152,1.04969957078997,0.870532435073127,8.49278216903854e-07,0,0,1,1,nominal_fsw
1335,10000000,1e-07,16,0.13,2,2,20,20,1,2,3000000,500000,500000,-3.35103753839414e-07,7.50471945447958e-08,7.55437329481472e-08,-0.000434272768624432,4.5461427828784e-07,5.29597832694518e-07,-49.6389368841618,0.696388863357345,1.10228122366332,0.412493638872104,1.11380242236927,0.772697778045261,8.90208909301091e-07,0,0,1,1,nominal_fsw
1336,10000000,1e-07,16,0.67,2,2,20,20,1,2,3000000,500000,500000,-3.35103753839414e-07,7.50471945447958e-08,7.55437329481472e-08,-0.000434272768624432,4.5461427828784e-07,5.29597832694518e-07,-49.6389368841618,0.550979733669354,0.975424670036884,0.401228598937551,1.15184961428373,0.795194413927847,8.43173575262742e-07,0,0,1,1,nominal_fsw
1337,10000000,1e-07,16,0.13,2,2,20,20,1,1,3000000,1000000,1000000,-0.00120620603998196,5.30369152206258e-08,5.26857742637191e-08,-0.0108438129222004,1.58758047966712e-07,1.49792887593424e-07,-38.0156717480389,0.590215268723648,1.66859652684967,0.390654647715897,0.797178264463129,0.841758518026045,8.63854720371248e-07,0,0,1,1,nominal_fsw
1338,10000000,1e-07,16,0.67,2,2,20,20,1,1,3000000,1000000,1000000,-0.00120620603998196,5.30369152206258e-08,5.26857742637191e-08,-0.0108438129222004,1.58758047966712e-07,1.49792887593424e-07,-38.0156717480389,0.481680006641994,1.5852484814934,0.400440415809069,0.835956594354449,0.921232174752593,8.50931880690801e-07,0,0,1,1,nominal_fsw
1339,10000000,1e-07,16,0.13,2,2,20,20,1,2,3000000,1000000,1000000,-3.35103753839414e-07,7.50471945447958e-08,7.55437329481472e-08,-2.71433202967853e-05,2.25640366491931e-07,2.38215990294049e-07,-49.6389368841618,0.375043207829417,1.10527367383897,0.406937987302778,0.847767367951279,0.949842050624404,8.47896665538468e-07,0,0,1,1,nominal_fsw
1340,10000000,1e-07,16,0.67,2,2,20,20,1,2,3000000,1000000,1000000,-3.35103753839414e-07,7.50471945447958e-08,7.55437329481472e-08,-2.71433202967853e-05,2.25640366491931e-07,2.38215990294049e-07,-49.6389368841618,0.35283441451317,0.507119554593438,0.404087726456107,1.02662671219048,0.748186470425692,8.96317946115423e-07,0,0,1,1,nominal_fsw
1341,10000000,1e-07,16,0.13,2,2,20,20,1,1,3000000,2000000,2000000,-0.00120620603998196,5.30369152206258e-08,5.26857742637191e-08,-0.00271349263374914,7.95277666910522e-08,7.83532027490969e-08,-38.0156717480389,0.0592938760329731,1.64588961304422,0.414972105057239,0.819742251618713,0.864131334987333,8.68644126237485e-07,0,0,1,1,nominal_fsw
1342,10000000,1e-07,16,0.67,2,2,20,20,1,1,3000000,2000000,2000000,-0.00120620603998196,5.30369152206258e-08,5.26857742637191e-08,-0.00271349263374914,7.95277666910522e-08,7.83532027490969e-08,-38.0156717480389,0.169341271589873,1.84820669770518,0.406279888524986,1.01148165589912,0.728012509857877,8.77945408109073e-07,0,0,1,1,nominal_fsw
1343,10000000,1e-07,16,0.13,2,2,20,20,1,2,3000000,2000000,2000000,-3.35103753839414e-07,7.50471945447958e-08,7.55437329481472e-08,-1.69646248855021e-06,1.12609832744504e-07,1.14270071863055e-07,-49.6389368841618,0.64137162528517,0.790466837175163,0.410647088579153,1.11259314798988,0.643488946469352,8.35539479927956e-07,0,0,1,1,nominal_fsw
1344,10000000,1e-07,16,0.67,2,2,20,20,1,2,3000000,2000000,2000000,-3.35103753839414e-07,7.50471945447958e-08,7.55437329481472e-08,-1.69646248855021e-06,1.12609832744504e-07,1.14270071863055e-07,-49.6389368841618,0.457492547975402,0.665341849182366,0.400272171581307,1.10224479546005,0.969661423193992,9.0239271417919e-07,0,0,1,1,nominal_fsw
1345,800000,1.25e-06,16,0.41,2,0,0,0,0,2,1000000,1000000,1000000,-2.60737683846184e-05,2.25629224444223e-07,2.38215990294049e-07,-2.60737683846184e-05,2.25629224444223e-07,2.38215990294049e-07,-22.4346022614885,0.467251586716599,20,0.490712145286693,1.55131810618643,NaN,NaN,0,0,0,0,fsw_-1pct_async
1346,800000,1.25e-06,16,0.41,2,0,0,0,0,2,1000000,1000000,1000000,-2.82454443598425e-05,2.25651619380423e-07,2.38215990294049e-07,-2.82454443598425e-05,2.25651619380423e-07,2.38215990294049e-07,-22.0908714385214,0.738145859423622,20,0.469846789368544,1.66256445507264,NaN,NaN,0,0,0,0,fsw_+1pct_async
1347,800000,1.25e-06,16,0.41,2,0,0,0,0,2,2000000,1000000,1000000,-1.62961511061897e-06,1.12608434767862e-07,1.14270071863055e-07,-2.60737683846184e-05,2.25629224444223e-07,2.38215990294049e-07,-21.0011442665899,2.00331526137487,20,0.571159423448268,0.596738666962341,NaN,NaN,0,0,0,0,fsw_-1pct_async
1348,800000,1.25e-06,16,0.41,2,0,0,0,0,2,2000000,1000000,1000000,-1.76534565623109e-06,1.12611244735852e-07,1.14270071863055e-07,-2.82454443598425e-05,2.25651619380423e-07,2.38215990294049e-07,-20.835428084148,2.03845876822424,20,0.549023202958694,0.570642381092126,NaN,NaN,0,0,0,0,fsw_+1pct_async
1349,1600000,6.25e-07,16,0.41,2,1.875,3,3,1,2,1000000,1000000,1000000,-2.60737683846184e-05,2.25629224444223e-07,2.38215990294049e-07,-2.60737683846184e-05,2.25629224444223e-07,2.38215990294049e-07,-29.7476728697839,5.89025436839661,0.620890147165531,0.176444903146237,2.92328927112424,1.18009843579423,1.05909746016811e-05,0,0,0,0,fsw_-1pct_async
1350,1600000,6.25e-07,16,0.41,2,1.875,3,3,1,2,1000000,1000000,1000000,-2.82454443598425e-05,2.25651619380423e-07,2.38215990294049e-07,-2.82454443598425e-05,2.25651619380423e-07,2.38215990294049e-07,-28.5071543587959,7.9281920870603,0.977561245746683,0.176736128093011,2.7859133120822,1.30655260530226,8.99321128714435e-06,0,0,0,0,fsw_+1pct_async
1351,1600000,6.25e-07,16,0.41,2,1.875,3,3,1,2,2000000,1000000,1000000,-1.62961511061897e-06,1.12608434767862e-07,1.14270071863055e-07,-2.60737683846184e-05,2.25629224444223e-07,2.38215990294049e-07,-25.6014443208058,0.520122934490708,0.351641735229402,0.136774315806975,0.998009239383734,0.740236908594463,5.08568388295034e-06,0,0,1,1,fsw_-1pct_async
1352,1600000,6.25e-07,16,0.41,2,1.875,3,3,1,2,2000000,1000000,1000000,-1.76534565623109e-06,1.12611244735852e-07,1.14270071863055e-07,-2.82454443598425e-05,2.25651619380423e-07,2.38215990294049e-07,-25.1056263944757,0.00283770663547234,0.340857207449852,0.145606893765511,0.93142120827878,0.989611805145059,4.84707998080846e-06,0,0,1,1,fsw_+1pct_async
1353,2500000,4e-07,16,0.41,2,1.6,5,5,1,2,1000000,1000000,1000000,-2.60737683846184e-05,2.25629224444223e-07,2.38215990294049e-07,-2.60737683846184e-05,2.25629224444223e-07,2.38215990294049e-07,-36.0873314643521,3.9915924501279,1.53714897711512,0.191748683439417,3.1591815085269,0.774598887762599,6.36725205950443e-06,0,0,0,0,fsw_-1pct_async
1354,2500000,4e-07,16,0.41,2,1.6,5,5,1,2,1000000,1000000,1000000,-2.82454443598425e-05,2.25651619380423e-07,2.38215990294049e-07,-2.82454443598425e-05,2.25651619380423e-07,2.38215990294049e-07,-35.360656121049,6.85783520232195,1.08407782891375,0.179680554395965,2.91081623419262,0.858931880391583,5.56132922222842e-06,0,0,0,0,fsw_+1pct_async
1355,2500000,4e-07,16,0.41,2,1.6,5,5,1,2,2000000,1000000,1000000,-1.62961511061897e-06,1.12608434767862e-07,1.14270071863055e-07,-2.60737683846184e-05,2.25629224444223e-07,2.38215990294049e-07,-29.1289595731369,0.338160900722773,0.376596196330503,0.166683071990061,1.06855762106663,0.783802598000072,3.28515985463547e-06,0,0,1,1,fsw_-1pct_async
1356,2500000,4e-07,16,0.41,2,1.6,5,5,1,2,2000000,1000000,1000000,-1.76534565623109e-06,1.12611244735852e-07,1.14270071863055e-07,-2.82454443598425e-05,2.25651619380423e-07,2.38215990294049e-07,-29.3771606742527,0.322792271249883,0.0921099152541904,0.175824816406678,0.990594790776723,0.780308144112194,3.54862023583564e-06,0,0,1,1,fsw_+1pct_async
1357,5000000,2e-07,16,0.41,2,1.8,10,10,1,2,1000000,1000000,1000000,-2.60737683846184e-05,2.25629224444223e-07,2.38215990294049e-07,-2.60737683846184e-05,2.25629224444223e-07,2.38215990294049e-07,-47.2763582984849,0.643358099651326,1.19403491098893,0.283608324037784,4.10742949996631,0.740613459364318,2.81495584235919e-06,0,0,1,1,fsw_-1pct_async
1358,5000000,2e-07,16,0.41,2,1.8,10,10,1,2,1000000,1000000,1000000,-2.82454443598425e-05,2.25651619380423e-07,2.38215990294049e-07,-2.82454443598425e-05,2.25651619380423e-07,2.38215990294049e-07,-42.5707167976566,5.62078799530263,1.02577623642788,0.285867445946086,2.98241694039951,0.591168615769946,2.84167420132684e-06,0,0,0,0,fsw_+1pct_async
1359,5000000,2e-07,16,0.41,2,1.8,10,10,1,2,2000000,1000000,1000000,-1.62961511061897e-06,1.12608434767862e-07,1.14270071863055e-07,-2.60737683846184e-05,2.25629224444223e-07,2.38215990294049e-07,-39.4738802997427,0.983227214570892,0.197424007946556,0.25885827656234,1.3162377714826,0.712617916699671,1.85043557043992e-06,0,0,1,1,fsw_-1pct_async
1360,5000000,2e-07,16,0.41,2,1.8,10,10,1,2,2000000,1000000,1000000,-1.76534565623109e-06,1.12611244735852e-07,1.14270071863055e-07,-2.82454443598425e-05,2.25651619380423e-07,2.38215990294049e-07,-38.662667645033,0.816089263805864,0.272124162403731,0.269783906848908,1.0032393288451,0.875133049694495,1.82535521501634e-06,0,0,1,1,fsw_+1pct_async
