test_id,D,guard_us,points_required_per_side,window_us,fs_adc_Hz,adc_interval_s,mean_points_pre,mean_points_post,worst_points_pre,worst_points_post,worst_phase_available_points,designed_phase_max_points,phase_feasible_fraction,mean_feasible,phase95_feasible,phase100_feasible,designed_phase_feasible,duty_on_margin_us,duty_off_margin_us,A1_window_span_feasible
1,0.25,0.2,3,1,400000,2.5e-06,0.390625,0.390625,0,0,0,0,0,0,0,0,0,3.8,13.8,0
2,0.25,0.2,3,1,600000,1.66666666666667e-06,0.609375,0.609375,0,0,0,1,0,0,0,0,0,3.8,13.8,0
3,0.25,0.2,3,1,800000,1.25e-06,0.796875,0.796875,0,0,0,1,0,0,0,0,0,3.8,13.8,0
4,0.25,0.2,3,1,1000000,1e-06,1,1,1,1,1,1,0,0,0,0,0,3.8,13.8,0
5,0.25,0.2,3,1,1250000,8e-07,1.015625,1.015625,1,1,1,1,0,0,0,0,0,3.8,13.8,0
6,0.25,0.2,3,1,1600000,6.25e-07,1.59375,1.59375,1,1,1,2,0,0,0,0,0,3.8,13.8,0
7,0.25,0.2,3,1,2000000,5e-07,2,2,2,2,2,2,0,0,0,0,0,3.8,13.8,1
8,0.25,0.2,3,1,2500000,4e-07,2.03125,2.03125,2,2,2,3,0.03125,0,0,0,1,3.8,13.8,1
9,0.25,0.2,3,1,3200000,3.125e-07,3.203125,3.203125,3,3,3,3,1,1,1,1,1,3.8,13.8,1
10,0.25,0.2,3,1,5000000,2e-07,5.015625,5.015625,5,5,5,6,1,1,1,1,1,3.8,13.8,1
11,0.25,0.2,3,1,10000000,1e-07,10.015625,10.015625,10,10,10,11,1,1,1,1,1,3.8,13.8,1
12,0.25,0.2,3,1.5,400000,2.5e-06,0.59375,0.59375,0,0,0,1,0,0,0,0,0,3.3,13.3,0
13,0.25,0.2,3,1.5,600000,1.66666666666667e-06,0.90625,0.90625,0,0,0,1,0,0,0,0,0,3.3,13.3,0
14,0.25,0.2,3,1.5,800000,1.25e-06,1.203125,1.203125,1,1,1,1,0,0,0,0,0,3.3,13.3,0
15,0.25,0.2,3,1.5,1000000,1e-06,1.5,1.5,1,1,1,2,0,0,0,0,0,3.3,13.3,0
16,0.25,0.2,3,1.5,1250000,8e-07,1.78125,1.78125,1,1,1,2,0,0,0,0,0,3.3,13.3,0
17,0.25,0.2,3,1.5,1600000,6.25e-07,2.40625,2.40625,2,2,2,3,0.359375,0,0,0,1,3.3,13.3,1
18,0.25,0.2,3,1.5,2000000,5e-07,3,3,3,3,3,3,1,1,1,1,1,3.3,13.3,1
19,0.25,0.2,3,1.5,2500000,4e-07,3.53125,3.53125,3,3,3,4,1,1,1,1,1,3.3,13.3,1
20,0.25,0.2,3,1.5,3200000,3.125e-07,4.8125,4.8125,4,4,4,5,1,1,1,1,1,3.3,13.3,1
21,0.25,0.2,3,1.5,5000000,2e-07,7.515625,7.515625,7,7,7,8,1,1,1,1,1,3.3,13.3,1
22,0.25,0.2,3,1.5,10000000,1e-07,15.015625,15.015625,15,15,15,16,1,1,1,1,1,3.3,13.3,1
23,0.25,0.2,3,2,400000,2.5e-06,0.796875,0.796875,0,0,0,1,0,0,0,0,0,2.8,12.8,0
24,0.25,0.2,3,2,600000,1.66666666666667e-06,1.203125,1.203125,1,1,1,1,0,0,0,0,0,2.8,12.8,0
25,0.25,0.2,3,2,800000,1.25e-06,1.59375,1.59375,1,1,1,2,0,0,0,0,0,2.8,12.8,0
26,0.25,0.2,3,2,1000000,1e-06,2,2,2,2,2,2,0,0,0,0,0,2.8,12.8,1
27,0.25,0.2,3,2,1250000,8e-07,2.265625,2.265625,2,2,2,3,0.265625,0,0,0,1,2.8,12.8,1
28,0.25,0.2,3,2,1600000,6.25e-07,3.203125,3.203125,3,3,3,4,1,1,1,1,1,2.8,12.8,1
29,0.25,0.2,3,2,2000000,5e-07,4,4,4,4,4,4,1,1,1,1,1,2.8,12.8,1
30,0.25,0.2,3,2,2500000,4e-07,5,5,5,5,5,5,1,1,1,1,1,2.8,12.8,1
31,0.25,0.2,3,2,3200000,3.125e-07,6.40625,6.40625,6,6,6,7,1,1,1,1,1,2.8,12.8,1
32,0.25,0.2,3,2,5000000,2e-07,10.015625,10.015625,10,10,10,11,1,1,1,1,1,2.8,12.8,1
33,0.25,0.2,3,2,10000000,1e-07,20.015625,20.015625,20,20,20,21,1,1,1,1,1,2.8,12.8,1
34,0.25,0.2,3,2.5,400000,2.5e-06,1,1,1,1,1,1,0,0,0,0,0,2.3,12.3,0
35,0.25,0.2,3,2.5,600000,1.66666666666667e-06,1.5,1.5,1,1,1,2,0,0,0,0,0,2.3,12.3,0
36,0.25,0.2,3,2.5,800000,1.25e-06,2,2,2,2,2,2,0,0,0,0,0,2.3,12.3,1
37,0.25,0.2,3,2.5,1000000,1e-06,2.5,2.5,2,2,2,3,0.390625,0,0,0,1,2.3,12.3,1
38,0.25,0.2,3,2.5,1250000,8e-07,3,3,3,3,3,3,1,1,1,1,1,2.3,12.3,1
39,0.25,0.2,3,2.5,1600000,6.25e-07,4,4,4,4,4,4,1,1,1,1,1,2.3,12.3,1
40,0.25,0.2,3,2.5,2000000,5e-07,5,5,5,5,5,5,1,1,1,1,1,2.3,12.3,1
41,0.25,0.2,3,2.5,2500000,4e-07,6,6,6,6,6,6,1,1,1,1,1,2.3,12.3,1
42,0.25,0.2,3,2.5,3200000,3.125e-07,8,8,8,8,8,8,1,1,1,1,1,2.3,12.3,1
43,0.25,0.2,3,2.5,5000000,2e-07,12.515625,12.515625,12,12,12,13,1,1,1,1,1,2.3,12.3,1
44,0.25,0.2,3,2.5,10000000,1e-07,25.015625,25.015625,25,25,25,26,1,1,1,1,1,2.3,12.3,1
45,0.25,0.2,3,3,400000,2.5e-06,1.1875,1.1875,1,1,1,1,0,0,0,0,0,1.8,11.8,0
46,0.25,0.2,3,3,600000,1.66666666666667e-06,1.796875,1.796875,1,1,1,2,0,0,0,0,0,1.8,11.8,0
47,0.25,0.2,3,3,800000,1.25e-06,2.390625,2.390625,2,2,2,3,0.109375,0,0,0,1,1.8,11.8,1
48,0.25,0.2,3,3,1000000,1e-06,3,3,3,3,3,3,1,1,1,1,1,1.8,11.8,1
49,0.25,0.2,3,3,1250000,8e-07,3.53125,3.53125,3,3,3,4,1,1,1,1,1,1.8,11.8,1
50,0.25,0.2,3,3,1600000,6.25e-07,4.796875,4.796875,4,4,4,5,1,1,1,1,1,1.8,11.8,1
51,0.25,0.2,3,3,2000000,5e-07,6,6,6,6,6,6,1,1,1,1,1,1.8,11.8,1
52,0.25,0.2,3,3,2500000,4e-07,7.03125,7.03125,7,7,7,8,1,1,1,1,1,1.8,11.8,1
53,0.25,0.2,3,3,3200000,3.125e-07,9.609375,9.609375,9,9,9,10,1,1,1,1,1,1.8,11.8,1
54,0.25,0.2,3,3,5000000,2e-07,15.015625,15.015625,15,15,15,16,1,1,1,1,1,1.8,11.8,1
55,0.25,0.2,3,3,10000000,1e-07,30.015625,30.015625,30,30,30,31,1,1,1,1,1,1.8,11.8,1
56,0.25,0.2,3,5,400000,2.5e-06,2,2,2,2,2,2,0,0,0,0,0,-0.199999999999999,9.8,1
57,0.25,0.2,3,5,600000,1.66666666666667e-06,3,3,3,3,3,3,0,0,0,0,0,-0.199999999999999,9.8,1
58,0.25,0.2,3,5,800000,1.25e-06,4,4,4,4,4,4,0,0,0,0,0,-0.199999999999999,9.8,1
59,0.25,0.2,3,5,1000000,1e-06,5,5,5,5,5,5,0,0,0,0,0,-0.199999999999999,9.8,1
60,0.25,0.2,3,5,1250000,8e-07,6.015625,6.015625,6,6,6,6,0,0,0,0,0,-0.199999999999999,9.8,1
61,0.25,0.2,3,5,1600000,6.25e-07,8,8,8,8,8,8,0,0,0,0,0,-0.199999999999999,9.8,1
62,0.25,0.2,3,5,2000000,5e-07,10,10,10,10,10,10,0,0,0,0,0,-0.199999999999999,9.8,1
63,0.25,0.2,3,5,2500000,4e-07,12.03125,12.03125,12,12,12,13,0,0,0,0,0,-0.199999999999999,9.8,1
64,0.25,0.2,3,5,3200000,3.125e-07,16,16,16,16,16,16,0,0,0,0,0,-0.199999999999999,9.8,1
65,0.25,0.2,3,5,5000000,2e-07,25.015625,25.015625,25,25,25,26,0,0,0,0,0,-0.199999999999999,9.8,1
66,0.25,0.2,3,5,10000000,1e-07,50.015625,50.015625,50,50,50,51,0,0,0,0,0,-0.199999999999999,9.8,1
67,0.25,0.2,3,6,400000,2.5e-06,2.390625,2.390625,2,2,2,2,0,0,0,0,0,-1.2,8.8,1
68,0.25,0.2,3,6,600000,1.66666666666667e-06,3.609375,3.609375,3,3,3,4,0,0,0,0,0,-1.2,8.8,1
69,0.25,0.2,3,6,800000,1.25e-06,4.796875,4.796875,4,4,4,5,0,0,0,0,0,-1.2,8.8,1
70,0.25,0.2,3,6,1000000,1e-06,6,6,6,6,6,6,0,0,0,0,0,-1.2,8.8,1
71,0.25,0.2,3,6,1250000,8e-07,7.265625,7.265625,7,7,7,8,0,0,0,0,0,-1.2,8.8,1
72,0.25,0.2,3,6,1600000,6.25e-07,9.59375,9.59375,9,9,9,10,0,0,0,0,0,-1.2,8.8,1
73,0.25,0.2,3,6,2000000,5e-07,12,12,12,12,12,12,0,0,0,0,0,-1.2,8.8,1
74,0.25,0.2,3,6,2500000,4e-07,15,15,15,15,15,15,0,0,0,0,0,-1.2,8.8,1
75,0.25,0.2,3,6,3200000,3.125e-07,19.203125,19.203125,19,19,19,19,0,0,0,0,0,-1.2,8.8,1
76,0.25,0.2,3,6,5000000,2e-07,30.015625,30.015625,30,30,30,31,0,0,0,0,0,-1.2,8.8,1
77,0.25,0.2,3,6,10000000,1e-07,60.015625,60.015625,60,60,60,61,0,0,0,0,0,-1.2,8.8,1
78,0.25,0.2,4,1,400000,2.5e-06,0.390625,0.390625,0,0,0,0,0,0,0,0,0,3.8,13.8,0
79,0.25,0.2,4,1,600000,1.66666666666667e-06,0.609375,0.609375,0,0,0,1,0,0,0,0,0,3.8,13.8,0
80,0.25,0.2,4,1,800000,1.25e-06,0.796875,0.796875,0,0,0,1,0,0,0,0,0,3.8,13.8,0
81,0.25,0.2,4,1,1000000,1e-06,1,1,1,1,1,1,0,0,0,0,0,3.8,13.8,0
82,0.25,0.2,4,1,1250000,8e-07,1.015625,1.015625,1,1,1,1,0,0,0,0,0,3.8,13.8,0
83,0.25,0.2,4,1,1600000,6.25e-07,1.59375,1.59375,1,1,1,2,0,0,0,0,0,3.8,13.8,0
84,0.25,0.2,4,1,2000000,5e-07,2,2,2,2,2,2,0,0,0,0,0,3.8,13.8,0
85,0.25,0.2,4,1,2500000,4e-07,2.03125,2.03125,2,2,2,3,0,0,0,0,0,3.8,13.8,0
86,0.25,0.2,4,1,3200000,3.125e-07,3.203125,3.203125,3,3,3,3,0,0,0,0,0,3.8,13.8,1
87,0.25,0.2,4,1,5000000,2e-07,5.015625,5.015625,5,5,5,6,1,1,1,1,1,3.8,13.8,1
88,0.25,0.2,4,1,10000000,1e-07,10.015625,10.015625,10,10,10,11,1,1,1,1,1,3.8,13.8,1
89,0.25,0.2,4,1.5,400000,2.5e-06,0.59375,0.59375,0,0,0,1,0,0,0,0,0,3.3,13.3,0
90,0.25,0.2,4,1.5,600000,1.66666666666667e-06,0.90625,0.90625,0,0,0,1,0,0,0,0,0,3.3,13.3,0
91,0.25,0.2,4,1.5,800000,1.25e-06,1.203125,1.203125,1,1,1,1,0,0,0,0,0,3.3,13.3,0
92,0.25,0.2,4,1.5,1000000,1e-06,1.5,1.5,1,1,1,2,0,0,0,0,0,3.3,13.3,0
93,0.25,0.2,4,1.5,1250000,8e-07,1.78125,1.78125,1,1,1,2,0,0,0,0,0,3.3,13.3,0
94,0.25,0.2,4,1.5,1600000,6.25e-07,2.40625,2.40625,2,2,2,3,0,0,0,0,0,3.3,13.3,0
95,0.25,0.2,4,1.5,2000000,5e-07,3,3,3,3,3,3,0,0,0,0,0,3.3,13.3,1
96,0.25,0.2,4,1.5,2500000,4e-07,3.53125,3.53125,3,3,3,4,0.0625,0,0,0,1,3.3,13.3,1
97,0.25,0.2,4,1.5,3200000,3.125e-07,4.8125,4.8125,4,4,4,5,1,1,1,1,1,3.3,13.3,1
98,0.25,0.2,4,1.5,5000000,2e-07,7.515625,7.515625,7,7,7,8,1,1,1,1,1,3.3,13.3,1
99,0.25,0.2,4,1.5,10000000,1e-07,15.015625,15.015625,15,15,15,16,1,1,1,1,1,3.3,13.3,1
100,0.25,0.2,4,2,400000,2.5e-06,0.796875,0.796875,0,0,0,1,0,0,0,0,0,2.8,12.8,0
101,0.25,0.2,4,2,600000,1.66666666666667e-06,1.203125,1.203125,1,1,1,1,0,0,0,0,0,2.8,12.8,0
102,0.25,0.2,4,2,800000,1.25e-06,1.59375,1.59375,1,1,1,2,0,0,0,0,0,2.8,12.8,0
103,0.25,0.2,4,2,1000000,1e-06,2,2,2,2,2,2,0,0,0,0,0,2.8,12.8,0
104,0.25,0.2,4,2,1250000,8e-07,2.265625,2.265625,2,2,2,3,0,0,0,0,0,2.8,12.8,0
105,0.25,0.2,4,2,1600000,6.25e-07,3.203125,3.203125,3,3,3,4,0.046875,0,0,0,1,2.8,12.8,1
106,0.25,0.2,4,2,2000000,5e-07,4,4,4,4,4,4,1,1,1,1,1,2.8,12.8,1
107,0.25,0.2,4,2,2500000,4e-07,5,5,5,5,5,5,1,1,1,1,1,2.8,12.8,1
108,0.25,0.2,4,2,3200000,3.125e-07,6.40625,6.40625,6,6,6,7,1,1,1,1,1,2.8,12.8,1
109,0.25,0.2,4,2,5000000,2e-07,10.015625,10.015625,10,10,10,11,1,1,1,1,1,2.8,12.8,1
110,0.25,0.2,4,2,10000000,1e-07,20.015625,20.015625,20,20,20,21,1,1,1,1,1,2.8,12.8,1
111,0.25,0.2,4,2.5,400000,2.5e-06,1,1,1,1,1,1,0,0,0,0,0,2.3,12.3,0
112,0.25,0.2,4,2.5,600000,1.66666666666667e-06,1.5,1.5,1,1,1,2,0,0,0,0,0,2.3,12.3,0
113,0.25,0.2,4,2.5,800000,1.25e-06,2,2,2,2,2,2,0,0,0,0,0,2.3,12.3,0
114,0.25,0.2,4,2.5,1000000,1e-06,2.5,2.5,2,2,2,3,0,0,0,0,0,2.3,12.3,0
115,0.25,0.2,4,2.5,1250000,8e-07,3,3,3,3,3,3,0,0,0,0,0,2.3,12.3,1
116,0.25,0.2,4,2.5,1600000,6.25e-07,4,4,4,4,4,4,1,1,1,1,1,2.3,12.3,1
117,0.25,0.2,4,2.5,2000000,5e-07,5,5,5,5,5,5,1,1,1,1,1,2.3,12.3,1
118,0.25,0.2,4,2.5,2500000,4e-07,6,6,6,6,6,6,1,1,1,1,1,2.3,12.3,1
119,0.25,0.2,4,2.5,3200000,3.125e-07,8,8,8,8,8,8,1,1,1,1,1,2.3,12.3,1
120,0.25,0.2,4,2.5,5000000,2e-07,12.515625,12.515625,12,12,12,13,1,1,1,1,1,2.3,12.3,1
121,0.25,0.2,4,2.5,10000000,1e-07,25.015625,25.015625,25,25,25,26,1,1,1,1,1,2.3,12.3,1
122,0.25,0.2,4,3,400000,2.5e-06,1.1875,1.1875,1,1,1,1,0,0,0,0,0,1.8,11.8,0
123,0.25,0.2,4,3,600000,1.66666666666667e-06,1.796875,1.796875,1,1,1,2,0,0,0,0,0,1.8,11.8,0
124,0.25,0.2,4,3,800000,1.25e-06,2.390625,2.390625,2,2,2,3,0,0,0,0,0,1.8,11.8,0
125,0.25,0.2,4,3,1000000,1e-06,3,3,3,3,3,3,0,0,0,0,0,1.8,11.8,1
126,0.25,0.2,4,3,1250000,8e-07,3.53125,3.53125,3,3,3,4,0.296875,0,0,0,1,1.8,11.8,1
127,0.25,0.2,4,3,1600000,6.25e-07,4.796875,4.796875,4,4,4,5,1,1,1,1,1,1.8,11.8,1
128,0.25,0.2,4,3,2000000,5e-07,6,6,6,6,6,6,1,1,1,1,1,1.8,11.8,1
129,0.25,0.2,4,3,2500000,4e-07,7.03125,7.03125,7,7,7,8,1,1,1,1,1,1.8,11.8,1
130,0.25,0.2,4,3,3200000,3.125e-07,9.609375,9.609375,9,9,9,10,1,1,1,1,1,1.8,11.8,1
131,0.25,0.2,4,3,5000000,2e-07,15.015625,15.015625,15,15,15,16,1,1,1,1,1,1.8,11.8,1
132,0.25,0.2,4,3,10000000,1e-07,30.015625,30.015625,30,30,30,31,1,1,1,1,1,1.8,11.8,1
133,0.25,0.2,4,5,400000,2.5e-06,2,2,2,2,2,2,0,0,0,0,0,-0.199999999999999,9.8,0
134,0.25,0.2,4,5,600000,1.66666666666667e-06,3,3,3,3,3,3,0,0,0,0,0,-0.199999999999999,9.8,1
135,0.25,0.2,4,5,800000,1.25e-06,4,4,4,4,4,4,0,0,0,0,0,-0.199999999999999,9.8,1
136,0.25,0.2,4,5,1000000,1e-06,5,5,5,5,5,5,0,0,0,0,0,-0.199999999999999,9.8,1
137,0.25,0.2,4,5,1250000,8e-07,6.015625,6.015625,6,6,6,6,0,0,0,0,0,-0.199999999999999,9.8,1
138,0.25,0.2,4,5,1600000,6.25e-07,8,8,8,8,8,8,0,0,0,0,0,-0.199999999999999,9.8,1
139,0.25,0.2,4,5,2000000,5e-07,10,10,10,10,10,10,0,0,0,0,0,-0.199999999999999,9.8,1
140,0.25,0.2,4,5,2500000,4e-07,12.03125,12.03125,12,12,12,13,0,0,0,0,0,-0.199999999999999,9.8,1
141,0.25,0.2,4,5,3200000,3.125e-07,16,16,16,16,16,16,0,0,0,0,0,-0.199999999999999,9.8,1
142,0.25,0.2,4,5,5000000,2e-07,25.015625,25.015625,25,25,25,26,0,0,0,0,0,-0.199999999999999,9.8,1
143,0.25,0.2,4,5,10000000,1e-07,50.015625,50.015625,50,50,50,51,0,0,0,0,0,-0.199999999999999,9.8,1
144,0.25,0.2,4,6,400000,2.5e-06,2.390625,2.390625,2,2,2,2,0,0,0,0,0,-1.2,8.8,0
145,0.25,0.2,4,6,600000,1.66666666666667e-06,3.609375,3.609375,3,3,3,4,0,0,0,0,0,-1.2,8.8,1
146,0.25,0.2,4,6,800000,1.25e-06,4.796875,4.796875,4,4,4,5,0,0,0,0,0,-1.2,8.8,1
147,0.25,0.2,4,6,1000000,1e-06,6,6,6,6,6,6,0,0,0,0,0,-1.2,8.8,1
148,0.25,0.2,4,6,1250000,8e-07,7.265625,7.265625,7,7,7,8,0,0,0,0,0,-1.2,8.8,1
149,0.25,0.2,4,6,1600000,6.25e-07,9.59375,9.59375,9,9,9,10,0,0,0,0,0,-1.2,8.8,1
150,0.25,0.2,4,6,2000000,5e-07,12,12,12,12,12,12,0,0,0,0,0,-1.2,8.8,1
151,0.25,0.2,4,6,2500000,4e-07,15,15,15,15,15,15,0,0,0,0,0,-1.2,8.8,1
152,0.25,0.2,4,6,3200000,3.125e-07,19.203125,19.203125,19,19,19,19,0,0,0,0,0,-1.2,8.8,1
153,0.25,0.2,4,6,5000000,2e-07,30.015625,30.015625,30,30,30,31,0,0,0,0,0,-1.2,8.8,1
154,0.25,0.2,4,6,10000000,1e-07,60.015625,60.015625,60,60,60,61,0,0,0,0,0,-1.2,8.8,1
155,0.25,0.2,5,1,400000,2.5e-06,0.390625,0.390625,0,0,0,0,0,0,0,0,0,3.8,13.8,0
156,0.25,0.2,5,1,600000,1.66666666666667e-06,0.609375,0.609375,0,0,0,1,0,0,0,0,0,3.8,13.8,0
157,0.25,0.2,5,1,800000,1.25e-06,0.796875,0.796875,0,0,0,1,0,0,0,0,0,3.8,13.8,0
158,0.25,0.2,5,1,1000000,1e-06,1,1,1,1,1,1,0,0,0,0,0,3.8,13.8,0
159,0.25,0.2,5,1,1250000,8e-07,1.015625,1.015625,1,1,1,1,0,0,0,0,0,3.8,13.8,0
160,0.25,0.2,5,1,1600000,6.25e-07,1.59375,1.59375,1,1,1,2,0,0,0,0,0,3.8,13.8,0
161,0.25,0.2,5,1,2000000,5e-07,2,2,2,2,2,2,0,0,0,0,0,3.8,13.8,0
162,0.25,0.2,5,1,2500000,4e-07,2.03125,2.03125,2,2,2,3,0,0,0,0,0,3.8,13.8,0
163,0.25,0.2,5,1,3200000,3.125e-07,3.203125,3.203125,3,3,3,3,0,0,0,0,0,3.8,13.8,0
164,0.25,0.2,5,1,5000000,2e-07,5.015625,5.015625,5,5,5,6,1,1,1,1,1,3.8,13.8,1
165,0.25,0.2,5,1,10000000,1e-07,10.015625,10.015625,10,10,10,11,1,1,1,1,1,3.8,13.8,1
166,0.25,0.2,5,1.5,400000,2.5e-06,0.59375,0.59375,0,0,0,1,0,0,0,0,0,3.3,13.3,0
167,0.25,0.2,5,1.5,600000,1.66666666666667e-06,0.90625,0.90625,0,0,0,1,0,0,0,0,0,3.3,13.3,0
168,0.25,0.2,5,1.5,800000,1.25e-06,1.203125,1.203125,1,1,1,1,0,0,0,0,0,3.3,13.3,0
169,0.25,0.2,5,1.5,1000000,1e-06,1.5,1.5,1,1,1,2,0,0,0,0,0,3.3,13.3,0
170,0.25,0.2,5,1.5,1250000,8e-07,1.78125,1.78125,1,1,1,2,0,0,0,0,0,3.3,13.3,0
171,0.25,0.2,5,1.5,1600000,6.25e-07,2.40625,2.40625,2,2,2,3,0,0,0,0,0,3.3,13.3,0
172,0.25,0.2,5,1.5,2000000,5e-07,3,3,3,3,3,3,0,0,0,0,0,3.3,13.3,0
173,0.25,0.2,5,1.5,2500000,4e-07,3.53125,3.53125,3,3,3,4,0,0,0,0,0,3.3,13.3,0
174,0.25,0.2,5,1.5,3200000,3.125e-07,4.8125,4.8125,4,4,4,5,0.734375,1,0,0,1,3.3,13.3,1
175,0.25,0.2,5,1.5,5000000,2e-07,7.515625,7.515625,7,7,7,8,1,1,1,1,1,3.3,13.3,1
176,0.25,0.2,5,1.5,10000000,1e-07,15.015625,15.015625,15,15,15,16,1,1,1,1,1,3.3,13.3,1
177,0.25,0.2,5,2,400000,2.5e-06,0.796875,0.796875,0,0,0,1,0,0,0,0,0,2.8,12.8,0
178,0.25,0.2,5,2,600000,1.66666666666667e-06,1.203125,1.203125,1,1,1,1,0,0,0,0,0,2.8,12.8,0
179,0.25,0.2,5,2,800000,1.25e-06,1.59375,1.59375,1,1,1,2,0,0,0,0,0,2.8,12.8,0
180,0.25,0.2,5,2,1000000,1e-06,2,2,2,2,2,2,0,0,0,0,0,2.8,12.8,0
181,0.25,0.2,5,2,1250000,8e-07,2.265625,2.265625,2,2,2,3,0,0,0,0,0,2.8,12.8,0
182,0.25,0.2,5,2,1600000,6.25e-07,3.203125,3.203125,3,3,3,4,0,0,0,0,0,2.8,12.8,0
183,0.25,0.2,5,2,2000000,5e-07,4,4,4,4,4,4,0,0,0,0,0,2.8,12.8,1
184,0.25,0.2,5,2,2500000,4e-07,5,5,5,5,5,5,1,1,1,1,1,2.8,12.8,1
185,0.25,0.2,5,2,3200000,3.125e-07,6.40625,6.40625,6,6,6,7,1,1,1,1,1,2.8,12.8,1
186,0.25,0.2,5,2,5000000,2e-07,10.015625,10.015625,10,10,10,11,1,1,1,1,1,2.8,12.8,1
187,0.25,0.2,5,2,10000000,1e-07,20.015625,20.015625,20,20,20,21,1,1,1,1,1,2.8,12.8,1
188,0.25,0.2,5,2.5,400000,2.5e-06,1,1,1,1,1,1,0,0,0,0,0,2.3,12.3,0
189,0.25,0.2,5,2.5,600000,1.66666666666667e-06,1.5,1.5,1,1,1,2,0,0,0,0,0,2.3,12.3,0
190,0.25,0.2,5,2.5,800000,1.25e-06,2,2,2,2,2,2,0,0,0,0,0,2.3,12.3,0
191,0.25,0.2,5,2.5,1000000,1e-06,2.5,2.5,2,2,2,3,0,0,0,0,0,2.3,12.3,0
192,0.25,0.2,5,2.5,1250000,8e-07,3,3,3,3,3,3,0,0,0,0,0,2.3,12.3,0
193,0.25,0.2,5,2.5,1600000,6.25e-07,4,4,4,4,4,4,0,0,0,0,0,2.3,12.3,1
194,0.25,0.2,5,2.5,2000000,5e-07,5,5,5,5,5,5,1,1,1,1,1,2.3,12.3,1
195,0.25,0.2,5,2.5,2500000,4e-07,6,6,6,6,6,6,1,1,1,1,1,2.3,12.3,1
196,0.25,0.2,5,2.5,3200000,3.125e-07,8,8,8,8,8,8,1,1,1,1,1,2.3,12.3,1
197,0.25,0.2,5,2.5,5000000,2e-07,12.515625,12.515625,12,12,12,13,1,1,1,1,1,2.3,12.3,1
198,0.25,0.2,5,2.5,10000000,1e-07,25.015625,25.015625,25,25,25,26,1,1,1,1,1,2.3,12.3,1
199,0.25,0.2,5,3,400000,2.5e-06,1.1875,1.1875,1,1,1,1,0,0,0,0,0,1.8,11.8,0
200,0.25,0.2,5,3,600000,1.66666666666667e-06,1.796875,1.796875,1,1,1,2,0,0,0,0,0,1.8,11.8,0
201,0.25,0.2,5,3,800000,1.25e-06,2.390625,2.390625,2,2,2,3,0,0,0,0,0,1.8,11.8,0
202,0.25,0.2,5,3,1000000,1e-06,3,3,3,3,3,3,0,0,0,0,0,1.8,11.8,0
203,0.25,0.2,5,3,1250000,8e-07,3.53125,3.53125,3,3,3,4,0,0,0,0,0,1.8,11.8,0
204,0.25,0.2,5,3,1600000,6.25e-07,4.796875,4.796875,4,4,4,5,0.59375,1,0,0,1,1.8,11.8,1
205,0.25,0.2,5,3,2000000,5e-07,6,6,6,6,6,6,1,1,1,1,1,1.8,11.8,1
206,0.25,0.2,5,3,2500000,4e-07,7.03125,7.03125,7,7,7,8,1,1,1,1,1,1.8,11.8,1
207,0.25,0.2,5,3,3200000,3.125e-07,9.609375,9.609375,9,9,9,10,1,1,1,1,1,1.8,11.8,1
208,0.25,0.2,5,3,5000000,2e-07,15.015625,15.015625,15,15,15,16,1,1,1,1,1,1.8,11.8,1
209,0.25,0.2,5,3,10000000,1e-07,30.015625,30.015625,30,30,30,31,1,1,1,1,1,1.8,11.8,1
210,0.25,0.2,5,5,400000,2.5e-06,2,2,2,2,2,2,0,0,0,0,0,-0.199999999999999,9.8,0
211,0.25,0.2,5,5,600000,1.66666666666667e-06,3,3,3,3,3,3,0,0,0,0,0,-0.199999999999999,9.8,0
212,0.25,0.2,5,5,800000,1.25e-06,4,4,4,4,4,4,0,0,0,0,0,-0.199999999999999,9.8,1
213,0.25,0.2,5,5,1000000,1e-06,5,5,5,5,5,5,0,0,0,0,0,-0.199999999999999,9.8,1
214,0.25,0.2,5,5,1250000,8e-07,6.015625,6.015625,6,6,6,6,0,0,0,0,0,-0.199999999999999,9.8,1
215,0.25,0.2,5,5,1600000,6.25e-07,8,8,8,8,8,8,0,0,0,0,0,-0.199999999999999,9.8,1
216,0.25,0.2,5,5,2000000,5e-07,10,10,10,10,10,10,0,0,0,0,0,-0.199999999999999,9.8,1
217,0.25,0.2,5,5,2500000,4e-07,12.03125,12.03125,12,12,12,13,0,0,0,0,0,-0.199999999999999,9.8,1
218,0.25,0.2,5,5,3200000,3.125e-07,16,16,16,16,16,16,0,0,0,0,0,-0.199999999999999,9.8,1
219,0.25,0.2,5,5,5000000,2e-07,25.015625,25.015625,25,25,25,26,0,0,0,0,0,-0.199999999999999,9.8,1
220,0.25,0.2,5,5,10000000,1e-07,50.015625,50.015625,50,50,50,51,0,0,0,0,0,-0.199999999999999,9.8,1
221,0.25,0.2,5,6,400000,2.5e-06,2.390625,2.390625,2,2,2,2,0,0,0,0,0,-1.2,8.8,0
222,0.25,0.2,5,6,600000,1.66666666666667e-06,3.609375,3.609375,3,3,3,4,0,0,0,0,0,-1.2,8.8,0
223,0.25,0.2,5,6,800000,1.25e-06,4.796875,4.796875,4,4,4,5,0,0,0,0,0,-1.2,8.8,1
224,0.25,0.2,5,6,1000000,1e-06,6,6,6,6,6,6,0,0,0,0,0,-1.2,8.8,1
225,0.25,0.2,5,6,1250000,8e-07,7.265625,7.265625,7,7,7,8,0,0,0,0,0,-1.2,8.8,1
226,0.25,0.2,5,6,1600000,6.25e-07,9.59375,9.59375,9,9,9,10,0,0,0,0,0,-1.2,8.8,1
227,0.25,0.2,5,6,2000000,5e-07,12,12,12,12,12,12,0,0,0,0,0,-1.2,8.8,1
228,0.25,0.2,5,6,2500000,4e-07,15,15,15,15,15,15,0,0,0,0,0,-1.2,8.8,1
229,0.25,0.2,5,6,3200000,3.125e-07,19.203125,19.203125,19,19,19,19,0,0,0,0,0,-1.2,8.8,1
230,0.25,0.2,5,6,5000000,2e-07,30.015625,30.015625,30,30,30,31,0,0,0,0,0,-1.2,8.8,1
231,0.25,0.2,5,6,10000000,1e-07,60.015625,60.015625,60,60,60,61,0,0,0,0,0,-1.2,8.8,1
232,0.25,0.2,6,1,400000,2.5e-06,0.390625,0.390625,0,0,0,0,0,0,0,0,0,3.8,13.8,0
233,0.25,0.2,6,1,600000,1.66666666666667e-06,0.609375,0.609375,0,0,0,1,0,0,0,0,0,3.8,13.8,0
234,0.25,0.2,6,1,800000,1.25e-06,0.796875,0.796875,0,0,0,1,0,0,0,0,0,3.8,13.8,0
235,0.25,0.2,6,1,1000000,1e-06,1,1,1,1,1,1,0,0,0,0,0,3.8,13.8,0
236,0.25,0.2,6,1,1250000,8e-07,1.015625,1.015625,1,1,1,1,0,0,0,0,0,3.8,13.8,0
237,0.25,0.2,6,1,1600000,6.25e-07,1.59375,1.59375,1,1,1,2,0,0,0,0,0,3.8,13.8,0
238,0.25,0.2,6,1,2000000,5e-07,2,2,2,2,2,2,0,0,0,0,0,3.8,13.8,0
239,0.25,0.2,6,1,2500000,4e-07,2.03125,2.03125,2,2,2,3,0,0,0,0,0,3.8,13.8,0
240,0.25,0.2,6,1,3200000,3.125e-07,3.203125,3.203125,3,3,3,3,0,0,0,0,0,3.8,13.8,0
241,0.25,0.2,6,1,5000000,2e-07,5.015625,5.015625,5,5,5,6,0.015625,0,0,0,1,3.8,13.8,1
242,0.25,0.2,6,1,10000000,1e-07,10.015625,10.015625,10,10,10,11,1,1,1,1,1,3.8,13.8,1
243,0.25,0.2,6,1.5,400000,2.5e-06,0.59375,0.59375,0,0,0,1,0,0,0,0,0,3.3,13.3,0
244,0.25,0.2,6,1.5,600000,1.66666666666667e-06,0.90625,0.90625,0,0,0,1,0,0,0,0,0,3.3,13.3,0
245,0.25,0.2,6,1.5,800000,1.25e-06,1.203125,1.203125,1,1,1,1,0,0,0,0,0,3.3,13.3,0
246,0.25,0.2,6,1.5,1000000,1e-06,1.5,1.5,1,1,1,2,0,0,0,0,0,3.3,13.3,0
247,0.25,0.2,6,1.5,1250000,8e-07,1.78125,1.78125,1,1,1,2,0,0,0,0,0,3.3,13.3,0
248,0.25,0.2,6,1.5,1600000,6.25e-07,2.40625,2.40625,2,2,2,3,0,0,0,0,0,3.3,13.3,0
249,0.25,0.2,6,1.5,2000000,5e-07,3,3,3,3,3,3,0,0,0,0,0,3.3,13.3,0
250,0.25,0.2,6,1.5,2500000,4e-07,3.53125,3.53125,3,3,3,4,0,0,0,0,0,3.3,13.3,0
251,0.25,0.2,6,1.5,3200000,3.125e-07,4.8125,4.8125,4,4,4,5,0,0,0,0,0,3.3,13.3,0
252,0.25,0.2,6,1.5,5000000,2e-07,7.515625,7.515625,7,7,7,8,1,1,1,1,1,3.3,13.3,1
253,0.25,0.2,6,1.5,10000000,1e-07,15.015625,15.015625,15,15,15,16,1,1,1,1,1,3.3,13.3,1
254,0.25,0.2,6,2,400000,2.5e-06,0.796875,0.796875,0,0,0,1,0,0,0,0,0,2.8,12.8,0
255,0.25,0.2,6,2,600000,1.66666666666667e-06,1.203125,1.203125,1,1,1,1,0,0,0,0,0,2.8,12.8,0
256,0.25,0.2,6,2,800000,1.25e-06,1.59375,1.59375,1,1,1,2,0,0,0,0,0,2.8,12.8,0
257,0.25,0.2,6,2,1000000,1e-06,2,2,2,2,2,2,0,0,0,0,0,2.8,12.8,0
258,0.25,0.2,6,2,1250000,8e-07,2.265625,2.265625,2,2,2,3,0,0,0,0,0,2.8,12.8,0
259,0.25,0.2,6,2,1600000,6.25e-07,3.203125,3.203125,3,3,3,4,0,0,0,0,0,2.8,12.8,0
260,0.25,0.2,6,2,2000000,5e-07,4,4,4,4,4,4,0,0,0,0,0,2.8,12.8,0
261,0.25,0.2,6,2,2500000,4e-07,5,5,5,5,5,5,0,0,0,0,0,2.8,12.8,1
262,0.25,0.2,6,2,3200000,3.125e-07,6.40625,6.40625,6,6,6,7,1,1,1,1,1,2.8,12.8,1
263,0.25,0.2,6,2,5000000,2e-07,10.015625,10.015625,10,10,10,11,1,1,1,1,1,2.8,12.8,1
264,0.25,0.2,6,2,10000000,1e-07,20.015625,20.015625,20,20,20,21,1,1,1,1,1,2.8,12.8,1
265,0.25,0.2,6,2.5,400000,2.5e-06,1,1,1,1,1,1,0,0,0,0,0,2.3,12.3,0
266,0.25,0.2,6,2.5,600000,1.66666666666667e-06,1.5,1.5,1,1,1,2,0,0,0,0,0,2.3,12.3,0
267,0.25,0.2,6,2.5,800000,1.25e-06,2,2,2,2,2,2,0,0,0,0,0,2.3,12.3,0
268,0.25,0.2,6,2.5,1000000,1e-06,2.5,2.5,2,2,2,3,0,0,0,0,0,2.3,12.3,0
269,0.25,0.2,6,2.5,1250000,8e-07,3,3,3,3,3,3,0,0,0,0,0,2.3,12.3,0
270,0.25,0.2,6,2.5,1600000,6.25e-07,4,4,4,4,4,4,0,0,0,0,0,2.3,12.3,0
271,0.25,0.2,6,2.5,2000000,5e-07,5,5,5,5,5,5,0,0,0,0,0,2.3,12.3,1
272,0.25,0.2,6,2.5,2500000,4e-07,6,6,6,6,6,6,1,1,1,1,1,2.3,12.3,1
273,0.25,0.2,6,2.5,3200000,3.125e-07,8,8,8,8,8,8,1,1,1,1,1,2.3,12.3,1
274,0.25,0.2,6,2.5,5000000,2e-07,12.515625,12.515625,12,12,12,13,1,1,1,1,1,2.3,12.3,1
275,0.25,0.2,6,2.5,10000000,1e-07,25.015625,25.015625,25,25,25,26,1,1,1,1,1,2.3,12.3,1
276,0.25,0.2,6,3,400000,2.5e-06,1.1875,1.1875,1,1,1,1,0,0,0,0,0,1.8,11.8,0
277,0.25,0.2,6,3,600000,1.66666666666667e-06,1.796875,1.796875,1,1,1,2,0,0,0,0,0,1.8,11.8,0
278,0.25,0.2,6,3,800000,1.25e-06,2.390625,2.390625,2,2,2,3,0,0,0,0,0,1.8,11.8,0
279,0.25,0.2,6,3,1000000,1e-06,3,3,3,3,3,3,0,0,0,0,0,1.8,11.8,0
280,0.25,0.2,6,3,1250000,8e-07,3.53125,3.53125,3,3,3,4,0,0,0,0,0,1.8,11.8,0
281,0.25,0.2,6,3,1600000,6.25e-07,4.796875,4.796875,4,4,4,5,0,0,0,0,0,1.8,11.8,0
282,0.25,0.2,6,3,2000000,5e-07,6,6,6,6,6,6,1,1,1,1,1,1.8,11.8,1
283,0.25,0.2,6,3,2500000,4e-07,7.03125,7.03125,7,7,7,8,1,1,1,1,1,1.8,11.8,1
284,0.25,0.2,6,3,3200000,3.125e-07,9.609375,9.609375,9,9,9,10,1,1,1,1,1,1.8,11.8,1
285,0.25,0.2,6,3,5000000,2e-07,15.015625,15.015625,15,15,15,16,1,1,1,1,1,1.8,11.8,1
286,0.25,0.2,6,3,10000000,1e-07,30.015625,30.015625,30,30,30,31,1,1,1,1,1,1.8,11.8,1
287,0.25,0.2,6,5,400000,2.5e-06,2,2,2,2,2,2,0,0,0,0,0,-0.199999999999999,9.8,0
288,0.25,0.2,6,5,600000,1.66666666666667e-06,3,3,3,3,3,3,0,0,0,0,0,-0.199999999999999,9.8,0
289,0.25,0.2,6,5,800000,1.25e-06,4,4,4,4,4,4,0,0,0,0,0,-0.199999999999999,9.8,0
290,0.25,0.2,6,5,1000000,1e-06,5,5,5,5,5,5,0,0,0,0,0,-0.199999999999999,9.8,1
291,0.25,0.2,6,5,1250000,8e-07,6.015625,6.015625,6,6,6,6,0,0,0,0,0,-0.199999999999999,9.8,1
292,0.25,0.2,6,5,1600000,6.25e-07,8,8,8,8,8,8,0,0,0,0,0,-0.199999999999999,9.8,1
293,0.25,0.2,6,5,2000000,5e-07,10,10,10,10,10,10,0,0,0,0,0,-0.199999999999999,9.8,1
294,0.25,0.2,6,5,2500000,4e-07,12.03125,12.03125,12,12,12,13,0,0,0,0,0,-0.199999999999999,9.8,1
295,0.25,0.2,6,5,3200000,3.125e-07,16,16,16,16,16,16,0,0,0,0,0,-0.199999999999999,9.8,1
296,0.25,0.2,6,5,5000000,2e-07,25.015625,25.015625,25,25,25,26,0,0,0,0,0,-0.199999999999999,9.8,1
297,0.25,0.2,6,5,10000000,1e-07,50.015625,50.015625,50,50,50,51,0,0,0,0,0,-0.199999999999999,9.8,1
298,0.25,0.2,6,6,400000,2.5e-06,2.390625,2.390625,2,2,2,2,0,0,0,0,0,-1.2,8.8,0
299,0.25,0.2,6,6,600000,1.66666666666667e-06,3.609375,3.609375,3,3,3,4,0,0,0,0,0,-1.2,8.8,0
300,0.25,0.2,6,6,800000,1.25e-06,4.796875,4.796875,4,4,4,5,0,0,0,0,0,-1.2,8.8,0
301,0.25,0.2,6,6,1000000,1e-06,6,6,6,6,6,6,0,0,0,0,0,-1.2,8.8,1
302,0.25,0.2,6,6,1250000,8e-07,7.265625,7.265625,7,7,7,8,0,0,0,0,0,-1.2,8.8,1
303,0.25,0.2,6,6,1600000,6.25e-07,9.59375,9.59375,9,9,9,10,0,0,0,0,0,-1.2,8.8,1
304,0.25,0.2,6,6,2000000,5e-07,12,12,12,12,12,12,0,0,0,0,0,-1.2,8.8,1
305,0.25,0.2,6,6,2500000,4e-07,15,15,15,15,15,15,0,0,0,0,0,-1.2,8.8,1
306,0.25,0.2,6,6,3200000,3.125e-07,19.203125,19.203125,19,19,19,19,0,0,0,0,0,-1.2,8.8,1
307,0.25,0.2,6,6,5000000,2e-07,30.015625,30.015625,30,30,30,31,0,0,0,0,0,-1.2,8.8,1
308,0.25,0.2,6,6,10000000,1e-07,60.015625,60.015625,60,60,60,61,0,0,0,0,0,-1.2,8.8,1
309,0.25,0.5,3,1,400000,2.5e-06,0.40625,0.40625,0,0,0,1,0,0,0,0,0,3.5,13.5,0
310,0.25,0.5,3,1,600000,1.66666666666667e-06,0.59375,0.59375,0,0,0,1,0,0,0,0,0,3.5,13.5,0
311,0.25,0.5,3,1,800000,1.25e-06,0.796875,0.796875,0,0,0,1,0,0,0,0,0,3.5,13.5,0
312,0.25,0.5,3,1,1000000,1e-06,1.015625,1.015625,1,1,1,2,0,0,0,0,0,3.5,13.5,0
313,0.25,0.5,3,1,1250000,8e-07,1.015625,1.015625,1,1,1,1,0,0,0,0,0,3.5,13.5,0
314,0.25,0.5,3,1,1600000,6.25e-07,1.59375,1.59375,1,1,1,2,0,0,0,0,0,3.5,13.5,0
315,0.25,0.5,3,1,2000000,5e-07,2.015625,2.015625,2,2,2,3,0.015625,0,0,0,1,3.5,13.5,1
316,0.25,0.5,3,1,2500000,4e-07,2.03125,2.03125,2,2,2,3,0.03125,0,0,0,1,3.5,13.5,1
317,0.25,0.5,3,1,3200000,3.125e-07,3.203125,3.203125,3,3,3,3,1,1,1,1,1,3.5,13.5,1
318,0.25,0.5,3,1,5000000,2e-07,5.015625,5.015625,5,5,5,6,1,1,1,1,1,3.5,13.5,1
319,0.25,0.5,3,1,10000000,1e-07,10.015625,10.015625,10,10,10,11,1,1,1,1,1,3.5,13.5,1
320,0.25,0.5,3,1.5,400000,2.5e-06,0.609375,0.609375,0,0,0,1,0,0,0,0,0,3,13,0
321,0.25,0.5,3,1.5,600000,1.66666666666667e-06,0.890625,0.890625,0,0,0,1,0,0,0,0,0,3,13,0
322,0.25,0.5,3,1.5,800000,1.25e-06,1.203125,1.203125,1,1,1,2,0,0,0,0,0,3,13,0
323,0.25,0.5,3,1.5,1000000,1e-06,1.515625,1.515625,1,1,1,2,0,0,0,0,0,3,13,0
324,0.25,0.5,3,1.5,1250000,8e-07,1.78125,1.78125,1,1,1,2,0,0,0,0,0,3,13,0
325,0.25,0.5,3,1.5,1600000,6.25e-07,2.390625,2.390625,2,2,2,3,0.390625,0,0,0,1,3,13,1
326,0.25,0.5,3,1.5,2000000,5e-07,3.015625,3.015625,3,3,3,4,1,1,1,1,1,3,13,1
327,0.25,0.5,3,1.5,2500000,4e-07,3.53125,3.53125,3,3,3,4,1,1,1,1,1,3,13,1
328,0.25,0.5,3,1.5,3200000,3.125e-07,4.796875,4.796875,4,4,4,5,1,1,1,1,1,3,13,1
329,0.25,0.5,3,1.5,5000000,2e-07,7.515625,7.515625,7,7,7,8,1,1,1,1,1,3,13,1
330,0.25,0.5,3,1.5,10000000,1e-07,15.015625,15.015625,15,15,15,16,1,1,1,1,1,3,13,1
331,0.25,0.5,3,2,400000,2.5e-06,0.8125,0.8125,0,0,0,1,0,0,0,0,0,2.5,12.5,0
332,0.25,0.5,3,2,600000,1.66666666666667e-06,1.203125,1.203125,1,1,1,2,0,0,0,0,0,2.5,12.5,0
333,0.25,0.5,3,2,800000,1.25e-06,1.609375,1.609375,1,1,1,2,0,0,0,0,0,2.5,12.5,0
334,0.25,0.5,3,2,1000000,1e-06,2.015625,2.015625,2,2,2,3,0.015625,0,0,0,1,2.5,12.5,1
335,0.25,0.5,3,2,1250000,8e-07,2.265625,2.265625,2,2,2,3,0.015625,0,0,0,1,2.5,12.5,1
336,0.25,0.5,3,2,1600000,6.25e-07,3.203125,3.203125,3,3,3,4,1,1,1,1,1,2.5,12.5,1
337,0.25,0.5,3,2,2000000,5e-07,4.015625,4.015625,4,4,4,5,1,1,1,1,1,2.5,12.5,1
338,0.25,0.5,3,2,2500000,4e-07,5,5,5,5,5,5,1,1,1,1,1,2.5,12.5,1
339,0.25,0.5,3,2,3200000,3.125e-07,6.40625,6.40625,6,6,6,7,1,1,1,1,1,2.5,12.5,1
340,0.25,0.5,3,2,5000000,2e-07,10.015625,10.015625,10,10,10,11,1,1,1,1,1,2.5,12.5,1
341,0.25,0.5,3,2,10000000,1e-07,20.015625,20.015625,20,20,20,21,1,1,1,1,1,2.5,12.5,1
342,0.25,0.5,3,2.5,400000,2.5e-06,1,1,1,1,1,1,0,0,0,0,0,2,12,0
343,0.25,0.5,3,2.5,600000,1.66666666666667e-06,1.5,1.5,1,1,1,2,0,0,0,0,0,2,12,0
344,0.25,0.5,3,2.5,800000,1.25e-06,2,2,2,2,2,2,0,0,0,0,0,2,12,1
345,0.25,0.5,3,2.5,1000000,1e-06,2.515625,2.515625,2,2,2,3,0.03125,0,0,0,1,2,12,1
346,0.25,0.5,3,2.5,1250000,8e-07,3,3,3,3,3,3,1,1,1,1,1,2,12,1
347,0.25,0.5,3,2.5,1600000,6.25e-07,4,4,4,4,4,4,1,1,1,1,1,2,12,1
348,0.25,0.5,3,2.5,2000000,5e-07,5.015625,5.015625,5,5,5,6,1,1,1,1,1,2,12,1
349,0.25,0.5,3,2.5,2500000,4e-07,6,6,6,6,6,6,1,1,1,1,1,2,12,1
350,0.25,0.5,3,2.5,3200000,3.125e-07,8,8,8,8,8,8,1,1,1,1,1,2,12,1
351,0.25,0.5,3,2.5,5000000,2e-07,12.515625,12.515625,12,12,12,13,1,1,1,1,1,2,12,1
352,0.25,0.5,3,2.5,10000000,1e-07,25.015625,25.015625,25,25,25,26,1,1,1,1,1,2,12,1
353,0.25,0.5,3,3,400000,2.5e-06,1.203125,1.203125,1,1,1,1,0,0,0,0,0,1.5,11.5,0
354,0.25,0.5,3,3,600000,1.66666666666667e-06,1.796875,1.796875,1,1,1,2,0,0,0,0,0,1.5,11.5,0
355,0.25,0.5,3,3,800000,1.25e-06,2.40625,2.40625,2,2,2,3,0.203125,0,0,0,1,1.5,11.5,1
356,0.25,0.5,3,3,1000000,1e-06,3.015625,3.015625,3,3,3,4,1,1,1,1,1,1.5,11.5,1
357,0.25,0.5,3,3,1250000,8e-07,3.53125,3.53125,3,3,3,4,1,1,1,1,1,1.5,11.5,1
358,0.25,0.5,3,3,1600000,6.25e-07,4.796875,4.796875,4,4,4,5,1,1,1,1,1,1.5,11.5,1
359,0.25,0.5,3,3,2000000,5e-07,6.015625,6.015625,6,6,6,7,1,1,1,1,1,1.5,11.5,1
360,0.25,0.5,3,3,2500000,4e-07,7.03125,7.03125,7,7,7,8,1,1,1,1,1,1.5,11.5,1
361,0.25,0.5,3,3,3200000,3.125e-07,9.59375,9.59375,9,9,9,10,1,1,1,1,1,1.5,11.5,1
362,0.25,0.5,3,3,5000000,2e-07,15.015625,15.015625,15,15,15,16,1,1,1,1,1,1.5,11.5,1
363,0.25,0.5,3,3,10000000,1e-07,30.015625,30.015625,30,30,30,31,1,1,1,1,1,1.5,11.5,1
364,0.25,0.5,3,5,400000,2.5e-06,2,2,2,2,2,2,0,0,0,0,0,-0.499999999999999,9.5,1
365,0.25,0.5,3,5,600000,1.66666666666667e-06,3,3,3,3,3,3,0,0,0,0,0,-0.499999999999999,9.5,1
366,0.25,0.5,3,5,800000,1.25e-06,4,4,4,4,4,4,0,0,0,0,0,-0.499999999999999,9.5,1
367,0.25,0.5,3,5,1000000,1e-06,5.015625,5.015625,5,5,5,6,0,0,0,0,0,-0.499999999999999,9.5,1
368,0.25,0.5,3,5,1250000,8e-07,6.015625,6.015625,6,6,6,6,0,0,0,0,0,-0.499999999999999,9.5,1
369,0.25,0.5,3,5,1600000,6.25e-07,8,8,8,8,8,8,0,0,0,0,0,-0.499999999999999,9.5,1
370,0.25,0.5,3,5,2000000,5e-07,10.015625,10.015625,10,10,10,11,0,0,0,0,0,-0.499999999999999,9.5,1
371,0.25,0.5,3,5,2500000,4e-07,12.03125,12.03125,12,12,12,13,0,0,0,0,0,-0.499999999999999,9.5,1
372,0.25,0.5,3,5,3200000,3.125e-07,16,16,16,16,16,16,0,0,0,0,0,-0.499999999999999,9.5,1
373,0.25,0.5,3,5,5000000,2e-07,25.015625,25.015625,25,25,25,26,0,0,0,0,0,-0.499999999999999,9.5,1
374,0.25,0.5,3,5,10000000,1e-07,50.015625,50.015625,50,50,50,51,0,0,0,0,0,-0.499999999999999,9.5,1
375,0.25,0.5,3,6,400000,2.5e-06,2.40625,2.40625,2,2,2,3,0,0,0,0,0,-1.5,8.5,1
376,0.25,0.5,3,6,600000,1.66666666666667e-06,3.59375,3.59375,3,3,3,4,0,0,0,0,0,-1.5,8.5,1
377,0.25,0.5,3,6,800000,1.25e-06,4.796875,4.796875,4,4,4,5,0,0,0,0,0,-1.5,8.5,1
378,0.25,0.5,3,6,1000000,1e-06,6.015625,6.015625,6,6,6,7,0,0,0,0,0,-1.5,8.5,1
379,0.25,0.5,3,6,1250000,8e-07,7.265625,7.265625,7,7,7,8,0,0,0,0,0,-1.5,8.5,1
380,0.25,0.5,3,6,1600000,6.25e-07,9.59375,9.59375,9,9,9,10,0,0,0,0,0,-1.5,8.5,1
381,0.25,0.5,3,6,2000000,5e-07,12.015625,12.015625,12,12,12,13,0,0,0,0,0,-1.5,8.5,1
382,0.25,0.5,3,6,2500000,4e-07,15,15,15,15,15,15,0,0,0,0,0,-1.5,8.5,1
383,0.25,0.5,3,6,3200000,3.125e-07,19.203125,19.203125,19,19,19,19,0,0,0,0,0,-1.5,8.5,1
384,0.25,0.5,3,6,5000000,2e-07,30.015625,30.015625,30,30,30,31,0,0,0,0,0,-1.5,8.5,1
385,0.25,0.5,3,6,10000000,1e-07,60.015625,60.015625,60,60,60,61,0,0,0,0,0,-1.5,8.5,1
386,0.25,0.5,4,1,400000,2.5e-06,0.40625,0.40625,0,0,0,1,0,0,0,0,0,3.5,13.5,0
387,0.25,0.5,4,1,600000,1.66666666666667e-06,0.59375,0.59375,0,0,0,1,0,0,0,0,0,3.5,13.5,0
388,0.25,0.5,4,1,800000,1.25e-06,0.796875,0.796875,0,0,0,1,0,0,0,0,0,3.5,13.5,0
389,0.25,0.5,4,1,1000000,1e-06,1.015625,1.015625,1,1,1,2,0,0,0,0,0,3.5,13.5,0
390,0.25,0.5,4,1,1250000,8e-07,1.015625,1.015625,1,1,1,1,0,0,0,0,0,3.5,13.5,0
391,0.25,0.5,4,1,1600000,6.25e-07,1.59375,1.59375,1,1,1,2,0,0,0,0,0,3.5,13.5,0
392,0.25,0.5,4,1,2000000,5e-07,2.015625,2.015625,2,2,2,3,0,0,0,0,0,3.5,13.5,0
393,0.25,0.5,4,1,2500000,4e-07,2.03125,2.03125,2,2,2,3,0,0,0,0,0,3.5,13.5,0
394,0.25,0.5,4,1,3200000,3.125e-07,3.203125,3.203125,3,3,3,3,0,0,0,0,0,3.5,13.5,1
395,0.25,0.5,4,1,5000000,2e-07,5.015625,5.015625,5,5,5,6,1,1,1,1,1,3.5,13.5,1
396,0.25,0.5,4,1,10000000,1e-07,10.015625,10.015625,10,10,10,11,1,1,1,1,1,3.5,13.5,1
397,0.25,0.5,4,1.5,400000,2.5e-06,0.609375,0.609375,0,0,0,1,0,0,0,0,0,3,13,0
398,0.25,0.5,4,1.5,600000,1.66666666666667e-06,0.890625,0.890625,0,0,0,1,0,0,0,0,0,3,13,0
399,0.25,0.5,4,1.5,800000,1.25e-06,1.203125,1.203125,1,1,1,2,0,0,0,0,0,3,13,0
400,0.25,0.5,4,1.5,1000000,1e-06,1.515625,1.515625,1,1,1,2,0,0,0,0,0,3,13,0
401,0.25,0.5,4,1.5,1250000,8e-07,1.78125,1.78125,1,1,1,2,0,0,0,0,0,3,13,0
402,0.25,0.5,4,1.5,1600000,6.25e-07,2.390625,2.390625,2,2,2,3,0,0,0,0,0,3,13,0
403,0.25,0.5,4,1.5,2000000,5e-07,3.015625,3.015625,3,3,3,4,0.015625,0,0,0,1,3,13,1
404,0.25,0.5,4,1.5,2500000,4e-07,3.53125,3.53125,3,3,3,4,0.0625,0,0,0,1,3,13,1
405,0.25,0.5,4,1.5,3200000,3.125e-07,4.796875,4.796875,4,4,4,5,1,1,1,1,1,3,13,1
406,0.25,0.5,4,1.5,5000000,2e-07,7.515625,7.515625,7,7,7,8,1,1,1,1,1,3,13,1
407,0.25,0.5,4,1.5,10000000,1e-07,15.015625,15.015625,15,15,15,16,1,1,1,1,1,3,13,1
408,0.25,0.5,4,2,400000,2.5e-06,0.8125,0.8125,0,0,0,1,0,0,0,0,0,2.5,12.5,0
409,0.25,0.5,4,2,600000,1.66666666666667e-06,1.203125,1.203125,1,1,1,2,0,0,0,0,0,2.5,12.5,0
410,0.25,0.5,4,2,800000,1.25e-06,1.609375,1.609375,1,1,1,2,0,0,0,0,0,2.5,12.5,0
411,0.25,0.5,4,2,1000000,1e-06,2.015625,2.015625,2,2,2,3,0,0,0,0,0,2.5,12.5,0
412,0.25,0.5,4,2,1250000,8e-07,2.265625,2.265625,2,2,2,3,0,0,0,0,0,2.5,12.5,0
413,0.25,0.5,4,2,1600000,6.25e-07,3.203125,3.203125,3,3,3,4,0.015625,0,0,0,1,2.5,12.5,1
414,0.25,0.5,4,2,2000000,5e-07,4.015625,4.015625,4,4,4,5,1,1,1,1,1,2.5,12.5,1
415,0.25,0.5,4,2,2500000,4e-07,5,5,5,5,5,5,1,1,1,1,1,2.5,12.5,1
416,0.25,0.5,4,2,3200000,3.125e-07,6.40625,6.40625,6,6,6,7,1,1,1,1,1,2.5,12.5,1
417,0.25,0.5,4,2,5000000,2e-07,10.015625,10.015625,10,10,10,11,1,1,1,1,1,2.5,12.5,1
418,0.25,0.5,4,2,10000000,1e-07,20.015625,20.015625,20,20,20,21,1,1,1,1,1,2.5,12.5,1
419,0.25,0.5,4,2.5,400000,2.5e-06,1,1,1,1,1,1,0,0,0,0,0,2,12,0
420,0.25,0.5,4,2.5,600000,1.66666666666667e-06,1.5,1.5,1,1,1,2,0,0,0,0,0,2,12,0
421,0.25,0.5,4,2.5,800000,1.25e-06,2,2,2,2,2,2,0,0,0,0,0,2,12,0
422,0.25,0.5,4,2.5,1000000,1e-06,2.515625,2.515625,2,2,2,3,0,0,0,0,0,2,12,0
423,0.25,0.5,4,2.5,1250000,8e-07,3,3,3,3,3,3,0,0,0,0,0,2,12,1
424,0.25,0.5,4,2.5,1600000,6.25e-07,4,4,4,4,4,4,1,1,1,1,1,2,12,1
425,0.25,0.5,4,2.5,2000000,5e-07,5.015625,5.015625,5,5,5,6,1,1,1,1,1,2,12,1
426,0.25,0.5,4,2.5,2500000,4e-07,6,6,6,6,6,6,1,1,1,1,1,2,12,1
427,0.25,0.5,4,2.5,3200000,3.125e-07,8,8,8,8,8,8,1,1,1,1,1,2,12,1
428,0.25,0.5,4,2.5,5000000,2e-07,12.515625,12.515625,12,12,12,13,1,1,1,1,1,2,12,1
429,0.25,0.5,4,2.5,10000000,1e-07,25.015625,25.015625,25,25,25,26,1,1,1,1,1,2,12,1
430,0.25,0.5,4,3,400000,2.5e-06,1.203125,1.203125,1,1,1,1,0,0,0,0,0,1.5,11.5,0
431,0.25,0.5,4,3,600000,1.66666666666667e-06,1.796875,1.796875,1,1,1,2,0,0,0,0,0,1.5,11.5,0
432,0.25,0.5,4,3,800000,1.25e-06,2.40625,2.40625,2,2,2,3,0,0,0,0,0,1.5,11.5,0
433,0.25,0.5,4,3,1000000,1e-06,3.015625,3.015625,3,3,3,4,0.015625,0,0,0,1,1.5,11.5,1
434,0.25,0.5,4,3,1250000,8e-07,3.53125,3.53125,3,3,3,4,0.53125,1,0,0,1,1.5,11.5,1
435,0.25,0.5,4,3,1600000,6.25e-07,4.796875,4.796875,4,4,4,5,1,1,1,1,1,1.5,11.5,1
436,0.25,0.5,4,3,2000000,5e-07,6.015625,6.015625,6,6,6,7,1,1,1,1,1,1.5,11.5,1
437,0.25,0.5,4,3,2500000,4e-07,7.03125,7.03125,7,7,7,8,1,1,1,1,1,1.5,11.5,1
438,0.25,0.5,4,3,3200000,3.125e-07,9.59375,9.59375,9,9,9,10,1,1,1,1,1,1.5,11.5,1
439,0.25,0.5,4,3,5000000,2e-07,15.015625,15.015625,15,15,15,16,1,1,1,1,1,1.5,11.5,1
440,0.25,0.5,4,3,10000000,1e-07,30.015625,30.015625,30,30,30,31,1,1,1,1,1,1.5,11.5,1
441,0.25,0.5,4,5,400000,2.5e-06,2,2,2,2,2,2,0,0,0,0,0,-0.499999999999999,9.5,0
442,0.25,0.5,4,5,600000,1.66666666666667e-06,3,3,3,3,3,3,0,0,0,0,0,-0.499999999999999,9.5,1
443,0.25,0.5,4,5,800000,1.25e-06,4,4,4,4,4,4,0,0,0,0,0,-0.499999999999999,9.5,1
444,0.25,0.5,4,5,1000000,1e-06,5.015625,5.015625,5,5,5,6,0,0,0,0,0,-0.499999999999999,9.5,1
445,0.25,0.5,4,5,1250000,8e-07,6.015625,6.015625,6,6,6,6,0,0,0,0,0,-0.499999999999999,9.5,1
446,0.25,0.5,4,5,1600000,6.25e-07,8,8,8,8,8,8,0,0,0,0,0,-0.499999999999999,9.5,1
447,0.25,0.5,4,5,2000000,5e-07,10.015625,10.015625,10,10,10,11,0,0,0,0,0,-0.499999999999999,9.5,1
448,0.25,0.5,4,5,2500000,4e-07,12.03125,12.03125,12,12,12,13,0,0,0,0,0,-0.499999999999999,9.5,1
449,0.25,0.5,4,5,3200000,3.125e-07,16,16,16,16,16,16,0,0,0,0,0,-0.499999999999999,9.5,1
450,0.25,0.5,4,5,5000000,2e-07,25.015625,25.015625,25,25,25,26,0,0,0,0,0,-0.499999999999999,9.5,1
451,0.25,0.5,4,5,10000000,1e-07,50.015625,50.015625,50,50,50,51,0,0,0,0,0,-0.499999999999999,9.5,1
452,0.25,0.5,4,6,400000,2.5e-06,2.40625,2.40625,2,2,2,3,0,0,0,0,0,-1.5,8.5,0
453,0.25,0.5,4,6,600000,1.66666666666667e-06,3.59375,3.59375,3,3,3,4,0,0,0,0,0,-1.5,8.5,1
454,0.25,0.5,4,6,800000,1.25e-06,4.796875,4.796875,4,4,4,5,0,0,0,0,0,-1.5,8.5,1
455,0.25,0.5,4,6,1000000,1e-06,6.015625,6.015625,6,6,6,7,0,0,0,0,0,-1.5,8.5,1
456,0.25,0.5,4,6,1250000,8e-07,7.265625,7.265625,7,7,7,8,0,0,0,0,0,-1.5,8.5,1
457,0.25,0.5,4,6,1600000,6.25e-07,9.59375,9.59375,9,9,9,10,0,0,0,0,0,-1.5,8.5,1
458,0.25,0.5,4,6,2000000,5e-07,12.015625,12.015625,12,12,12,13,0,0,0,0,0,-1.5,8.5,1
459,0.25,0.5,4,6,2500000,4e-07,15,15,15,15,15,15,0,0,0,0,0,-1.5,8.5,1
460,0.25,0.5,4,6,3200000,3.125e-07,19.203125,19.203125,19,19,19,19,0,0,0,0,0,-1.5,8.5,1
461,0.25,0.5,4,6,5000000,2e-07,30.015625,30.015625,30,30,30,31,0,0,0,0,0,-1.5,8.5,1
462,0.25,0.5,4,6,10000000,1e-07,60.015625,60.015625,60,60,60,61,0,0,0,0,0,-1.5,8.5,1
463,0.25,0.5,5,1,400000,2.5e-06,0.40625,0.40625,0,0,0,1,0,0,0,0,0,3.5,13.5,0
464,0.25,0.5,5,1,600000,1.66666666666667e-06,0.59375,0.59375,0,0,0,1,0,0,0,0,0,3.5,13.5,0
465,0.25,0.5,5,1,800000,1.25e-06,0.796875,0.796875,0,0,0,1,0,0,0,0,0,3.5,13.5,0
466,0.25,0.5,5,1,1000000,1e-06,1.015625,1.015625,1,1,1,2,0,0,0,0,0,3.5,13.5,0
467,0.25,0.5,5,1,1250000,8e-07,1.015625,1.015625,1,1,1,1,0,0,0,0,0,3.5,13.5,0
468,0.25,0.5,5,1,1600000,6.25e-07,1.59375,1.59375,1,1,1,2,0,0,0,0,0,3.5,13.5,0
469,0.25,0.5,5,1,2000000,5e-07,2.015625,2.015625,2,2,2,3,0,0,0,0,0,3.5,13.5,0
470,0.25,0.5,5,1,2500000,4e-07,2.03125,2.03125,2,2,2,3,0,0,0,0,0,3.5,13.5,0
471,0.25,0.5,5,1,3200000,3.125e-07,3.203125,3.203125,3,3,3,3,0,0,0,0,0,3.5,13.5,0
472,0.25,0.5,5,1,5000000,2e-07,5.015625,5.015625,5,5,5,6,1,1,1,1,1,3.5,13.5,1
473,0.25,0.5,5,1,10000000,1e-07,10.015625,10.015625,10,10,10,11,1,1,1,1,1,3.5,13.5,1
474,0.25,0.5,5,1.5,400000,2.5e-06,0.609375,0.609375,0,0,0,1,0,0,0,0,0,3,13,0
475,0.25,0.5,5,1.5,600000,1.66666666666667e-06,0.890625,0.890625,0,0,0,1,0,0,0,0,0,3,13,0
476,0.25,0.5,5,1.5,800000,1.25e-06,1.203125,1.203125,1,1,1,2,0,0,0,0,0,3,13,0
477,0.25,0.5,5,1.5,1000000,1e-06,1.515625,1.515625,1,1,1,2,0,0,0,0,0,3,13,0
478,0.25,0.5,5,1.5,1250000,8e-07,1.78125,1.78125,1,1,1,2,0,0,0,0,0,3,13,0
479,0.25,0.5,5,1.5,1600000,6.25e-07,2.390625,2.390625,2,2,2,3,0,0,0,0,0,3,13,0
480,0.25,0.5,5,1.5,2000000,5e-07,3.015625,3.015625,3,3,3,4,0,0,0,0,0,3,13,0
481,0.25,0.5,5,1.5,2500000,4e-07,3.53125,3.53125,3,3,3,4,0,0,0,0,0,3,13,0
482,0.25,0.5,5,1.5,3200000,3.125e-07,4.796875,4.796875,4,4,4,5,0.796875,1,0,0,1,3,13,1
483,0.25,0.5,5,1.5,5000000,2e-07,7.515625,7.515625,7,7,7,8,1,1,1,1,1,3,13,1
484,0.25,0.5,5,1.5,10000000,1e-07,15.015625,15.015625,15,15,15,16,1,1,1,1,1,3,13,1
485,0.25,0.5,5,2,400000,2.5e-06,0.8125,0.8125,0,0,0,1,0,0,0,0,0,2.5,12.5,0
486,0.25,0.5,5,2,600000,1.66666666666667e-06,1.203125,1.203125,1,1,1,2,0,0,0,0,0,2.5,12.5,0
487,0.25,0.5,5,2,800000,1.25e-06,1.609375,1.609375,1,1,1,2,0,0,0,0,0,2.5,12.5,0
488,0.25,0.5,5,2,1000000,1e-06,2.015625,2.015625,2,2,2,3,0,0,0,0,0,2.5,12.5,0
489,0.25,0.5,5,2,1250000,8e-07,2.265625,2.265625,2,2,2,3,0,0,0,0,0,2.5,12.5,0
490,0.25,0.5,5,2,1600000,6.25e-07,3.203125,3.203125,3,3,3,4,0,0,0,0,0,2.5,12.5,0
491,0.25,0.5,5,2,2000000,5e-07,4.015625,4.015625,4,4,4,5,0.015625,0,0,0,1,2.5,12.5,1
492,0.25,0.5,5,2,2500000,4e-07,5,5,5,5,5,5,1,1,1,1,1,2.5,12.5,1
493,0.25,0.5,5,2,3200000,3.125e-07,6.40625,6.40625,6,6,6,7,1,1,1,1,1,2.5,12.5,1
494,0.25,0.5,5,2,5000000,2e-07,10.015625,10.015625,10,10,10,11,1,1,1,1,1,2.5,12.5,1
495,0.25,0.5,5,2,10000000,1e-07,20.015625,20.015625,20,20,20,21,1,1,1,1,1,2.5,12.5,1
496,0.25,0.5,5,2.5,400000,2.5e-06,1,1,1,1,1,1,0,0,0,0,0,2,12,0
497,0.25,0.5,5,2.5,600000,1.66666666666667e-06,1.5,1.5,1,1,1,2,0,0,0,0,0,2,12,0
498,0.25,0.5,5,2.5,800000,1.25e-06,2,2,2,2,2,2,0,0,0,0,0,2,12,0
499,0.25,0.5,5,2.5,1000000,1e-06,2.515625,2.515625,2,2,2,3,0,0,0,0,0,2,12,0
500,0.25,0.5,5,2.5,1250000,8e-07,3,3,3,3,3,3,0,0,0,0,0,2,12,0
501,0.25,0.5,5,2.5,1600000,6.25e-07,4,4,4,4,4,4,0,0,0,0,0,2,12,1
502,0.25,0.5,5,2.5,2000000,5e-07,5.015625,5.015625,5,5,5,6,1,1,1,1,1,2,12,1
503,0.25,0.5,5,2.5,2500000,4e-07,6,6,6,6,6,6,1,1,1,1,1,2,12,1
504,0.25,0.5,5,2.5,3200000,3.125e-07,8,8,8,8,8,8,1,1,1,1,1,2,12,1
505,0.25,0.5,5,2.5,5000000,2e-07,12.515625,12.515625,12,12,12,13,1,1,1,1,1,2,12,1
506,0.25,0.5,5,2.5,10000000,1e-07,25.015625,25.015625,25,25,25,26,1,1,1,1,1,2,12,1
507,0.25,0.5,5,3,400000,2.5e-06,1.203125,1.203125,1,1,1,1,0,0,0,0,0,1.5,11.5,0
508,0.25,0.5,5,3,600000,1.66666666666667e-06,1.796875,1.796875,1,1,1,2,0,0,0,0,0,1.5,11.5,0
509,0.25,0.5,5,3,800000,1.25e-06,2.40625,2.40625,2,2,2,3,0,0,0,0,0,1.5,11.5,0
510,0.25,0.5,5,3,1000000,1e-06,3.015625,3.015625,3,3,3,4,0,0,0,0,0,1.5,11.5,0
511,0.25,0.5,5,3,1250000,8e-07,3.53125,3.53125,3,3,3,4,0,0,0,0,0,1.5,11.5,0
512,0.25,0.5,5,3,1600000,6.25e-07,4.796875,4.796875,4,4,4,5,0.59375,1,0,0,1,1.5,11.5,1
513,0.25,0.5,5,3,2000000,5e-07,6.015625,6.015625,6,6,6,7,1,1,1,1,1,1.5,11.5,1
514,0.25,0.5,5,3,2500000,4e-07,7.03125,7.03125,7,7,7,8,1,1,1,1,1,1.5,11.5,1
515,0.25,0.5,5,3,3200000,3.125e-07,9.59375,9.59375,9,9,9,10,1,1,1,1,1,1.5,11.5,1
516,0.25,0.5,5,3,5000000,2e-07,15.015625,15.015625,15,15,15,16,1,1,1,1,1,1.5,11.5,1
517,0.25,0.5,5,3,10000000,1e-07,30.015625,30.015625,30,30,30,31,1,1,1,1,1,1.5,11.5,1
518,0.25,0.5,5,5,400000,2.5e-06,2,2,2,2,2,2,0,0,0,0,0,-0.499999999999999,9.5,0
519,0.25,0.5,5,5,600000,1.66666666666667e-06,3,3,3,3,3,3,0,0,0,0,0,-0.499999999999999,9.5,0
520,0.25,0.5,5,5,800000,1.25e-06,4,4,4,4,4,4,0,0,0,0,0,-0.499999999999999,9.5,1
521,0.25,0.5,5,5,1000000,1e-06,5.015625,5.015625,5,5,5,6,0,0,0,0,0,-0.499999999999999,9.5,1
522,0.25,0.5,5,5,1250000,8e-07,6.015625,6.015625,6,6,6,6,0,0,0,0,0,-0.499999999999999,9.5,1
523,0.25,0.5,5,5,1600000,6.25e-07,8,8,8,8,8,8,0,0,0,0,0,-0.499999999999999,9.5,1
524,0.25,0.5,5,5,2000000,5e-07,10.015625,10.015625,10,10,10,11,0,0,0,0,0,-0.499999999999999,9.5,1
525,0.25,0.5,5,5,2500000,4e-07,12.03125,12.03125,12,12,12,13,0,0,0,0,0,-0.499999999999999,9.5,1
526,0.25,0.5,5,5,3200000,3.125e-07,16,16,16,16,16,16,0,0,0,0,0,-0.499999999999999,9.5,1
527,0.25,0.5,5,5,5000000,2e-07,25.015625,25.015625,25,25,25,26,0,0,0,0,0,-0.499999999999999,9.5,1
528,0.25,0.5,5,5,10000000,1e-07,50.015625,50.015625,50,50,50,51,0,0,0,0,0,-0.499999999999999,9.5,1
529,0.25,0.5,5,6,400000,2.5e-06,2.40625,2.40625,2,2,2,3,0,0,0,0,0,-1.5,8.5,0
530,0.25,0.5,5,6,600000,1.66666666666667e-06,3.59375,3.59375,3,3,3,4,0,0,0,0,0,-1.5,8.5,0
531,0.25,0.5,5,6,800000,1.25e-06,4.796875,4.796875,4,4,4,5,0,0,0,0,0,-1.5,8.5,1
532,0.25,0.5,5,6,1000000,1e-06,6.015625,6.015625,6,6,6,7,0,0,0,0,0,-1.5,8.5,1
533,0.25,0.5,5,6,1250000,8e-07,7.265625,7.265625,7,7,7,8,0,0,0,0,0,-1.5,8.5,1
534,0.25,0.5,5,6,1600000,6.25e-07,9.59375,9.59375,9,9,9,10,0,0,0,0,0,-1.5,8.5,1
535,0.25,0.5,5,6,2000000,5e-07,12.015625,12.015625,12,12,12,13,0,0,0,0,0,-1.5,8.5,1
536,0.25,0.5,5,6,2500000,4e-07,15,15,15,15,15,15,0,0,0,0,0,-1.5,8.5,1
537,0.25,0.5,5,6,3200000,3.125e-07,19.203125,19.203125,19,19,19,19,0,0,0,0,0,-1.5,8.5,1
538,0.25,0.5,5,6,5000000,2e-07,30.015625,30.015625,30,30,30,31,0,0,0,0,0,-1.5,8.5,1
539,0.25,0.5,5,6,10000000,1e-07,60.015625,60.015625,60,60,60,61,0,0,0,0,0,-1.5,8.5,1
540,0.25,0.5,6,1,400000,2.5e-06,0.40625,0.40625,0,0,0,1,0,0,0,0,0,3.5,13.5,0
541,0.25,0.5,6,1,600000,1.66666666666667e-06,0.59375,0.59375,0,0,0,1,0,0,0,0,0,3.5,13.5,0
542,0.25,0.5,6,1,800000,1.25e-06,0.796875,0.796875,0,0,0,1,0,0,0,0,0,3.5,13.5,0
543,0.25,0.5,6,1,1000000,1e-06,1.015625,1.015625,1,1,1,2,0,0,0,0,0,3.5,13.5,0
544,0.25,0.5,6,1,1250000,8e-07,1.015625,1.015625,1,1,1,1,0,0,0,0,0,3.5,13.5,0
545,0.25,0.5,6,1,1600000,6.25e-07,1.59375,1.59375,1,1,1,2,0,0,0,0,0,3.5,13.5,0
546,0.25,0.5,6,1,2000000,5e-07,2.015625,2.015625,2,2,2,3,0,0,0,0,0,3.5,13.5,0
547,0.25,0.5,6,1,2500000,4e-07,2.03125,2.03125,2,2,2,3,0,0,0,0,0,3.5,13.5,0
548,0.25,0.5,6,1,3200000,3.125e-07,3.203125,3.203125,3,3,3,3,0,0,0,0,0,3.5,13.5,0
549,0.25,0.5,6,1,5000000,2e-07,5.015625,5.015625,5,5,5,6,0.015625,0,0,0,1,3.5,13.5,1
550,0.25,0.5,6,1,10000000,1e-07,10.015625,10.015625,10,10,10,11,1,1,1,1,1,3.5,13.5,1
551,0.25,0.5,6,1.5,400000,2.5e-06,0.609375,0.609375,0,0,0,1,0,0,0,0,0,3,13,0
552,0.25,0.5,6,1.5,600000,1.66666666666667e-06,0.890625,0.890625,0,0,0,1,0,0,0,0,0,3,13,0
553,0.25,0.5,6,1.5,800000,1.25e-06,1.203125,1.203125,1,1,1,2,0,0,0,0,0,3,13,0
554,0.25,0.5,6,1.5,1000000,1e-06,1.515625,1.515625,1,1,1,2,0,0,0,0,0,3,13,0
555,0.25,0.5,6,1.5,1250000,8e-07,1.78125,1.78125,1,1,1,2,0,0,0,0,0,3,13,0
556,0.25,0.5,6,1.5,1600000,6.25e-07,2.390625,2.390625,2,2,2,3,0,0,0,0,0,3,13,0
557,0.25,0.5,6,1.5,2000000,5e-07,3.015625,3.015625,3,3,3,4,0,0,0,0,0,3,13,0
558,0.25,0.5,6,1.5,2500000,4e-07,3.53125,3.53125,3,3,3,4,0,0,0,0,0,3,13,0
559,0.25,0.5,6,1.5,3200000,3.125e-07,4.796875,4.796875,4,4,4,5,0,0,0,0,0,3,13,0
560,0.25,0.5,6,1.5,5000000,2e-07,7.515625,7.515625,7,7,7,8,1,1,1,1,1,3,13,1
561,0.25,0.5,6,1.5,10000000,1e-07,15.015625,15.015625,15,15,15,16,1,1,1,1,1,3,13,1
562,0.25,0.5,6,2,400000,2.5e-06,0.8125,0.8125,0,0,0,1,0,0,0,0,0,2.5,12.5,0
563,0.25,0.5,6,2,600000,1.66666666666667e-06,1.203125,1.203125,1,1,1,2,0,0,0,0,0,2.5,12.5,0
564,0.25,0.5,6,2,800000,1.25e-06,1.609375,1.609375,1,1,1,2,0,0,0,0,0,2.5,12.5,0
565,0.25,0.5,6,2,1000000,1e-06,2.015625,2.015625,2,2,2,3,0,0,0,0,0,2.5,12.5,0
566,0.25,0.5,6,2,1250000,8e-07,2.265625,2.265625,2,2,2,3,0,0,0,0,0,2.5,12.5,0
567,0.25,0.5,6,2,1600000,6.25e-07,3.203125,3.203125,3,3,3,4,0,0,0,0,0,2.5,12.5,0
568,0.25,0.5,6,2,2000000,5e-07,4.015625,4.015625,4,4,4,5,0,0,0,0,0,2.5,12.5,0
569,0.25,0.5,6,2,2500000,4e-07,5,5,5,5,5,5,0,0,0,0,0,2.5,12.5,1
570,0.25,0.5,6,2,3200000,3.125e-07,6.40625,6.40625,6,6,6,7,1,1,1,1,1,2.5,12.5,1
571,0.25,0.5,6,2,5000000,2e-07,10.015625,10.015625,10,10,10,11,1,1,1,1,1,2.5,12.5,1
572,0.25,0.5,6,2,10000000,1e-07,20.015625,20.015625,20,20,20,21,1,1,1,1,1,2.5,12.5,1
573,0.25,0.5,6,2.5,400000,2.5e-06,1,1,1,1,1,1,0,0,0,0,0,2,12,0
574,0.25,0.5,6,2.5,600000,1.66666666666667e-06,1.5,1.5,1,1,1,2,0,0,0,0,0,2,12,0
575,0.25,0.5,6,2.5,800000,1.25e-06,2,2,2,2,2,2,0,0,0,0,0,2,12,0
576,0.25,0.5,6,2.5,1000000,1e-06,2.515625,2.515625,2,2,2,3,0,0,0,0,0,2,12,0
577,0.25,0.5,6,2.5,1250000,8e-07,3,3,3,3,3,3,0,0,0,0,0,2,12,0
578,0.25,0.5,6,2.5,1600000,6.25e-07,4,4,4,4,4,4,0,0,0,0,0,2,12,0
579,0.25,0.5,6,2.5,2000000,5e-07,5.015625,5.015625,5,5,5,6,0.015625,0,0,0,1,2,12,1
580,0.25,0.5,6,2.5,2500000,4e-07,6,6,6,6,6,6,1,1,1,1,1,2,12,1
581,0.25,0.5,6,2.5,3200000,3.125e-07,8,8,8,8,8,8,1,1,1,1,1,2,12,1
582,0.25,0.5,6,2.5,5000000,2e-07,12.515625,12.515625,12,12,12,13,1,1,1,1,1,2,12,1
583,0.25,0.5,6,2.5,10000000,1e-07,25.015625,25.015625,25,25,25,26,1,1,1,1,1,2,12,1
584,0.25,0.5,6,3,400000,2.5e-06,1.203125,1.203125,1,1,1,1,0,0,0,0,0,1.5,11.5,0
585,0.25,0.5,6,3,600000,1.66666666666667e-06,1.796875,1.796875,1,1,1,2,0,0,0,0,0,1.5,11.5,0
586,0.25,0.5,6,3,800000,1.25e-06,2.40625,2.40625,2,2,2,3,0,0,0,0,0,1.5,11.5,0
587,0.25,0.5,6,3,1000000,1e-06,3.015625,3.015625,3,3,3,4,0,0,0,0,0,1.5,11.5,0
588,0.25,0.5,6,3,1250000,8e-07,3.53125,3.53125,3,3,3,4,0,0,0,0,0,1.5,11.5,0
589,0.25,0.5,6,3,1600000,6.25e-07,4.796875,4.796875,4,4,4,5,0,0,0,0,0,1.5,11.5,0
590,0.25,0.5,6,3,2000000,5e-07,6.015625,6.015625,6,6,6,7,1,1,1,1,1,1.5,11.5,1
591,0.25,0.5,6,3,2500000,4e-07,7.03125,7.03125,7,7,7,8,1,1,1,1,1,1.5,11.5,1
592,0.25,0.5,6,3,3200000,3.125e-07,9.59375,9.59375,9,9,9,10,1,1,1,1,1,1.5,11.5,1
593,0.25,0.5,6,3,5000000,2e-07,15.015625,15.015625,15,15,15,16,1,1,1,1,1,1.5,11.5,1
594,0.25,0.5,6,3,10000000,1e-07,30.015625,30.015625,30,30,30,31,1,1,1,1,1,1.5,11.5,1
595,0.25,0.5,6,5,400000,2.5e-06,2,2,2,2,2,2,0,0,0,0,0,-0.499999999999999,9.5,0
596,0.25,0.5,6,5,600000,1.66666666666667e-06,3,3,3,3,3,3,0,0,0,0,0,-0.499999999999999,9.5,0
597,0.25,0.5,6,5,800000,1.25e-06,4,4,4,4,4,4,0,0,0,0,0,-0.499999999999999,9.5,0
598,0.25,0.5,6,5,1000000,1e-06,5.015625,5.015625,5,5,5,6,0,0,0,0,0,-0.499999999999999,9.5,1
599,0.25,0.5,6,5,1250000,8e-07,6.015625,6.015625,6,6,6,6,0,0,0,0,0,-0.499999999999999,9.5,1
600,0.25,0.5,6,5,1600000,6.25e-07,8,8,8,8,8,8,0,0,0,0,0,-0.499999999999999,9.5,1
601,0.25,0.5,6,5,2000000,5e-07,10.015625,10.015625,10,10,10,11,0,0,0,0,0,-0.499999999999999,9.5,1
602,0.25,0.5,6,5,2500000,4e-07,12.03125,12.03125,12,12,12,13,0,0,0,0,0,-0.499999999999999,9.5,1
603,0.25,0.5,6,5,3200000,3.125e-07,16,16,16,16,16,16,0,0,0,0,0,-0.499999999999999,9.5,1
604,0.25,0.5,6,5,5000000,2e-07,25.015625,25.015625,25,25,25,26,0,0,0,0,0,-0.499999999999999,9.5,1
605,0.25,0.5,6,5,10000000,1e-07,50.015625,50.015625,50,50,50,51,0,0,0,0,0,-0.499999999999999,9.5,1
606,0.25,0.5,6,6,400000,2.5e-06,2.40625,2.40625,2,2,2,3,0,0,0,0,0,-1.5,8.5,0
607,0.25,0.5,6,6,600000,1.66666666666667e-06,3.59375,3.59375,3,3,3,4,0,0,0,0,0,-1.5,8.5,0
608,0.25,0.5,6,6,800000,1.25e-06,4.796875,4.796875,4,4,4,5,0,0,0,0,0,-1.5,8.5,0
609,0.25,0.5,6,6,1000000,1e-06,6.015625,6.015625,6,6,6,7,0,0,0,0,0,-1.5,8.5,1
610,0.25,0.5,6,6,1250000,8e-07,7.265625,7.265625,7,7,7,8,0,0,0,0,0,-1.5,8.5,1
611,0.25,0.5,6,6,1600000,6.25e-07,9.59375,9.59375,9,9,9,10,0,0,0,0,0,-1.5,8.5,1
612,0.25,0.5,6,6,2000000,5e-07,12.015625,12.015625,12,12,12,13,0,0,0,0,0,-1.5,8.5,1
613,0.25,0.5,6,6,2500000,4e-07,15,15,15,15,15,15,0,0,0,0,0,-1.5,8.5,1
614,0.25,0.5,6,6,3200000,3.125e-07,19.203125,19.203125,19,19,19,19,0,0,0,0,0,-1.5,8.5,1
615,0.25,0.5,6,6,5000000,2e-07,30.015625,30.015625,30,30,30,31,0,0,0,0,0,-1.5,8.5,1
616,0.25,0.5,6,6,10000000,1e-07,60.015625,60.015625,60,60,60,61,0,0,0,0,0,-1.5,8.5,1
617,0.25,1,3,1,400000,2.5e-06,0.40625,0.40625,0,0,0,1,0,0,0,0,0,3,13,0
618,0.25,1,3,1,600000,1.66666666666667e-06,0.59375,0.59375,0,0,0,1,0,0,0,0,0,3,13,0
619,0.25,1,3,1,800000,1.25e-06,0.796875,0.796875,0,0,0,1,0,0,0,0,0,3,13,0
620,0.25,1,3,1,1000000,1e-06,1.015625,1.015625,1,1,1,2,0,0,0,0,0,3,13,0
621,0.25,1,3,1,1250000,8e-07,1.015625,1.015625,1,1,1,1,0,0,0,0,0,3,13,0
622,0.25,1,3,1,1600000,6.25e-07,1.59375,1.59375,1,1,1,2,0,0,0,0,0,3,13,0
623,0.25,1,3,1,2000000,5e-07,2.015625,2.015625,2,2,2,3,0.015625,0,0,0,1,3,13,1
624,0.25,1,3,1,2500000,4e-07,2.03125,2.03125,2,2,2,3,0.03125,0,0,0,1,3,13,1
625,0.25,1,3,1,3200000,3.125e-07,3.203125,3.203125,3,3,3,3,1,1,1,1,1,3,13,1
626,0.25,1,3,1,5000000,2e-07,5.015625,5.015625,5,5,5,6,1,1,1,1,1,3,13,1
627,0.25,1,3,1,10000000,1e-07,10.015625,10.015625,10,10,10,11,1,1,1,1,1,3,13,1
628,0.25,1,3,1.5,400000,2.5e-06,0.609375,0.609375,0,0,0,1,0,0,0,0,0,2.5,12.5,0
629,0.25,1,3,1.5,600000,1.66666666666667e-06,0.90625,0.90625,0,0,0,1,0,0,0,0,0,2.5,12.5,0
630,0.25,1,3,1.5,800000,1.25e-06,1.203125,1.203125,1,1,1,2,0,0,0,0,0,2.5,12.5,0
631,0.25,1,3,1.5,1000000,1e-06,1.515625,1.515625,1,1,1,2,0,0,0,0,0,2.5,12.5,0
632,0.25,1,3,1.5,1250000,8e-07,1.78125,1.78125,1,1,1,2,0,0,0,0,0,2.5,12.5,0
633,0.25,1,3,1.5,1600000,6.25e-07,2.40625,2.40625,2,2,2,3,0.015625,0,0,0,1,2.5,12.5,1
634,0.25,1,3,1.5,2000000,5e-07,3.015625,3.015625,3,3,3,4,1,1,1,1,1,2.5,12.5,1
635,0.25,1,3,1.5,2500000,4e-07,3.53125,3.53125,3,3,3,4,1,1,1,1,1,2.5,12.5,1
636,0.25,1,3,1.5,3200000,3.125e-07,4.8125,4.8125,4,4,4,5,1,1,1,1,1,2.5,12.5,1
637,0.25,1,3,1.5,5000000,2e-07,7.515625,7.515625,7,7,7,8,1,1,1,1,1,2.5,12.5,1
638,0.25,1,3,1.5,10000000,1e-07,15.015625,15.015625,15,15,15,16,1,1,1,1,1,2.5,12.5,1
639,0.25,1,3,2,400000,2.5e-06,0.796875,0.796875,0,0,0,1,0,0,0,0,0,2,12,0
640,0.25,1,3,2,600000,1.66666666666667e-06,1.203125,1.203125,1,1,1,1,0,0,0,0,0,2,12,0
641,0.25,1,3,2,800000,1.25e-06,1.59375,1.59375,1,1,1,2,0,0,0,0,0,2,12,0
642,0.25,1,3,2,1000000,1e-06,2.015625,2.015625,2,2,2,3,0.015625,0,0,0,1,2,12,1
643,0.25,1,3,2,1250000,8e-07,2.265625,2.265625,2,2,2,3,0.265625,0,0,0,1,2,12,1
644,0.25,1,3,2,1600000,6.25e-07,3.203125,3.203125,3,3,3,3,1,1,1,1,1,2,12,1
645,0.25,1,3,2,2000000,5e-07,4.015625,4.015625,4,4,4,5,1,1,1,1,1,2,12,1
646,0.25,1,3,2,2500000,4e-07,5,5,5,5,5,5,1,1,1,1,1,2,12,1
647,0.25,1,3,2,3200000,3.125e-07,6.40625,6.40625,6,6,6,7,1,1,1,1,1,2,12,1
648,0.25,1,3,2,5000000,2e-07,10.015625,10.015625,10,10,10,11,1,1,1,1,1,2,12,1
649,0.25,1,3,2,10000000,1e-07,20.015625,20.015625,20,20,20,21,1,1,1,1,1,2,12,1
650,0.25,1,3,2.5,400000,2.5e-06,1,1,1,1,1,1,0,0,0,0,0,1.5,11.5,0
651,0.25,1,3,2.5,600000,1.66666666666667e-06,1.5,1.5,1,1,1,2,0,0,0,0,0,1.5,11.5,0
652,0.25,1,3,2.5,800000,1.25e-06,2,2,2,2,2,2,0,0,0,0,0,1.5,11.5,1
653,0.25,1,3,2.5,1000000,1e-06,2.515625,2.515625,2,2,2,3,0.03125,0,0,0,1,1.5,11.5,1
654,0.25,1,3,2.5,1250000,8e-07,3,3,3,3,3,3,1,1,1,1,1,1.5,11.5,1
655,0.25,1,3,2.5,1600000,6.25e-07,4,4,4,4,4,4,1,1,1,1,1,1.5,11.5,1
656,0.25,1,3,2.5,2000000,5e-07,5.015625,5.015625,5,5,5,6,1,1,1,1,1,1.5,11.5,1
657,0.25,1,3,2.5,2500000,4e-07,6,6,6,6,6,6,1,1,1,1,1,1.5,11.5,1
658,0.25,1,3,2.5,3200000,3.125e-07,8,8,8,8,8,8,1,1,1,1,1,1.5,11.5,1
659,0.25,1,3,2.5,5000000,2e-07,12.515625,12.515625,12,12,12,13,1,1,1,1,1,1.5,11.5,1
660,0.25,1,3,2.5,10000000,1e-07,25.015625,25.015625,25,25,25,26,1,1,1,1,1,1.5,11.5,1
661,0.25,1,3,3,400000,2.5e-06,1.203125,1.203125,1,1,1,2,0,0,0,0,0,1,11,0
662,0.25,1,3,3,600000,1.66666666666667e-06,1.796875,1.796875,1,1,1,2,0,0,0,0,0,1,11,0
663,0.25,1,3,3,800000,1.25e-06,2.390625,2.390625,2,2,2,3,0.390625,0,0,0,1,1,11,1
664,0.25,1,3,3,1000000,1e-06,3.015625,3.015625,3,3,3,4,1,1,1,1,1,1,11,1
665,0.25,1,3,3,1250000,8e-07,3.53125,3.53125,3,3,3,4,1,1,1,1,1,1,11,1
666,0.25,1,3,3,1600000,6.25e-07,4.796875,4.796875,4,4,4,5,1,1,1,1,1,1,11,1
667,0.25,1,3,3,2000000,5e-07,6.015625,6.015625,6,6,6,7,1,1,1,1,1,1,11,1
668,0.25,1,3,3,2500000,4e-07,7.03125,7.03125,7,7,7,8,1,1,1,1,1,1,11,1
669,0.25,1,3,3,3200000,3.125e-07,9.609375,9.609375,9,9,9,10,1,1,1,1,1,1,11,1
670,0.25,1,3,3,5000000,2e-07,15.015625,15.015625,15,15,15,16,1,1,1,1,1,1,11,1
671,0.25,1,3,3,10000000,1e-07,30.015625,30.015625,30,30,30,31,1,1,1,1,1,1,11,1
672,0.25,1,3,5,400000,2.5e-06,2,2,2,2,2,2,0,0,0,0,0,-0.999999999999999,9,1
673,0.25,1,3,5,600000,1.66666666666667e-06,3,3,3,3,3,3,0,0,0,0,0,-0.999999999999999,9,1
674,0.25,1,3,5,800000,1.25e-06,4,4,4,4,4,4,0,0,0,0,0,-0.999999999999999,9,1
675,0.25,1,3,5,1000000,1e-06,5.015625,5.015625,5,5,5,6,0,0,0,0,0,-0.999999999999999,9,1
676,0.25,1,3,5,1250000,8e-07,6.015625,6.015625,6,6,6,6,0,0,0,0,0,-0.999999999999999,9,1
677,0.25,1,3,5,1600000,6.25e-07,8,8,8,8,8,8,0,0,0,0,0,-0.999999999999999,9,1
678,0.25,1,3,5,2000000,5e-07,10.015625,10.015625,10,10,10,11,0,0,0,0,0,-0.999999999999999,9,1
679,0.25,1,3,5,2500000,4e-07,12.03125,12.03125,12,12,12,13,0,0,0,0,0,-0.999999999999999,9,1
680,0.25,1,3,5,3200000,3.125e-07,16,16,16,16,16,16,0,0,0,0,0,-0.999999999999999,9,1
681,0.25,1,3,5,5000000,2e-07,25.015625,25.015625,25,25,25,26,0,0,0,0,0,-0.999999999999999,9,1
682,0.25,1,3,5,10000000,1e-07,50.015625,50.015625,50,50,50,51,0,0,0,0,0,-0.999999999999999,9,1
683,0.25,1,3,6,400000,2.5e-06,2.40625,2.40625,2,2,2,3,0,0,0,0,0,-2,8,1
684,0.25,1,3,6,600000,1.66666666666667e-06,3.59375,3.59375,3,3,3,4,0,0,0,0,0,-2,8,1
685,0.25,1,3,6,800000,1.25e-06,4.796875,4.796875,4,4,4,5,0,0,0,0,0,-2,8,1
686,0.25,1,3,6,1000000,1e-06,6.015625,6.015625,6,6,6,7,0,0,0,0,0,-2,8,1
687,0.25,1,3,6,1250000,8e-07,7.265625,7.265625,7,7,7,8,0,0,0,0,0,-2,8,1
688,0.25,1,3,6,1600000,6.25e-07,9.59375,9.59375,9,9,9,10,0,0,0,0,0,-2,8,1
689,0.25,1,3,6,2000000,5e-07,12.015625,12.015625,12,12,12,13,0,0,0,0,0,-2,8,1
690,0.25,1,3,6,2500000,4e-07,15,15,15,15,15,15,0,0,0,0,0,-2,8,1
691,0.25,1,3,6,3200000,3.125e-07,19.203125,19.203125,19,19,19,19,0,0,0,0,0,-2,8,1
692,0.25,1,3,6,5000000,2e-07,30.015625,30.015625,30,30,30,31,0,0,0,0,0,-2,8,1
693,0.25,1,3,6,10000000,1e-07,60.015625,60.015625,60,60,60,61,0,0,0,0,0,-2,8,1
694,0.25,1,4,1,400000,2.5e-06,0.40625,0.40625,0,0,0,1,0,0,0,0,0,3,13,0
695,0.25,1,4,1,600000,1.66666666666667e-06,0.59375,0.59375,0,0,0,1,0,0,0,0,0,3,13,0
696,0.25,1,4,1,800000,1.25e-06,0.796875,0.796875,0,0,0,1,0,0,0,0,0,3,13,0
697,0.25,1,4,1,1000000,1e-06,1.015625,1.015625,1,1,1,2,0,0,0,0,0,3,13,0
698,0.25,1,4,1,1250000,8e-07,1.015625,1.015625,1,1,1,1,0,0,0,0,0,3,13,0
699,0.25,1,4,1,1600000,6.25e-07,1.59375,1.59375,1,1,1,2,0,0,0,0,0,3,13,0
700,0.25,1,4,1,2000000,5e-07,2.015625,2.015625,2,2,2,3,0,0,0,0,0,3,13,0
701,0.25,1,4,1,2500000,4e-07,2.03125,2.03125,2,2,2,3,0,0,0,0,0,3,13,0
702,0.25,1,4,1,3200000,3.125e-07,3.203125,3.203125,3,3,3,3,0,0,0,0,0,3,13,1
703,0.25,1,4,1,5000000,2e-07,5.015625,5.015625,5,5,5,6,1,1,1,1,1,3,13,1
704,0.25,1,4,1,10000000,1e-07,10.015625,10.015625,10,10,10,11,1,1,1,1,1,3,13,1
705,0.25,1,4,1.5,400000,2.5e-06,0.609375,0.609375,0,0,0,1,0,0,0,0,0,2.5,12.5,0
706,0.25,1,4,1.5,600000,1.66666666666667e-06,0.90625,0.90625,0,0,0,1,0,0,0,0,0,2.5,12.5,0
707,0.25,1,4,1.5,800000,1.25e-06,1.203125,1.203125,1,1,1,2,0,0,0,0,0,2.5,12.5,0
708,0.25,1,4,1.5,1000000,1e-06,1.515625,1.515625,1,1,1,2,0,0,0,0,0,2.5,12.5,0
709,0.25,1,4,1.5,1250000,8e-07,1.78125,1.78125,1,1,1,2,0,0,0,0,0,2.5,12.5,0
710,0.25,1,4,1.5,1600000,6.25e-07,2.40625,2.40625,2,2,2,3,0,0,0,0,0,2.5,12.5,0
711,0.25,1,4,1.5,2000000,5e-07,3.015625,3.015625,3,3,3,4,0.015625,0,0,0,1,2.5,12.5,1
712,0.25,1,4,1.5,2500000,4e-07,3.53125,3.53125,3,3,3,4,0.0625,0,0,0,1,2.5,12.5,1
713,0.25,1,4,1.5,3200000,3.125e-07,4.8125,4.8125,4,4,4,5,1,1,1,1,1,2.5,12.5,1
714,0.25,1,4,1.5,5000000,2e-07,7.515625,7.515625,7,7,7,8,1,1,1,1,1,2.5,12.5,1
715,0.25,1,4,1.5,10000000,1e-07,15.015625,15.015625,15,15,15,16,1,1,1,1,1,2.5,12.5,1
716,0.25,1,4,2,400000,2.5e-06,0.796875,0.796875,0,0,0,1,0,0,0,0,0,2,12,0
717,0.25,1,4,2,600000,1.66666666666667e-06,1.203125,1.203125,1,1,1,1,0,0,0,0,0,2,12,0
718,0.25,1,4,2,800000,1.25e-06,1.59375,1.59375,1,1,1,2,0,0,0,0,0,2,12,0
719,0.25,1,4,2,1000000,1e-06,2.015625,2.015625,2,2,2,3,0,0,0,0,0,2,12,0
720,0.25,1,4,2,1250000,8e-07,2.265625,2.265625,2,2,2,3,0,0,0,0,0,2,12,0
721,0.25,1,4,2,1600000,6.25e-07,3.203125,3.203125,3,3,3,3,0,0,0,0,0,2,12,1
722,0.25,1,4,2,2000000,5e-07,4.015625,4.015625,4,4,4,5,1,1,1,1,1,2,12,1
723,0.25,1,4,2,2500000,4e-07,5,5,5,5,5,5,1,1,1,1,1,2,12,1
724,0.25,1,4,2,3200000,3.125e-07,6.40625,6.40625,6,6,6,7,1,1,1,1,1,2,12,1
725,0.25,1,4,2,5000000,2e-07,10.015625,10.015625,10,10,10,11,1,1,1,1,1,2,12,1
726,0.25,1,4,2,10000000,1e-07,20.015625,20.015625,20,20,20,21,1,1,1,1,1,2,12,1
727,0.25,1,4,2.5,400000,2.5e-06,1,1,1,1,1,1,0,0,0,0,0,1.5,11.5,0
728,0.25,1,4,2.5,600000,1.66666666666667e-06,1.5,1.5,1,1,1,2,0,0,0,0,0,1.5,11.5,0
729,0.25,1,4,2.5,800000,1.25e-06,2,2,2,2,2,2,0,0,0,0,0,1.5,11.5,0
730,0.25,1,4,2.5,1000000,1e-06,2.515625,2.515625,2,2,2,3,0,0,0,0,0,1.5,11.5,0
731,0.25,1,4,2.5,1250000,8e-07,3,3,3,3,3,3,0,0,0,0,0,1.5,11.5,1
732,0.25,1,4,2.5,1600000,6.25e-07,4,4,4,4,4,4,1,1,1,1,1,1.5,11.5,1
733,0.25,1,4,2.5,2000000,5e-07,5.015625,5.015625,5,5,5,6,1,1,1,1,1,1.5,11.5,1
734,0.25,1,4,2.5,2500000,4e-07,6,6,6,6,6,6,1,1,1,1,1,1.5,11.5,1
735,0.25,1,4,2.5,3200000,3.125e-07,8,8,8,8,8,8,1,1,1,1,1,1.5,11.5,1
736,0.25,1,4,2.5,5000000,2e-07,12.515625,12.515625,12,12,12,13,1,1,1,1,1,1.5,11.5,1
737,0.25,1,4,2.5,10000000,1e-07,25.015625,25.015625,25,25,25,26,1,1,1,1,1,1.5,11.5,1
738,0.25,1,4,3,400000,2.5e-06,1.203125,1.203125,1,1,1,2,0,0,0,0,0,1,11,0
739,0.25,1,4,3,600000,1.66666666666667e-06,1.796875,1.796875,1,1,1,2,0,0,0,0,0,1,11,0
740,0.25,1,4,3,800000,1.25e-06,2.390625,2.390625,2,2,2,3,0,0,0,0,0,1,11,0
741,0.25,1,4,3,1000000,1e-06,3.015625,3.015625,3,3,3,4,0.015625,0,0,0,1,1,11,1
742,0.25,1,4,3,1250000,8e-07,3.53125,3.53125,3,3,3,4,0.296875,0,0,0,1,1,11,1
743,0.25,1,4,3,1600000,6.25e-07,4.796875,4.796875,4,4,4,5,1,1,1,1,1,1,11,1
744,0.25,1,4,3,2000000,5e-07,6.015625,6.015625,6,6,6,7,1,1,1,1,1,1,11,1
745,0.25,1,4,3,2500000,4e-07,7.03125,7.03125,7,7,7,8,1,1,1,1,1,1,11,1
746,0.25,1,4,3,3200000,3.125e-07,9.609375,9.609375,9,9,9,10,1,1,1,1,1,1,11,1
747,0.25,1,4,3,5000000,2e-07,15.015625,15.015625,15,15,15,16,1,1,1,1,1,1,11,1
748,0.25,1,4,3,10000000,1e-07,30.015625,30.015625,30,30,30,31,1,1,1,1,1,1,11,1
749,0.25,1,4,5,400000,2.5e-06,2,2,2,2,2,2,0,0,0,0,0,-0.999999999999999,9,0
750,0.25,1,4,5,600000,1.66666666666667e-06,3,3,3,3,3,3,0,0,0,0,0,-0.999999999999999,9,1
751,0.25,1,4,5,800000,1.25e-06,4,4,4,4,4,4,0,0,0,0,0,-0.999999999999999,9,1
752,0.25,1,4,5,1000000,1e-06,5.015625,5.015625,5,5,5,6,0,0,0,0,0,-0.999999999999999,9,1
753,0.25,1,4,5,1250000,8e-07,6.015625,6.015625,6,6,6,6,0,0,0,0,0,-0.999999999999999,9,1
754,0.25,1,4,5,1600000,6.25e-07,8,8,8,8,8,8,0,0,0,0,0,-0.999999999999999,9,1
755,0.25,1,4,5,2000000,5e-07,10.015625,10.015625,10,10,10,11,0,0,0,0,0,-0.999999999999999,9,1
756,0.25,1,4,5,2500000,4e-07,12.03125,12.03125,12,12,12,13,0,0,0,0,0,-0.999999999999999,9,1
757,0.25,1,4,5,3200000,3.125e-07,16,16,16,16,16,16,0,0,0,0,0,-0.999999999999999,9,1
758,0.25,1,4,5,5000000,2e-07,25.015625,25.015625,25,25,25,26,0,0,0,0,0,-0.999999999999999,9,1
759,0.25,1,4,5,10000000,1e-07,50.015625,50.015625,50,50,50,51,0,0,0,0,0,-0.999999999999999,9,1
760,0.25,1,4,6,400000,2.5e-06,2.40625,2.40625,2,2,2,3,0,0,0,0,0,-2,8,0
761,0.25,1,4,6,600000,1.66666666666667e-06,3.59375,3.59375,3,3,3,4,0,0,0,0,0,-2,8,1
762,0.25,1,4,6,800000,1.25e-06,4.796875,4.796875,4,4,4,5,0,0,0,0,0,-2,8,1
763,0.25,1,4,6,1000000,1e-06,6.015625,6.015625,6,6,6,7,0,0,0,0,0,-2,8,1
764,0.25,1,4,6,1250000,8e-07,7.265625,7.265625,7,7,7,8,0,0,0,0,0,-2,8,1
765,0.25,1,4,6,1600000,6.25e-07,9.59375,9.59375,9,9,9,10,0,0,0,0,0,-2,8,1
766,0.25,1,4,6,2000000,5e-07,12.015625,12.015625,12,12,12,13,0,0,0,0,0,-2,8,1
767,0.25,1,4,6,2500000,4e-07,15,15,15,15,15,15,0,0,0,0,0,-2,8,1
768,0.25,1,4,6,3200000,3.125e-07,19.203125,19.203125,19,19,19,19,0,0,0,0,0,-2,8,1
769,0.25,1,4,6,5000000,2e-07,30.015625,30.015625,30,30,30,31,0,0,0,0,0,-2,8,1
770,0.25,1,4,6,10000000,1e-07,60.015625,60.015625,60,60,60,61,0,0,0,0,0,-2,8,1
771,0.25,1,5,1,400000,2.5e-06,0.40625,0.40625,0,0,0,1,0,0,0,0,0,3,13,0
772,0.25,1,5,1,600000,1.66666666666667e-06,0.59375,0.59375,0,0,0,1,0,0,0,0,0,3,13,0
773,0.25,1,5,1,800000,1.25e-06,0.796875,0.796875,0,0,0,1,0,0,0,0,0,3,13,0
774,0.25,1,5,1,1000000,1e-06,1.015625,1.015625,1,1,1,2,0,0,0,0,0,3,13,0
775,0.25,1,5,1,1250000,8e-07,1.015625,1.015625,1,1,1,1,0,0,0,0,0,3,13,0
776,0.25,1,5,1,1600000,6.25e-07,1.59375,1.59375,1,1,1,2,0,0,0,0,0,3,13,0
777,0.25,1,5,1,2000000,5e-07,2.015625,2.015625,2,2,2,3,0,0,0,0,0,3,13,0
778,0.25,1,5,1,2500000,4e-07,2.03125,2.03125,2,2,2,3,0,0,0,0,0,3,13,0
779,0.25,1,5,1,3200000,3.125e-07,3.203125,3.203125,3,3,3,3,0,0,0,0,0,3,13,0
780,0.25,1,5,1,5000000,2e-07,5.015625,5.015625,5,5,5,6,1,1,1,1,1,3,13,1
781,0.25,1,5,1,10000000,1e-07,10.015625,10.015625,10,10,10,11,1,1,1,1,1,3,13,1
782,0.25,1,5,1.5,400000,2.5e-06,0.609375,0.609375,0,0,0,1,0,0,0,0,0,2.5,12.5,0
783,0.25,1,5,1.5,600000,1.66666666666667e-06,0.90625,0.90625,0,0,0,1,0,0,0,0,0,2.5,12.5,0
784,0.25,1,5,1.5,800000,1.25e-06,1.203125,1.203125,1,1,1,2,0,0,0,0,0,2.5,12.5,0
785,0.25,1,5,1.5,1000000,1e-06,1.515625,1.515625,1,1,1,2,0,0,0,0,0,2.5,12.5,0
786,0.25,1,5,1.5,1250000,8e-07,1.78125,1.78125,1,1,1,2,0,0,0,0,0,2.5,12.5,0
787,0.25,1,5,1.5,1600000,6.25e-07,2.40625,2.40625,2,2,2,3,0,0,0,0,0,2.5,12.5,0
788,0.25,1,5,1.5,2000000,5e-07,3.015625,3.015625,3,3,3,4,0,0,0,0,0,2.5,12.5,0
789,0.25,1,5,1.5,2500000,4e-07,3.53125,3.53125,3,3,3,4,0,0,0,0,0,2.5,12.5,0
790,0.25,1,5,1.5,3200000,3.125e-07,4.8125,4.8125,4,4,4,5,0.625,1,0,0,1,2.5,12.5,1
791,0.25,1,5,1.5,5000000,2e-07,7.515625,7.515625,7,7,7,8,1,1,1,1,1,2.5,12.5,1
792,0.25,1,5,1.5,10000000,1e-07,15.015625,15.015625,15,15,15,16,1,1,1,1,1,2.5,12.5,1
793,0.25,1,5,2,400000,2.5e-06,0.796875,0.796875,0,0,0,1,0,0,0,0,0,2,12,0
794,0.25,1,5,2,600000,1.66666666666667e-06,1.203125,1.203125,1,1,1,1,0,0,0,0,0,2,12,0
795,0.25,1,5,2,800000,1.25e-06,1.59375,1.59375,1,1,1,2,0,0,0,0,0,2,12,0
796,0.25,1,5,2,1000000,1e-06,2.015625,2.015625,2,2,2,3,0,0,0,0,0,2,12,0
797,0.25,1,5,2,1250000,8e-07,2.265625,2.265625,2,2,2,3,0,0,0,0,0,2,12,0
798,0.25,1,5,2,1600000,6.25e-07,3.203125,3.203125,3,3,3,3,0,0,0,0,0,2,12,0
799,0.25,1,5,2,2000000,5e-07,4.015625,4.015625,4,4,4,5,0.015625,0,0,0,1,2,12,1
800,0.25,1,5,2,2500000,4e-07,5,5,5,5,5,5,1,1,1,1,1,2,12,1
801,0.25,1,5,2,3200000,3.125e-07,6.40625,6.40625,6,6,6,7,1,1,1,1,1,2,12,1
802,0.25,1,5,2,5000000,2e-07,10.015625,10.015625,10,10,10,11,1,1,1,1,1,2,12,1
803,0.25,1,5,2,10000000,1e-07,20.015625,20.015625,20,20,20,21,1,1,1,1,1,2,12,1
804,0.25,1,5,2.5,400000,2.5e-06,1,1,1,1,1,1,0,0,0,0,0,1.5,11.5,0
805,0.25,1,5,2.5,600000,1.66666666666667e-06,1.5,1.5,1,1,1,2,0,0,0,0,0,1.5,11.5,0
806,0.25,1,5,2.5,800000,1.25e-06,2,2,2,2,2,2,0,0,0,0,0,1.5,11.5,0
807,0.25,1,5,2.5,1000000,1e-06,2.515625,2.515625,2,2,2,3,0,0,0,0,0,1.5,11.5,0
808,0.25,1,5,2.5,1250000,8e-07,3,3,3,3,3,3,0,0,0,0,0,1.5,11.5,0
809,0.25,1,5,2.5,1600000,6.25e-07,4,4,4,4,4,4,0,0,0,0,0,1.5,11.5,1
810,0.25,1,5,2.5,2000000,5e-07,5.015625,5.015625,5,5,5,6,1,1,1,1,1,1.5,11.5,1
811,0.25,1,5,2.5,2500000,4e-07,6,6,6,6,6,6,1,1,1,1,1,1.5,11.5,1
812,0.25,1,5,2.5,3200000,3.125e-07,8,8,8,8,8,8,1,1,1,1,1,1.5,11.5,1
813,0.25,1,5,2.5,5000000,2e-07,12.515625,12.515625,12,12,12,13,1,1,1,1,1,1.5,11.5,1
814,0.25,1,5,2.5,10000000,1e-07,25.015625,25.015625,25,25,25,26,1,1,1,1,1,1.5,11.5,1
815,0.25,1,5,3,400000,2.5e-06,1.203125,1.203125,1,1,1,2,0,0,0,0,0,1,11,0
816,0.25,1,5,3,600000,1.66666666666667e-06,1.796875,1.796875,1,1,1,2,0,0,0,0,0,1,11,0
817,0.25,1,5,3,800000,1.25e-06,2.390625,2.390625,2,2,2,3,0,0,0,0,0,1,11,0
818,0.25,1,5,3,1000000,1e-06,3.015625,3.015625,3,3,3,4,0,0,0,0,0,1,11,0
819,0.25,1,5,3,1250000,8e-07,3.53125,3.53125,3,3,3,4,0,0,0,0,0,1,11,0
820,0.25,1,5,3,1600000,6.25e-07,4.796875,4.796875,4,4,4,5,0.796875,1,0,0,1,1,11,1
821,0.25,1,5,3,2000000,5e-07,6.015625,6.015625,6,6,6,7,1,1,1,1,1,1,11,1
822,0.25,1,5,3,2500000,4e-07,7.03125,7.03125,7,7,7,8,1,1,1,1,1,1,11,1
823,0.25,1,5,3,3200000,3.125e-07,9.609375,9.609375,9,9,9,10,1,1,1,1,1,1,11,1
824,0.25,1,5,3,5000000,2e-07,15.015625,15.015625,15,15,15,16,1,1,1,1,1,1,11,1
825,0.25,1,5,3,10000000,1e-07,30.015625,30.015625,30,30,30,31,1,1,1,1,1,1,11,1
826,0.25,1,5,5,400000,2.5e-06,2,2,2,2,2,2,0,0,0,0,0,-0.999999999999999,9,0
827,0.25,1,5,5,600000,1.66666666666667e-06,3,3,3,3,3,3,0,0,0,0,0,-0.999999999999999,9,0
828,0.25,1,5,5,800000,1.25e-06,4,4,4,4,4,4,0,0,0,0,0,-0.999999999999999,9,1
829,0.25,1,5,5,1000000,1e-06,5.015625,5.015625,5,5,5,6,0,0,0,0,0,-0.999999999999999,9,1
830,0.25,1,5,5,1250000,8e-07,6.015625,6.015625,6,6,6,6,0,0,0,0,0,-0.999999999999999,9,1
831,0.25,1,5,5,1600000,6.25e-07,8,8,8,8,8,8,0,0,0,0,0,-0.999999999999999,9,1
832,0.25,1,5,5,2000000,5e-07,10.015625,10.015625,10,10,10,11,0,0,0,0,0,-0.999999999999999,9,1
833,0.25,1,5,5,2500000,4e-07,12.03125,12.03125,12,12,12,13,0,0,0,0,0,-0.999999999999999,9,1
834,0.25,1,5,5,3200000,3.125e-07,16,16,16,16,16,16,0,0,0,0,0,-0.999999999999999,9,1
835,0.25,1,5,5,5000000,2e-07,25.015625,25.015625,25,25,25,26,0,0,0,0,0,-0.999999999999999,9,1
836,0.25,1,5,5,10000000,1e-07,50.015625,50.015625,50,50,50,51,0,0,0,0,0,-0.999999999999999,9,1
837,0.25,1,5,6,400000,2.5e-06,2.40625,2.40625,2,2,2,3,0,0,0,0,0,-2,8,0
838,0.25,1,5,6,600000,1.66666666666667e-06,3.59375,3.59375,3,3,3,4,0,0,0,0,0,-2,8,0
839,0.25,1,5,6,800000,1.25e-06,4.796875,4.796875,4,4,4,5,0,0,0,0,0,-2,8,1
840,0.25,1,5,6,1000000,1e-06,6.015625,6.015625,6,6,6,7,0,0,0,0,0,-2,8,1
841,0.25,1,5,6,1250000,8e-07,7.265625,7.265625,7,7,7,8,0,0,0,0,0,-2,8,1
842,0.25,1,5,6,1600000,6.25e-07,9.59375,9.59375,9,9,9,10,0,0,0,0,0,-2,8,1
843,0.25,1,5,6,2000000,5e-07,12.015625,12.015625,12,12,12,13,0,0,0,0,0,-2,8,1
844,0.25,1,5,6,2500000,4e-07,15,15,15,15,15,15,0,0,0,0,0,-2,8,1
845,0.25,1,5,6,3200000,3.125e-07,19.203125,19.203125,19,19,19,19,0,0,0,0,0,-2,8,1
846,0.25,1,5,6,5000000,2e-07,30.015625,30.015625,30,30,30,31,0,0,0,0,0,-2,8,1
847,0.25,1,5,6,10000000,1e-07,60.015625,60.015625,60,60,60,61,0,0,0,0,0,-2,8,1
848,0.25,1,6,1,400000,2.5e-06,0.40625,0.40625,0,0,0,1,0,0,0,0,0,3,13,0
849,0.25,1,6,1,600000,1.66666666666667e-06,0.59375,0.59375,0,0,0,1,0,0,0,0,0,3,13,0
850,0.25,1,6,1,800000,1.25e-06,0.796875,0.796875,0,0,0,1,0,0,0,0,0,3,13,0
851,0.25,1,6,1,1000000,1e-06,1.015625,1.015625,1,1,1,2,0,0,0,0,0,3,13,0
852,0.25,1,6,1,1250000,8e-07,1.015625,1.015625,1,1,1,1,0,0,0,0,0,3,13,0
853,0.25,1,6,1,1600000,6.25e-07,1.59375,1.59375,1,1,1,2,0,0,0,0,0,3,13,0
854,0.25,1,6,1,2000000,5e-07,2.015625,2.015625,2,2,2,3,0,0,0,0,0,3,13,0
855,0.25,1,6,1,2500000,4e-07,2.03125,2.03125,2,2,2,3,0,0,0,0,0,3,13,0
856,0.25,1,6,1,3200000,3.125e-07,3.203125,3.203125,3,3,3,3,0,0,0,0,0,3,13,0
857,0.25,1,6,1,5000000,2e-07,5.015625,5.015625,5,5,5,6,0.015625,0,0,0,1,3,13,1
858,0.25,1,6,1,10000000,1e-07,10.015625,10.015625,10,10,10,11,1,1,1,1,1,3,13,1
859,0.25,1,6,1.5,400000,2.5e-06,0.609375,0.609375,0,0,0,1,0,0,0,0,0,2.5,12.5,0
860,0.25,1,6,1.5,600000,1.66666666666667e-06,0.90625,0.90625,0,0,0,1,0,0,0,0,0,2.5,12.5,0
861,0.25,1,6,1.5,800000,1.25e-06,1.203125,1.203125,1,1,1,2,0,0,0,0,0,2.5,12.5,0
862,0.25,1,6,1.5,1000000,1e-06,1.515625,1.515625,1,1,1,2,0,0,0,0,0,2.5,12.5,0
863,0.25,1,6,1.5,1250000,8e-07,1.78125,1.78125,1,1,1,2,0,0,0,0,0,2.5,12.5,0
864,0.25,1,6,1.5,1600000,6.25e-07,2.40625,2.40625,2,2,2,3,0,0,0,0,0,2.5,12.5,0
865,0.25,1,6,1.5,2000000,5e-07,3.015625,3.015625,3,3,3,4,0,0,0,0,0,2.5,12.5,0
866,0.25,1,6,1.5,2500000,4e-07,3.53125,3.53125,3,3,3,4,0,0,0,0,0,2.5,12.5,0
867,0.25,1,6,1.5,3200000,3.125e-07,4.8125,4.8125,4,4,4,5,0,0,0,0,0,2.5,12.5,0
868,0.25,1,6,1.5,5000000,2e-07,7.515625,7.515625,7,7,7,8,1,1,1,1,1,2.5,12.5,1
869,0.25,1,6,1.5,10000000,1e-07,15.015625,15.015625,15,15,15,16,1,1,1,1,1,2.5,12.5,1
870,0.25,1,6,2,400000,2.5e-06,0.796875,0.796875,0,0,0,1,0,0,0,0,0,2,12,0
871,0.25,1,6,2,600000,1.66666666666667e-06,1.203125,1.203125,1,1,1,1,0,0,0,0,0,2,12,0
872,0.25,1,6,2,800000,1.25e-06,1.59375,1.59375,1,1,1,2,0,0,0,0,0,2,12,0
873,0.25,1,6,2,1000000,1e-06,2.015625,2.015625,2,2,2,3,0,0,0,0,0,2,12,0
874,0.25,1,6,2,1250000,8e-07,2.265625,2.265625,2,2,2,3,0,0,0,0,0,2,12,0
875,0.25,1,6,2,1600000,6.25e-07,3.203125,3.203125,3,3,3,3,0,0,0,0,0,2,12,0
876,0.25,1,6,2,2000000,5e-07,4.015625,4.015625,4,4,4,5,0,0,0,0,0,2,12,0
877,0.25,1,6,2,2500000,4e-07,5,5,5,5,5,5,0,0,0,0,0,2,12,1
878,0.25,1,6,2,3200000,3.125e-07,6.40625,6.40625,6,6,6,7,1,1,1,1,1,2,12,1
879,0.25,1,6,2,5000000,2e-07,10.015625,10.015625,10,10,10,11,1,1,1,1,1,2,12,1
880,0.25,1,6,2,10000000,1e-07,20.015625,20.015625,20,20,20,21,1,1,1,1,1,2,12,1
881,0.25,1,6,2.5,400000,2.5e-06,1,1,1,1,1,1,0,0,0,0,0,1.5,11.5,0
882,0.25,1,6,2.5,600000,1.66666666666667e-06,1.5,1.5,1,1,1,2,0,0,0,0,0,1.5,11.5,0
883,0.25,1,6,2.5,800000,1.25e-06,2,2,2,2,2,2,0,0,0,0,0,1.5,11.5,0
884,0.25,1,6,2.5,1000000,1e-06,2.515625,2.515625,2,2,2,3,0,0,0,0,0,1.5,11.5,0
885,0.25,1,6,2.5,1250000,8e-07,3,3,3,3,3,3,0,0,0,0,0,1.5,11.5,0
886,0.25,1,6,2.5,1600000,6.25e-07,4,4,4,4,4,4,0,0,0,0,0,1.5,11.5,0
887,0.25,1,6,2.5,2000000,5e-07,5.015625,5.015625,5,5,5,6,0.015625,0,0,0,1,1.5,11.5,1
888,0.25,1,6,2.5,2500000,4e-07,6,6,6,6,6,6,1,1,1,1,1,1.5,11.5,1
889,0.25,1,6,2.5,3200000,3.125e-07,8,8,8,8,8,8,1,1,1,1,1,1.5,11.5,1
890,0.25,1,6,2.5,5000000,2e-07,12.515625,12.515625,12,12,12,13,1,1,1,1,1,1.5,11.5,1
891,0.25,1,6,2.5,10000000,1e-07,25.015625,25.015625,25,25,25,26,1,1,1,1,1,1.5,11.5,1
892,0.25,1,6,3,400000,2.5e-06,1.203125,1.203125,1,1,1,2,0,0,0,0,0,1,11,0
893,0.25,1,6,3,600000,1.66666666666667e-06,1.796875,1.796875,1,1,1,2,0,0,0,0,0,1,11,0
894,0.25,1,6,3,800000,1.25e-06,2.390625,2.390625,2,2,2,3,0,0,0,0,0,1,11,0
895,0.25,1,6,3,1000000,1e-06,3.015625,3.015625,3,3,3,4,0,0,0,0,0,1,11,0
896,0.25,1,6,3,1250000,8e-07,3.53125,3.53125,3,3,3,4,0,0,0,0,0,1,11,0
897,0.25,1,6,3,1600000,6.25e-07,4.796875,4.796875,4,4,4,5,0,0,0,0,0,1,11,0
898,0.25,1,6,3,2000000,5e-07,6.015625,6.015625,6,6,6,7,1,1,1,1,1,1,11,1
899,0.25,1,6,3,2500000,4e-07,7.03125,7.03125,7,7,7,8,1,1,1,1,1,1,11,1
900,0.25,1,6,3,3200000,3.125e-07,9.609375,9.609375,9,9,9,10,1,1,1,1,1,1,11,1
901,0.25,1,6,3,5000000,2e-07,15.015625,15.015625,15,15,15,16,1,1,1,1,1,1,11,1
902,0.25,1,6,3,10000000,1e-07,30.015625,30.015625,30,30,30,31,1,1,1,1,1,1,11,1
903,0.25,1,6,5,400000,2.5e-06,2,2,2,2,2,2,0,0,0,0,0,-0.999999999999999,9,0
904,0.25,1,6,5,600000,1.66666666666667e-06,3,3,3,3,3,3,0,0,0,0,0,-0.999999999999999,9,0
905,0.25,1,6,5,800000,1.25e-06,4,4,4,4,4,4,0,0,0,0,0,-0.999999999999999,9,0
906,0.25,1,6,5,1000000,1e-06,5.015625,5.015625,5,5,5,6,0,0,0,0,0,-0.999999999999999,9,1
907,0.25,1,6,5,1250000,8e-07,6.015625,6.015625,6,6,6,6,0,0,0,0,0,-0.999999999999999,9,1
908,0.25,1,6,5,1600000,6.25e-07,8,8,8,8,8,8,0,0,0,0,0,-0.999999999999999,9,1
909,0.25,1,6,5,2000000,5e-07,10.015625,10.015625,10,10,10,11,0,0,0,0,0,-0.999999999999999,9,1
910,0.25,1,6,5,2500000,4e-07,12.03125,12.03125,12,12,12,13,0,0,0,0,0,-0.999999999999999,9,1
911,0.25,1,6,5,3200000,3.125e-07,16,16,16,16,16,16,0,0,0,0,0,-0.999999999999999,9,1
912,0.25,1,6,5,5000000,2e-07,25.015625,25.015625,25,25,25,26,0,0,0,0,0,-0.999999999999999,9,1
913,0.25,1,6,5,10000000,1e-07,50.015625,50.015625,50,50,50,51,0,0,0,0,0,-0.999999999999999,9,1
914,0.25,1,6,6,400000,2.5e-06,2.40625,2.40625,2,2,2,3,0,0,0,0,0,-2,8,0
915,0.25,1,6,6,600000,1.66666666666667e-06,3.59375,3.59375,3,3,3,4,0,0,0,0,0,-2,8,0
916,0.25,1,6,6,800000,1.25e-06,4.796875,4.796875,4,4,4,5,0,0,0,0,0,-2,8,0
917,0.25,1,6,6,1000000,1e-06,6.015625,6.015625,6,6,6,7,0,0,0,0,0,-2,8,1
918,0.25,1,6,6,1250000,8e-07,7.265625,7.265625,7,7,7,8,0,0,0,0,0,-2,8,1
919,0.25,1,6,6,1600000,6.25e-07,9.59375,9.59375,9,9,9,10,0,0,0,0,0,-2,8,1
920,0.25,1,6,6,2000000,5e-07,12.015625,12.015625,12,12,12,13,0,0,0,0,0,-2,8,1
921,0.25,1,6,6,2500000,4e-07,15,15,15,15,15,15,0,0,0,0,0,-2,8,1
922,0.25,1,6,6,3200000,3.125e-07,19.203125,19.203125,19,19,19,19,0,0,0,0,0,-2,8,1
923,0.25,1,6,6,5000000,2e-07,30.015625,30.015625,30,30,30,31,0,0,0,0,0,-2,8,1
924,0.25,1,6,6,10000000,1e-07,60.015625,60.015625,60,60,60,61,0,0,0,0,0,-2,8,1
925,0.35,0.2,3,1,400000,2.5e-06,0.203125,0.1875,0,0,0,0,0,0,0,0,0,5.8,11.8,0
926,0.35,0.2,3,1,600000,1.66666666666667e-06,0.40625,0.40625,0,0,0,1,0,0,0,0,0,5.8,11.8,0
927,0.35,0.2,3,1,800000,1.25e-06,0.609375,0.59375,0,0,0,1,0,0,0,0,0,5.8,11.8,0
928,0.35,0.2,3,1,1000000,1e-06,1,1,1,1,1,1,0,0,0,0,0,5.8,11.8,0
929,0.35,0.2,3,1,1250000,8e-07,1.015625,1.015625,1,1,1,1,0,0,0,0,0,5.8,11.8,0
930,0.35,0.2,3,1,1600000,6.25e-07,1.40625,1.390625,1,1,1,2,0,0,0,0,0,5.8,11.8,0
931,0.35,0.2,3,1,2000000,5e-07,2,2,2,2,2,2,0,0,0,0,0,5.8,11.8,1
932,0.35,0.2,3,1,2500000,4e-07,2.03125,2.03125,2,2,2,3,0.03125,0,0,0,1,5.8,11.8,1
933,0.35,0.2,3,1,3200000,3.125e-07,3,3,3,3,3,3,1,1,1,1,1,5.8,11.8,1
934,0.35,0.2,3,1,5000000,2e-07,5.015625,5.015625,5,5,5,6,1,1,1,1,1,5.8,11.8,1
935,0.35,0.2,3,1,10000000,1e-07,10.015625,10.015625,10,10,10,11,1,1,1,1,1,5.8,11.8,1
936,0.35,0.2,3,1.5,400000,2.5e-06,0.40625,0.390625,0,0,0,1,0,0,0,0,0,5.3,11.3,0
937,0.35,0.2,3,1.5,600000,1.66666666666667e-06,0.8125,0.8125,0,0,0,1,0,0,0,0,0,5.3,11.3,0
938,0.35,0.2,3,1.5,800000,1.25e-06,1,1,1,1,1,1,0,0,0,0,0,5.3,11.3,0
939,0.35,0.2,3,1.5,1000000,1e-06,1.5,1.5,1,1,1,2,0,0,0,0,0,5.3,11.3,0
940,0.35,0.2,3,1.5,1250000,8e-07,1.78125,1.78125,1,1,1,2,0,0,0,0,0,5.3,11.3,0
941,0.35,0.2,3,1.5,1600000,6.25e-07,2.203125,2.203125,2,2,2,3,0.15625,0,0,0,1,5.3,11.3,1
942,0.35,0.2,3,1.5,2000000,5e-07,3,3,3,3,3,3,1,1,1,1,1,5.3,11.3,1
943,0.35,0.2,3,1.5,2500000,4e-07,3.53125,3.53125,3,3,3,4,1,1,1,1,1,5.3,11.3,1
944,0.35,0.2,3,1.5,3200000,3.125e-07,4.609375,4.609375,4,4,4,5,1,1,1,1,1,5.3,11.3,1
945,0.35,0.2,3,1.5,5000000,2e-07,7.515625,7.515625,7,7,7,8,1,1,1,1,1,5.3,11.3,1
946,0.35,0.2,3,1.5,10000000,1e-07,15.015625,15.015625,15,15,15,16,1,1,1,1,1,5.3,11.3,1
947,0.35,0.2,3,2,400000,2.5e-06,0.609375,0.59375,0,0,0,1,0,0,0,0,0,4.8,10.8,0
948,0.35,0.2,3,2,600000,1.66666666666667e-06,1,1,1,1,1,1,0,0,0,0,0,4.8,10.8,0
949,0.35,0.2,3,2,800000,1.25e-06,1.203125,1.203125,1,1,1,2,0,0,0,0,0,4.8,10.8,0
950,0.35,0.2,3,2,1000000,1e-06,2,2,2,2,2,2,0,0,0,0,0,4.8,10.8,1
951,0.35,0.2,3,2,1250000,8e-07,2.265625,2.265625,2,2,2,3,0.265625,0,0,0,1,4.8,10.8,1
952,0.35,0.2,3,2,1600000,6.25e-07,3,3,3,3,3,3,1,1,1,1,1,4.8,10.8,1
953,0.35,0.2,3,2,2000000,5e-07,4,4,4,4,4,4,1,1,1,1,1,4.8,10.8,1
954,0.35,0.2,3,2,2500000,4e-07,5,5,5,5,5,5,1,1,1,1,1,4.8,10.8,1
955,0.35,0.2,3,2,3200000,3.125e-07,6,6,6,6,6,6,1,1,1,1,1,4.8,10.8,1
956,0.35,0.2,3,2,5000000,2e-07,10.015625,10.015625,10,10,10,11,1,1,1,1,1,4.8,10.8,1
957,0.35,0.2,3,2,10000000,1e-07,20.015625,20.015625,20,20,20,21,1,1,1,1,1,4.8,10.8,1
958,0.35,0.2,3,2.5,400000,2.5e-06,1,1,1,1,1,1,0,0,0,0,0,4.3,10.3,0
959,0.35,0.2,3,2.5,600000,1.66666666666667e-06,1.296875,1.296875,1,1,1,2,0,0,0,0,0,4.3,10.3,0
960,0.35,0.2,3,2.5,800000,1.25e-06,2,2,2,2,2,2,0,0,0,0,0,4.3,10.3,1
961,0.35,0.2,3,2.5,1000000,1e-06,2.5,2.5,2,2,2,3,0.390625,0,0,0,1,4.3,10.3,1
962,0.35,0.2,3,2.5,1250000,8e-07,3,3,3,3,3,3,1,1,1,1,1,4.3,10.3,1
963,0.35,0.2,3,2.5,1600000,6.25e-07,4,4,4,4,4,4,1,1,1,1,1,4.3,10.3,1
964,0.35,0.2,3,2.5,2000000,5e-07,5,5,5,5,5,5,1,1,1,1,1,4.3,10.3,1
965,0.35,0.2,3,2.5,2500000,4e-07,6,6,6,6,6,6,1,1,1,1,1,4.3,10.3,1
966,0.35,0.2,3,2.5,3200000,3.125e-07,8,8,8,8,8,8,1,1,1,1,1,4.3,10.3,1
967,0.35,0.2,3,2.5,5000000,2e-07,12.515625,12.515625,12,12,12,13,1,1,1,1,1,4.3,10.3,1
968,0.35,0.2,3,2.5,10000000,1e-07,25.015625,25.015625,25,25,25,26,1,1,1,1,1,4.3,10.3,1
969,0.35,0.2,3,3,400000,2.5e-06,1,1,1,1,1,1,0,0,0,0,0,3.8,9.8,0
970,0.35,0.2,3,3,600000,1.66666666666667e-06,1.609375,1.59375,1,1,1,2,0,0,0,0,0,3.8,9.8,0
971,0.35,0.2,3,3,800000,1.25e-06,2,2,2,2,2,2,0,0,0,0,0,3.8,9.8,1
972,0.35,0.2,3,3,1000000,1e-06,3,3,3,3,3,3,1,1,1,1,1,3.8,9.8,1
973,0.35,0.2,3,3,1250000,8e-07,3.53125,3.53125,3,3,3,4,1,1,1,1,1,3.8,9.8,1
974,0.35,0.2,3,3,1600000,6.25e-07,4.59375,4.59375,4,4,4,5,1,1,1,1,1,3.8,9.8,1
975,0.35,0.2,3,3,2000000,5e-07,6,6,6,6,6,6,1,1,1,1,1,3.8,9.8,1
976,0.35,0.2,3,3,2500000,4e-07,7.03125,7.03125,7,7,7,8,1,1,1,1,1,3.8,9.8,1
977,0.35,0.2,3,3,3200000,3.125e-07,9.203125,9.203125,9,9,9,10,1,1,1,1,1,3.8,9.8,1
978,0.35,0.2,3,3,5000000,2e-07,15.015625,15.015625,15,15,15,16,1,1,1,1,1,3.8,9.8,1
979,0.35,0.2,3,3,10000000,1e-07,30.015625,30.015625,30,30,30,31,1,1,1,1,1,3.8,9.8,1
980,0.35,0.2,3,5,400000,2.5e-06,2,2,2,2,2,2,0,0,0,0,0,1.8,7.8,1
981,0.35,0.2,3,5,600000,1.66666666666667e-06,3,3,3,3,3,3,1,1,1,1,1,1.8,7.8,1
982,0.35,0.2,3,5,800000,1.25e-06,4,4,4,4,4,4,1,1,1,1,1,1.8,7.8,1
983,0.35,0.2,3,5,1000000,1e-06,5,5,5,5,5,5,1,1,1,1,1,1.8,7.8,1
984,0.35,0.2,3,5,1250000,8e-07,6.015625,6.015625,6,6,6,6,1,1,1,1,1,1.8,7.8,1
985,0.35,0.2,3,5,1600000,6.25e-07,8,8,8,8,8,8,1,1,1,1,1,1.8,7.8,1
986,0.35,0.2,3,5,2000000,5e-07,10,10,10,10,10,10,1,1,1,1,1,1.8,7.8,1
987,0.35,0.2,3,5,2500000,4e-07,12.03125,12.03125,12,12,12,13,1,1,1,1,1,1.8,7.8,1
988,0.35,0.2,3,5,3200000,3.125e-07,16,16,16,16,16,16,1,1,1,1,1,1.8,7.8,1
989,0.35,0.2,3,5,5000000,2e-07,25.015625,25.015625,25,25,25,26,1,1,1,1,1,1.8,7.8,1
990,0.35,0.2,3,5,10000000,1e-07,50.015625,50.015625,50,50,50,51,1,1,1,1,1,1.8,7.8,1
991,0.35,0.2,3,6,400000,2.5e-06,2.203125,2.1875,2,2,2,2,0,0,0,0,0,0.8,6.8,1
992,0.35,0.2,3,6,600000,1.66666666666667e-06,3.40625,3.40625,3,3,3,4,1,1,1,1,1,0.8,6.8,1
993,0.35,0.2,3,6,800000,1.25e-06,4.609375,4.59375,4,4,4,5,1,1,1,1,1,0.8,6.8,1
994,0.35,0.2,3,6,1000000,1e-06,6,6,6,6,6,6,1,1,1,1,1,0.8,6.8,1
995,0.35,0.2,3,6,1250000,8e-07,7.265625,7.265625,7,7,7,8,1,1,1,1,1,0.8,6.8,1
996,0.35,0.2,3,6,1600000,6.25e-07,9.40625,9.390625,9,9,9,10,1,1,1,1,1,0.8,6.8,1
997,0.35,0.2,3,6,2000000,5e-07,12,12,12,12,12,12,1,1,1,1,1,0.8,6.8,1
998,0.35,0.2,3,6,2500000,4e-07,15,15,15,15,15,15,1,1,1,1,1,0.8,6.8,1
999,0.35,0.2,3,6,3200000,3.125e-07,19,19,19,19,19,19,1,1,1,1,1,0.8,6.8,1
1000,0.35,0.2,3,6,5000000,2e-07,30.015625,30.015625,30,30,30,31,1,1,1,1,1,0.8,6.8,1
1001,0.35,0.2,3,6,10000000,1e-07,60.015625,60.015625,60,60,60,61,1,1,1,1,1,0.8,6.8,1
1002,0.35,0.2,4,1,400000,2.5e-06,0.203125,0.1875,0,0,0,0,0,0,0,0,0,5.8,11.8,0
1003,0.35,0.2,4,1,600000,1.66666666666667e-06,0.40625,0.40625,0,0,0,1,0,0,0,0,0,5.8,11.8,0
1004,0.35,0.2,4,1,800000,1.25e-06,0.609375,0.59375,0,0,0,1,0,0,0,0,0,5.8,11.8,0
1005,0.35,0.2,4,1,1000000,1e-06,1,1,1,1,1,1,0,0,0,0,0,5.8,11.8,0
1006,0.35,0.2,4,1,1250000,8e-07,1.015625,1.015625,1,1,1,1,0,0,0,0,0,5.8,11.8,0
1007,0.35,0.2,4,1,1600000,6.25e-07,1.40625,1.390625,1,1,1,2,0,0,0,0,0,5.8,11.8,0
1008,0.35,0.2,4,1,2000000,5e-07,2,2,2,2,2,2,0,0,0,0,0,5.8,11.8,0
1009,0.35,0.2,4,1,2500000,4e-07,2.03125,2.03125,2,2,2,3,0,0,0,0,0,5.8,11.8,0
1010,0.35,0.2,4,1,3200000,3.125e-07,3,3,3,3,3,3,0,0,0,0,0,5.8,11.8,1
1011,0.35,0.2,4,1,5000000,2e-07,5.015625,5.015625,5,5,5,6,1,1,1,1,1,5.8,11.8,1
1012,0.35,0.2,4,1,10000000,1e-07,10.015625,10.015625,10,10,10,11,1,1,1,1,1,5.8,11.8,1
1013,0.35,0.2,4,1.5,400000,2.5e-06,0.40625,0.390625,0,0,0,1,0,0,0,0,0,5.3,11.3,0
1014,0.35,0.2,4,1.5,600000,1.66666666666667e-06,0.8125,0.8125,0,0,0,1,0,0,0,0,0,5.3,11.3,0
1015,0.35,0.2,4,1.5,800000,1.25e-06,1,1,1,1,1,1,0,0,0,0,0,5.3,11.3,0
1016,0.35,0.2,4,1.5,1000000,1e-06,1.5,1.5,1,1,1,2,0,0,0,0,0,5.3,11.3,0
1017,0.35,0.2,4,1.5,1250000,8e-07,1.78125,1.78125,1,1,1,2,0,0,0,0,0,5.3,11.3,0
1018,0.35,0.2,4,1.5,1600000,6.25e-07,2.203125,2.203125,2,2,2,3,0,0,0,0,0,5.3,11.3,0
1019,0.35,0.2,4,1.5,2000000,5e-07,3,3,3,3,3,3,0,0,0,0,0,5.3,11.3,1
1020,0.35,0.2,4,1.5,2500000,4e-07,3.53125,3.53125,3,3,3,4,0.0625,0,0,0,1,5.3,11.3,1
1021,0.35,0.2,4,1.5,3200000,3.125e-07,4.609375,4.609375,4,4,4,5,1,1,1,1,1,5.3,11.3,1
1022,0.35,0.2,4,1.5,5000000,2e-07,7.515625,7.515625,7,7,7,8,1,1,1,1,1,5.3,11.3,1
1023,0.35,0.2,4,1.5,10000000,1e-07,15.015625,15.015625,15,15,15,16,1,1,1,1,1,5.3,11.3,1
1024,0.35,0.2,4,2,400000,2.5e-06,0.609375,0.59375,0,0,0,1,0,0,0,0,0,4.8,10.8,0
1025,0.35,0.2,4,2,600000,1.66666666666667e-06,1,1,1,1,1,1,0,0,0,0,0,4.8,10.8,0
1026,0.35,0.2,4,2,800000,1.25e-06,1.203125,1.203125,1,1,1,2,0,0,0,0,0,4.8,10.8,0
1027,0.35,0.2,4,2,1000000,1e-06,2,2,2,2,2,2,0,0,0,0,0,4.8,10.8,0
1028,0.35,0.2,4,2,1250000,8e-07,2.265625,2.265625,2,2,2,3,0,0,0,0,0,4.8,10.8,0
1029,0.35,0.2,4,2,1600000,6.25e-07,3,3,3,3,3,3,0,0,0,0,0,4.8,10.8,1
1030,0.35,0.2,4,2,2000000,5e-07,4,4,4,4,4,4,1,1,1,1,1,4.8,10.8,1
1031,0.35,0.2,4,2,2500000,4e-07,5,5,5,5,5,5,1,1,1,1,1,4.8,10.8,1
1032,0.35,0.2,4,2,3200000,3.125e-07,6,6,6,6,6,6,1,1,1,1,1,4.8,10.8,1
1033,0.35,0.2,4,2,5000000,2e-07,10.015625,10.015625,10,10,10,11,1,1,1,1,1,4.8,10.8,1
1034,0.35,0.2,4,2,10000000,1e-07,20.015625,20.015625,20,20,20,21,1,1,1,1,1,4.8,10.8,1
1035,0.35,0.2,4,2.5,400000,2.5e-06,1,1,1,1,1,1,0,0,0,0,0,4.3,10.3,0
1036,0.35,0.2,4,2.5,600000,1.66666666666667e-06,1.296875,1.296875,1,1,1,2,0,0,0,0,0,4.3,10.3,0
1037,0.35,0.2,4,2.5,800000,1.25e-06,2,2,2,2,2,2,0,0,0,0,0,4.3,10.3,0
1038,0.35,0.2,4,2.5,1000000,1e-06,2.5,2.5,2,2,2,3,0,0,0,0,0,4.3,10.3,0
1039,0.35,0.2,4,2.5,1250000,8e-07,3,3,3,3,3,3,0,0,0,0,0,4.3,10.3,1
1040,0.35,0.2,4,2.5,1600000,6.25e-07,4,4,4,4,4,4,1,1,1,1,1,4.3,10.3,1
1041,0.35,0.2,4,2.5,2000000,5e-07,5,5,5,5,5,5,1,1,1,1,1,4.3,10.3,1
1042,0.35,0.2,4,2.5,2500000,4e-07,6,6,6,6,6,6,1,1,1,1,1,4.3,10.3,1
1043,0.35,0.2,4,2.5,3200000,3.125e-07,8,8,8,8,8,8,1,1,1,1,1,4.3,10.3,1
1044,0.35,0.2,4,2.5,5000000,2e-07,12.515625,12.515625,12,12,12,13,1,1,1,1,1,4.3,10.3,1
1045,0.35,0.2,4,2.5,10000000,1e-07,25.015625,25.015625,25,25,25,26,1,1,1,1,1,4.3,10.3,1
1046,0.35,0.2,4,3,400000,2.5e-06,1,1,1,1,1,1,0,0,0,0,0,3.8,9.8,0
1047,0.35,0.2,4,3,600000,1.66666666666667e-06,1.609375,1.59375,1,1,1,2,0,0,0,0,0,3.8,9.8,0
1048,0.35,0.2,4,3,800000,1.25e-06,2,2,2,2,2,2,0,0,0,0,0,3.8,9.8,0
1049,0.35,0.2,4,3,1000000,1e-06,3,3,3,3,3,3,0,0,0,0,0,3.8,9.8,1
1050,0.35,0.2,4,3,1250000,8e-07,3.53125,3.53125,3,3,3,4,0.296875,0,0,0,1,3.8,9.8,1
1051,0.35,0.2,4,3,1600000,6.25e-07,4.59375,4.59375,4,4,4,5,1,1,1,1,1,3.8,9.8,1
1052,0.35,0.2,4,3,2000000,5e-07,6,6,6,6,6,6,1,1,1,1,1,3.8,9.8,1
1053,0.35,0.2,4,3,2500000,4e-07,7.03125,7.03125,7,7,7,8,1,1,1,1,1,3.8,9.8,1
1054,0.35,0.2,4,3,3200000,3.125e-07,9.203125,9.203125,9,9,9,10,1,1,1,1,1,3.8,9.8,1
1055,0.35,0.2,4,3,5000000,2e-07,15.015625,15.015625,15,15,15,16,1,1,1,1,1,3.8,9.8,1
1056,0.35,0.2,4,3,10000000,1e-07,30.015625,30.015625,30,30,30,31,1,1,1,1,1,3.8,9.8,1
1057,0.35,0.2,4,5,400000,2.5e-06,2,2,2,2,2,2,0,0,0,0,0,1.8,7.8,0
1058,0.35,0.2,4,5,600000,1.66666666666667e-06,3,3,3,3,3,3,0,0,0,0,0,1.8,7.8,1
1059,0.35,0.2,4,5,800000,1.25e-06,4,4,4,4,4,4,1,1,1,1,1,1.8,7.8,1
1060,0.35,0.2,4,5,1000000,1e-06,5,5,5,5,5,5,1,1,1,1,1,1.8,7.8,1
1061,0.35,0.2,4,5,1250000,8e-07,6.015625,6.015625,6,6,6,6,1,1,1,1,1,1.8,7.8,1
1062,0.35,0.2,4,5,1600000,6.25e-07,8,8,8,8,8,8,1,1,1,1,1,1.8,7.8,1
1063,0.35,0.2,4,5,2000000,5e-07,10,10,10,10,10,10,1,1,1,1,1,1.8,7.8,1
1064,0.35,0.2,4,5,2500000,4e-07,12.03125,12.03125,12,12,12,13,1,1,1,1,1,1.8,7.8,1
1065,0.35,0.2,4,5,3200000,3.125e-07,16,16,16,16,16,16,1,1,1,1,1,1.8,7.8,1
1066,0.35,0.2,4,5,5000000,2e-07,25.015625,25.015625,25,25,25,26,1,1,1,1,1,1.8,7.8,1
1067,0.35,0.2,4,5,10000000,1e-07,50.015625,50.015625,50,50,50,51,1,1,1,1,1,1.8,7.8,1
1068,0.35,0.2,4,6,400000,2.5e-06,2.203125,2.1875,2,2,2,2,0,0,0,0,0,0.8,6.8,0
1069,0.35,0.2,4,6,600000,1.66666666666667e-06,3.40625,3.40625,3,3,3,4,0.25,0,0,0,1,0.8,6.8,1
1070,0.35,0.2,4,6,800000,1.25e-06,4.609375,4.59375,4,4,4,5,1,1,1,1,1,0.8,6.8,1
1071,0.35,0.2,4,6,1000000,1e-06,6,6,6,6,6,6,1,1,1,1,1,0.8,6.8,1
1072,0.35,0.2,4,6,1250000,8e-07,7.265625,7.265625,7,7,7,8,1,1,1,1,1,0.8,6.8,1
1073,0.35,0.2,4,6,1600000,6.25e-07,9.40625,9.390625,9,9,9,10,1,1,1,1,1,0.8,6.8,1
1074,0.35,0.2,4,6,2000000,5e-07,12,12,12,12,12,12,1,1,1,1,1,0.8,6.8,1
1075,0.35,0.2,4,6,2500000,4e-07,15,15,15,15,15,15,1,1,1,1,1,0.8,6.8,1
1076,0.35,0.2,4,6,3200000,3.125e-07,19,19,19,19,19,19,1,1,1,1,1,0.8,6.8,1
1077,0.35,0.2,4,6,5000000,2e-07,30.015625,30.015625,30,30,30,31,1,1,1,1,1,0.8,6.8,1
1078,0.35,0.2,4,6,10000000,1e-07,60.015625,60.015625,60,60,60,61,1,1,1,1,1,0.8,6.8,1
1079,0.35,0.2,5,1,400000,2.5e-06,0.203125,0.1875,0,0,0,0,0,0,0,0,0,5.8,11.8,0
1080,0.35,0.2,5,1,600000,1.66666666666667e-06,0.40625,0.40625,0,0,0,1,0,0,0,0,0,5.8,11.8,0
1081,0.35,0.2,5,1,800000,1.25e-06,0.609375,0.59375,0,0,0,1,0,0,0,0,0,5.8,11.8,0
1082,0.35,0.2,5,1,1000000,1e-06,1,1,1,1,1,1,0,0,0,0,0,5.8,11.8,0
1083,0.35,0.2,5,1,1250000,8e-07,1.015625,1.015625,1,1,1,1,0,0,0,0,0,5.8,11.8,0
1084,0.35,0.2,5,1,1600000,6.25e-07,1.40625,1.390625,1,1,1,2,0,0,0,0,0,5.8,11.8,0
1085,0.35,0.2,5,1,2000000,5e-07,2,2,2,2,2,2,0,0,0,0,0,5.8,11.8,0
1086,0.35,0.2,5,1,2500000,4e-07,2.03125,2.03125,2,2,2,3,0,0,0,0,0,5.8,11.8,0
1087,0.35,0.2,5,1,3200000,3.125e-07,3,3,3,3,3,3,0,0,0,0,0,5.8,11.8,0
1088,0.35,0.2,5,1,5000000,2e-07,5.015625,5.015625,5,5,5,6,1,1,1,1,1,5.8,11.8,1
1089,0.35,0.2,5,1,10000000,1e-07,10.015625,10.015625,10,10,10,11,1,1,1,1,1,5.8,11.8,1
1090,0.35,0.2,5,1.5,400000,2.5e-06,0.40625,0.390625,0,0,0,1,0,0,0,0,0,5.3,11.3,0
1091,0.35,0.2,5,1.5,600000,1.66666666666667e-06,0.8125,0.8125,0,0,0,1,0,0,0,0,0,5.3,11.3,0
1092,0.35,0.2,5,1.5,800000,1.25e-06,1,1,1,1,1,1,0,0,0,0,0,5.3,11.3,0
1093,0.35,0.2,5,1.5,1000000,1e-06,1.5,1.5,1,1,1,2,0,0,0,0,0,5.3,11.3,0
1094,0.35,0.2,5,1.5,1250000,8e-07,1.78125,1.78125,1,1,1,2,0,0,0,0,0,5.3,11.3,0
1095,0.35,0.2,5,1.5,1600000,6.25e-07,2.203125,2.203125,2,2,2,3,0,0,0,0,0,5.3,11.3,0
1096,0.35,0.2,5,1.5,2000000,5e-07,3,3,3,3,3,3,0,0,0,0,0,5.3,11.3,0
1097,0.35,0.2,5,1.5,2500000,4e-07,3.53125,3.53125,3,3,3,4,0,0,0,0,0,5.3,11.3,0
1098,0.35,0.2,5,1.5,3200000,3.125e-07,4.609375,4.609375,4,4,4,5,0.453125,0,0,0,1,5.3,11.3,1
1099,0.35,0.2,5,1.5,5000000,2e-07,7.515625,7.515625,7,7,7,8,1,1,1,1,1,5.3,11.3,1
1100,0.35,0.2,5,1.5,10000000,1e-07,15.015625,15.015625,15,15,15,16,1,1,1,1,1,5.3,11.3,1
1101,0.35,0.2,5,2,400000,2.5e-06,0.609375,0.59375,0,0,0,1,0,0,0,0,0,4.8,10.8,0
1102,0.35,0.2,5,2,600000,1.66666666666667e-06,1,1,1,1,1,1,0,0,0,0,0,4.8,10.8,0
1103,0.35,0.2,5,2,800000,1.25e-06,1.203125,1.203125,1,1,1,2,0,0,0,0,0,4.8,10.8,0
1104,0.35,0.2,5,2,1000000,1e-06,2,2,2,2,2,2,0,0,0,0,0,4.8,10.8,0
1105,0.35,0.2,5,2,1250000,8e-07,2.265625,2.265625,2,2,2,3,0,0,0,0,0,4.8,10.8,0
1106,0.35,0.2,5,2,1600000,6.25e-07,3,3,3,3,3,3,0,0,0,0,0,4.8,10.8,0
1107,0.35,0.2,5,2,2000000,5e-07,4,4,4,4,4,4,0,0,0,0,0,4.8,10.8,1
1108,0.35,0.2,5,2,2500000,4e-07,5,5,5,5,5,5,1,1,1,1,1,4.8,10.8,1
1109,0.35,0.2,5,2,3200000,3.125e-07,6,6,6,6,6,6,1,1,1,1,1,4.8,10.8,1
1110,0.35,0.2,5,2,5000000,2e-07,10.015625,10.015625,10,10,10,11,1,1,1,1,1,4.8,10.8,1
1111,0.35,0.2,5,2,10000000,1e-07,20.015625,20.015625,20,20,20,21,1,1,1,1,1,4.8,10.8,1
1112,0.35,0.2,5,2.5,400000,2.5e-06,1,1,1,1,1,1,0,0,0,0,0,4.3,10.3,0
1113,0.35,0.2,5,2.5,600000,1.66666666666667e-06,1.296875,1.296875,1,1,1,2,0,0,0,0,0,4.3,10.3,0
1114,0.35,0.2,5,2.5,800000,1.25e-06,2,2,2,2,2,2,0,0,0,0,0,4.3,10.3,0
1115,0.35,0.2,5,2.5,1000000,1e-06,2.5,2.5,2,2,2,3,0,0,0,0,0,4.3,10.3,0
1116,0.35,0.2,5,2.5,1250000,8e-07,3,3,3,3,3,3,0,0,0,0,0,4.3,10.3,0
1117,0.35,0.2,5,2.5,1600000,6.25e-07,4,4,4,4,4,4,0,0,0,0,0,4.3,10.3,1
1118,0.35,0.2,5,2.5,2000000,5e-07,5,5,5,5,5,5,1,1,1,1,1,4.3,10.3,1
1119,0.35,0.2,5,2.5,2500000,4e-07,6,6,6,6,6,6,1,1,1,1,1,4.3,10.3,1
1120,0.35,0.2,5,2.5,3200000,3.125e-07,8,8,8,8,8,8,1,1,1,1,1,4.3,10.3,1
1121,0.35,0.2,5,2.5,5000000,2e-07,12.515625,12.515625,12,12,12,13,1,1,1,1,1,4.3,10.3,1
1122,0.35,0.2,5,2.5,10000000,1e-07,25.015625,25.015625,25,25,25,26,1,1,1,1,1,4.3,10.3,1
1123,0.35,0.2,5,3,400000,2.5e-06,1,1,1,1,1,1,0,0,0,0,0,3.8,9.8,0
1124,0.35,0.2,5,3,600000,1.66666666666667e-06,1.609375,1.59375,1,1,1,2,0,0,0,0,0,3.8,9.8,0
1125,0.35,0.2,5,3,800000,1.25e-06,2,2,2,2,2,2,0,0,0,0,0,3.8,9.8,0
1126,0.35,0.2,5,3,1000000,1e-06,3,3,3,3,3,3,0,0,0,0,0,3.8,9.8,0
1127,0.35,0.2,5,3,1250000,8e-07,3.53125,3.53125,3,3,3,4,0,0,0,0,0,3.8,9.8,0
1128,0.35,0.2,5,3,1600000,6.25e-07,4.59375,4.59375,4,4,4,5,0.1875,0,0,0,1,3.8,9.8,1
1129,0.35,0.2,5,3,2000000,5e-07,6,6,6,6,6,6,1,1,1,1,1,3.8,9.8,1
1130,0.35,0.2,5,3,2500000,4e-07,7.03125,7.03125,7,7,7,8,1,1,1,1,1,3.8,9.8,1
1131,0.35,0.2,5,3,3200000,3.125e-07,9.203125,9.203125,9,9,9,10,1,1,1,1,1,3.8,9.8,1
1132,0.35,0.2,5,3,5000000,2e-07,15.015625,15.015625,15,15,15,16,1,1,1,1,1,3.8,9.8,1
1133,0.35,0.2,5,3,10000000,1e-07,30.015625,30.015625,30,30,30,31,1,1,1,1,1,3.8,9.8,1
1134,0.35,0.2,5,5,400000,2.5e-06,2,2,2,2,2,2,0,0,0,0,0,1.8,7.8,0
1135,0.35,0.2,5,5,600000,1.66666666666667e-06,3,3,3,3,3,3,0,0,0,0,0,1.8,7.8,0
1136,0.35,0.2,5,5,800000,1.25e-06,4,4,4,4,4,4,0,0,0,0,0,1.8,7.8,1
1137,0.35,0.2,5,5,1000000,1e-06,5,5,5,5,5,5,1,1,1,1,1,1.8,7.8,1
1138,0.35,0.2,5,5,1250000,8e-07,6.015625,6.015625,6,6,6,6,1,1,1,1,1,1.8,7.8,1
1139,0.35,0.2,5,5,1600000,6.25e-07,8,8,8,8,8,8,1,1,1,1,1,1.8,7.8,1
1140,0.35,0.2,5,5,2000000,5e-07,10,10,10,10,10,10,1,1,1,1,1,1.8,7.8,1
1141,0.35,0.2,5,5,2500000,4e-07,12.03125,12.03125,12,12,12,13,1,1,1,1,1,1.8,7.8,1
1142,0.35,0.2,5,5,3200000,3.125e-07,16,16,16,16,16,16,1,1,1,1,1,1.8,7.8,1
1143,0.35,0.2,5,5,5000000,2e-07,25.015625,25.015625,25,25,25,26,1,1,1,1,1,1.8,7.8,1
1144,0.35,0.2,5,5,10000000,1e-07,50.015625,50.015625,50,50,50,51,1,1,1,1,1,1.8,7.8,1
1145,0.35,0.2,5,6,400000,2.5e-06,2.203125,2.1875,2,2,2,2,0,0,0,0,0,0.8,6.8,0
1146,0.35,0.2,5,6,600000,1.66666666666667e-06,3.40625,3.40625,3,3,3,4,0,0,0,0,0,0.8,6.8,0
1147,0.35,0.2,5,6,800000,1.25e-06,4.609375,4.59375,4,4,4,5,0.359375,0,0,0,1,0.8,6.8,1
1148,0.35,0.2,5,6,1000000,1e-06,6,6,6,6,6,6,1,1,1,1,1,0.8,6.8,1
1149,0.35,0.2,5,6,1250000,8e-07,7.265625,7.265625,7,7,7,8,1,1,1,1,1,0.8,6.8,1
1150,0.35,0.2,5,6,1600000,6.25e-07,9.40625,9.390625,9,9,9,10,1,1,1,1,1,0.8,6.8,1
1151,0.35,0.2,5,6,2000000,5e-07,12,12,12,12,12,12,1,1,1,1,1,0.8,6.8,1
1152,0.35,0.2,5,6,2500000,4e-07,15,15,15,15,15,15,1,1,1,1,1,0.8,6.8,1
1153,0.35,0.2,5,6,3200000,3.125e-07,19,19,19,19,19,19,1,1,1,1,1,0.8,6.8,1
1154,0.35,0.2,5,6,5000000,2e-07,30.015625,30.015625,30,30,30,31,1,1,1,1,1,0.8,6.8,1
1155,0.35,0.2,5,6,10000000,1e-07,60.015625,60.015625,60,60,60,61,1,1,1,1,1,0.8,6.8,1
1156,0.35,0.2,6,1,400000,2.5e-06,0.203125,0.1875,0,0,0,0,0,0,0,0,0,5.8,11.8,0
1157,0.35,0.2,6,1,600000,1.66666666666667e-06,0.40625,0.40625,0,0,0,1,0,0,0,0,0,5.8,11.8,0
1158,0.35,0.2,6,1,800000,1.25e-06,0.609375,0.59375,0,0,0,1,0,0,0,0,0,5.8,11.8,0
1159,0.35,0.2,6,1,1000000,1e-06,1,1,1,1,1,1,0,0,0,0,0,5.8,11.8,0
1160,0.35,0.2,6,1,1250000,8e-07,1.015625,1.015625,1,1,1,1,0,0,0,0,0,5.8,11.8,0
1161,0.35,0.2,6,1,1600000,6.25e-07,1.40625,1.390625,1,1,1,2,0,0,0,0,0,5.8,11.8,0
1162,0.35,0.2,6,1,2000000,5e-07,2,2,2,2,2,2,0,0,0,0,0,5.8,11.8,0
1163,0.35,0.2,6,1,2500000,4e-07,2.03125,2.03125,2,2,2,3,0,0,0,0,0,5.8,11.8,0
1164,0.35,0.2,6,1,3200000,3.125e-07,3,3,3,3,3,3,0,0,0,0,0,5.8,11.8,0
1165,0.35,0.2,6,1,5000000,2e-07,5.015625,5.015625,5,5,5,6,0.015625,0,0,0,1,5.8,11.8,1
1166,0.35,0.2,6,1,10000000,1e-07,10.015625,10.015625,10,10,10,11,1,1,1,1,1,5.8,11.8,1
1167,0.35,0.2,6,1.5,400000,2.5e-06,0.40625,0.390625,0,0,0,1,0,0,0,0,0,5.3,11.3,0
1168,0.35,0.2,6,1.5,600000,1.66666666666667e-06,0.8125,0.8125,0,0,0,1,0,0,0,0,0,5.3,11.3,0
1169,0.35,0.2,6,1.5,800000,1.25e-06,1,1,1,1,1,1,0,0,0,0,0,5.3,11.3,0
1170,0.35,0.2,6,1.5,1000000,1e-06,1.5,1.5,1,1,1,2,0,0,0,0,0,5.3,11.3,0
1171,0.35,0.2,6,1.5,1250000,8e-07,1.78125,1.78125,1,1,1,2,0,0,0,0,0,5.3,11.3,0
1172,0.35,0.2,6,1.5,1600000,6.25e-07,2.203125,2.203125,2,2,2,3,0,0,0,0,0,5.3,11.3,0
1173,0.35,0.2,6,1.5,2000000,5e-07,3,3,3,3,3,3,0,0,0,0,0,5.3,11.3,0
1174,0.35,0.2,6,1.5,2500000,4e-07,3.53125,3.53125,3,3,3,4,0,0,0,0,0,5.3,11.3,0
1175,0.35,0.2,6,1.5,3200000,3.125e-07,4.609375,4.609375,4,4,4,5,0,0,0,0,0,5.3,11.3,0
1176,0.35,0.2,6,1.5,5000000,2e-07,7.515625,7.515625,7,7,7,8,1,1,1,1,1,5.3,11.3,1
1177,0.35,0.2,6,1.5,10000000,1e-07,15.015625,15.015625,15,15,15,16,1,1,1,1,1,5.3,11.3,1
1178,0.35,0.2,6,2,400000,2.5e-06,0.609375,0.59375,0,0,0,1,0,0,0,0,0,4.8,10.8,0
1179,0.35,0.2,6,2,600000,1.66666666666667e-06,1,1,1,1,1,1,0,0,0,0,0,4.8,10.8,0
1180,0.35,0.2,6,2,800000,1.25e-06,1.203125,1.203125,1,1,1,2,0,0,0,0,0,4.8,10.8,0
1181,0.35,0.2,6,2,1000000,1e-06,2,2,2,2,2,2,0,0,0,0,0,4.8,10.8,0
1182,0.35,0.2,6,2,1250000,8e-07,2.265625,2.265625,2,2,2,3,0,0,0,0,0,4.8,10.8,0
1183,0.35,0.2,6,2,1600000,6.25e-07,3,3,3,3,3,3,0,0,0,0,0,4.8,10.8,0
1184,0.35,0.2,6,2,2000000,5e-07,4,4,4,4,4,4,0,0,0,0,0,4.8,10.8,0
1185,0.35,0.2,6,2,2500000,4e-07,5,5,5,5,5,5,0,0,0,0,0,4.8,10.8,1
1186,0.35,0.2,6,2,3200000,3.125e-07,6,6,6,6,6,6,1,1,1,1,1,4.8,10.8,1
1187,0.35,0.2,6,2,5000000,2e-07,10.015625,10.015625,10,10,10,11,1,1,1,1,1,4.8,10.8,1
1188,0.35,0.2,6,2,10000000,1e-07,20.015625,20.015625,20,20,20,21,1,1,1,1,1,4.8,10.8,1
1189,0.35,0.2,6,2.5,400000,2.5e-06,1,1,1,1,1,1,0,0,0,0,0,4.3,10.3,0
1190,0.35,0.2,6,2.5,600000,1.66666666666667e-06,1.296875,1.296875,1,1,1,2,0,0,0,0,0,4.3,10.3,0
1191,0.35,0.2,6,2.5,800000,1.25e-06,2,2,2,2,2,2,0,0,0,0,0,4.3,10.3,0
1192,0.35,0.2,6,2.5,1000000,1e-06,2.5,2.5,2,2,2,3,0,0,0,0,0,4.3,10.3,0
1193,0.35,0.2,6,2.5,1250000,8e-07,3,3,3,3,3,3,0,0,0,0,0,4.3,10.3,0
1194,0.35,0.2,6,2.5,1600000,6.25e-07,4,4,4,4,4,4,0,0,0,0,0,4.3,10.3,0
1195,0.35,0.2,6,2.5,2000000,5e-07,5,5,5,5,5,5,0,0,0,0,0,4.3,10.3,1
1196,0.35,0.2,6,2.5,2500000,4e-07,6,6,6,6,6,6,1,1,1,1,1,4.3,10.3,1
1197,0.35,0.2,6,2.5,3200000,3.125e-07,8,8,8,8,8,8,1,1,1,1,1,4.3,10.3,1
1198,0.35,0.2,6,2.5,5000000,2e-07,12.515625,12.515625,12,12,12,13,1,1,1,1,1,4.3,10.3,1
1199,0.35,0.2,6,2.5,10000000,1e-07,25.015625,25.015625,25,25,25,26,1,1,1,1,1,4.3,10.3,1
1200,0.35,0.2,6,3,400000,2.5e-06,1,1,1,1,1,1,0,0,0,0,0,3.8,9.8,0
1201,0.35,0.2,6,3,600000,1.66666666666667e-06,1.609375,1.59375,1,1,1,2,0,0,0,0,0,3.8,9.8,0
1202,0.35,0.2,6,3,800000,1.25e-06,2,2,2,2,2,2,0,0,0,0,0,3.8,9.8,0
1203,0.35,0.2,6,3,1000000,1e-06,3,3,3,3,3,3,0,0,0,0,0,3.8,9.8,0
1204,0.35,0.2,6,3,1250000,8e-07,3.53125,3.53125,3,3,3,4,0,0,0,0,0,3.8,9.8,0
1205,0.35,0.2,6,3,1600000,6.25e-07,4.59375,4.59375,4,4,4,5,0,0,0,0,0,3.8,9.8,0
1206,0.35,0.2,6,3,2000000,5e-07,6,6,6,6,6,6,1,1,1,1,1,3.8,9.8,1
1207,0.35,0.2,6,3,2500000,4e-07,7.03125,7.03125,7,7,7,8,1,1,1,1,1,3.8,9.8,1
1208,0.35,0.2,6,3,3200000,3.125e-07,9.203125,9.203125,9,9,9,10,1,1,1,1,1,3.8,9.8,1
1209,0.35,0.2,6,3,5000000,2e-07,15.015625,15.015625,15,15,15,16,1,1,1,1,1,3.8,9.8,1
1210,0.35,0.2,6,3,10000000,1e-07,30.015625,30.015625,30,30,30,31,1,1,1,1,1,3.8,9.8,1
1211,0.35,0.2,6,5,400000,2.5e-06,2,2,2,2,2,2,0,0,0,0,0,1.8,7.8,0
1212,0.35,0.2,6,5,600000,1.66666666666667e-06,3,3,3,3,3,3,0,0,0,0,0,1.8,7.8,0
1213,0.35,0.2,6,5,800000,1.25e-06,4,4,4,4,4,4,0,0,0,0,0,1.8,7.8,0
1214,0.35,0.2,6,5,1000000,1e-06,5,5,5,5,5,5,0,0,0,0,0,1.8,7.8,1
1215,0.35,0.2,6,5,1250000,8e-07,6.015625,6.015625,6,6,6,6,1,1,1,1,1,1.8,7.8,1
1216,0.35,0.2,6,5,1600000,6.25e-07,8,8,8,8,8,8,1,1,1,1,1,1.8,7.8,1
1217,0.35,0.2,6,5,2000000,5e-07,10,10,10,10,10,10,1,1,1,1,1,1.8,7.8,1
1218,0.35,0.2,6,5,2500000,4e-07,12.03125,12.03125,12,12,12,13,1,1,1,1,1,1.8,7.8,1
1219,0.35,0.2,6,5,3200000,3.125e-07,16,16,16,16,16,16,1,1,1,1,1,1.8,7.8,1
1220,0.35,0.2,6,5,5000000,2e-07,25.015625,25.015625,25,25,25,26,1,1,1,1,1,1.8,7.8,1
1221,0.35,0.2,6,5,10000000,1e-07,50.015625,50.015625,50,50,50,51,1,1,1,1,1,1.8,7.8,1
1222,0.35,0.2,6,6,400000,2.5e-06,2.203125,2.1875,2,2,2,2,0,0,0,0,0,0.8,6.8,0
1223,0.35,0.2,6,6,600000,1.66666666666667e-06,3.40625,3.40625,3,3,3,4,0,0,0,0,0,0.8,6.8,0
1224,0.35,0.2,6,6,800000,1.25e-06,4.609375,4.59375,4,4,4,5,0,0,0,0,0,0.8,6.8,0
1225,0.35,0.2,6,6,1000000,1e-06,6,6,6,6,6,6,1,1,1,1,1,0.8,6.8,1
1226,0.35,0.2,6,6,1250000,8e-07,7.265625,7.265625,7,7,7,8,1,1,1,1,1,0.8,6.8,1
1227,0.35,0.2,6,6,1600000,6.25e-07,9.40625,9.390625,9,9,9,10,1,1,1,1,1,0.8,6.8,1
1228,0.35,0.2,6,6,2000000,5e-07,12,12,12,12,12,12,1,1,1,1,1,0.8,6.8,1
1229,0.35,0.2,6,6,2500000,4e-07,15,15,15,15,15,15,1,1,1,1,1,0.8,6.8,1
1230,0.35,0.2,6,6,3200000,3.125e-07,19,19,19,19,19,19,1,1,1,1,1,0.8,6.8,1
1231,0.35,0.2,6,6,5000000,2e-07,30.015625,30.015625,30,30,30,31,1,1,1,1,1,0.8,6.8,1
1232,0.35,0.2,6,6,10000000,1e-07,60.015625,60.015625,60,60,60,61,1,1,1,1,1,0.8,6.8,1
1233,0.35,0.5,3,1,400000,2.5e-06,0.203125,0.203125,0,0,0,0,0,0,0,0,0,5.5,11.5,0
1234,0.35,0.5,3,1,600000,1.66666666666667e-06,0.390625,0.40625,0,0,0,1,0,0,0,0,0,5.5,11.5,0
1235,0.35,0.5,3,1,800000,1.25e-06,0.59375,0.609375,0,0,0,1,0,0,0,0,0,5.5,11.5,0
1236,0.35,0.5,3,1,1000000,1e-06,1.015625,1.015625,1,1,1,2,0,0,0,0,0,5.5,11.5,0
1237,0.35,0.5,3,1,1250000,8e-07,1.015625,1.015625,1,1,1,1,0,0,0,0,0,5.5,11.5,0
1238,0.35,0.5,3,1,1600000,6.25e-07,1.390625,1.40625,1,1,1,2,0,0,0,0,0,5.5,11.5,0
1239,0.35,0.5,3,1,2000000,5e-07,2.015625,2.015625,2,2,2,3,0.015625,0,0,0,1,5.5,11.5,1
1240,0.35,0.5,3,1,2500000,4e-07,2.03125,2.03125,2,2,2,3,0.03125,0,0,0,1,5.5,11.5,1
1241,0.35,0.5,3,1,3200000,3.125e-07,3,3,3,3,3,3,1,1,1,1,1,5.5,11.5,1
1242,0.35,0.5,3,1,5000000,2e-07,5.015625,5.015625,5,5,5,6,1,1,1,1,1,5.5,11.5,1
1243,0.35,0.5,3,1,10000000,1e-07,10.015625,10.015625,10,10,10,11,1,1,1,1,1,5.5,11.5,1
1244,0.35,0.5,3,1.5,400000,2.5e-06,0.40625,0.40625,0,0,0,1,0,0,0,0,0,5,11,0
1245,0.35,0.5,3,1.5,600000,1.66666666666667e-06,0.796875,0.796875,0,0,0,1,0,0,0,0,0,5,11,0
1246,0.35,0.5,3,1.5,800000,1.25e-06,1,1,1,1,1,1,0,0,0,0,0,5,11,0
1247,0.35,0.5,3,1.5,1000000,1e-06,1.515625,1.515625,1,1,1,2,0,0,0,0,0,5,11,0
1248,0.35,0.5,3,1.5,1250000,8e-07,1.78125,1.78125,1,1,1,2,0,0,0,0,0,5,11,0
1249,0.35,0.5,3,1.5,1600000,6.25e-07,2.203125,2.203125,2,2,2,3,0.203125,0,0,0,1,5,11,1
1250,0.35,0.5,3,1.5,2000000,5e-07,3.015625,3.015625,3,3,3,4,1,1,1,1,1,5,11,1
1251,0.35,0.5,3,1.5,2500000,4e-07,3.53125,3.53125,3,3,3,4,1,1,1,1,1,5,11,1
1252,0.35,0.5,3,1.5,3200000,3.125e-07,4.609375,4.609375,4,4,4,5,1,1,1,1,1,5,11,1
1253,0.35,0.5,3,1.5,5000000,2e-07,7.515625,7.515625,7,7,7,8,1,1,1,1,1,5,11,1
1254,0.35,0.5,3,1.5,10000000,1e-07,15.015625,15.015625,15,15,15,16,1,1,1,1,1,5,11,1
1255,0.35,0.5,3,2,400000,2.5e-06,0.609375,0.625,0,0,0,1,0,0,0,0,0,4.5,10.5,0
1256,0.35,0.5,3,2,600000,1.66666666666667e-06,1,1.015625,1,1,1,1,0,0,0,0,0,4.5,10.5,0
1257,0.35,0.5,3,2,800000,1.25e-06,1.203125,1.21875,1,1,1,2,0,0,0,0,0,4.5,10.5,0
1258,0.35,0.5,3,2,1000000,1e-06,2.015625,2.015625,2,2,2,3,0.015625,0,0,0,1,4.5,10.5,1
1259,0.35,0.5,3,2,1250000,8e-07,2.265625,2.265625,2,2,2,3,0.015625,0,0,0,1,4.5,10.5,1
1260,0.35,0.5,3,2,1600000,6.25e-07,3,3.015625,3,3,3,3,1,1,1,1,1,4.5,10.5,1
1261,0.35,0.5,3,2,2000000,5e-07,4.015625,4.015625,4,4,4,5,1,1,1,1,1,4.5,10.5,1
1262,0.35,0.5,3,2,2500000,4e-07,5,5,5,5,5,5,1,1,1,1,1,4.5,10.5,1
1263,0.35,0.5,3,2,3200000,3.125e-07,6,6.015625,6,6,6,6,1,1,1,1,1,4.5,10.5,1
1264,0.35,0.5,3,2,5000000,2e-07,10.015625,10.015625,10,10,10,11,1,1,1,1,1,4.5,10.5,1
1265,0.35,0.5,3,2,10000000,1e-07,20.015625,20.015625,20,20,20,21,1,1,1,1,1,4.5,10.5,1
1266,0.35,0.5,3,2.5,400000,2.5e-06,1,1,1,1,1,1,0,0,0,0,0,4,10,0
1267,0.35,0.5,3,2.5,600000,1.66666666666667e-06,1.296875,1.3125,1,1,1,2,0,0,0,0,0,4,10,0
1268,0.35,0.5,3,2.5,800000,1.25e-06,2,2,2,2,2,2,0,0,0,0,0,4,10,1
1269,0.35,0.5,3,2.5,1000000,1e-06,2.515625,2.515625,2,2,2,3,0.03125,0,0,0,1,4,10,1
1270,0.35,0.5,3,2.5,1250000,8e-07,3,3,3,3,3,3,1,1,1,1,1,4,10,1
1271,0.35,0.5,3,2.5,1600000,6.25e-07,4,4,4,4,4,4,1,1,1,1,1,4,10,1
1272,0.35,0.5,3,2.5,2000000,5e-07,5.015625,5.015625,5,5,5,6,1,1,1,1,1,4,10,1
1273,0.35,0.5,3,2.5,2500000,4e-07,6,6,6,6,6,6,1,1,1,1,1,4,10,1
1274,0.35,0.5,3,2.5,3200000,3.125e-07,8,8,8,8,8,8,1,1,1,1,1,4,10,1
1275,0.35,0.5,3,2.5,5000000,2e-07,12.515625,12.515625,12,12,12,13,1,1,1,1,1,4,10,1
1276,0.35,0.5,3,2.5,10000000,1e-07,25.015625,25.015625,25,25,25,26,1,1,1,1,1,4,10,1
1277,0.35,0.5,3,3,400000,2.5e-06,1,1,1,1,1,1,0,0,0,0,0,3.5,9.5,0
1278,0.35,0.5,3,3,600000,1.66666666666667e-06,1.59375,1.609375,1,1,1,2,0,0,0,0,0,3.5,9.5,0
1279,0.35,0.5,3,3,800000,1.25e-06,2,2,2,2,2,2,0,0,0,0,0,3.5,9.5,1
1280,0.35,0.5,3,3,1000000,1e-06,3.015625,3.015625,3,3,3,4,1,1,1,1,1,3.5,9.5,1
1281,0.35,0.5,3,3,1250000,8e-07,3.53125,3.53125,3,3,3,4,1,1,1,1,1,3.5,9.5,1
1282,0.35,0.5,3,3,1600000,6.25e-07,4.59375,4.609375,4,4,4,5,1,1,1,1,1,3.5,9.5,1
1283,0.35,0.5,3,3,2000000,5e-07,6.015625,6.015625,6,6,6,7,1,1,1,1,1,3.5,9.5,1
1284,0.35,0.5,3,3,2500000,4e-07,7.03125,7.03125,7,7,7,8,1,1,1,1,1,3.5,9.5,1
1285,0.35,0.5,3,3,3200000,3.125e-07,9.203125,9.203125,9,9,9,9,1,1,1,1,1,3.5,9.5,1
1286,0.35,0.5,3,3,5000000,2e-07,15.015625,15.015625,15,15,15,16,1,1,1,1,1,3.5,9.5,1
1287,0.35,0.5,3,3,10000000,1e-07,30.015625,30.015625,30,30,30,31,1,1,1,1,1,3.5,9.5,1
1288,0.35,0.5,3,5,400000,2.5e-06,2,2,2,2,2,2,0,0,0,0,0,1.5,7.5,1
1289,0.35,0.5,3,5,600000,1.66666666666667e-06,3,3,3,3,3,3,1,1,1,1,1,1.5,7.5,1
1290,0.35,0.5,3,5,800000,1.25e-06,4,4,4,4,4,4,1,1,1,1,1,1.5,7.5,1
1291,0.35,0.5,3,5,1000000,1e-06,5.015625,5.015625,5,5,5,6,1,1,1,1,1,1.5,7.5,1
1292,0.35,0.5,3,5,1250000,8e-07,6.015625,6.015625,6,6,6,6,1,1,1,1,1,1.5,7.5,1
1293,0.35,0.5,3,5,1600000,6.25e-07,8,8,8,8,8,8,1,1,1,1,1,1.5,7.5,1
1294,0.35,0.5,3,5,2000000,5e-07,10.015625,10.015625,10,10,10,11,1,1,1,1,1,1.5,7.5,1
1295,0.35,0.5,3,5,2500000,4e-07,12.03125,12.03125,12,12,12,13,1,1,1,1,1,1.5,7.5,1
1296,0.35,0.5,3,5,3200000,3.125e-07,16,16,16,16,16,16,1,1,1,1,1,1.5,7.5,1
1297,0.35,0.5,3,5,5000000,2e-07,25.015625,25.015625,25,25,25,26,1,1,1,1,1,1.5,7.5,1
1298,0.35,0.5,3,5,10000000,1e-07,50.015625,50.015625,50,50,50,51,1,1,1,1,1,1.5,7.5,1
1299,0.35,0.5,3,6,400000,2.5e-06,2.203125,2.203125,2,2,2,2,0,0,0,0,0,0.499999999999999,6.5,1
1300,0.35,0.5,3,6,600000,1.66666666666667e-06,3.390625,3.40625,3,3,3,4,1,1,1,1,1,0.499999999999999,6.5,1
1301,0.35,0.5,3,6,800000,1.25e-06,4.59375,4.609375,4,4,4,5,1,1,1,1,1,0.499999999999999,6.5,1
1302,0.35,0.5,3,6,1000000,1e-06,6.015625,6.015625,6,6,6,7,1,1,1,1,1,0.499999999999999,6.5,1
1303,0.35,0.5,3,6,1250000,8e-07,7.265625,7.265625,7,7,7,8,1,1,1,1,1,0.499999999999999,6.5,1
1304,0.35,0.5,3,6,1600000,6.25e-07,9.390625,9.40625,9,9,9,10,1,1,1,1,1,0.499999999999999,6.5,1
1305,0.35,0.5,3,6,2000000,5e-07,12.015625,12.015625,12,12,12,13,1,1,1,1,1,0.499999999999999,6.5,1
1306,0.35,0.5,3,6,2500000,4e-07,15,15,15,15,15,15,1,1,1,1,1,0.499999999999999,6.5,1
1307,0.35,0.5,3,6,3200000,3.125e-07,19,19,19,19,19,19,1,1,1,1,1,0.499999999999999,6.5,1
1308,0.35,0.5,3,6,5000000,2e-07,30.015625,30.015625,30,30,30,31,1,1,1,1,1,0.499999999999999,6.5,1
1309,0.35,0.5,3,6,10000000,1e-07,60.015625,60.015625,60,60,60,61,1,1,1,1,1,0.499999999999999,6.5,1
1310,0.35,0.5,4,1,400000,2.5e-06,0.203125,0.203125,0,0,0,0,0,0,0,0,0,5.5,11.5,0
1311,0.35,0.5,4,1,600000,1.66666666666667e-06,0.390625,0.40625,0,0,0,1,0,0,0,0,0,5.5,11.5,0
1312,0.35,0.5,4,1,800000,1.25e-06,0.59375,0.609375,0,0,0,1,0,0,0,0,0,5.5,11.5,0
1313,0.35,0.5,4,1,1000000,1e-06,1.015625,1.015625,1,1,1,2,0,0,0,0,0,5.5,11.5,0
1314,0.35,0.5,4,1,1250000,8e-07,1.015625,1.015625,1,1,1,1,0,0,0,0,0,5.5,11.5,0
1315,0.35,0.5,4,1,1600000,6.25e-07,1.390625,1.40625,1,1,1,2,0,0,0,0,0,5.5,11.5,0
1316,0.35,0.5,4,1,2000000,5e-07,2.015625,2.015625,2,2,2,3,0,0,0,0,0,5.5,11.5,0
1317,0.35,0.5,4,1,2500000,4e-07,2.03125,2.03125,2,2,2,3,0,0,0,0,0,5.5,11.5,0
1318,0.35,0.5,4,1,3200000,3.125e-07,3,3,3,3,3,3,0,0,0,0,0,5.5,11.5,1
1319,0.35,0.5,4,1,5000000,2e-07,5.015625,5.015625,5,5,5,6,1,1,1,1,1,5.5,11.5,1
1320,0.35,0.5,4,1,10000000,1e-07,10.015625,10.015625,10,10,10,11,1,1,1,1,1,5.5,11.5,1
1321,0.35,0.5,4,1.5,400000,2.5e-06,0.40625,0.40625,0,0,0,1,0,0,0,0,0,5,11,0
1322,0.35,0.5,4,1.5,600000,1.66666666666667e-06,0.796875,0.796875,0,0,0,1,0,0,0,0,0,5,11,0
1323,0.35,0.5,4,1.5,800000,1.25e-06,1,1,1,1,1,1,0,0,0,0,0,5,11,0
1324,0.35,0.5,4,1.5,1000000,1e-06,1.515625,1.515625,1,1,1,2,0,0,0,0,0,5,11,0
1325,0.35,0.5,4,1.5,1250000,8e-07,1.78125,1.78125,1,1,1,2,0,0,0,0,0,5,11,0
1326,0.35,0.5,4,1.5,1600000,6.25e-07,2.203125,2.203125,2,2,2,3,0,0,0,0,0,5,11,0
1327,0.35,0.5,4,1.5,2000000,5e-07,3.015625,3.015625,3,3,3,4,0.015625,0,0,0,1,5,11,1
1328,0.35,0.5,4,1.5,2500000,4e-07,3.53125,3.53125,3,3,3,4,0.0625,0,0,0,1,5,11,1
1329,0.35,0.5,4,1.5,3200000,3.125e-07,4.609375,4.609375,4,4,4,5,1,1,1,1,1,5,11,1
1330,0.35,0.5,4,1.5,5000000,2e-07,7.515625,7.515625,7,7,7,8,1,1,1,1,1,5,11,1
1331,0.35,0.5,4,1.5,10000000,1e-07,15.015625,15.015625,15,15,15,16,1,1,1,1,1,5,11,1
1332,0.35,0.5,4,2,400000,2.5e-06,0.609375,0.625,0,0,0,1,0,0,0,0,0,4.5,10.5,0
1333,0.35,0.5,4,2,600000,1.66666666666667e-06,1,1.015625,1,1,1,1,0,0,0,0,0,4.5,10.5,0
1334,0.35,0.5,4,2,800000,1.25e-06,1.203125,1.21875,1,1,1,2,0,0,0,0,0,4.5,10.5,0
1335,0.35,0.5,4,2,1000000,1e-06,2.015625,2.015625,2,2,2,3,0,0,0,0,0,4.5,10.5,0
1336,0.35,0.5,4,2,1250000,8e-07,2.265625,2.265625,2,2,2,3,0,0,0,0,0,4.5,10.5,0
1337,0.35,0.5,4,2,1600000,6.25e-07,3,3.015625,3,3,3,3,0,0,0,0,0,4.5,10.5,1
1338,0.35,0.5,4,2,2000000,5e-07,4.015625,4.015625,4,4,4,5,1,1,1,1,1,4.5,10.5,1
1339,0.35,0.5,4,2,2500000,4e-07,5,5,5,5,5,5,1,1,1,1,1,4.5,10.5,1
1340,0.35,0.5,4,2,3200000,3.125e-07,6,6.015625,6,6,6,6,1,1,1,1,1,4.5,10.5,1
1341,0.35,0.5,4,2,5000000,2e-07,10.015625,10.015625,10,10,10,11,1,1,1,1,1,4.5,10.5,1
1342,0.35,0.5,4,2,10000000,1e-07,20.015625,20.015625,20,20,20,21,1,1,1,1,1,4.5,10.5,1
1343,0.35,0.5,4,2.5,400000,2.5e-06,1,1,1,1,1,1,0,0,0,0,0,4,10,0
1344,0.35,0.5,4,2.5,600000,1.66666666666667e-06,1.296875,1.3125,1,1,1,2,0,0,0,0,0,4,10,0
1345,0.35,0.5,4,2.5,800000,1.25e-06,2,2,2,2,2,2,0,0,0,0,0,4,10,0
1346,0.35,0.5,4,2.5,1000000,1e-06,2.515625,2.515625,2,2,2,3,0,0,0,0,0,4,10,0
1347,0.35,0.5,4,2.5,1250000,8e-07,3,3,3,3,3,3,0,0,0,0,0,4,10,1
1348,0.35,0.5,4,2.5,1600000,6.25e-07,4,4,4,4,4,4,1,1,1,1,1,4,10,1
1349,0.35,0.5,4,2.5,2000000,5e-07,5.015625,5.015625,5,5,5,6,1,1,1,1,1,4,10,1
1350,0.35,0.5,4,2.5,2500000,4e-07,6,6,6,6,6,6,1,1,1,1,1,4,10,1
1351,0.35,0.5,4,2.5,3200000,3.125e-07,8,8,8,8,8,8,1,1,1,1,1,4,10,1
1352,0.35,0.5,4,2.5,5000000,2e-07,12.515625,12.515625,12,12,12,13,1,1,1,1,1,4,10,1
1353,0.35,0.5,4,2.5,10000000,1e-07,25.015625,25.015625,25,25,25,26,1,1,1,1,1,4,10,1
1354,0.35,0.5,4,3,400000,2.5e-06,1,1,1,1,1,1,0,0,0,0,0,3.5,9.5,0
1355,0.35,0.5,4,3,600000,1.66666666666667e-06,1.59375,1.609375,1,1,1,2,0,0,0,0,0,3.5,9.5,0
1356,0.35,0.5,4,3,800000,1.25e-06,2,2,2,2,2,2,0,0,0,0,0,3.5,9.5,0
1357,0.35,0.5,4,3,1000000,1e-06,3.015625,3.015625,3,3,3,4,0.015625,0,0,0,1,3.5,9.5,1
1358,0.35,0.5,4,3,1250000,8e-07,3.53125,3.53125,3,3,3,4,0.53125,1,0,0,1,3.5,9.5,1
1359,0.35,0.5,4,3,1600000,6.25e-07,4.59375,4.609375,4,4,4,5,1,1,1,1,1,3.5,9.5,1
1360,0.35,0.5,4,3,2000000,5e-07,6.015625,6.015625,6,6,6,7,1,1,1,1,1,3.5,9.5,1
1361,0.35,0.5,4,3,2500000,4e-07,7.03125,7.03125,7,7,7,8,1,1,1,1,1,3.5,9.5,1
1362,0.35,0.5,4,3,3200000,3.125e-07,9.203125,9.203125,9,9,9,9,1,1,1,1,1,3.5,9.5,1
1363,0.35,0.5,4,3,5000000,2e-07,15.015625,15.015625,15,15,15,16,1,1,1,1,1,3.5,9.5,1
1364,0.35,0.5,4,3,10000000,1e-07,30.015625,30.015625,30,30,30,31,1,1,1,1,1,3.5,9.5,1
1365,0.35,0.5,4,5,400000,2.5e-06,2,2,2,2,2,2,0,0,0,0,0,1.5,7.5,0
1366,0.35,0.5,4,5,600000,1.66666666666667e-06,3,3,3,3,3,3,0,0,0,0,0,1.5,7.5,1
1367,0.35,0.5,4,5,800000,1.25e-06,4,4,4,4,4,4,1,1,1,1,1,1.5,7.5,1
1368,0.35,0.5,4,5,1000000,1e-06,5.015625,5.015625,5,5,5,6,1,1,1,1,1,1.5,7.5,1
1369,0.35,0.5,4,5,1250000,8e-07,6.015625,6.015625,6,6,6,6,1,1,1,1,1,1.5,7.5,1
1370,0.35,0.5,4,5,1600000,6.25e-07,8,8,8,8,8,8,1,1,1,1,1,1.5,7.5,1
1371,0.35,0.5,4,5,2000000,5e-07,10.015625,10.015625,10,10,10,11,1,1,1,1,1,1.5,7.5,1
1372,0.35,0.5,4,5,2500000,4e-07,12.03125,12.03125,12,12,12,13,1,1,1,1,1,1.5,7.5,1
1373,0.35,0.5,4,5,3200000,3.125e-07,16,16,16,16,16,16,1,1,1,1,1,1.5,7.5,1
1374,0.35,0.5,4,5,5000000,2e-07,25.015625,25.015625,25,25,25,26,1,1,1,1,1,1.5,7.5,1
1375,0.35,0.5,4,5,10000000,1e-07,50.015625,50.015625,50,50,50,51,1,1,1,1,1,1.5,7.5,1
1376,0.35,0.5,4,6,400000,2.5e-06,2.203125,2.203125,2,2,2,2,0,0,0,0,0,0.499999999999999,6.5,0
1377,0.35,0.5,4,6,600000,1.66666666666667e-06,3.390625,3.40625,3,3,3,4,0.203125,0,0,0,1,0.499999999999999,6.5,1
1378,0.35,0.5,4,6,800000,1.25e-06,4.59375,4.609375,4,4,4,5,1,1,1,1,1,0.499999999999999,6.5,1
1379,0.35,0.5,4,6,1000000,1e-06,6.015625,6.015625,6,6,6,7,1,1,1,1,1,0.499999999999999,6.5,1
1380,0.35,0.5,4,6,1250000,8e-07,7.265625,7.265625,7,7,7,8,1,1,1,1,1,0.499999999999999,6.5,1
1381,0.35,0.5,4,6,1600000,6.25e-07,9.390625,9.40625,9,9,9,10,1,1,1,1,1,0.499999999999999,6.5,1
1382,0.35,0.5,4,6,2000000,5e-07,12.015625,12.015625,12,12,12,13,1,1,1,1,1,0.499999999999999,6.5,1
1383,0.35,0.5,4,6,2500000,4e-07,15,15,15,15,15,15,1,1,1,1,1,0.499999999999999,6.5,1
1384,0.35,0.5,4,6,3200000,3.125e-07,19,19,19,19,19,19,1,1,1,1,1,0.499999999999999,6.5,1
1385,0.35,0.5,4,6,5000000,2e-07,30.015625,30.015625,30,30,30,31,1,1,1,1,1,0.499999999999999,6.5,1
1386,0.35,0.5,4,6,10000000,1e-07,60.015625,60.015625,60,60,60,61,1,1,1,1,1,0.499999999999999,6.5,1
1387,0.35,0.5,5,1,400000,2.5e-06,0.203125,0.203125,0,0,0,0,0,0,0,0,0,5.5,11.5,0
1388,0.35,0.5,5,1,600000,1.66666666666667e-06,0.390625,0.40625,0,0,0,1,0,0,0,0,0,5.5,11.5,0
1389,0.35,0.5,5,1,800000,1.25e-06,0.59375,0.609375,0,0,0,1,0,0,0,0,0,5.5,11.5,0
1390,0.35,0.5,5,1,1000000,1e-06,1.015625,1.015625,1,1,1,2,0,0,0,0,0,5.5,11.5,0
1391,0.35,0.5,5,1,1250000,8e-07,1.015625,1.015625,1,1,1,1,0,0,0,0,0,5.5,11.5,0
1392,0.35,0.5,5,1,1600000,6.25e-07,1.390625,1.40625,1,1,1,2,0,0,0,0,0,5.5,11.5,0
1393,0.35,0.5,5,1,2000000,5e-07,2.015625,2.015625,2,2,2,3,0,0,0,0,0,5.5,11.5,0
1394,0.35,0.5,5,1,2500000,4e-07,2.03125,2.03125,2,2,2,3,0,0,0,0,0,5.5,11.5,0
1395,0.35,0.5,5,1,3200000,3.125e-07,3,3,3,3,3,3,0,0,0,0,0,5.5,11.5,0
1396,0.35,0.5,5,1,5000000,2e-07,5.015625,5.015625,5,5,5,6,1,1,1,1,1,5.5,11.5,1
1397,0.35,0.5,5,1,10000000,1e-07,10.015625,10.015625,10,10,10,11,1,1,1,1,1,5.5,11.5,1
1398,0.35,0.5,5,1.5,400000,2.5e-06,0.40625,0.40625,0,0,0,1,0,0,0,0,0,5,11,0
1399,0.35,0.5,5,1.5,600000,1.66666666666667e-06,0.796875,0.796875,0,0,0,1,0,0,0,0,0,5,11,0
1400,0.35,0.5,5,1.5,800000,1.25e-06,1,1,1,1,1,1,0,0,0,0,0,5,11,0
1401,0.35,0.5,5,1.5,1000000,1e-06,1.515625,1.515625,1,1,1,2,0,0,0,0,0,5,11,0
1402,0.35,0.5,5,1.5,1250000,8e-07,1.78125,1.78125,1,1,1,2,0,0,0,0,0,5,11,0
1403,0.35,0.5,5,1.5,1600000,6.25e-07,2.203125,2.203125,2,2,2,3,0,0,0,0,0,5,11,0
1404,0.35,0.5,5,1.5,2000000,5e-07,3.015625,3.015625,3,3,3,4,0,0,0,0,0,5,11,0
1405,0.35,0.5,5,1.5,2500000,4e-07,3.53125,3.53125,3,3,3,4,0,0,0,0,0,5,11,0
1406,0.35,0.5,5,1.5,3200000,3.125e-07,4.609375,4.609375,4,4,4,5,0.609375,1,0,0,1,5,11,1
1407,0.35,0.5,5,1.5,5000000,2e-07,7.515625,7.515625,7,7,7,8,1,1,1,1,1,5,11,1
1408,0.35,0.5,5,1.5,10000000,1e-07,15.015625,15.015625,15,15,15,16,1,1,1,1,1,5,11,1
1409,0.35,0.5,5,2,400000,2.5e-06,0.609375,0.625,0,0,0,1,0,0,0,0,0,4.5,10.5,0
1410,0.35,0.5,5,2,600000,1.66666666666667e-06,1,1.015625,1,1,1,1,0,0,0,0,0,4.5,10.5,0
1411,0.35,0.5,5,2,800000,1.25e-06,1.203125,1.21875,1,1,1,2,0,0,0,0,0,4.5,10.5,0
1412,0.35,0.5,5,2,1000000,1e-06,2.015625,2.015625,2,2,2,3,0,0,0,0,0,4.5,10.5,0
1413,0.35,0.5,5,2,1250000,8e-07,2.265625,2.265625,2,2,2,3,0,0,0,0,0,4.5,10.5,0
1414,0.35,0.5,5,2,1600000,6.25e-07,3,3.015625,3,3,3,3,0,0,0,0,0,4.5,10.5,0
1415,0.35,0.5,5,2,2000000,5e-07,4.015625,4.015625,4,4,4,5,0.015625,0,0,0,1,4.5,10.5,1
1416,0.35,0.5,5,2,2500000,4e-07,5,5,5,5,5,5,1,1,1,1,1,4.5,10.5,1
1417,0.35,0.5,5,2,3200000,3.125e-07,6,6.015625,6,6,6,6,1,1,1,1,1,4.5,10.5,1
1418,0.35,0.5,5,2,5000000,2e-07,10.015625,10.015625,10,10,10,11,1,1,1,1,1,4.5,10.5,1
1419,0.35,0.5,5,2,10000000,1e-07,20.015625,20.015625,20,20,20,21,1,1,1,1,1,4.5,10.5,1
1420,0.35,0.5,5,2.5,400000,2.5e-06,1,1,1,1,1,1,0,0,0,0,0,4,10,0
1421,0.35,0.5,5,2.5,600000,1.66666666666667e-06,1.296875,1.3125,1,1,1,2,0,0,0,0,0,4,10,0
1422,0.35,0.5,5,2.5,800000,1.25e-06,2,2,2,2,2,2,0,0,0,0,0,4,10,0
1423,0.35,0.5,5,2.5,1000000,1e-06,2.515625,2.515625,2,2,2,3,0,0,0,0,0,4,10,0
1424,0.35,0.5,5,2.5,1250000,8e-07,3,3,3,3,3,3,0,0,0,0,0,4,10,0
1425,0.35,0.5,5,2.5,1600000,6.25e-07,4,4,4,4,4,4,0,0,0,0,0,4,10,1
1426,0.35,0.5,5,2.5,2000000,5e-07,5.015625,5.015625,5,5,5,6,1,1,1,1,1,4,10,1
1427,0.35,0.5,5,2.5,2500000,4e-07,6,6,6,6,6,6,1,1,1,1,1,4,10,1
1428,0.35,0.5,5,2.5,3200000,3.125e-07,8,8,8,8,8,8,1,1,1,1,1,4,10,1
1429,0.35,0.5,5,2.5,5000000,2e-07,12.515625,12.515625,12,12,12,13,1,1,1,1,1,4,10,1
1430,0.35,0.5,5,2.5,10000000,1e-07,25.015625,25.015625,25,25,25,26,1,1,1,1,1,4,10,1
1431,0.35,0.5,5,3,400000,2.5e-06,1,1,1,1,1,1,0,0,0,0,0,3.5,9.5,0
1432,0.35,0.5,5,3,600000,1.66666666666667e-06,1.59375,1.609375,1,1,1,2,0,0,0,0,0,3.5,9.5,0
1433,0.35,0.5,5,3,800000,1.25e-06,2,2,2,2,2,2,0,0,0,0,0,3.5,9.5,0
1434,0.35,0.5,5,3,1000000,1e-06,3.015625,3.015625,3,3,3,4,0,0,0,0,0,3.5,9.5,0
1435,0.35,0.5,5,3,1250000,8e-07,3.53125,3.53125,3,3,3,4,0,0,0,0,0,3.5,9.5,0
1436,0.35,0.5,5,3,1600000,6.25e-07,4.59375,4.609375,4,4,4,5,0.203125,0,0,0,1,3.5,9.5,1
1437,0.35,0.5,5,3,2000000,5e-07,6.015625,6.015625,6,6,6,7,1,1,1,1,1,3.5,9.5,1
1438,0.35,0.5,5,3,2500000,4e-07,7.03125,7.03125,7,7,7,8,1,1,1,1,1,3.5,9.5,1
1439,0.35,0.5,5,3,3200000,3.125e-07,9.203125,9.203125,9,9,9,9,1,1,1,1,1,3.5,9.5,1
1440,0.35,0.5,5,3,5000000,2e-07,15.015625,15.015625,15,15,15,16,1,1,1,1,1,3.5,9.5,1
1441,0.35,0.5,5,3,10000000,1e-07,30.015625,30.015625,30,30,30,31,1,1,1,1,1,3.5,9.5,1
1442,0.35,0.5,5,5,400000,2.5e-06,2,2,2,2,2,2,0,0,0,0,0,1.5,7.5,0
1443,0.35,0.5,5,5,600000,1.66666666666667e-06,3,3,3,3,3,3,0,0,0,0,0,1.5,7.5,0
1444,0.35,0.5,5,5,800000,1.25e-06,4,4,4,4,4,4,0,0,0,0,0,1.5,7.5,1
1445,0.35,0.5,5,5,1000000,1e-06,5.015625,5.015625,5,5,5,6,1,1,1,1,1,1.5,7.5,1
1446,0.35,0.5,5,5,1250000,8e-07,6.015625,6.015625,6,6,6,6,1,1,1,1,1,1.5,7.5,1
1447,0.35,0.5,5,5,1600000,6.25e-07,8,8,8,8,8,8,1,1,1,1,1,1.5,7.5,1
1448,0.35,0.5,5,5,2000000,5e-07,10.015625,10.015625,10,10,10,11,1,1,1,1,1,1.5,7.5,1
1449,0.35,0.5,5,5,2500000,4e-07,12.03125,12.03125,12,12,12,13,1,1,1,1,1,1.5,7.5,1
1450,0.35,0.5,5,5,3200000,3.125e-07,16,16,16,16,16,16,1,1,1,1,1,1.5,7.5,1
1451,0.35,0.5,5,5,5000000,2e-07,25.015625,25.015625,25,25,25,26,1,1,1,1,1,1.5,7.5,1
1452,0.35,0.5,5,5,10000000,1e-07,50.015625,50.015625,50,50,50,51,1,1,1,1,1,1.5,7.5,1
1453,0.35,0.5,5,6,400000,2.5e-06,2.203125,2.203125,2,2,2,2,0,0,0,0,0,0.499999999999999,6.5,0
1454,0.35,0.5,5,6,600000,1.66666666666667e-06,3.390625,3.40625,3,3,3,4,0,0,0,0,0,0.499999999999999,6.5,0
1455,0.35,0.5,5,6,800000,1.25e-06,4.59375,4.609375,4,4,4,5,0.40625,0,0,0,1,0.499999999999999,6.5,1
1456,0.35,0.5,5,6,1000000,1e-06,6.015625,6.015625,6,6,6,7,1,1,1,1,1,0.499999999999999,6.5,1
1457,0.35,0.5,5,6,1250000,8e-07,7.265625,7.265625,7,7,7,8,1,1,1,1,1,0.499999999999999,6.5,1
1458,0.35,0.5,5,6,1600000,6.25e-07,9.390625,9.40625,9,9,9,10,1,1,1,1,1,0.499999999999999,6.5,1
1459,0.35,0.5,5,6,2000000,5e-07,12.015625,12.015625,12,12,12,13,1,1,1,1,1,0.499999999999999,6.5,1
1460,0.35,0.5,5,6,2500000,4e-07,15,15,15,15,15,15,1,1,1,1,1,0.499999999999999,6.5,1
1461,0.35,0.5,5,6,3200000,3.125e-07,19,19,19,19,19,19,1,1,1,1,1,0.499999999999999,6.5,1
1462,0.35,0.5,5,6,5000000,2e-07,30.015625,30.015625,30,30,30,31,1,1,1,1,1,0.499999999999999,6.5,1
1463,0.35,0.5,5,6,10000000,1e-07,60.015625,60.015625,60,60,60,61,1,1,1,1,1,0.499999999999999,6.5,1
1464,0.35,0.5,6,1,400000,2.5e-06,0.203125,0.203125,0,0,0,0,0,0,0,0,0,5.5,11.5,0
1465,0.35,0.5,6,1,600000,1.66666666666667e-06,0.390625,0.40625,0,0,0,1,0,0,0,0,0,5.5,11.5,0
1466,0.35,0.5,6,1,800000,1.25e-06,0.59375,0.609375,0,0,0,1,0,0,0,0,0,5.5,11.5,0
1467,0.35,0.5,6,1,1000000,1e-06,1.015625,1.015625,1,1,1,2,0,0,0,0,0,5.5,11.5,0
1468,0.35,0.5,6,1,1250000,8e-07,1.015625,1.015625,1,1,1,1,0,0,0,0,0,5.5,11.5,0
1469,0.35,0.5,6,1,1600000,6.25e-07,1.390625,1.40625,1,1,1,2,0,0,0,0,0,5.5,11.5,0
1470,0.35,0.5,6,1,2000000,5e-07,2.015625,2.015625,2,2,2,3,0,0,0,0,0,5.5,11.5,0
1471,0.35,0.5,6,1,2500000,4e-07,2.03125,2.03125,2,2,2,3,0,0,0,0,0,5.5,11.5,0
1472,0.35,0.5,6,1,3200000,3.125e-07,3,3,3,3,3,3,0,0,0,0,0,5.5,11.5,0
1473,0.35,0.5,6,1,5000000,2e-07,5.015625,5.015625,5,5,5,6,0.015625,0,0,0,1,5.5,11.5,1
1474,0.35,0.5,6,1,10000000,1e-07,10.015625,10.015625,10,10,10,11,1,1,1,1,1,5.5,11.5,1
1475,0.35,0.5,6,1.5,400000,2.5e-06,0.40625,0.40625,0,0,0,1,0,0,0,0,0,5,11,0
1476,0.35,0.5,6,1.5,600000,1.66666666666667e-06,0.796875,0.796875,0,0,0,1,0,0,0,0,0,5,11,0
1477,0.35,0.5,6,1.5,800000,1.25e-06,1,1,1,1,1,1,0,0,0,0,0,5,11,0
1478,0.35,0.5,6,1.5,1000000,1e-06,1.515625,1.515625,1,1,1,2,0,0,0,0,0,5,11,0
1479,0.35,0.5,6,1.5,1250000,8e-07,1.78125,1.78125,1,1,1,2,0,0,0,0,0,5,11,0
1480,0.35,0.5,6,1.5,1600000,6.25e-07,2.203125,2.203125,2,2,2,3,0,0,0,0,0,5,11,0
1481,0.35,0.5,6,1.5,2000000,5e-07,3.015625,3.015625,3,3,3,4,0,0,0,0,0,5,11,0
1482,0.35,0.5,6,1.5,2500000,4e-07,3.53125,3.53125,3,3,3,4,0,0,0,0,0,5,11,0
1483,0.35,0.5,6,1.5,3200000,3.125e-07,4.609375,4.609375,4,4,4,5,0,0,0,0,0,5,11,0
1484,0.35,0.5,6,1.5,5000000,2e-07,7.515625,7.515625,7,7,7,8,1,1,1,1,1,5,11,1
1485,0.35,0.5,6,1.5,10000000,1e-07,15.015625,15.015625,15,15,15,16,1,1,1,1,1,5,11,1
1486,0.35,0.5,6,2,400000,2.5e-06,0.609375,0.625,0,0,0,1,0,0,0,0,0,4.5,10.5,0
1487,0.35,0.5,6,2,600000,1.66666666666667e-06,1,1.015625,1,1,1,1,0,0,0,0,0,4.5,10.5,0
1488,0.35,0.5,6,2,800000,1.25e-06,1.203125,1.21875,1,1,1,2,0,0,0,0,0,4.5,10.5,0
1489,0.35,0.5,6,2,1000000,1e-06,2.015625,2.015625,2,2,2,3,0,0,0,0,0,4.5,10.5,0
1490,0.35,0.5,6,2,1250000,8e-07,2.265625,2.265625,2,2,2,3,0,0,0,0,0,4.5,10.5,0
1491,0.35,0.5,6,2,1600000,6.25e-07,3,3.015625,3,3,3,3,0,0,0,0,0,4.5,10.5,0
1492,0.35,0.5,6,2,2000000,5e-07,4.015625,4.015625,4,4,4,5,0,0,0,0,0,4.5,10.5,0
1493,0.35,0.5,6,2,2500000,4e-07,5,5,5,5,5,5,0,0,0,0,0,4.5,10.5,1
1494,0.35,0.5,6,2,3200000,3.125e-07,6,6.015625,6,6,6,6,1,1,1,1,1,4.5,10.5,1
1495,0.35,0.5,6,2,5000000,2e-07,10.015625,10.015625,10,10,10,11,1,1,1,1,1,4.5,10.5,1
1496,0.35,0.5,6,2,10000000,1e-07,20.015625,20.015625,20,20,20,21,1,1,1,1,1,4.5,10.5,1
1497,0.35,0.5,6,2.5,400000,2.5e-06,1,1,1,1,1,1,0,0,0,0,0,4,10,0
1498,0.35,0.5,6,2.5,600000,1.66666666666667e-06,1.296875,1.3125,1,1,1,2,0,0,0,0,0,4,10,0
1499,0.35,0.5,6,2.5,800000,1.25e-06,2,2,2,2,2,2,0,0,0,0,0,4,10,0
1500,0.35,0.5,6,2.5,1000000,1e-06,2.515625,2.515625,2,2,2,3,0,0,0,0,0,4,10,0
1501,0.35,0.5,6,2.5,1250000,8e-07,3,3,3,3,3,3,0,0,0,0,0,4,10,0
1502,0.35,0.5,6,2.5,1600000,6.25e-07,4,4,4,4,4,4,0,0,0,0,0,4,10,0
1503,0.35,0.5,6,2.5,2000000,5e-07,5.015625,5.015625,5,5,5,6,0.015625,0,0,0,1,4,10,1
1504,0.35,0.5,6,2.5,2500000,4e-07,6,6,6,6,6,6,1,1,1,1,1,4,10,1
1505,0.35,0.5,6,2.5,3200000,3.125e-07,8,8,8,8,8,8,1,1,1,1,1,4,10,1
1506,0.35,0.5,6,2.5,5000000,2e-07,12.515625,12.515625,12,12,12,13,1,1,1,1,1,4,10,1
1507,0.35,0.5,6,2.5,10000000,1e-07,25.015625,25.015625,25,25,25,26,1,1,1,1,1,4,10,1
1508,0.35,0.5,6,3,400000,2.5e-06,1,1,1,1,1,1,0,0,0,0,0,3.5,9.5,0
1509,0.35,0.5,6,3,600000,1.66666666666667e-06,1.59375,1.609375,1,1,1,2,0,0,0,0,0,3.5,9.5,0
1510,0.35,0.5,6,3,800000,1.25e-06,2,2,2,2,2,2,0,0,0,0,0,3.5,9.5,0
1511,0.35,0.5,6,3,1000000,1e-06,3.015625,3.015625,3,3,3,4,0,0,0,0,0,3.5,9.5,0
1512,0.35,0.5,6,3,1250000,8e-07,3.53125,3.53125,3,3,3,4,0,0,0,0,0,3.5,9.5,0
1513,0.35,0.5,6,3,1600000,6.25e-07,4.59375,4.609375,4,4,4,5,0,0,0,0,0,3.5,9.5,0
1514,0.35,0.5,6,3,2000000,5e-07,6.015625,6.015625,6,6,6,7,1,1,1,1,1,3.5,9.5,1
1515,0.35,0.5,6,3,2500000,4e-07,7.03125,7.03125,7,7,7,8,1,1,1,1,1,3.5,9.5,1
1516,0.35,0.5,6,3,3200000,3.125e-07,9.203125,9.203125,9,9,9,9,1,1,1,1,1,3.5,9.5,1
1517,0.35,0.5,6,3,5000000,2e-07,15.015625,15.015625,15,15,15,16,1,1,1,1,1,3.5,9.5,1
1518,0.35,0.5,6,3,10000000,1e-07,30.015625,30.015625,30,30,30,31,1,1,1,1,1,3.5,9.5,1
1519,0.35,0.5,6,5,400000,2.5e-06,2,2,2,2,2,2,0,0,0,0,0,1.5,7.5,0
1520,0.35,0.5,6,5,600000,1.66666666666667e-06,3,3,3,3,3,3,0,0,0,0,0,1.5,7.5,0
1521,0.35,0.5,6,5,800000,1.25e-06,4,4,4,4,4,4,0,0,0,0,0,1.5,7.5,0
1522,0.35,0.5,6,5,1000000,1e-06,5.015625,5.015625,5,5,5,6,0.015625,0,0,0,1,1.5,7.5,1
1523,0.35,0.5,6,5,1250000,8e-07,6.015625,6.015625,6,6,6,6,1,1,1,1,1,1.5,7.5,1
1524,0.35,0.5,6,5,1600000,6.25e-07,8,8,8,8,8,8,1,1,1,1,1,1.5,7.5,1
1525,0.35,0.5,6,5,2000000,5e-07,10.015625,10.015625,10,10,10,11,1,1,1,1,1,1.5,7.5,1
1526,0.35,0.5,6,5,2500000,4e-07,12.03125,12.03125,12,12,12,13,1,1,1,1,1,1.5,7.5,1
1527,0.35,0.5,6,5,3200000,3.125e-07,16,16,16,16,16,16,1,1,1,1,1,1.5,7.5,1
1528,0.35,0.5,6,5,5000000,2e-07,25.015625,25.015625,25,25,25,26,1,1,1,1,1,1.5,7.5,1
1529,0.35,0.5,6,5,10000000,1e-07,50.015625,50.015625,50,50,50,51,1,1,1,1,1,1.5,7.5,1
1530,0.35,0.5,6,6,400000,2.5e-06,2.203125,2.203125,2,2,2,2,0,0,0,0,0,0.499999999999999,6.5,0
1531,0.35,0.5,6,6,600000,1.66666666666667e-06,3.390625,3.40625,3,3,3,4,0,0,0,0,0,0.499999999999999,6.5,0
1532,0.35,0.5,6,6,800000,1.25e-06,4.59375,4.609375,4,4,4,5,0,0,0,0,0,0.499999999999999,6.5,0
1533,0.35,0.5,6,6,1000000,1e-06,6.015625,6.015625,6,6,6,7,1,1,1,1,1,0.499999999999999,6.5,1
1534,0.35,0.5,6,6,1250000,8e-07,7.265625,7.265625,7,7,7,8,1,1,1,1,1,0.499999999999999,6.5,1
1535,0.35,0.5,6,6,1600000,6.25e-07,9.390625,9.40625,9,9,9,10,1,1,1,1,1,0.499999999999999,6.5,1
1536,0.35,0.5,6,6,2000000,5e-07,12.015625,12.015625,12,12,12,13,1,1,1,1,1,0.499999999999999,6.5,1
1537,0.35,0.5,6,6,2500000,4e-07,15,15,15,15,15,15,1,1,1,1,1,0.499999999999999,6.5,1
1538,0.35,0.5,6,6,3200000,3.125e-07,19,19,19,19,19,19,1,1,1,1,1,0.499999999999999,6.5,1
1539,0.35,0.5,6,6,5000000,2e-07,30.015625,30.015625,30,30,30,31,1,1,1,1,1,0.499999999999999,6.5,1
1540,0.35,0.5,6,6,10000000,1e-07,60.015625,60.015625,60,60,60,61,1,1,1,1,1,0.499999999999999,6.5,1
1541,0.35,1,3,1,400000,2.5e-06,0.203125,0.203125,0,0,0,0,0,0,0,0,0,5,11,0
1542,0.35,1,3,1,600000,1.66666666666667e-06,0.40625,0.390625,0,0,0,1,0,0,0,0,0,5,11,0
1543,0.35,1,3,1,800000,1.25e-06,0.609375,0.59375,0,0,0,1,0,0,0,0,0,5,11,0
1544,0.35,1,3,1,1000000,1e-06,1.015625,1.015625,1,1,1,2,0,0,0,0,0,5,11,0
1545,0.35,1,3,1,1250000,8e-07,1.015625,1.015625,1,1,1,1,0,0,0,0,0,5,11,0
1546,0.35,1,3,1,1600000,6.25e-07,1.40625,1.390625,1,1,1,2,0,0,0,0,0,5,11,0
1547,0.35,1,3,1,2000000,5e-07,2.015625,2.015625,2,2,2,3,0.015625,0,0,0,1,5,11,1
1548,0.35,1,3,1,2500000,4e-07,2.03125,2.03125,2,2,2,3,0.03125,0,0,0,1,5,11,1
1549,0.35,1,3,1,3200000,3.125e-07,3,3,3,3,3,3,1,1,1,1,1,5,11,1
1550,0.35,1,3,1,5000000,2e-07,5.015625,5.015625,5,5,5,6,1,1,1,1,1,5,11,1
1551,0.35,1,3,1,10000000,1e-07,10.015625,10.015625,10,10,10,11,1,1,1,1,1,5,11,1
1552,0.35,1,3,1.5,400000,2.5e-06,0.40625,0.40625,0,0,0,0,0,0,0,0,0,4.5,10.5,0
1553,0.35,1,3,1.5,600000,1.66666666666667e-06,0.8125,0.796875,0,0,0,1,0,0,0,0,0,4.5,10.5,0
1554,0.35,1,3,1.5,800000,1.25e-06,1,1,1,1,1,1,0,0,0,0,0,4.5,10.5,0
1555,0.35,1,3,1.5,1000000,1e-06,1.515625,1.515625,1,1,1,2,0,0,0,0,0,4.5,10.5,0
1556,0.35,1,3,1.5,1250000,8e-07,1.78125,1.78125,1,1,1,2,0,0,0,0,0,4.5,10.5,0
1557,0.35,1,3,1.5,1600000,6.25e-07,2.203125,2.203125,2,2,2,2,0,0,0,0,0,4.5,10.5,1
1558,0.35,1,3,1.5,2000000,5e-07,3.015625,3.015625,3,3,3,4,1,1,1,1,1,4.5,10.5,1
1559,0.35,1,3,1.5,2500000,4e-07,3.53125,3.53125,3,3,3,4,1,1,1,1,1,4.5,10.5,1
1560,0.35,1,3,1.5,3200000,3.125e-07,4.609375,4.609375,4,4,4,5,1,1,1,1,1,4.5,10.5,1
1561,0.35,1,3,1.5,5000000,2e-07,7.515625,7.515625,7,7,7,8,1,1,1,1,1,4.5,10.5,1
1562,0.35,1,3,1.5,10000000,1e-07,15.015625,15.015625,15,15,15,16,1,1,1,1,1,4.5,10.5,1
1563,0.35,1,3,2,400000,2.5e-06,0.59375,0.609375,0,0,0,1,0,0,0,0,0,4,10,0
1564,0.35,1,3,2,600000,1.66666666666667e-06,1,1,1,1,1,1,0,0,0,0,0,4,10,0
1565,0.35,1,3,2,800000,1.25e-06,1.203125,1.203125,1,1,1,1,0,0,0,0,0,4,10,0
1566,0.35,1,3,2,1000000,1e-06,2.015625,2.015625,2,2,2,3,0.015625,0,0,0,1,4,10,1
1567,0.35,1,3,2,1250000,8e-07,2.265625,2.265625,2,2,2,3,0.265625,0,0,0,1,4,10,1
1568,0.35,1,3,2,1600000,6.25e-07,3,3,3,3,3,3,1,1,1,1,1,4,10,1
1569,0.35,1,3,2,2000000,5e-07,4.015625,4.015625,4,4,4,5,1,1,1,1,1,4,10,1
1570,0.35,1,3,2,2500000,4e-07,5,5,5,5,5,5,1,1,1,1,1,4,10,1
1571,0.35,1,3,2,3200000,3.125e-07,6,6,6,6,6,6,1,1,1,1,1,4,10,1
1572,0.35,1,3,2,5000000,2e-07,10.015625,10.015625,10,10,10,11,1,1,1,1,1,4,10,1
1573,0.35,1,3,2,10000000,1e-07,20.015625,20.015625,20,20,20,21,1,1,1,1,1,4,10,1
1574,0.35,1,3,2.5,400000,2.5e-06,1,1,1,1,1,1,0,0,0,0,0,3.5,9.5,0
1575,0.35,1,3,2.5,600000,1.66666666666667e-06,1.296875,1.296875,1,1,1,1,0,0,0,0,0,3.5,9.5,0
1576,0.35,1,3,2.5,800000,1.25e-06,2,2,2,2,2,2,0,0,0,0,0,3.5,9.5,1
1577,0.35,1,3,2.5,1000000,1e-06,2.515625,2.515625,2,2,2,3,0.03125,0,0,0,1,3.5,9.5,1
1578,0.35,1,3,2.5,1250000,8e-07,3,3,3,3,3,3,1,1,1,1,1,3.5,9.5,1
1579,0.35,1,3,2.5,1600000,6.25e-07,4,4,4,4,4,4,1,1,1,1,1,3.5,9.5,1
1580,0.35,1,3,2.5,2000000,5e-07,5.015625,5.015625,5,5,5,6,1,1,1,1,1,3.5,9.5,1
1581,0.35,1,3,2.5,2500000,4e-07,6,6,6,6,6,6,1,1,1,1,1,3.5,9.5,1
1582,0.35,1,3,2.5,3200000,3.125e-07,8,8,8,8,8,8,1,1,1,1,1,3.5,9.5,1
1583,0.35,1,3,2.5,5000000,2e-07,12.515625,12.515625,12,12,12,13,1,1,1,1,1,3.5,9.5,1
1584,0.35,1,3,2.5,10000000,1e-07,25.015625,25.015625,25,25,25,26,1,1,1,1,1,3.5,9.5,1
1585,0.35,1,3,3,400000,2.5e-06,1,1,1,1,1,1,0,0,0,0,0,3,9,0
1586,0.35,1,3,3,600000,1.66666666666667e-06,1.59375,1.59375,1,1,1,2,0,0,0,0,0,3,9,0
1587,0.35,1,3,3,800000,1.25e-06,2,2,2,2,2,2,0,0,0,0,0,3,9,1
1588,0.35,1,3,3,1000000,1e-06,3.015625,3.015625,3,3,3,4,1,1,1,1,1,3,9,1
1589,0.35,1,3,3,1250000,8e-07,3.53125,3.53125,3,3,3,4,1,1,1,1,1,3,9,1
1590,0.35,1,3,3,1600000,6.25e-07,4.59375,4.59375,4,4,4,5,1,1,1,1,1,3,9,1
1591,0.35,1,3,3,2000000,5e-07,6.015625,6.015625,6,6,6,7,1,1,1,1,1,3,9,1
1592,0.35,1,3,3,2500000,4e-07,7.03125,7.03125,7,7,7,8,1,1,1,1,1,3,9,1
1593,0.35,1,3,3,3200000,3.125e-07,9.203125,9.203125,9,9,9,10,1,1,1,1,1,3,9,1
1594,0.35,1,3,3,5000000,2e-07,15.015625,15.015625,15,15,15,16,1,1,1,1,1,3,9,1
1595,0.35,1,3,3,10000000,1e-07,30.015625,30.015625,30,30,30,31,1,1,1,1,1,3,9,1
1596,0.35,1,3,5,400000,2.5e-06,2,2,2,2,2,2,0,0,0,0,0,1,7,1
1597,0.35,1,3,5,600000,1.66666666666667e-06,3,3,3,3,3,3,1,1,1,1,1,1,7,1
1598,0.35,1,3,5,800000,1.25e-06,4,4,4,4,4,4,1,1,1,1,1,1,7,1
1599,0.35,1,3,5,1000000,1e-06,5.015625,5.015625,5,5,5,6,1,1,1,1,1,1,7,1
1600,0.35,1,3,5,1250000,8e-07,6.015625,6.015625,6,6,6,6,1,1,1,1,1,1,7,1
1601,0.35,1,3,5,1600000,6.25e-07,8,8,8,8,8,8,1,1,1,1,1,1,7,1
1602,0.35,1,3,5,2000000,5e-07,10.015625,10.015625,10,10,10,11,1,1,1,1,1,1,7,1
1603,0.35,1,3,5,2500000,4e-07,12.03125,12.03125,12,12,12,13,1,1,1,1,1,1,7,1
1604,0.35,1,3,5,3200000,3.125e-07,16,16,16,16,16,16,1,1,1,1,1,1,7,1
1605,0.35,1,3,5,5000000,2e-07,25.015625,25.015625,25,25,25,26,1,1,1,1,1,1,7,1
1606,0.35,1,3,5,10000000,1e-07,50.015625,50.015625,50,50,50,51,1,1,1,1,1,1,7,1
1607,0.35,1,3,6,400000,2.5e-06,2.203125,2.203125,2,2,2,2,0,0,0,0,0,0,6,1
1608,0.35,1,3,6,600000,1.66666666666667e-06,3.40625,3.390625,3,3,3,4,1,1,1,1,1,0,6,1
1609,0.35,1,3,6,800000,1.25e-06,4.609375,4.59375,4,4,4,5,1,1,1,1,1,0,6,1
1610,0.35,1,3,6,1000000,1e-06,6.015625,6.015625,6,6,6,7,1,1,1,1,1,0,6,1
1611,0.35,1,3,6,1250000,8e-07,7.265625,7.265625,7,7,7,8,1,1,1,1,1,0,6,1
1612,0.35,1,3,6,1600000,6.25e-07,9.40625,9.390625,9,9,9,10,1,1,1,1,1,0,6,1
1613,0.35,1,3,6,2000000,5e-07,12.015625,12.015625,12,12,12,13,1,1,1,1,1,0,6,1
1614,0.35,1,3,6,2500000,4e-07,15,15,15,15,15,15,1,1,1,1,1,0,6,1
1615,0.35,1,3,6,3200000,3.125e-07,19,19,19,19,19,19,1,1,1,1,1,0,6,1
1616,0.35,1,3,6,5000000,2e-07,30.015625,30.015625,30,30,30,31,1,1,1,1,1,0,6,1
1617,0.35,1,3,6,10000000,1e-07,60.015625,60.015625,60,60,60,61,1,1,1,1,1,0,6,1
1618,0.35,1,4,1,400000,2.5e-06,0.203125,0.203125,0,0,0,0,0,0,0,0,0,5,11,0
1619,0.35,1,4,1,600000,1.66666666666667e-06,0.40625,0.390625,0,0,0,1,0,0,0,0,0,5,11,0
1620,0.35,1,4,1,800000,1.25e-06,0.609375,0.59375,0,0,0,1,0,0,0,0,0,5,11,0
1621,0.35,1,4,1,1000000,1e-06,1.015625,1.015625,1,1,1,2,0,0,0,0,0,5,11,0
1622,0.35,1,4,1,1250000,8e-07,1.015625,1.015625,1,1,1,1,0,0,0,0,0,5,11,0
1623,0.35,1,4,1,1600000,6.25e-07,1.40625,1.390625,1,1,1,2,0,0,0,0,0,5,11,0
1624,0.35,1,4,1,2000000,5e-07,2.015625,2.015625,2,2,2,3,0,0,0,0,0,5,11,0
1625,0.35,1,4,1,2500000,4e-07,2.03125,2.03125,2,2,2,3,0,0,0,0,0,5,11,0
1626,0.35,1,4,1,3200000,3.125e-07,3,3,3,3,3,3,0,0,0,0,0,5,11,1
1627,0.35,1,4,1,5000000,2e-07,5.015625,5.015625,5,5,5,6,1,1,1,1,1,5,11,1
1628,0.35,1,4,1,10000000,1e-07,10.015625,10.015625,10,10,10,11,1,1,1,1,1,5,11,1
1629,0.35,1,4,1.5,400000,2.5e-06,0.40625,0.40625,0,0,0,0,0,0,0,0,0,4.5,10.5,0
1630,0.35,1,4,1.5,600000,1.66666666666667e-06,0.8125,0.796875,0,0,0,1,0,0,0,0,0,4.5,10.5,0
1631,0.35,1,4,1.5,800000,1.25e-06,1,1,1,1,1,1,0,0,0,0,0,4.5,10.5,0
1632,0.35,1,4,1.5,1000000,1e-06,1.515625,1.515625,1,1,1,2,0,0,0,0,0,4.5,10.5,0
1633,0.35,1,4,1.5,1250000,8e-07,1.78125,1.78125,1,1,1,2,0,0,0,0,0,4.5,10.5,0
1634,0.35,1,4,1.5,1600000,6.25e-07,2.203125,2.203125,2,2,2,2,0,0,0,0,0,4.5,10.5,0
1635,0.35,1,4,1.5,2000000,5e-07,3.015625,3.015625,3,3,3,4,0.015625,0,0,0,1,4.5,10.5,1
1636,0.35,1,4,1.5,2500000,4e-07,3.53125,3.53125,3,3,3,4,0.0625,0,0,0,1,4.5,10.5,1
1637,0.35,1,4,1.5,3200000,3.125e-07,4.609375,4.609375,4,4,4,5,1,1,1,1,1,4.5,10.5,1
1638,0.35,1,4,1.5,5000000,2e-07,7.515625,7.515625,7,7,7,8,1,1,1,1,1,4.5,10.5,1
1639,0.35,1,4,1.5,10000000,1e-07,15.015625,15.015625,15,15,15,16,1,1,1,1,1,4.5,10.5,1
1640,0.35,1,4,2,400000,2.5e-06,0.59375,0.609375,0,0,0,1,0,0,0,0,0,4,10,0
1641,0.35,1,4,2,600000,1.66666666666667e-06,1,1,1,1,1,1,0,0,0,0,0,4,10,0
1642,0.35,1,4,2,800000,1.25e-06,1.203125,1.203125,1,1,1,1,0,0,0,0,0,4,10,0
1643,0.35,1,4,2,1000000,1e-06,2.015625,2.015625,2,2,2,3,0,0,0,0,0,4,10,0
1644,0.35,1,4,2,1250000,8e-07,2.265625,2.265625,2,2,2,3,0,0,0,0,0,4,10,0
1645,0.35,1,4,2,1600000,6.25e-07,3,3,3,3,3,3,0,0,0,0,0,4,10,1
1646,0.35,1,4,2,2000000,5e-07,4.015625,4.015625,4,4,4,5,1,1,1,1,1,4,10,1
1647,0.35,1,4,2,2500000,4e-07,5,5,5,5,5,5,1,1,1,1,1,4,10,1
1648,0.35,1,4,2,3200000,3.125e-07,6,6,6,6,6,6,1,1,1,1,1,4,10,1
1649,0.35,1,4,2,5000000,2e-07,10.015625,10.015625,10,10,10,11,1,1,1,1,1,4,10,1
1650,0.35,1,4,2,10000000,1e-07,20.015625,20.015625,20,20,20,21,1,1,1,1,1,4,10,1
1651,0.35,1,4,2.5,400000,2.5e-06,1,1,1,1,1,1,0,0,0,0,0,3.5,9.5,0
1652,0.35,1,4,2.5,600000,1.66666666666667e-06,1.296875,1.296875,1,1,1,1,0,0,0,0,0,3.5,9.5,0
1653,0.35,1,4,2.5,800000,1.25e-06,2,2,2,2,2,2,0,0,0,0,0,3.5,9.5,0
1654,0.35,1,4,2.5,1000000,1e-06,2.515625,2.515625,2,2,2,3,0,0,0,0,0,3.5,9.5,0
1655,0.35,1,4,2.5,1250000,8e-07,3,3,3,3,3,3,0,0,0,0,0,3.5,9.5,1
1656,0.35,1,4,2.5,1600000,6.25e-07,4,4,4,4,4,4,1,1,1,1,1,3.5,9.5,1
1657,0.35,1,4,2.5,2000000,5e-07,5.015625,5.015625,5,5,5,6,1,1,1,1,1,3.5,9.5,1
1658,0.35,1,4,2.5,2500000,4e-07,6,6,6,6,6,6,1,1,1,1,1,3.5,9.5,1
1659,0.35,1,4,2.5,3200000,3.125e-07,8,8,8,8,8,8,1,1,1,1,1,3.5,9.5,1
1660,0.35,1,4,2.5,5000000,2e-07,12.515625,12.515625,12,12,12,13,1,1,1,1,1,3.5,9.5,1
1661,0.35,1,4,2.5,10000000,1e-07,25.015625,25.015625,25,25,25,26,1,1,1,1,1,3.5,9.5,1
1662,0.35,1,4,3,400000,2.5e-06,1,1,1,1,1,1,0,0,0,0,0,3,9,0
1663,0.35,1,4,3,600000,1.66666666666667e-06,1.59375,1.59375,1,1,1,2,0,0,0,0,0,3,9,0
1664,0.35,1,4,3,800000,1.25e-06,2,2,2,2,2,2,0,0,0,0,0,3,9,0
1665,0.35,1,4,3,1000000,1e-06,3.015625,3.015625,3,3,3,4,0.015625,0,0,0,1,3,9,1
1666,0.35,1,4,3,1250000,8e-07,3.53125,3.53125,3,3,3,4,0.296875,0,0,0,1,3,9,1
1667,0.35,1,4,3,1600000,6.25e-07,4.59375,4.59375,4,4,4,5,1,1,1,1,1,3,9,1
1668,0.35,1,4,3,2000000,5e-07,6.015625,6.015625,6,6,6,7,1,1,1,1,1,3,9,1
1669,0.35,1,4,3,2500000,4e-07,7.03125,7.03125,7,7,7,8,1,1,1,1,1,3,9,1
1670,0.35,1,4,3,3200000,3.125e-07,9.203125,9.203125,9,9,9,10,1,1,1,1,1,3,9,1
1671,0.35,1,4,3,5000000,2e-07,15.015625,15.015625,15,15,15,16,1,1,1,1,1,3,9,1
1672,0.35,1,4,3,10000000,1e-07,30.015625,30.015625,30,30,30,31,1,1,1,1,1,3,9,1
1673,0.35,1,4,5,400000,2.5e-06,2,2,2,2,2,2,0,0,0,0,0,1,7,0
1674,0.35,1,4,5,600000,1.66666666666667e-06,3,3,3,3,3,3,0,0,0,0,0,1,7,1
1675,0.35,1,4,5,800000,1.25e-06,4,4,4,4,4,4,1,1,1,1,1,1,7,1
1676,0.35,1,4,5,1000000,1e-06,5.015625,5.015625,5,5,5,6,1,1,1,1,1,1,7,1
1677,0.35,1,4,5,1250000,8e-07,6.015625,6.015625,6,6,6,6,1,1,1,1,1,1,7,1
1678,0.35,1,4,5,1600000,6.25e-07,8,8,8,8,8,8,1,1,1,1,1,1,7,1
1679,0.35,1,4,5,2000000,5e-07,10.015625,10.015625,10,10,10,11,1,1,1,1,1,1,7,1
1680,0.35,1,4,5,2500000,4e-07,12.03125,12.03125,12,12,12,13,1,1,1,1,1,1,7,1
1681,0.35,1,4,5,3200000,3.125e-07,16,16,16,16,16,16,1,1,1,1,1,1,7,1
1682,0.35,1,4,5,5000000,2e-07,25.015625,25.015625,25,25,25,26,1,1,1,1,1,1,7,1
1683,0.35,1,4,5,10000000,1e-07,50.015625,50.015625,50,50,50,51,1,1,1,1,1,1,7,1
1684,0.35,1,4,6,400000,2.5e-06,2.203125,2.203125,2,2,2,2,0,0,0,0,0,0,6,0
1685,0.35,1,4,6,600000,1.66666666666667e-06,3.40625,3.390625,3,3,3,4,0.203125,0,0,0,1,0,6,1
1686,0.35,1,4,6,800000,1.25e-06,4.609375,4.59375,4,4,4,5,1,1,1,1,1,0,6,1
1687,0.35,1,4,6,1000000,1e-06,6.015625,6.015625,6,6,6,7,1,1,1,1,1,0,6,1
1688,0.35,1,4,6,1250000,8e-07,7.265625,7.265625,7,7,7,8,1,1,1,1,1,0,6,1
1689,0.35,1,4,6,1600000,6.25e-07,9.40625,9.390625,9,9,9,10,1,1,1,1,1,0,6,1
1690,0.35,1,4,6,2000000,5e-07,12.015625,12.015625,12,12,12,13,1,1,1,1,1,0,6,1
1691,0.35,1,4,6,2500000,4e-07,15,15,15,15,15,15,1,1,1,1,1,0,6,1
1692,0.35,1,4,6,3200000,3.125e-07,19,19,19,19,19,19,1,1,1,1,1,0,6,1
1693,0.35,1,4,6,5000000,2e-07,30.015625,30.015625,30,30,30,31,1,1,1,1,1,0,6,1
1694,0.35,1,4,6,10000000,1e-07,60.015625,60.015625,60,60,60,61,1,1,1,1,1,0,6,1
1695,0.35,1,5,1,400000,2.5e-06,0.203125,0.203125,0,0,0,0,0,0,0,0,0,5,11,0
1696,0.35,1,5,1,600000,1.66666666666667e-06,0.40625,0.390625,0,0,0,1,0,0,0,0,0,5,11,0
1697,0.35,1,5,1,800000,1.25e-06,0.609375,0.59375,0,0,0,1,0,0,0,0,0,5,11,0
1698,0.35,1,5,1,1000000,1e-06,1.015625,1.015625,1,1,1,2,0,0,0,0,0,5,11,0
1699,0.35,1,5,1,1250000,8e-07,1.015625,1.015625,1,1,1,1,0,0,0,0,0,5,11,0
1700,0.35,1,5,1,1600000,6.25e-07,1.40625,1.390625,1,1,1,2,0,0,0,0,0,5,11,0
1701,0.35,1,5,1,2000000,5e-07,2.015625,2.015625,2,2,2,3,0,0,0,0,0,5,11,0
1702,0.35,1,5,1,2500000,4e-07,2.03125,2.03125,2,2,2,3,0,0,0,0,0,5,11,0
1703,0.35,1,5,1,3200000,3.125e-07,3,3,3,3,3,3,0,0,0,0,0,5,11,0
1704,0.35,1,5,1,5000000,2e-07,5.015625,5.015625,5,5,5,6,1,1,1,1,1,5,11,1
1705,0.35,1,5,1,10000000,1e-07,10.015625,10.015625,10,10,10,11,1,1,1,1,1,5,11,1
1706,0.35,1,5,1.5,400000,2.5e-06,0.40625,0.40625,0,0,0,0,0,0,0,0,0,4.5,10.5,0
1707,0.35,1,5,1.5,600000,1.66666666666667e-06,0.8125,0.796875,0,0,0,1,0,0,0,0,0,4.5,10.5,0
1708,0.35,1,5,1.5,800000,1.25e-06,1,1,1,1,1,1,0,0,0,0,0,4.5,10.5,0
1709,0.35,1,5,1.5,1000000,1e-06,1.515625,1.515625,1,1,1,2,0,0,0,0,0,4.5,10.5,0
1710,0.35,1,5,1.5,1250000,8e-07,1.78125,1.78125,1,1,1,2,0,0,0,0,0,4.5,10.5,0
1711,0.35,1,5,1.5,1600000,6.25e-07,2.203125,2.203125,2,2,2,2,0,0,0,0,0,4.5,10.5,0
1712,0.35,1,5,1.5,2000000,5e-07,3.015625,3.015625,3,3,3,4,0,0,0,0,0,4.5,10.5,0
1713,0.35,1,5,1.5,2500000,4e-07,3.53125,3.53125,3,3,3,4,0,0,0,0,0,4.5,10.5,0
1714,0.35,1,5,1.5,3200000,3.125e-07,4.609375,4.609375,4,4,4,5,0.21875,0,0,0,1,4.5,10.5,1
1715,0.35,1,5,1.5,5000000,2e-07,7.515625,7.515625,7,7,7,8,1,1,1,1,1,4.5,10.5,1
1716,0.35,1,5,1.5,10000000,1e-07,15.015625,15.015625,15,15,15,16,1,1,1,1,1,4.5,10.5,1
1717,0.35,1,5,2,400000,2.5e-06,0.59375,0.609375,0,0,0,1,0,0,0,0,0,4,10,0
1718,0.35,1,5,2,600000,1.66666666666667e-06,1,1,1,1,1,1,0,0,0,0,0,4,10,0
1719,0.35,1,5,2,800000,1.25e-06,1.203125,1.203125,1,1,1,1,0,0,0,0,0,4,10,0
1720,0.35,1,5,2,1000000,1e-06,2.015625,2.015625,2,2,2,3,0,0,0,0,0,4,10,0
1721,0.35,1,5,2,1250000,8e-07,2.265625,2.265625,2,2,2,3,0,0,0,0,0,4,10,0
1722,0.35,1,5,2,1600000,6.25e-07,3,3,3,3,3,3,0,0,0,0,0,4,10,0
1723,0.35,1,5,2,2000000,5e-07,4.015625,4.015625,4,4,4,5,0.015625,0,0,0,1,4,10,1
1724,0.35,1,5,2,2500000,4e-07,5,5,5,5,5,5,1,1,1,1,1,4,10,1
1725,0.35,1,5,2,3200000,3.125e-07,6,6,6,6,6,6,1,1,1,1,1,4,10,1
1726,0.35,1,5,2,5000000,2e-07,10.015625,10.015625,10,10,10,11,1,1,1,1,1,4,10,1
1727,0.35,1,5,2,10000000,1e-07,20.015625,20.015625,20,20,20,21,1,1,1,1,1,4,10,1
1728,0.35,1,5,2.5,400000,2.5e-06,1,1,1,1,1,1,0,0,0,0,0,3.5,9.5,0
1729,0.35,1,5,2.5,600000,1.66666666666667e-06,1.296875,1.296875,1,1,1,1,0,0,0,0,0,3.5,9.5,0
1730,0.35,1,5,2.5,800000,1.25e-06,2,2,2,2,2,2,0,0,0,0,0,3.5,9.5,0
1731,0.35,1,5,2.5,1000000,1e-06,2.515625,2.515625,2,2,2,3,0,0,0,0,0,3.5,9.5,0
1732,0.35,1,5,2.5,1250000,8e-07,3,3,3,3,3,3,0,0,0,0,0,3.5,9.5,0
1733,0.35,1,5,2.5,1600000,6.25e-07,4,4,4,4,4,4,0,0,0,0,0,3.5,9.5,1
1734,0.35,1,5,2.5,2000000,5e-07,5.015625,5.015625,5,5,5,6,1,1,1,1,1,3.5,9.5,1
1735,0.35,1,5,2.5,2500000,4e-07,6,6,6,6,6,6,1,1,1,1,1,3.5,9.5,1
1736,0.35,1,5,2.5,3200000,3.125e-07,8,8,8,8,8,8,1,1,1,1,1,3.5,9.5,1
1737,0.35,1,5,2.5,5000000,2e-07,12.515625,12.515625,12,12,12,13,1,1,1,1,1,3.5,9.5,1
1738,0.35,1,5,2.5,10000000,1e-07,25.015625,25.015625,25,25,25,26,1,1,1,1,1,3.5,9.5,1
1739,0.35,1,5,3,400000,2.5e-06,1,1,1,1,1,1,0,0,0,0,0,3,9,0
1740,0.35,1,5,3,600000,1.66666666666667e-06,1.59375,1.59375,1,1,1,2,0,0,0,0,0,3,9,0
1741,0.35,1,5,3,800000,1.25e-06,2,2,2,2,2,2,0,0,0,0,0,3,9,0
1742,0.35,1,5,3,1000000,1e-06,3.015625,3.015625,3,3,3,4,0,0,0,0,0,3,9,0
1743,0.35,1,5,3,1250000,8e-07,3.53125,3.53125,3,3,3,4,0,0,0,0,0,3,9,0
1744,0.35,1,5,3,1600000,6.25e-07,4.59375,4.59375,4,4,4,5,0.59375,1,0,0,1,3,9,1
1745,0.35,1,5,3,2000000,5e-07,6.015625,6.015625,6,6,6,7,1,1,1,1,1,3,9,1
1746,0.35,1,5,3,2500000,4e-07,7.03125,7.03125,7,7,7,8,1,1,1,1,1,3,9,1
1747,0.35,1,5,3,3200000,3.125e-07,9.203125,9.203125,9,9,9,10,1,1,1,1,1,3,9,1
1748,0.35,1,5,3,5000000,2e-07,15.015625,15.015625,15,15,15,16,1,1,1,1,1,3,9,1
1749,0.35,1,5,3,10000000,1e-07,30.015625,30.015625,30,30,30,31,1,1,1,1,1,3,9,1
1750,0.35,1,5,5,400000,2.5e-06,2,2,2,2,2,2,0,0,0,0,0,1,7,0
1751,0.35,1,5,5,600000,1.66666666666667e-06,3,3,3,3,3,3,0,0,0,0,0,1,7,0
1752,0.35,1,5,5,800000,1.25e-06,4,4,4,4,4,4,0,0,0,0,0,1,7,1
1753,0.35,1,5,5,1000000,1e-06,5.015625,5.015625,5,5,5,6,1,1,1,1,1,1,7,1
1754,0.35,1,5,5,1250000,8e-07,6.015625,6.015625,6,6,6,6,1,1,1,1,1,1,7,1
1755,0.35,1,5,5,1600000,6.25e-07,8,8,8,8,8,8,1,1,1,1,1,1,7,1
1756,0.35,1,5,5,2000000,5e-07,10.015625,10.015625,10,10,10,11,1,1,1,1,1,1,7,1
1757,0.35,1,5,5,2500000,4e-07,12.03125,12.03125,12,12,12,13,1,1,1,1,1,1,7,1
1758,0.35,1,5,5,3200000,3.125e-07,16,16,16,16,16,16,1,1,1,1,1,1,7,1
1759,0.35,1,5,5,5000000,2e-07,25.015625,25.015625,25,25,25,26,1,1,1,1,1,1,7,1
1760,0.35,1,5,5,10000000,1e-07,50.015625,50.015625,50,50,50,51,1,1,1,1,1,1,7,1
1761,0.35,1,5,6,400000,2.5e-06,2.203125,2.203125,2,2,2,2,0,0,0,0,0,0,6,0
1762,0.35,1,5,6,600000,1.66666666666667e-06,3.40625,3.390625,3,3,3,4,0,0,0,0,0,0,6,0
1763,0.35,1,5,6,800000,1.25e-06,4.609375,4.59375,4,4,4,5,0.40625,0,0,0,1,0,6,1
1764,0.35,1,5,6,1000000,1e-06,6.015625,6.015625,6,6,6,7,1,1,1,1,1,0,6,1
1765,0.35,1,5,6,1250000,8e-07,7.265625,7.265625,7,7,7,8,1,1,1,1,1,0,6,1
1766,0.35,1,5,6,1600000,6.25e-07,9.40625,9.390625,9,9,9,10,1,1,1,1,1,0,6,1
1767,0.35,1,5,6,2000000,5e-07,12.015625,12.015625,12,12,12,13,1,1,1,1,1,0,6,1
1768,0.35,1,5,6,2500000,4e-07,15,15,15,15,15,15,1,1,1,1,1,0,6,1
1769,0.35,1,5,6,3200000,3.125e-07,19,19,19,19,19,19,1,1,1,1,1,0,6,1
1770,0.35,1,5,6,5000000,2e-07,30.015625,30.015625,30,30,30,31,1,1,1,1,1,0,6,1
1771,0.35,1,5,6,10000000,1e-07,60.015625,60.015625,60,60,60,61,1,1,1,1,1,0,6,1
1772,0.35,1,6,1,400000,2.5e-06,0.203125,0.203125,0,0,0,0,0,0,0,0,0,5,11,0
1773,0.35,1,6,1,600000,1.66666666666667e-06,0.40625,0.390625,0,0,0,1,0,0,0,0,0,5,11,0
1774,0.35,1,6,1,800000,1.25e-06,0.609375,0.59375,0,0,0,1,0,0,0,0,0,5,11,0
1775,0.35,1,6,1,1000000,1e-06,1.015625,1.015625,1,1,1,2,0,0,0,0,0,5,11,0
1776,0.35,1,6,1,1250000,8e-07,1.015625,1.015625,1,1,1,1,0,0,0,0,0,5,11,0
1777,0.35,1,6,1,1600000,6.25e-07,1.40625,1.390625,1,1,1,2,0,0,0,0,0,5,11,0
1778,0.35,1,6,1,2000000,5e-07,2.015625,2.015625,2,2,2,3,0,0,0,0,0,5,11,0
1779,0.35,1,6,1,2500000,4e-07,2.03125,2.03125,2,2,2,3,0,0,0,0,0,5,11,0
1780,0.35,1,6,1,3200000,3.125e-07,3,3,3,3,3,3,0,0,0,0,0,5,11,0
1781,0.35,1,6,1,5000000,2e-07,5.015625,5.015625,5,5,5,6,0.015625,0,0,0,1,5,11,1
1782,0.35,1,6,1,10000000,1e-07,10.015625,10.015625,10,10,10,11,1,1,1,1,1,5,11,1
1783,0.35,1,6,1.5,400000,2.5e-06,0.40625,0.40625,0,0,0,0,0,0,0,0,0,4.5,10.5,0
1784,0.35,1,6,1.5,600000,1.66666666666667e-06,0.8125,0.796875,0,0,0,1,0,0,0,0,0,4.5,10.5,0
1785,0.35,1,6,1.5,800000,1.25e-06,1,1,1,1,1,1,0,0,0,0,0,4.5,10.5,0
1786,0.35,1,6,1.5,1000000,1e-06,1.515625,1.515625,1,1,1,2,0,0,0,0,0,4.5,10.5,0
1787,0.35,1,6,1.5,1250000,8e-07,1.78125,1.78125,1,1,1,2,0,0,0,0,0,4.5,10.5,0
1788,0.35,1,6,1.5,1600000,6.25e-07,2.203125,2.203125,2,2,2,2,0,0,0,0,0,4.5,10.5,0
1789,0.35,1,6,1.5,2000000,5e-07,3.015625,3.015625,3,3,3,4,0,0,0,0,0,4.5,10.5,0
1790,0.35,1,6,1.5,2500000,4e-07,3.53125,3.53125,3,3,3,4,0,0,0,0,0,4.5,10.5,0
1791,0.35,1,6,1.5,3200000,3.125e-07,4.609375,4.609375,4,4,4,5,0,0,0,0,0,4.5,10.5,0
1792,0.35,1,6,1.5,5000000,2e-07,7.515625,7.515625,7,7,7,8,1,1,1,1,1,4.5,10.5,1
1793,0.35,1,6,1.5,10000000,1e-07,15.015625,15.015625,15,15,15,16,1,1,1,1,1,4.5,10.5,1
1794,0.35,1,6,2,400000,2.5e-06,0.59375,0.609375,0,0,0,1,0,0,0,0,0,4,10,0
1795,0.35,1,6,2,600000,1.66666666666667e-06,1,1,1,1,1,1,0,0,0,0,0,4,10,0
1796,0.35,1,6,2,800000,1.25e-06,1.203125,1.203125,1,1,1,1,0,0,0,0,0,4,10,0
1797,0.35,1,6,2,1000000,1e-06,2.015625,2.015625,2,2,2,3,0,0,0,0,0,4,10,0
1798,0.35,1,6,2,1250000,8e-07,2.265625,2.265625,2,2,2,3,0,0,0,0,0,4,10,0
1799,0.35,1,6,2,1600000,6.25e-07,3,3,3,3,3,3,0,0,0,0,0,4,10,0
1800,0.35,1,6,2,2000000,5e-07,4.015625,4.015625,4,4,4,5,0,0,0,0,0,4,10,0
1801,0.35,1,6,2,2500000,4e-07,5,5,5,5,5,5,0,0,0,0,0,4,10,1
1802,0.35,1,6,2,3200000,3.125e-07,6,6,6,6,6,6,1,1,1,1,1,4,10,1
1803,0.35,1,6,2,5000000,2e-07,10.015625,10.015625,10,10,10,11,1,1,1,1,1,4,10,1
1804,0.35,1,6,2,10000000,1e-07,20.015625,20.015625,20,20,20,21,1,1,1,1,1,4,10,1
1805,0.35,1,6,2.5,400000,2.5e-06,1,1,1,1,1,1,0,0,0,0,0,3.5,9.5,0
1806,0.35,1,6,2.5,600000,1.66666666666667e-06,1.296875,1.296875,1,1,1,1,0,0,0,0,0,3.5,9.5,0
1807,0.35,1,6,2.5,800000,1.25e-06,2,2,2,2,2,2,0,0,0,0,0,3.5,9.5,0
1808,0.35,1,6,2.5,1000000,1e-06,2.515625,2.515625,2,2,2,3,0,0,0,0,0,3.5,9.5,0
1809,0.35,1,6,2.5,1250000,8e-07,3,3,3,3,3,3,0,0,0,0,0,3.5,9.5,0
1810,0.35,1,6,2.5,1600000,6.25e-07,4,4,4,4,4,4,0,0,0,0,0,3.5,9.5,0
1811,0.35,1,6,2.5,2000000,5e-07,5.015625,5.015625,5,5,5,6,0.015625,0,0,0,1,3.5,9.5,1
1812,0.35,1,6,2.5,2500000,4e-07,6,6,6,6,6,6,1,1,1,1,1,3.5,9.5,1
1813,0.35,1,6,2.5,3200000,3.125e-07,8,8,8,8,8,8,1,1,1,1,1,3.5,9.5,1
1814,0.35,1,6,2.5,5000000,2e-07,12.515625,12.515625,12,12,12,13,1,1,1,1,1,3.5,9.5,1
1815,0.35,1,6,2.5,10000000,1e-07,25.015625,25.015625,25,25,25,26,1,1,1,1,1,3.5,9.5,1
1816,0.35,1,6,3,400000,2.5e-06,1,1,1,1,1,1,0,0,0,0,0,3,9,0
1817,0.35,1,6,3,600000,1.66666666666667e-06,1.59375,1.59375,1,1,1,2,0,0,0,0,0,3,9,0
1818,0.35,1,6,3,800000,1.25e-06,2,2,2,2,2,2,0,0,0,0,0,3,9,0
1819,0.35,1,6,3,1000000,1e-06,3.015625,3.015625,3,3,3,4,0,0,0,0,0,3,9,0
1820,0.35,1,6,3,1250000,8e-07,3.53125,3.53125,3,3,3,4,0,0,0,0,0,3,9,0
1821,0.35,1,6,3,1600000,6.25e-07,4.59375,4.59375,4,4,4,5,0,0,0,0,0,3,9,0
1822,0.35,1,6,3,2000000,5e-07,6.015625,6.015625,6,6,6,7,1,1,1,1,1,3,9,1
1823,0.35,1,6,3,2500000,4e-07,7.03125,7.03125,7,7,7,8,1,1,1,1,1,3,9,1
1824,0.35,1,6,3,3200000,3.125e-07,9.203125,9.203125,9,9,9,10,1,1,1,1,1,3,9,1
1825,0.35,1,6,3,5000000,2e-07,15.015625,15.015625,15,15,15,16,1,1,1,1,1,3,9,1
1826,0.35,1,6,3,10000000,1e-07,30.015625,30.015625,30,30,30,31,1,1,1,1,1,3,9,1
1827,0.35,1,6,5,400000,2.5e-06,2,2,2,2,2,2,0,0,0,0,0,1,7,0
1828,0.35,1,6,5,600000,1.66666666666667e-06,3,3,3,3,3,3,0,0,0,0,0,1,7,0
1829,0.35,1,6,5,800000,1.25e-06,4,4,4,4,4,4,0,0,0,0,0,1,7,0
1830,0.35,1,6,5,1000000,1e-06,5.015625,5.015625,5,5,5,6,0.015625,0,0,0,1,1,7,1
1831,0.35,1,6,5,1250000,8e-07,6.015625,6.015625,6,6,6,6,1,1,1,1,1,1,7,1
1832,0.35,1,6,5,1600000,6.25e-07,8,8,8,8,8,8,1,1,1,1,1,1,7,1
1833,0.35,1,6,5,2000000,5e-07,10.015625,10.015625,10,10,10,11,1,1,1,1,1,1,7,1
1834,0.35,1,6,5,2500000,4e-07,12.03125,12.03125,12,12,12,13,1,1,1,1,1,1,7,1
1835,0.35,1,6,5,3200000,3.125e-07,16,16,16,16,16,16,1,1,1,1,1,1,7,1
1836,0.35,1,6,5,5000000,2e-07,25.015625,25.015625,25,25,25,26,1,1,1,1,1,1,7,1
1837,0.35,1,6,5,10000000,1e-07,50.015625,50.015625,50,50,50,51,1,1,1,1,1,1,7,1
1838,0.35,1,6,6,400000,2.5e-06,2.203125,2.203125,2,2,2,2,0,0,0,0,0,0,6,0
1839,0.35,1,6,6,600000,1.66666666666667e-06,3.40625,3.390625,3,3,3,4,0,0,0,0,0,0,6,0
1840,0.35,1,6,6,800000,1.25e-06,4.609375,4.59375,4,4,4,5,0,0,0,0,0,0,6,0
1841,0.35,1,6,6,1000000,1e-06,6.015625,6.015625,6,6,6,7,1,1,1,1,1,0,6,1
1842,0.35,1,6,6,1250000,8e-07,7.265625,7.265625,7,7,7,8,1,1,1,1,1,0,6,1
1843,0.35,1,6,6,1600000,6.25e-07,9.40625,9.390625,9,9,9,10,1,1,1,1,1,0,6,1
1844,0.35,1,6,6,2000000,5e-07,12.015625,12.015625,12,12,12,13,1,1,1,1,1,0,6,1
1845,0.35,1,6,6,2500000,4e-07,15,15,15,15,15,15,1,1,1,1,1,0,6,1
1846,0.35,1,6,6,3200000,3.125e-07,19,19,19,19,19,19,1,1,1,1,1,0,6,1
1847,0.35,1,6,6,5000000,2e-07,30.015625,30.015625,30,30,30,31,1,1,1,1,1,0,6,1
1848,0.35,1,6,6,10000000,1e-07,60.015625,60.015625,60,60,60,61,1,1,1,1,1,0,6,1
1849,0.4,0.2,3,1,400000,2.5e-06,0.1875,0.203125,0,0,0,0,0,0,0,0,0,6.8,10.8,0
1850,0.4,0.2,3,1,600000,1.66666666666667e-06,0.40625,0.40625,0,0,0,1,0,0,0,0,0,6.8,10.8,0
1851,0.4,0.2,3,1,800000,1.25e-06,0.59375,0.609375,0,0,0,1,0,0,0,0,0,6.8,10.8,0
1852,0.4,0.2,3,1,1000000,1e-06,1,1,1,1,1,1,0,0,0,0,0,6.8,10.8,0
1853,0.4,0.2,3,1,1250000,8e-07,1.265625,1.265625,1,1,1,2,0,0,0,0,0,6.8,10.8,0
1854,0.4,0.2,3,1,1600000,6.25e-07,1.390625,1.40625,1,1,1,2,0,0,0,0,0,6.8,10.8,0
1855,0.4,0.2,3,1,2000000,5e-07,2,2,2,2,2,2,0,0,0,0,0,6.8,10.8,1
1856,0.4,0.2,3,1,2500000,4e-07,2.515625,2.515625,2,2,2,3,0.03125,0,0,0,1,6.8,10.8,1
1857,0.4,0.2,3,1,3200000,3.125e-07,3,3,3,3,3,3,1,1,1,1,1,6.8,10.8,1
1858,0.4,0.2,3,1,5000000,2e-07,5.015625,5.015625,5,5,5,6,1,1,1,1,1,6.8,10.8,1
1859,0.4,0.2,3,1,10000000,1e-07,10.015625,10.015625,10,10,10,11,1,1,1,1,1,6.8,10.8,1
1860,0.4,0.2,3,1.5,400000,2.5e-06,0.390625,0.40625,0,0,0,1,0,0,0,0,0,6.3,10.3,0
1861,0.4,0.2,3,1.5,600000,1.66666666666667e-06,0.8125,0.8125,0,0,0,1,0,0,0,0,0,6.3,10.3,0
1862,0.4,0.2,3,1.5,800000,1.25e-06,1,1,1,1,1,1,0,0,0,0,0,6.3,10.3,0
1863,0.4,0.2,3,1.5,1000000,1e-06,1.5,1.5,1,1,1,2,0,0,0,0,0,6.3,10.3,0
1864,0.4,0.2,3,1.5,1250000,8e-07,1.890625,1.890625,1,1,1,2,0,0,0,0,0,6.3,10.3,0
1865,0.4,0.2,3,1.5,1600000,6.25e-07,2.203125,2.203125,2,2,2,3,0.15625,0,0,0,1,6.3,10.3,1
1866,0.4,0.2,3,1.5,2000000,5e-07,3,3,3,3,3,3,1,1,1,1,1,6.3,10.3,1
1867,0.4,0.2,3,1.5,2500000,4e-07,3.765625,3.765625,3,3,3,4,1,1,1,1,1,6.3,10.3,1
1868,0.4,0.2,3,1.5,3200000,3.125e-07,4.609375,4.609375,4,4,4,5,1,1,1,1,1,6.3,10.3,1
1869,0.4,0.2,3,1.5,5000000,2e-07,7.515625,7.515625,7,7,7,8,1,1,1,1,1,6.3,10.3,1
1870,0.4,0.2,3,1.5,10000000,1e-07,15.015625,15.015625,15,15,15,16,1,1,1,1,1,6.3,10.3,1
1871,0.4,0.2,3,2,400000,2.5e-06,0.59375,0.609375,0,0,0,1,0,0,0,0,0,5.8,9.8,0
1872,0.4,0.2,3,2,600000,1.66666666666667e-06,1,1,1,1,1,1,0,0,0,0,0,5.8,9.8,0
1873,0.4,0.2,3,2,800000,1.25e-06,1.203125,1.203125,1,1,1,2,0,0,0,0,0,5.8,9.8,0
1874,0.4,0.2,3,2,1000000,1e-06,2,2,2,2,2,2,0,0,0,0,0,5.8,9.8,1
1875,0.4,0.2,3,2,1250000,8e-07,2.515625,2.515625,2,2,2,3,0.515625,1,0,0,1,5.8,9.8,1
1876,0.4,0.2,3,2,1600000,6.25e-07,3,3,3,3,3,3,1,1,1,1,1,5.8,9.8,1
1877,0.4,0.2,3,2,2000000,5e-07,4,4,4,4,4,4,1,1,1,1,1,5.8,9.8,1
1878,0.4,0.2,3,2,2500000,4e-07,5.015625,5.015625,5,5,5,6,1,1,1,1,1,5.8,9.8,1
1879,0.4,0.2,3,2,3200000,3.125e-07,6,6,6,6,6,6,1,1,1,1,1,5.8,9.8,1
1880,0.4,0.2,3,2,5000000,2e-07,10.015625,10.015625,10,10,10,11,1,1,1,1,1,5.8,9.8,1
1881,0.4,0.2,3,2,10000000,1e-07,20.015625,20.015625,20,20,20,21,1,1,1,1,1,5.8,9.8,1
1882,0.4,0.2,3,2.5,400000,2.5e-06,1,1,1,1,1,1,0,0,0,0,0,5.3,9.3,0
1883,0.4,0.2,3,2.5,600000,1.66666666666667e-06,1.296875,1.296875,1,1,1,2,0,0,0,0,0,5.3,9.3,0
1884,0.4,0.2,3,2.5,800000,1.25e-06,2,2,2,2,2,2,0,0,0,0,0,5.3,9.3,1
1885,0.4,0.2,3,2.5,1000000,1e-06,2.5,2.5,2,2,2,3,0.390625,0,0,0,1,5.3,9.3,1
1886,0.4,0.2,3,2.5,1250000,8e-07,3.140625,3.140625,3,3,3,3,1,1,1,1,1,5.3,9.3,1
1887,0.4,0.2,3,2.5,1600000,6.25e-07,4,4,4,4,4,4,1,1,1,1,1,5.3,9.3,1
1888,0.4,0.2,3,2.5,2000000,5e-07,5,5,5,5,5,5,1,1,1,1,1,5.3,9.3,1
1889,0.4,0.2,3,2.5,2500000,4e-07,6.265625,6.265625,6,6,6,7,1,1,1,1,1,5.3,9.3,1
1890,0.4,0.2,3,2.5,3200000,3.125e-07,8,8,8,8,8,8,1,1,1,1,1,5.3,9.3,1
1891,0.4,0.2,3,2.5,5000000,2e-07,12.515625,12.515625,12,12,12,13,1,1,1,1,1,5.3,9.3,1
1892,0.4,0.2,3,2.5,10000000,1e-07,25.015625,25.015625,25,25,25,26,1,1,1,1,1,5.3,9.3,1
1893,0.4,0.2,3,3,400000,2.5e-06,1,1,1,1,1,1,0,0,0,0,0,4.8,8.8,0
1894,0.4,0.2,3,3,600000,1.66666666666667e-06,1.59375,1.609375,1,1,1,2,0,0,0,0,0,4.8,8.8,0
1895,0.4,0.2,3,3,800000,1.25e-06,2,2,2,2,2,2,0,0,0,0,0,4.8,8.8,1
1896,0.4,0.2,3,3,1000000,1e-06,3,3,3,3,3,3,1,1,1,1,1,4.8,8.8,1
1897,0.4,0.2,3,3,1250000,8e-07,3.765625,3.765625,3,3,3,4,1,1,1,1,1,4.8,8.8,1
1898,0.4,0.2,3,3,1600000,6.25e-07,4.59375,4.59375,4,4,4,5,1,1,1,1,1,4.8,8.8,1
1899,0.4,0.2,3,3,2000000,5e-07,6,6,6,6,6,6,1,1,1,1,1,4.8,8.8,1
1900,0.4,0.2,3,3,2500000,4e-07,7.515625,7.515625,7,7,7,8,1,1,1,1,1,4.8,8.8,1
1901,0.4,0.2,3,3,3200000,3.125e-07,9.203125,9.203125,9,9,9,10,1,1,1,1,1,4.8,8.8,1
1902,0.4,0.2,3,3,5000000,2e-07,15.015625,15.015625,15,15,15,16,1,1,1,1,1,4.8,8.8,1
1903,0.4,0.2,3,3,10000000,1e-07,30.015625,30.015625,30,30,30,31,1,1,1,1,1,4.8,8.8,1
1904,0.4,0.2,3,5,400000,2.5e-06,2,2,2,2,2,2,0,0,0,0,0,2.8,6.8,1
1905,0.4,0.2,3,5,600000,1.66666666666667e-06,3,3,3,3,3,3,1,1,1,1,1,2.8,6.8,1
1906,0.4,0.2,3,5,800000,1.25e-06,4,4,4,4,4,4,1,1,1,1,1,2.8,6.8,1
1907,0.4,0.2,3,5,1000000,1e-06,5,5,5,5,5,5,1,1,1,1,1,2.8,6.8,1
1908,0.4,0.2,3,5,1250000,8e-07,6.265625,6.265625,6,6,6,7,1,1,1,1,1,2.8,6.8,1
1909,0.4,0.2,3,5,1600000,6.25e-07,8,8,8,8,8,8,1,1,1,1,1,2.8,6.8,1
1910,0.4,0.2,3,5,2000000,5e-07,10,10,10,10,10,10,1,1,1,1,1,2.8,6.8,1
1911,0.4,0.2,3,5,2500000,4e-07,12.515625,12.515625,12,12,12,13,1,1,1,1,1,2.8,6.8,1
1912,0.4,0.2,3,5,3200000,3.125e-07,16,16,16,16,16,16,1,1,1,1,1,2.8,6.8,1
1913,0.4,0.2,3,5,5000000,2e-07,25.015625,25.015625,25,25,25,26,1,1,1,1,1,2.8,6.8,1
1914,0.4,0.2,3,5,10000000,1e-07,50.015625,50.015625,50,50,50,51,1,1,1,1,1,2.8,6.8,1
1915,0.4,0.2,3,6,400000,2.5e-06,2.1875,2.203125,2,2,2,2,0,0,0,0,0,1.8,5.8,1
1916,0.4,0.2,3,6,600000,1.66666666666667e-06,3.40625,3.40625,3,3,3,4,1,1,1,1,1,1.8,5.8,1
1917,0.4,0.2,3,6,800000,1.25e-06,4.59375,4.609375,4,4,4,5,1,1,1,1,1,1.8,5.8,1
1918,0.4,0.2,3,6,1000000,1e-06,6,6,6,6,6,6,1,1,1,1,1,1.8,5.8,1
1919,0.4,0.2,3,6,1250000,8e-07,7.515625,7.515625,7,7,7,8,1,1,1,1,1,1.8,5.8,1
1920,0.4,0.2,3,6,1600000,6.25e-07,9.390625,9.40625,9,9,9,10,1,1,1,1,1,1.8,5.8,1
1921,0.4,0.2,3,6,2000000,5e-07,12,12,12,12,12,12,1,1,1,1,1,1.8,5.8,1
1922,0.4,0.2,3,6,2500000,4e-07,15.015625,15.015625,15,15,15,16,1,1,1,1,1,1.8,5.8,1
1923,0.4,0.2,3,6,3200000,3.125e-07,19,19,19,19,19,19,1,1,1,1,1,1.8,5.8,1
1924,0.4,0.2,3,6,5000000,2e-07,30.015625,30.015625,30,30,30,31,1,1,1,1,1,1.8,5.8,1
1925,0.4,0.2,3,6,10000000,1e-07,60.015625,60.015625,60,60,60,61,1,1,1,1,1,1.8,5.8,1
1926,0.4,0.2,4,1,400000,2.5e-06,0.1875,0.203125,0,0,0,0,0,0,0,0,0,6.8,10.8,0
1927,0.4,0.2,4,1,600000,1.66666666666667e-06,0.40625,0.40625,0,0,0,1,0,0,0,0,0,6.8,10.8,0
1928,0.4,0.2,4,1,800000,1.25e-06,0.59375,0.609375,0,0,0,1,0,0,0,0,0,6.8,10.8,0
1929,0.4,0.2,4,1,1000000,1e-06,1,1,1,1,1,1,0,0,0,0,0,6.8,10.8,0
1930,0.4,0.2,4,1,1250000,8e-07,1.265625,1.265625,1,1,1,2,0,0,0,0,0,6.8,10.8,0
1931,0.4,0.2,4,1,1600000,6.25e-07,1.390625,1.40625,1,1,1,2,0,0,0,0,0,6.8,10.8,0
1932,0.4,0.2,4,1,2000000,5e-07,2,2,2,2,2,2,0,0,0,0,0,6.8,10.8,0
1933,0.4,0.2,4,1,2500000,4e-07,2.515625,2.515625,2,2,2,3,0,0,0,0,0,6.8,10.8,0
1934,0.4,0.2,4,1,3200000,3.125e-07,3,3,3,3,3,3,0,0,0,0,0,6.8,10.8,1
1935,0.4,0.2,4,1,5000000,2e-07,5.015625,5.015625,5,5,5,6,1,1,1,1,1,6.8,10.8,1
1936,0.4,0.2,4,1,10000000,1e-07,10.015625,10.015625,10,10,10,11,1,1,1,1,1,6.8,10.8,1
1937,0.4,0.2,4,1.5,400000,2.5e-06,0.390625,0.40625,0,0,0,1,0,0,0,0,0,6.3,10.3,0
1938,0.4,0.2,4,1.5,600000,1.66666666666667e-06,0.8125,0.8125,0,0,0,1,0,0,0,0,0,6.3,10.3,0
1939,0.4,0.2,4,1.5,800000,1.25e-06,1,1,1,1,1,1,0,0,0,0,0,6.3,10.3,0
1940,0.4,0.2,4,1.5,1000000,1e-06,1.5,1.5,1,1,1,2,0,0,0,0,0,6.3,10.3,0
1941,0.4,0.2,4,1.5,1250000,8e-07,1.890625,1.890625,1,1,1,2,0,0,0,0,0,6.3,10.3,0
1942,0.4,0.2,4,1.5,1600000,6.25e-07,2.203125,2.203125,2,2,2,3,0,0,0,0,0,6.3,10.3,0
1943,0.4,0.2,4,1.5,2000000,5e-07,3,3,3,3,3,3,0,0,0,0,0,6.3,10.3,1
1944,0.4,0.2,4,1.5,2500000,4e-07,3.765625,3.765625,3,3,3,4,0.53125,1,0,0,1,6.3,10.3,1
1945,0.4,0.2,4,1.5,3200000,3.125e-07,4.609375,4.609375,4,4,4,5,1,1,1,1,1,6.3,10.3,1
1946,0.4,0.2,4,1.5,5000000,2e-07,7.515625,7.515625,7,7,7,8,1,1,1,1,1,6.3,10.3,1
1947,0.4,0.2,4,1.5,10000000,1e-07,15.015625,15.015625,15,15,15,16,1,1,1,1,1,6.3,10.3,1
1948,0.4,0.2,4,2,400000,2.5e-06,0.59375,0.609375,0,0,0,1,0,0,0,0,0,5.8,9.8,0
1949,0.4,0.2,4,2,600000,1.66666666666667e-06,1,1,1,1,1,1,0,0,0,0,0,5.8,9.8,0
1950,0.4,0.2,4,2,800000,1.25e-06,1.203125,1.203125,1,1,1,2,0,0,0,0,0,5.8,9.8,0
1951,0.4,0.2,4,2,1000000,1e-06,2,2,2,2,2,2,0,0,0,0,0,5.8,9.8,0
1952,0.4,0.2,4,2,1250000,8e-07,2.515625,2.515625,2,2,2,3,0,0,0,0,0,5.8,9.8,0
1953,0.4,0.2,4,2,1600000,6.25e-07,3,3,3,3,3,3,0,0,0,0,0,5.8,9.8,1
1954,0.4,0.2,4,2,2000000,5e-07,4,4,4,4,4,4,1,1,1,1,1,5.8,9.8,1
1955,0.4,0.2,4,2,2500000,4e-07,5.015625,5.015625,5,5,5,6,1,1,1,1,1,5.8,9.8,1
1956,0.4,0.2,4,2,3200000,3.125e-07,6,6,6,6,6,6,1,1,1,1,1,5.8,9.8,1
1957,0.4,0.2,4,2,5000000,2e-07,10.015625,10.015625,10,10,10,11,1,1,1,1,1,5.8,9.8,1
1958,0.4,0.2,4,2,10000000,1e-07,20.015625,20.015625,20,20,20,21,1,1,1,1,1,5.8,9.8,1
1959,0.4,0.2,4,2.5,400000,2.5e-06,1,1,1,1,1,1,0,0,0,0,0,5.3,9.3,0
1960,0.4,0.2,4,2.5,600000,1.66666666666667e-06,1.296875,1.296875,1,1,1,2,0,0,0,0,0,5.3,9.3,0
1961,0.4,0.2,4,2.5,800000,1.25e-06,2,2,2,2,2,2,0,0,0,0,0,5.3,9.3,0
1962,0.4,0.2,4,2.5,1000000,1e-06,2.5,2.5,2,2,2,3,0,0,0,0,0,5.3,9.3,0
1963,0.4,0.2,4,2.5,1250000,8e-07,3.140625,3.140625,3,3,3,3,0,0,0,0,0,5.3,9.3,1
1964,0.4,0.2,4,2.5,1600000,6.25e-07,4,4,4,4,4,4,1,1,1,1,1,5.3,9.3,1
1965,0.4,0.2,4,2.5,2000000,5e-07,5,5,5,5,5,5,1,1,1,1,1,5.3,9.3,1
1966,0.4,0.2,4,2.5,2500000,4e-07,6.265625,6.265625,6,6,6,7,1,1,1,1,1,5.3,9.3,1
1967,0.4,0.2,4,2.5,3200000,3.125e-07,8,8,8,8,8,8,1,1,1,1,1,5.3,9.3,1
1968,0.4,0.2,4,2.5,5000000,2e-07,12.515625,12.515625,12,12,12,13,1,1,1,1,1,5.3,9.3,1
1969,0.4,0.2,4,2.5,10000000,1e-07,25.015625,25.015625,25,25,25,26,1,1,1,1,1,5.3,9.3,1
1970,0.4,0.2,4,3,400000,2.5e-06,1,1,1,1,1,1,0,0,0,0,0,4.8,8.8,0
1971,0.4,0.2,4,3,600000,1.66666666666667e-06,1.59375,1.609375,1,1,1,2,0,0,0,0,0,4.8,8.8,0
1972,0.4,0.2,4,3,800000,1.25e-06,2,2,2,2,2,2,0,0,0,0,0,4.8,8.8,0
1973,0.4,0.2,4,3,1000000,1e-06,3,3,3,3,3,3,0,0,0,0,0,4.8,8.8,1
1974,0.4,0.2,4,3,1250000,8e-07,3.765625,3.765625,3,3,3,4,0.53125,1,0,0,1,4.8,8.8,1
1975,0.4,0.2,4,3,1600000,6.25e-07,4.59375,4.59375,4,4,4,5,1,1,1,1,1,4.8,8.8,1
1976,0.4,0.2,4,3,2000000,5e-07,6,6,6,6,6,6,1,1,1,1,1,4.8,8.8,1
1977,0.4,0.2,4,3,2500000,4e-07,7.515625,7.515625,7,7,7,8,1,1,1,1,1,4.8,8.8,1
1978,0.4,0.2,4,3,3200000,3.125e-07,9.203125,9.203125,9,9,9,10,1,1,1,1,1,4.8,8.8,1
1979,0.4,0.2,4,3,5000000,2e-07,15.015625,15.015625,15,15,15,16,1,1,1,1,1,4.8,8.8,1
1980,0.4,0.2,4,3,10000000,1e-07,30.015625,30.015625,30,30,30,31,1,1,1,1,1,4.8,8.8,1
1981,0.4,0.2,4,5,400000,2.5e-06,2,2,2,2,2,2,0,0,0,0,0,2.8,6.8,0
1982,0.4,0.2,4,5,600000,1.66666666666667e-06,3,3,3,3,3,3,0,0,0,0,0,2.8,6.8,1
1983,0.4,0.2,4,5,800000,1.25e-06,4,4,4,4,4,4,1,1,1,1,1,2.8,6.8,1
1984,0.4,0.2,4,5,1000000,1e-06,5,5,5,5,5,5,1,1,1,1,1,2.8,6.8,1
1985,0.4,0.2,4,5,1250000,8e-07,6.265625,6.265625,6,6,6,7,1,1,1,1,1,2.8,6.8,1
1986,0.4,0.2,4,5,1600000,6.25e-07,8,8,8,8,8,8,1,1,1,1,1,2.8,6.8,1
1987,0.4,0.2,4,5,2000000,5e-07,10,10,10,10,10,10,1,1,1,1,1,2.8,6.8,1
1988,0.4,0.2,4,5,2500000,4e-07,12.515625,12.515625,12,12,12,13,1,1,1,1,1,2.8,6.8,1
1989,0.4,0.2,4,5,3200000,3.125e-07,16,16,16,16,16,16,1,1,1,1,1,2.8,6.8,1
1990,0.4,0.2,4,5,5000000,2e-07,25.015625,25.015625,25,25,25,26,1,1,1,1,1,2.8,6.8,1
1991,0.4,0.2,4,5,10000000,1e-07,50.015625,50.015625,50,50,50,51,1,1,1,1,1,2.8,6.8,1
1992,0.4,0.2,4,6,400000,2.5e-06,2.1875,2.203125,2,2,2,2,0,0,0,0,0,1.8,5.8,0
1993,0.4,0.2,4,6,600000,1.66666666666667e-06,3.40625,3.40625,3,3,3,4,0.25,0,0,0,1,1.8,5.8,1
1994,0.4,0.2,4,6,800000,1.25e-06,4.59375,4.609375,4,4,4,5,1,1,1,1,1,1.8,5.8,1
1995,0.4,0.2,4,6,1000000,1e-06,6,6,6,6,6,6,1,1,1,1,1,1.8,5.8,1
1996,0.4,0.2,4,6,1250000,8e-07,7.515625,7.515625,7,7,7,8,1,1,1,1,1,1.8,5.8,1
1997,0.4,0.2,4,6,1600000,6.25e-07,9.390625,9.40625,9,9,9,10,1,1,1,1,1,1.8,5.8,1
1998,0.4,0.2,4,6,2000000,5e-07,12,12,12,12,12,12,1,1,1,1,1,1.8,5.8,1
1999,0.4,0.2,4,6,2500000,4e-07,15.015625,15.015625,15,15,15,16,1,1,1,1,1,1.8,5.8,1
2000,0.4,0.2,4,6,3200000,3.125e-07,19,19,19,19,19,19,1,1,1,1,1,1.8,5.8,1
2001,0.4,0.2,4,6,5000000,2e-07,30.015625,30.015625,30,30,30,31,1,1,1,1,1,1.8,5.8,1
2002,0.4,0.2,4,6,10000000,1e-07,60.015625,60.015625,60,60,60,61,1,1,1,1,1,1.8,5.8,1
2003,0.4,0.2,5,1,400000,2.5e-06,0.1875,0.203125,0,0,0,0,0,0,0,0,0,6.8,10.8,0
2004,0.4,0.2,5,1,600000,1.66666666666667e-06,0.40625,0.40625,0,0,0,1,0,0,0,0,0,6.8,10.8,0
2005,0.4,0.2,5,1,800000,1.25e-06,0.59375,0.609375,0,0,0,1,0,0,0,0,0,6.8,10.8,0
2006,0.4,0.2,5,1,1000000,1e-06,1,1,1,1,1,1,0,0,0,0,0,6.8,10.8,0
2007,0.4,0.2,5,1,1250000,8e-07,1.265625,1.265625,1,1,1,2,0,0,0,0,0,6.8,10.8,0
2008,0.4,0.2,5,1,1600000,6.25e-07,1.390625,1.40625,1,1,1,2,0,0,0,0,0,6.8,10.8,0
2009,0.4,0.2,5,1,2000000,5e-07,2,2,2,2,2,2,0,0,0,0,0,6.8,10.8,0
2010,0.4,0.2,5,1,2500000,4e-07,2.515625,2.515625,2,2,2,3,0,0,0,0,0,6.8,10.8,0
2011,0.4,0.2,5,1,3200000,3.125e-07,3,3,3,3,3,3,0,0,0,0,0,6.8,10.8,0
2012,0.4,0.2,5,1,5000000,2e-07,5.015625,5.015625,5,5,5,6,1,1,1,1,1,6.8,10.8,1
2013,0.4,0.2,5,1,10000000,1e-07,10.015625,10.015625,10,10,10,11,1,1,1,1,1,6.8,10.8,1
2014,0.4,0.2,5,1.5,400000,2.5e-06,0.390625,0.40625,0,0,0,1,0,0,0,0,0,6.3,10.3,0
2015,0.4,0.2,5,1.5,600000,1.66666666666667e-06,0.8125,0.8125,0,0,0,1,0,0,0,0,0,6.3,10.3,0
2016,0.4,0.2,5,1.5,800000,1.25e-06,1,1,1,1,1,1,0,0,0,0,0,6.3,10.3,0
2017,0.4,0.2,5,1.5,1000000,1e-06,1.5,1.5,1,1,1,2,0,0,0,0,0,6.3,10.3,0
2018,0.4,0.2,5,1.5,1250000,8e-07,1.890625,1.890625,1,1,1,2,0,0,0,0,0,6.3,10.3,0
2019,0.4,0.2,5,1.5,1600000,6.25e-07,2.203125,2.203125,2,2,2,3,0,0,0,0,0,6.3,10.3,0
2020,0.4,0.2,5,1.5,2000000,5e-07,3,3,3,3,3,3,0,0,0,0,0,6.3,10.3,0
2021,0.4,0.2,5,1.5,2500000,4e-07,3.765625,3.765625,3,3,3,4,0,0,0,0,0,6.3,10.3,0
2022,0.4,0.2,5,1.5,3200000,3.125e-07,4.609375,4.609375,4,4,4,5,0.453125,0,0,0,1,6.3,10.3,1
2023,0.4,0.2,5,1.5,5000000,2e-07,7.515625,7.515625,7,7,7,8,1,1,1,1,1,6.3,10.3,1
2024,0.4,0.2,5,1.5,10000000,1e-07,15.015625,15.015625,15,15,15,16,1,1,1,1,1,6.3,10.3,1
2025,0.4,0.2,5,2,400000,2.5e-06,0.59375,0.609375,0,0,0,1,0,0,0,0,0,5.8,9.8,0
2026,0.4,0.2,5,2,600000,1.66666666666667e-06,1,1,1,1,1,1,0,0,0,0,0,5.8,9.8,0
2027,0.4,0.2,5,2,800000,1.25e-06,1.203125,1.203125,1,1,1,2,0,0,0,0,0,5.8,9.8,0
2028,0.4,0.2,5,2,1000000,1e-06,2,2,2,2,2,2,0,0,0,0,0,5.8,9.8,0
2029,0.4,0.2,5,2,1250000,8e-07,2.515625,2.515625,2,2,2,3,0,0,0,0,0,5.8,9.8,0
2030,0.4,0.2,5,2,1600000,6.25e-07,3,3,3,3,3,3,0,0,0,0,0,5.8,9.8,0
2031,0.4,0.2,5,2,2000000,5e-07,4,4,4,4,4,4,0,0,0,0,0,5.8,9.8,1
2032,0.4,0.2,5,2,2500000,4e-07,5.015625,5.015625,5,5,5,6,1,1,1,1,1,5.8,9.8,1
2033,0.4,0.2,5,2,3200000,3.125e-07,6,6,6,6,6,6,1,1,1,1,1,5.8,9.8,1
2034,0.4,0.2,5,2,5000000,2e-07,10.015625,10.015625,10,10,10,11,1,1,1,1,1,5.8,9.8,1
2035,0.4,0.2,5,2,10000000,1e-07,20.015625,20.015625,20,20,20,21,1,1,1,1,1,5.8,9.8,1
2036,0.4,0.2,5,2.5,400000,2.5e-06,1,1,1,1,1,1,0,0,0,0,0,5.3,9.3,0
2037,0.4,0.2,5,2.5,600000,1.66666666666667e-06,1.296875,1.296875,1,1,1,2,0,0,0,0,0,5.3,9.3,0
2038,0.4,0.2,5,2.5,800000,1.25e-06,2,2,2,2,2,2,0,0,0,0,0,5.3,9.3,0
2039,0.4,0.2,5,2.5,1000000,1e-06,2.5,2.5,2,2,2,3,0,0,0,0,0,5.3,9.3,0
2040,0.4,0.2,5,2.5,1250000,8e-07,3.140625,3.140625,3,3,3,3,0,0,0,0,0,5.3,9.3,0
2041,0.4,0.2,5,2.5,1600000,6.25e-07,4,4,4,4,4,4,0,0,0,0,0,5.3,9.3,1
2042,0.4,0.2,5,2.5,2000000,5e-07,5,5,5,5,5,5,1,1,1,1,1,5.3,9.3,1
2043,0.4,0.2,5,2.5,2500000,4e-07,6.265625,6.265625,6,6,6,7,1,1,1,1,1,5.3,9.3,1
2044,0.4,0.2,5,2.5,3200000,3.125e-07,8,8,8,8,8,8,1,1,1,1,1,5.3,9.3,1
2045,0.4,0.2,5,2.5,5000000,2e-07,12.515625,12.515625,12,12,12,13,1,1,1,1,1,5.3,9.3,1
2046,0.4,0.2,5,2.5,10000000,1e-07,25.015625,25.015625,25,25,25,26,1,1,1,1,1,5.3,9.3,1
2047,0.4,0.2,5,3,400000,2.5e-06,1,1,1,1,1,1,0,0,0,0,0,4.8,8.8,0
2048,0.4,0.2,5,3,600000,1.66666666666667e-06,1.59375,1.609375,1,1,1,2,0,0,0,0,0,4.8,8.8,0
2049,0.4,0.2,5,3,800000,1.25e-06,2,2,2,2,2,2,0,0,0,0,0,4.8,8.8,0
2050,0.4,0.2,5,3,1000000,1e-06,3,3,3,3,3,3,0,0,0,0,0,4.8,8.8,0
2051,0.4,0.2,5,3,1250000,8e-07,3.765625,3.765625,3,3,3,4,0,0,0,0,0,4.8,8.8,0
2052,0.4,0.2,5,3,1600000,6.25e-07,4.59375,4.59375,4,4,4,5,0.1875,0,0,0,1,4.8,8.8,1
2053,0.4,0.2,5,3,2000000,5e-07,6,6,6,6,6,6,1,1,1,1,1,4.8,8.8,1
2054,0.4,0.2,5,3,2500000,4e-07,7.515625,7.515625,7,7,7,8,1,1,1,1,1,4.8,8.8,1
2055,0.4,0.2,5,3,3200000,3.125e-07,9.203125,9.203125,9,9,9,10,1,1,1,1,1,4.8,8.8,1
2056,0.4,0.2,5,3,5000000,2e-07,15.015625,15.015625,15,15,15,16,1,1,1,1,1,4.8,8.8,1
2057,0.4,0.2,5,3,10000000,1e-07,30.015625,30.015625,30,30,30,31,1,1,1,1,1,4.8,8.8,1
2058,0.4,0.2,5,5,400000,2.5e-06,2,2,2,2,2,2,0,0,0,0,0,2.8,6.8,0
2059,0.4,0.2,5,5,600000,1.66666666666667e-06,3,3,3,3,3,3,0,0,0,0,0,2.8,6.8,0
2060,0.4,0.2,5,5,800000,1.25e-06,4,4,4,4,4,4,0,0,0,0,0,2.8,6.8,1
2061,0.4,0.2,5,5,1000000,1e-06,5,5,5,5,5,5,1,1,1,1,1,2.8,6.8,1
2062,0.4,0.2,5,5,1250000,8e-07,6.265625,6.265625,6,6,6,7,1,1,1,1,1,2.8,6.8,1
2063,0.4,0.2,5,5,1600000,6.25e-07,8,8,8,8,8,8,1,1,1,1,1,2.8,6.8,1
2064,0.4,0.2,5,5,2000000,5e-07,10,10,10,10,10,10,1,1,1,1,1,2.8,6.8,1
2065,0.4,0.2,5,5,2500000,4e-07,12.515625,12.515625,12,12,12,13,1,1,1,1,1,2.8,6.8,1
2066,0.4,0.2,5,5,3200000,3.125e-07,16,16,16,16,16,16,1,1,1,1,1,2.8,6.8,1
2067,0.4,0.2,5,5,5000000,2e-07,25.015625,25.015625,25,25,25,26,1,1,1,1,1,2.8,6.8,1
2068,0.4,0.2,5,5,10000000,1e-07,50.015625,50.015625,50,50,50,51,1,1,1,1,1,2.8,6.8,1
2069,0.4,0.2,5,6,400000,2.5e-06,2.1875,2.203125,2,2,2,2,0,0,0,0,0,1.8,5.8,0
2070,0.4,0.2,5,6,600000,1.66666666666667e-06,3.40625,3.40625,3,3,3,4,0,0,0,0,0,1.8,5.8,0
2071,0.4,0.2,5,6,800000,1.25e-06,4.59375,4.609375,4,4,4,5,0.359375,0,0,0,1,1.8,5.8,1
2072,0.4,0.2,5,6,1000000,1e-06,6,6,6,6,6,6,1,1,1,1,1,1.8,5.8,1
2073,0.4,0.2,5,6,1250000,8e-07,7.515625,7.515625,7,7,7,8,1,1,1,1,1,1.8,5.8,1
2074,0.4,0.2,5,6,1600000,6.25e-07,9.390625,9.40625,9,9,9,10,1,1,1,1,1,1.8,5.8,1
2075,0.4,0.2,5,6,2000000,5e-07,12,12,12,12,12,12,1,1,1,1,1,1.8,5.8,1
2076,0.4,0.2,5,6,2500000,4e-07,15.015625,15.015625,15,15,15,16,1,1,1,1,1,1.8,5.8,1
2077,0.4,0.2,5,6,3200000,3.125e-07,19,19,19,19,19,19,1,1,1,1,1,1.8,5.8,1
2078,0.4,0.2,5,6,5000000,2e-07,30.015625,30.015625,30,30,30,31,1,1,1,1,1,1.8,5.8,1
2079,0.4,0.2,5,6,10000000,1e-07,60.015625,60.015625,60,60,60,61,1,1,1,1,1,1.8,5.8,1
2080,0.4,0.2,6,1,400000,2.5e-06,0.1875,0.203125,0,0,0,0,0,0,0,0,0,6.8,10.8,0
2081,0.4,0.2,6,1,600000,1.66666666666667e-06,0.40625,0.40625,0,0,0,1,0,0,0,0,0,6.8,10.8,0
2082,0.4,0.2,6,1,800000,1.25e-06,0.59375,0.609375,0,0,0,1,0,0,0,0,0,6.8,10.8,0
2083,0.4,0.2,6,1,1000000,1e-06,1,1,1,1,1,1,0,0,0,0,0,6.8,10.8,0
2084,0.4,0.2,6,1,1250000,8e-07,1.265625,1.265625,1,1,1,2,0,0,0,0,0,6.8,10.8,0
2085,0.4,0.2,6,1,1600000,6.25e-07,1.390625,1.40625,1,1,1,2,0,0,0,0,0,6.8,10.8,0
2086,0.4,0.2,6,1,2000000,5e-07,2,2,2,2,2,2,0,0,0,0,0,6.8,10.8,0
2087,0.4,0.2,6,1,2500000,4e-07,2.515625,2.515625,2,2,2,3,0,0,0,0,0,6.8,10.8,0
2088,0.4,0.2,6,1,3200000,3.125e-07,3,3,3,3,3,3,0,0,0,0,0,6.8,10.8,0
2089,0.4,0.2,6,1,5000000,2e-07,5.015625,5.015625,5,5,5,6,0.015625,0,0,0,1,6.8,10.8,1
2090,0.4,0.2,6,1,10000000,1e-07,10.015625,10.015625,10,10,10,11,1,1,1,1,1,6.8,10.8,1
2091,0.4,0.2,6,1.5,400000,2.5e-06,0.390625,0.40625,0,0,0,1,0,0,0,0,0,6.3,10.3,0
2092,0.4,0.2,6,1.5,600000,1.66666666666667e-06,0.8125,0.8125,0,0,0,1,0,0,0,0,0,6.3,10.3,0
2093,0.4,0.2,6,1.5,800000,1.25e-06,1,1,1,1,1,1,0,0,0,0,0,6.3,10.3,0
2094,0.4,0.2,6,1.5,1000000,1e-06,1.5,1.5,1,1,1,2,0,0,0,0,0,6.3,10.3,0
2095,0.4,0.2,6,1.5,1250000,8e-07,1.890625,1.890625,1,1,1,2,0,0,0,0,0,6.3,10.3,0
2096,0.4,0.2,6,1.5,1600000,6.25e-07,2.203125,2.203125,2,2,2,3,0,0,0,0,0,6.3,10.3,0
2097,0.4,0.2,6,1.5,2000000,5e-07,3,3,3,3,3,3,0,0,0,0,0,6.3,10.3,0
2098,0.4,0.2,6,1.5,2500000,4e-07,3.765625,3.765625,3,3,3,4,0,0,0,0,0,6.3,10.3,0
2099,0.4,0.2,6,1.5,3200000,3.125e-07,4.609375,4.609375,4,4,4,5,0,0,0,0,0,6.3,10.3,0
2100,0.4,0.2,6,1.5,5000000,2e-07,7.515625,7.515625,7,7,7,8,1,1,1,1,1,6.3,10.3,1
2101,0.4,0.2,6,1.5,10000000,1e-07,15.015625,15.015625,15,15,15,16,1,1,1,1,1,6.3,10.3,1
2102,0.4,0.2,6,2,400000,2.5e-06,0.59375,0.609375,0,0,0,1,0,0,0,0,0,5.8,9.8,0
2103,0.4,0.2,6,2,600000,1.66666666666667e-06,1,1,1,1,1,1,0,0,0,0,0,5.8,9.8,0
2104,0.4,0.2,6,2,800000,1.25e-06,1.203125,1.203125,1,1,1,2,0,0,0,0,0,5.8,9.8,0
2105,0.4,0.2,6,2,1000000,1e-06,2,2,2,2,2,2,0,0,0,0,0,5.8,9.8,0
2106,0.4,0.2,6,2,1250000,8e-07,2.515625,2.515625,2,2,2,3,0,0,0,0,0,5.8,9.8,0
2107,0.4,0.2,6,2,1600000,6.25e-07,3,3,3,3,3,3,0,0,0,0,0,5.8,9.8,0
2108,0.4,0.2,6,2,2000000,5e-07,4,4,4,4,4,4,0,0,0,0,0,5.8,9.8,0
2109,0.4,0.2,6,2,2500000,4e-07,5.015625,5.015625,5,5,5,6,0.015625,0,0,0,1,5.8,9.8,1
2110,0.4,0.2,6,2,3200000,3.125e-07,6,6,6,6,6,6,1,1,1,1,1,5.8,9.8,1
2111,0.4,0.2,6,2,5000000,2e-07,10.015625,10.015625,10,10,10,11,1,1,1,1,1,5.8,9.8,1
2112,0.4,0.2,6,2,10000000,1e-07,20.015625,20.015625,20,20,20,21,1,1,1,1,1,5.8,9.8,1
2113,0.4,0.2,6,2.5,400000,2.5e-06,1,1,1,1,1,1,0,0,0,0,0,5.3,9.3,0
2114,0.4,0.2,6,2.5,600000,1.66666666666667e-06,1.296875,1.296875,1,1,1,2,0,0,0,0,0,5.3,9.3,0
2115,0.4,0.2,6,2.5,800000,1.25e-06,2,2,2,2,2,2,0,0,0,0,0,5.3,9.3,0
2116,0.4,0.2,6,2.5,1000000,1e-06,2.5,2.5,2,2,2,3,0,0,0,0,0,5.3,9.3,0
2117,0.4,0.2,6,2.5,1250000,8e-07,3.140625,3.140625,3,3,3,3,0,0,0,0,0,5.3,9.3,0
2118,0.4,0.2,6,2.5,1600000,6.25e-07,4,4,4,4,4,4,0,0,0,0,0,5.3,9.3,0
2119,0.4,0.2,6,2.5,2000000,5e-07,5,5,5,5,5,5,0,0,0,0,0,5.3,9.3,1
2120,0.4,0.2,6,2.5,2500000,4e-07,6.265625,6.265625,6,6,6,7,1,1,1,1,1,5.3,9.3,1
2121,0.4,0.2,6,2.5,3200000,3.125e-07,8,8,8,8,8,8,1,1,1,1,1,5.3,9.3,1
2122,0.4,0.2,6,2.5,5000000,2e-07,12.515625,12.515625,12,12,12,13,1,1,1,1,1,5.3,9.3,1
2123,0.4,0.2,6,2.5,10000000,1e-07,25.015625,25.015625,25,25,25,26,1,1,1,1,1,5.3,9.3,1
2124,0.4,0.2,6,3,400000,2.5e-06,1,1,1,1,1,1,0,0,0,0,0,4.8,8.8,0
2125,0.4,0.2,6,3,600000,1.66666666666667e-06,1.59375,1.609375,1,1,1,2,0,0,0,0,0,4.8,8.8,0
2126,0.4,0.2,6,3,800000,1.25e-06,2,2,2,2,2,2,0,0,0,0,0,4.8,8.8,0
2127,0.4,0.2,6,3,1000000,1e-06,3,3,3,3,3,3,0,0,0,0,0,4.8,8.8,0
2128,0.4,0.2,6,3,1250000,8e-07,3.765625,3.765625,3,3,3,4,0,0,0,0,0,4.8,8.8,0
2129,0.4,0.2,6,3,1600000,6.25e-07,4.59375,4.59375,4,4,4,5,0,0,0,0,0,4.8,8.8,0
2130,0.4,0.2,6,3,2000000,5e-07,6,6,6,6,6,6,1,1,1,1,1,4.8,8.8,1
2131,0.4,0.2,6,3,2500000,4e-07,7.515625,7.515625,7,7,7,8,1,1,1,1,1,4.8,8.8,1
2132,0.4,0.2,6,3,3200000,3.125e-07,9.203125,9.203125,9,9,9,10,1,1,1,1,1,4.8,8.8,1
2133,0.4,0.2,6,3,5000000,2e-07,15.015625,15.015625,15,15,15,16,1,1,1,1,1,4.8,8.8,1
2134,0.4,0.2,6,3,10000000,1e-07,30.015625,30.015625,30,30,30,31,1,1,1,1,1,4.8,8.8,1
2135,0.4,0.2,6,5,400000,2.5e-06,2,2,2,2,2,2,0,0,0,0,0,2.8,6.8,0
2136,0.4,0.2,6,5,600000,1.66666666666667e-06,3,3,3,3,3,3,0,0,0,0,0,2.8,6.8,0
2137,0.4,0.2,6,5,800000,1.25e-06,4,4,4,4,4,4,0,0,0,0,0,2.8,6.8,0
2138,0.4,0.2,6,5,1000000,1e-06,5,5,5,5,5,5,0,0,0,0,0,2.8,6.8,1
2139,0.4,0.2,6,5,1250000,8e-07,6.265625,6.265625,6,6,6,7,1,1,1,1,1,2.8,6.8,1
2140,0.4,0.2,6,5,1600000,6.25e-07,8,8,8,8,8,8,1,1,1,1,1,2.8,6.8,1
2141,0.4,0.2,6,5,2000000,5e-07,10,10,10,10,10,10,1,1,1,1,1,2.8,6.8,1
2142,0.4,0.2,6,5,2500000,4e-07,12.515625,12.515625,12,12,12,13,1,1,1,1,1,2.8,6.8,1
2143,0.4,0.2,6,5,3200000,3.125e-07,16,16,16,16,16,16,1,1,1,1,1,2.8,6.8,1
2144,0.4,0.2,6,5,5000000,2e-07,25.015625,25.015625,25,25,25,26,1,1,1,1,1,2.8,6.8,1
2145,0.4,0.2,6,5,10000000,1e-07,50.015625,50.015625,50,50,50,51,1,1,1,1,1,2.8,6.8,1
2146,0.4,0.2,6,6,400000,2.5e-06,2.1875,2.203125,2,2,2,2,0,0,0,0,0,1.8,5.8,0
2147,0.4,0.2,6,6,600000,1.66666666666667e-06,3.40625,3.40625,3,3,3,4,0,0,0,0,0,1.8,5.8,0
2148,0.4,0.2,6,6,800000,1.25e-06,4.59375,4.609375,4,4,4,5,0,0,0,0,0,1.8,5.8,0
2149,0.4,0.2,6,6,1000000,1e-06,6,6,6,6,6,6,1,1,1,1,1,1.8,5.8,1
2150,0.4,0.2,6,6,1250000,8e-07,7.515625,7.515625,7,7,7,8,1,1,1,1,1,1.8,5.8,1
2151,0.4,0.2,6,6,1600000,6.25e-07,9.390625,9.40625,9,9,9,10,1,1,1,1,1,1.8,5.8,1
2152,0.4,0.2,6,6,2000000,5e-07,12,12,12,12,12,12,1,1,1,1,1,1.8,5.8,1
2153,0.4,0.2,6,6,2500000,4e-07,15.015625,15.015625,15,15,15,16,1,1,1,1,1,1.8,5.8,1
2154,0.4,0.2,6,6,3200000,3.125e-07,19,19,19,19,19,19,1,1,1,1,1,1.8,5.8,1
2155,0.4,0.2,6,6,5000000,2e-07,30.015625,30.015625,30,30,30,31,1,1,1,1,1,1.8,5.8,1
2156,0.4,0.2,6,6,10000000,1e-07,60.015625,60.015625,60,60,60,61,1,1,1,1,1,1.8,5.8,1
2157,0.4,0.5,3,1,400000,2.5e-06,0.203125,0.203125,0,0,0,0,0,0,0,0,0,6.5,10.5,0
2158,0.4,0.5,3,1,600000,1.66666666666667e-06,0.40625,0.390625,0,0,0,1,0,0,0,0,0,6.5,10.5,0
2159,0.4,0.5,3,1,800000,1.25e-06,0.609375,0.59375,0,0,0,1,0,0,0,0,0,6.5,10.5,0
2160,0.4,0.5,3,1,1000000,1e-06,1.015625,1.015625,1,1,1,2,0,0,0,0,0,6.5,10.5,0
2161,0.4,0.5,3,1,1250000,8e-07,1.265625,1.265625,1,1,1,1,0,0,0,0,0,6.5,10.5,0
2162,0.4,0.5,3,1,1600000,6.25e-07,1.40625,1.390625,1,1,1,2,0,0,0,0,0,6.5,10.5,0
2163,0.4,0.5,3,1,2000000,5e-07,2.015625,2.015625,2,2,2,3,0.015625,0,0,0,1,6.5,10.5,1
2164,0.4,0.5,3,1,2500000,4e-07,2.515625,2.515625,2,2,2,3,0.515625,1,0,0,1,6.5,10.5,1
2165,0.4,0.5,3,1,3200000,3.125e-07,3,3,3,3,3,3,1,1,1,1,1,6.5,10.5,1
2166,0.4,0.5,3,1,5000000,2e-07,5.015625,5.015625,5,5,5,6,1,1,1,1,1,6.5,10.5,1
2167,0.4,0.5,3,1,10000000,1e-07,10.015625,10.015625,10,10,10,11,1,1,1,1,1,6.5,10.5,1
2168,0.4,0.5,3,1.5,400000,2.5e-06,0.40625,0.40625,0,0,0,1,0,0,0,0,0,6,10,0
2169,0.4,0.5,3,1.5,600000,1.66666666666667e-06,0.796875,0.796875,0,0,0,1,0,0,0,0,0,6,10,0
2170,0.4,0.5,3,1.5,800000,1.25e-06,1,1,1,1,1,1,0,0,0,0,0,6,10,0
2171,0.4,0.5,3,1.5,1000000,1e-06,1.515625,1.515625,1,1,1,2,0,0,0,0,0,6,10,0
2172,0.4,0.5,3,1.5,1250000,8e-07,1.890625,1.890625,1,1,1,2,0,0,0,0,0,6,10,0
2173,0.4,0.5,3,1.5,1600000,6.25e-07,2.203125,2.203125,2,2,2,3,0.203125,0,0,0,1,6,10,1
2174,0.4,0.5,3,1.5,2000000,5e-07,3.015625,3.015625,3,3,3,4,1,1,1,1,1,6,10,1
2175,0.4,0.5,3,1.5,2500000,4e-07,3.765625,3.765625,3,3,3,4,1,1,1,1,1,6,10,1
2176,0.4,0.5,3,1.5,3200000,3.125e-07,4.609375,4.609375,4,4,4,5,1,1,1,1,1,6,10,1
2177,0.4,0.5,3,1.5,5000000,2e-07,7.515625,7.515625,7,7,7,8,1,1,1,1,1,6,10,1
2178,0.4,0.5,3,1.5,10000000,1e-07,15.015625,15.015625,15,15,15,16,1,1,1,1,1,6,10,1
2179,0.4,0.5,3,2,400000,2.5e-06,0.625,0.609375,0,0,0,1,0,0,0,0,0,5.5,9.5,0
2180,0.4,0.5,3,2,600000,1.66666666666667e-06,1.015625,1,1,1,1,1,0,0,0,0,0,5.5,9.5,0
2181,0.4,0.5,3,2,800000,1.25e-06,1.21875,1.203125,1,1,1,2,0,0,0,0,0,5.5,9.5,0
2182,0.4,0.5,3,2,1000000,1e-06,2.015625,2.015625,2,2,2,3,0.015625,0,0,0,1,5.5,9.5,1
2183,0.4,0.5,3,2,1250000,8e-07,2.515625,2.515625,2,2,2,3,0.265625,0,0,0,1,5.5,9.5,1
2184,0.4,0.5,3,2,1600000,6.25e-07,3.015625,3,3,3,3,3,1,1,1,1,1,5.5,9.5,1
2185,0.4,0.5,3,2,2000000,5e-07,4.015625,4.015625,4,4,4,5,1,1,1,1,1,5.5,9.5,1
2186,0.4,0.5,3,2,2500000,4e-07,5.015625,5.015625,5,5,5,5,1,1,1,1,1,5.5,9.5,1
2187,0.4,0.5,3,2,3200000,3.125e-07,6.015625,6,6,6,6,6,1,1,1,1,1,5.5,9.5,1
2188,0.4,0.5,3,2,5000000,2e-07,10.015625,10.015625,10,10,10,11,1,1,1,1,1,5.5,9.5,1
2189,0.4,0.5,3,2,10000000,1e-07,20.015625,20.015625,20,20,20,21,1,1,1,1,1,5.5,9.5,1
2190,0.4,0.5,3,2.5,400000,2.5e-06,1,1,1,1,1,1,0,0,0,0,0,5,9,0
2191,0.4,0.5,3,2.5,600000,1.66666666666667e-06,1.3125,1.296875,1,1,1,2,0,0,0,0,0,5,9,0
2192,0.4,0.5,3,2.5,800000,1.25e-06,2,2,2,2,2,2,0,0,0,0,0,5,9,1
2193,0.4,0.5,3,2.5,1000000,1e-06,2.515625,2.515625,2,2,2,3,0.03125,0,0,0,1,5,9,1
2194,0.4,0.5,3,2.5,1250000,8e-07,3.140625,3.140625,3,3,3,3,1,1,1,1,1,5,9,1
2195,0.4,0.5,3,2.5,1600000,6.25e-07,4,4,4,4,4,4,1,1,1,1,1,5,9,1
2196,0.4,0.5,3,2.5,2000000,5e-07,5.015625,5.015625,5,5,5,6,1,1,1,1,1,5,9,1
2197,0.4,0.5,3,2.5,2500000,4e-07,6.265625,6.265625,6,6,6,7,1,1,1,1,1,5,9,1
2198,0.4,0.5,3,2.5,3200000,3.125e-07,8,8,8,8,8,8,1,1,1,1,1,5,9,1
2199,0.4,0.5,3,2.5,5000000,2e-07,12.515625,12.515625,12,12,12,13,1,1,1,1,1,5,9,1
2200,0.4,0.5,3,2.5,10000000,1e-07,25.015625,25.015625,25,25,25,26,1,1,1,1,1,5,9,1
2201,0.4,0.5,3,3,400000,2.5e-06,1,1,1,1,1,1,0,0,0,0,0,4.5,8.5,0
2202,0.4,0.5,3,3,600000,1.66666666666667e-06,1.609375,1.59375,1,1,1,2,0,0,0,0,0,4.5,8.5,0
2203,0.4,0.5,3,3,800000,1.25e-06,2,2,2,2,2,2,0,0,0,0,0,4.5,8.5,1
2204,0.4,0.5,3,3,1000000,1e-06,3.015625,3.015625,3,3,3,4,1,1,1,1,1,4.5,8.5,1
2205,0.4,0.5,3,3,1250000,8e-07,3.765625,3.765625,3,3,3,4,1,1,1,1,1,4.5,8.5,1
2206,0.4,0.5,3,3,1600000,6.25e-07,4.609375,4.59375,4,4,4,5,1,1,1,1,1,4.5,8.5,1
2207,0.4,0.5,3,3,2000000,5e-07,6.015625,6.015625,6,6,6,7,1,1,1,1,1,4.5,8.5,1
2208,0.4,0.5,3,3,2500000,4e-07,7.515625,7.515625,7,7,7,8,1,1,1,1,1,4.5,8.5,1
2209,0.4,0.5,3,3,3200000,3.125e-07,9.203125,9.203125,9,9,9,9,1,1,1,1,1,4.5,8.5,1
2210,0.4,0.5,3,3,5000000,2e-07,15.015625,15.015625,15,15,15,16,1,1,1,1,1,4.5,8.5,1
2211,0.4,0.5,3,3,10000000,1e-07,30.015625,30.015625,30,30,30,31,1,1,1,1,1,4.5,8.5,1
2212,0.4,0.5,3,5,400000,2.5e-06,2,2,2,2,2,2,0,0,0,0,0,2.5,6.5,1
2213,0.4,0.5,3,5,600000,1.66666666666667e-06,3,3,3,3,3,3,1,1,1,1,1,2.5,6.5,1
2214,0.4,0.5,3,5,800000,1.25e-06,4,4,4,4,4,4,1,1,1,1,1,2.5,6.5,1
2215,0.4,0.5,3,5,1000000,1e-06,5.015625,5.015625,5,5,5,6,1,1,1,1,1,2.5,6.5,1
2216,0.4,0.5,3,5,1250000,8e-07,6.265625,6.265625,6,6,6,6,1,1,1,1,1,2.5,6.5,1
2217,0.4,0.5,3,5,1600000,6.25e-07,8,8,8,8,8,8,1,1,1,1,1,2.5,6.5,1
2218,0.4,0.5,3,5,2000000,5e-07,10.015625,10.015625,10,10,10,11,1,1,1,1,1,2.5,6.5,1
2219,0.4,0.5,3,5,2500000,4e-07,12.515625,12.515625,12,12,12,13,1,1,1,1,1,2.5,6.5,1
2220,0.4,0.5,3,5,3200000,3.125e-07,16,16,16,16,16,16,1,1,1,1,1,2.5,6.5,1
2221,0.4,0.5,3,5,5000000,2e-07,25.015625,25.015625,25,25,25,26,1,1,1,1,1,2.5,6.5,1
2222,0.4,0.5,3,5,10000000,1e-07,50.015625,50.015625,50,50,50,51,1,1,1,1,1,2.5,6.5,1
2223,0.4,0.5,3,6,400000,2.5e-06,2.203125,2.203125,2,2,2,2,0,0,0,0,0,1.5,5.5,1
2224,0.4,0.5,3,6,600000,1.66666666666667e-06,3.40625,3.390625,3,3,3,4,1,1,1,1,1,1.5,5.5,1
2225,0.4,0.5,3,6,800000,1.25e-06,4.609375,4.59375,4,4,4,5,1,1,1,1,1,1.5,5.5,1
2226,0.4,0.5,3,6,1000000,1e-06,6.015625,6.015625,6,6,6,7,1,1,1,1,1,1.5,5.5,1
2227,0.4,0.5,3,6,1250000,8e-07,7.515625,7.515625,7,7,7,8,1,1,1,1,1,1.5,5.5,1
2228,0.4,0.5,3,6,1600000,6.25e-07,9.40625,9.390625,9,9,9,10,1,1,1,1,1,1.5,5.5,1
2229,0.4,0.5,3,6,2000000,5e-07,12.015625,12.015625,12,12,12,13,1,1,1,1,1,1.5,5.5,1
2230,0.4,0.5,3,6,2500000,4e-07,15.015625,15.015625,15,15,15,15,1,1,1,1,1,1.5,5.5,1
2231,0.4,0.5,3,6,3200000,3.125e-07,19,19,19,19,19,19,1,1,1,1,1,1.5,5.5,1
2232,0.4,0.5,3,6,5000000,2e-07,30.015625,30.015625,30,30,30,31,1,1,1,1,1,1.5,5.5,1
2233,0.4,0.5,3,6,10000000,1e-07,60.015625,60.015625,60,60,60,61,1,1,1,1,1,1.5,5.5,1
2234,0.4,0.5,4,1,400000,2.5e-06,0.203125,0.203125,0,0,0,0,0,0,0,0,0,6.5,10.5,0
2235,0.4,0.5,4,1,600000,1.66666666666667e-06,0.40625,0.390625,0,0,0,1,0,0,0,0,0,6.5,10.5,0
2236,0.4,0.5,4,1,800000,1.25e-06,0.609375,0.59375,0,0,0,1,0,0,0,0,0,6.5,10.5,0
2237,0.4,0.5,4,1,1000000,1e-06,1.015625,1.015625,1,1,1,2,0,0,0,0,0,6.5,10.5,0
2238,0.4,0.5,4,1,1250000,8e-07,1.265625,1.265625,1,1,1,1,0,0,0,0,0,6.5,10.5,0
2239,0.4,0.5,4,1,1600000,6.25e-07,1.40625,1.390625,1,1,1,2,0,0,0,0,0,6.5,10.5,0
2240,0.4,0.5,4,1,2000000,5e-07,2.015625,2.015625,2,2,2,3,0,0,0,0,0,6.5,10.5,0
2241,0.4,0.5,4,1,2500000,4e-07,2.515625,2.515625,2,2,2,3,0,0,0,0,0,6.5,10.5,0
2242,0.4,0.5,4,1,3200000,3.125e-07,3,3,3,3,3,3,0,0,0,0,0,6.5,10.5,1
2243,0.4,0.5,4,1,5000000,2e-07,5.015625,5.015625,5,5,5,6,1,1,1,1,1,6.5,10.5,1
2244,0.4,0.5,4,1,10000000,1e-07,10.015625,10.015625,10,10,10,11,1,1,1,1,1,6.5,10.5,1
2245,0.4,0.5,4,1.5,400000,2.5e-06,0.40625,0.40625,0,0,0,1,0,0,0,0,0,6,10,0
2246,0.4,0.5,4,1.5,600000,1.66666666666667e-06,0.796875,0.796875,0,0,0,1,0,0,0,0,0,6,10,0
2247,0.4,0.5,4,1.5,800000,1.25e-06,1,1,1,1,1,1,0,0,0,0,0,6,10,0
2248,0.4,0.5,4,1.5,1000000,1e-06,1.515625,1.515625,1,1,1,2,0,0,0,0,0,6,10,0
2249,0.4,0.5,4,1.5,1250000,8e-07,1.890625,1.890625,1,1,1,2,0,0,0,0,0,6,10,0
2250,0.4,0.5,4,1.5,1600000,6.25e-07,2.203125,2.203125,2,2,2,3,0,0,0,0,0,6,10,0
2251,0.4,0.5,4,1.5,2000000,5e-07,3.015625,3.015625,3,3,3,4,0.015625,0,0,0,1,6,10,1
2252,0.4,0.5,4,1.5,2500000,4e-07,3.765625,3.765625,3,3,3,4,0.53125,1,0,0,1,6,10,1
2253,0.4,0.5,4,1.5,3200000,3.125e-07,4.609375,4.609375,4,4,4,5,1,1,1,1,1,6,10,1
2254,0.4,0.5,4,1.5,5000000,2e-07,7.515625,7.515625,7,7,7,8,1,1,1,1,1,6,10,1
2255,0.4,0.5,4,1.5,10000000,1e-07,15.015625,15.015625,15,15,15,16,1,1,1,1,1,6,10,1
2256,0.4,0.5,4,2,400000,2.5e-06,0.625,0.609375,0,0,0,1,0,0,0,0,0,5.5,9.5,0
2257,0.4,0.5,4,2,600000,1.66666666666667e-06,1.015625,1,1,1,1,1,0,0,0,0,0,5.5,9.5,0
2258,0.4,0.5,4,2,800000,1.25e-06,1.21875,1.203125,1,1,1,2,0,0,0,0,0,5.5,9.5,0
2259,0.4,0.5,4,2,1000000,1e-06,2.015625,2.015625,2,2,2,3,0,0,0,0,0,5.5,9.5,0
2260,0.4,0.5,4,2,1250000,8e-07,2.515625,2.515625,2,2,2,3,0,0,0,0,0,5.5,9.5,0
2261,0.4,0.5,4,2,1600000,6.25e-07,3.015625,3,3,3,3,3,0,0,0,0,0,5.5,9.5,1
2262,0.4,0.5,4,2,2000000,5e-07,4.015625,4.015625,4,4,4,5,1,1,1,1,1,5.5,9.5,1
2263,0.4,0.5,4,2,2500000,4e-07,5.015625,5.015625,5,5,5,5,1,1,1,1,1,5.5,9.5,1
2264,0.4,0.5,4,2,3200000,3.125e-07,6.015625,6,6,6,6,6,1,1,1,1,1,5.5,9.5,1
2265,0.4,0.5,4,2,5000000,2e-07,10.015625,10.015625,10,10,10,11,1,1,1,1,1,5.5,9.5,1
2266,0.4,0.5,4,2,10000000,1e-07,20.015625,20.015625,20,20,20,21,1,1,1,1,1,5.5,9.5,1
2267,0.4,0.5,4,2.5,400000,2.5e-06,1,1,1,1,1,1,0,0,0,0,0,5,9,0
2268,0.4,0.5,4,2.5,600000,1.66666666666667e-06,1.3125,1.296875,1,1,1,2,0,0,0,0,0,5,9,0
2269,0.4,0.5,4,2.5,800000,1.25e-06,2,2,2,2,2,2,0,0,0,0,0,5,9,0
2270,0.4,0.5,4,2.5,1000000,1e-06,2.515625,2.515625,2,2,2,3,0,0,0,0,0,5,9,0
2271,0.4,0.5,4,2.5,1250000,8e-07,3.140625,3.140625,3,3,3,3,0,0,0,0,0,5,9,1
2272,0.4,0.5,4,2.5,1600000,6.25e-07,4,4,4,4,4,4,1,1,1,1,1,5,9,1
2273,0.4,0.5,4,2.5,2000000,5e-07,5.015625,5.015625,5,5,5,6,1,1,1,1,1,5,9,1
2274,0.4,0.5,4,2.5,2500000,4e-07,6.265625,6.265625,6,6,6,7,1,1,1,1,1,5,9,1
2275,0.4,0.5,4,2.5,3200000,3.125e-07,8,8,8,8,8,8,1,1,1,1,1,5,9,1
2276,0.4,0.5,4,2.5,5000000,2e-07,12.515625,12.515625,12,12,12,13,1,1,1,1,1,5,9,1
2277,0.4,0.5,4,2.5,10000000,1e-07,25.015625,25.015625,25,25,25,26,1,1,1,1,1,5,9,1
2278,0.4,0.5,4,3,400000,2.5e-06,1,1,1,1,1,1,0,0,0,0,0,4.5,8.5,0
2279,0.4,0.5,4,3,600000,1.66666666666667e-06,1.609375,1.59375,1,1,1,2,0,0,0,0,0,4.5,8.5,0
2280,0.4,0.5,4,3,800000,1.25e-06,2,2,2,2,2,2,0,0,0,0,0,4.5,8.5,0
2281,0.4,0.5,4,3,1000000,1e-06,3.015625,3.015625,3,3,3,4,0.015625,0,0,0,1,4.5,8.5,1
2282,0.4,0.5,4,3,1250000,8e-07,3.765625,3.765625,3,3,3,4,0.765625,1,0,0,1,4.5,8.5,1
2283,0.4,0.5,4,3,1600000,6.25e-07,4.609375,4.59375,4,4,4,5,1,1,1,1,1,4.5,8.5,1
2284,0.4,0.5,4,3,2000000,5e-07,6.015625,6.015625,6,6,6,7,1,1,1,1,1,4.5,8.5,1
2285,0.4,0.5,4,3,2500000,4e-07,7.515625,7.515625,7,7,7,8,1,1,1,1,1,4.5,8.5,1
2286,0.4,0.5,4,3,3200000,3.125e-07,9.203125,9.203125,9,9,9,9,1,1,1,1,1,4.5,8.5,1
2287,0.4,0.5,4,3,5000000,2e-07,15.015625,15.015625,15,15,15,16,1,1,1,1,1,4.5,8.5,1
2288,0.4,0.5,4,3,10000000,1e-07,30.015625,30.015625,30,30,30,31,1,1,1,1,1,4.5,8.5,1
2289,0.4,0.5,4,5,400000,2.5e-06,2,2,2,2,2,2,0,0,0,0,0,2.5,6.5,0
2290,0.4,0.5,4,5,600000,1.66666666666667e-06,3,3,3,3,3,3,0,0,0,0,0,2.5,6.5,1
2291,0.4,0.5,4,5,800000,1.25e-06,4,4,4,4,4,4,1,1,1,1,1,2.5,6.5,1
2292,0.4,0.5,4,5,1000000,1e-06,5.015625,5.015625,5,5,5,6,1,1,1,1,1,2.5,6.5,1
2293,0.4,0.5,4,5,1250000,8e-07,6.265625,6.265625,6,6,6,6,1,1,1,1,1,2.5,6.5,1
2294,0.4,0.5,4,5,1600000,6.25e-07,8,8,8,8,8,8,1,1,1,1,1,2.5,6.5,1
2295,0.4,0.5,4,5,2000000,5e-07,10.015625,10.015625,10,10,10,11,1,1,1,1,1,2.5,6.5,1
2296,0.4,0.5,4,5,2500000,4e-07,12.515625,12.515625,12,12,12,13,1,1,1,1,1,2.5,6.5,1
2297,0.4,0.5,4,5,3200000,3.125e-07,16,16,16,16,16,16,1,1,1,1,1,2.5,6.5,1
2298,0.4,0.5,4,5,5000000,2e-07,25.015625,25.015625,25,25,25,26,1,1,1,1,1,2.5,6.5,1
2299,0.4,0.5,4,5,10000000,1e-07,50.015625,50.015625,50,50,50,51,1,1,1,1,1,2.5,6.5,1
2300,0.4,0.5,4,6,400000,2.5e-06,2.203125,2.203125,2,2,2,2,0,0,0,0,0,1.5,5.5,0
2301,0.4,0.5,4,6,600000,1.66666666666667e-06,3.40625,3.390625,3,3,3,4,0.203125,0,0,0,1,1.5,5.5,1
2302,0.4,0.5,4,6,800000,1.25e-06,4.609375,4.59375,4,4,4,5,1,1,1,1,1,1.5,5.5,1
2303,0.4,0.5,4,6,1000000,1e-06,6.015625,6.015625,6,6,6,7,1,1,1,1,1,1.5,5.5,1
2304,0.4,0.5,4,6,1250000,8e-07,7.515625,7.515625,7,7,7,8,1,1,1,1,1,1.5,5.5,1
2305,0.4,0.5,4,6,1600000,6.25e-07,9.40625,9.390625,9,9,9,10,1,1,1,1,1,1.5,5.5,1
2306,0.4,0.5,4,6,2000000,5e-07,12.015625,12.015625,12,12,12,13,1,1,1,1,1,1.5,5.5,1
2307,0.4,0.5,4,6,2500000,4e-07,15.015625,15.015625,15,15,15,15,1,1,1,1,1,1.5,5.5,1
2308,0.4,0.5,4,6,3200000,3.125e-07,19,19,19,19,19,19,1,1,1,1,1,1.5,5.5,1
2309,0.4,0.5,4,6,5000000,2e-07,30.015625,30.015625,30,30,30,31,1,1,1,1,1,1.5,5.5,1
2310,0.4,0.5,4,6,10000000,1e-07,60.015625,60.015625,60,60,60,61,1,1,1,1,1,1.5,5.5,1
2311,0.4,0.5,5,1,400000,2.5e-06,0.203125,0.203125,0,0,0,0,0,0,0,0,0,6.5,10.5,0
2312,0.4,0.5,5,1,600000,1.66666666666667e-06,0.40625,0.390625,0,0,0,1,0,0,0,0,0,6.5,10.5,0
2313,0.4,0.5,5,1,800000,1.25e-06,0.609375,0.59375,0,0,0,1,0,0,0,0,0,6.5,10.5,0
2314,0.4,0.5,5,1,1000000,1e-06,1.015625,1.015625,1,1,1,2,0,0,0,0,0,6.5,10.5,0
2315,0.4,0.5,5,1,1250000,8e-07,1.265625,1.265625,1,1,1,1,0,0,0,0,0,6.5,10.5,0
2316,0.4,0.5,5,1,1600000,6.25e-07,1.40625,1.390625,1,1,1,2,0,0,0,0,0,6.5,10.5,0
2317,0.4,0.5,5,1,2000000,5e-07,2.015625,2.015625,2,2,2,3,0,0,0,0,0,6.5,10.5,0
2318,0.4,0.5,5,1,2500000,4e-07,2.515625,2.515625,2,2,2,3,0,0,0,0,0,6.5,10.5,0
2319,0.4,0.5,5,1,3200000,3.125e-07,3,3,3,3,3,3,0,0,0,0,0,6.5,10.5,0
2320,0.4,0.5,5,1,5000000,2e-07,5.015625,5.015625,5,5,5,6,1,1,1,1,1,6.5,10.5,1
2321,0.4,0.5,5,1,10000000,1e-07,10.015625,10.015625,10,10,10,11,1,1,1,1,1,6.5,10.5,1
2322,0.4,0.5,5,1.5,400000,2.5e-06,0.40625,0.40625,0,0,0,1,0,0,0,0,0,6,10,0
2323,0.4,0.5,5,1.5,600000,1.66666666666667e-06,0.796875,0.796875,0,0,0,1,0,0,0,0,0,6,10,0
2324,0.4,0.5,5,1.5,800000,1.25e-06,1,1,1,1,1,1,0,0,0,0,0,6,10,0
2325,0.4,0.5,5,1.5,1000000,1e-06,1.515625,1.515625,1,1,1,2,0,0,0,0,0,6,10,0
2326,0.4,0.5,5,1.5,1250000,8e-07,1.890625,1.890625,1,1,1,2,0,0,0,0,0,6,10,0
2327,0.4,0.5,5,1.5,1600000,6.25e-07,2.203125,2.203125,2,2,2,3,0,0,0,0,0,6,10,0
2328,0.4,0.5,5,1.5,2000000,5e-07,3.015625,3.015625,3,3,3,4,0,0,0,0,0,6,10,0
2329,0.4,0.5,5,1.5,2500000,4e-07,3.765625,3.765625,3,3,3,4,0,0,0,0,0,6,10,0
2330,0.4,0.5,5,1.5,3200000,3.125e-07,4.609375,4.609375,4,4,4,5,0.609375,1,0,0,1,6,10,1
2331,0.4,0.5,5,1.5,5000000,2e-07,7.515625,7.515625,7,7,7,8,1,1,1,1,1,6,10,1
2332,0.4,0.5,5,1.5,10000000,1e-07,15.015625,15.015625,15,15,15,16,1,1,1,1,1,6,10,1
2333,0.4,0.5,5,2,400000,2.5e-06,0.625,0.609375,0,0,0,1,0,0,0,0,0,5.5,9.5,0
2334,0.4,0.5,5,2,600000,1.66666666666667e-06,1.015625,1,1,1,1,1,0,0,0,0,0,5.5,9.5,0
2335,0.4,0.5,5,2,800000,1.25e-06,1.21875,1.203125,1,1,1,2,0,0,0,0,0,5.5,9.5,0
2336,0.4,0.5,5,2,1000000,1e-06,2.015625,2.015625,2,2,2,3,0,0,0,0,0,5.5,9.5,0
2337,0.4,0.5,5,2,1250000,8e-07,2.515625,2.515625,2,2,2,3,0,0,0,0,0,5.5,9.5,0
2338,0.4,0.5,5,2,1600000,6.25e-07,3.015625,3,3,3,3,3,0,0,0,0,0,5.5,9.5,0
2339,0.4,0.5,5,2,2000000,5e-07,4.015625,4.015625,4,4,4,5,0.015625,0,0,0,1,5.5,9.5,1
2340,0.4,0.5,5,2,2500000,4e-07,5.015625,5.015625,5,5,5,5,1,1,1,1,1,5.5,9.5,1
2341,0.4,0.5,5,2,3200000,3.125e-07,6.015625,6,6,6,6,6,1,1,1,1,1,5.5,9.5,1
2342,0.4,0.5,5,2,5000000,2e-07,10.015625,10.015625,10,10,10,11,1,1,1,1,1,5.5,9.5,1
2343,0.4,0.5,5,2,10000000,1e-07,20.015625,20.015625,20,20,20,21,1,1,1,1,1,5.5,9.5,1
2344,0.4,0.5,5,2.5,400000,2.5e-06,1,1,1,1,1,1,0,0,0,0,0,5,9,0
2345,0.4,0.5,5,2.5,600000,1.66666666666667e-06,1.3125,1.296875,1,1,1,2,0,0,0,0,0,5,9,0
2346,0.4,0.5,5,2.5,800000,1.25e-06,2,2,2,2,2,2,0,0,0,0,0,5,9,0
2347,0.4,0.5,5,2.5,1000000,1e-06,2.515625,2.515625,2,2,2,3,0,0,0,0,0,5,9,0
2348,0.4,0.5,5,2.5,1250000,8e-07,3.140625,3.140625,3,3,3,3,0,0,0,0,0,5,9,0
2349,0.4,0.5,5,2.5,1600000,6.25e-07,4,4,4,4,4,4,0,0,0,0,0,5,9,1
2350,0.4,0.5,5,2.5,2000000,5e-07,5.015625,5.015625,5,5,5,6,1,1,1,1,1,5,9,1
2351,0.4,0.5,5,2.5,2500000,4e-07,6.265625,6.265625,6,6,6,7,1,1,1,1,1,5,9,1
2352,0.4,0.5,5,2.5,3200000,3.125e-07,8,8,8,8,8,8,1,1,1,1,1,5,9,1
2353,0.4,0.5,5,2.5,5000000,2e-07,12.515625,12.515625,12,12,12,13,1,1,1,1,1,5,9,1
2354,0.4,0.5,5,2.5,10000000,1e-07,25.015625,25.015625,25,25,25,26,1,1,1,1,1,5,9,1
2355,0.4,0.5,5,3,400000,2.5e-06,1,1,1,1,1,1,0,0,0,0,0,4.5,8.5,0
2356,0.4,0.5,5,3,600000,1.66666666666667e-06,1.609375,1.59375,1,1,1,2,0,0,0,0,0,4.5,8.5,0
2357,0.4,0.5,5,3,800000,1.25e-06,2,2,2,2,2,2,0,0,0,0,0,4.5,8.5,0
2358,0.4,0.5,5,3,1000000,1e-06,3.015625,3.015625,3,3,3,4,0,0,0,0,0,4.5,8.5,0
2359,0.4,0.5,5,3,1250000,8e-07,3.765625,3.765625,3,3,3,4,0,0,0,0,0,4.5,8.5,0
2360,0.4,0.5,5,3,1600000,6.25e-07,4.609375,4.59375,4,4,4,5,0.203125,0,0,0,1,4.5,8.5,1
2361,0.4,0.5,5,3,2000000,5e-07,6.015625,6.015625,6,6,6,7,1,1,1,1,1,4.5,8.5,1
2362,0.4,0.5,5,3,2500000,4e-07,7.515625,7.515625,7,7,7,8,1,1,1,1,1,4.5,8.5,1
2363,0.4,0.5,5,3,3200000,3.125e-07,9.203125,9.203125,9,9,9,9,1,1,1,1,1,4.5,8.5,1
2364,0.4,0.5,5,3,5000000,2e-07,15.015625,15.015625,15,15,15,16,1,1,1,1,1,4.5,8.5,1
2365,0.4,0.5,5,3,10000000,1e-07,30.015625,30.015625,30,30,30,31,1,1,1,1,1,4.5,8.5,1
2366,0.4,0.5,5,5,400000,2.5e-06,2,2,2,2,2,2,0,0,0,0,0,2.5,6.5,0
2367,0.4,0.5,5,5,600000,1.66666666666667e-06,3,3,3,3,3,3,0,0,0,0,0,2.5,6.5,0
2368,0.4,0.5,5,5,800000,1.25e-06,4,4,4,4,4,4,0,0,0,0,0,2.5,6.5,1
2369,0.4,0.5,5,5,1000000,1e-06,5.015625,5.015625,5,5,5,6,1,1,1,1,1,2.5,6.5,1
2370,0.4,0.5,5,5,1250000,8e-07,6.265625,6.265625,6,6,6,6,1,1,1,1,1,2.5,6.5,1
2371,0.4,0.5,5,5,1600000,6.25e-07,8,8,8,8,8,8,1,1,1,1,1,2.5,6.5,1
2372,0.4,0.5,5,5,2000000,5e-07,10.015625,10.015625,10,10,10,11,1,1,1,1,1,2.5,6.5,1
2373,0.4,0.5,5,5,2500000,4e-07,12.515625,12.515625,12,12,12,13,1,1,1,1,1,2.5,6.5,1
2374,0.4,0.5,5,5,3200000,3.125e-07,16,16,16,16,16,16,1,1,1,1,1,2.5,6.5,1
2375,0.4,0.5,5,5,5000000,2e-07,25.015625,25.015625,25,25,25,26,1,1,1,1,1,2.5,6.5,1
2376,0.4,0.5,5,5,10000000,1e-07,50.015625,50.015625,50,50,50,51,1,1,1,1,1,2.5,6.5,1
2377,0.4,0.5,5,6,400000,2.5e-06,2.203125,2.203125,2,2,2,2,0,0,0,0,0,1.5,5.5,0
2378,0.4,0.5,5,6,600000,1.66666666666667e-06,3.40625,3.390625,3,3,3,4,0,0,0,0,0,1.5,5.5,0
2379,0.4,0.5,5,6,800000,1.25e-06,4.609375,4.59375,4,4,4,5,0.40625,0,0,0,1,1.5,5.5,1
2380,0.4,0.5,5,6,1000000,1e-06,6.015625,6.015625,6,6,6,7,1,1,1,1,1,1.5,5.5,1
2381,0.4,0.5,5,6,1250000,8e-07,7.515625,7.515625,7,7,7,8,1,1,1,1,1,1.5,5.5,1
2382,0.4,0.5,5,6,1600000,6.25e-07,9.40625,9.390625,9,9,9,10,1,1,1,1,1,1.5,5.5,1
2383,0.4,0.5,5,6,2000000,5e-07,12.015625,12.015625,12,12,12,13,1,1,1,1,1,1.5,5.5,1
2384,0.4,0.5,5,6,2500000,4e-07,15.015625,15.015625,15,15,15,15,1,1,1,1,1,1.5,5.5,1
2385,0.4,0.5,5,6,3200000,3.125e-07,19,19,19,19,19,19,1,1,1,1,1,1.5,5.5,1
2386,0.4,0.5,5,6,5000000,2e-07,30.015625,30.015625,30,30,30,31,1,1,1,1,1,1.5,5.5,1
2387,0.4,0.5,5,6,10000000,1e-07,60.015625,60.015625,60,60,60,61,1,1,1,1,1,1.5,5.5,1
2388,0.4,0.5,6,1,400000,2.5e-06,0.203125,0.203125,0,0,0,0,0,0,0,0,0,6.5,10.5,0
2389,0.4,0.5,6,1,600000,1.66666666666667e-06,0.40625,0.390625,0,0,0,1,0,0,0,0,0,6.5,10.5,0
2390,0.4,0.5,6,1,800000,1.25e-06,0.609375,0.59375,0,0,0,1,0,0,0,0,0,6.5,10.5,0
2391,0.4,0.5,6,1,1000000,1e-06,1.015625,1.015625,1,1,1,2,0,0,0,0,0,6.5,10.5,0
2392,0.4,0.5,6,1,1250000,8e-07,1.265625,1.265625,1,1,1,1,0,0,0,0,0,6.5,10.5,0
2393,0.4,0.5,6,1,1600000,6.25e-07,1.40625,1.390625,1,1,1,2,0,0,0,0,0,6.5,10.5,0
2394,0.4,0.5,6,1,2000000,5e-07,2.015625,2.015625,2,2,2,3,0,0,0,0,0,6.5,10.5,0
2395,0.4,0.5,6,1,2500000,4e-07,2.515625,2.515625,2,2,2,3,0,0,0,0,0,6.5,10.5,0
2396,0.4,0.5,6,1,3200000,3.125e-07,3,3,3,3,3,3,0,0,0,0,0,6.5,10.5,0
2397,0.4,0.5,6,1,5000000,2e-07,5.015625,5.015625,5,5,5,6,0.015625,0,0,0,1,6.5,10.5,1
2398,0.4,0.5,6,1,10000000,1e-07,10.015625,10.015625,10,10,10,11,1,1,1,1,1,6.5,10.5,1
2399,0.4,0.5,6,1.5,400000,2.5e-06,0.40625,0.40625,0,0,0,1,0,0,0,0,0,6,10,0
2400,0.4,0.5,6,1.5,600000,1.66666666666667e-06,0.796875,0.796875,0,0,0,1,0,0,0,0,0,6,10,0
2401,0.4,0.5,6,1.5,800000,1.25e-06,1,1,1,1,1,1,0,0,0,0,0,6,10,0
2402,0.4,0.5,6,1.5,1000000,1e-06,1.515625,1.515625,1,1,1,2,0,0,0,0,0,6,10,0
2403,0.4,0.5,6,1.5,1250000,8e-07,1.890625,1.890625,1,1,1,2,0,0,0,0,0,6,10,0
2404,0.4,0.5,6,1.5,1600000,6.25e-07,2.203125,2.203125,2,2,2,3,0,0,0,0,0,6,10,0
2405,0.4,0.5,6,1.5,2000000,5e-07,3.015625,3.015625,3,3,3,4,0,0,0,0,0,6,10,0
2406,0.4,0.5,6,1.5,2500000,4e-07,3.765625,3.765625,3,3,3,4,0,0,0,0,0,6,10,0
2407,0.4,0.5,6,1.5,3200000,3.125e-07,4.609375,4.609375,4,4,4,5,0,0,0,0,0,6,10,0
2408,0.4,0.5,6,1.5,5000000,2e-07,7.515625,7.515625,7,7,7,8,1,1,1,1,1,6,10,1
2409,0.4,0.5,6,1.5,10000000,1e-07,15.015625,15.015625,15,15,15,16,1,1,1,1,1,6,10,1
2410,0.4,0.5,6,2,400000,2.5e-06,0.625,0.609375,0,0,0,1,0,0,0,0,0,5.5,9.5,0
2411,0.4,0.5,6,2,600000,1.66666666666667e-06,1.015625,1,1,1,1,1,0,0,0,0,0,5.5,9.5,0
2412,0.4,0.5,6,2,800000,1.25e-06,1.21875,1.203125,1,1,1,2,0,0,0,0,0,5.5,9.5,0
2413,0.4,0.5,6,2,1000000,1e-06,2.015625,2.015625,2,2,2,3,0,0,0,0,0,5.5,9.5,0
2414,0.4,0.5,6,2,1250000,8e-07,2.515625,2.515625,2,2,2,3,0,0,0,0,0,5.5,9.5,0
2415,0.4,0.5,6,2,1600000,6.25e-07,3.015625,3,3,3,3,3,0,0,0,0,0,5.5,9.5,0
2416,0.4,0.5,6,2,2000000,5e-07,4.015625,4.015625,4,4,4,5,0,0,0,0,0,5.5,9.5,0
2417,0.4,0.5,6,2,2500000,4e-07,5.015625,5.015625,5,5,5,5,0,0,0,0,0,5.5,9.5,1
2418,0.4,0.5,6,2,3200000,3.125e-07,6.015625,6,6,6,6,6,1,1,1,1,1,5.5,9.5,1
2419,0.4,0.5,6,2,5000000,2e-07,10.015625,10.015625,10,10,10,11,1,1,1,1,1,5.5,9.5,1
2420,0.4,0.5,6,2,10000000,1e-07,20.015625,20.015625,20,20,20,21,1,1,1,1,1,5.5,9.5,1
2421,0.4,0.5,6,2.5,400000,2.5e-06,1,1,1,1,1,1,0,0,0,0,0,5,9,0
2422,0.4,0.5,6,2.5,600000,1.66666666666667e-06,1.3125,1.296875,1,1,1,2,0,0,0,0,0,5,9,0
2423,0.4,0.5,6,2.5,800000,1.25e-06,2,2,2,2,2,2,0,0,0,0,0,5,9,0
2424,0.4,0.5,6,2.5,1000000,1e-06,2.515625,2.515625,2,2,2,3,0,0,0,0,0,5,9,0
2425,0.4,0.5,6,2.5,1250000,8e-07,3.140625,3.140625,3,3,3,3,0,0,0,0,0,5,9,0
2426,0.4,0.5,6,2.5,1600000,6.25e-07,4,4,4,4,4,4,0,0,0,0,0,5,9,0
2427,0.4,0.5,6,2.5,2000000,5e-07,5.015625,5.015625,5,5,5,6,0.015625,0,0,0,1,5,9,1
2428,0.4,0.5,6,2.5,2500000,4e-07,6.265625,6.265625,6,6,6,7,1,1,1,1,1,5,9,1
2429,0.4,0.5,6,2.5,3200000,3.125e-07,8,8,8,8,8,8,1,1,1,1,1,5,9,1
2430,0.4,0.5,6,2.5,5000000,2e-07,12.515625,12.515625,12,12,12,13,1,1,1,1,1,5,9,1
2431,0.4,0.5,6,2.5,10000000,1e-07,25.015625,25.015625,25,25,25,26,1,1,1,1,1,5,9,1
2432,0.4,0.5,6,3,400000,2.5e-06,1,1,1,1,1,1,0,0,0,0,0,4.5,8.5,0
2433,0.4,0.5,6,3,600000,1.66666666666667e-06,1.609375,1.59375,1,1,1,2,0,0,0,0,0,4.5,8.5,0
2434,0.4,0.5,6,3,800000,1.25e-06,2,2,2,2,2,2,0,0,0,0,0,4.5,8.5,0
2435,0.4,0.5,6,3,1000000,1e-06,3.015625,3.015625,3,3,3,4,0,0,0,0,0,4.5,8.5,0
2436,0.4,0.5,6,3,1250000,8e-07,3.765625,3.765625,3,3,3,4,0,0,0,0,0,4.5,8.5,0
2437,0.4,0.5,6,3,1600000,6.25e-07,4.609375,4.59375,4,4,4,5,0,0,0,0,0,4.5,8.5,0
2438,0.4,0.5,6,3,2000000,5e-07,6.015625,6.015625,6,6,6,7,1,1,1,1,1,4.5,8.5,1
2439,0.4,0.5,6,3,2500000,4e-07,7.515625,7.515625,7,7,7,8,1,1,1,1,1,4.5,8.5,1
2440,0.4,0.5,6,3,3200000,3.125e-07,9.203125,9.203125,9,9,9,9,1,1,1,1,1,4.5,8.5,1
2441,0.4,0.5,6,3,5000000,2e-07,15.015625,15.015625,15,15,15,16,1,1,1,1,1,4.5,8.5,1
2442,0.4,0.5,6,3,10000000,1e-07,30.015625,30.015625,30,30,30,31,1,1,1,1,1,4.5,8.5,1
2443,0.4,0.5,6,5,400000,2.5e-06,2,2,2,2,2,2,0,0,0,0,0,2.5,6.5,0
2444,0.4,0.5,6,5,600000,1.66666666666667e-06,3,3,3,3,3,3,0,0,0,0,0,2.5,6.5,0
2445,0.4,0.5,6,5,800000,1.25e-06,4,4,4,4,4,4,0,0,0,0,0,2.5,6.5,0
2446,0.4,0.5,6,5,1000000,1e-06,5.015625,5.015625,5,5,5,6,0.015625,0,0,0,1,2.5,6.5,1
2447,0.4,0.5,6,5,1250000,8e-07,6.265625,6.265625,6,6,6,6,1,1,1,1,1,2.5,6.5,1
2448,0.4,0.5,6,5,1600000,6.25e-07,8,8,8,8,8,8,1,1,1,1,1,2.5,6.5,1
2449,0.4,0.5,6,5,2000000,5e-07,10.015625,10.015625,10,10,10,11,1,1,1,1,1,2.5,6.5,1
2450,0.4,0.5,6,5,2500000,4e-07,12.515625,12.515625,12,12,12,13,1,1,1,1,1,2.5,6.5,1
2451,0.4,0.5,6,5,3200000,3.125e-07,16,16,16,16,16,16,1,1,1,1,1,2.5,6.5,1
2452,0.4,0.5,6,5,5000000,2e-07,25.015625,25.015625,25,25,25,26,1,1,1,1,1,2.5,6.5,1
2453,0.4,0.5,6,5,10000000,1e-07,50.015625,50.015625,50,50,50,51,1,1,1,1,1,2.5,6.5,1
2454,0.4,0.5,6,6,400000,2.5e-06,2.203125,2.203125,2,2,2,2,0,0,0,0,0,1.5,5.5,0
2455,0.4,0.5,6,6,600000,1.66666666666667e-06,3.40625,3.390625,3,3,3,4,0,0,0,0,0,1.5,5.5,0
2456,0.4,0.5,6,6,800000,1.25e-06,4.609375,4.59375,4,4,4,5,0,0,0,0,0,1.5,5.5,0
2457,0.4,0.5,6,6,1000000,1e-06,6.015625,6.015625,6,6,6,7,1,1,1,1,1,1.5,5.5,1
2458,0.4,0.5,6,6,1250000,8e-07,7.515625,7.515625,7,7,7,8,1,1,1,1,1,1.5,5.5,1
2459,0.4,0.5,6,6,1600000,6.25e-07,9.40625,9.390625,9,9,9,10,1,1,1,1,1,1.5,5.5,1
2460,0.4,0.5,6,6,2000000,5e-07,12.015625,12.015625,12,12,12,13,1,1,1,1,1,1.5,5.5,1
2461,0.4,0.5,6,6,2500000,4e-07,15.015625,15.015625,15,15,15,15,1,1,1,1,1,1.5,5.5,1
2462,0.4,0.5,6,6,3200000,3.125e-07,19,19,19,19,19,19,1,1,1,1,1,1.5,5.5,1
2463,0.4,0.5,6,6,5000000,2e-07,30.015625,30.015625,30,30,30,31,1,1,1,1,1,1.5,5.5,1
2464,0.4,0.5,6,6,10000000,1e-07,60.015625,60.015625,60,60,60,61,1,1,1,1,1,1.5,5.5,1
2465,0.4,1,3,1,400000,2.5e-06,0.203125,0.203125,0,0,0,0,0,0,0,0,0,6,10,0
2466,0.4,1,3,1,600000,1.66666666666667e-06,0.390625,0.40625,0,0,0,1,0,0,0,0,0,6,10,0
2467,0.4,1,3,1,800000,1.25e-06,0.59375,0.609375,0,0,0,1,0,0,0,0,0,6,10,0
2468,0.4,1,3,1,1000000,1e-06,1.015625,1.015625,1,1,1,2,0,0,0,0,0,6,10,0
2469,0.4,1,3,1,1250000,8e-07,1.265625,1.265625,1,1,1,2,0,0,0,0,0,6,10,0
2470,0.4,1,3,1,1600000,6.25e-07,1.390625,1.40625,1,1,1,2,0,0,0,0,0,6,10,0
2471,0.4,1,3,1,2000000,5e-07,2.015625,2.015625,2,2,2,3,0.015625,0,0,0,1,6,10,1
2472,0.4,1,3,1,2500000,4e-07,2.515625,2.515625,2,2,2,3,0.03125,0,0,0,1,6,10,1
2473,0.4,1,3,1,3200000,3.125e-07,3,3,3,3,3,3,1,1,1,1,1,6,10,1
2474,0.4,1,3,1,5000000,2e-07,5.015625,5.015625,5,5,5,6,1,1,1,1,1,6,10,1
2475,0.4,1,3,1,10000000,1e-07,10.015625,10.015625,10,10,10,11,1,1,1,1,1,6,10,1
2476,0.4,1,3,1.5,400000,2.5e-06,0.40625,0.40625,0,0,0,0,0,0,0,0,0,5.5,9.5,0
2477,0.4,1,3,1.5,600000,1.66666666666667e-06,0.796875,0.8125,0,0,0,1,0,0,0,0,0,5.5,9.5,0
2478,0.4,1,3,1.5,800000,1.25e-06,1,1,1,1,1,1,0,0,0,0,0,5.5,9.5,0
2479,0.4,1,3,1.5,1000000,1e-06,1.515625,1.515625,1,1,1,2,0,0,0,0,0,5.5,9.5,0
2480,0.4,1,3,1.5,1250000,8e-07,1.890625,1.890625,1,1,1,2,0,0,0,0,0,5.5,9.5,0
2481,0.4,1,3,1.5,1600000,6.25e-07,2.203125,2.203125,2,2,2,2,0,0,0,0,0,5.5,9.5,1
2482,0.4,1,3,1.5,2000000,5e-07,3.015625,3.015625,3,3,3,4,1,1,1,1,1,5.5,9.5,1
2483,0.4,1,3,1.5,2500000,4e-07,3.765625,3.765625,3,3,3,4,1,1,1,1,1,5.5,9.5,1
2484,0.4,1,3,1.5,3200000,3.125e-07,4.609375,4.609375,4,4,4,5,1,1,1,1,1,5.5,9.5,1
2485,0.4,1,3,1.5,5000000,2e-07,7.515625,7.515625,7,7,7,8,1,1,1,1,1,5.5,9.5,1
2486,0.4,1,3,1.5,10000000,1e-07,15.015625,15.015625,15,15,15,16,1,1,1,1,1,5.5,9.5,1
2487,0.4,1,3,2,400000,2.5e-06,0.609375,0.59375,0,0,0,1,0,0,0,0,0,5,9,0
2488,0.4,1,3,2,600000,1.66666666666667e-06,1,1,1,1,1,1,0,0,0,0,0,5,9,0
2489,0.4,1,3,2,800000,1.25e-06,1.203125,1.203125,1,1,1,1,0,0,0,0,0,5,9,0
2490,0.4,1,3,2,1000000,1e-06,2.015625,2.015625,2,2,2,3,0.015625,0,0,0,1,5,9,1
2491,0.4,1,3,2,1250000,8e-07,2.515625,2.515625,2,2,2,3,0.515625,1,0,0,1,5,9,1
2492,0.4,1,3,2,1600000,6.25e-07,3,3,3,3,3,3,1,1,1,1,1,5,9,1
2493,0.4,1,3,2,2000000,5e-07,4.015625,4.015625,4,4,4,5,1,1,1,1,1,5,9,1
2494,0.4,1,3,2,2500000,4e-07,5.015625,5.015625,5,5,5,6,1,1,1,1,1,5,9,1
2495,0.4,1,3,2,3200000,3.125e-07,6,6,6,6,6,6,1,1,1,1,1,5,9,1
2496,0.4,1,3,2,5000000,2e-07,10.015625,10.015625,10,10,10,11,1,1,1,1,1,5,9,1
2497,0.4,1,3,2,10000000,1e-07,20.015625,20.015625,20,20,20,21,1,1,1,1,1,5,9,1
2498,0.4,1,3,2.5,400000,2.5e-06,1,1,1,1,1,1,0,0,0,0,0,4.5,8.5,0
2499,0.4,1,3,2.5,600000,1.66666666666667e-06,1.296875,1.296875,1,1,1,1,0,0,0,0,0,4.5,8.5,0
2500,0.4,1,3,2.5,800000,1.25e-06,2,2,2,2,2,2,0,0,0,0,0,4.5,8.5,1
2501,0.4,1,3,2.5,1000000,1e-06,2.515625,2.515625,2,2,2,3,0.03125,0,0,0,1,4.5,8.5,1
2502,0.4,1,3,2.5,1250000,8e-07,3.140625,3.140625,3,3,3,3,1,1,1,1,1,4.5,8.5,1
2503,0.4,1,3,2.5,1600000,6.25e-07,4,4,4,4,4,4,1,1,1,1,1,4.5,8.5,1
2504,0.4,1,3,2.5,2000000,5e-07,5.015625,5.015625,5,5,5,6,1,1,1,1,1,4.5,8.5,1
2505,0.4,1,3,2.5,2500000,4e-07,6.265625,6.265625,6,6,6,7,1,1,1,1,1,4.5,8.5,1
2506,0.4,1,3,2.5,3200000,3.125e-07,8,8,8,8,8,8,1,1,1,1,1,4.5,8.5,1
2507,0.4,1,3,2.5,5000000,2e-07,12.515625,12.515625,12,12,12,13,1,1,1,1,1,4.5,8.5,1
2508,0.4,1,3,2.5,10000000,1e-07,25.015625,25.015625,25,25,25,26,1,1,1,1,1,4.5,8.5,1
2509,0.4,1,3,3,400000,2.5e-06,1,1,1,1,1,1,0,0,0,0,0,4,8,0
2510,0.4,1,3,3,600000,1.66666666666667e-06,1.59375,1.59375,1,1,1,2,0,0,0,0,0,4,8,0
2511,0.4,1,3,3,800000,1.25e-06,2,2,2,2,2,2,0,0,0,0,0,4,8,1
2512,0.4,1,3,3,1000000,1e-06,3.015625,3.015625,3,3,3,4,1,1,1,1,1,4,8,1
2513,0.4,1,3,3,1250000,8e-07,3.765625,3.765625,3,3,3,4,1,1,1,1,1,4,8,1
2514,0.4,1,3,3,1600000,6.25e-07,4.59375,4.59375,4,4,4,5,1,1,1,1,1,4,8,1
2515,0.4,1,3,3,2000000,5e-07,6.015625,6.015625,6,6,6,7,1,1,1,1,1,4,8,1
2516,0.4,1,3,3,2500000,4e-07,7.515625,7.515625,7,7,7,8,1,1,1,1,1,4,8,1
2517,0.4,1,3,3,3200000,3.125e-07,9.203125,9.203125,9,9,9,10,1,1,1,1,1,4,8,1
2518,0.4,1,3,3,5000000,2e-07,15.015625,15.015625,15,15,15,16,1,1,1,1,1,4,8,1
2519,0.4,1,3,3,10000000,1e-07,30.015625,30.015625,30,30,30,31,1,1,1,1,1,4,8,1
2520,0.4,1,3,5,400000,2.5e-06,2,2,2,2,2,2,0,0,0,0,0,2,6,1
2521,0.4,1,3,5,600000,1.66666666666667e-06,3,3,3,3,3,3,1,1,1,1,1,2,6,1
2522,0.4,1,3,5,800000,1.25e-06,4,4,4,4,4,4,1,1,1,1,1,2,6,1
2523,0.4,1,3,5,1000000,1e-06,5.015625,5.015625,5,5,5,6,1,1,1,1,1,2,6,1
2524,0.4,1,3,5,1250000,8e-07,6.265625,6.265625,6,6,6,7,1,1,1,1,1,2,6,1
2525,0.4,1,3,5,1600000,6.25e-07,8,8,8,8,8,8,1,1,1,1,1,2,6,1
2526,0.4,1,3,5,2000000,5e-07,10.015625,10.015625,10,10,10,11,1,1,1,1,1,2,6,1
2527,0.4,1,3,5,2500000,4e-07,12.515625,12.515625,12,12,12,13,1,1,1,1,1,2,6,1
2528,0.4,1,3,5,3200000,3.125e-07,16,16,16,16,16,16,1,1,1,1,1,2,6,1
2529,0.4,1,3,5,5000000,2e-07,25.015625,25.015625,25,25,25,26,1,1,1,1,1,2,6,1
2530,0.4,1,3,5,10000000,1e-07,50.015625,50.015625,50,50,50,51,1,1,1,1,1,2,6,1
2531,0.4,1,3,6,400000,2.5e-06,2.203125,2.203125,2,2,2,2,0,0,0,0,0,1,5,1
2532,0.4,1,3,6,600000,1.66666666666667e-06,3.390625,3.40625,3,3,3,4,1,1,1,1,1,1,5,1
2533,0.4,1,3,6,800000,1.25e-06,4.59375,4.609375,4,4,4,5,1,1,1,1,1,1,5,1
2534,0.4,1,3,6,1000000,1e-06,6.015625,6.015625,6,6,6,7,1,1,1,1,1,1,5,1
2535,0.4,1,3,6,1250000,8e-07,7.515625,7.515625,7,7,7,8,1,1,1,1,1,1,5,1
2536,0.4,1,3,6,1600000,6.25e-07,9.390625,9.40625,9,9,9,10,1,1,1,1,1,1,5,1
2537,0.4,1,3,6,2000000,5e-07,12.015625,12.015625,12,12,12,13,1,1,1,1,1,1,5,1
2538,0.4,1,3,6,2500000,4e-07,15.015625,15.015625,15,15,15,16,1,1,1,1,1,1,5,1
2539,0.4,1,3,6,3200000,3.125e-07,19,19,19,19,19,19,1,1,1,1,1,1,5,1
2540,0.4,1,3,6,5000000,2e-07,30.015625,30.015625,30,30,30,31,1,1,1,1,1,1,5,1
2541,0.4,1,3,6,10000000,1e-07,60.015625,60.015625,60,60,60,61,1,1,1,1,1,1,5,1
2542,0.4,1,4,1,400000,2.5e-06,0.203125,0.203125,0,0,0,0,0,0,0,0,0,6,10,0
2543,0.4,1,4,1,600000,1.66666666666667e-06,0.390625,0.40625,0,0,0,1,0,0,0,0,0,6,10,0
2544,0.4,1,4,1,800000,1.25e-06,0.59375,0.609375,0,0,0,1,0,0,0,0,0,6,10,0
2545,0.4,1,4,1,1000000,1e-06,1.015625,1.015625,1,1,1,2,0,0,0,0,0,6,10,0
2546,0.4,1,4,1,1250000,8e-07,1.265625,1.265625,1,1,1,2,0,0,0,0,0,6,10,0
2547,0.4,1,4,1,1600000,6.25e-07,1.390625,1.40625,1,1,1,2,0,0,0,0,0,6,10,0
2548,0.4,1,4,1,2000000,5e-07,2.015625,2.015625,2,2,2,3,0,0,0,0,0,6,10,0
2549,0.4,1,4,1,2500000,4e-07,2.515625,2.515625,2,2,2,3,0,0,0,0,0,6,10,0
2550,0.4,1,4,1,3200000,3.125e-07,3,3,3,3,3,3,0,0,0,0,0,6,10,1
2551,0.4,1,4,1,5000000,2e-07,5.015625,5.015625,5,5,5,6,1,1,1,1,1,6,10,1
2552,0.4,1,4,1,10000000,1e-07,10.015625,10.015625,10,10,10,11,1,1,1,1,1,6,10,1
2553,0.4,1,4,1.5,400000,2.5e-06,0.40625,0.40625,0,0,0,0,0,0,0,0,0,5.5,9.5,0
2554,0.4,1,4,1.5,600000,1.66666666666667e-06,0.796875,0.8125,0,0,0,1,0,0,0,0,0,5.5,9.5,0
2555,0.4,1,4,1.5,800000,1.25e-06,1,1,1,1,1,1,0,0,0,0,0,5.5,9.5,0
2556,0.4,1,4,1.5,1000000,1e-06,1.515625,1.515625,1,1,1,2,0,0,0,0,0,5.5,9.5,0
2557,0.4,1,4,1.5,1250000,8e-07,1.890625,1.890625,1,1,1,2,0,0,0,0,0,5.5,9.5,0
2558,0.4,1,4,1.5,1600000,6.25e-07,2.203125,2.203125,2,2,2,2,0,0,0,0,0,5.5,9.5,0
2559,0.4,1,4,1.5,2000000,5e-07,3.015625,3.015625,3,3,3,4,0.015625,0,0,0,1,5.5,9.5,1
2560,0.4,1,4,1.5,2500000,4e-07,3.765625,3.765625,3,3,3,4,0.53125,1,0,0,1,5.5,9.5,1
2561,0.4,1,4,1.5,3200000,3.125e-07,4.609375,4.609375,4,4,4,5,1,1,1,1,1,5.5,9.5,1
2562,0.4,1,4,1.5,5000000,2e-07,7.515625,7.515625,7,7,7,8,1,1,1,1,1,5.5,9.5,1
2563,0.4,1,4,1.5,10000000,1e-07,15.015625,15.015625,15,15,15,16,1,1,1,1,1,5.5,9.5,1
2564,0.4,1,4,2,400000,2.5e-06,0.609375,0.59375,0,0,0,1,0,0,0,0,0,5,9,0
2565,0.4,1,4,2,600000,1.66666666666667e-06,1,1,1,1,1,1,0,0,0,0,0,5,9,0
2566,0.4,1,4,2,800000,1.25e-06,1.203125,1.203125,1,1,1,1,0,0,0,0,0,5,9,0
2567,0.4,1,4,2,1000000,1e-06,2.015625,2.015625,2,2,2,3,0,0,0,0,0,5,9,0
2568,0.4,1,4,2,1250000,8e-07,2.515625,2.515625,2,2,2,3,0,0,0,0,0,5,9,0
2569,0.4,1,4,2,1600000,6.25e-07,3,3,3,3,3,3,0,0,0,0,0,5,9,1
2570,0.4,1,4,2,2000000,5e-07,4.015625,4.015625,4,4,4,5,1,1,1,1,1,5,9,1
2571,0.4,1,4,2,2500000,4e-07,5.015625,5.015625,5,5,5,6,1,1,1,1,1,5,9,1
2572,0.4,1,4,2,3200000,3.125e-07,6,6,6,6,6,6,1,1,1,1,1,5,9,1
2573,0.4,1,4,2,5000000,2e-07,10.015625,10.015625,10,10,10,11,1,1,1,1,1,5,9,1
2574,0.4,1,4,2,10000000,1e-07,20.015625,20.015625,20,20,20,21,1,1,1,1,1,5,9,1
2575,0.4,1,4,2.5,400000,2.5e-06,1,1,1,1,1,1,0,0,0,0,0,4.5,8.5,0
2576,0.4,1,4,2.5,600000,1.66666666666667e-06,1.296875,1.296875,1,1,1,1,0,0,0,0,0,4.5,8.5,0
2577,0.4,1,4,2.5,800000,1.25e-06,2,2,2,2,2,2,0,0,0,0,0,4.5,8.5,0
2578,0.4,1,4,2.5,1000000,1e-06,2.515625,2.515625,2,2,2,3,0,0,0,0,0,4.5,8.5,0
2579,0.4,1,4,2.5,1250000,8e-07,3.140625,3.140625,3,3,3,3,0,0,0,0,0,4.5,8.5,1
2580,0.4,1,4,2.5,1600000,6.25e-07,4,4,4,4,4,4,1,1,1,1,1,4.5,8.5,1
2581,0.4,1,4,2.5,2000000,5e-07,5.015625,5.015625,5,5,5,6,1,1,1,1,1,4.5,8.5,1
2582,0.4,1,4,2.5,2500000,4e-07,6.265625,6.265625,6,6,6,7,1,1,1,1,1,4.5,8.5,1
2583,0.4,1,4,2.5,3200000,3.125e-07,8,8,8,8,8,8,1,1,1,1,1,4.5,8.5,1
2584,0.4,1,4,2.5,5000000,2e-07,12.515625,12.515625,12,12,12,13,1,1,1,1,1,4.5,8.5,1
2585,0.4,1,4,2.5,10000000,1e-07,25.015625,25.015625,25,25,25,26,1,1,1,1,1,4.5,8.5,1
2586,0.4,1,4,3,400000,2.5e-06,1,1,1,1,1,1,0,0,0,0,0,4,8,0
2587,0.4,1,4,3,600000,1.66666666666667e-06,1.59375,1.59375,1,1,1,2,0,0,0,0,0,4,8,0
2588,0.4,1,4,3,800000,1.25e-06,2,2,2,2,2,2,0,0,0,0,0,4,8,0
2589,0.4,1,4,3,1000000,1e-06,3.015625,3.015625,3,3,3,4,0.015625,0,0,0,1,4,8,1
2590,0.4,1,4,3,1250000,8e-07,3.765625,3.765625,3,3,3,4,0.53125,1,0,0,1,4,8,1
2591,0.4,1,4,3,1600000,6.25e-07,4.59375,4.59375,4,4,4,5,1,1,1,1,1,4,8,1
2592,0.4,1,4,3,2000000,5e-07,6.015625,6.015625,6,6,6,7,1,1,1,1,1,4,8,1
2593,0.4,1,4,3,2500000,4e-07,7.515625,7.515625,7,7,7,8,1,1,1,1,1,4,8,1
2594,0.4,1,4,3,3200000,3.125e-07,9.203125,9.203125,9,9,9,10,1,1,1,1,1,4,8,1
2595,0.4,1,4,3,5000000,2e-07,15.015625,15.015625,15,15,15,16,1,1,1,1,1,4,8,1
2596,0.4,1,4,3,10000000,1e-07,30.015625,30.015625,30,30,30,31,1,1,1,1,1,4,8,1
2597,0.4,1,4,5,400000,2.5e-06,2,2,2,2,2,2,0,0,0,0,0,2,6,0
2598,0.4,1,4,5,600000,1.66666666666667e-06,3,3,3,3,3,3,0,0,0,0,0,2,6,1
2599,0.4,1,4,5,800000,1.25e-06,4,4,4,4,4,4,1,1,1,1,1,2,6,1
2600,0.4,1,4,5,1000000,1e-06,5.015625,5.015625,5,5,5,6,1,1,1,1,1,2,6,1
2601,0.4,1,4,5,1250000,8e-07,6.265625,6.265625,6,6,6,7,1,1,1,1,1,2,6,1
2602,0.4,1,4,5,1600000,6.25e-07,8,8,8,8,8,8,1,1,1,1,1,2,6,1
2603,0.4,1,4,5,2000000,5e-07,10.015625,10.015625,10,10,10,11,1,1,1,1,1,2,6,1
2604,0.4,1,4,5,2500000,4e-07,12.515625,12.515625,12,12,12,13,1,1,1,1,1,2,6,1
2605,0.4,1,4,5,3200000,3.125e-07,16,16,16,16,16,16,1,1,1,1,1,2,6,1
2606,0.4,1,4,5,5000000,2e-07,25.015625,25.015625,25,25,25,26,1,1,1,1,1,2,6,1
2607,0.4,1,4,5,10000000,1e-07,50.015625,50.015625,50,50,50,51,1,1,1,1,1,2,6,1
2608,0.4,1,4,6,400000,2.5e-06,2.203125,2.203125,2,2,2,2,0,0,0,0,0,1,5,0
2609,0.4,1,4,6,600000,1.66666666666667e-06,3.390625,3.40625,3,3,3,4,0.203125,0,0,0,1,1,5,1
2610,0.4,1,4,6,800000,1.25e-06,4.59375,4.609375,4,4,4,5,1,1,1,1,1,1,5,1
2611,0.4,1,4,6,1000000,1e-06,6.015625,6.015625,6,6,6,7,1,1,1,1,1,1,5,1
2612,0.4,1,4,6,1250000,8e-07,7.515625,7.515625,7,7,7,8,1,1,1,1,1,1,5,1
2613,0.4,1,4,6,1600000,6.25e-07,9.390625,9.40625,9,9,9,10,1,1,1,1,1,1,5,1
2614,0.4,1,4,6,2000000,5e-07,12.015625,12.015625,12,12,12,13,1,1,1,1,1,1,5,1
2615,0.4,1,4,6,2500000,4e-07,15.015625,15.015625,15,15,15,16,1,1,1,1,1,1,5,1
2616,0.4,1,4,6,3200000,3.125e-07,19,19,19,19,19,19,1,1,1,1,1,1,5,1
2617,0.4,1,4,6,5000000,2e-07,30.015625,30.015625,30,30,30,31,1,1,1,1,1,1,5,1
2618,0.4,1,4,6,10000000,1e-07,60.015625,60.015625,60,60,60,61,1,1,1,1,1,1,5,1
2619,0.4,1,5,1,400000,2.5e-06,0.203125,0.203125,0,0,0,0,0,0,0,0,0,6,10,0
2620,0.4,1,5,1,600000,1.66666666666667e-06,0.390625,0.40625,0,0,0,1,0,0,0,0,0,6,10,0
2621,0.4,1,5,1,800000,1.25e-06,0.59375,0.609375,0,0,0,1,0,0,0,0,0,6,10,0
2622,0.4,1,5,1,1000000,1e-06,1.015625,1.015625,1,1,1,2,0,0,0,0,0,6,10,0
2623,0.4,1,5,1,1250000,8e-07,1.265625,1.265625,1,1,1,2,0,0,0,0,0,6,10,0
2624,0.4,1,5,1,1600000,6.25e-07,1.390625,1.40625,1,1,1,2,0,0,0,0,0,6,10,0
2625,0.4,1,5,1,2000000,5e-07,2.015625,2.015625,2,2,2,3,0,0,0,0,0,6,10,0
2626,0.4,1,5,1,2500000,4e-07,2.515625,2.515625,2,2,2,3,0,0,0,0,0,6,10,0
2627,0.4,1,5,1,3200000,3.125e-07,3,3,3,3,3,3,0,0,0,0,0,6,10,0
2628,0.4,1,5,1,5000000,2e-07,5.015625,5.015625,5,5,5,6,1,1,1,1,1,6,10,1
2629,0.4,1,5,1,10000000,1e-07,10.015625,10.015625,10,10,10,11,1,1,1,1,1,6,10,1
2630,0.4,1,5,1.5,400000,2.5e-06,0.40625,0.40625,0,0,0,0,0,0,0,0,0,5.5,9.5,0
2631,0.4,1,5,1.5,600000,1.66666666666667e-06,0.796875,0.8125,0,0,0,1,0,0,0,0,0,5.5,9.5,0
2632,0.4,1,5,1.5,800000,1.25e-06,1,1,1,1,1,1,0,0,0,0,0,5.5,9.5,0
2633,0.4,1,5,1.5,1000000,1e-06,1.515625,1.515625,1,1,1,2,0,0,0,0,0,5.5,9.5,0
2634,0.4,1,5,1.5,1250000,8e-07,1.890625,1.890625,1,1,1,2,0,0,0,0,0,5.5,9.5,0
2635,0.4,1,5,1.5,1600000,6.25e-07,2.203125,2.203125,2,2,2,2,0,0,0,0,0,5.5,9.5,0
2636,0.4,1,5,1.5,2000000,5e-07,3.015625,3.015625,3,3,3,4,0,0,0,0,0,5.5,9.5,0
2637,0.4,1,5,1.5,2500000,4e-07,3.765625,3.765625,3,3,3,4,0,0,0,0,0,5.5,9.5,0
2638,0.4,1,5,1.5,3200000,3.125e-07,4.609375,4.609375,4,4,4,5,0.21875,0,0,0,1,5.5,9.5,1
2639,0.4,1,5,1.5,5000000,2e-07,7.515625,7.515625,7,7,7,8,1,1,1,1,1,5.5,9.5,1
2640,0.4,1,5,1.5,10000000,1e-07,15.015625,15.015625,15,15,15,16,1,1,1,1,1,5.5,9.5,1
2641,0.4,1,5,2,400000,2.5e-06,0.609375,0.59375,0,0,0,1,0,0,0,0,0,5,9,0
2642,0.4,1,5,2,600000,1.66666666666667e-06,1,1,1,1,1,1,0,0,0,0,0,5,9,0
2643,0.4,1,5,2,800000,1.25e-06,1.203125,1.203125,1,1,1,1,0,0,0,0,0,5,9,0
2644,0.4,1,5,2,1000000,1e-06,2.015625,2.015625,2,2,2,3,0,0,0,0,0,5,9,0
2645,0.4,1,5,2,1250000,8e-07,2.515625,2.515625,2,2,2,3,0,0,0,0,0,5,9,0
2646,0.4,1,5,2,1600000,6.25e-07,3,3,3,3,3,3,0,0,0,0,0,5,9,0
2647,0.4,1,5,2,2000000,5e-07,4.015625,4.015625,4,4,4,5,0.015625,0,0,0,1,5,9,1
2648,0.4,1,5,2,2500000,4e-07,5.015625,5.015625,5,5,5,6,1,1,1,1,1,5,9,1
2649,0.4,1,5,2,3200000,3.125e-07,6,6,6,6,6,6,1,1,1,1,1,5,9,1
2650,0.4,1,5,2,5000000,2e-07,10.015625,10.015625,10,10,10,11,1,1,1,1,1,5,9,1
2651,0.4,1,5,2,10000000,1e-07,20.015625,20.015625,20,20,20,21,1,1,1,1,1,5,9,1
2652,0.4,1,5,2.5,400000,2.5e-06,1,1,1,1,1,1,0,0,0,0,0,4.5,8.5,0
2653,0.4,1,5,2.5,600000,1.66666666666667e-06,1.296875,1.296875,1,1,1,1,0,0,0,0,0,4.5,8.5,0
2654,0.4,1,5,2.5,800000,1.25e-06,2,2,2,2,2,2,0,0,0,0,0,4.5,8.5,0
2655,0.4,1,5,2.5,1000000,1e-06,2.515625,2.515625,2,2,2,3,0,0,0,0,0,4.5,8.5,0
2656,0.4,1,5,2.5,1250000,8e-07,3.140625,3.140625,3,3,3,3,0,0,0,0,0,4.5,8.5,0
2657,0.4,1,5,2.5,1600000,6.25e-07,4,4,4,4,4,4,0,0,0,0,0,4.5,8.5,1
2658,0.4,1,5,2.5,2000000,5e-07,5.015625,5.015625,5,5,5,6,1,1,1,1,1,4.5,8.5,1
2659,0.4,1,5,2.5,2500000,4e-07,6.265625,6.265625,6,6,6,7,1,1,1,1,1,4.5,8.5,1
2660,0.4,1,5,2.5,3200000,3.125e-07,8,8,8,8,8,8,1,1,1,1,1,4.5,8.5,1
2661,0.4,1,5,2.5,5000000,2e-07,12.515625,12.515625,12,12,12,13,1,1,1,1,1,4.5,8.5,1
2662,0.4,1,5,2.5,10000000,1e-07,25.015625,25.015625,25,25,25,26,1,1,1,1,1,4.5,8.5,1
2663,0.4,1,5,3,400000,2.5e-06,1,1,1,1,1,1,0,0,0,0,0,4,8,0
2664,0.4,1,5,3,600000,1.66666666666667e-06,1.59375,1.59375,1,1,1,2,0,0,0,0,0,4,8,0
2665,0.4,1,5,3,800000,1.25e-06,2,2,2,2,2,2,0,0,0,0,0,4,8,0
2666,0.4,1,5,3,1000000,1e-06,3.015625,3.015625,3,3,3,4,0,0,0,0,0,4,8,0
2667,0.4,1,5,3,1250000,8e-07,3.765625,3.765625,3,3,3,4,0,0,0,0,0,4,8,0
2668,0.4,1,5,3,1600000,6.25e-07,4.59375,4.59375,4,4,4,5,0.59375,1,0,0,1,4,8,1
2669,0.4,1,5,3,2000000,5e-07,6.015625,6.015625,6,6,6,7,1,1,1,1,1,4,8,1
2670,0.4,1,5,3,2500000,4e-07,7.515625,7.515625,7,7,7,8,1,1,1,1,1,4,8,1
2671,0.4,1,5,3,3200000,3.125e-07,9.203125,9.203125,9,9,9,10,1,1,1,1,1,4,8,1
2672,0.4,1,5,3,5000000,2e-07,15.015625,15.015625,15,15,15,16,1,1,1,1,1,4,8,1
2673,0.4,1,5,3,10000000,1e-07,30.015625,30.015625,30,30,30,31,1,1,1,1,1,4,8,1
2674,0.4,1,5,5,400000,2.5e-06,2,2,2,2,2,2,0,0,0,0,0,2,6,0
2675,0.4,1,5,5,600000,1.66666666666667e-06,3,3,3,3,3,3,0,0,0,0,0,2,6,0
2676,0.4,1,5,5,800000,1.25e-06,4,4,4,4,4,4,0,0,0,0,0,2,6,1
2677,0.4,1,5,5,1000000,1e-06,5.015625,5.015625,5,5,5,6,1,1,1,1,1,2,6,1
2678,0.4,1,5,5,1250000,8e-07,6.265625,6.265625,6,6,6,7,1,1,1,1,1,2,6,1
2679,0.4,1,5,5,1600000,6.25e-07,8,8,8,8,8,8,1,1,1,1,1,2,6,1
2680,0.4,1,5,5,2000000,5e-07,10.015625,10.015625,10,10,10,11,1,1,1,1,1,2,6,1
2681,0.4,1,5,5,2500000,4e-07,12.515625,12.515625,12,12,12,13,1,1,1,1,1,2,6,1
2682,0.4,1,5,5,3200000,3.125e-07,16,16,16,16,16,16,1,1,1,1,1,2,6,1
2683,0.4,1,5,5,5000000,2e-07,25.015625,25.015625,25,25,25,26,1,1,1,1,1,2,6,1
2684,0.4,1,5,5,10000000,1e-07,50.015625,50.015625,50,50,50,51,1,1,1,1,1,2,6,1
2685,0.4,1,5,6,400000,2.5e-06,2.203125,2.203125,2,2,2,2,0,0,0,0,0,1,5,0
2686,0.4,1,5,6,600000,1.66666666666667e-06,3.390625,3.40625,3,3,3,4,0,0,0,0,0,1,5,0
2687,0.4,1,5,6,800000,1.25e-06,4.59375,4.609375,4,4,4,5,0.40625,0,0,0,1,1,5,1
2688,0.4,1,5,6,1000000,1e-06,6.015625,6.015625,6,6,6,7,1,1,1,1,1,1,5,1
2689,0.4,1,5,6,1250000,8e-07,7.515625,7.515625,7,7,7,8,1,1,1,1,1,1,5,1
2690,0.4,1,5,6,1600000,6.25e-07,9.390625,9.40625,9,9,9,10,1,1,1,1,1,1,5,1
2691,0.4,1,5,6,2000000,5e-07,12.015625,12.015625,12,12,12,13,1,1,1,1,1,1,5,1
2692,0.4,1,5,6,2500000,4e-07,15.015625,15.015625,15,15,15,16,1,1,1,1,1,1,5,1
2693,0.4,1,5,6,3200000,3.125e-07,19,19,19,19,19,19,1,1,1,1,1,1,5,1
2694,0.4,1,5,6,5000000,2e-07,30.015625,30.015625,30,30,30,31,1,1,1,1,1,1,5,1
2695,0.4,1,5,6,10000000,1e-07,60.015625,60.015625,60,60,60,61,1,1,1,1,1,1,5,1
2696,0.4,1,6,1,400000,2.5e-06,0.203125,0.203125,0,0,0,0,0,0,0,0,0,6,10,0
2697,0.4,1,6,1,600000,1.66666666666667e-06,0.390625,0.40625,0,0,0,1,0,0,0,0,0,6,10,0
2698,0.4,1,6,1,800000,1.25e-06,0.59375,0.609375,0,0,0,1,0,0,0,0,0,6,10,0
2699,0.4,1,6,1,1000000,1e-06,1.015625,1.015625,1,1,1,2,0,0,0,0,0,6,10,0
2700,0.4,1,6,1,1250000,8e-07,1.265625,1.265625,1,1,1,2,0,0,0,0,0,6,10,0
2701,0.4,1,6,1,1600000,6.25e-07,1.390625,1.40625,1,1,1,2,0,0,0,0,0,6,10,0
2702,0.4,1,6,1,2000000,5e-07,2.015625,2.015625,2,2,2,3,0,0,0,0,0,6,10,0
2703,0.4,1,6,1,2500000,4e-07,2.515625,2.515625,2,2,2,3,0,0,0,0,0,6,10,0
2704,0.4,1,6,1,3200000,3.125e-07,3,3,3,3,3,3,0,0,0,0,0,6,10,0
2705,0.4,1,6,1,5000000,2e-07,5.015625,5.015625,5,5,5,6,0.015625,0,0,0,1,6,10,1
2706,0.4,1,6,1,10000000,1e-07,10.015625,10.015625,10,10,10,11,1,1,1,1,1,6,10,1
2707,0.4,1,6,1.5,400000,2.5e-06,0.40625,0.40625,0,0,0,0,0,0,0,0,0,5.5,9.5,0
2708,0.4,1,6,1.5,600000,1.66666666666667e-06,0.796875,0.8125,0,0,0,1,0,0,0,0,0,5.5,9.5,0
2709,0.4,1,6,1.5,800000,1.25e-06,1,1,1,1,1,1,0,0,0,0,0,5.5,9.5,0
2710,0.4,1,6,1.5,1000000,1e-06,1.515625,1.515625,1,1,1,2,0,0,0,0,0,5.5,9.5,0
2711,0.4,1,6,1.5,1250000,8e-07,1.890625,1.890625,1,1,1,2,0,0,0,0,0,5.5,9.5,0
2712,0.4,1,6,1.5,1600000,6.25e-07,2.203125,2.203125,2,2,2,2,0,0,0,0,0,5.5,9.5,0
2713,0.4,1,6,1.5,2000000,5e-07,3.015625,3.015625,3,3,3,4,0,0,0,0,0,5.5,9.5,0
2714,0.4,1,6,1.5,2500000,4e-07,3.765625,3.765625,3,3,3,4,0,0,0,0,0,5.5,9.5,0
2715,0.4,1,6,1.5,3200000,3.125e-07,4.609375,4.609375,4,4,4,5,0,0,0,0,0,5.5,9.5,0
2716,0.4,1,6,1.5,5000000,2e-07,7.515625,7.515625,7,7,7,8,1,1,1,1,1,5.5,9.5,1
2717,0.4,1,6,1.5,10000000,1e-07,15.015625,15.015625,15,15,15,16,1,1,1,1,1,5.5,9.5,1
2718,0.4,1,6,2,400000,2.5e-06,0.609375,0.59375,0,0,0,1,0,0,0,0,0,5,9,0
2719,0.4,1,6,2,600000,1.66666666666667e-06,1,1,1,1,1,1,0,0,0,0,0,5,9,0
2720,0.4,1,6,2,800000,1.25e-06,1.203125,1.203125,1,1,1,1,0,0,0,0,0,5,9,0
2721,0.4,1,6,2,1000000,1e-06,2.015625,2.015625,2,2,2,3,0,0,0,0,0,5,9,0
2722,0.4,1,6,2,1250000,8e-07,2.515625,2.515625,2,2,2,3,0,0,0,0,0,5,9,0
2723,0.4,1,6,2,1600000,6.25e-07,3,3,3,3,3,3,0,0,0,0,0,5,9,0
2724,0.4,1,6,2,2000000,5e-07,4.015625,4.015625,4,4,4,5,0,0,0,0,0,5,9,0
2725,0.4,1,6,2,2500000,4e-07,5.015625,5.015625,5,5,5,6,0.015625,0,0,0,1,5,9,1
2726,0.4,1,6,2,3200000,3.125e-07,6,6,6,6,6,6,1,1,1,1,1,5,9,1
2727,0.4,1,6,2,5000000,2e-07,10.015625,10.015625,10,10,10,11,1,1,1,1,1,5,9,1
2728,0.4,1,6,2,10000000,1e-07,20.015625,20.015625,20,20,20,21,1,1,1,1,1,5,9,1
2729,0.4,1,6,2.5,400000,2.5e-06,1,1,1,1,1,1,0,0,0,0,0,4.5,8.5,0
2730,0.4,1,6,2.5,600000,1.66666666666667e-06,1.296875,1.296875,1,1,1,1,0,0,0,0,0,4.5,8.5,0
2731,0.4,1,6,2.5,800000,1.25e-06,2,2,2,2,2,2,0,0,0,0,0,4.5,8.5,0
2732,0.4,1,6,2.5,1000000,1e-06,2.515625,2.515625,2,2,2,3,0,0,0,0,0,4.5,8.5,0
2733,0.4,1,6,2.5,1250000,8e-07,3.140625,3.140625,3,3,3,3,0,0,0,0,0,4.5,8.5,0
2734,0.4,1,6,2.5,1600000,6.25e-07,4,4,4,4,4,4,0,0,0,0,0,4.5,8.5,0
2735,0.4,1,6,2.5,2000000,5e-07,5.015625,5.015625,5,5,5,6,0.015625,0,0,0,1,4.5,8.5,1
2736,0.4,1,6,2.5,2500000,4e-07,6.265625,6.265625,6,6,6,7,1,1,1,1,1,4.5,8.5,1
2737,0.4,1,6,2.5,3200000,3.125e-07,8,8,8,8,8,8,1,1,1,1,1,4.5,8.5,1
2738,0.4,1,6,2.5,5000000,2e-07,12.515625,12.515625,12,12,12,13,1,1,1,1,1,4.5,8.5,1
2739,0.4,1,6,2.5,10000000,1e-07,25.015625,25.015625,25,25,25,26,1,1,1,1,1,4.5,8.5,1
2740,0.4,1,6,3,400000,2.5e-06,1,1,1,1,1,1,0,0,0,0,0,4,8,0
2741,0.4,1,6,3,600000,1.66666666666667e-06,1.59375,1.59375,1,1,1,2,0,0,0,0,0,4,8,0
2742,0.4,1,6,3,800000,1.25e-06,2,2,2,2,2,2,0,0,0,0,0,4,8,0
2743,0.4,1,6,3,1000000,1e-06,3.015625,3.015625,3,3,3,4,0,0,0,0,0,4,8,0
2744,0.4,1,6,3,1250000,8e-07,3.765625,3.765625,3,3,3,4,0,0,0,0,0,4,8,0
2745,0.4,1,6,3,1600000,6.25e-07,4.59375,4.59375,4,4,4,5,0,0,0,0,0,4,8,0
2746,0.4,1,6,3,2000000,5e-07,6.015625,6.015625,6,6,6,7,1,1,1,1,1,4,8,1
2747,0.4,1,6,3,2500000,4e-07,7.515625,7.515625,7,7,7,8,1,1,1,1,1,4,8,1
2748,0.4,1,6,3,3200000,3.125e-07,9.203125,9.203125,9,9,9,10,1,1,1,1,1,4,8,1
2749,0.4,1,6,3,5000000,2e-07,15.015625,15.015625,15,15,15,16,1,1,1,1,1,4,8,1
2750,0.4,1,6,3,10000000,1e-07,30.015625,30.015625,30,30,30,31,1,1,1,1,1,4,8,1
2751,0.4,1,6,5,400000,2.5e-06,2,2,2,2,2,2,0,0,0,0,0,2,6,0
2752,0.4,1,6,5,600000,1.66666666666667e-06,3,3,3,3,3,3,0,0,0,0,0,2,6,0
2753,0.4,1,6,5,800000,1.25e-06,4,4,4,4,4,4,0,0,0,0,0,2,6,0
2754,0.4,1,6,5,1000000,1e-06,5.015625,5.015625,5,5,5,6,0.015625,0,0,0,1,2,6,1
2755,0.4,1,6,5,1250000,8e-07,6.265625,6.265625,6,6,6,7,1,1,1,1,1,2,6,1
2756,0.4,1,6,5,1600000,6.25e-07,8,8,8,8,8,8,1,1,1,1,1,2,6,1
2757,0.4,1,6,5,2000000,5e-07,10.015625,10.015625,10,10,10,11,1,1,1,1,1,2,6,1
2758,0.4,1,6,5,2500000,4e-07,12.515625,12.515625,12,12,12,13,1,1,1,1,1,2,6,1
2759,0.4,1,6,5,3200000,3.125e-07,16,16,16,16,16,16,1,1,1,1,1,2,6,1
2760,0.4,1,6,5,5000000,2e-07,25.015625,25.015625,25,25,25,26,1,1,1,1,1,2,6,1
2761,0.4,1,6,5,10000000,1e-07,50.015625,50.015625,50,50,50,51,1,1,1,1,1,2,6,1
2762,0.4,1,6,6,400000,2.5e-06,2.203125,2.203125,2,2,2,2,0,0,0,0,0,1,5,0
2763,0.4,1,6,6,600000,1.66666666666667e-06,3.390625,3.40625,3,3,3,4,0,0,0,0,0,1,5,0
2764,0.4,1,6,6,800000,1.25e-06,4.59375,4.609375,4,4,4,5,0,0,0,0,0,1,5,0
2765,0.4,1,6,6,1000000,1e-06,6.015625,6.015625,6,6,6,7,1,1,1,1,1,1,5,1
2766,0.4,1,6,6,1250000,8e-07,7.515625,7.515625,7,7,7,8,1,1,1,1,1,1,5,1
2767,0.4,1,6,6,1600000,6.25e-07,9.390625,9.40625,9,9,9,10,1,1,1,1,1,1,5,1
2768,0.4,1,6,6,2000000,5e-07,12.015625,12.015625,12,12,12,13,1,1,1,1,1,1,5,1
2769,0.4,1,6,6,2500000,4e-07,15.015625,15.015625,15,15,15,16,1,1,1,1,1,1,5,1
2770,0.4,1,6,6,3200000,3.125e-07,19,19,19,19,19,19,1,1,1,1,1,1,5,1
2771,0.4,1,6,6,5000000,2e-07,30.015625,30.015625,30,30,30,31,1,1,1,1,1,1,5,1
2772,0.4,1,6,6,10000000,1e-07,60.015625,60.015625,60,60,60,61,1,1,1,1,1,1,5,1
2773,0.45,0.2,3,1,400000,2.5e-06,0,0,0,0,0,0,0,0,0,0,0,7.8,9.8,0
2774,0.45,0.2,3,1,600000,1.66666666666667e-06,0.203125,0.203125,0,0,0,1,0,0,0,0,0,7.8,9.8,0
2775,0.45,0.2,3,1,800000,1.25e-06,0.59375,0.59375,0,0,0,1,0,0,0,0,0,7.8,9.8,0
2776,0.45,0.2,3,1,1000000,1e-06,1,1,1,1,1,1,0,0,0,0,0,7.8,9.8,0
2777,0.45,0.2,3,1,1250000,8e-07,1.015625,1.015625,1,1,1,1,0,0,0,0,0,7.8,9.8,0
2778,0.45,0.2,3,1,1600000,6.25e-07,1.203125,1.1875,1,1,1,1,0,0,0,0,0,7.8,9.8,0
2779,0.45,0.2,3,1,2000000,5e-07,2,2,2,2,2,2,0,0,0,0,0,7.8,9.8,1
2780,0.45,0.2,3,1,2500000,4e-07,2.03125,2.03125,2,2,2,3,0.03125,0,0,0,1,7.8,9.8,1
2781,0.45,0.2,3,1,3200000,3.125e-07,3,3,3,3,3,3,1,1,1,1,1,7.8,9.8,1
2782,0.45,0.2,3,1,5000000,2e-07,5.015625,5.015625,5,5,5,6,1,1,1,1,1,7.8,9.8,1
2783,0.45,0.2,3,1,10000000,1e-07,10.015625,10.015625,10,10,10,11,1,1,1,1,1,7.8,9.8,1
2784,0.45,0.2,3,1.5,400000,2.5e-06,0.203125,0.1875,0,0,0,0,0,0,0,0,0,7.3,9.3,0
2785,0.45,0.2,3,1.5,600000,1.66666666666667e-06,0.796875,0.796875,0,0,0,1,0,0,0,0,0,7.3,9.3,0
2786,0.45,0.2,3,1.5,800000,1.25e-06,1,1,1,1,1,1,0,0,0,0,0,7.3,9.3,0
2787,0.45,0.2,3,1.5,1000000,1e-06,1.5,1.5,1,1,1,2,0,0,0,0,0,7.3,9.3,0
2788,0.45,0.2,3,1.5,1250000,8e-07,1.78125,1.78125,1,1,1,2,0,0,0,0,0,7.3,9.3,0
2789,0.45,0.2,3,1.5,1600000,6.25e-07,2,2,2,2,2,2,0,0,0,0,0,7.3,9.3,1
2790,0.45,0.2,3,1.5,2000000,5e-07,3,3,3,3,3,3,1,1,1,1,1,7.3,9.3,1
2791,0.45,0.2,3,1.5,2500000,4e-07,3.53125,3.53125,3,3,3,4,1,1,1,1,1,7.3,9.3,1
2792,0.45,0.2,3,1.5,3200000,3.125e-07,4.609375,4.609375,4,4,4,5,1,1,1,1,1,7.3,9.3,1
2793,0.45,0.2,3,1.5,5000000,2e-07,7.515625,7.515625,7,7,7,8,1,1,1,1,1,7.3,9.3,1
2794,0.45,0.2,3,1.5,10000000,1e-07,15.015625,15.015625,15,15,15,16,1,1,1,1,1,7.3,9.3,1
2795,0.45,0.2,3,2,400000,2.5e-06,0.59375,0.59375,0,0,0,1,0,0,0,0,0,6.8,8.8,0
2796,0.45,0.2,3,2,600000,1.66666666666667e-06,1,1,1,1,1,1,0,0,0,0,0,6.8,8.8,0
2797,0.45,0.2,3,2,800000,1.25e-06,1.390625,1.390625,1,1,1,2,0,0,0,0,0,6.8,8.8,0
2798,0.45,0.2,3,2,1000000,1e-06,2,2,2,2,2,2,0,0,0,0,0,6.8,8.8,1
2799,0.45,0.2,3,2,1250000,8e-07,2.265625,2.265625,2,2,2,3,0.265625,0,0,0,1,6.8,8.8,1
2800,0.45,0.2,3,2,1600000,6.25e-07,3,3,3,3,3,3,1,1,1,1,1,6.8,8.8,1
2801,0.45,0.2,3,2,2000000,5e-07,4,4,4,4,4,4,1,1,1,1,1,6.8,8.8,1
2802,0.45,0.2,3,2,2500000,4e-07,5,5,5,5,5,5,1,1,1,1,1,6.8,8.8,1
2803,0.45,0.2,3,2,3200000,3.125e-07,6.203125,6.203125,6,6,6,6,1,1,1,1,1,6.8,8.8,1
2804,0.45,0.2,3,2,5000000,2e-07,10.015625,10.015625,10,10,10,11,1,1,1,1,1,6.8,8.8,1
2805,0.45,0.2,3,2,10000000,1e-07,20.015625,20.015625,20,20,20,21,1,1,1,1,1,6.8,8.8,1
2806,0.45,0.2,3,2.5,400000,2.5e-06,1,1,1,1,1,1,0,0,0,0,0,6.3,8.3,0
2807,0.45,0.2,3,2.5,600000,1.66666666666667e-06,1.109375,1.09375,1,1,1,1,0,0,0,0,0,6.3,8.3,0
2808,0.45,0.2,3,2.5,800000,1.25e-06,2,2,2,2,2,2,0,0,0,0,0,6.3,8.3,1
2809,0.45,0.2,3,2.5,1000000,1e-06,2.5,2.5,2,2,2,3,0.390625,0,0,0,1,6.3,8.3,1
2810,0.45,0.2,3,2.5,1250000,8e-07,3,3,3,3,3,3,1,1,1,1,1,6.3,8.3,1
2811,0.45,0.2,3,2.5,1600000,6.25e-07,4,4,4,4,4,4,1,1,1,1,1,6.3,8.3,1
2812,0.45,0.2,3,2.5,2000000,5e-07,5,5,5,5,5,5,1,1,1,1,1,6.3,8.3,1
2813,0.45,0.2,3,2.5,2500000,4e-07,6,6,6,6,6,6,1,1,1,1,1,6.3,8.3,1
2814,0.45,0.2,3,2.5,3200000,3.125e-07,8,8,8,8,8,8,1,1,1,1,1,6.3,8.3,1
2815,0.45,0.2,3,2.5,5000000,2e-07,12.515625,12.515625,12,12,12,13,1,1,1,1,1,6.3,8.3,1
2816,0.45,0.2,3,2.5,10000000,1e-07,25.015625,25.015625,25,25,25,26,1,1,1,1,1,6.3,8.3,1
2817,0.45,0.2,3,3,400000,2.5e-06,1,1,1,1,1,1,0,0,0,0,0,5.8,7.8,0
2818,0.45,0.2,3,3,600000,1.66666666666667e-06,1.59375,1.59375,1,1,1,2,0,0,0,0,0,5.8,7.8,0
2819,0.45,0.2,3,3,800000,1.25e-06,2.203125,2.1875,2,2,2,2,0,0,0,0,0,5.8,7.8,1
2820,0.45,0.2,3,3,1000000,1e-06,3,3,3,3,3,3,1,1,1,1,1,5.8,7.8,1
2821,0.45,0.2,3,3,1250000,8e-07,3.53125,3.53125,3,3,3,4,1,1,1,1,1,5.8,7.8,1
2822,0.45,0.2,3,3,1600000,6.25e-07,4.609375,4.59375,4,4,4,5,1,1,1,1,1,5.8,7.8,1
2823,0.45,0.2,3,3,2000000,5e-07,6,6,6,6,6,6,1,1,1,1,1,5.8,7.8,1
2824,0.45,0.2,3,3,2500000,4e-07,7.03125,7.03125,7,7,7,8,1,1,1,1,1,5.8,7.8,1
2825,0.45,0.2,3,3,3200000,3.125e-07,9.40625,9.40625,9,9,9,10,1,1,1,1,1,5.8,7.8,1
2826,0.45,0.2,3,3,5000000,2e-07,15.015625,15.015625,15,15,15,16,1,1,1,1,1,5.8,7.8,1
2827,0.45,0.2,3,3,10000000,1e-07,30.015625,30.015625,30,30,30,31,1,1,1,1,1,5.8,7.8,1
2828,0.45,0.2,3,5,400000,2.5e-06,2,2,2,2,2,2,0,0,0,0,0,3.8,5.8,1
2829,0.45,0.2,3,5,600000,1.66666666666667e-06,3,3,3,3,3,3,1,1,1,1,1,3.8,5.8,1
2830,0.45,0.2,3,5,800000,1.25e-06,4,4,4,4,4,4,1,1,1,1,1,3.8,5.8,1
2831,0.45,0.2,3,5,1000000,1e-06,5,5,5,5,5,5,1,1,1,1,1,3.8,5.8,1
2832,0.45,0.2,3,5,1250000,8e-07,6.015625,6.015625,6,6,6,6,1,1,1,1,1,3.8,5.8,1
2833,0.45,0.2,3,5,1600000,6.25e-07,8,8,8,8,8,8,1,1,1,1,1,3.8,5.8,1
2834,0.45,0.2,3,5,2000000,5e-07,10,10,10,10,10,10,1,1,1,1,1,3.8,5.8,1
2835,0.45,0.2,3,5,2500000,4e-07,12.03125,12.03125,12,12,12,13,1,1,1,1,1,3.8,5.8,1
2836,0.45,0.2,3,5,3200000,3.125e-07,16,16,16,16,16,16,1,1,1,1,1,3.8,5.8,1
2837,0.45,0.2,3,5,5000000,2e-07,25.015625,25.015625,25,25,25,26,1,1,1,1,1,3.8,5.8,1
2838,0.45,0.2,3,5,10000000,1e-07,50.015625,50.015625,50,50,50,51,1,1,1,1,1,3.8,5.8,1
2839,0.45,0.2,3,6,400000,2.5e-06,2,2,2,2,2,2,0,0,0,0,0,2.8,4.8,1
2840,0.45,0.2,3,6,600000,1.66666666666667e-06,3.203125,3.203125,3,3,3,4,1,1,1,1,1,2.8,4.8,1
2841,0.45,0.2,3,6,800000,1.25e-06,4.59375,4.59375,4,4,4,5,1,1,1,1,1,2.8,4.8,1
2842,0.45,0.2,3,6,1000000,1e-06,6,6,6,6,6,6,1,1,1,1,1,2.8,4.8,1
2843,0.45,0.2,3,6,1250000,8e-07,7.265625,7.265625,7,7,7,8,1,1,1,1,1,2.8,4.8,1
2844,0.45,0.2,3,6,1600000,6.25e-07,9.203125,9.1875,9,9,9,9,1,1,1,1,1,2.8,4.8,1
2845,0.45,0.2,3,6,2000000,5e-07,12,12,12,12,12,12,1,1,1,1,1,2.8,4.8,1
2846,0.45,0.2,3,6,2500000,4e-07,15,15,15,15,15,15,1,1,1,1,1,2.8,4.8,1
2847,0.45,0.2,3,6,3200000,3.125e-07,19,19,19,19,19,19,1,1,1,1,1,2.8,4.8,1
2848,0.45,0.2,3,6,5000000,2e-07,30.015625,30.015625,30,30,30,31,1,1,1,1,1,2.8,4.8,1
2849,0.45,0.2,3,6,10000000,1e-07,60.015625,60.015625,60,60,60,61,1,1,1,1,1,2.8,4.8,1
2850,0.45,0.2,4,1,400000,2.5e-06,0,0,0,0,0,0,0,0,0,0,0,7.8,9.8,0
2851,0.45,0.2,4,1,600000,1.66666666666667e-06,0.203125,0.203125,0,0,0,1,0,0,0,0,0,7.8,9.8,0
2852,0.45,0.2,4,1,800000,1.25e-06,0.59375,0.59375,0,0,0,1,0,0,0,0,0,7.8,9.8,0
2853,0.45,0.2,4,1,1000000,1e-06,1,1,1,1,1,1,0,0,0,0,0,7.8,9.8,0
2854,0.45,0.2,4,1,1250000,8e-07,1.015625,1.015625,1,1,1,1,0,0,0,0,0,7.8,9.8,0
2855,0.45,0.2,4,1,1600000,6.25e-07,1.203125,1.1875,1,1,1,1,0,0,0,0,0,7.8,9.8,0
2856,0.45,0.2,4,1,2000000,5e-07,2,2,2,2,2,2,0,0,0,0,0,7.8,9.8,0
2857,0.45,0.2,4,1,2500000,4e-07,2.03125,2.03125,2,2,2,3,0,0,0,0,0,7.8,9.8,0
2858,0.45,0.2,4,1,3200000,3.125e-07,3,3,3,3,3,3,0,0,0,0,0,7.8,9.8,1
2859,0.45,0.2,4,1,5000000,2e-07,5.015625,5.015625,5,5,5,6,1,1,1,1,1,7.8,9.8,1
2860,0.45,0.2,4,1,10000000,1e-07,10.015625,10.015625,10,10,10,11,1,1,1,1,1,7.8,9.8,1
2861,0.45,0.2,4,1.5,400000,2.5e-06,0.203125,0.1875,0,0,0,0,0,0,0,0,0,7.3,9.3,0
2862,0.45,0.2,4,1.5,600000,1.66666666666667e-06,0.796875,0.796875,0,0,0,1,0,0,0,0,0,7.3,9.3,0
2863,0.45,0.2,4,1.5,800000,1.25e-06,1,1,1,1,1,1,0,0,0,0,0,7.3,9.3,0
2864,0.45,0.2,4,1.5,1000000,1e-06,1.5,1.5,1,1,1,2,0,0,0,0,0,7.3,9.3,0
2865,0.45,0.2,4,1.5,1250000,8e-07,1.78125,1.78125,1,1,1,2,0,0,0,0,0,7.3,9.3,0
2866,0.45,0.2,4,1.5,1600000,6.25e-07,2,2,2,2,2,2,0,0,0,0,0,7.3,9.3,0
2867,0.45,0.2,4,1.5,2000000,5e-07,3,3,3,3,3,3,0,0,0,0,0,7.3,9.3,1
2868,0.45,0.2,4,1.5,2500000,4e-07,3.53125,3.53125,3,3,3,4,0.0625,0,0,0,1,7.3,9.3,1
2869,0.45,0.2,4,1.5,3200000,3.125e-07,4.609375,4.609375,4,4,4,5,1,1,1,1,1,7.3,9.3,1
2870,0.45,0.2,4,1.5,5000000,2e-07,7.515625,7.515625,7,7,7,8,1,1,1,1,1,7.3,9.3,1
2871,0.45,0.2,4,1.5,10000000,1e-07,15.015625,15.015625,15,15,15,16,1,1,1,1,1,7.3,9.3,1
2872,0.45,0.2,4,2,400000,2.5e-06,0.59375,0.59375,0,0,0,1,0,0,0,0,0,6.8,8.8,0
2873,0.45,0.2,4,2,600000,1.66666666666667e-06,1,1,1,1,1,1,0,0,0,0,0,6.8,8.8,0
2874,0.45,0.2,4,2,800000,1.25e-06,1.390625,1.390625,1,1,1,2,0,0,0,0,0,6.8,8.8,0
2875,0.45,0.2,4,2,1000000,1e-06,2,2,2,2,2,2,0,0,0,0,0,6.8,8.8,0
2876,0.45,0.2,4,2,1250000,8e-07,2.265625,2.265625,2,2,2,3,0,0,0,0,0,6.8,8.8,0
2877,0.45,0.2,4,2,1600000,6.25e-07,3,3,3,3,3,3,0,0,0,0,0,6.8,8.8,1
2878,0.45,0.2,4,2,2000000,5e-07,4,4,4,4,4,4,1,1,1,1,1,6.8,8.8,1
2879,0.45,0.2,4,2,2500000,4e-07,5,5,5,5,5,5,1,1,1,1,1,6.8,8.8,1
2880,0.45,0.2,4,2,3200000,3.125e-07,6.203125,6.203125,6,6,6,6,1,1,1,1,1,6.8,8.8,1
2881,0.45,0.2,4,2,5000000,2e-07,10.015625,10.015625,10,10,10,11,1,1,1,1,1,6.8,8.8,1
2882,0.45,0.2,4,2,10000000,1e-07,20.015625,20.015625,20,20,20,21,1,1,1,1,1,6.8,8.8,1
2883,0.45,0.2,4,2.5,400000,2.5e-06,1,1,1,1,1,1,0,0,0,0,0,6.3,8.3,0
2884,0.45,0.2,4,2.5,600000,1.66666666666667e-06,1.109375,1.09375,1,1,1,1,0,0,0,0,0,6.3,8.3,0
2885,0.45,0.2,4,2.5,800000,1.25e-06,2,2,2,2,2,2,0,0,0,0,0,6.3,8.3,0
2886,0.45,0.2,4,2.5,1000000,1e-06,2.5,2.5,2,2,2,3,0,0,0,0,0,6.3,8.3,0
2887,0.45,0.2,4,2.5,1250000,8e-07,3,3,3,3,3,3,0,0,0,0,0,6.3,8.3,1
2888,0.45,0.2,4,2.5,1600000,6.25e-07,4,4,4,4,4,4,1,1,1,1,1,6.3,8.3,1
2889,0.45,0.2,4,2.5,2000000,5e-07,5,5,5,5,5,5,1,1,1,1,1,6.3,8.3,1
2890,0.45,0.2,4,2.5,2500000,4e-07,6,6,6,6,6,6,1,1,1,1,1,6.3,8.3,1
2891,0.45,0.2,4,2.5,3200000,3.125e-07,8,8,8,8,8,8,1,1,1,1,1,6.3,8.3,1
2892,0.45,0.2,4,2.5,5000000,2e-07,12.515625,12.515625,12,12,12,13,1,1,1,1,1,6.3,8.3,1
2893,0.45,0.2,4,2.5,10000000,1e-07,25.015625,25.015625,25,25,25,26,1,1,1,1,1,6.3,8.3,1
2894,0.45,0.2,4,3,400000,2.5e-06,1,1,1,1,1,1,0,0,0,0,0,5.8,7.8,0
2895,0.45,0.2,4,3,600000,1.66666666666667e-06,1.59375,1.59375,1,1,1,2,0,0,0,0,0,5.8,7.8,0
2896,0.45,0.2,4,3,800000,1.25e-06,2.203125,2.1875,2,2,2,2,0,0,0,0,0,5.8,7.8,0
2897,0.45,0.2,4,3,1000000,1e-06,3,3,3,3,3,3,0,0,0,0,0,5.8,7.8,1
2898,0.45,0.2,4,3,1250000,8e-07,3.53125,3.53125,3,3,3,4,0.296875,0,0,0,1,5.8,7.8,1
2899,0.45,0.2,4,3,1600000,6.25e-07,4.609375,4.59375,4,4,4,5,1,1,1,1,1,5.8,7.8,1
2900,0.45,0.2,4,3,2000000,5e-07,6,6,6,6,6,6,1,1,1,1,1,5.8,7.8,1
2901,0.45,0.2,4,3,2500000,4e-07,7.03125,7.03125,7,7,7,8,1,1,1,1,1,5.8,7.8,1
2902,0.45,0.2,4,3,3200000,3.125e-07,9.40625,9.40625,9,9,9,10,1,1,1,1,1,5.8,7.8,1
2903,0.45,0.2,4,3,5000000,2e-07,15.015625,15.015625,15,15,15,16,1,1,1,1,1,5.8,7.8,1
2904,0.45,0.2,4,3,10000000,1e-07,30.015625,30.015625,30,30,30,31,1,1,1,1,1,5.8,7.8,1
2905,0.45,0.2,4,5,400000,2.5e-06,2,2,2,2,2,2,0,0,0,0,0,3.8,5.8,0
2906,0.45,0.2,4,5,600000,1.66666666666667e-06,3,3,3,3,3,3,0,0,0,0,0,3.8,5.8,1
2907,0.45,0.2,4,5,800000,1.25e-06,4,4,4,4,4,4,1,1,1,1,1,3.8,5.8,1
2908,0.45,0.2,4,5,1000000,1e-06,5,5,5,5,5,5,1,1,1,1,1,3.8,5.8,1
2909,0.45,0.2,4,5,1250000,8e-07,6.015625,6.015625,6,6,6,6,1,1,1,1,1,3.8,5.8,1
2910,0.45,0.2,4,5,1600000,6.25e-07,8,8,8,8,8,8,1,1,1,1,1,3.8,5.8,1
2911,0.45,0.2,4,5,2000000,5e-07,10,10,10,10,10,10,1,1,1,1,1,3.8,5.8,1
2912,0.45,0.2,4,5,2500000,4e-07,12.03125,12.03125,12,12,12,13,1,1,1,1,1,3.8,5.8,1
2913,0.45,0.2,4,5,3200000,3.125e-07,16,16,16,16,16,16,1,1,1,1,1,3.8,5.8,1
2914,0.45,0.2,4,5,5000000,2e-07,25.015625,25.015625,25,25,25,26,1,1,1,1,1,3.8,5.8,1
2915,0.45,0.2,4,5,10000000,1e-07,50.015625,50.015625,50,50,50,51,1,1,1,1,1,3.8,5.8,1
2916,0.45,0.2,4,6,400000,2.5e-06,2,2,2,2,2,2,0,0,0,0,0,2.8,4.8,0
2917,0.45,0.2,4,6,600000,1.66666666666667e-06,3.203125,3.203125,3,3,3,4,0.046875,0,0,0,1,2.8,4.8,1
2918,0.45,0.2,4,6,800000,1.25e-06,4.59375,4.59375,4,4,4,5,1,1,1,1,1,2.8,4.8,1
2919,0.45,0.2,4,6,1000000,1e-06,6,6,6,6,6,6,1,1,1,1,1,2.8,4.8,1
2920,0.45,0.2,4,6,1250000,8e-07,7.265625,7.265625,7,7,7,8,1,1,1,1,1,2.8,4.8,1
2921,0.45,0.2,4,6,1600000,6.25e-07,9.203125,9.1875,9,9,9,9,1,1,1,1,1,2.8,4.8,1
2922,0.45,0.2,4,6,2000000,5e-07,12,12,12,12,12,12,1,1,1,1,1,2.8,4.8,1
2923,0.45,0.2,4,6,2500000,4e-07,15,15,15,15,15,15,1,1,1,1,1,2.8,4.8,1
2924,0.45,0.2,4,6,3200000,3.125e-07,19,19,19,19,19,19,1,1,1,1,1,2.8,4.8,1
2925,0.45,0.2,4,6,5000000,2e-07,30.015625,30.015625,30,30,30,31,1,1,1,1,1,2.8,4.8,1
2926,0.45,0.2,4,6,10000000,1e-07,60.015625,60.015625,60,60,60,61,1,1,1,1,1,2.8,4.8,1
2927,0.45,0.2,5,1,400000,2.5e-06,0,0,0,0,0,0,0,0,0,0,0,7.8,9.8,0
2928,0.45,0.2,5,1,600000,1.66666666666667e-06,0.203125,0.203125,0,0,0,1,0,0,0,0,0,7.8,9.8,0
2929,0.45,0.2,5,1,800000,1.25e-06,0.59375,0.59375,0,0,0,1,0,0,0,0,0,7.8,9.8,0
2930,0.45,0.2,5,1,1000000,1e-06,1,1,1,1,1,1,0,0,0,0,0,7.8,9.8,0
2931,0.45,0.2,5,1,1250000,8e-07,1.015625,1.015625,1,1,1,1,0,0,0,0,0,7.8,9.8,0
2932,0.45,0.2,5,1,1600000,6.25e-07,1.203125,1.1875,1,1,1,1,0,0,0,0,0,7.8,9.8,0
2933,0.45,0.2,5,1,2000000,5e-07,2,2,2,2,2,2,0,0,0,0,0,7.8,9.8,0
2934,0.45,0.2,5,1,2500000,4e-07,2.03125,2.03125,2,2,2,3,0,0,0,0,0,7.8,9.8,0
2935,0.45,0.2,5,1,3200000,3.125e-07,3,3,3,3,3,3,0,0,0,0,0,7.8,9.8,0
2936,0.45,0.2,5,1,5000000,2e-07,5.015625,5.015625,5,5,5,6,1,1,1,1,1,7.8,9.8,1
2937,0.45,0.2,5,1,10000000,1e-07,10.015625,10.015625,10,10,10,11,1,1,1,1,1,7.8,9.8,1
2938,0.45,0.2,5,1.5,400000,2.5e-06,0.203125,0.1875,0,0,0,0,0,0,0,0,0,7.3,9.3,0
2939,0.45,0.2,5,1.5,600000,1.66666666666667e-06,0.796875,0.796875,0,0,0,1,0,0,0,0,0,7.3,9.3,0
2940,0.45,0.2,5,1.5,800000,1.25e-06,1,1,1,1,1,1,0,0,0,0,0,7.3,9.3,0
2941,0.45,0.2,5,1.5,1000000,1e-06,1.5,1.5,1,1,1,2,0,0,0,0,0,7.3,9.3,0
2942,0.45,0.2,5,1.5,1250000,8e-07,1.78125,1.78125,1,1,1,2,0,0,0,0,0,7.3,9.3,0
2943,0.45,0.2,5,1.5,1600000,6.25e-07,2,2,2,2,2,2,0,0,0,0,0,7.3,9.3,0
2944,0.45,0.2,5,1.5,2000000,5e-07,3,3,3,3,3,3,0,0,0,0,0,7.3,9.3,0
2945,0.45,0.2,5,1.5,2500000,4e-07,3.53125,3.53125,3,3,3,4,0,0,0,0,0,7.3,9.3,0
2946,0.45,0.2,5,1.5,3200000,3.125e-07,4.609375,4.609375,4,4,4,5,0.53125,1,0,0,1,7.3,9.3,1
2947,0.45,0.2,5,1.5,5000000,2e-07,7.515625,7.515625,7,7,7,8,1,1,1,1,1,7.3,9.3,1
2948,0.45,0.2,5,1.5,10000000,1e-07,15.015625,15.015625,15,15,15,16,1,1,1,1,1,7.3,9.3,1
2949,0.45,0.2,5,2,400000,2.5e-06,0.59375,0.59375,0,0,0,1,0,0,0,0,0,6.8,8.8,0
2950,0.45,0.2,5,2,600000,1.66666666666667e-06,1,1,1,1,1,1,0,0,0,0,0,6.8,8.8,0
2951,0.45,0.2,5,2,800000,1.25e-06,1.390625,1.390625,1,1,1,2,0,0,0,0,0,6.8,8.8,0
2952,0.45,0.2,5,2,1000000,1e-06,2,2,2,2,2,2,0,0,0,0,0,6.8,8.8,0
2953,0.45,0.2,5,2,1250000,8e-07,2.265625,2.265625,2,2,2,3,0,0,0,0,0,6.8,8.8,0
2954,0.45,0.2,5,2,1600000,6.25e-07,3,3,3,3,3,3,0,0,0,0,0,6.8,8.8,0
2955,0.45,0.2,5,2,2000000,5e-07,4,4,4,4,4,4,0,0,0,0,0,6.8,8.8,1
2956,0.45,0.2,5,2,2500000,4e-07,5,5,5,5,5,5,1,1,1,1,1,6.8,8.8,1
2957,0.45,0.2,5,2,3200000,3.125e-07,6.203125,6.203125,6,6,6,6,1,1,1,1,1,6.8,8.8,1
2958,0.45,0.2,5,2,5000000,2e-07,10.015625,10.015625,10,10,10,11,1,1,1,1,1,6.8,8.8,1
2959,0.45,0.2,5,2,10000000,1e-07,20.015625,20.015625,20,20,20,21,1,1,1,1,1,6.8,8.8,1
2960,0.45,0.2,5,2.5,400000,2.5e-06,1,1,1,1,1,1,0,0,0,0,0,6.3,8.3,0
2961,0.45,0.2,5,2.5,600000,1.66666666666667e-06,1.109375,1.09375,1,1,1,1,0,0,0,0,0,6.3,8.3,0
2962,0.45,0.2,5,2.5,800000,1.25e-06,2,2,2,2,2,2,0,0,0,0,0,6.3,8.3,0
2963,0.45,0.2,5,2.5,1000000,1e-06,2.5,2.5,2,2,2,3,0,0,0,0,0,6.3,8.3,0
2964,0.45,0.2,5,2.5,1250000,8e-07,3,3,3,3,3,3,0,0,0,0,0,6.3,8.3,0
2965,0.45,0.2,5,2.5,1600000,6.25e-07,4,4,4,4,4,4,0,0,0,0,0,6.3,8.3,1
2966,0.45,0.2,5,2.5,2000000,5e-07,5,5,5,5,5,5,1,1,1,1,1,6.3,8.3,1
2967,0.45,0.2,5,2.5,2500000,4e-07,6,6,6,6,6,6,1,1,1,1,1,6.3,8.3,1
2968,0.45,0.2,5,2.5,3200000,3.125e-07,8,8,8,8,8,8,1,1,1,1,1,6.3,8.3,1
2969,0.45,0.2,5,2.5,5000000,2e-07,12.515625,12.515625,12,12,12,13,1,1,1,1,1,6.3,8.3,1
2970,0.45,0.2,5,2.5,10000000,1e-07,25.015625,25.015625,25,25,25,26,1,1,1,1,1,6.3,8.3,1
2971,0.45,0.2,5,3,400000,2.5e-06,1,1,1,1,1,1,0,0,0,0,0,5.8,7.8,0
2972,0.45,0.2,5,3,600000,1.66666666666667e-06,1.59375,1.59375,1,1,1,2,0,0,0,0,0,5.8,7.8,0
2973,0.45,0.2,5,3,800000,1.25e-06,2.203125,2.1875,2,2,2,2,0,0,0,0,0,5.8,7.8,0
2974,0.45,0.2,5,3,1000000,1e-06,3,3,3,3,3,3,0,0,0,0,0,5.8,7.8,0
2975,0.45,0.2,5,3,1250000,8e-07,3.53125,3.53125,3,3,3,4,0,0,0,0,0,5.8,7.8,0
2976,0.45,0.2,5,3,1600000,6.25e-07,4.609375,4.59375,4,4,4,5,0.40625,0,0,0,1,5.8,7.8,1
2977,0.45,0.2,5,3,2000000,5e-07,6,6,6,6,6,6,1,1,1,1,1,5.8,7.8,1
2978,0.45,0.2,5,3,2500000,4e-07,7.03125,7.03125,7,7,7,8,1,1,1,1,1,5.8,7.8,1
2979,0.45,0.2,5,3,3200000,3.125e-07,9.40625,9.40625,9,9,9,10,1,1,1,1,1,5.8,7.8,1
2980,0.45,0.2,5,3,5000000,2e-07,15.015625,15.015625,15,15,15,16,1,1,1,1,1,5.8,7.8,1
2981,0.45,0.2,5,3,10000000,1e-07,30.015625,30.015625,30,30,30,31,1,1,1,1,1,5.8,7.8,1
2982,0.45,0.2,5,5,400000,2.5e-06,2,2,2,2,2,2,0,0,0,0,0,3.8,5.8,0
2983,0.45,0.2,5,5,600000,1.66666666666667e-06,3,3,3,3,3,3,0,0,0,0,0,3.8,5.8,0
2984,0.45,0.2,5,5,800000,1.25e-06,4,4,4,4,4,4,0,0,0,0,0,3.8,5.8,1
2985,0.45,0.2,5,5,1000000,1e-06,5,5,5,5,5,5,1,1,1,1,1,3.8,5.8,1
2986,0.45,0.2,5,5,1250000,8e-07,6.015625,6.015625,6,6,6,6,1,1,1,1,1,3.8,5.8,1
2987,0.45,0.2,5,5,1600000,6.25e-07,8,8,8,8,8,8,1,1,1,1,1,3.8,5.8,1
2988,0.45,0.2,5,5,2000000,5e-07,10,10,10,10,10,10,1,1,1,1,1,3.8,5.8,1
2989,0.45,0.2,5,5,2500000,4e-07,12.03125,12.03125,12,12,12,13,1,1,1,1,1,3.8,5.8,1
2990,0.45,0.2,5,5,3200000,3.125e-07,16,16,16,16,16,16,1,1,1,1,1,3.8,5.8,1
2991,0.45,0.2,5,5,5000000,2e-07,25.015625,25.015625,25,25,25,26,1,1,1,1,1,3.8,5.8,1
2992,0.45,0.2,5,5,10000000,1e-07,50.015625,50.015625,50,50,50,51,1,1,1,1,1,3.8,5.8,1
2993,0.45,0.2,5,6,400000,2.5e-06,2,2,2,2,2,2,0,0,0,0,0,2.8,4.8,0
2994,0.45,0.2,5,6,600000,1.66666666666667e-06,3.203125,3.203125,3,3,3,4,0,0,0,0,0,2.8,4.8,0
2995,0.45,0.2,5,6,800000,1.25e-06,4.59375,4.59375,4,4,4,5,0.46875,0,0,0,1,2.8,4.8,1
2996,0.45,0.2,5,6,1000000,1e-06,6,6,6,6,6,6,1,1,1,1,1,2.8,4.8,1
2997,0.45,0.2,5,6,1250000,8e-07,7.265625,7.265625,7,7,7,8,1,1,1,1,1,2.8,4.8,1
2998,0.45,0.2,5,6,1600000,6.25e-07,9.203125,9.1875,9,9,9,9,1,1,1,1,1,2.8,4.8,1
2999,0.45,0.2,5,6,2000000,5e-07,12,12,12,12,12,12,1,1,1,1,1,2.8,4.8,1
3000,0.45,0.2,5,6,2500000,4e-07,15,15,15,15,15,15,1,1,1,1,1,2.8,4.8,1
3001,0.45,0.2,5,6,3200000,3.125e-07,19,19,19,19,19,19,1,1,1,1,1,2.8,4.8,1
3002,0.45,0.2,5,6,5000000,2e-07,30.015625,30.015625,30,30,30,31,1,1,1,1,1,2.8,4.8,1
3003,0.45,0.2,5,6,10000000,1e-07,60.015625,60.015625,60,60,60,61,1,1,1,1,1,2.8,4.8,1
3004,0.45,0.2,6,1,400000,2.5e-06,0,0,0,0,0,0,0,0,0,0,0,7.8,9.8,0
3005,0.45,0.2,6,1,600000,1.66666666666667e-06,0.203125,0.203125,0,0,0,1,0,0,0,0,0,7.8,9.8,0
3006,0.45,0.2,6,1,800000,1.25e-06,0.59375,0.59375,0,0,0,1,0,0,0,0,0,7.8,9.8,0
3007,0.45,0.2,6,1,1000000,1e-06,1,1,1,1,1,1,0,0,0,0,0,7.8,9.8,0
3008,0.45,0.2,6,1,1250000,8e-07,1.015625,1.015625,1,1,1,1,0,0,0,0,0,7.8,9.8,0
3009,0.45,0.2,6,1,1600000,6.25e-07,1.203125,1.1875,1,1,1,1,0,0,0,0,0,7.8,9.8,0
3010,0.45,0.2,6,1,2000000,5e-07,2,2,2,2,2,2,0,0,0,0,0,7.8,9.8,0
3011,0.45,0.2,6,1,2500000,4e-07,2.03125,2.03125,2,2,2,3,0,0,0,0,0,7.8,9.8,0
3012,0.45,0.2,6,1,3200000,3.125e-07,3,3,3,3,3,3,0,0,0,0,0,7.8,9.8,0
3013,0.45,0.2,6,1,5000000,2e-07,5.015625,5.015625,5,5,5,6,0.015625,0,0,0,1,7.8,9.8,1
3014,0.45,0.2,6,1,10000000,1e-07,10.015625,10.015625,10,10,10,11,1,1,1,1,1,7.8,9.8,1
3015,0.45,0.2,6,1.5,400000,2.5e-06,0.203125,0.1875,0,0,0,0,0,0,0,0,0,7.3,9.3,0
3016,0.45,0.2,6,1.5,600000,1.66666666666667e-06,0.796875,0.796875,0,0,0,1,0,0,0,0,0,7.3,9.3,0
3017,0.45,0.2,6,1.5,800000,1.25e-06,1,1,1,1,1,1,0,0,0,0,0,7.3,9.3,0
3018,0.45,0.2,6,1.5,1000000,1e-06,1.5,1.5,1,1,1,2,0,0,0,0,0,7.3,9.3,0
3019,0.45,0.2,6,1.5,1250000,8e-07,1.78125,1.78125,1,1,1,2,0,0,0,0,0,7.3,9.3,0
3020,0.45,0.2,6,1.5,1600000,6.25e-07,2,2,2,2,2,2,0,0,0,0,0,7.3,9.3,0
3021,0.45,0.2,6,1.5,2000000,5e-07,3,3,3,3,3,3,0,0,0,0,0,7.3,9.3,0
3022,0.45,0.2,6,1.5,2500000,4e-07,3.53125,3.53125,3,3,3,4,0,0,0,0,0,7.3,9.3,0
3023,0.45,0.2,6,1.5,3200000,3.125e-07,4.609375,4.609375,4,4,4,5,0,0,0,0,0,7.3,9.3,0
3024,0.45,0.2,6,1.5,5000000,2e-07,7.515625,7.515625,7,7,7,8,1,1,1,1,1,7.3,9.3,1
3025,0.45,0.2,6,1.5,10000000,1e-07,15.015625,15.015625,15,15,15,16,1,1,1,1,1,7.3,9.3,1
3026,0.45,0.2,6,2,400000,2.5e-06,0.59375,0.59375,0,0,0,1,0,0,0,0,0,6.8,8.8,0
3027,0.45,0.2,6,2,600000,1.66666666666667e-06,1,1,1,1,1,1,0,0,0,0,0,6.8,8.8,0
3028,0.45,0.2,6,2,800000,1.25e-06,1.390625,1.390625,1,1,1,2,0,0,0,0,0,6.8,8.8,0
3029,0.45,0.2,6,2,1000000,1e-06,2,2,2,2,2,2,0,0,0,0,0,6.8,8.8,0
3030,0.45,0.2,6,2,1250000,8e-07,2.265625,2.265625,2,2,2,3,0,0,0,0,0,6.8,8.8,0
3031,0.45,0.2,6,2,1600000,6.25e-07,3,3,3,3,3,3,0,0,0,0,0,6.8,8.8,0
3032,0.45,0.2,6,2,2000000,5e-07,4,4,4,4,4,4,0,0,0,0,0,6.8,8.8,0
3033,0.45,0.2,6,2,2500000,4e-07,5,5,5,5,5,5,0,0,0,0,0,6.8,8.8,1
3034,0.45,0.2,6,2,3200000,3.125e-07,6.203125,6.203125,6,6,6,6,1,1,1,1,1,6.8,8.8,1
3035,0.45,0.2,6,2,5000000,2e-07,10.015625,10.015625,10,10,10,11,1,1,1,1,1,6.8,8.8,1
3036,0.45,0.2,6,2,10000000,1e-07,20.015625,20.015625,20,20,20,21,1,1,1,1,1,6.8,8.8,1
3037,0.45,0.2,6,2.5,400000,2.5e-06,1,1,1,1,1,1,0,0,0,0,0,6.3,8.3,0
3038,0.45,0.2,6,2.5,600000,1.66666666666667e-06,1.109375,1.09375,1,1,1,1,0,0,0,0,0,6.3,8.3,0
3039,0.45,0.2,6,2.5,800000,1.25e-06,2,2,2,2,2,2,0,0,0,0,0,6.3,8.3,0
3040,0.45,0.2,6,2.5,1000000,1e-06,2.5,2.5,2,2,2,3,0,0,0,0,0,6.3,8.3,0
3041,0.45,0.2,6,2.5,1250000,8e-07,3,3,3,3,3,3,0,0,0,0,0,6.3,8.3,0
3042,0.45,0.2,6,2.5,1600000,6.25e-07,4,4,4,4,4,4,0,0,0,0,0,6.3,8.3,0
3043,0.45,0.2,6,2.5,2000000,5e-07,5,5,5,5,5,5,0,0,0,0,0,6.3,8.3,1
3044,0.45,0.2,6,2.5,2500000,4e-07,6,6,6,6,6,6,1,1,1,1,1,6.3,8.3,1
3045,0.45,0.2,6,2.5,3200000,3.125e-07,8,8,8,8,8,8,1,1,1,1,1,6.3,8.3,1
3046,0.45,0.2,6,2.5,5000000,2e-07,12.515625,12.515625,12,12,12,13,1,1,1,1,1,6.3,8.3,1
3047,0.45,0.2,6,2.5,10000000,1e-07,25.015625,25.015625,25,25,25,26,1,1,1,1,1,6.3,8.3,1
3048,0.45,0.2,6,3,400000,2.5e-06,1,1,1,1,1,1,0,0,0,0,0,5.8,7.8,0
3049,0.45,0.2,6,3,600000,1.66666666666667e-06,1.59375,1.59375,1,1,1,2,0,0,0,0,0,5.8,7.8,0
3050,0.45,0.2,6,3,800000,1.25e-06,2.203125,2.1875,2,2,2,2,0,0,0,0,0,5.8,7.8,0
3051,0.45,0.2,6,3,1000000,1e-06,3,3,3,3,3,3,0,0,0,0,0,5.8,7.8,0
3052,0.45,0.2,6,3,1250000,8e-07,3.53125,3.53125,3,3,3,4,0,0,0,0,0,5.8,7.8,0
3053,0.45,0.2,6,3,1600000,6.25e-07,4.609375,4.59375,4,4,4,5,0,0,0,0,0,5.8,7.8,0
3054,0.45,0.2,6,3,2000000,5e-07,6,6,6,6,6,6,1,1,1,1,1,5.8,7.8,1
3055,0.45,0.2,6,3,2500000,4e-07,7.03125,7.03125,7,7,7,8,1,1,1,1,1,5.8,7.8,1
3056,0.45,0.2,6,3,3200000,3.125e-07,9.40625,9.40625,9,9,9,10,1,1,1,1,1,5.8,7.8,1
3057,0.45,0.2,6,3,5000000,2e-07,15.015625,15.015625,15,15,15,16,1,1,1,1,1,5.8,7.8,1
3058,0.45,0.2,6,3,10000000,1e-07,30.015625,30.015625,30,30,30,31,1,1,1,1,1,5.8,7.8,1
3059,0.45,0.2,6,5,400000,2.5e-06,2,2,2,2,2,2,0,0,0,0,0,3.8,5.8,0
3060,0.45,0.2,6,5,600000,1.66666666666667e-06,3,3,3,3,3,3,0,0,0,0,0,3.8,5.8,0
3061,0.45,0.2,6,5,800000,1.25e-06,4,4,4,4,4,4,0,0,0,0,0,3.8,5.8,0
3062,0.45,0.2,6,5,1000000,1e-06,5,5,5,5,5,5,0,0,0,0,0,3.8,5.8,1
3063,0.45,0.2,6,5,1250000,8e-07,6.015625,6.015625,6,6,6,6,1,1,1,1,1,3.8,5.8,1
3064,0.45,0.2,6,5,1600000,6.25e-07,8,8,8,8,8,8,1,1,1,1,1,3.8,5.8,1
3065,0.45,0.2,6,5,2000000,5e-07,10,10,10,10,10,10,1,1,1,1,1,3.8,5.8,1
3066,0.45,0.2,6,5,2500000,4e-07,12.03125,12.03125,12,12,12,13,1,1,1,1,1,3.8,5.8,1
3067,0.45,0.2,6,5,3200000,3.125e-07,16,16,16,16,16,16,1,1,1,1,1,3.8,5.8,1
3068,0.45,0.2,6,5,5000000,2e-07,25.015625,25.015625,25,25,25,26,1,1,1,1,1,3.8,5.8,1
3069,0.45,0.2,6,5,10000000,1e-07,50.015625,50.015625,50,50,50,51,1,1,1,1,1,3.8,5.8,1
3070,0.45,0.2,6,6,400000,2.5e-06,2,2,2,2,2,2,0,0,0,0,0,2.8,4.8,0
3071,0.45,0.2,6,6,600000,1.66666666666667e-06,3.203125,3.203125,3,3,3,4,0,0,0,0,0,2.8,4.8,0
3072,0.45,0.2,6,6,800000,1.25e-06,4.59375,4.59375,4,4,4,5,0,0,0,0,0,2.8,4.8,0
3073,0.45,0.2,6,6,1000000,1e-06,6,6,6,6,6,6,1,1,1,1,1,2.8,4.8,1
3074,0.45,0.2,6,6,1250000,8e-07,7.265625,7.265625,7,7,7,8,1,1,1,1,1,2.8,4.8,1
3075,0.45,0.2,6,6,1600000,6.25e-07,9.203125,9.1875,9,9,9,9,1,1,1,1,1,2.8,4.8,1
3076,0.45,0.2,6,6,2000000,5e-07,12,12,12,12,12,12,1,1,1,1,1,2.8,4.8,1
3077,0.45,0.2,6,6,2500000,4e-07,15,15,15,15,15,15,1,1,1,1,1,2.8,4.8,1
3078,0.45,0.2,6,6,3200000,3.125e-07,19,19,19,19,19,19,1,1,1,1,1,2.8,4.8,1
3079,0.45,0.2,6,6,5000000,2e-07,30.015625,30.015625,30,30,30,31,1,1,1,1,1,2.8,4.8,1
3080,0.45,0.2,6,6,10000000,1e-07,60.015625,60.015625,60,60,60,61,1,1,1,1,1,2.8,4.8,1
3081,0.45,0.5,3,1,400000,2.5e-06,0,0,0,0,0,0,0,0,0,0,0,7.5,9.5,0
3082,0.45,0.5,3,1,600000,1.66666666666667e-06,0.203125,0.203125,0,0,0,0,0,0,0,0,0,7.5,9.5,0
3083,0.45,0.5,3,1,800000,1.25e-06,0.609375,0.59375,0,0,0,1,0,0,0,0,0,7.5,9.5,0
3084,0.45,0.5,3,1,1000000,1e-06,1.015625,1.015625,1,1,1,2,0,0,0,0,0,7.5,9.5,0
3085,0.45,0.5,3,1,1250000,8e-07,1.015625,1.015625,1,1,1,1,0,0,0,0,0,7.5,9.5,0
3086,0.45,0.5,3,1,1600000,6.25e-07,1.203125,1.203125,1,1,1,1,0,0,0,0,0,7.5,9.5,0
3087,0.45,0.5,3,1,2000000,5e-07,2.015625,2.015625,2,2,2,3,0.015625,0,0,0,1,7.5,9.5,1
3088,0.45,0.5,3,1,2500000,4e-07,2.03125,2.03125,2,2,2,3,0.03125,0,0,0,1,7.5,9.5,1
3089,0.45,0.5,3,1,3200000,3.125e-07,3,3,3,3,3,3,1,1,1,1,1,7.5,9.5,1
3090,0.45,0.5,3,1,5000000,2e-07,5.015625,5.015625,5,5,5,6,1,1,1,1,1,7.5,9.5,1
3091,0.45,0.5,3,1,10000000,1e-07,10.015625,10.015625,10,10,10,11,1,1,1,1,1,7.5,9.5,1
3092,0.45,0.5,3,1.5,400000,2.5e-06,0.203125,0.203125,0,0,0,1,0,0,0,0,0,7,9,0
3093,0.45,0.5,3,1.5,600000,1.66666666666667e-06,0.796875,0.796875,0,0,0,1,0,0,0,0,0,7,9,0
3094,0.45,0.5,3,1.5,800000,1.25e-06,1,1,1,1,1,1,0,0,0,0,0,7,9,0
3095,0.45,0.5,3,1.5,1000000,1e-06,1.515625,1.515625,1,1,1,2,0,0,0,0,0,7,9,0
3096,0.45,0.5,3,1.5,1250000,8e-07,1.78125,1.78125,1,1,1,2,0,0,0,0,0,7,9,0
3097,0.45,0.5,3,1.5,1600000,6.25e-07,2,2,2,2,2,2,0,0,0,0,0,7,9,1
3098,0.45,0.5,3,1.5,2000000,5e-07,3.015625,3.015625,3,3,3,4,1,1,1,1,1,7,9,1
3099,0.45,0.5,3,1.5,2500000,4e-07,3.53125,3.53125,3,3,3,4,1,1,1,1,1,7,9,1
3100,0.45,0.5,3,1.5,3200000,3.125e-07,4.59375,4.59375,4,4,4,5,1,1,1,1,1,7,9,1
3101,0.45,0.5,3,1.5,5000000,2e-07,7.515625,7.515625,7,7,7,8,1,1,1,1,1,7,9,1
3102,0.45,0.5,3,1.5,10000000,1e-07,15.015625,15.015625,15,15,15,16,1,1,1,1,1,7,9,1
3103,0.45,0.5,3,2,400000,2.5e-06,0.609375,0.609375,0,0,0,1,0,0,0,0,0,6.5,8.5,0
3104,0.45,0.5,3,2,600000,1.66666666666667e-06,1,1,1,1,1,1,0,0,0,0,0,6.5,8.5,0
3105,0.45,0.5,3,2,800000,1.25e-06,1.40625,1.40625,1,1,1,1,0,0,0,0,0,6.5,8.5,0
3106,0.45,0.5,3,2,1000000,1e-06,2.015625,2.015625,2,2,2,3,0.015625,0,0,0,1,6.5,8.5,1
3107,0.45,0.5,3,2,1250000,8e-07,2.265625,2.265625,2,2,2,3,0.015625,0,0,0,1,6.5,8.5,1
3108,0.45,0.5,3,2,1600000,6.25e-07,3,3,3,3,3,3,1,1,1,1,1,6.5,8.5,1
3109,0.45,0.5,3,2,2000000,5e-07,4.015625,4.015625,4,4,4,5,1,1,1,1,1,6.5,8.5,1
3110,0.45,0.5,3,2,2500000,4e-07,5,5,5,5,5,5,1,1,1,1,1,6.5,8.5,1
3111,0.45,0.5,3,2,3200000,3.125e-07,6.203125,6.203125,6,6,6,6,1,1,1,1,1,6.5,8.5,1
3112,0.45,0.5,3,2,5000000,2e-07,10.015625,10.015625,10,10,10,11,1,1,1,1,1,6.5,8.5,1
3113,0.45,0.5,3,2,10000000,1e-07,20.015625,20.015625,20,20,20,21,1,1,1,1,1,6.5,8.5,1
3114,0.45,0.5,3,2.5,400000,2.5e-06,1,1,1,1,1,1,0,0,0,0,0,6,8,0
3115,0.45,0.5,3,2.5,600000,1.66666666666667e-06,1.09375,1.109375,1,1,1,1,0,0,0,0,0,6,8,0
3116,0.45,0.5,3,2.5,800000,1.25e-06,2,2,2,2,2,2,0,0,0,0,0,6,8,1
3117,0.45,0.5,3,2.5,1000000,1e-06,2.515625,2.515625,2,2,2,3,0.03125,0,0,0,1,6,8,1
3118,0.45,0.5,3,2.5,1250000,8e-07,3,3,3,3,3,3,1,1,1,1,1,6,8,1
3119,0.45,0.5,3,2.5,1600000,6.25e-07,4,4,4,4,4,4,1,1,1,1,1,6,8,1
3120,0.45,0.5,3,2.5,2000000,5e-07,5.015625,5.015625,5,5,5,6,1,1,1,1,1,6,8,1
3121,0.45,0.5,3,2.5,2500000,4e-07,6,6,6,6,6,6,1,1,1,1,1,6,8,1
3122,0.45,0.5,3,2.5,3200000,3.125e-07,8,8,8,8,8,8,1,1,1,1,1,6,8,1
3123,0.45,0.5,3,2.5,5000000,2e-07,12.515625,12.515625,12,12,12,13,1,1,1,1,1,6,8,1
3124,0.45,0.5,3,2.5,10000000,1e-07,25.015625,25.015625,25,25,25,26,1,1,1,1,1,6,8,1
3125,0.45,0.5,3,3,400000,2.5e-06,1,1,1,1,1,1,0,0,0,0,0,5.5,7.5,0
3126,0.45,0.5,3,3,600000,1.66666666666667e-06,1.59375,1.609375,1,1,1,2,0,0,0,0,0,5.5,7.5,0
3127,0.45,0.5,3,3,800000,1.25e-06,2.203125,2.203125,2,2,2,2,0,0,0,0,0,5.5,7.5,1
3128,0.45,0.5,3,3,1000000,1e-06,3.015625,3.015625,3,3,3,4,1,1,1,1,1,5.5,7.5,1
3129,0.45,0.5,3,3,1250000,8e-07,3.53125,3.53125,3,3,3,4,1,1,1,1,1,5.5,7.5,1
3130,0.45,0.5,3,3,1600000,6.25e-07,4.59375,4.609375,4,4,4,5,1,1,1,1,1,5.5,7.5,1
3131,0.45,0.5,3,3,2000000,5e-07,6.015625,6.015625,6,6,6,7,1,1,1,1,1,5.5,7.5,1
3132,0.45,0.5,3,3,2500000,4e-07,7.03125,7.03125,7,7,7,8,1,1,1,1,1,5.5,7.5,1
3133,0.45,0.5,3,3,3200000,3.125e-07,9.390625,9.40625,9,9,9,10,1,1,1,1,1,5.5,7.5,1
3134,0.45,0.5,3,3,5000000,2e-07,15.015625,15.015625,15,15,15,16,1,1,1,1,1,5.5,7.5,1
3135,0.45,0.5,3,3,10000000,1e-07,30.015625,30.015625,30,30,30,31,1,1,1,1,1,5.5,7.5,1
3136,0.45,0.5,3,5,400000,2.5e-06,2,2,2,2,2,2,0,0,0,0,0,3.5,5.5,1
3137,0.45,0.5,3,5,600000,1.66666666666667e-06,3,3,3,3,3,3,1,1,1,1,1,3.5,5.5,1
3138,0.45,0.5,3,5,800000,1.25e-06,4,4,4,4,4,4,1,1,1,1,1,3.5,5.5,1
3139,0.45,0.5,3,5,1000000,1e-06,5.015625,5.015625,5,5,5,6,1,1,1,1,1,3.5,5.5,1
3140,0.45,0.5,3,5,1250000,8e-07,6.015625,6.015625,6,6,6,6,1,1,1,1,1,3.5,5.5,1
3141,0.45,0.5,3,5,1600000,6.25e-07,8,8,8,8,8,8,1,1,1,1,1,3.5,5.5,1
3142,0.45,0.5,3,5,2000000,5e-07,10.015625,10.015625,10,10,10,11,1,1,1,1,1,3.5,5.5,1
3143,0.45,0.5,3,5,2500000,4e-07,12.03125,12.03125,12,12,12,13,1,1,1,1,1,3.5,5.5,1
3144,0.45,0.5,3,5,3200000,3.125e-07,16,16,16,16,16,16,1,1,1,1,1,3.5,5.5,1
3145,0.45,0.5,3,5,5000000,2e-07,25.015625,25.015625,25,25,25,26,1,1,1,1,1,3.5,5.5,1
3146,0.45,0.5,3,5,10000000,1e-07,50.015625,50.015625,50,50,50,51,1,1,1,1,1,3.5,5.5,1
3147,0.45,0.5,3,6,400000,2.5e-06,2,2,2,2,2,2,0,0,0,0,0,2.5,4.5,1
3148,0.45,0.5,3,6,600000,1.66666666666667e-06,3.203125,3.203125,3,3,3,3,1,1,1,1,1,2.5,4.5,1
3149,0.45,0.5,3,6,800000,1.25e-06,4.609375,4.59375,4,4,4,5,1,1,1,1,1,2.5,4.5,1
3150,0.45,0.5,3,6,1000000,1e-06,6.015625,6.015625,6,6,6,7,1,1,1,1,1,2.5,4.5,1
3151,0.45,0.5,3,6,1250000,8e-07,7.265625,7.265625,7,7,7,8,1,1,1,1,1,2.5,4.5,1
3152,0.45,0.5,3,6,1600000,6.25e-07,9.203125,9.203125,9,9,9,9,1,1,1,1,1,2.5,4.5,1
3153,0.45,0.5,3,6,2000000,5e-07,12.015625,12.015625,12,12,12,13,1,1,1,1,1,2.5,4.5,1
3154,0.45,0.5,3,6,2500000,4e-07,15,15,15,15,15,15,1,1,1,1,1,2.5,4.5,1
3155,0.45,0.5,3,6,3200000,3.125e-07,19,19,19,19,19,19,1,1,1,1,1,2.5,4.5,1
3156,0.45,0.5,3,6,5000000,2e-07,30.015625,30.015625,30,30,30,31,1,1,1,1,1,2.5,4.5,1
3157,0.45,0.5,3,6,10000000,1e-07,60.015625,60.015625,60,60,60,61,1,1,1,1,1,2.5,4.5,1
3158,0.45,0.5,4,1,400000,2.5e-06,0,0,0,0,0,0,0,0,0,0,0,7.5,9.5,0
3159,0.45,0.5,4,1,600000,1.66666666666667e-06,0.203125,0.203125,0,0,0,0,0,0,0,0,0,7.5,9.5,0
3160,0.45,0.5,4,1,800000,1.25e-06,0.609375,0.59375,0,0,0,1,0,0,0,0,0,7.5,9.5,0
3161,0.45,0.5,4,1,1000000,1e-06,1.015625,1.015625,1,1,1,2,0,0,0,0,0,7.5,9.5,0
3162,0.45,0.5,4,1,1250000,8e-07,1.015625,1.015625,1,1,1,1,0,0,0,0,0,7.5,9.5,0
3163,0.45,0.5,4,1,1600000,6.25e-07,1.203125,1.203125,1,1,1,1,0,0,0,0,0,7.5,9.5,0
3164,0.45,0.5,4,1,2000000,5e-07,2.015625,2.015625,2,2,2,3,0,0,0,0,0,7.5,9.5,0
3165,0.45,0.5,4,1,2500000,4e-07,2.03125,2.03125,2,2,2,3,0,0,0,0,0,7.5,9.5,0
3166,0.45,0.5,4,1,3200000,3.125e-07,3,3,3,3,3,3,0,0,0,0,0,7.5,9.5,1
3167,0.45,0.5,4,1,5000000,2e-07,5.015625,5.015625,5,5,5,6,1,1,1,1,1,7.5,9.5,1
3168,0.45,0.5,4,1,10000000,1e-07,10.015625,10.015625,10,10,10,11,1,1,1,1,1,7.5,9.5,1
3169,0.45,0.5,4,1.5,400000,2.5e-06,0.203125,0.203125,0,0,0,1,0,0,0,0,0,7,9,0
3170,0.45,0.5,4,1.5,600000,1.66666666666667e-06,0.796875,0.796875,0,0,0,1,0,0,0,0,0,7,9,0
3171,0.45,0.5,4,1.5,800000,1.25e-06,1,1,1,1,1,1,0,0,0,0,0,7,9,0
3172,0.45,0.5,4,1.5,1000000,1e-06,1.515625,1.515625,1,1,1,2,0,0,0,0,0,7,9,0
3173,0.45,0.5,4,1.5,1250000,8e-07,1.78125,1.78125,1,1,1,2,0,0,0,0,0,7,9,0
3174,0.45,0.5,4,1.5,1600000,6.25e-07,2,2,2,2,2,2,0,0,0,0,0,7,9,0
3175,0.45,0.5,4,1.5,2000000,5e-07,3.015625,3.015625,3,3,3,4,0.015625,0,0,0,1,7,9,1
3176,0.45,0.5,4,1.5,2500000,4e-07,3.53125,3.53125,3,3,3,4,0.0625,0,0,0,1,7,9,1
3177,0.45,0.5,4,1.5,3200000,3.125e-07,4.59375,4.59375,4,4,4,5,1,1,1,1,1,7,9,1
3178,0.45,0.5,4,1.5,5000000,2e-07,7.515625,7.515625,7,7,7,8,1,1,1,1,1,7,9,1
3179,0.45,0.5,4,1.5,10000000,1e-07,15.015625,15.015625,15,15,15,16,1,1,1,1,1,7,9,1
3180,0.45,0.5,4,2,400000,2.5e-06,0.609375,0.609375,0,0,0,1,0,0,0,0,0,6.5,8.5,0
3181,0.45,0.5,4,2,600000,1.66666666666667e-06,1,1,1,1,1,1,0,0,0,0,0,6.5,8.5,0
3182,0.45,0.5,4,2,800000,1.25e-06,1.40625,1.40625,1,1,1,1,0,0,0,0,0,6.5,8.5,0
3183,0.45,0.5,4,2,1000000,1e-06,2.015625,2.015625,2,2,2,3,0,0,0,0,0,6.5,8.5,0
3184,0.45,0.5,4,2,1250000,8e-07,2.265625,2.265625,2,2,2,3,0,0,0,0,0,6.5,8.5,0
3185,0.45,0.5,4,2,1600000,6.25e-07,3,3,3,3,3,3,0,0,0,0,0,6.5,8.5,1
3186,0.45,0.5,4,2,2000000,5e-07,4.015625,4.015625,4,4,4,5,1,1,1,1,1,6.5,8.5,1
3187,0.45,0.5,4,2,2500000,4e-07,5,5,5,5,5,5,1,1,1,1,1,6.5,8.5,1
3188,0.45,0.5,4,2,3200000,3.125e-07,6.203125,6.203125,6,6,6,6,1,1,1,1,1,6.5,8.5,1
3189,0.45,0.5,4,2,5000000,2e-07,10.015625,10.015625,10,10,10,11,1,1,1,1,1,6.5,8.5,1
3190,0.45,0.5,4,2,10000000,1e-07,20.015625,20.015625,20,20,20,21,1,1,1,1,1,6.5,8.5,1
3191,0.45,0.5,4,2.5,400000,2.5e-06,1,1,1,1,1,1,0,0,0,0,0,6,8,0
3192,0.45,0.5,4,2.5,600000,1.66666666666667e-06,1.09375,1.109375,1,1,1,1,0,0,0,0,0,6,8,0
3193,0.45,0.5,4,2.5,800000,1.25e-06,2,2,2,2,2,2,0,0,0,0,0,6,8,0
3194,0.45,0.5,4,2.5,1000000,1e-06,2.515625,2.515625,2,2,2,3,0,0,0,0,0,6,8,0
3195,0.45,0.5,4,2.5,1250000,8e-07,3,3,3,3,3,3,0,0,0,0,0,6,8,1
3196,0.45,0.5,4,2.5,1600000,6.25e-07,4,4,4,4,4,4,1,1,1,1,1,6,8,1
3197,0.45,0.5,4,2.5,2000000,5e-07,5.015625,5.015625,5,5,5,6,1,1,1,1,1,6,8,1
3198,0.45,0.5,4,2.5,2500000,4e-07,6,6,6,6,6,6,1,1,1,1,1,6,8,1
3199,0.45,0.5,4,2.5,3200000,3.125e-07,8,8,8,8,8,8,1,1,1,1,1,6,8,1
3200,0.45,0.5,4,2.5,5000000,2e-07,12.515625,12.515625,12,12,12,13,1,1,1,1,1,6,8,1
3201,0.45,0.5,4,2.5,10000000,1e-07,25.015625,25.015625,25,25,25,26,1,1,1,1,1,6,8,1
3202,0.45,0.5,4,3,400000,2.5e-06,1,1,1,1,1,1,0,0,0,0,0,5.5,7.5,0
3203,0.45,0.5,4,3,600000,1.66666666666667e-06,1.59375,1.609375,1,1,1,2,0,0,0,0,0,5.5,7.5,0
3204,0.45,0.5,4,3,800000,1.25e-06,2.203125,2.203125,2,2,2,2,0,0,0,0,0,5.5,7.5,0
3205,0.45,0.5,4,3,1000000,1e-06,3.015625,3.015625,3,3,3,4,0.015625,0,0,0,1,5.5,7.5,1
3206,0.45,0.5,4,3,1250000,8e-07,3.53125,3.53125,3,3,3,4,0.53125,1,0,0,1,5.5,7.5,1
3207,0.45,0.5,4,3,1600000,6.25e-07,4.59375,4.609375,4,4,4,5,1,1,1,1,1,5.5,7.5,1
3208,0.45,0.5,4,3,2000000,5e-07,6.015625,6.015625,6,6,6,7,1,1,1,1,1,5.5,7.5,1
3209,0.45,0.5,4,3,2500000,4e-07,7.03125,7.03125,7,7,7,8,1,1,1,1,1,5.5,7.5,1
3210,0.45,0.5,4,3,3200000,3.125e-07,9.390625,9.40625,9,9,9,10,1,1,1,1,1,5.5,7.5,1
3211,0.45,0.5,4,3,5000000,2e-07,15.015625,15.015625,15,15,15,16,1,1,1,1,1,5.5,7.5,1
3212,0.45,0.5,4,3,10000000,1e-07,30.015625,30.015625,30,30,30,31,1,1,1,1,1,5.5,7.5,1
3213,0.45,0.5,4,5,400000,2.5e-06,2,2,2,2,2,2,0,0,0,0,0,3.5,5.5,0
3214,0.45,0.5,4,5,600000,1.66666666666667e-06,3,3,3,3,3,3,0,0,0,0,0,3.5,5.5,1
3215,0.45,0.5,4,5,800000,1.25e-06,4,4,4,4,4,4,1,1,1,1,1,3.5,5.5,1
3216,0.45,0.5,4,5,1000000,1e-06,5.015625,5.015625,5,5,5,6,1,1,1,1,1,3.5,5.5,1
3217,0.45,0.5,4,5,1250000,8e-07,6.015625,6.015625,6,6,6,6,1,1,1,1,1,3.5,5.5,1
3218,0.45,0.5,4,5,1600000,6.25e-07,8,8,8,8,8,8,1,1,1,1,1,3.5,5.5,1
3219,0.45,0.5,4,5,2000000,5e-07,10.015625,10.015625,10,10,10,11,1,1,1,1,1,3.5,5.5,1
3220,0.45,0.5,4,5,2500000,4e-07,12.03125,12.03125,12,12,12,13,1,1,1,1,1,3.5,5.5,1
3221,0.45,0.5,4,5,3200000,3.125e-07,16,16,16,16,16,16,1,1,1,1,1,3.5,5.5,1
3222,0.45,0.5,4,5,5000000,2e-07,25.015625,25.015625,25,25,25,26,1,1,1,1,1,3.5,5.5,1
3223,0.45,0.5,4,5,10000000,1e-07,50.015625,50.015625,50,50,50,51,1,1,1,1,1,3.5,5.5,1
3224,0.45,0.5,4,6,400000,2.5e-06,2,2,2,2,2,2,0,0,0,0,0,2.5,4.5,0
3225,0.45,0.5,4,6,600000,1.66666666666667e-06,3.203125,3.203125,3,3,3,3,0,0,0,0,0,2.5,4.5,1
3226,0.45,0.5,4,6,800000,1.25e-06,4.609375,4.59375,4,4,4,5,1,1,1,1,1,2.5,4.5,1
3227,0.45,0.5,4,6,1000000,1e-06,6.015625,6.015625,6,6,6,7,1,1,1,1,1,2.5,4.5,1
3228,0.45,0.5,4,6,1250000,8e-07,7.265625,7.265625,7,7,7,8,1,1,1,1,1,2.5,4.5,1
3229,0.45,0.5,4,6,1600000,6.25e-07,9.203125,9.203125,9,9,9,9,1,1,1,1,1,2.5,4.5,1
3230,0.45,0.5,4,6,2000000,5e-07,12.015625,12.015625,12,12,12,13,1,1,1,1,1,2.5,4.5,1
3231,0.45,0.5,4,6,2500000,4e-07,15,15,15,15,15,15,1,1,1,1,1,2.5,4.5,1
3232,0.45,0.5,4,6,3200000,3.125e-07,19,19,19,19,19,19,1,1,1,1,1,2.5,4.5,1
3233,0.45,0.5,4,6,5000000,2e-07,30.015625,30.015625,30,30,30,31,1,1,1,1,1,2.5,4.5,1
3234,0.45,0.5,4,6,10000000,1e-07,60.015625,60.015625,60,60,60,61,1,1,1,1,1,2.5,4.5,1
3235,0.45,0.5,5,1,400000,2.5e-06,0,0,0,0,0,0,0,0,0,0,0,7.5,9.5,0
3236,0.45,0.5,5,1,600000,1.66666666666667e-06,0.203125,0.203125,0,0,0,0,0,0,0,0,0,7.5,9.5,0
3237,0.45,0.5,5,1,800000,1.25e-06,0.609375,0.59375,0,0,0,1,0,0,0,0,0,7.5,9.5,0
3238,0.45,0.5,5,1,1000000,1e-06,1.015625,1.015625,1,1,1,2,0,0,0,0,0,7.5,9.5,0
3239,0.45,0.5,5,1,1250000,8e-07,1.015625,1.015625,1,1,1,1,0,0,0,0,0,7.5,9.5,0
3240,0.45,0.5,5,1,1600000,6.25e-07,1.203125,1.203125,1,1,1,1,0,0,0,0,0,7.5,9.5,0
3241,0.45,0.5,5,1,2000000,5e-07,2.015625,2.015625,2,2,2,3,0,0,0,0,0,7.5,9.5,0
3242,0.45,0.5,5,1,2500000,4e-07,2.03125,2.03125,2,2,2,3,0,0,0,0,0,7.5,9.5,0
3243,0.45,0.5,5,1,3200000,3.125e-07,3,3,3,3,3,3,0,0,0,0,0,7.5,9.5,0
3244,0.45,0.5,5,1,5000000,2e-07,5.015625,5.015625,5,5,5,6,1,1,1,1,1,7.5,9.5,1
3245,0.45,0.5,5,1,10000000,1e-07,10.015625,10.015625,10,10,10,11,1,1,1,1,1,7.5,9.5,1
3246,0.45,0.5,5,1.5,400000,2.5e-06,0.203125,0.203125,0,0,0,1,0,0,0,0,0,7,9,0
3247,0.45,0.5,5,1.5,600000,1.66666666666667e-06,0.796875,0.796875,0,0,0,1,0,0,0,0,0,7,9,0
3248,0.45,0.5,5,1.5,800000,1.25e-06,1,1,1,1,1,1,0,0,0,0,0,7,9,0
3249,0.45,0.5,5,1.5,1000000,1e-06,1.515625,1.515625,1,1,1,2,0,0,0,0,0,7,9,0
3250,0.45,0.5,5,1.5,1250000,8e-07,1.78125,1.78125,1,1,1,2,0,0,0,0,0,7,9,0
3251,0.45,0.5,5,1.5,1600000,6.25e-07,2,2,2,2,2,2,0,0,0,0,0,7,9,0
3252,0.45,0.5,5,1.5,2000000,5e-07,3.015625,3.015625,3,3,3,4,0,0,0,0,0,7,9,0
3253,0.45,0.5,5,1.5,2500000,4e-07,3.53125,3.53125,3,3,3,4,0,0,0,0,0,7,9,0
3254,0.45,0.5,5,1.5,3200000,3.125e-07,4.59375,4.59375,4,4,4,5,0.59375,1,0,0,1,7,9,1
3255,0.45,0.5,5,1.5,5000000,2e-07,7.515625,7.515625,7,7,7,8,1,1,1,1,1,7,9,1
3256,0.45,0.5,5,1.5,10000000,1e-07,15.015625,15.015625,15,15,15,16,1,1,1,1,1,7,9,1
3257,0.45,0.5,5,2,400000,2.5e-06,0.609375,0.609375,0,0,0,1,0,0,0,0,0,6.5,8.5,0
3258,0.45,0.5,5,2,600000,1.66666666666667e-06,1,1,1,1,1,1,0,0,0,0,0,6.5,8.5,0
3259,0.45,0.5,5,2,800000,1.25e-06,1.40625,1.40625,1,1,1,1,0,0,0,0,0,6.5,8.5,0
3260,0.45,0.5,5,2,1000000,1e-06,2.015625,2.015625,2,2,2,3,0,0,0,0,0,6.5,8.5,0
3261,0.45,0.5,5,2,1250000,8e-07,2.265625,2.265625,2,2,2,3,0,0,0,0,0,6.5,8.5,0
3262,0.45,0.5,5,2,1600000,6.25e-07,3,3,3,3,3,3,0,0,0,0,0,6.5,8.5,0
3263,0.45,0.5,5,2,2000000,5e-07,4.015625,4.015625,4,4,4,5,0.015625,0,0,0,1,6.5,8.5,1
3264,0.45,0.5,5,2,2500000,4e-07,5,5,5,5,5,5,1,1,1,1,1,6.5,8.5,1
3265,0.45,0.5,5,2,3200000,3.125e-07,6.203125,6.203125,6,6,6,6,1,1,1,1,1,6.5,8.5,1
3266,0.45,0.5,5,2,5000000,2e-07,10.015625,10.015625,10,10,10,11,1,1,1,1,1,6.5,8.5,1
3267,0.45,0.5,5,2,10000000,1e-07,20.015625,20.015625,20,20,20,21,1,1,1,1,1,6.5,8.5,1
3268,0.45,0.5,5,2.5,400000,2.5e-06,1,1,1,1,1,1,0,0,0,0,0,6,8,0
3269,0.45,0.5,5,2.5,600000,1.66666666666667e-06,1.09375,1.109375,1,1,1,1,0,0,0,0,0,6,8,0
3270,0.45,0.5,5,2.5,800000,1.25e-06,2,2,2,2,2,2,0,0,0,0,0,6,8,0
3271,0.45,0.5,5,2.5,1000000,1e-06,2.515625,2.515625,2,2,2,3,0,0,0,0,0,6,8,0
3272,0.45,0.5,5,2.5,1250000,8e-07,3,3,3,3,3,3,0,0,0,0,0,6,8,0
3273,0.45,0.5,5,2.5,1600000,6.25e-07,4,4,4,4,4,4,0,0,0,0,0,6,8,1
3274,0.45,0.5,5,2.5,2000000,5e-07,5.015625,5.015625,5,5,5,6,1,1,1,1,1,6,8,1
3275,0.45,0.5,5,2.5,2500000,4e-07,6,6,6,6,6,6,1,1,1,1,1,6,8,1
3276,0.45,0.5,5,2.5,3200000,3.125e-07,8,8,8,8,8,8,1,1,1,1,1,6,8,1
3277,0.45,0.5,5,2.5,5000000,2e-07,12.515625,12.515625,12,12,12,13,1,1,1,1,1,6,8,1
3278,0.45,0.5,5,2.5,10000000,1e-07,25.015625,25.015625,25,25,25,26,1,1,1,1,1,6,8,1
3279,0.45,0.5,5,3,400000,2.5e-06,1,1,1,1,1,1,0,0,0,0,0,5.5,7.5,0
3280,0.45,0.5,5,3,600000,1.66666666666667e-06,1.59375,1.609375,1,1,1,2,0,0,0,0,0,5.5,7.5,0
3281,0.45,0.5,5,3,800000,1.25e-06,2.203125,2.203125,2,2,2,2,0,0,0,0,0,5.5,7.5,0
3282,0.45,0.5,5,3,1000000,1e-06,3.015625,3.015625,3,3,3,4,0,0,0,0,0,5.5,7.5,0
3283,0.45,0.5,5,3,1250000,8e-07,3.53125,3.53125,3,3,3,4,0,0,0,0,0,5.5,7.5,0
3284,0.45,0.5,5,3,1600000,6.25e-07,4.59375,4.609375,4,4,4,5,0.40625,0,0,0,1,5.5,7.5,1
3285,0.45,0.5,5,3,2000000,5e-07,6.015625,6.015625,6,6,6,7,1,1,1,1,1,5.5,7.5,1
3286,0.45,0.5,5,3,2500000,4e-07,7.03125,7.03125,7,7,7,8,1,1,1,1,1,5.5,7.5,1
3287,0.45,0.5,5,3,3200000,3.125e-07,9.390625,9.40625,9,9,9,10,1,1,1,1,1,5.5,7.5,1
3288,0.45,0.5,5,3,5000000,2e-07,15.015625,15.015625,15,15,15,16,1,1,1,1,1,5.5,7.5,1
3289,0.45,0.5,5,3,10000000,1e-07,30.015625,30.015625,30,30,30,31,1,1,1,1,1,5.5,7.5,1
3290,0.45,0.5,5,5,400000,2.5e-06,2,2,2,2,2,2,0,0,0,0,0,3.5,5.5,0
3291,0.45,0.5,5,5,600000,1.66666666666667e-06,3,3,3,3,3,3,0,0,0,0,0,3.5,5.5,0
3292,0.45,0.5,5,5,800000,1.25e-06,4,4,4,4,4,4,0,0,0,0,0,3.5,5.5,1
3293,0.45,0.5,5,5,1000000,1e-06,5.015625,5.015625,5,5,5,6,1,1,1,1,1,3.5,5.5,1
3294,0.45,0.5,5,5,1250000,8e-07,6.015625,6.015625,6,6,6,6,1,1,1,1,1,3.5,5.5,1
3295,0.45,0.5,5,5,1600000,6.25e-07,8,8,8,8,8,8,1,1,1,1,1,3.5,5.5,1
3296,0.45,0.5,5,5,2000000,5e-07,10.015625,10.015625,10,10,10,11,1,1,1,1,1,3.5,5.5,1
3297,0.45,0.5,5,5,2500000,4e-07,12.03125,12.03125,12,12,12,13,1,1,1,1,1,3.5,5.5,1
3298,0.45,0.5,5,5,3200000,3.125e-07,16,16,16,16,16,16,1,1,1,1,1,3.5,5.5,1
3299,0.45,0.5,5,5,5000000,2e-07,25.015625,25.015625,25,25,25,26,1,1,1,1,1,3.5,5.5,1
3300,0.45,0.5,5,5,10000000,1e-07,50.015625,50.015625,50,50,50,51,1,1,1,1,1,3.5,5.5,1
3301,0.45,0.5,5,6,400000,2.5e-06,2,2,2,2,2,2,0,0,0,0,0,2.5,4.5,0
3302,0.45,0.5,5,6,600000,1.66666666666667e-06,3.203125,3.203125,3,3,3,3,0,0,0,0,0,2.5,4.5,0
3303,0.45,0.5,5,6,800000,1.25e-06,4.609375,4.59375,4,4,4,5,0.203125,0,0,0,1,2.5,4.5,1
3304,0.45,0.5,5,6,1000000,1e-06,6.015625,6.015625,6,6,6,7,1,1,1,1,1,2.5,4.5,1
3305,0.45,0.5,5,6,1250000,8e-07,7.265625,7.265625,7,7,7,8,1,1,1,1,1,2.5,4.5,1
3306,0.45,0.5,5,6,1600000,6.25e-07,9.203125,9.203125,9,9,9,9,1,1,1,1,1,2.5,4.5,1
3307,0.45,0.5,5,6,2000000,5e-07,12.015625,12.015625,12,12,12,13,1,1,1,1,1,2.5,4.5,1
3308,0.45,0.5,5,6,2500000,4e-07,15,15,15,15,15,15,1,1,1,1,1,2.5,4.5,1
3309,0.45,0.5,5,6,3200000,3.125e-07,19,19,19,19,19,19,1,1,1,1,1,2.5,4.5,1
3310,0.45,0.5,5,6,5000000,2e-07,30.015625,30.015625,30,30,30,31,1,1,1,1,1,2.5,4.5,1
3311,0.45,0.5,5,6,10000000,1e-07,60.015625,60.015625,60,60,60,61,1,1,1,1,1,2.5,4.5,1
3312,0.45,0.5,6,1,400000,2.5e-06,0,0,0,0,0,0,0,0,0,0,0,7.5,9.5,0
3313,0.45,0.5,6,1,600000,1.66666666666667e-06,0.203125,0.203125,0,0,0,0,0,0,0,0,0,7.5,9.5,0
3314,0.45,0.5,6,1,800000,1.25e-06,0.609375,0.59375,0,0,0,1,0,0,0,0,0,7.5,9.5,0
3315,0.45,0.5,6,1,1000000,1e-06,1.015625,1.015625,1,1,1,2,0,0,0,0,0,7.5,9.5,0
3316,0.45,0.5,6,1,1250000,8e-07,1.015625,1.015625,1,1,1,1,0,0,0,0,0,7.5,9.5,0
3317,0.45,0.5,6,1,1600000,6.25e-07,1.203125,1.203125,1,1,1,1,0,0,0,0,0,7.5,9.5,0
3318,0.45,0.5,6,1,2000000,5e-07,2.015625,2.015625,2,2,2,3,0,0,0,0,0,7.5,9.5,0
3319,0.45,0.5,6,1,2500000,4e-07,2.03125,2.03125,2,2,2,3,0,0,0,0,0,7.5,9.5,0
3320,0.45,0.5,6,1,3200000,3.125e-07,3,3,3,3,3,3,0,0,0,0,0,7.5,9.5,0
3321,0.45,0.5,6,1,5000000,2e-07,5.015625,5.015625,5,5,5,6,0.015625,0,0,0,1,7.5,9.5,1
3322,0.45,0.5,6,1,10000000,1e-07,10.015625,10.015625,10,10,10,11,1,1,1,1,1,7.5,9.5,1
3323,0.45,0.5,6,1.5,400000,2.5e-06,0.203125,0.203125,0,0,0,1,0,0,0,0,0,7,9,0
3324,0.45,0.5,6,1.5,600000,1.66666666666667e-06,0.796875,0.796875,0,0,0,1,0,0,0,0,0,7,9,0
3325,0.45,0.5,6,1.5,800000,1.25e-06,1,1,1,1,1,1,0,0,0,0,0,7,9,0
3326,0.45,0.5,6,1.5,1000000,1e-06,1.515625,1.515625,1,1,1,2,0,0,0,0,0,7,9,0
3327,0.45,0.5,6,1.5,1250000,8e-07,1.78125,1.78125,1,1,1,2,0,0,0,0,0,7,9,0
3328,0.45,0.5,6,1.5,1600000,6.25e-07,2,2,2,2,2,2,0,0,0,0,0,7,9,0
3329,0.45,0.5,6,1.5,2000000,5e-07,3.015625,3.015625,3,3,3,4,0,0,0,0,0,7,9,0
3330,0.45,0.5,6,1.5,2500000,4e-07,3.53125,3.53125,3,3,3,4,0,0,0,0,0,7,9,0
3331,0.45,0.5,6,1.5,3200000,3.125e-07,4.59375,4.59375,4,4,4,5,0,0,0,0,0,7,9,0
3332,0.45,0.5,6,1.5,5000000,2e-07,7.515625,7.515625,7,7,7,8,1,1,1,1,1,7,9,1
3333,0.45,0.5,6,1.5,10000000,1e-07,15.015625,15.015625,15,15,15,16,1,1,1,1,1,7,9,1
3334,0.45,0.5,6,2,400000,2.5e-06,0.609375,0.609375,0,0,0,1,0,0,0,0,0,6.5,8.5,0
3335,0.45,0.5,6,2,600000,1.66666666666667e-06,1,1,1,1,1,1,0,0,0,0,0,6.5,8.5,0
3336,0.45,0.5,6,2,800000,1.25e-06,1.40625,1.40625,1,1,1,1,0,0,0,0,0,6.5,8.5,0
3337,0.45,0.5,6,2,1000000,1e-06,2.015625,2.015625,2,2,2,3,0,0,0,0,0,6.5,8.5,0
3338,0.45,0.5,6,2,1250000,8e-07,2.265625,2.265625,2,2,2,3,0,0,0,0,0,6.5,8.5,0
3339,0.45,0.5,6,2,1600000,6.25e-07,3,3,3,3,3,3,0,0,0,0,0,6.5,8.5,0
3340,0.45,0.5,6,2,2000000,5e-07,4.015625,4.015625,4,4,4,5,0,0,0,0,0,6.5,8.5,0
3341,0.45,0.5,6,2,2500000,4e-07,5,5,5,5,5,5,0,0,0,0,0,6.5,8.5,1
3342,0.45,0.5,6,2,3200000,3.125e-07,6.203125,6.203125,6,6,6,6,1,1,1,1,1,6.5,8.5,1
3343,0.45,0.5,6,2,5000000,2e-07,10.015625,10.015625,10,10,10,11,1,1,1,1,1,6.5,8.5,1
3344,0.45,0.5,6,2,10000000,1e-07,20.015625,20.015625,20,20,20,21,1,1,1,1,1,6.5,8.5,1
3345,0.45,0.5,6,2.5,400000,2.5e-06,1,1,1,1,1,1,0,0,0,0,0,6,8,0
3346,0.45,0.5,6,2.5,600000,1.66666666666667e-06,1.09375,1.109375,1,1,1,1,0,0,0,0,0,6,8,0
3347,0.45,0.5,6,2.5,800000,1.25e-06,2,2,2,2,2,2,0,0,0,0,0,6,8,0
3348,0.45,0.5,6,2.5,1000000,1e-06,2.515625,2.515625,2,2,2,3,0,0,0,0,0,6,8,0
3349,0.45,0.5,6,2.5,1250000,8e-07,3,3,3,3,3,3,0,0,0,0,0,6,8,0
3350,0.45,0.5,6,2.5,1600000,6.25e-07,4,4,4,4,4,4,0,0,0,0,0,6,8,0
3351,0.45,0.5,6,2.5,2000000,5e-07,5.015625,5.015625,5,5,5,6,0.015625,0,0,0,1,6,8,1
3352,0.45,0.5,6,2.5,2500000,4e-07,6,6,6,6,6,6,1,1,1,1,1,6,8,1
3353,0.45,0.5,6,2.5,3200000,3.125e-07,8,8,8,8,8,8,1,1,1,1,1,6,8,1
3354,0.45,0.5,6,2.5,5000000,2e-07,12.515625,12.515625,12,12,12,13,1,1,1,1,1,6,8,1
3355,0.45,0.5,6,2.5,10000000,1e-07,25.015625,25.015625,25,25,25,26,1,1,1,1,1,6,8,1
3356,0.45,0.5,6,3,400000,2.5e-06,1,1,1,1,1,1,0,0,0,0,0,5.5,7.5,0
3357,0.45,0.5,6,3,600000,1.66666666666667e-06,1.59375,1.609375,1,1,1,2,0,0,0,0,0,5.5,7.5,0
3358,0.45,0.5,6,3,800000,1.25e-06,2.203125,2.203125,2,2,2,2,0,0,0,0,0,5.5,7.5,0
3359,0.45,0.5,6,3,1000000,1e-06,3.015625,3.015625,3,3,3,4,0,0,0,0,0,5.5,7.5,0
3360,0.45,0.5,6,3,1250000,8e-07,3.53125,3.53125,3,3,3,4,0,0,0,0,0,5.5,7.5,0
3361,0.45,0.5,6,3,1600000,6.25e-07,4.59375,4.609375,4,4,4,5,0,0,0,0,0,5.5,7.5,0
3362,0.45,0.5,6,3,2000000,5e-07,6.015625,6.015625,6,6,6,7,1,1,1,1,1,5.5,7.5,1
3363,0.45,0.5,6,3,2500000,4e-07,7.03125,7.03125,7,7,7,8,1,1,1,1,1,5.5,7.5,1
3364,0.45,0.5,6,3,3200000,3.125e-07,9.390625,9.40625,9,9,9,10,1,1,1,1,1,5.5,7.5,1
3365,0.45,0.5,6,3,5000000,2e-07,15.015625,15.015625,15,15,15,16,1,1,1,1,1,5.5,7.5,1
3366,0.45,0.5,6,3,10000000,1e-07,30.015625,30.015625,30,30,30,31,1,1,1,1,1,5.5,7.5,1
3367,0.45,0.5,6,5,400000,2.5e-06,2,2,2,2,2,2,0,0,0,0,0,3.5,5.5,0
3368,0.45,0.5,6,5,600000,1.66666666666667e-06,3,3,3,3,3,3,0,0,0,0,0,3.5,5.5,0
3369,0.45,0.5,6,5,800000,1.25e-06,4,4,4,4,4,4,0,0,0,0,0,3.5,5.5,0
3370,0.45,0.5,6,5,1000000,1e-06,5.015625,5.015625,5,5,5,6,0.015625,0,0,0,1,3.5,5.5,1
3371,0.45,0.5,6,5,1250000,8e-07,6.015625,6.015625,6,6,6,6,1,1,1,1,1,3.5,5.5,1
3372,0.45,0.5,6,5,1600000,6.25e-07,8,8,8,8,8,8,1,1,1,1,1,3.5,5.5,1
3373,0.45,0.5,6,5,2000000,5e-07,10.015625,10.015625,10,10,10,11,1,1,1,1,1,3.5,5.5,1
3374,0.45,0.5,6,5,2500000,4e-07,12.03125,12.03125,12,12,12,13,1,1,1,1,1,3.5,5.5,1
3375,0.45,0.5,6,5,3200000,3.125e-07,16,16,16,16,16,16,1,1,1,1,1,3.5,5.5,1
3376,0.45,0.5,6,5,5000000,2e-07,25.015625,25.015625,25,25,25,26,1,1,1,1,1,3.5,5.5,1
3377,0.45,0.5,6,5,10000000,1e-07,50.015625,50.015625,50,50,50,51,1,1,1,1,1,3.5,5.5,1
3378,0.45,0.5,6,6,400000,2.5e-06,2,2,2,2,2,2,0,0,0,0,0,2.5,4.5,0
3379,0.45,0.5,6,6,600000,1.66666666666667e-06,3.203125,3.203125,3,3,3,3,0,0,0,0,0,2.5,4.5,0
3380,0.45,0.5,6,6,800000,1.25e-06,4.609375,4.59375,4,4,4,5,0,0,0,0,0,2.5,4.5,0
3381,0.45,0.5,6,6,1000000,1e-06,6.015625,6.015625,6,6,6,7,1,1,1,1,1,2.5,4.5,1
3382,0.45,0.5,6,6,1250000,8e-07,7.265625,7.265625,7,7,7,8,1,1,1,1,1,2.5,4.5,1
3383,0.45,0.5,6,6,1600000,6.25e-07,9.203125,9.203125,9,9,9,9,1,1,1,1,1,2.5,4.5,1
3384,0.45,0.5,6,6,2000000,5e-07,12.015625,12.015625,12,12,12,13,1,1,1,1,1,2.5,4.5,1
3385,0.45,0.5,6,6,2500000,4e-07,15,15,15,15,15,15,1,1,1,1,1,2.5,4.5,1
3386,0.45,0.5,6,6,3200000,3.125e-07,19,19,19,19,19,19,1,1,1,1,1,2.5,4.5,1
3387,0.45,0.5,6,6,5000000,2e-07,30.015625,30.015625,30,30,30,31,1,1,1,1,1,2.5,4.5,1
3388,0.45,0.5,6,6,10000000,1e-07,60.015625,60.015625,60,60,60,61,1,1,1,1,1,2.5,4.5,1
3389,0.45,1,3,1,400000,2.5e-06,0,0,0,0,0,0,0,0,0,0,0,7,9,0
3390,0.45,1,3,1,600000,1.66666666666667e-06,0.203125,0.203125,0,0,0,0,0,0,0,0,0,7,9,0
3391,0.45,1,3,1,800000,1.25e-06,0.59375,0.609375,0,0,0,1,0,0,0,0,0,7,9,0
3392,0.45,1,3,1,1000000,1e-06,1.015625,1.015625,1,1,1,2,0,0,0,0,0,7,9,0
3393,0.45,1,3,1,1250000,8e-07,1.015625,1.015625,1,1,1,1,0,0,0,0,0,7,9,0
3394,0.45,1,3,1,1600000,6.25e-07,1.203125,1.203125,1,1,1,1,0,0,0,0,0,7,9,0
3395,0.45,1,3,1,2000000,5e-07,2.015625,2.015625,2,2,2,3,0.015625,0,0,0,1,7,9,1
3396,0.45,1,3,1,2500000,4e-07,2.03125,2.03125,2,2,2,3,0.03125,0,0,0,1,7,9,1
3397,0.45,1,3,1,3200000,3.125e-07,3,3,3,3,3,3,1,1,1,1,1,7,9,1
3398,0.45,1,3,1,5000000,2e-07,5.015625,5.015625,5,5,5,6,1,1,1,1,1,7,9,1
3399,0.45,1,3,1,10000000,1e-07,10.015625,10.015625,10,10,10,11,1,1,1,1,1,7,9,1
3400,0.45,1,3,1.5,400000,2.5e-06,0.203125,0.21875,0,0,0,1,0,0,0,0,0,6.5,8.5,0
3401,0.45,1,3,1.5,600000,1.66666666666667e-06,0.8125,0.8125,0,0,0,1,0,0,0,0,0,6.5,8.5,0
3402,0.45,1,3,1.5,800000,1.25e-06,1,1.015625,1,1,1,1,0,0,0,0,0,6.5,8.5,0
3403,0.45,1,3,1.5,1000000,1e-06,1.515625,1.515625,1,1,1,2,0,0,0,0,0,6.5,8.5,0
3404,0.45,1,3,1.5,1250000,8e-07,1.78125,1.78125,1,1,1,2,0,0,0,0,0,6.5,8.5,0
3405,0.45,1,3,1.5,1600000,6.25e-07,2,2.015625,2,2,2,2,0,0,0,0,0,6.5,8.5,1
3406,0.45,1,3,1.5,2000000,5e-07,3.015625,3.015625,3,3,3,4,1,1,1,1,1,6.5,8.5,1
3407,0.45,1,3,1.5,2500000,4e-07,3.53125,3.53125,3,3,3,4,1,1,1,1,1,6.5,8.5,1
3408,0.45,1,3,1.5,3200000,3.125e-07,4.609375,4.625,4,4,4,5,1,1,1,1,1,6.5,8.5,1
3409,0.45,1,3,1.5,5000000,2e-07,7.515625,7.515625,7,7,7,8,1,1,1,1,1,6.5,8.5,1
3410,0.45,1,3,1.5,10000000,1e-07,15.015625,15.015625,15,15,15,16,1,1,1,1,1,6.5,8.5,1
3411,0.45,1,3,2,400000,2.5e-06,0.59375,0.609375,0,0,0,1,0,0,0,0,0,6,8,0
3412,0.45,1,3,2,600000,1.66666666666667e-06,1,1,1,1,1,1,0,0,0,0,0,6,8,0
3413,0.45,1,3,2,800000,1.25e-06,1.390625,1.40625,1,1,1,2,0,0,0,0,0,6,8,0
3414,0.45,1,3,2,1000000,1e-06,2.015625,2.015625,2,2,2,3,0.015625,0,0,0,1,6,8,1
3415,0.45,1,3,2,1250000,8e-07,2.265625,2.265625,2,2,2,3,0.265625,0,0,0,1,6,8,1
3416,0.45,1,3,2,1600000,6.25e-07,3,3,3,3,3,3,1,1,1,1,1,6,8,1
3417,0.45,1,3,2,2000000,5e-07,4.015625,4.015625,4,4,4,5,1,1,1,1,1,6,8,1
3418,0.45,1,3,2,2500000,4e-07,5,5,5,5,5,5,1,1,1,1,1,6,8,1
3419,0.45,1,3,2,3200000,3.125e-07,6.203125,6.203125,6,6,6,6,1,1,1,1,1,6,8,1
3420,0.45,1,3,2,5000000,2e-07,10.015625,10.015625,10,10,10,11,1,1,1,1,1,6,8,1
3421,0.45,1,3,2,10000000,1e-07,20.015625,20.015625,20,20,20,21,1,1,1,1,1,6,8,1
3422,0.45,1,3,2.5,400000,2.5e-06,1,1,1,1,1,1,0,0,0,0,0,5.5,7.5,0
3423,0.45,1,3,2.5,600000,1.66666666666667e-06,1.09375,1.109375,1,1,1,1,0,0,0,0,0,5.5,7.5,0
3424,0.45,1,3,2.5,800000,1.25e-06,2,2,2,2,2,2,0,0,0,0,0,5.5,7.5,1
3425,0.45,1,3,2.5,1000000,1e-06,2.515625,2.515625,2,2,2,3,0.03125,0,0,0,1,5.5,7.5,1
3426,0.45,1,3,2.5,1250000,8e-07,3,3,3,3,3,3,1,1,1,1,1,5.5,7.5,1
3427,0.45,1,3,2.5,1600000,6.25e-07,4,4,4,4,4,4,1,1,1,1,1,5.5,7.5,1
3428,0.45,1,3,2.5,2000000,5e-07,5.015625,5.015625,5,5,5,6,1,1,1,1,1,5.5,7.5,1
3429,0.45,1,3,2.5,2500000,4e-07,6,6,6,6,6,6,1,1,1,1,1,5.5,7.5,1
3430,0.45,1,3,2.5,3200000,3.125e-07,8,8,8,8,8,8,1,1,1,1,1,5.5,7.5,1
3431,0.45,1,3,2.5,5000000,2e-07,12.515625,12.515625,12,12,12,13,1,1,1,1,1,5.5,7.5,1
3432,0.45,1,3,2.5,10000000,1e-07,25.015625,25.015625,25,25,25,26,1,1,1,1,1,5.5,7.5,1
3433,0.45,1,3,3,400000,2.5e-06,1,1,1,1,1,1,0,0,0,0,0,5,7,0
3434,0.45,1,3,3,600000,1.66666666666667e-06,1.609375,1.609375,1,1,1,2,0,0,0,0,0,5,7,0
3435,0.45,1,3,3,800000,1.25e-06,2.203125,2.203125,2,2,2,3,0.203125,0,0,0,1,5,7,1
3436,0.45,1,3,3,1000000,1e-06,3.015625,3.015625,3,3,3,4,1,1,1,1,1,5,7,1
3437,0.45,1,3,3,1250000,8e-07,3.53125,3.53125,3,3,3,4,1,1,1,1,1,5,7,1
3438,0.45,1,3,3,1600000,6.25e-07,4.609375,4.609375,4,4,4,5,1,1,1,1,1,5,7,1
3439,0.45,1,3,3,2000000,5e-07,6.015625,6.015625,6,6,6,7,1,1,1,1,1,5,7,1
3440,0.45,1,3,3,2500000,4e-07,7.03125,7.03125,7,7,7,8,1,1,1,1,1,5,7,1
3441,0.45,1,3,3,3200000,3.125e-07,9.40625,9.40625,9,9,9,10,1,1,1,1,1,5,7,1
3442,0.45,1,3,3,5000000,2e-07,15.015625,15.015625,15,15,15,16,1,1,1,1,1,5,7,1
3443,0.45,1,3,3,10000000,1e-07,30.015625,30.015625,30,30,30,31,1,1,1,1,1,5,7,1
3444,0.45,1,3,5,400000,2.5e-06,2,2,2,2,2,2,0,0,0,0,0,3,5,1
3445,0.45,1,3,5,600000,1.66666666666667e-06,3,3,3,3,3,3,1,1,1,1,1,3,5,1
3446,0.45,1,3,5,800000,1.25e-06,4,4,4,4,4,4,1,1,1,1,1,3,5,1
3447,0.45,1,3,5,1000000,1e-06,5.015625,5.015625,5,5,5,6,1,1,1,1,1,3,5,1
3448,0.45,1,3,5,1250000,8e-07,6.015625,6.015625,6,6,6,6,1,1,1,1,1,3,5,1
3449,0.45,1,3,5,1600000,6.25e-07,8,8,8,8,8,8,1,1,1,1,1,3,5,1
3450,0.45,1,3,5,2000000,5e-07,10.015625,10.015625,10,10,10,11,1,1,1,1,1,3,5,1
3451,0.45,1,3,5,2500000,4e-07,12.03125,12.03125,12,12,12,13,1,1,1,1,1,3,5,1
3452,0.45,1,3,5,3200000,3.125e-07,16,16,16,16,16,16,1,1,1,1,1,3,5,1
3453,0.45,1,3,5,5000000,2e-07,25.015625,25.015625,25,25,25,26,1,1,1,1,1,3,5,1
3454,0.45,1,3,5,10000000,1e-07,50.015625,50.015625,50,50,50,51,1,1,1,1,1,3,5,1
3455,0.45,1,3,6,400000,2.5e-06,2,2,2,2,2,2,0,0,0,0,0,2,4,1
3456,0.45,1,3,6,600000,1.66666666666667e-06,3.203125,3.203125,3,3,3,3,1,1,1,1,1,2,4,1
3457,0.45,1,3,6,800000,1.25e-06,4.59375,4.609375,4,4,4,5,1,1,1,1,1,2,4,1
3458,0.45,1,3,6,1000000,1e-06,6.015625,6.015625,6,6,6,7,1,1,1,1,1,2,4,1
3459,0.45,1,3,6,1250000,8e-07,7.265625,7.265625,7,7,7,8,1,1,1,1,1,2,4,1
3460,0.45,1,3,6,1600000,6.25e-07,9.203125,9.203125,9,9,9,9,1,1,1,1,1,2,4,1
3461,0.45,1,3,6,2000000,5e-07,12.015625,12.015625,12,12,12,13,1,1,1,1,1,2,4,1
3462,0.45,1,3,6,2500000,4e-07,15,15,15,15,15,15,1,1,1,1,1,2,4,1
3463,0.45,1,3,6,3200000,3.125e-07,19,19,19,19,19,19,1,1,1,1,1,2,4,1
3464,0.45,1,3,6,5000000,2e-07,30.015625,30.015625,30,30,30,31,1,1,1,1,1,2,4,1
3465,0.45,1,3,6,10000000,1e-07,60.015625,60.015625,60,60,60,61,1,1,1,1,1,2,4,1
3466,0.45,1,4,1,400000,2.5e-06,0,0,0,0,0,0,0,0,0,0,0,7,9,0
3467,0.45,1,4,1,600000,1.66666666666667e-06,0.203125,0.203125,0,0,0,0,0,0,0,0,0,7,9,0
3468,0.45,1,4,1,800000,1.25e-06,0.59375,0.609375,0,0,0,1,0,0,0,0,0,7,9,0
3469,0.45,1,4,1,1000000,1e-06,1.015625,1.015625,1,1,1,2,0,0,0,0,0,7,9,0
3470,0.45,1,4,1,1250000,8e-07,1.015625,1.015625,1,1,1,1,0,0,0,0,0,7,9,0
3471,0.45,1,4,1,1600000,6.25e-07,1.203125,1.203125,1,1,1,1,0,0,0,0,0,7,9,0
3472,0.45,1,4,1,2000000,5e-07,2.015625,2.015625,2,2,2,3,0,0,0,0,0,7,9,0
3473,0.45,1,4,1,2500000,4e-07,2.03125,2.03125,2,2,2,3,0,0,0,0,0,7,9,0
3474,0.45,1,4,1,3200000,3.125e-07,3,3,3,3,3,3,0,0,0,0,0,7,9,1
3475,0.45,1,4,1,5000000,2e-07,5.015625,5.015625,5,5,5,6,1,1,1,1,1,7,9,1
3476,0.45,1,4,1,10000000,1e-07,10.015625,10.015625,10,10,10,11,1,1,1,1,1,7,9,1
3477,0.45,1,4,1.5,400000,2.5e-06,0.203125,0.21875,0,0,0,1,0,0,0,0,0,6.5,8.5,0
3478,0.45,1,4,1.5,600000,1.66666666666667e-06,0.8125,0.8125,0,0,0,1,0,0,0,0,0,6.5,8.5,0
3479,0.45,1,4,1.5,800000,1.25e-06,1,1.015625,1,1,1,1,0,0,0,0,0,6.5,8.5,0
3480,0.45,1,4,1.5,1000000,1e-06,1.515625,1.515625,1,1,1,2,0,0,0,0,0,6.5,8.5,0
3481,0.45,1,4,1.5,1250000,8e-07,1.78125,1.78125,1,1,1,2,0,0,0,0,0,6.5,8.5,0
3482,0.45,1,4,1.5,1600000,6.25e-07,2,2.015625,2,2,2,2,0,0,0,0,0,6.5,8.5,0
3483,0.45,1,4,1.5,2000000,5e-07,3.015625,3.015625,3,3,3,4,0.015625,0,0,0,1,6.5,8.5,1
3484,0.45,1,4,1.5,2500000,4e-07,3.53125,3.53125,3,3,3,4,0.0625,0,0,0,1,6.5,8.5,1
3485,0.45,1,4,1.5,3200000,3.125e-07,4.609375,4.625,4,4,4,5,1,1,1,1,1,6.5,8.5,1
3486,0.45,1,4,1.5,5000000,2e-07,7.515625,7.515625,7,7,7,8,1,1,1,1,1,6.5,8.5,1
3487,0.45,1,4,1.5,10000000,1e-07,15.015625,15.015625,15,15,15,16,1,1,1,1,1,6.5,8.5,1
3488,0.45,1,4,2,400000,2.5e-06,0.59375,0.609375,0,0,0,1,0,0,0,0,0,6,8,0
3489,0.45,1,4,2,600000,1.66666666666667e-06,1,1,1,1,1,1,0,0,0,0,0,6,8,0
3490,0.45,1,4,2,800000,1.25e-06,1.390625,1.40625,1,1,1,2,0,0,0,0,0,6,8,0
3491,0.45,1,4,2,1000000,1e-06,2.015625,2.015625,2,2,2,3,0,0,0,0,0,6,8,0
3492,0.45,1,4,2,1250000,8e-07,2.265625,2.265625,2,2,2,3,0,0,0,0,0,6,8,0
3493,0.45,1,4,2,1600000,6.25e-07,3,3,3,3,3,3,0,0,0,0,0,6,8,1
3494,0.45,1,4,2,2000000,5e-07,4.015625,4.015625,4,4,4,5,1,1,1,1,1,6,8,1
3495,0.45,1,4,2,2500000,4e-07,5,5,5,5,5,5,1,1,1,1,1,6,8,1
3496,0.45,1,4,2,3200000,3.125e-07,6.203125,6.203125,6,6,6,6,1,1,1,1,1,6,8,1
3497,0.45,1,4,2,5000000,2e-07,10.015625,10.015625,10,10,10,11,1,1,1,1,1,6,8,1
3498,0.45,1,4,2,10000000,1e-07,20.015625,20.015625,20,20,20,21,1,1,1,1,1,6,8,1
3499,0.45,1,4,2.5,400000,2.5e-06,1,1,1,1,1,1,0,0,0,0,0,5.5,7.5,0
3500,0.45,1,4,2.5,600000,1.66666666666667e-06,1.09375,1.109375,1,1,1,1,0,0,0,0,0,5.5,7.5,0
3501,0.45,1,4,2.5,800000,1.25e-06,2,2,2,2,2,2,0,0,0,0,0,5.5,7.5,0
3502,0.45,1,4,2.5,1000000,1e-06,2.515625,2.515625,2,2,2,3,0,0,0,0,0,5.5,7.5,0
3503,0.45,1,4,2.5,1250000,8e-07,3,3,3,3,3,3,0,0,0,0,0,5.5,7.5,1
3504,0.45,1,4,2.5,1600000,6.25e-07,4,4,4,4,4,4,1,1,1,1,1,5.5,7.5,1
3505,0.45,1,4,2.5,2000000,5e-07,5.015625,5.015625,5,5,5,6,1,1,1,1,1,5.5,7.5,1
3506,0.45,1,4,2.5,2500000,4e-07,6,6,6,6,6,6,1,1,1,1,1,5.5,7.5,1
3507,0.45,1,4,2.5,3200000,3.125e-07,8,8,8,8,8,8,1,1,1,1,1,5.5,7.5,1
3508,0.45,1,4,2.5,5000000,2e-07,12.515625,12.515625,12,12,12,13,1,1,1,1,1,5.5,7.5,1
3509,0.45,1,4,2.5,10000000,1e-07,25.015625,25.015625,25,25,25,26,1,1,1,1,1,5.5,7.5,1
3510,0.45,1,4,3,400000,2.5e-06,1,1,1,1,1,1,0,0,0,0,0,5,7,0
3511,0.45,1,4,3,600000,1.66666666666667e-06,1.609375,1.609375,1,1,1,2,0,0,0,0,0,5,7,0
3512,0.45,1,4,3,800000,1.25e-06,2.203125,2.203125,2,2,2,3,0,0,0,0,0,5,7,0
3513,0.45,1,4,3,1000000,1e-06,3.015625,3.015625,3,3,3,4,0.015625,0,0,0,1,5,7,1
3514,0.45,1,4,3,1250000,8e-07,3.53125,3.53125,3,3,3,4,0.296875,0,0,0,1,5,7,1
3515,0.45,1,4,3,1600000,6.25e-07,4.609375,4.609375,4,4,4,5,1,1,1,1,1,5,7,1
3516,0.45,1,4,3,2000000,5e-07,6.015625,6.015625,6,6,6,7,1,1,1,1,1,5,7,1
3517,0.45,1,4,3,2500000,4e-07,7.03125,7.03125,7,7,7,8,1,1,1,1,1,5,7,1
3518,0.45,1,4,3,3200000,3.125e-07,9.40625,9.40625,9,9,9,10,1,1,1,1,1,5,7,1
3519,0.45,1,4,3,5000000,2e-07,15.015625,15.015625,15,15,15,16,1,1,1,1,1,5,7,1
3520,0.45,1,4,3,10000000,1e-07,30.015625,30.015625,30,30,30,31,1,1,1,1,1,5,7,1
3521,0.45,1,4,5,400000,2.5e-06,2,2,2,2,2,2,0,0,0,0,0,3,5,0
3522,0.45,1,4,5,600000,1.66666666666667e-06,3,3,3,3,3,3,0,0,0,0,0,3,5,1
3523,0.45,1,4,5,800000,1.25e-06,4,4,4,4,4,4,1,1,1,1,1,3,5,1
3524,0.45,1,4,5,1000000,1e-06,5.015625,5.015625,5,5,5,6,1,1,1,1,1,3,5,1
3525,0.45,1,4,5,1250000,8e-07,6.015625,6.015625,6,6,6,6,1,1,1,1,1,3,5,1
3526,0.45,1,4,5,1600000,6.25e-07,8,8,8,8,8,8,1,1,1,1,1,3,5,1
3527,0.45,1,4,5,2000000,5e-07,10.015625,10.015625,10,10,10,11,1,1,1,1,1,3,5,1
3528,0.45,1,4,5,2500000,4e-07,12.03125,12.03125,12,12,12,13,1,1,1,1,1,3,5,1
3529,0.45,1,4,5,3200000,3.125e-07,16,16,16,16,16,16,1,1,1,1,1,3,5,1
3530,0.45,1,4,5,5000000,2e-07,25.015625,25.015625,25,25,25,26,1,1,1,1,1,3,5,1
3531,0.45,1,4,5,10000000,1e-07,50.015625,50.015625,50,50,50,51,1,1,1,1,1,3,5,1
3532,0.45,1,4,6,400000,2.5e-06,2,2,2,2,2,2,0,0,0,0,0,2,4,0
3533,0.45,1,4,6,600000,1.66666666666667e-06,3.203125,3.203125,3,3,3,3,0,0,0,0,0,2,4,1
3534,0.45,1,4,6,800000,1.25e-06,4.59375,4.609375,4,4,4,5,1,1,1,1,1,2,4,1
3535,0.45,1,4,6,1000000,1e-06,6.015625,6.015625,6,6,6,7,1,1,1,1,1,2,4,1
3536,0.45,1,4,6,1250000,8e-07,7.265625,7.265625,7,7,7,8,1,1,1,1,1,2,4,1
3537,0.45,1,4,6,1600000,6.25e-07,9.203125,9.203125,9,9,9,9,1,1,1,1,1,2,4,1
3538,0.45,1,4,6,2000000,5e-07,12.015625,12.015625,12,12,12,13,1,1,1,1,1,2,4,1
3539,0.45,1,4,6,2500000,4e-07,15,15,15,15,15,15,1,1,1,1,1,2,4,1
3540,0.45,1,4,6,3200000,3.125e-07,19,19,19,19,19,19,1,1,1,1,1,2,4,1
3541,0.45,1,4,6,5000000,2e-07,30.015625,30.015625,30,30,30,31,1,1,1,1,1,2,4,1
3542,0.45,1,4,6,10000000,1e-07,60.015625,60.015625,60,60,60,61,1,1,1,1,1,2,4,1
3543,0.45,1,5,1,400000,2.5e-06,0,0,0,0,0,0,0,0,0,0,0,7,9,0
3544,0.45,1,5,1,600000,1.66666666666667e-06,0.203125,0.203125,0,0,0,0,0,0,0,0,0,7,9,0
3545,0.45,1,5,1,800000,1.25e-06,0.59375,0.609375,0,0,0,1,0,0,0,0,0,7,9,0
3546,0.45,1,5,1,1000000,1e-06,1.015625,1.015625,1,1,1,2,0,0,0,0,0,7,9,0
3547,0.45,1,5,1,1250000,8e-07,1.015625,1.015625,1,1,1,1,0,0,0,0,0,7,9,0
3548,0.45,1,5,1,1600000,6.25e-07,1.203125,1.203125,1,1,1,1,0,0,0,0,0,7,9,0
3549,0.45,1,5,1,2000000,5e-07,2.015625,2.015625,2,2,2,3,0,0,0,0,0,7,9,0
3550,0.45,1,5,1,2500000,4e-07,2.03125,2.03125,2,2,2,3,0,0,0,0,0,7,9,0
3551,0.45,1,5,1,3200000,3.125e-07,3,3,3,3,3,3,0,0,0,0,0,7,9,0
3552,0.45,1,5,1,5000000,2e-07,5.015625,5.015625,5,5,5,6,1,1,1,1,1,7,9,1
3553,0.45,1,5,1,10000000,1e-07,10.015625,10.015625,10,10,10,11,1,1,1,1,1,7,9,1
3554,0.45,1,5,1.5,400000,2.5e-06,0.203125,0.21875,0,0,0,1,0,0,0,0,0,6.5,8.5,0
3555,0.45,1,5,1.5,600000,1.66666666666667e-06,0.8125,0.8125,0,0,0,1,0,0,0,0,0,6.5,8.5,0
3556,0.45,1,5,1.5,800000,1.25e-06,1,1.015625,1,1,1,1,0,0,0,0,0,6.5,8.5,0
3557,0.45,1,5,1.5,1000000,1e-06,1.515625,1.515625,1,1,1,2,0,0,0,0,0,6.5,8.5,0
3558,0.45,1,5,1.5,1250000,8e-07,1.78125,1.78125,1,1,1,2,0,0,0,0,0,6.5,8.5,0
3559,0.45,1,5,1.5,1600000,6.25e-07,2,2.015625,2,2,2,2,0,0,0,0,0,6.5,8.5,0
3560,0.45,1,5,1.5,2000000,5e-07,3.015625,3.015625,3,3,3,4,0,0,0,0,0,6.5,8.5,0
3561,0.45,1,5,1.5,2500000,4e-07,3.53125,3.53125,3,3,3,4,0,0,0,0,0,6.5,8.5,0
3562,0.45,1,5,1.5,3200000,3.125e-07,4.609375,4.625,4,4,4,5,0.421875,0,0,0,1,6.5,8.5,1
3563,0.45,1,5,1.5,5000000,2e-07,7.515625,7.515625,7,7,7,8,1,1,1,1,1,6.5,8.5,1
3564,0.45,1,5,1.5,10000000,1e-07,15.015625,15.015625,15,15,15,16,1,1,1,1,1,6.5,8.5,1
3565,0.45,1,5,2,400000,2.5e-06,0.59375,0.609375,0,0,0,1,0,0,0,0,0,6,8,0
3566,0.45,1,5,2,600000,1.66666666666667e-06,1,1,1,1,1,1,0,0,0,0,0,6,8,0
3567,0.45,1,5,2,800000,1.25e-06,1.390625,1.40625,1,1,1,2,0,0,0,0,0,6,8,0
3568,0.45,1,5,2,1000000,1e-06,2.015625,2.015625,2,2,2,3,0,0,0,0,0,6,8,0
3569,0.45,1,5,2,1250000,8e-07,2.265625,2.265625,2,2,2,3,0,0,0,0,0,6,8,0
3570,0.45,1,5,2,1600000,6.25e-07,3,3,3,3,3,3,0,0,0,0,0,6,8,0
3571,0.45,1,5,2,2000000,5e-07,4.015625,4.015625,4,4,4,5,0.015625,0,0,0,1,6,8,1
3572,0.45,1,5,2,2500000,4e-07,5,5,5,5,5,5,1,1,1,1,1,6,8,1
3573,0.45,1,5,2,3200000,3.125e-07,6.203125,6.203125,6,6,6,6,1,1,1,1,1,6,8,1
3574,0.45,1,5,2,5000000,2e-07,10.015625,10.015625,10,10,10,11,1,1,1,1,1,6,8,1
3575,0.45,1,5,2,10000000,1e-07,20.015625,20.015625,20,20,20,21,1,1,1,1,1,6,8,1
3576,0.45,1,5,2.5,400000,2.5e-06,1,1,1,1,1,1,0,0,0,0,0,5.5,7.5,0
3577,0.45,1,5,2.5,600000,1.66666666666667e-06,1.09375,1.109375,1,1,1,1,0,0,0,0,0,5.5,7.5,0
3578,0.45,1,5,2.5,800000,1.25e-06,2,2,2,2,2,2,0,0,0,0,0,5.5,7.5,0
3579,0.45,1,5,2.5,1000000,1e-06,2.515625,2.515625,2,2,2,3,0,0,0,0,0,5.5,7.5,0
3580,0.45,1,5,2.5,1250000,8e-07,3,3,3,3,3,3,0,0,0,0,0,5.5,7.5,0
3581,0.45,1,5,2.5,1600000,6.25e-07,4,4,4,4,4,4,0,0,0,0,0,5.5,7.5,1
3582,0.45,1,5,2.5,2000000,5e-07,5.015625,5.015625,5,5,5,6,1,1,1,1,1,5.5,7.5,1
3583,0.45,1,5,2.5,2500000,4e-07,6,6,6,6,6,6,1,1,1,1,1,5.5,7.5,1
3584,0.45,1,5,2.5,3200000,3.125e-07,8,8,8,8,8,8,1,1,1,1,1,5.5,7.5,1
3585,0.45,1,5,2.5,5000000,2e-07,12.515625,12.515625,12,12,12,13,1,1,1,1,1,5.5,7.5,1
3586,0.45,1,5,2.5,10000000,1e-07,25.015625,25.015625,25,25,25,26,1,1,1,1,1,5.5,7.5,1
3587,0.45,1,5,3,400000,2.5e-06,1,1,1,1,1,1,0,0,0,0,0,5,7,0
3588,0.45,1,5,3,600000,1.66666666666667e-06,1.609375,1.609375,1,1,1,2,0,0,0,0,0,5,7,0
3589,0.45,1,5,3,800000,1.25e-06,2.203125,2.203125,2,2,2,3,0,0,0,0,0,5,7,0
3590,0.45,1,5,3,1000000,1e-06,3.015625,3.015625,3,3,3,4,0,0,0,0,0,5,7,0
3591,0.45,1,5,3,1250000,8e-07,3.53125,3.53125,3,3,3,4,0,0,0,0,0,5,7,0
3592,0.45,1,5,3,1600000,6.25e-07,4.609375,4.609375,4,4,4,5,0.609375,1,0,0,1,5,7,1
3593,0.45,1,5,3,2000000,5e-07,6.015625,6.015625,6,6,6,7,1,1,1,1,1,5,7,1
3594,0.45,1,5,3,2500000,4e-07,7.03125,7.03125,7,7,7,8,1,1,1,1,1,5,7,1
3595,0.45,1,5,3,3200000,3.125e-07,9.40625,9.40625,9,9,9,10,1,1,1,1,1,5,7,1
3596,0.45,1,5,3,5000000,2e-07,15.015625,15.015625,15,15,15,16,1,1,1,1,1,5,7,1
3597,0.45,1,5,3,10000000,1e-07,30.015625,30.015625,30,30,30,31,1,1,1,1,1,5,7,1
3598,0.45,1,5,5,400000,2.5e-06,2,2,2,2,2,2,0,0,0,0,0,3,5,0
3599,0.45,1,5,5,600000,1.66666666666667e-06,3,3,3,3,3,3,0,0,0,0,0,3,5,0
3600,0.45,1,5,5,800000,1.25e-06,4,4,4,4,4,4,0,0,0,0,0,3,5,1
3601,0.45,1,5,5,1000000,1e-06,5.015625,5.015625,5,5,5,6,1,1,1,1,1,3,5,1
3602,0.45,1,5,5,1250000,8e-07,6.015625,6.015625,6,6,6,6,1,1,1,1,1,3,5,1
3603,0.45,1,5,5,1600000,6.25e-07,8,8,8,8,8,8,1,1,1,1,1,3,5,1
3604,0.45,1,5,5,2000000,5e-07,10.015625,10.015625,10,10,10,11,1,1,1,1,1,3,5,1
3605,0.45,1,5,5,2500000,4e-07,12.03125,12.03125,12,12,12,13,1,1,1,1,1,3,5,1
3606,0.45,1,5,5,3200000,3.125e-07,16,16,16,16,16,16,1,1,1,1,1,3,5,1
3607,0.45,1,5,5,5000000,2e-07,25.015625,25.015625,25,25,25,26,1,1,1,1,1,3,5,1
3608,0.45,1,5,5,10000000,1e-07,50.015625,50.015625,50,50,50,51,1,1,1,1,1,3,5,1
3609,0.45,1,5,6,400000,2.5e-06,2,2,2,2,2,2,0,0,0,0,0,2,4,0
3610,0.45,1,5,6,600000,1.66666666666667e-06,3.203125,3.203125,3,3,3,3,0,0,0,0,0,2,4,0
3611,0.45,1,5,6,800000,1.25e-06,4.59375,4.609375,4,4,4,5,0.203125,0,0,0,1,2,4,1
3612,0.45,1,5,6,1000000,1e-06,6.015625,6.015625,6,6,6,7,1,1,1,1,1,2,4,1
3613,0.45,1,5,6,1250000,8e-07,7.265625,7.265625,7,7,7,8,1,1,1,1,1,2,4,1
3614,0.45,1,5,6,1600000,6.25e-07,9.203125,9.203125,9,9,9,9,1,1,1,1,1,2,4,1
3615,0.45,1,5,6,2000000,5e-07,12.015625,12.015625,12,12,12,13,1,1,1,1,1,2,4,1
3616,0.45,1,5,6,2500000,4e-07,15,15,15,15,15,15,1,1,1,1,1,2,4,1
3617,0.45,1,5,6,3200000,3.125e-07,19,19,19,19,19,19,1,1,1,1,1,2,4,1
3618,0.45,1,5,6,5000000,2e-07,30.015625,30.015625,30,30,30,31,1,1,1,1,1,2,4,1
3619,0.45,1,5,6,10000000,1e-07,60.015625,60.015625,60,60,60,61,1,1,1,1,1,2,4,1
3620,0.45,1,6,1,400000,2.5e-06,0,0,0,0,0,0,0,0,0,0,0,7,9,0
3621,0.45,1,6,1,600000,1.66666666666667e-06,0.203125,0.203125,0,0,0,0,0,0,0,0,0,7,9,0
3622,0.45,1,6,1,800000,1.25e-06,0.59375,0.609375,0,0,0,1,0,0,0,0,0,7,9,0
3623,0.45,1,6,1,1000000,1e-06,1.015625,1.015625,1,1,1,2,0,0,0,0,0,7,9,0
3624,0.45,1,6,1,1250000,8e-07,1.015625,1.015625,1,1,1,1,0,0,0,0,0,7,9,0
3625,0.45,1,6,1,1600000,6.25e-07,1.203125,1.203125,1,1,1,1,0,0,0,0,0,7,9,0
3626,0.45,1,6,1,2000000,5e-07,2.015625,2.015625,2,2,2,3,0,0,0,0,0,7,9,0
3627,0.45,1,6,1,2500000,4e-07,2.03125,2.03125,2,2,2,3,0,0,0,0,0,7,9,0
3628,0.45,1,6,1,3200000,3.125e-07,3,3,3,3,3,3,0,0,0,0,0,7,9,0
3629,0.45,1,6,1,5000000,2e-07,5.015625,5.015625,5,5,5,6,0.015625,0,0,0,1,7,9,1
3630,0.45,1,6,1,10000000,1e-07,10.015625,10.015625,10,10,10,11,1,1,1,1,1,7,9,1
3631,0.45,1,6,1.5,400000,2.5e-06,0.203125,0.21875,0,0,0,1,0,0,0,0,0,6.5,8.5,0
3632,0.45,1,6,1.5,600000,1.66666666666667e-06,0.8125,0.8125,0,0,0,1,0,0,0,0,0,6.5,8.5,0
3633,0.45,1,6,1.5,800000,1.25e-06,1,1.015625,1,1,1,1,0,0,0,0,0,6.5,8.5,0
3634,0.45,1,6,1.5,1000000,1e-06,1.515625,1.515625,1,1,1,2,0,0,0,0,0,6.5,8.5,0
3635,0.45,1,6,1.5,1250000,8e-07,1.78125,1.78125,1,1,1,2,0,0,0,0,0,6.5,8.5,0
3636,0.45,1,6,1.5,1600000,6.25e-07,2,2.015625,2,2,2,2,0,0,0,0,0,6.5,8.5,0
3637,0.45,1,6,1.5,2000000,5e-07,3.015625,3.015625,3,3,3,4,0,0,0,0,0,6.5,8.5,0
3638,0.45,1,6,1.5,2500000,4e-07,3.53125,3.53125,3,3,3,4,0,0,0,0,0,6.5,8.5,0
3639,0.45,1,6,1.5,3200000,3.125e-07,4.609375,4.625,4,4,4,5,0,0,0,0,0,6.5,8.5,0
3640,0.45,1,6,1.5,5000000,2e-07,7.515625,7.515625,7,7,7,8,1,1,1,1,1,6.5,8.5,1
3641,0.45,1,6,1.5,10000000,1e-07,15.015625,15.015625,15,15,15,16,1,1,1,1,1,6.5,8.5,1
3642,0.45,1,6,2,400000,2.5e-06,0.59375,0.609375,0,0,0,1,0,0,0,0,0,6,8,0
3643,0.45,1,6,2,600000,1.66666666666667e-06,1,1,1,1,1,1,0,0,0,0,0,6,8,0
3644,0.45,1,6,2,800000,1.25e-06,1.390625,1.40625,1,1,1,2,0,0,0,0,0,6,8,0
3645,0.45,1,6,2,1000000,1e-06,2.015625,2.015625,2,2,2,3,0,0,0,0,0,6,8,0
3646,0.45,1,6,2,1250000,8e-07,2.265625,2.265625,2,2,2,3,0,0,0,0,0,6,8,0
3647,0.45,1,6,2,1600000,6.25e-07,3,3,3,3,3,3,0,0,0,0,0,6,8,0
3648,0.45,1,6,2,2000000,5e-07,4.015625,4.015625,4,4,4,5,0,0,0,0,0,6,8,0
3649,0.45,1,6,2,2500000,4e-07,5,5,5,5,5,5,0,0,0,0,0,6,8,1
3650,0.45,1,6,2,3200000,3.125e-07,6.203125,6.203125,6,6,6,6,1,1,1,1,1,6,8,1
3651,0.45,1,6,2,5000000,2e-07,10.015625,10.015625,10,10,10,11,1,1,1,1,1,6,8,1
3652,0.45,1,6,2,10000000,1e-07,20.015625,20.015625,20,20,20,21,1,1,1,1,1,6,8,1
3653,0.45,1,6,2.5,400000,2.5e-06,1,1,1,1,1,1,0,0,0,0,0,5.5,7.5,0
3654,0.45,1,6,2.5,600000,1.66666666666667e-06,1.09375,1.109375,1,1,1,1,0,0,0,0,0,5.5,7.5,0
3655,0.45,1,6,2.5,800000,1.25e-06,2,2,2,2,2,2,0,0,0,0,0,5.5,7.5,0
3656,0.45,1,6,2.5,1000000,1e-06,2.515625,2.515625,2,2,2,3,0,0,0,0,0,5.5,7.5,0
3657,0.45,1,6,2.5,1250000,8e-07,3,3,3,3,3,3,0,0,0,0,0,5.5,7.5,0
3658,0.45,1,6,2.5,1600000,6.25e-07,4,4,4,4,4,4,0,0,0,0,0,5.5,7.5,0
3659,0.45,1,6,2.5,2000000,5e-07,5.015625,5.015625,5,5,5,6,0.015625,0,0,0,1,5.5,7.5,1
3660,0.45,1,6,2.5,2500000,4e-07,6,6,6,6,6,6,1,1,1,1,1,5.5,7.5,1
3661,0.45,1,6,2.5,3200000,3.125e-07,8,8,8,8,8,8,1,1,1,1,1,5.5,7.5,1
3662,0.45,1,6,2.5,5000000,2e-07,12.515625,12.515625,12,12,12,13,1,1,1,1,1,5.5,7.5,1
3663,0.45,1,6,2.5,10000000,1e-07,25.015625,25.015625,25,25,25,26,1,1,1,1,1,5.5,7.5,1
3664,0.45,1,6,3,400000,2.5e-06,1,1,1,1,1,1,0,0,0,0,0,5,7,0
3665,0.45,1,6,3,600000,1.66666666666667e-06,1.609375,1.609375,1,1,1,2,0,0,0,0,0,5,7,0
3666,0.45,1,6,3,800000,1.25e-06,2.203125,2.203125,2,2,2,3,0,0,0,0,0,5,7,0
3667,0.45,1,6,3,1000000,1e-06,3.015625,3.015625,3,3,3,4,0,0,0,0,0,5,7,0
3668,0.45,1,6,3,1250000,8e-07,3.53125,3.53125,3,3,3,4,0,0,0,0,0,5,7,0
3669,0.45,1,6,3,1600000,6.25e-07,4.609375,4.609375,4,4,4,5,0,0,0,0,0,5,7,0
3670,0.45,1,6,3,2000000,5e-07,6.015625,6.015625,6,6,6,7,1,1,1,1,1,5,7,1
3671,0.45,1,6,3,2500000,4e-07,7.03125,7.03125,7,7,7,8,1,1,1,1,1,5,7,1
3672,0.45,1,6,3,3200000,3.125e-07,9.40625,9.40625,9,9,9,10,1,1,1,1,1,5,7,1
3673,0.45,1,6,3,5000000,2e-07,15.015625,15.015625,15,15,15,16,1,1,1,1,1,5,7,1
3674,0.45,1,6,3,10000000,1e-07,30.015625,30.015625,30,30,30,31,1,1,1,1,1,5,7,1
3675,0.45,1,6,5,400000,2.5e-06,2,2,2,2,2,2,0,0,0,0,0,3,5,0
3676,0.45,1,6,5,600000,1.66666666666667e-06,3,3,3,3,3,3,0,0,0,0,0,3,5,0
3677,0.45,1,6,5,800000,1.25e-06,4,4,4,4,4,4,0,0,0,0,0,3,5,0
3678,0.45,1,6,5,1000000,1e-06,5.015625,5.015625,5,5,5,6,0.015625,0,0,0,1,3,5,1
3679,0.45,1,6,5,1250000,8e-07,6.015625,6.015625,6,6,6,6,1,1,1,1,1,3,5,1
3680,0.45,1,6,5,1600000,6.25e-07,8,8,8,8,8,8,1,1,1,1,1,3,5,1
3681,0.45,1,6,5,2000000,5e-07,10.015625,10.015625,10,10,10,11,1,1,1,1,1,3,5,1
3682,0.45,1,6,5,2500000,4e-07,12.03125,12.03125,12,12,12,13,1,1,1,1,1,3,5,1
3683,0.45,1,6,5,3200000,3.125e-07,16,16,16,16,16,16,1,1,1,1,1,3,5,1
3684,0.45,1,6,5,5000000,2e-07,25.015625,25.015625,25,25,25,26,1,1,1,1,1,3,5,1
3685,0.45,1,6,5,10000000,1e-07,50.015625,50.015625,50,50,50,51,1,1,1,1,1,3,5,1
3686,0.45,1,6,6,400000,2.5e-06,2,2,2,2,2,2,0,0,0,0,0,2,4,0
3687,0.45,1,6,6,600000,1.66666666666667e-06,3.203125,3.203125,3,3,3,3,0,0,0,0,0,2,4,0
3688,0.45,1,6,6,800000,1.25e-06,4.59375,4.609375,4,4,4,5,0,0,0,0,0,2,4,0
3689,0.45,1,6,6,1000000,1e-06,6.015625,6.015625,6,6,6,7,1,1,1,1,1,2,4,1
3690,0.45,1,6,6,1250000,8e-07,7.265625,7.265625,7,7,7,8,1,1,1,1,1,2,4,1
3691,0.45,1,6,6,1600000,6.25e-07,9.203125,9.203125,9,9,9,9,1,1,1,1,1,2,4,1
3692,0.45,1,6,6,2000000,5e-07,12.015625,12.015625,12,12,12,13,1,1,1,1,1,2,4,1
3693,0.45,1,6,6,2500000,4e-07,15,15,15,15,15,15,1,1,1,1,1,2,4,1
3694,0.45,1,6,6,3200000,3.125e-07,19,19,19,19,19,19,1,1,1,1,1,2,4,1
3695,0.45,1,6,6,5000000,2e-07,30.015625,30.015625,30,30,30,31,1,1,1,1,1,2,4,1
3696,0.45,1,6,6,10000000,1e-07,60.015625,60.015625,60,60,60,61,1,1,1,1,1,2,4,1
3697,0.55,0.2,3,1,400000,2.5e-06,0,0,0,0,0,0,0,0,0,0,0,9.8,7.8,0
3698,0.55,0.2,3,1,600000,1.66666666666667e-06,0.203125,0.203125,0,0,0,1,0,0,0,0,0,9.8,7.8,0
3699,0.55,0.2,3,1,800000,1.25e-06,0.59375,0.59375,0,0,0,1,0,0,0,0,0,9.8,7.8,0
3700,0.55,0.2,3,1,1000000,1e-06,1,1,1,1,1,1,0,0,0,0,0,9.8,7.8,0
3701,0.55,0.2,3,1,1250000,8e-07,1.015625,1.015625,1,1,1,1,0,0,0,0,0,9.8,7.8,0
3702,0.55,0.2,3,1,1600000,6.25e-07,1.1875,1.203125,1,1,1,1,0,0,0,0,0,9.8,7.8,0
3703,0.55,0.2,3,1,2000000,5e-07,2,2,2,2,2,2,0,0,0,0,0,9.8,7.8,1
3704,0.55,0.2,3,1,2500000,4e-07,2.03125,2.03125,2,2,2,3,0.03125,0,0,0,1,9.8,7.8,1
3705,0.55,0.2,3,1,3200000,3.125e-07,3,3,3,3,3,3,1,1,1,1,1,9.8,7.8,1
3706,0.55,0.2,3,1,5000000,2e-07,5.015625,5.015625,5,5,5,6,1,1,1,1,1,9.8,7.8,1
3707,0.55,0.2,3,1,10000000,1e-07,10.015625,10.015625,10,10,10,11,1,1,1,1,1,9.8,7.8,1
3708,0.55,0.2,3,1.5,400000,2.5e-06,0.1875,0.203125,0,0,0,0,0,0,0,0,0,9.3,7.3,0
3709,0.55,0.2,3,1.5,600000,1.66666666666667e-06,0.796875,0.796875,0,0,0,1,0,0,0,0,0,9.3,7.3,0
3710,0.55,0.2,3,1.5,800000,1.25e-06,1,1,1,1,1,1,0,0,0,0,0,9.3,7.3,0
3711,0.55,0.2,3,1.5,1000000,1e-06,1.5,1.5,1,1,1,2,0,0,0,0,0,9.3,7.3,0
3712,0.55,0.2,3,1.5,1250000,8e-07,1.78125,1.78125,1,1,1,2,0,0,0,0,0,9.3,7.3,0
3713,0.55,0.2,3,1.5,1600000,6.25e-07,2,2,2,2,2,2,0,0,0,0,0,9.3,7.3,1
3714,0.55,0.2,3,1.5,2000000,5e-07,3,3,3,3,3,3,1,1,1,1,1,9.3,7.3,1
3715,0.55,0.2,3,1.5,2500000,4e-07,3.53125,3.53125,3,3,3,4,1,1,1,1,1,9.3,7.3,1
3716,0.55,0.2,3,1.5,3200000,3.125e-07,4.609375,4.609375,4,4,4,5,1,1,1,1,1,9.3,7.3,1
3717,0.55,0.2,3,1.5,5000000,2e-07,7.515625,7.515625,7,7,7,8,1,1,1,1,1,9.3,7.3,1
3718,0.55,0.2,3,1.5,10000000,1e-07,15.015625,15.015625,15,15,15,16,1,1,1,1,1,9.3,7.3,1
3719,0.55,0.2,3,2,400000,2.5e-06,0.59375,0.59375,0,0,0,1,0,0,0,0,0,8.8,6.8,0
3720,0.55,0.2,3,2,600000,1.66666666666667e-06,1,1,1,1,1,1,0,0,0,0,0,8.8,6.8,0
3721,0.55,0.2,3,2,800000,1.25e-06,1.390625,1.390625,1,1,1,2,0,0,0,0,0,8.8,6.8,0
3722,0.55,0.2,3,2,1000000,1e-06,2,2,2,2,2,2,0,0,0,0,0,8.8,6.8,1
3723,0.55,0.2,3,2,1250000,8e-07,2.265625,2.265625,2,2,2,3,0.265625,0,0,0,1,8.8,6.8,1
3724,0.55,0.2,3,2,1600000,6.25e-07,3,3,3,3,3,3,1,1,1,1,1,8.8,6.8,1
3725,0.55,0.2,3,2,2000000,5e-07,4,4,4,4,4,4,1,1,1,1,1,8.8,6.8,1
3726,0.55,0.2,3,2,2500000,4e-07,5,5,5,5,5,5,1,1,1,1,1,8.8,6.8,1
3727,0.55,0.2,3,2,3200000,3.125e-07,6.203125,6.203125,6,6,6,6,1,1,1,1,1,8.8,6.8,1
3728,0.55,0.2,3,2,5000000,2e-07,10.015625,10.015625,10,10,10,11,1,1,1,1,1,8.8,6.8,1
3729,0.55,0.2,3,2,10000000,1e-07,20.015625,20.015625,20,20,20,21,1,1,1,1,1,8.8,6.8,1
3730,0.55,0.2,3,2.5,400000,2.5e-06,1,1,1,1,1,1,0,0,0,0,0,8.3,6.3,0
3731,0.55,0.2,3,2.5,600000,1.66666666666667e-06,1.09375,1.109375,1,1,1,1,0,0,0,0,0,8.3,6.3,0
3732,0.55,0.2,3,2.5,800000,1.25e-06,2,2,2,2,2,2,0,0,0,0,0,8.3,6.3,1
3733,0.55,0.2,3,2.5,1000000,1e-06,2.5,2.5,2,2,2,3,0.390625,0,0,0,1,8.3,6.3,1
3734,0.55,0.2,3,2.5,1250000,8e-07,3,3,3,3,3,3,1,1,1,1,1,8.3,6.3,1
3735,0.55,0.2,3,2.5,1600000,6.25e-07,4,4,4,4,4,4,1,1,1,1,1,8.3,6.3,1
3736,0.55,0.2,3,2.5,2000000,5e-07,5,5,5,5,5,5,1,1,1,1,1,8.3,6.3,1
3737,0.55,0.2,3,2.5,2500000,4e-07,6,6,6,6,6,6,1,1,1,1,1,8.3,6.3,1
3738,0.55,0.2,3,2.5,3200000,3.125e-07,8,8,8,8,8,8,1,1,1,1,1,8.3,6.3,1
3739,0.55,0.2,3,2.5,5000000,2e-07,12.515625,12.515625,12,12,12,13,1,1,1,1,1,8.3,6.3,1
3740,0.55,0.2,3,2.5,10000000,1e-07,25.015625,25.015625,25,25,25,26,1,1,1,1,1,8.3,6.3,1
3741,0.55,0.2,3,3,400000,2.5e-06,1,1,1,1,1,1,0,0,0,0,0,7.8,5.8,0
3742,0.55,0.2,3,3,600000,1.66666666666667e-06,1.59375,1.59375,1,1,1,2,0,0,0,0,0,7.8,5.8,0
3743,0.55,0.2,3,3,800000,1.25e-06,2.1875,2.203125,2,2,2,2,0,0,0,0,0,7.8,5.8,1
3744,0.55,0.2,3,3,1000000,1e-06,3,3,3,3,3,3,1,1,1,1,1,7.8,5.8,1
3745,0.55,0.2,3,3,1250000,8e-07,3.53125,3.53125,3,3,3,4,1,1,1,1,1,7.8,5.8,1
3746,0.55,0.2,3,3,1600000,6.25e-07,4.59375,4.609375,4,4,4,5,1,1,1,1,1,7.8,5.8,1
3747,0.55,0.2,3,3,2000000,5e-07,6,6,6,6,6,6,1,1,1,1,1,7.8,5.8,1
3748,0.55,0.2,3,3,2500000,4e-07,7.03125,7.03125,7,7,7,8,1,1,1,1,1,7.8,5.8,1
3749,0.55,0.2,3,3,3200000,3.125e-07,9.40625,9.40625,9,9,9,10,1,1,1,1,1,7.8,5.8,1
3750,0.55,0.2,3,3,5000000,2e-07,15.015625,15.015625,15,15,15,16,1,1,1,1,1,7.8,5.8,1
3751,0.55,0.2,3,3,10000000,1e-07,30.015625,30.015625,30,30,30,31,1,1,1,1,1,7.8,5.8,1
3752,0.55,0.2,3,5,400000,2.5e-06,2,2,2,2,2,2,0,0,0,0,0,5.8,3.8,1
3753,0.55,0.2,3,5,600000,1.66666666666667e-06,3,3,3,3,3,3,1,1,1,1,1,5.8,3.8,1
3754,0.55,0.2,3,5,800000,1.25e-06,4,4,4,4,4,4,1,1,1,1,1,5.8,3.8,1
3755,0.55,0.2,3,5,1000000,1e-06,5,5,5,5,5,5,1,1,1,1,1,5.8,3.8,1
3756,0.55,0.2,3,5,1250000,8e-07,6.015625,6.015625,6,6,6,6,1,1,1,1,1,5.8,3.8,1
3757,0.55,0.2,3,5,1600000,6.25e-07,8,8,8,8,8,8,1,1,1,1,1,5.8,3.8,1
3758,0.55,0.2,3,5,2000000,5e-07,10,10,10,10,10,10,1,1,1,1,1,5.8,3.8,1
3759,0.55,0.2,3,5,2500000,4e-07,12.03125,12.03125,12,12,12,13,1,1,1,1,1,5.8,3.8,1
3760,0.55,0.2,3,5,3200000,3.125e-07,16,16,16,16,16,16,1,1,1,1,1,5.8,3.8,1
3761,0.55,0.2,3,5,5000000,2e-07,25.015625,25.015625,25,25,25,26,1,1,1,1,1,5.8,3.8,1
3762,0.55,0.2,3,5,10000000,1e-07,50.015625,50.015625,50,50,50,51,1,1,1,1,1,5.8,3.8,1
3763,0.55,0.2,3,6,400000,2.5e-06,2,2,2,2,2,2,0,0,0,0,0,4.8,2.8,1
3764,0.55,0.2,3,6,600000,1.66666666666667e-06,3.203125,3.203125,3,3,3,4,1,1,1,1,1,4.8,2.8,1
3765,0.55,0.2,3,6,800000,1.25e-06,4.59375,4.59375,4,4,4,5,1,1,1,1,1,4.8,2.8,1
3766,0.55,0.2,3,6,1000000,1e-06,6,6,6,6,6,6,1,1,1,1,1,4.8,2.8,1
3767,0.55,0.2,3,6,1250000,8e-07,7.265625,7.265625,7,7,7,8,1,1,1,1,1,4.8,2.8,1
3768,0.55,0.2,3,6,1600000,6.25e-07,9.1875,9.203125,9,9,9,9,1,1,1,1,1,4.8,2.8,1
3769,0.55,0.2,3,6,2000000,5e-07,12,12,12,12,12,12,1,1,1,1,1,4.8,2.8,1
3770,0.55,0.2,3,6,2500000,4e-07,15,15,15,15,15,15,1,1,1,1,1,4.8,2.8,1
3771,0.55,0.2,3,6,3200000,3.125e-07,19,19,19,19,19,19,1,1,1,1,1,4.8,2.8,1
3772,0.55,0.2,3,6,5000000,2e-07,30.015625,30.015625,30,30,30,31,1,1,1,1,1,4.8,2.8,1
3773,0.55,0.2,3,6,10000000,1e-07,60.015625,60.015625,60,60,60,61,1,1,1,1,1,4.8,2.8,1
3774,0.55,0.2,4,1,400000,2.5e-06,0,0,0,0,0,0,0,0,0,0,0,9.8,7.8,0
3775,0.55,0.2,4,1,600000,1.66666666666667e-06,0.203125,0.203125,0,0,0,1,0,0,0,0,0,9.8,7.8,0
3776,0.55,0.2,4,1,800000,1.25e-06,0.59375,0.59375,0,0,0,1,0,0,0,0,0,9.8,7.8,0
3777,0.55,0.2,4,1,1000000,1e-06,1,1,1,1,1,1,0,0,0,0,0,9.8,7.8,0
3778,0.55,0.2,4,1,1250000,8e-07,1.015625,1.015625,1,1,1,1,0,0,0,0,0,9.8,7.8,0
3779,0.55,0.2,4,1,1600000,6.25e-07,1.1875,1.203125,1,1,1,1,0,0,0,0,0,9.8,7.8,0
3780,0.55,0.2,4,1,2000000,5e-07,2,2,2,2,2,2,0,0,0,0,0,9.8,7.8,0
3781,0.55,0.2,4,1,2500000,4e-07,2.03125,2.03125,2,2,2,3,0,0,0,0,0,9.8,7.8,0
3782,0.55,0.2,4,1,3200000,3.125e-07,3,3,3,3,3,3,0,0,0,0,0,9.8,7.8,1
3783,0.55,0.2,4,1,5000000,2e-07,5.015625,5.015625,5,5,5,6,1,1,1,1,1,9.8,7.8,1
3784,0.55,0.2,4,1,10000000,1e-07,10.015625,10.015625,10,10,10,11,1,1,1,1,1,9.8,7.8,1
3785,0.55,0.2,4,1.5,400000,2.5e-06,0.1875,0.203125,0,0,0,0,0,0,0,0,0,9.3,7.3,0
3786,0.55,0.2,4,1.5,600000,1.66666666666667e-06,0.796875,0.796875,0,0,0,1,0,0,0,0,0,9.3,7.3,0
3787,0.55,0.2,4,1.5,800000,1.25e-06,1,1,1,1,1,1,0,0,0,0,0,9.3,7.3,0
3788,0.55,0.2,4,1.5,1000000,1e-06,1.5,1.5,1,1,1,2,0,0,0,0,0,9.3,7.3,0
3789,0.55,0.2,4,1.5,1250000,8e-07,1.78125,1.78125,1,1,1,2,0,0,0,0,0,9.3,7.3,0
3790,0.55,0.2,4,1.5,1600000,6.25e-07,2,2,2,2,2,2,0,0,0,0,0,9.3,7.3,0
3791,0.55,0.2,4,1.5,2000000,5e-07,3,3,3,3,3,3,0,0,0,0,0,9.3,7.3,1
3792,0.55,0.2,4,1.5,2500000,4e-07,3.53125,3.53125,3,3,3,4,0.0625,0,0,0,1,9.3,7.3,1
3793,0.55,0.2,4,1.5,3200000,3.125e-07,4.609375,4.609375,4,4,4,5,1,1,1,1,1,9.3,7.3,1
3794,0.55,0.2,4,1.5,5000000,2e-07,7.515625,7.515625,7,7,7,8,1,1,1,1,1,9.3,7.3,1
3795,0.55,0.2,4,1.5,10000000,1e-07,15.015625,15.015625,15,15,15,16,1,1,1,1,1,9.3,7.3,1
3796,0.55,0.2,4,2,400000,2.5e-06,0.59375,0.59375,0,0,0,1,0,0,0,0,0,8.8,6.8,0
3797,0.55,0.2,4,2,600000,1.66666666666667e-06,1,1,1,1,1,1,0,0,0,0,0,8.8,6.8,0
3798,0.55,0.2,4,2,800000,1.25e-06,1.390625,1.390625,1,1,1,2,0,0,0,0,0,8.8,6.8,0
3799,0.55,0.2,4,2,1000000,1e-06,2,2,2,2,2,2,0,0,0,0,0,8.8,6.8,0
3800,0.55,0.2,4,2,1250000,8e-07,2.265625,2.265625,2,2,2,3,0,0,0,0,0,8.8,6.8,0
3801,0.55,0.2,4,2,1600000,6.25e-07,3,3,3,3,3,3,0,0,0,0,0,8.8,6.8,1
3802,0.55,0.2,4,2,2000000,5e-07,4,4,4,4,4,4,1,1,1,1,1,8.8,6.8,1
3803,0.55,0.2,4,2,2500000,4e-07,5,5,5,5,5,5,1,1,1,1,1,8.8,6.8,1
3804,0.55,0.2,4,2,3200000,3.125e-07,6.203125,6.203125,6,6,6,6,1,1,1,1,1,8.8,6.8,1
3805,0.55,0.2,4,2,5000000,2e-07,10.015625,10.015625,10,10,10,11,1,1,1,1,1,8.8,6.8,1
3806,0.55,0.2,4,2,10000000,1e-07,20.015625,20.015625,20,20,20,21,1,1,1,1,1,8.8,6.8,1
3807,0.55,0.2,4,2.5,400000,2.5e-06,1,1,1,1,1,1,0,0,0,0,0,8.3,6.3,0
3808,0.55,0.2,4,2.5,600000,1.66666666666667e-06,1.09375,1.109375,1,1,1,1,0,0,0,0,0,8.3,6.3,0
3809,0.55,0.2,4,2.5,800000,1.25e-06,2,2,2,2,2,2,0,0,0,0,0,8.3,6.3,0
3810,0.55,0.2,4,2.5,1000000,1e-06,2.5,2.5,2,2,2,3,0,0,0,0,0,8.3,6.3,0
3811,0.55,0.2,4,2.5,1250000,8e-07,3,3,3,3,3,3,0,0,0,0,0,8.3,6.3,1
3812,0.55,0.2,4,2.5,1600000,6.25e-07,4,4,4,4,4,4,1,1,1,1,1,8.3,6.3,1
3813,0.55,0.2,4,2.5,2000000,5e-07,5,5,5,5,5,5,1,1,1,1,1,8.3,6.3,1
3814,0.55,0.2,4,2.5,2500000,4e-07,6,6,6,6,6,6,1,1,1,1,1,8.3,6.3,1
3815,0.55,0.2,4,2.5,3200000,3.125e-07,8,8,8,8,8,8,1,1,1,1,1,8.3,6.3,1
3816,0.55,0.2,4,2.5,5000000,2e-07,12.515625,12.515625,12,12,12,13,1,1,1,1,1,8.3,6.3,1
3817,0.55,0.2,4,2.5,10000000,1e-07,25.015625,25.015625,25,25,25,26,1,1,1,1,1,8.3,6.3,1
3818,0.55,0.2,4,3,400000,2.5e-06,1,1,1,1,1,1,0,0,0,0,0,7.8,5.8,0
3819,0.55,0.2,4,3,600000,1.66666666666667e-06,1.59375,1.59375,1,1,1,2,0,0,0,0,0,7.8,5.8,0
3820,0.55,0.2,4,3,800000,1.25e-06,2.1875,2.203125,2,2,2,2,0,0,0,0,0,7.8,5.8,0
3821,0.55,0.2,4,3,1000000,1e-06,3,3,3,3,3,3,0,0,0,0,0,7.8,5.8,1
3822,0.55,0.2,4,3,1250000,8e-07,3.53125,3.53125,3,3,3,4,0.296875,0,0,0,1,7.8,5.8,1
3823,0.55,0.2,4,3,1600000,6.25e-07,4.59375,4.609375,4,4,4,5,1,1,1,1,1,7.8,5.8,1
3824,0.55,0.2,4,3,2000000,5e-07,6,6,6,6,6,6,1,1,1,1,1,7.8,5.8,1
3825,0.55,0.2,4,3,2500000,4e-07,7.03125,7.03125,7,7,7,8,1,1,1,1,1,7.8,5.8,1
3826,0.55,0.2,4,3,3200000,3.125e-07,9.40625,9.40625,9,9,9,10,1,1,1,1,1,7.8,5.8,1
3827,0.55,0.2,4,3,5000000,2e-07,15.015625,15.015625,15,15,15,16,1,1,1,1,1,7.8,5.8,1
3828,0.55,0.2,4,3,10000000,1e-07,30.015625,30.015625,30,30,30,31,1,1,1,1,1,7.8,5.8,1
3829,0.55,0.2,4,5,400000,2.5e-06,2,2,2,2,2,2,0,0,0,0,0,5.8,3.8,0
3830,0.55,0.2,4,5,600000,1.66666666666667e-06,3,3,3,3,3,3,0,0,0,0,0,5.8,3.8,1
3831,0.55,0.2,4,5,800000,1.25e-06,4,4,4,4,4,4,1,1,1,1,1,5.8,3.8,1
3832,0.55,0.2,4,5,1000000,1e-06,5,5,5,5,5,5,1,1,1,1,1,5.8,3.8,1
3833,0.55,0.2,4,5,1250000,8e-07,6.015625,6.015625,6,6,6,6,1,1,1,1,1,5.8,3.8,1
3834,0.55,0.2,4,5,1600000,6.25e-07,8,8,8,8,8,8,1,1,1,1,1,5.8,3.8,1
3835,0.55,0.2,4,5,2000000,5e-07,10,10,10,10,10,10,1,1,1,1,1,5.8,3.8,1
3836,0.55,0.2,4,5,2500000,4e-07,12.03125,12.03125,12,12,12,13,1,1,1,1,1,5.8,3.8,1
3837,0.55,0.2,4,5,3200000,3.125e-07,16,16,16,16,16,16,1,1,1,1,1,5.8,3.8,1
3838,0.55,0.2,4,5,5000000,2e-07,25.015625,25.015625,25,25,25,26,1,1,1,1,1,5.8,3.8,1
3839,0.55,0.2,4,5,10000000,1e-07,50.015625,50.015625,50,50,50,51,1,1,1,1,1,5.8,3.8,1
3840,0.55,0.2,4,6,400000,2.5e-06,2,2,2,2,2,2,0,0,0,0,0,4.8,2.8,0
3841,0.55,0.2,4,6,600000,1.66666666666667e-06,3.203125,3.203125,3,3,3,4,0.046875,0,0,0,1,4.8,2.8,1
3842,0.55,0.2,4,6,800000,1.25e-06,4.59375,4.59375,4,4,4,5,1,1,1,1,1,4.8,2.8,1
3843,0.55,0.2,4,6,1000000,1e-06,6,6,6,6,6,6,1,1,1,1,1,4.8,2.8,1
3844,0.55,0.2,4,6,1250000,8e-07,7.265625,7.265625,7,7,7,8,1,1,1,1,1,4.8,2.8,1
3845,0.55,0.2,4,6,1600000,6.25e-07,9.1875,9.203125,9,9,9,9,1,1,1,1,1,4.8,2.8,1
3846,0.55,0.2,4,6,2000000,5e-07,12,12,12,12,12,12,1,1,1,1,1,4.8,2.8,1
3847,0.55,0.2,4,6,2500000,4e-07,15,15,15,15,15,15,1,1,1,1,1,4.8,2.8,1
3848,0.55,0.2,4,6,3200000,3.125e-07,19,19,19,19,19,19,1,1,1,1,1,4.8,2.8,1
3849,0.55,0.2,4,6,5000000,2e-07,30.015625,30.015625,30,30,30,31,1,1,1,1,1,4.8,2.8,1
3850,0.55,0.2,4,6,10000000,1e-07,60.015625,60.015625,60,60,60,61,1,1,1,1,1,4.8,2.8,1
3851,0.55,0.2,5,1,400000,2.5e-06,0,0,0,0,0,0,0,0,0,0,0,9.8,7.8,0
3852,0.55,0.2,5,1,600000,1.66666666666667e-06,0.203125,0.203125,0,0,0,1,0,0,0,0,0,9.8,7.8,0
3853,0.55,0.2,5,1,800000,1.25e-06,0.59375,0.59375,0,0,0,1,0,0,0,0,0,9.8,7.8,0
3854,0.55,0.2,5,1,1000000,1e-06,1,1,1,1,1,1,0,0,0,0,0,9.8,7.8,0
3855,0.55,0.2,5,1,1250000,8e-07,1.015625,1.015625,1,1,1,1,0,0,0,0,0,9.8,7.8,0
3856,0.55,0.2,5,1,1600000,6.25e-07,1.1875,1.203125,1,1,1,1,0,0,0,0,0,9.8,7.8,0
3857,0.55,0.2,5,1,2000000,5e-07,2,2,2,2,2,2,0,0,0,0,0,9.8,7.8,0
3858,0.55,0.2,5,1,2500000,4e-07,2.03125,2.03125,2,2,2,3,0,0,0,0,0,9.8,7.8,0
3859,0.55,0.2,5,1,3200000,3.125e-07,3,3,3,3,3,3,0,0,0,0,0,9.8,7.8,0
3860,0.55,0.2,5,1,5000000,2e-07,5.015625,5.015625,5,5,5,6,1,1,1,1,1,9.8,7.8,1
3861,0.55,0.2,5,1,10000000,1e-07,10.015625,10.015625,10,10,10,11,1,1,1,1,1,9.8,7.8,1
3862,0.55,0.2,5,1.5,400000,2.5e-06,0.1875,0.203125,0,0,0,0,0,0,0,0,0,9.3,7.3,0
3863,0.55,0.2,5,1.5,600000,1.66666666666667e-06,0.796875,0.796875,0,0,0,1,0,0,0,0,0,9.3,7.3,0
3864,0.55,0.2,5,1.5,800000,1.25e-06,1,1,1,1,1,1,0,0,0,0,0,9.3,7.3,0
3865,0.55,0.2,5,1.5,1000000,1e-06,1.5,1.5,1,1,1,2,0,0,0,0,0,9.3,7.3,0
3866,0.55,0.2,5,1.5,1250000,8e-07,1.78125,1.78125,1,1,1,2,0,0,0,0,0,9.3,7.3,0
3867,0.55,0.2,5,1.5,1600000,6.25e-07,2,2,2,2,2,2,0,0,0,0,0,9.3,7.3,0
3868,0.55,0.2,5,1.5,2000000,5e-07,3,3,3,3,3,3,0,0,0,0,0,9.3,7.3,0
3869,0.55,0.2,5,1.5,2500000,4e-07,3.53125,3.53125,3,3,3,4,0,0,0,0,0,9.3,7.3,0
3870,0.55,0.2,5,1.5,3200000,3.125e-07,4.609375,4.609375,4,4,4,5,0.53125,1,0,0,1,9.3,7.3,1
3871,0.55,0.2,5,1.5,5000000,2e-07,7.515625,7.515625,7,7,7,8,1,1,1,1,1,9.3,7.3,1
3872,0.55,0.2,5,1.5,10000000,1e-07,15.015625,15.015625,15,15,15,16,1,1,1,1,1,9.3,7.3,1
3873,0.55,0.2,5,2,400000,2.5e-06,0.59375,0.59375,0,0,0,1,0,0,0,0,0,8.8,6.8,0
3874,0.55,0.2,5,2,600000,1.66666666666667e-06,1,1,1,1,1,1,0,0,0,0,0,8.8,6.8,0
3875,0.55,0.2,5,2,800000,1.25e-06,1.390625,1.390625,1,1,1,2,0,0,0,0,0,8.8,6.8,0
3876,0.55,0.2,5,2,1000000,1e-06,2,2,2,2,2,2,0,0,0,0,0,8.8,6.8,0
3877,0.55,0.2,5,2,1250000,8e-07,2.265625,2.265625,2,2,2,3,0,0,0,0,0,8.8,6.8,0
3878,0.55,0.2,5,2,1600000,6.25e-07,3,3,3,3,3,3,0,0,0,0,0,8.8,6.8,0
3879,0.55,0.2,5,2,2000000,5e-07,4,4,4,4,4,4,0,0,0,0,0,8.8,6.8,1
3880,0.55,0.2,5,2,2500000,4e-07,5,5,5,5,5,5,1,1,1,1,1,8.8,6.8,1
3881,0.55,0.2,5,2,3200000,3.125e-07,6.203125,6.203125,6,6,6,6,1,1,1,1,1,8.8,6.8,1
3882,0.55,0.2,5,2,5000000,2e-07,10.015625,10.015625,10,10,10,11,1,1,1,1,1,8.8,6.8,1
3883,0.55,0.2,5,2,10000000,1e-07,20.015625,20.015625,20,20,20,21,1,1,1,1,1,8.8,6.8,1
3884,0.55,0.2,5,2.5,400000,2.5e-06,1,1,1,1,1,1,0,0,0,0,0,8.3,6.3,0
3885,0.55,0.2,5,2.5,600000,1.66666666666667e-06,1.09375,1.109375,1,1,1,1,0,0,0,0,0,8.3,6.3,0
3886,0.55,0.2,5,2.5,800000,1.25e-06,2,2,2,2,2,2,0,0,0,0,0,8.3,6.3,0
3887,0.55,0.2,5,2.5,1000000,1e-06,2.5,2.5,2,2,2,3,0,0,0,0,0,8.3,6.3,0
3888,0.55,0.2,5,2.5,1250000,8e-07,3,3,3,3,3,3,0,0,0,0,0,8.3,6.3,0
3889,0.55,0.2,5,2.5,1600000,6.25e-07,4,4,4,4,4,4,0,0,0,0,0,8.3,6.3,1
3890,0.55,0.2,5,2.5,2000000,5e-07,5,5,5,5,5,5,1,1,1,1,1,8.3,6.3,1
3891,0.55,0.2,5,2.5,2500000,4e-07,6,6,6,6,6,6,1,1,1,1,1,8.3,6.3,1
3892,0.55,0.2,5,2.5,3200000,3.125e-07,8,8,8,8,8,8,1,1,1,1,1,8.3,6.3,1
3893,0.55,0.2,5,2.5,5000000,2e-07,12.515625,12.515625,12,12,12,13,1,1,1,1,1,8.3,6.3,1
3894,0.55,0.2,5,2.5,10000000,1e-07,25.015625,25.015625,25,25,25,26,1,1,1,1,1,8.3,6.3,1
3895,0.55,0.2,5,3,400000,2.5e-06,1,1,1,1,1,1,0,0,0,0,0,7.8,5.8,0
3896,0.55,0.2,5,3,600000,1.66666666666667e-06,1.59375,1.59375,1,1,1,2,0,0,0,0,0,7.8,5.8,0
3897,0.55,0.2,5,3,800000,1.25e-06,2.1875,2.203125,2,2,2,2,0,0,0,0,0,7.8,5.8,0
3898,0.55,0.2,5,3,1000000,1e-06,3,3,3,3,3,3,0,0,0,0,0,7.8,5.8,0
3899,0.55,0.2,5,3,1250000,8e-07,3.53125,3.53125,3,3,3,4,0,0,0,0,0,7.8,5.8,0
3900,0.55,0.2,5,3,1600000,6.25e-07,4.59375,4.609375,4,4,4,5,0.40625,0,0,0,1,7.8,5.8,1
3901,0.55,0.2,5,3,2000000,5e-07,6,6,6,6,6,6,1,1,1,1,1,7.8,5.8,1
3902,0.55,0.2,5,3,2500000,4e-07,7.03125,7.03125,7,7,7,8,1,1,1,1,1,7.8,5.8,1
3903,0.55,0.2,5,3,3200000,3.125e-07,9.40625,9.40625,9,9,9,10,1,1,1,1,1,7.8,5.8,1
3904,0.55,0.2,5,3,5000000,2e-07,15.015625,15.015625,15,15,15,16,1,1,1,1,1,7.8,5.8,1
3905,0.55,0.2,5,3,10000000,1e-07,30.015625,30.015625,30,30,30,31,1,1,1,1,1,7.8,5.8,1
3906,0.55,0.2,5,5,400000,2.5e-06,2,2,2,2,2,2,0,0,0,0,0,5.8,3.8,0
3907,0.55,0.2,5,5,600000,1.66666666666667e-06,3,3,3,3,3,3,0,0,0,0,0,5.8,3.8,0
3908,0.55,0.2,5,5,800000,1.25e-06,4,4,4,4,4,4,0,0,0,0,0,5.8,3.8,1
3909,0.55,0.2,5,5,1000000,1e-06,5,5,5,5,5,5,1,1,1,1,1,5.8,3.8,1
3910,0.55,0.2,5,5,1250000,8e-07,6.015625,6.015625,6,6,6,6,1,1,1,1,1,5.8,3.8,1
3911,0.55,0.2,5,5,1600000,6.25e-07,8,8,8,8,8,8,1,1,1,1,1,5.8,3.8,1
3912,0.55,0.2,5,5,2000000,5e-07,10,10,10,10,10,10,1,1,1,1,1,5.8,3.8,1
3913,0.55,0.2,5,5,2500000,4e-07,12.03125,12.03125,12,12,12,13,1,1,1,1,1,5.8,3.8,1
3914,0.55,0.2,5,5,3200000,3.125e-07,16,16,16,16,16,16,1,1,1,1,1,5.8,3.8,1
3915,0.55,0.2,5,5,5000000,2e-07,25.015625,25.015625,25,25,25,26,1,1,1,1,1,5.8,3.8,1
3916,0.55,0.2,5,5,10000000,1e-07,50.015625,50.015625,50,50,50,51,1,1,1,1,1,5.8,3.8,1
3917,0.55,0.2,5,6,400000,2.5e-06,2,2,2,2,2,2,0,0,0,0,0,4.8,2.8,0
3918,0.55,0.2,5,6,600000,1.66666666666667e-06,3.203125,3.203125,3,3,3,4,0,0,0,0,0,4.8,2.8,0
3919,0.55,0.2,5,6,800000,1.25e-06,4.59375,4.59375,4,4,4,5,0.46875,0,0,0,1,4.8,2.8,1
3920,0.55,0.2,5,6,1000000,1e-06,6,6,6,6,6,6,1,1,1,1,1,4.8,2.8,1
3921,0.55,0.2,5,6,1250000,8e-07,7.265625,7.265625,7,7,7,8,1,1,1,1,1,4.8,2.8,1
3922,0.55,0.2,5,6,1600000,6.25e-07,9.1875,9.203125,9,9,9,9,1,1,1,1,1,4.8,2.8,1
3923,0.55,0.2,5,6,2000000,5e-07,12,12,12,12,12,12,1,1,1,1,1,4.8,2.8,1
3924,0.55,0.2,5,6,2500000,4e-07,15,15,15,15,15,15,1,1,1,1,1,4.8,2.8,1
3925,0.55,0.2,5,6,3200000,3.125e-07,19,19,19,19,19,19,1,1,1,1,1,4.8,2.8,1
3926,0.55,0.2,5,6,5000000,2e-07,30.015625,30.015625,30,30,30,31,1,1,1,1,1,4.8,2.8,1
3927,0.55,0.2,5,6,10000000,1e-07,60.015625,60.015625,60,60,60,61,1,1,1,1,1,4.8,2.8,1
3928,0.55,0.2,6,1,400000,2.5e-06,0,0,0,0,0,0,0,0,0,0,0,9.8,7.8,0
3929,0.55,0.2,6,1,600000,1.66666666666667e-06,0.203125,0.203125,0,0,0,1,0,0,0,0,0,9.8,7.8,0
3930,0.55,0.2,6,1,800000,1.25e-06,0.59375,0.59375,0,0,0,1,0,0,0,0,0,9.8,7.8,0
3931,0.55,0.2,6,1,1000000,1e-06,1,1,1,1,1,1,0,0,0,0,0,9.8,7.8,0
3932,0.55,0.2,6,1,1250000,8e-07,1.015625,1.015625,1,1,1,1,0,0,0,0,0,9.8,7.8,0
3933,0.55,0.2,6,1,1600000,6.25e-07,1.1875,1.203125,1,1,1,1,0,0,0,0,0,9.8,7.8,0
3934,0.55,0.2,6,1,2000000,5e-07,2,2,2,2,2,2,0,0,0,0,0,9.8,7.8,0
3935,0.55,0.2,6,1,2500000,4e-07,2.03125,2.03125,2,2,2,3,0,0,0,0,0,9.8,7.8,0
3936,0.55,0.2,6,1,3200000,3.125e-07,3,3,3,3,3,3,0,0,0,0,0,9.8,7.8,0
3937,0.55,0.2,6,1,5000000,2e-07,5.015625,5.015625,5,5,5,6,0.015625,0,0,0,1,9.8,7.8,1
3938,0.55,0.2,6,1,10000000,1e-07,10.015625,10.015625,10,10,10,11,1,1,1,1,1,9.8,7.8,1
3939,0.55,0.2,6,1.5,400000,2.5e-06,0.1875,0.203125,0,0,0,0,0,0,0,0,0,9.3,7.3,0
3940,0.55,0.2,6,1.5,600000,1.66666666666667e-06,0.796875,0.796875,0,0,0,1,0,0,0,0,0,9.3,7.3,0
3941,0.55,0.2,6,1.5,800000,1.25e-06,1,1,1,1,1,1,0,0,0,0,0,9.3,7.3,0
3942,0.55,0.2,6,1.5,1000000,1e-06,1.5,1.5,1,1,1,2,0,0,0,0,0,9.3,7.3,0
3943,0.55,0.2,6,1.5,1250000,8e-07,1.78125,1.78125,1,1,1,2,0,0,0,0,0,9.3,7.3,0
3944,0.55,0.2,6,1.5,1600000,6.25e-07,2,2,2,2,2,2,0,0,0,0,0,9.3,7.3,0
3945,0.55,0.2,6,1.5,2000000,5e-07,3,3,3,3,3,3,0,0,0,0,0,9.3,7.3,0
3946,0.55,0.2,6,1.5,2500000,4e-07,3.53125,3.53125,3,3,3,4,0,0,0,0,0,9.3,7.3,0
3947,0.55,0.2,6,1.5,3200000,3.125e-07,4.609375,4.609375,4,4,4,5,0,0,0,0,0,9.3,7.3,0
3948,0.55,0.2,6,1.5,5000000,2e-07,7.515625,7.515625,7,7,7,8,1,1,1,1,1,9.3,7.3,1
3949,0.55,0.2,6,1.5,10000000,1e-07,15.015625,15.015625,15,15,15,16,1,1,1,1,1,9.3,7.3,1
3950,0.55,0.2,6,2,400000,2.5e-06,0.59375,0.59375,0,0,0,1,0,0,0,0,0,8.8,6.8,0
3951,0.55,0.2,6,2,600000,1.66666666666667e-06,1,1,1,1,1,1,0,0,0,0,0,8.8,6.8,0
3952,0.55,0.2,6,2,800000,1.25e-06,1.390625,1.390625,1,1,1,2,0,0,0,0,0,8.8,6.8,0
3953,0.55,0.2,6,2,1000000,1e-06,2,2,2,2,2,2,0,0,0,0,0,8.8,6.8,0
3954,0.55,0.2,6,2,1250000,8e-07,2.265625,2.265625,2,2,2,3,0,0,0,0,0,8.8,6.8,0
3955,0.55,0.2,6,2,1600000,6.25e-07,3,3,3,3,3,3,0,0,0,0,0,8.8,6.8,0
3956,0.55,0.2,6,2,2000000,5e-07,4,4,4,4,4,4,0,0,0,0,0,8.8,6.8,0
3957,0.55,0.2,6,2,2500000,4e-07,5,5,5,5,5,5,0,0,0,0,0,8.8,6.8,1
3958,0.55,0.2,6,2,3200000,3.125e-07,6.203125,6.203125,6,6,6,6,1,1,1,1,1,8.8,6.8,1
3959,0.55,0.2,6,2,5000000,2e-07,10.015625,10.015625,10,10,10,11,1,1,1,1,1,8.8,6.8,1
3960,0.55,0.2,6,2,10000000,1e-07,20.015625,20.015625,20,20,20,21,1,1,1,1,1,8.8,6.8,1
3961,0.55,0.2,6,2.5,400000,2.5e-06,1,1,1,1,1,1,0,0,0,0,0,8.3,6.3,0
3962,0.55,0.2,6,2.5,600000,1.66666666666667e-06,1.09375,1.109375,1,1,1,1,0,0,0,0,0,8.3,6.3,0
3963,0.55,0.2,6,2.5,800000,1.25e-06,2,2,2,2,2,2,0,0,0,0,0,8.3,6.3,0
3964,0.55,0.2,6,2.5,1000000,1e-06,2.5,2.5,2,2,2,3,0,0,0,0,0,8.3,6.3,0
3965,0.55,0.2,6,2.5,1250000,8e-07,3,3,3,3,3,3,0,0,0,0,0,8.3,6.3,0
3966,0.55,0.2,6,2.5,1600000,6.25e-07,4,4,4,4,4,4,0,0,0,0,0,8.3,6.3,0
3967,0.55,0.2,6,2.5,2000000,5e-07,5,5,5,5,5,5,0,0,0,0,0,8.3,6.3,1
3968,0.55,0.2,6,2.5,2500000,4e-07,6,6,6,6,6,6,1,1,1,1,1,8.3,6.3,1
3969,0.55,0.2,6,2.5,3200000,3.125e-07,8,8,8,8,8,8,1,1,1,1,1,8.3,6.3,1
3970,0.55,0.2,6,2.5,5000000,2e-07,12.515625,12.515625,12,12,12,13,1,1,1,1,1,8.3,6.3,1
3971,0.55,0.2,6,2.5,10000000,1e-07,25.015625,25.015625,25,25,25,26,1,1,1,1,1,8.3,6.3,1
3972,0.55,0.2,6,3,400000,2.5e-06,1,1,1,1,1,1,0,0,0,0,0,7.8,5.8,0
3973,0.55,0.2,6,3,600000,1.66666666666667e-06,1.59375,1.59375,1,1,1,2,0,0,0,0,0,7.8,5.8,0
3974,0.55,0.2,6,3,800000,1.25e-06,2.1875,2.203125,2,2,2,2,0,0,0,0,0,7.8,5.8,0
3975,0.55,0.2,6,3,1000000,1e-06,3,3,3,3,3,3,0,0,0,0,0,7.8,5.8,0
3976,0.55,0.2,6,3,1250000,8e-07,3.53125,3.53125,3,3,3,4,0,0,0,0,0,7.8,5.8,0
3977,0.55,0.2,6,3,1600000,6.25e-07,4.59375,4.609375,4,4,4,5,0,0,0,0,0,7.8,5.8,0
3978,0.55,0.2,6,3,2000000,5e-07,6,6,6,6,6,6,1,1,1,1,1,7.8,5.8,1
3979,0.55,0.2,6,3,2500000,4e-07,7.03125,7.03125,7,7,7,8,1,1,1,1,1,7.8,5.8,1
3980,0.55,0.2,6,3,3200000,3.125e-07,9.40625,9.40625,9,9,9,10,1,1,1,1,1,7.8,5.8,1
3981,0.55,0.2,6,3,5000000,2e-07,15.015625,15.015625,15,15,15,16,1,1,1,1,1,7.8,5.8,1
3982,0.55,0.2,6,3,10000000,1e-07,30.015625,30.015625,30,30,30,31,1,1,1,1,1,7.8,5.8,1
3983,0.55,0.2,6,5,400000,2.5e-06,2,2,2,2,2,2,0,0,0,0,0,5.8,3.8,0
3984,0.55,0.2,6,5,600000,1.66666666666667e-06,3,3,3,3,3,3,0,0,0,0,0,5.8,3.8,0
3985,0.55,0.2,6,5,800000,1.25e-06,4,4,4,4,4,4,0,0,0,0,0,5.8,3.8,0
3986,0.55,0.2,6,5,1000000,1e-06,5,5,5,5,5,5,0,0,0,0,0,5.8,3.8,1
3987,0.55,0.2,6,5,1250000,8e-07,6.015625,6.015625,6,6,6,6,1,1,1,1,1,5.8,3.8,1
3988,0.55,0.2,6,5,1600000,6.25e-07,8,8,8,8,8,8,1,1,1,1,1,5.8,3.8,1
3989,0.55,0.2,6,5,2000000,5e-07,10,10,10,10,10,10,1,1,1,1,1,5.8,3.8,1
3990,0.55,0.2,6,5,2500000,4e-07,12.03125,12.03125,12,12,12,13,1,1,1,1,1,5.8,3.8,1
3991,0.55,0.2,6,5,3200000,3.125e-07,16,16,16,16,16,16,1,1,1,1,1,5.8,3.8,1
3992,0.55,0.2,6,5,5000000,2e-07,25.015625,25.015625,25,25,25,26,1,1,1,1,1,5.8,3.8,1
3993,0.55,0.2,6,5,10000000,1e-07,50.015625,50.015625,50,50,50,51,1,1,1,1,1,5.8,3.8,1
3994,0.55,0.2,6,6,400000,2.5e-06,2,2,2,2,2,2,0,0,0,0,0,4.8,2.8,0
3995,0.55,0.2,6,6,600000,1.66666666666667e-06,3.203125,3.203125,3,3,3,4,0,0,0,0,0,4.8,2.8,0
3996,0.55,0.2,6,6,800000,1.25e-06,4.59375,4.59375,4,4,4,5,0,0,0,0,0,4.8,2.8,0
3997,0.55,0.2,6,6,1000000,1e-06,6,6,6,6,6,6,1,1,1,1,1,4.8,2.8,1
3998,0.55,0.2,6,6,1250000,8e-07,7.265625,7.265625,7,7,7,8,1,1,1,1,1,4.8,2.8,1
3999,0.55,0.2,6,6,1600000,6.25e-07,9.1875,9.203125,9,9,9,9,1,1,1,1,1,4.8,2.8,1
4000,0.55,0.2,6,6,2000000,5e-07,12,12,12,12,12,12,1,1,1,1,1,4.8,2.8,1
4001,0.55,0.2,6,6,2500000,4e-07,15,15,15,15,15,15,1,1,1,1,1,4.8,2.8,1
4002,0.55,0.2,6,6,3200000,3.125e-07,19,19,19,19,19,19,1,1,1,1,1,4.8,2.8,1
4003,0.55,0.2,6,6,5000000,2e-07,30.015625,30.015625,30,30,30,31,1,1,1,1,1,4.8,2.8,1
4004,0.55,0.2,6,6,10000000,1e-07,60.015625,60.015625,60,60,60,61,1,1,1,1,1,4.8,2.8,1
4005,0.55,0.5,3,1,400000,2.5e-06,0,0,0,0,0,0,0,0,0,0,0,9.5,7.5,0
4006,0.55,0.5,3,1,600000,1.66666666666667e-06,0.203125,0.203125,0,0,0,0,0,0,0,0,0,9.5,7.5,0
4007,0.55,0.5,3,1,800000,1.25e-06,0.59375,0.609375,0,0,0,1,0,0,0,0,0,9.5,7.5,0
4008,0.55,0.5,3,1,1000000,1e-06,1.015625,1.015625,1,1,1,2,0,0,0,0,0,9.5,7.5,0
4009,0.55,0.5,3,1,1250000,8e-07,1.015625,1.015625,1,1,1,1,0,0,0,0,0,9.5,7.5,0
4010,0.55,0.5,3,1,1600000,6.25e-07,1.203125,1.203125,1,1,1,1,0,0,0,0,0,9.5,7.5,0
4011,0.55,0.5,3,1,2000000,5e-07,2.015625,2.015625,2,2,2,3,0.015625,0,0,0,1,9.5,7.5,1
4012,0.55,0.5,3,1,2500000,4e-07,2.03125,2.03125,2,2,2,3,0.03125,0,0,0,1,9.5,7.5,1
4013,0.55,0.5,3,1,3200000,3.125e-07,3,3,3,3,3,3,1,1,1,1,1,9.5,7.5,1
4014,0.55,0.5,3,1,5000000,2e-07,5.015625,5.015625,5,5,5,6,1,1,1,1,1,9.5,7.5,1
4015,0.55,0.5,3,1,10000000,1e-07,10.015625,10.015625,10,10,10,11,1,1,1,1,1,9.5,7.5,1
4016,0.55,0.5,3,1.5,400000,2.5e-06,0.203125,0.203125,0,0,0,1,0,0,0,0,0,9,7,0
4017,0.55,0.5,3,1.5,600000,1.66666666666667e-06,0.796875,0.796875,0,0,0,1,0,0,0,0,0,9,7,0
4018,0.55,0.5,3,1.5,800000,1.25e-06,1,1,1,1,1,1,0,0,0,0,0,9,7,0
4019,0.55,0.5,3,1.5,1000000,1e-06,1.515625,1.515625,1,1,1,2,0,0,0,0,0,9,7,0
4020,0.55,0.5,3,1.5,1250000,8e-07,1.78125,1.78125,1,1,1,2,0,0,0,0,0,9,7,0
4021,0.55,0.5,3,1.5,1600000,6.25e-07,2,2,2,2,2,2,0,0,0,0,0,9,7,1
4022,0.55,0.5,3,1.5,2000000,5e-07,3.015625,3.015625,3,3,3,4,1,1,1,1,1,9,7,1
4023,0.55,0.5,3,1.5,2500000,4e-07,3.53125,3.53125,3,3,3,4,1,1,1,1,1,9,7,1
4024,0.55,0.5,3,1.5,3200000,3.125e-07,4.59375,4.59375,4,4,4,5,1,1,1,1,1,9,7,1
4025,0.55,0.5,3,1.5,5000000,2e-07,7.515625,7.515625,7,7,7,8,1,1,1,1,1,9,7,1
4026,0.55,0.5,3,1.5,10000000,1e-07,15.015625,15.015625,15,15,15,16,1,1,1,1,1,9,7,1
4027,0.55,0.5,3,2,400000,2.5e-06,0.609375,0.609375,0,0,0,1,0,0,0,0,0,8.5,6.5,0
4028,0.55,0.5,3,2,600000,1.66666666666667e-06,1,1,1,1,1,1,0,0,0,0,0,8.5,6.5,0
4029,0.55,0.5,3,2,800000,1.25e-06,1.40625,1.40625,1,1,1,1,0,0,0,0,0,8.5,6.5,0
4030,0.55,0.5,3,2,1000000,1e-06,2.015625,2.015625,2,2,2,3,0.015625,0,0,0,1,8.5,6.5,1
4031,0.55,0.5,3,2,1250000,8e-07,2.265625,2.265625,2,2,2,3,0.015625,0,0,0,1,8.5,6.5,1
4032,0.55,0.5,3,2,1600000,6.25e-07,3,3,3,3,3,3,1,1,1,1,1,8.5,6.5,1
4033,0.55,0.5,3,2,2000000,5e-07,4.015625,4.015625,4,4,4,5,1,1,1,1,1,8.5,6.5,1
4034,0.55,0.5,3,2,2500000,4e-07,5,5,5,5,5,5,1,1,1,1,1,8.5,6.5,1
4035,0.55,0.5,3,2,3200000,3.125e-07,6.203125,6.203125,6,6,6,6,1,1,1,1,1,8.5,6.5,1
4036,0.55,0.5,3,2,5000000,2e-07,10.015625,10.015625,10,10,10,11,1,1,1,1,1,8.5,6.5,1
4037,0.55,0.5,3,2,10000000,1e-07,20.015625,20.015625,20,20,20,21,1,1,1,1,1,8.5,6.5,1
4038,0.55,0.5,3,2.5,400000,2.5e-06,1,1,1,1,1,1,0,0,0,0,0,8,6,0
4039,0.55,0.5,3,2.5,600000,1.66666666666667e-06,1.109375,1.09375,1,1,1,1,0,0,0,0,0,8,6,0
4040,0.55,0.5,3,2.5,800000,1.25e-06,2,2,2,2,2,2,0,0,0,0,0,8,6,1
4041,0.55,0.5,3,2.5,1000000,1e-06,2.515625,2.515625,2,2,2,3,0.03125,0,0,0,1,8,6,1
4042,0.55,0.5,3,2.5,1250000,8e-07,3,3,3,3,3,3,1,1,1,1,1,8,6,1
4043,0.55,0.5,3,2.5,1600000,6.25e-07,4,4,4,4,4,4,1,1,1,1,1,8,6,1
4044,0.55,0.5,3,2.5,2000000,5e-07,5.015625,5.015625,5,5,5,6,1,1,1,1,1,8,6,1
4045,0.55,0.5,3,2.5,2500000,4e-07,6,6,6,6,6,6,1,1,1,1,1,8,6,1
4046,0.55,0.5,3,2.5,3200000,3.125e-07,8,8,8,8,8,8,1,1,1,1,1,8,6,1
4047,0.55,0.5,3,2.5,5000000,2e-07,12.515625,12.515625,12,12,12,13,1,1,1,1,1,8,6,1
4048,0.55,0.5,3,2.5,10000000,1e-07,25.015625,25.015625,25,25,25,26,1,1,1,1,1,8,6,1
4049,0.55,0.5,3,3,400000,2.5e-06,1,1,1,1,1,1,0,0,0,0,0,7.5,5.5,0
4050,0.55,0.5,3,3,600000,1.66666666666667e-06,1.609375,1.59375,1,1,1,2,0,0,0,0,0,7.5,5.5,0
4051,0.55,0.5,3,3,800000,1.25e-06,2.203125,2.203125,2,2,2,2,0,0,0,0,0,7.5,5.5,1
4052,0.55,0.5,3,3,1000000,1e-06,3.015625,3.015625,3,3,3,4,1,1,1,1,1,7.5,5.5,1
4053,0.55,0.5,3,3,1250000,8e-07,3.53125,3.53125,3,3,3,4,1,1,1,1,1,7.5,5.5,1
4054,0.55,0.5,3,3,1600000,6.25e-07,4.609375,4.59375,4,4,4,5,1,1,1,1,1,7.5,5.5,1
4055,0.55,0.5,3,3,2000000,5e-07,6.015625,6.015625,6,6,6,7,1,1,1,1,1,7.5,5.5,1
4056,0.55,0.5,3,3,2500000,4e-07,7.03125,7.03125,7,7,7,8,1,1,1,1,1,7.5,5.5,1
4057,0.55,0.5,3,3,3200000,3.125e-07,9.40625,9.390625,9,9,9,10,1,1,1,1,1,7.5,5.5,1
4058,0.55,0.5,3,3,5000000,2e-07,15.015625,15.015625,15,15,15,16,1,1,1,1,1,7.5,5.5,1
4059,0.55,0.5,3,3,10000000,1e-07,30.015625,30.015625,30,30,30,31,1,1,1,1,1,7.5,5.5,1
4060,0.55,0.5,3,5,400000,2.5e-06,2,2,2,2,2,2,0,0,0,0,0,5.5,3.5,1
4061,0.55,0.5,3,5,600000,1.66666666666667e-06,3,3,3,3,3,3,1,1,1,1,1,5.5,3.5,1
4062,0.55,0.5,3,5,800000,1.25e-06,4,4,4,4,4,4,1,1,1,1,1,5.5,3.5,1
4063,0.55,0.5,3,5,1000000,1e-06,5.015625,5.015625,5,5,5,6,1,1,1,1,1,5.5,3.5,1
4064,0.55,0.5,3,5,1250000,8e-07,6.015625,6.015625,6,6,6,6,1,1,1,1,1,5.5,3.5,1
4065,0.55,0.5,3,5,1600000,6.25e-07,8,8,8,8,8,8,1,1,1,1,1,5.5,3.5,1
4066,0.55,0.5,3,5,2000000,5e-07,10.015625,10.015625,10,10,10,11,1,1,1,1,1,5.5,3.5,1
4067,0.55,0.5,3,5,2500000,4e-07,12.03125,12.03125,12,12,12,13,1,1,1,1,1,5.5,3.5,1
4068,0.55,0.5,3,5,3200000,3.125e-07,16,16,16,16,16,16,1,1,1,1,1,5.5,3.5,1
4069,0.55,0.5,3,5,5000000,2e-07,25.015625,25.015625,25,25,25,26,1,1,1,1,1,5.5,3.5,1
4070,0.55,0.5,3,5,10000000,1e-07,50.015625,50.015625,50,50,50,51,1,1,1,1,1,5.5,3.5,1
4071,0.55,0.5,3,6,400000,2.5e-06,2,2,2,2,2,2,0,0,0,0,0,4.5,2.5,1
4072,0.55,0.5,3,6,600000,1.66666666666667e-06,3.203125,3.203125,3,3,3,3,1,1,1,1,1,4.5,2.5,1
4073,0.55,0.5,3,6,800000,1.25e-06,4.59375,4.609375,4,4,4,5,1,1,1,1,1,4.5,2.5,1
4074,0.55,0.5,3,6,1000000,1e-06,6.015625,6.015625,6,6,6,7,1,1,1,1,1,4.5,2.5,1
4075,0.55,0.5,3,6,1250000,8e-07,7.265625,7.265625,7,7,7,8,1,1,1,1,1,4.5,2.5,1
4076,0.55,0.5,3,6,1600000,6.25e-07,9.203125,9.203125,9,9,9,9,1,1,1,1,1,4.5,2.5,1
4077,0.55,0.5,3,6,2000000,5e-07,12.015625,12.015625,12,12,12,13,1,1,1,1,1,4.5,2.5,1
4078,0.55,0.5,3,6,2500000,4e-07,15,15,15,15,15,15,1,1,1,1,1,4.5,2.5,1
4079,0.55,0.5,3,6,3200000,3.125e-07,19,19,19,19,19,19,1,1,1,1,1,4.5,2.5,1
4080,0.55,0.5,3,6,5000000,2e-07,30.015625,30.015625,30,30,30,31,1,1,1,1,1,4.5,2.5,1
4081,0.55,0.5,3,6,10000000,1e-07,60.015625,60.015625,60,60,60,61,1,1,1,1,1,4.5,2.5,1
4082,0.55,0.5,4,1,400000,2.5e-06,0,0,0,0,0,0,0,0,0,0,0,9.5,7.5,0
4083,0.55,0.5,4,1,600000,1.66666666666667e-06,0.203125,0.203125,0,0,0,0,0,0,0,0,0,9.5,7.5,0
4084,0.55,0.5,4,1,800000,1.25e-06,0.59375,0.609375,0,0,0,1,0,0,0,0,0,9.5,7.5,0
4085,0.55,0.5,4,1,1000000,1e-06,1.015625,1.015625,1,1,1,2,0,0,0,0,0,9.5,7.5,0
4086,0.55,0.5,4,1,1250000,8e-07,1.015625,1.015625,1,1,1,1,0,0,0,0,0,9.5,7.5,0
4087,0.55,0.5,4,1,1600000,6.25e-07,1.203125,1.203125,1,1,1,1,0,0,0,0,0,9.5,7.5,0
4088,0.55,0.5,4,1,2000000,5e-07,2.015625,2.015625,2,2,2,3,0,0,0,0,0,9.5,7.5,0
4089,0.55,0.5,4,1,2500000,4e-07,2.03125,2.03125,2,2,2,3,0,0,0,0,0,9.5,7.5,0
4090,0.55,0.5,4,1,3200000,3.125e-07,3,3,3,3,3,3,0,0,0,0,0,9.5,7.5,1
4091,0.55,0.5,4,1,5000000,2e-07,5.015625,5.015625,5,5,5,6,1,1,1,1,1,9.5,7.5,1
4092,0.55,0.5,4,1,10000000,1e-07,10.015625,10.015625,10,10,10,11,1,1,1,1,1,9.5,7.5,1
4093,0.55,0.5,4,1.5,400000,2.5e-06,0.203125,0.203125,0,0,0,1,0,0,0,0,0,9,7,0
4094,0.55,0.5,4,1.5,600000,1.66666666666667e-06,0.796875,0.796875,0,0,0,1,0,0,0,0,0,9,7,0
4095,0.55,0.5,4,1.5,800000,1.25e-06,1,1,1,1,1,1,0,0,0,0,0,9,7,0
4096,0.55,0.5,4,1.5,1000000,1e-06,1.515625,1.515625,1,1,1,2,0,0,0,0,0,9,7,0
4097,0.55,0.5,4,1.5,1250000,8e-07,1.78125,1.78125,1,1,1,2,0,0,0,0,0,9,7,0
4098,0.55,0.5,4,1.5,1600000,6.25e-07,2,2,2,2,2,2,0,0,0,0,0,9,7,0
4099,0.55,0.5,4,1.5,2000000,5e-07,3.015625,3.015625,3,3,3,4,0.015625,0,0,0,1,9,7,1
4100,0.55,0.5,4,1.5,2500000,4e-07,3.53125,3.53125,3,3,3,4,0.0625,0,0,0,1,9,7,1
4101,0.55,0.5,4,1.5,3200000,3.125e-07,4.59375,4.59375,4,4,4,5,1,1,1,1,1,9,7,1
4102,0.55,0.5,4,1.5,5000000,2e-07,7.515625,7.515625,7,7,7,8,1,1,1,1,1,9,7,1
4103,0.55,0.5,4,1.5,10000000,1e-07,15.015625,15.015625,15,15,15,16,1,1,1,1,1,9,7,1
4104,0.55,0.5,4,2,400000,2.5e-06,0.609375,0.609375,0,0,0,1,0,0,0,0,0,8.5,6.5,0
4105,0.55,0.5,4,2,600000,1.66666666666667e-06,1,1,1,1,1,1,0,0,0,0,0,8.5,6.5,0
4106,0.55,0.5,4,2,800000,1.25e-06,1.40625,1.40625,1,1,1,1,0,0,0,0,0,8.5,6.5,0
4107,0.55,0.5,4,2,1000000,1e-06,2.015625,2.015625,2,2,2,3,0,0,0,0,0,8.5,6.5,0
4108,0.55,0.5,4,2,1250000,8e-07,2.265625,2.265625,2,2,2,3,0,0,0,0,0,8.5,6.5,0
4109,0.55,0.5,4,2,1600000,6.25e-07,3,3,3,3,3,3,0,0,0,0,0,8.5,6.5,1
4110,0.55,0.5,4,2,2000000,5e-07,4.015625,4.015625,4,4,4,5,1,1,1,1,1,8.5,6.5,1
4111,0.55,0.5,4,2,2500000,4e-07,5,5,5,5,5,5,1,1,1,1,1,8.5,6.5,1
4112,0.55,0.5,4,2,3200000,3.125e-07,6.203125,6.203125,6,6,6,6,1,1,1,1,1,8.5,6.5,1
4113,0.55,0.5,4,2,5000000,2e-07,10.015625,10.015625,10,10,10,11,1,1,1,1,1,8.5,6.5,1
4114,0.55,0.5,4,2,10000000,1e-07,20.015625,20.015625,20,20,20,21,1,1,1,1,1,8.5,6.5,1
4115,0.55,0.5,4,2.5,400000,2.5e-06,1,1,1,1,1,1,0,0,0,0,0,8,6,0
4116,0.55,0.5,4,2.5,600000,1.66666666666667e-06,1.109375,1.09375,1,1,1,1,0,0,0,0,0,8,6,0
4117,0.55,0.5,4,2.5,800000,1.25e-06,2,2,2,2,2,2,0,0,0,0,0,8,6,0
4118,0.55,0.5,4,2.5,1000000,1e-06,2.515625,2.515625,2,2,2,3,0,0,0,0,0,8,6,0
4119,0.55,0.5,4,2.5,1250000,8e-07,3,3,3,3,3,3,0,0,0,0,0,8,6,1
4120,0.55,0.5,4,2.5,1600000,6.25e-07,4,4,4,4,4,4,1,1,1,1,1,8,6,1
4121,0.55,0.5,4,2.5,2000000,5e-07,5.015625,5.015625,5,5,5,6,1,1,1,1,1,8,6,1
4122,0.55,0.5,4,2.5,2500000,4e-07,6,6,6,6,6,6,1,1,1,1,1,8,6,1
4123,0.55,0.5,4,2.5,3200000,3.125e-07,8,8,8,8,8,8,1,1,1,1,1,8,6,1
4124,0.55,0.5,4,2.5,5000000,2e-07,12.515625,12.515625,12,12,12,13,1,1,1,1,1,8,6,1
4125,0.55,0.5,4,2.5,10000000,1e-07,25.015625,25.015625,25,25,25,26,1,1,1,1,1,8,6,1
4126,0.55,0.5,4,3,400000,2.5e-06,1,1,1,1,1,1,0,0,0,0,0,7.5,5.5,0
4127,0.55,0.5,4,3,600000,1.66666666666667e-06,1.609375,1.59375,1,1,1,2,0,0,0,0,0,7.5,5.5,0
4128,0.55,0.5,4,3,800000,1.25e-06,2.203125,2.203125,2,2,2,2,0,0,0,0,0,7.5,5.5,0
4129,0.55,0.5,4,3,1000000,1e-06,3.015625,3.015625,3,3,3,4,0.015625,0,0,0,1,7.5,5.5,1
4130,0.55,0.5,4,3,1250000,8e-07,3.53125,3.53125,3,3,3,4,0.53125,1,0,0,1,7.5,5.5,1
4131,0.55,0.5,4,3,1600000,6.25e-07,4.609375,4.59375,4,4,4,5,1,1,1,1,1,7.5,5.5,1
4132,0.55,0.5,4,3,2000000,5e-07,6.015625,6.015625,6,6,6,7,1,1,1,1,1,7.5,5.5,1
4133,0.55,0.5,4,3,2500000,4e-07,7.03125,7.03125,7,7,7,8,1,1,1,1,1,7.5,5.5,1
4134,0.55,0.5,4,3,3200000,3.125e-07,9.40625,9.390625,9,9,9,10,1,1,1,1,1,7.5,5.5,1
4135,0.55,0.5,4,3,5000000,2e-07,15.015625,15.015625,15,15,15,16,1,1,1,1,1,7.5,5.5,1
4136,0.55,0.5,4,3,10000000,1e-07,30.015625,30.015625,30,30,30,31,1,1,1,1,1,7.5,5.5,1
4137,0.55,0.5,4,5,400000,2.5e-06,2,2,2,2,2,2,0,0,0,0,0,5.5,3.5,0
4138,0.55,0.5,4,5,600000,1.66666666666667e-06,3,3,3,3,3,3,0,0,0,0,0,5.5,3.5,1
4139,0.55,0.5,4,5,800000,1.25e-06,4,4,4,4,4,4,1,1,1,1,1,5.5,3.5,1
4140,0.55,0.5,4,5,1000000,1e-06,5.015625,5.015625,5,5,5,6,1,1,1,1,1,5.5,3.5,1
4141,0.55,0.5,4,5,1250000,8e-07,6.015625,6.015625,6,6,6,6,1,1,1,1,1,5.5,3.5,1
4142,0.55,0.5,4,5,1600000,6.25e-07,8,8,8,8,8,8,1,1,1,1,1,5.5,3.5,1
4143,0.55,0.5,4,5,2000000,5e-07,10.015625,10.015625,10,10,10,11,1,1,1,1,1,5.5,3.5,1
4144,0.55,0.5,4,5,2500000,4e-07,12.03125,12.03125,12,12,12,13,1,1,1,1,1,5.5,3.5,1
4145,0.55,0.5,4,5,3200000,3.125e-07,16,16,16,16,16,16,1,1,1,1,1,5.5,3.5,1
4146,0.55,0.5,4,5,5000000,2e-07,25.015625,25.015625,25,25,25,26,1,1,1,1,1,5.5,3.5,1
4147,0.55,0.5,4,5,10000000,1e-07,50.015625,50.015625,50,50,50,51,1,1,1,1,1,5.5,3.5,1
4148,0.55,0.5,4,6,400000,2.5e-06,2,2,2,2,2,2,0,0,0,0,0,4.5,2.5,0
4149,0.55,0.5,4,6,600000,1.66666666666667e-06,3.203125,3.203125,3,3,3,3,0,0,0,0,0,4.5,2.5,1
4150,0.55,0.5,4,6,800000,1.25e-06,4.59375,4.609375,4,4,4,5,1,1,1,1,1,4.5,2.5,1
4151,0.55,0.5,4,6,1000000,1e-06,6.015625,6.015625,6,6,6,7,1,1,1,1,1,4.5,2.5,1
4152,0.55,0.5,4,6,1250000,8e-07,7.265625,7.265625,7,7,7,8,1,1,1,1,1,4.5,2.5,1
4153,0.55,0.5,4,6,1600000,6.25e-07,9.203125,9.203125,9,9,9,9,1,1,1,1,1,4.5,2.5,1
4154,0.55,0.5,4,6,2000000,5e-07,12.015625,12.015625,12,12,12,13,1,1,1,1,1,4.5,2.5,1
4155,0.55,0.5,4,6,2500000,4e-07,15,15,15,15,15,15,1,1,1,1,1,4.5,2.5,1
4156,0.55,0.5,4,6,3200000,3.125e-07,19,19,19,19,19,19,1,1,1,1,1,4.5,2.5,1
4157,0.55,0.5,4,6,5000000,2e-07,30.015625,30.015625,30,30,30,31,1,1,1,1,1,4.5,2.5,1
4158,0.55,0.5,4,6,10000000,1e-07,60.015625,60.015625,60,60,60,61,1,1,1,1,1,4.5,2.5,1
4159,0.55,0.5,5,1,400000,2.5e-06,0,0,0,0,0,0,0,0,0,0,0,9.5,7.5,0
4160,0.55,0.5,5,1,600000,1.66666666666667e-06,0.203125,0.203125,0,0,0,0,0,0,0,0,0,9.5,7.5,0
4161,0.55,0.5,5,1,800000,1.25e-06,0.59375,0.609375,0,0,0,1,0,0,0,0,0,9.5,7.5,0
4162,0.55,0.5,5,1,1000000,1e-06,1.015625,1.015625,1,1,1,2,0,0,0,0,0,9.5,7.5,0
4163,0.55,0.5,5,1,1250000,8e-07,1.015625,1.015625,1,1,1,1,0,0,0,0,0,9.5,7.5,0
4164,0.55,0.5,5,1,1600000,6.25e-07,1.203125,1.203125,1,1,1,1,0,0,0,0,0,9.5,7.5,0
4165,0.55,0.5,5,1,2000000,5e-07,2.015625,2.015625,2,2,2,3,0,0,0,0,0,9.5,7.5,0
4166,0.55,0.5,5,1,2500000,4e-07,2.03125,2.03125,2,2,2,3,0,0,0,0,0,9.5,7.5,0
4167,0.55,0.5,5,1,3200000,3.125e-07,3,3,3,3,3,3,0,0,0,0,0,9.5,7.5,0
4168,0.55,0.5,5,1,5000000,2e-07,5.015625,5.015625,5,5,5,6,1,1,1,1,1,9.5,7.5,1
4169,0.55,0.5,5,1,10000000,1e-07,10.015625,10.015625,10,10,10,11,1,1,1,1,1,9.5,7.5,1
4170,0.55,0.5,5,1.5,400000,2.5e-06,0.203125,0.203125,0,0,0,1,0,0,0,0,0,9,7,0
4171,0.55,0.5,5,1.5,600000,1.66666666666667e-06,0.796875,0.796875,0,0,0,1,0,0,0,0,0,9,7,0
4172,0.55,0.5,5,1.5,800000,1.25e-06,1,1,1,1,1,1,0,0,0,0,0,9,7,0
4173,0.55,0.5,5,1.5,1000000,1e-06,1.515625,1.515625,1,1,1,2,0,0,0,0,0,9,7,0
4174,0.55,0.5,5,1.5,1250000,8e-07,1.78125,1.78125,1,1,1,2,0,0,0,0,0,9,7,0
4175,0.55,0.5,5,1.5,1600000,6.25e-07,2,2,2,2,2,2,0,0,0,0,0,9,7,0
4176,0.55,0.5,5,1.5,2000000,5e-07,3.015625,3.015625,3,3,3,4,0,0,0,0,0,9,7,0
4177,0.55,0.5,5,1.5,2500000,4e-07,3.53125,3.53125,3,3,3,4,0,0,0,0,0,9,7,0
4178,0.55,0.5,5,1.5,3200000,3.125e-07,4.59375,4.59375,4,4,4,5,0.59375,1,0,0,1,9,7,1
4179,0.55,0.5,5,1.5,5000000,2e-07,7.515625,7.515625,7,7,7,8,1,1,1,1,1,9,7,1
4180,0.55,0.5,5,1.5,10000000,1e-07,15.015625,15.015625,15,15,15,16,1,1,1,1,1,9,7,1
4181,0.55,0.5,5,2,400000,2.5e-06,0.609375,0.609375,0,0,0,1,0,0,0,0,0,8.5,6.5,0
4182,0.55,0.5,5,2,600000,1.66666666666667e-06,1,1,1,1,1,1,0,0,0,0,0,8.5,6.5,0
4183,0.55,0.5,5,2,800000,1.25e-06,1.40625,1.40625,1,1,1,1,0,0,0,0,0,8.5,6.5,0
4184,0.55,0.5,5,2,1000000,1e-06,2.015625,2.015625,2,2,2,3,0,0,0,0,0,8.5,6.5,0
4185,0.55,0.5,5,2,1250000,8e-07,2.265625,2.265625,2,2,2,3,0,0,0,0,0,8.5,6.5,0
4186,0.55,0.5,5,2,1600000,6.25e-07,3,3,3,3,3,3,0,0,0,0,0,8.5,6.5,0
4187,0.55,0.5,5,2,2000000,5e-07,4.015625,4.015625,4,4,4,5,0.015625,0,0,0,1,8.5,6.5,1
4188,0.55,0.5,5,2,2500000,4e-07,5,5,5,5,5,5,1,1,1,1,1,8.5,6.5,1
4189,0.55,0.5,5,2,3200000,3.125e-07,6.203125,6.203125,6,6,6,6,1,1,1,1,1,8.5,6.5,1
4190,0.55,0.5,5,2,5000000,2e-07,10.015625,10.015625,10,10,10,11,1,1,1,1,1,8.5,6.5,1
4191,0.55,0.5,5,2,10000000,1e-07,20.015625,20.015625,20,20,20,21,1,1,1,1,1,8.5,6.5,1
4192,0.55,0.5,5,2.5,400000,2.5e-06,1,1,1,1,1,1,0,0,0,0,0,8,6,0
4193,0.55,0.5,5,2.5,600000,1.66666666666667e-06,1.109375,1.09375,1,1,1,1,0,0,0,0,0,8,6,0
4194,0.55,0.5,5,2.5,800000,1.25e-06,2,2,2,2,2,2,0,0,0,0,0,8,6,0
4195,0.55,0.5,5,2.5,1000000,1e-06,2.515625,2.515625,2,2,2,3,0,0,0,0,0,8,6,0
4196,0.55,0.5,5,2.5,1250000,8e-07,3,3,3,3,3,3,0,0,0,0,0,8,6,0
4197,0.55,0.5,5,2.5,1600000,6.25e-07,4,4,4,4,4,4,0,0,0,0,0,8,6,1
4198,0.55,0.5,5,2.5,2000000,5e-07,5.015625,5.015625,5,5,5,6,1,1,1,1,1,8,6,1
4199,0.55,0.5,5,2.5,2500000,4e-07,6,6,6,6,6,6,1,1,1,1,1,8,6,1
4200,0.55,0.5,5,2.5,3200000,3.125e-07,8,8,8,8,8,8,1,1,1,1,1,8,6,1
4201,0.55,0.5,5,2.5,5000000,2e-07,12.515625,12.515625,12,12,12,13,1,1,1,1,1,8,6,1
4202,0.55,0.5,5,2.5,10000000,1e-07,25.015625,25.015625,25,25,25,26,1,1,1,1,1,8,6,1
4203,0.55,0.5,5,3,400000,2.5e-06,1,1,1,1,1,1,0,0,0,0,0,7.5,5.5,0
4204,0.55,0.5,5,3,600000,1.66666666666667e-06,1.609375,1.59375,1,1,1,2,0,0,0,0,0,7.5,5.5,0
4205,0.55,0.5,5,3,800000,1.25e-06,2.203125,2.203125,2,2,2,2,0,0,0,0,0,7.5,5.5,0
4206,0.55,0.5,5,3,1000000,1e-06,3.015625,3.015625,3,3,3,4,0,0,0,0,0,7.5,5.5,0
4207,0.55,0.5,5,3,1250000,8e-07,3.53125,3.53125,3,3,3,4,0,0,0,0,0,7.5,5.5,0
4208,0.55,0.5,5,3,1600000,6.25e-07,4.609375,4.59375,4,4,4,5,0.40625,0,0,0,1,7.5,5.5,1
4209,0.55,0.5,5,3,2000000,5e-07,6.015625,6.015625,6,6,6,7,1,1,1,1,1,7.5,5.5,1
4210,0.55,0.5,5,3,2500000,4e-07,7.03125,7.03125,7,7,7,8,1,1,1,1,1,7.5,5.5,1
4211,0.55,0.5,5,3,3200000,3.125e-07,9.40625,9.390625,9,9,9,10,1,1,1,1,1,7.5,5.5,1
4212,0.55,0.5,5,3,5000000,2e-07,15.015625,15.015625,15,15,15,16,1,1,1,1,1,7.5,5.5,1
4213,0.55,0.5,5,3,10000000,1e-07,30.015625,30.015625,30,30,30,31,1,1,1,1,1,7.5,5.5,1
4214,0.55,0.5,5,5,400000,2.5e-06,2,2,2,2,2,2,0,0,0,0,0,5.5,3.5,0
4215,0.55,0.5,5,5,600000,1.66666666666667e-06,3,3,3,3,3,3,0,0,0,0,0,5.5,3.5,0
4216,0.55,0.5,5,5,800000,1.25e-06,4,4,4,4,4,4,0,0,0,0,0,5.5,3.5,1
4217,0.55,0.5,5,5,1000000,1e-06,5.015625,5.015625,5,5,5,6,1,1,1,1,1,5.5,3.5,1
4218,0.55,0.5,5,5,1250000,8e-07,6.015625,6.015625,6,6,6,6,1,1,1,1,1,5.5,3.5,1
4219,0.55,0.5,5,5,1600000,6.25e-07,8,8,8,8,8,8,1,1,1,1,1,5.5,3.5,1
4220,0.55,0.5,5,5,2000000,5e-07,10.015625,10.015625,10,10,10,11,1,1,1,1,1,5.5,3.5,1
4221,0.55,0.5,5,5,2500000,4e-07,12.03125,12.03125,12,12,12,13,1,1,1,1,1,5.5,3.5,1
4222,0.55,0.5,5,5,3200000,3.125e-07,16,16,16,16,16,16,1,1,1,1,1,5.5,3.5,1
4223,0.55,0.5,5,5,5000000,2e-07,25.015625,25.015625,25,25,25,26,1,1,1,1,1,5.5,3.5,1
4224,0.55,0.5,5,5,10000000,1e-07,50.015625,50.015625,50,50,50,51,1,1,1,1,1,5.5,3.5,1
4225,0.55,0.5,5,6,400000,2.5e-06,2,2,2,2,2,2,0,0,0,0,0,4.5,2.5,0
4226,0.55,0.5,5,6,600000,1.66666666666667e-06,3.203125,3.203125,3,3,3,3,0,0,0,0,0,4.5,2.5,0
4227,0.55,0.5,5,6,800000,1.25e-06,4.59375,4.609375,4,4,4,5,0.203125,0,0,0,1,4.5,2.5,1
4228,0.55,0.5,5,6,1000000,1e-06,6.015625,6.015625,6,6,6,7,1,1,1,1,1,4.5,2.5,1
4229,0.55,0.5,5,6,1250000,8e-07,7.265625,7.265625,7,7,7,8,1,1,1,1,1,4.5,2.5,1
4230,0.55,0.5,5,6,1600000,6.25e-07,9.203125,9.203125,9,9,9,9,1,1,1,1,1,4.5,2.5,1
4231,0.55,0.5,5,6,2000000,5e-07,12.015625,12.015625,12,12,12,13,1,1,1,1,1,4.5,2.5,1
4232,0.55,0.5,5,6,2500000,4e-07,15,15,15,15,15,15,1,1,1,1,1,4.5,2.5,1
4233,0.55,0.5,5,6,3200000,3.125e-07,19,19,19,19,19,19,1,1,1,1,1,4.5,2.5,1
4234,0.55,0.5,5,6,5000000,2e-07,30.015625,30.015625,30,30,30,31,1,1,1,1,1,4.5,2.5,1
4235,0.55,0.5,5,6,10000000,1e-07,60.015625,60.015625,60,60,60,61,1,1,1,1,1,4.5,2.5,1
4236,0.55,0.5,6,1,400000,2.5e-06,0,0,0,0,0,0,0,0,0,0,0,9.5,7.5,0
4237,0.55,0.5,6,1,600000,1.66666666666667e-06,0.203125,0.203125,0,0,0,0,0,0,0,0,0,9.5,7.5,0
4238,0.55,0.5,6,1,800000,1.25e-06,0.59375,0.609375,0,0,0,1,0,0,0,0,0,9.5,7.5,0
4239,0.55,0.5,6,1,1000000,1e-06,1.015625,1.015625,1,1,1,2,0,0,0,0,0,9.5,7.5,0
4240,0.55,0.5,6,1,1250000,8e-07,1.015625,1.015625,1,1,1,1,0,0,0,0,0,9.5,7.5,0
4241,0.55,0.5,6,1,1600000,6.25e-07,1.203125,1.203125,1,1,1,1,0,0,0,0,0,9.5,7.5,0
4242,0.55,0.5,6,1,2000000,5e-07,2.015625,2.015625,2,2,2,3,0,0,0,0,0,9.5,7.5,0
4243,0.55,0.5,6,1,2500000,4e-07,2.03125,2.03125,2,2,2,3,0,0,0,0,0,9.5,7.5,0
4244,0.55,0.5,6,1,3200000,3.125e-07,3,3,3,3,3,3,0,0,0,0,0,9.5,7.5,0
4245,0.55,0.5,6,1,5000000,2e-07,5.015625,5.015625,5,5,5,6,0.015625,0,0,0,1,9.5,7.5,1
4246,0.55,0.5,6,1,10000000,1e-07,10.015625,10.015625,10,10,10,11,1,1,1,1,1,9.5,7.5,1
4247,0.55,0.5,6,1.5,400000,2.5e-06,0.203125,0.203125,0,0,0,1,0,0,0,0,0,9,7,0
4248,0.55,0.5,6,1.5,600000,1.66666666666667e-06,0.796875,0.796875,0,0,0,1,0,0,0,0,0,9,7,0
4249,0.55,0.5,6,1.5,800000,1.25e-06,1,1,1,1,1,1,0,0,0,0,0,9,7,0
4250,0.55,0.5,6,1.5,1000000,1e-06,1.515625,1.515625,1,1,1,2,0,0,0,0,0,9,7,0
4251,0.55,0.5,6,1.5,1250000,8e-07,1.78125,1.78125,1,1,1,2,0,0,0,0,0,9,7,0
4252,0.55,0.5,6,1.5,1600000,6.25e-07,2,2,2,2,2,2,0,0,0,0,0,9,7,0
4253,0.55,0.5,6,1.5,2000000,5e-07,3.015625,3.015625,3,3,3,4,0,0,0,0,0,9,7,0
4254,0.55,0.5,6,1.5,2500000,4e-07,3.53125,3.53125,3,3,3,4,0,0,0,0,0,9,7,0
4255,0.55,0.5,6,1.5,3200000,3.125e-07,4.59375,4.59375,4,4,4,5,0,0,0,0,0,9,7,0
4256,0.55,0.5,6,1.5,5000000,2e-07,7.515625,7.515625,7,7,7,8,1,1,1,1,1,9,7,1
4257,0.55,0.5,6,1.5,10000000,1e-07,15.015625,15.015625,15,15,15,16,1,1,1,1,1,9,7,1
4258,0.55,0.5,6,2,400000,2.5e-06,0.609375,0.609375,0,0,0,1,0,0,0,0,0,8.5,6.5,0
4259,0.55,0.5,6,2,600000,1.66666666666667e-06,1,1,1,1,1,1,0,0,0,0,0,8.5,6.5,0
4260,0.55,0.5,6,2,800000,1.25e-06,1.40625,1.40625,1,1,1,1,0,0,0,0,0,8.5,6.5,0
4261,0.55,0.5,6,2,1000000,1e-06,2.015625,2.015625,2,2,2,3,0,0,0,0,0,8.5,6.5,0
4262,0.55,0.5,6,2,1250000,8e-07,2.265625,2.265625,2,2,2,3,0,0,0,0,0,8.5,6.5,0
4263,0.55,0.5,6,2,1600000,6.25e-07,3,3,3,3,3,3,0,0,0,0,0,8.5,6.5,0
4264,0.55,0.5,6,2,2000000,5e-07,4.015625,4.015625,4,4,4,5,0,0,0,0,0,8.5,6.5,0
4265,0.55,0.5,6,2,2500000,4e-07,5,5,5,5,5,5,0,0,0,0,0,8.5,6.5,1
4266,0.55,0.5,6,2,3200000,3.125e-07,6.203125,6.203125,6,6,6,6,1,1,1,1,1,8.5,6.5,1
4267,0.55,0.5,6,2,5000000,2e-07,10.015625,10.015625,10,10,10,11,1,1,1,1,1,8.5,6.5,1
4268,0.55,0.5,6,2,10000000,1e-07,20.015625,20.015625,20,20,20,21,1,1,1,1,1,8.5,6.5,1
4269,0.55,0.5,6,2.5,400000,2.5e-06,1,1,1,1,1,1,0,0,0,0,0,8,6,0
4270,0.55,0.5,6,2.5,600000,1.66666666666667e-06,1.109375,1.09375,1,1,1,1,0,0,0,0,0,8,6,0
4271,0.55,0.5,6,2.5,800000,1.25e-06,2,2,2,2,2,2,0,0,0,0,0,8,6,0
4272,0.55,0.5,6,2.5,1000000,1e-06,2.515625,2.515625,2,2,2,3,0,0,0,0,0,8,6,0
4273,0.55,0.5,6,2.5,1250000,8e-07,3,3,3,3,3,3,0,0,0,0,0,8,6,0
4274,0.55,0.5,6,2.5,1600000,6.25e-07,4,4,4,4,4,4,0,0,0,0,0,8,6,0
4275,0.55,0.5,6,2.5,2000000,5e-07,5.015625,5.015625,5,5,5,6,0.015625,0,0,0,1,8,6,1
4276,0.55,0.5,6,2.5,2500000,4e-07,6,6,6,6,6,6,1,1,1,1,1,8,6,1
4277,0.55,0.5,6,2.5,3200000,3.125e-07,8,8,8,8,8,8,1,1,1,1,1,8,6,1
4278,0.55,0.5,6,2.5,5000000,2e-07,12.515625,12.515625,12,12,12,13,1,1,1,1,1,8,6,1
4279,0.55,0.5,6,2.5,10000000,1e-07,25.015625,25.015625,25,25,25,26,1,1,1,1,1,8,6,1
4280,0.55,0.5,6,3,400000,2.5e-06,1,1,1,1,1,1,0,0,0,0,0,7.5,5.5,0
4281,0.55,0.5,6,3,600000,1.66666666666667e-06,1.609375,1.59375,1,1,1,2,0,0,0,0,0,7.5,5.5,0
4282,0.55,0.5,6,3,800000,1.25e-06,2.203125,2.203125,2,2,2,2,0,0,0,0,0,7.5,5.5,0
4283,0.55,0.5,6,3,1000000,1e-06,3.015625,3.015625,3,3,3,4,0,0,0,0,0,7.5,5.5,0
4284,0.55,0.5,6,3,1250000,8e-07,3.53125,3.53125,3,3,3,4,0,0,0,0,0,7.5,5.5,0
4285,0.55,0.5,6,3,1600000,6.25e-07,4.609375,4.59375,4,4,4,5,0,0,0,0,0,7.5,5.5,0
4286,0.55,0.5,6,3,2000000,5e-07,6.015625,6.015625,6,6,6,7,1,1,1,1,1,7.5,5.5,1
4287,0.55,0.5,6,3,2500000,4e-07,7.03125,7.03125,7,7,7,8,1,1,1,1,1,7.5,5.5,1
4288,0.55,0.5,6,3,3200000,3.125e-07,9.40625,9.390625,9,9,9,10,1,1,1,1,1,7.5,5.5,1
4289,0.55,0.5,6,3,5000000,2e-07,15.015625,15.015625,15,15,15,16,1,1,1,1,1,7.5,5.5,1
4290,0.55,0.5,6,3,10000000,1e-07,30.015625,30.015625,30,30,30,31,1,1,1,1,1,7.5,5.5,1
4291,0.55,0.5,6,5,400000,2.5e-06,2,2,2,2,2,2,0,0,0,0,0,5.5,3.5,0
4292,0.55,0.5,6,5,600000,1.66666666666667e-06,3,3,3,3,3,3,0,0,0,0,0,5.5,3.5,0
4293,0.55,0.5,6,5,800000,1.25e-06,4,4,4,4,4,4,0,0,0,0,0,5.5,3.5,0
4294,0.55,0.5,6,5,1000000,1e-06,5.015625,5.015625,5,5,5,6,0.015625,0,0,0,1,5.5,3.5,1
4295,0.55,0.5,6,5,1250000,8e-07,6.015625,6.015625,6,6,6,6,1,1,1,1,1,5.5,3.5,1
4296,0.55,0.5,6,5,1600000,6.25e-07,8,8,8,8,8,8,1,1,1,1,1,5.5,3.5,1
4297,0.55,0.5,6,5,2000000,5e-07,10.015625,10.015625,10,10,10,11,1,1,1,1,1,5.5,3.5,1
4298,0.55,0.5,6,5,2500000,4e-07,12.03125,12.03125,12,12,12,13,1,1,1,1,1,5.5,3.5,1
4299,0.55,0.5,6,5,3200000,3.125e-07,16,16,16,16,16,16,1,1,1,1,1,5.5,3.5,1
4300,0.55,0.5,6,5,5000000,2e-07,25.015625,25.015625,25,25,25,26,1,1,1,1,1,5.5,3.5,1
4301,0.55,0.5,6,5,10000000,1e-07,50.015625,50.015625,50,50,50,51,1,1,1,1,1,5.5,3.5,1
4302,0.55,0.5,6,6,400000,2.5e-06,2,2,2,2,2,2,0,0,0,0,0,4.5,2.5,0
4303,0.55,0.5,6,6,600000,1.66666666666667e-06,3.203125,3.203125,3,3,3,3,0,0,0,0,0,4.5,2.5,0
4304,0.55,0.5,6,6,800000,1.25e-06,4.59375,4.609375,4,4,4,5,0,0,0,0,0,4.5,2.5,0
4305,0.55,0.5,6,6,1000000,1e-06,6.015625,6.015625,6,6,6,7,1,1,1,1,1,4.5,2.5,1
4306,0.55,0.5,6,6,1250000,8e-07,7.265625,7.265625,7,7,7,8,1,1,1,1,1,4.5,2.5,1
4307,0.55,0.5,6,6,1600000,6.25e-07,9.203125,9.203125,9,9,9,9,1,1,1,1,1,4.5,2.5,1
4308,0.55,0.5,6,6,2000000,5e-07,12.015625,12.015625,12,12,12,13,1,1,1,1,1,4.5,2.5,1
4309,0.55,0.5,6,6,2500000,4e-07,15,15,15,15,15,15,1,1,1,1,1,4.5,2.5,1
4310,0.55,0.5,6,6,3200000,3.125e-07,19,19,19,19,19,19,1,1,1,1,1,4.5,2.5,1
4311,0.55,0.5,6,6,5000000,2e-07,30.015625,30.015625,30,30,30,31,1,1,1,1,1,4.5,2.5,1
4312,0.55,0.5,6,6,10000000,1e-07,60.015625,60.015625,60,60,60,61,1,1,1,1,1,4.5,2.5,1
4313,0.55,1,3,1,400000,2.5e-06,0,0,0,0,0,0,0,0,0,0,0,9,7,0
4314,0.55,1,3,1,600000,1.66666666666667e-06,0.203125,0.203125,0,0,0,0,0,0,0,0,0,9,7,0
4315,0.55,1,3,1,800000,1.25e-06,0.609375,0.59375,0,0,0,1,0,0,0,0,0,9,7,0
4316,0.55,1,3,1,1000000,1e-06,1.015625,1.015625,1,1,1,2,0,0,0,0,0,9,7,0
4317,0.55,1,3,1,1250000,8e-07,1.015625,1.015625,1,1,1,1,0,0,0,0,0,9,7,0
4318,0.55,1,3,1,1600000,6.25e-07,1.203125,1.203125,1,1,1,1,0,0,0,0,0,9,7,0
4319,0.55,1,3,1,2000000,5e-07,2.015625,2.015625,2,2,2,3,0.015625,0,0,0,1,9,7,1
4320,0.55,1,3,1,2500000,4e-07,2.03125,2.03125,2,2,2,3,0.03125,0,0,0,1,9,7,1
4321,0.55,1,3,1,3200000,3.125e-07,3,3,3,3,3,3,1,1,1,1,1,9,7,1
4322,0.55,1,3,1,5000000,2e-07,5.015625,5.015625,5,5,5,6,1,1,1,1,1,9,7,1
4323,0.55,1,3,1,10000000,1e-07,10.015625,10.015625,10,10,10,11,1,1,1,1,1,9,7,1
4324,0.55,1,3,1.5,400000,2.5e-06,0.21875,0.203125,0,0,0,1,0,0,0,0,0,8.5,6.5,0
4325,0.55,1,3,1.5,600000,1.66666666666667e-06,0.8125,0.8125,0,0,0,1,0,0,0,0,0,8.5,6.5,0
4326,0.55,1,3,1.5,800000,1.25e-06,1.015625,1,1,1,1,1,0,0,0,0,0,8.5,6.5,0
4327,0.55,1,3,1.5,1000000,1e-06,1.515625,1.515625,1,1,1,2,0,0,0,0,0,8.5,6.5,0
4328,0.55,1,3,1.5,1250000,8e-07,1.78125,1.78125,1,1,1,2,0,0,0,0,0,8.5,6.5,0
4329,0.55,1,3,1.5,1600000,6.25e-07,2.015625,2,2,2,2,2,0,0,0,0,0,8.5,6.5,1
4330,0.55,1,3,1.5,2000000,5e-07,3.015625,3.015625,3,3,3,4,1,1,1,1,1,8.5,6.5,1
4331,0.55,1,3,1.5,2500000,4e-07,3.53125,3.53125,3,3,3,4,1,1,1,1,1,8.5,6.5,1
4332,0.55,1,3,1.5,3200000,3.125e-07,4.625,4.609375,4,4,4,5,1,1,1,1,1,8.5,6.5,1
4333,0.55,1,3,1.5,5000000,2e-07,7.515625,7.515625,7,7,7,8,1,1,1,1,1,8.5,6.5,1
4334,0.55,1,3,1.5,10000000,1e-07,15.015625,15.015625,15,15,15,16,1,1,1,1,1,8.5,6.5,1
4335,0.55,1,3,2,400000,2.5e-06,0.609375,0.59375,0,0,0,1,0,0,0,0,0,8,6,0
4336,0.55,1,3,2,600000,1.66666666666667e-06,1,1,1,1,1,1,0,0,0,0,0,8,6,0
4337,0.55,1,3,2,800000,1.25e-06,1.40625,1.390625,1,1,1,2,0,0,0,0,0,8,6,0
4338,0.55,1,3,2,1000000,1e-06,2.015625,2.015625,2,2,2,3,0.015625,0,0,0,1,8,6,1
4339,0.55,1,3,2,1250000,8e-07,2.265625,2.265625,2,2,2,3,0.265625,0,0,0,1,8,6,1
4340,0.55,1,3,2,1600000,6.25e-07,3,3,3,3,3,3,1,1,1,1,1,8,6,1
4341,0.55,1,3,2,2000000,5e-07,4.015625,4.015625,4,4,4,5,1,1,1,1,1,8,6,1
4342,0.55,1,3,2,2500000,4e-07,5,5,5,5,5,5,1,1,1,1,1,8,6,1
4343,0.55,1,3,2,3200000,3.125e-07,6.203125,6.203125,6,6,6,6,1,1,1,1,1,8,6,1
4344,0.55,1,3,2,5000000,2e-07,10.015625,10.015625,10,10,10,11,1,1,1,1,1,8,6,1
4345,0.55,1,3,2,10000000,1e-07,20.015625,20.015625,20,20,20,21,1,1,1,1,1,8,6,1
4346,0.55,1,3,2.5,400000,2.5e-06,1,1,1,1,1,1,0,0,0,0,0,7.5,5.5,0
4347,0.55,1,3,2.5,600000,1.66666666666667e-06,1.109375,1.09375,1,1,1,1,0,0,0,0,0,7.5,5.5,0
4348,0.55,1,3,2.5,800000,1.25e-06,2,2,2,2,2,2,0,0,0,0,0,7.5,5.5,1
4349,0.55,1,3,2.5,1000000,1e-06,2.515625,2.515625,2,2,2,3,0.03125,0,0,0,1,7.5,5.5,1
4350,0.55,1,3,2.5,1250000,8e-07,3,3,3,3,3,3,1,1,1,1,1,7.5,5.5,1
4351,0.55,1,3,2.5,1600000,6.25e-07,4,4,4,4,4,4,1,1,1,1,1,7.5,5.5,1
4352,0.55,1,3,2.5,2000000,5e-07,5.015625,5.015625,5,5,5,6,1,1,1,1,1,7.5,5.5,1
4353,0.55,1,3,2.5,2500000,4e-07,6,6,6,6,6,6,1,1,1,1,1,7.5,5.5,1
4354,0.55,1,3,2.5,3200000,3.125e-07,8,8,8,8,8,8,1,1,1,1,1,7.5,5.5,1
4355,0.55,1,3,2.5,5000000,2e-07,12.515625,12.515625,12,12,12,13,1,1,1,1,1,7.5,5.5,1
4356,0.55,1,3,2.5,10000000,1e-07,25.015625,25.015625,25,25,25,26,1,1,1,1,1,7.5,5.5,1
4357,0.55,1,3,3,400000,2.5e-06,1,1,1,1,1,1,0,0,0,0,0,7,5,0
4358,0.55,1,3,3,600000,1.66666666666667e-06,1.609375,1.609375,1,1,1,2,0,0,0,0,0,7,5,0
4359,0.55,1,3,3,800000,1.25e-06,2.203125,2.203125,2,2,2,3,0.203125,0,0,0,1,7,5,1
4360,0.55,1,3,3,1000000,1e-06,3.015625,3.015625,3,3,3,4,1,1,1,1,1,7,5,1
4361,0.55,1,3,3,1250000,8e-07,3.53125,3.53125,3,3,3,4,1,1,1,1,1,7,5,1
4362,0.55,1,3,3,1600000,6.25e-07,4.609375,4.609375,4,4,4,5,1,1,1,1,1,7,5,1
4363,0.55,1,3,3,2000000,5e-07,6.015625,6.015625,6,6,6,7,1,1,1,1,1,7,5,1
4364,0.55,1,3,3,2500000,4e-07,7.03125,7.03125,7,7,7,8,1,1,1,1,1,7,5,1
4365,0.55,1,3,3,3200000,3.125e-07,9.40625,9.40625,9,9,9,10,1,1,1,1,1,7,5,1
4366,0.55,1,3,3,5000000,2e-07,15.015625,15.015625,15,15,15,16,1,1,1,1,1,7,5,1
4367,0.55,1,3,3,10000000,1e-07,30.015625,30.015625,30,30,30,31,1,1,1,1,1,7,5,1
4368,0.55,1,3,5,400000,2.5e-06,2,2,2,2,2,2,0,0,0,0,0,5,3,1
4369,0.55,1,3,5,600000,1.66666666666667e-06,3,3,3,3,3,3,1,1,1,1,1,5,3,1
4370,0.55,1,3,5,800000,1.25e-06,4,4,4,4,4,4,1,1,1,1,1,5,3,1
4371,0.55,1,3,5,1000000,1e-06,5.015625,5.015625,5,5,5,6,1,1,1,1,1,5,3,1
4372,0.55,1,3,5,1250000,8e-07,6.015625,6.015625,6,6,6,6,1,1,1,1,1,5,3,1
4373,0.55,1,3,5,1600000,6.25e-07,8,8,8,8,8,8,1,1,1,1,1,5,3,1
4374,0.55,1,3,5,2000000,5e-07,10.015625,10.015625,10,10,10,11,1,1,1,1,1,5,3,1
4375,0.55,1,3,5,2500000,4e-07,12.03125,12.03125,12,12,12,13,1,1,1,1,1,5,3,1
4376,0.55,1,3,5,3200000,3.125e-07,16,16,16,16,16,16,1,1,1,1,1,5,3,1
4377,0.55,1,3,5,5000000,2e-07,25.015625,25.015625,25,25,25,26,1,1,1,1,1,5,3,1
4378,0.55,1,3,5,10000000,1e-07,50.015625,50.015625,50,50,50,51,1,1,1,1,1,5,3,1
4379,0.55,1,3,6,400000,2.5e-06,2,2,2,2,2,2,0,0,0,0,0,4,2,1
4380,0.55,1,3,6,600000,1.66666666666667e-06,3.203125,3.203125,3,3,3,3,1,1,1,1,1,4,2,1
4381,0.55,1,3,6,800000,1.25e-06,4.609375,4.59375,4,4,4,5,1,1,1,1,1,4,2,1
4382,0.55,1,3,6,1000000,1e-06,6.015625,6.015625,6,6,6,7,1,1,1,1,1,4,2,1
4383,0.55,1,3,6,1250000,8e-07,7.265625,7.265625,7,7,7,8,1,1,1,1,1,4,2,1
4384,0.55,1,3,6,1600000,6.25e-07,9.203125,9.203125,9,9,9,9,1,1,1,1,1,4,2,1
4385,0.55,1,3,6,2000000,5e-07,12.015625,12.015625,12,12,12,13,1,1,1,1,1,4,2,1
4386,0.55,1,3,6,2500000,4e-07,15,15,15,15,15,15,1,1,1,1,1,4,2,1
4387,0.55,1,3,6,3200000,3.125e-07,19,19,19,19,19,19,1,1,1,1,1,4,2,1
4388,0.55,1,3,6,5000000,2e-07,30.015625,30.015625,30,30,30,31,1,1,1,1,1,4,2,1
4389,0.55,1,3,6,10000000,1e-07,60.015625,60.015625,60,60,60,61,1,1,1,1,1,4,2,1
4390,0.55,1,4,1,400000,2.5e-06,0,0,0,0,0,0,0,0,0,0,0,9,7,0
4391,0.55,1,4,1,600000,1.66666666666667e-06,0.203125,0.203125,0,0,0,0,0,0,0,0,0,9,7,0
4392,0.55,1,4,1,800000,1.25e-06,0.609375,0.59375,0,0,0,1,0,0,0,0,0,9,7,0
4393,0.55,1,4,1,1000000,1e-06,1.015625,1.015625,1,1,1,2,0,0,0,0,0,9,7,0
4394,0.55,1,4,1,1250000,8e-07,1.015625,1.015625,1,1,1,1,0,0,0,0,0,9,7,0
4395,0.55,1,4,1,1600000,6.25e-07,1.203125,1.203125,1,1,1,1,0,0,0,0,0,9,7,0
4396,0.55,1,4,1,2000000,5e-07,2.015625,2.015625,2,2,2,3,0,0,0,0,0,9,7,0
4397,0.55,1,4,1,2500000,4e-07,2.03125,2.03125,2,2,2,3,0,0,0,0,0,9,7,0
4398,0.55,1,4,1,3200000,3.125e-07,3,3,3,3,3,3,0,0,0,0,0,9,7,1
4399,0.55,1,4,1,5000000,2e-07,5.015625,5.015625,5,5,5,6,1,1,1,1,1,9,7,1
4400,0.55,1,4,1,10000000,1e-07,10.015625,10.015625,10,10,10,11,1,1,1,1,1,9,7,1
4401,0.55,1,4,1.5,400000,2.5e-06,0.21875,0.203125,0,0,0,1,0,0,0,0,0,8.5,6.5,0
4402,0.55,1,4,1.5,600000,1.66666666666667e-06,0.8125,0.8125,0,0,0,1,0,0,0,0,0,8.5,6.5,0
4403,0.55,1,4,1.5,800000,1.25e-06,1.015625,1,1,1,1,1,0,0,0,0,0,8.5,6.5,0
4404,0.55,1,4,1.5,1000000,1e-06,1.515625,1.515625,1,1,1,2,0,0,0,0,0,8.5,6.5,0
4405,0.55,1,4,1.5,1250000,8e-07,1.78125,1.78125,1,1,1,2,0,0,0,0,0,8.5,6.5,0
4406,0.55,1,4,1.5,1600000,6.25e-07,2.015625,2,2,2,2,2,0,0,0,0,0,8.5,6.5,0
4407,0.55,1,4,1.5,2000000,5e-07,3.015625,3.015625,3,3,3,4,0.015625,0,0,0,1,8.5,6.5,1
4408,0.55,1,4,1.5,2500000,4e-07,3.53125,3.53125,3,3,3,4,0.0625,0,0,0,1,8.5,6.5,1
4409,0.55,1,4,1.5,3200000,3.125e-07,4.625,4.609375,4,4,4,5,1,1,1,1,1,8.5,6.5,1
4410,0.55,1,4,1.5,5000000,2e-07,7.515625,7.515625,7,7,7,8,1,1,1,1,1,8.5,6.5,1
4411,0.55,1,4,1.5,10000000,1e-07,15.015625,15.015625,15,15,15,16,1,1,1,1,1,8.5,6.5,1
4412,0.55,1,4,2,400000,2.5e-06,0.609375,0.59375,0,0,0,1,0,0,0,0,0,8,6,0
4413,0.55,1,4,2,600000,1.66666666666667e-06,1,1,1,1,1,1,0,0,0,0,0,8,6,0
4414,0.55,1,4,2,800000,1.25e-06,1.40625,1.390625,1,1,1,2,0,0,0,0,0,8,6,0
4415,0.55,1,4,2,1000000,1e-06,2.015625,2.015625,2,2,2,3,0,0,0,0,0,8,6,0
4416,0.55,1,4,2,1250000,8e-07,2.265625,2.265625,2,2,2,3,0,0,0,0,0,8,6,0
4417,0.55,1,4,2,1600000,6.25e-07,3,3,3,3,3,3,0,0,0,0,0,8,6,1
4418,0.55,1,4,2,2000000,5e-07,4.015625,4.015625,4,4,4,5,1,1,1,1,1,8,6,1
4419,0.55,1,4,2,2500000,4e-07,5,5,5,5,5,5,1,1,1,1,1,8,6,1
4420,0.55,1,4,2,3200000,3.125e-07,6.203125,6.203125,6,6,6,6,1,1,1,1,1,8,6,1
4421,0.55,1,4,2,5000000,2e-07,10.015625,10.015625,10,10,10,11,1,1,1,1,1,8,6,1
4422,0.55,1,4,2,10000000,1e-07,20.015625,20.015625,20,20,20,21,1,1,1,1,1,8,6,1
4423,0.55,1,4,2.5,400000,2.5e-06,1,1,1,1,1,1,0,0,0,0,0,7.5,5.5,0
4424,0.55,1,4,2.5,600000,1.66666666666667e-06,1.109375,1.09375,1,1,1,1,0,0,0,0,0,7.5,5.5,0
4425,0.55,1,4,2.5,800000,1.25e-06,2,2,2,2,2,2,0,0,0,0,0,7.5,5.5,0
4426,0.55,1,4,2.5,1000000,1e-06,2.515625,2.515625,2,2,2,3,0,0,0,0,0,7.5,5.5,0
4427,0.55,1,4,2.5,1250000,8e-07,3,3,3,3,3,3,0,0,0,0,0,7.5,5.5,1
4428,0.55,1,4,2.5,1600000,6.25e-07,4,4,4,4,4,4,1,1,1,1,1,7.5,5.5,1
4429,0.55,1,4,2.5,2000000,5e-07,5.015625,5.015625,5,5,5,6,1,1,1,1,1,7.5,5.5,1
4430,0.55,1,4,2.5,2500000,4e-07,6,6,6,6,6,6,1,1,1,1,1,7.5,5.5,1
4431,0.55,1,4,2.5,3200000,3.125e-07,8,8,8,8,8,8,1,1,1,1,1,7.5,5.5,1
4432,0.55,1,4,2.5,5000000,2e-07,12.515625,12.515625,12,12,12,13,1,1,1,1,1,7.5,5.5,1
4433,0.55,1,4,2.5,10000000,1e-07,25.015625,25.015625,25,25,25,26,1,1,1,1,1,7.5,5.5,1
4434,0.55,1,4,3,400000,2.5e-06,1,1,1,1,1,1,0,0,0,0,0,7,5,0
4435,0.55,1,4,3,600000,1.66666666666667e-06,1.609375,1.609375,1,1,1,2,0,0,0,0,0,7,5,0
4436,0.55,1,4,3,800000,1.25e-06,2.203125,2.203125,2,2,2,3,0,0,0,0,0,7,5,0
4437,0.55,1,4,3,1000000,1e-06,3.015625,3.015625,3,3,3,4,0.015625,0,0,0,1,7,5,1
4438,0.55,1,4,3,1250000,8e-07,3.53125,3.53125,3,3,3,4,0.296875,0,0,0,1,7,5,1
4439,0.55,1,4,3,1600000,6.25e-07,4.609375,4.609375,4,4,4,5,1,1,1,1,1,7,5,1
4440,0.55,1,4,3,2000000,5e-07,6.015625,6.015625,6,6,6,7,1,1,1,1,1,7,5,1
4441,0.55,1,4,3,2500000,4e-07,7.03125,7.03125,7,7,7,8,1,1,1,1,1,7,5,1
4442,0.55,1,4,3,3200000,3.125e-07,9.40625,9.40625,9,9,9,10,1,1,1,1,1,7,5,1
4443,0.55,1,4,3,5000000,2e-07,15.015625,15.015625,15,15,15,16,1,1,1,1,1,7,5,1
4444,0.55,1,4,3,10000000,1e-07,30.015625,30.015625,30,30,30,31,1,1,1,1,1,7,5,1
4445,0.55,1,4,5,400000,2.5e-06,2,2,2,2,2,2,0,0,0,0,0,5,3,0
4446,0.55,1,4,5,600000,1.66666666666667e-06,3,3,3,3,3,3,0,0,0,0,0,5,3,1
4447,0.55,1,4,5,800000,1.25e-06,4,4,4,4,4,4,1,1,1,1,1,5,3,1
4448,0.55,1,4,5,1000000,1e-06,5.015625,5.015625,5,5,5,6,1,1,1,1,1,5,3,1
4449,0.55,1,4,5,1250000,8e-07,6.015625,6.015625,6,6,6,6,1,1,1,1,1,5,3,1
4450,0.55,1,4,5,1600000,6.25e-07,8,8,8,8,8,8,1,1,1,1,1,5,3,1
4451,0.55,1,4,5,2000000,5e-07,10.015625,10.015625,10,10,10,11,1,1,1,1,1,5,3,1
4452,0.55,1,4,5,2500000,4e-07,12.03125,12.03125,12,12,12,13,1,1,1,1,1,5,3,1
4453,0.55,1,4,5,3200000,3.125e-07,16,16,16,16,16,16,1,1,1,1,1,5,3,1
4454,0.55,1,4,5,5000000,2e-07,25.015625,25.015625,25,25,25,26,1,1,1,1,1,5,3,1
4455,0.55,1,4,5,10000000,1e-07,50.015625,50.015625,50,50,50,51,1,1,1,1,1,5,3,1
4456,0.55,1,4,6,400000,2.5e-06,2,2,2,2,2,2,0,0,0,0,0,4,2,0
4457,0.55,1,4,6,600000,1.66666666666667e-06,3.203125,3.203125,3,3,3,3,0,0,0,0,0,4,2,1
4458,0.55,1,4,6,800000,1.25e-06,4.609375,4.59375,4,4,4,5,1,1,1,1,1,4,2,1
4459,0.55,1,4,6,1000000,1e-06,6.015625,6.015625,6,6,6,7,1,1,1,1,1,4,2,1
4460,0.55,1,4,6,1250000,8e-07,7.265625,7.265625,7,7,7,8,1,1,1,1,1,4,2,1
4461,0.55,1,4,6,1600000,6.25e-07,9.203125,9.203125,9,9,9,9,1,1,1,1,1,4,2,1
4462,0.55,1,4,6,2000000,5e-07,12.015625,12.015625,12,12,12,13,1,1,1,1,1,4,2,1
4463,0.55,1,4,6,2500000,4e-07,15,15,15,15,15,15,1,1,1,1,1,4,2,1
4464,0.55,1,4,6,3200000,3.125e-07,19,19,19,19,19,19,1,1,1,1,1,4,2,1
4465,0.55,1,4,6,5000000,2e-07,30.015625,30.015625,30,30,30,31,1,1,1,1,1,4,2,1
4466,0.55,1,4,6,10000000,1e-07,60.015625,60.015625,60,60,60,61,1,1,1,1,1,4,2,1
4467,0.55,1,5,1,400000,2.5e-06,0,0,0,0,0,0,0,0,0,0,0,9,7,0
4468,0.55,1,5,1,600000,1.66666666666667e-06,0.203125,0.203125,0,0,0,0,0,0,0,0,0,9,7,0
4469,0.55,1,5,1,800000,1.25e-06,0.609375,0.59375,0,0,0,1,0,0,0,0,0,9,7,0
4470,0.55,1,5,1,1000000,1e-06,1.015625,1.015625,1,1,1,2,0,0,0,0,0,9,7,0
4471,0.55,1,5,1,1250000,8e-07,1.015625,1.015625,1,1,1,1,0,0,0,0,0,9,7,0
4472,0.55,1,5,1,1600000,6.25e-07,1.203125,1.203125,1,1,1,1,0,0,0,0,0,9,7,0
4473,0.55,1,5,1,2000000,5e-07,2.015625,2.015625,2,2,2,3,0,0,0,0,0,9,7,0
4474,0.55,1,5,1,2500000,4e-07,2.03125,2.03125,2,2,2,3,0,0,0,0,0,9,7,0
4475,0.55,1,5,1,3200000,3.125e-07,3,3,3,3,3,3,0,0,0,0,0,9,7,0
4476,0.55,1,5,1,5000000,2e-07,5.015625,5.015625,5,5,5,6,1,1,1,1,1,9,7,1
4477,0.55,1,5,1,10000000,1e-07,10.015625,10.015625,10,10,10,11,1,1,1,1,1,9,7,1
4478,0.55,1,5,1.5,400000,2.5e-06,0.21875,0.203125,0,0,0,1,0,0,0,0,0,8.5,6.5,0
4479,0.55,1,5,1.5,600000,1.66666666666667e-06,0.8125,0.8125,0,0,0,1,0,0,0,0,0,8.5,6.5,0
4480,0.55,1,5,1.5,800000,1.25e-06,1.015625,1,1,1,1,1,0,0,0,0,0,8.5,6.5,0
4481,0.55,1,5,1.5,1000000,1e-06,1.515625,1.515625,1,1,1,2,0,0,0,0,0,8.5,6.5,0
4482,0.55,1,5,1.5,1250000,8e-07,1.78125,1.78125,1,1,1,2,0,0,0,0,0,8.5,6.5,0
4483,0.55,1,5,1.5,1600000,6.25e-07,2.015625,2,2,2,2,2,0,0,0,0,0,8.5,6.5,0
4484,0.55,1,5,1.5,2000000,5e-07,3.015625,3.015625,3,3,3,4,0,0,0,0,0,8.5,6.5,0
4485,0.55,1,5,1.5,2500000,4e-07,3.53125,3.53125,3,3,3,4,0,0,0,0,0,8.5,6.5,0
4486,0.55,1,5,1.5,3200000,3.125e-07,4.625,4.609375,4,4,4,5,0.421875,0,0,0,1,8.5,6.5,1
4487,0.55,1,5,1.5,5000000,2e-07,7.515625,7.515625,7,7,7,8,1,1,1,1,1,8.5,6.5,1
4488,0.55,1,5,1.5,10000000,1e-07,15.015625,15.015625,15,15,15,16,1,1,1,1,1,8.5,6.5,1
4489,0.55,1,5,2,400000,2.5e-06,0.609375,0.59375,0,0,0,1,0,0,0,0,0,8,6,0
4490,0.55,1,5,2,600000,1.66666666666667e-06,1,1,1,1,1,1,0,0,0,0,0,8,6,0
4491,0.55,1,5,2,800000,1.25e-06,1.40625,1.390625,1,1,1,2,0,0,0,0,0,8,6,0
4492,0.55,1,5,2,1000000,1e-06,2.015625,2.015625,2,2,2,3,0,0,0,0,0,8,6,0
4493,0.55,1,5,2,1250000,8e-07,2.265625,2.265625,2,2,2,3,0,0,0,0,0,8,6,0
4494,0.55,1,5,2,1600000,6.25e-07,3,3,3,3,3,3,0,0,0,0,0,8,6,0
4495,0.55,1,5,2,2000000,5e-07,4.015625,4.015625,4,4,4,5,0.015625,0,0,0,1,8,6,1
4496,0.55,1,5,2,2500000,4e-07,5,5,5,5,5,5,1,1,1,1,1,8,6,1
4497,0.55,1,5,2,3200000,3.125e-07,6.203125,6.203125,6,6,6,6,1,1,1,1,1,8,6,1
4498,0.55,1,5,2,5000000,2e-07,10.015625,10.015625,10,10,10,11,1,1,1,1,1,8,6,1
4499,0.55,1,5,2,10000000,1e-07,20.015625,20.015625,20,20,20,21,1,1,1,1,1,8,6,1
4500,0.55,1,5,2.5,400000,2.5e-06,1,1,1,1,1,1,0,0,0,0,0,7.5,5.5,0
4501,0.55,1,5,2.5,600000,1.66666666666667e-06,1.109375,1.09375,1,1,1,1,0,0,0,0,0,7.5,5.5,0
4502,0.55,1,5,2.5,800000,1.25e-06,2,2,2,2,2,2,0,0,0,0,0,7.5,5.5,0
4503,0.55,1,5,2.5,1000000,1e-06,2.515625,2.515625,2,2,2,3,0,0,0,0,0,7.5,5.5,0
4504,0.55,1,5,2.5,1250000,8e-07,3,3,3,3,3,3,0,0,0,0,0,7.5,5.5,0
4505,0.55,1,5,2.5,1600000,6.25e-07,4,4,4,4,4,4,0,0,0,0,0,7.5,5.5,1
4506,0.55,1,5,2.5,2000000,5e-07,5.015625,5.015625,5,5,5,6,1,1,1,1,1,7.5,5.5,1
4507,0.55,1,5,2.5,2500000,4e-07,6,6,6,6,6,6,1,1,1,1,1,7.5,5.5,1
4508,0.55,1,5,2.5,3200000,3.125e-07,8,8,8,8,8,8,1,1,1,1,1,7.5,5.5,1
4509,0.55,1,5,2.5,5000000,2e-07,12.515625,12.515625,12,12,12,13,1,1,1,1,1,7.5,5.5,1
4510,0.55,1,5,2.5,10000000,1e-07,25.015625,25.015625,25,25,25,26,1,1,1,1,1,7.5,5.5,1
4511,0.55,1,5,3,400000,2.5e-06,1,1,1,1,1,1,0,0,0,0,0,7,5,0
4512,0.55,1,5,3,600000,1.66666666666667e-06,1.609375,1.609375,1,1,1,2,0,0,0,0,0,7,5,0
4513,0.55,1,5,3,800000,1.25e-06,2.203125,2.203125,2,2,2,3,0,0,0,0,0,7,5,0
4514,0.55,1,5,3,1000000,1e-06,3.015625,3.015625,3,3,3,4,0,0,0,0,0,7,5,0
4515,0.55,1,5,3,1250000,8e-07,3.53125,3.53125,3,3,3,4,0,0,0,0,0,7,5,0
4516,0.55,1,5,3,1600000,6.25e-07,4.609375,4.609375,4,4,4,5,0.609375,1,0,0,1,7,5,1
4517,0.55,1,5,3,2000000,5e-07,6.015625,6.015625,6,6,6,7,1,1,1,1,1,7,5,1
4518,0.55,1,5,3,2500000,4e-07,7.03125,7.03125,7,7,7,8,1,1,1,1,1,7,5,1
4519,0.55,1,5,3,3200000,3.125e-07,9.40625,9.40625,9,9,9,10,1,1,1,1,1,7,5,1
4520,0.55,1,5,3,5000000,2e-07,15.015625,15.015625,15,15,15,16,1,1,1,1,1,7,5,1
4521,0.55,1,5,3,10000000,1e-07,30.015625,30.015625,30,30,30,31,1,1,1,1,1,7,5,1
4522,0.55,1,5,5,400000,2.5e-06,2,2,2,2,2,2,0,0,0,0,0,5,3,0
4523,0.55,1,5,5,600000,1.66666666666667e-06,3,3,3,3,3,3,0,0,0,0,0,5,3,0
4524,0.55,1,5,5,800000,1.25e-06,4,4,4,4,4,4,0,0,0,0,0,5,3,1
4525,0.55,1,5,5,1000000,1e-06,5.015625,5.015625,5,5,5,6,1,1,1,1,1,5,3,1
4526,0.55,1,5,5,1250000,8e-07,6.015625,6.015625,6,6,6,6,1,1,1,1,1,5,3,1
4527,0.55,1,5,5,1600000,6.25e-07,8,8,8,8,8,8,1,1,1,1,1,5,3,1
4528,0.55,1,5,5,2000000,5e-07,10.015625,10.015625,10,10,10,11,1,1,1,1,1,5,3,1
4529,0.55,1,5,5,2500000,4e-07,12.03125,12.03125,12,12,12,13,1,1,1,1,1,5,3,1
4530,0.55,1,5,5,3200000,3.125e-07,16,16,16,16,16,16,1,1,1,1,1,5,3,1
4531,0.55,1,5,5,5000000,2e-07,25.015625,25.015625,25,25,25,26,1,1,1,1,1,5,3,1
4532,0.55,1,5,5,10000000,1e-07,50.015625,50.015625,50,50,50,51,1,1,1,1,1,5,3,1
4533,0.55,1,5,6,400000,2.5e-06,2,2,2,2,2,2,0,0,0,0,0,4,2,0
4534,0.55,1,5,6,600000,1.66666666666667e-06,3.203125,3.203125,3,3,3,3,0,0,0,0,0,4,2,0
4535,0.55,1,5,6,800000,1.25e-06,4.609375,4.59375,4,4,4,5,0.203125,0,0,0,1,4,2,1
4536,0.55,1,5,6,1000000,1e-06,6.015625,6.015625,6,6,6,7,1,1,1,1,1,4,2,1
4537,0.55,1,5,6,1250000,8e-07,7.265625,7.265625,7,7,7,8,1,1,1,1,1,4,2,1
4538,0.55,1,5,6,1600000,6.25e-07,9.203125,9.203125,9,9,9,9,1,1,1,1,1,4,2,1
4539,0.55,1,5,6,2000000,5e-07,12.015625,12.015625,12,12,12,13,1,1,1,1,1,4,2,1
4540,0.55,1,5,6,2500000,4e-07,15,15,15,15,15,15,1,1,1,1,1,4,2,1
4541,0.55,1,5,6,3200000,3.125e-07,19,19,19,19,19,19,1,1,1,1,1,4,2,1
4542,0.55,1,5,6,5000000,2e-07,30.015625,30.015625,30,30,30,31,1,1,1,1,1,4,2,1
4543,0.55,1,5,6,10000000,1e-07,60.015625,60.015625,60,60,60,61,1,1,1,1,1,4,2,1
4544,0.55,1,6,1,400000,2.5e-06,0,0,0,0,0,0,0,0,0,0,0,9,7,0
4545,0.55,1,6,1,600000,1.66666666666667e-06,0.203125,0.203125,0,0,0,0,0,0,0,0,0,9,7,0
4546,0.55,1,6,1,800000,1.25e-06,0.609375,0.59375,0,0,0,1,0,0,0,0,0,9,7,0
4547,0.55,1,6,1,1000000,1e-06,1.015625,1.015625,1,1,1,2,0,0,0,0,0,9,7,0
4548,0.55,1,6,1,1250000,8e-07,1.015625,1.015625,1,1,1,1,0,0,0,0,0,9,7,0
4549,0.55,1,6,1,1600000,6.25e-07,1.203125,1.203125,1,1,1,1,0,0,0,0,0,9,7,0
4550,0.55,1,6,1,2000000,5e-07,2.015625,2.015625,2,2,2,3,0,0,0,0,0,9,7,0
4551,0.55,1,6,1,2500000,4e-07,2.03125,2.03125,2,2,2,3,0,0,0,0,0,9,7,0
4552,0.55,1,6,1,3200000,3.125e-07,3,3,3,3,3,3,0,0,0,0,0,9,7,0
4553,0.55,1,6,1,5000000,2e-07,5.015625,5.015625,5,5,5,6,0.015625,0,0,0,1,9,7,1
4554,0.55,1,6,1,10000000,1e-07,10.015625,10.015625,10,10,10,11,1,1,1,1,1,9,7,1
4555,0.55,1,6,1.5,400000,2.5e-06,0.21875,0.203125,0,0,0,1,0,0,0,0,0,8.5,6.5,0
4556,0.55,1,6,1.5,600000,1.66666666666667e-06,0.8125,0.8125,0,0,0,1,0,0,0,0,0,8.5,6.5,0
4557,0.55,1,6,1.5,800000,1.25e-06,1.015625,1,1,1,1,1,0,0,0,0,0,8.5,6.5,0
4558,0.55,1,6,1.5,1000000,1e-06,1.515625,1.515625,1,1,1,2,0,0,0,0,0,8.5,6.5,0
4559,0.55,1,6,1.5,1250000,8e-07,1.78125,1.78125,1,1,1,2,0,0,0,0,0,8.5,6.5,0
4560,0.55,1,6,1.5,1600000,6.25e-07,2.015625,2,2,2,2,2,0,0,0,0,0,8.5,6.5,0
4561,0.55,1,6,1.5,2000000,5e-07,3.015625,3.015625,3,3,3,4,0,0,0,0,0,8.5,6.5,0
4562,0.55,1,6,1.5,2500000,4e-07,3.53125,3.53125,3,3,3,4,0,0,0,0,0,8.5,6.5,0
4563,0.55,1,6,1.5,3200000,3.125e-07,4.625,4.609375,4,4,4,5,0,0,0,0,0,8.5,6.5,0
4564,0.55,1,6,1.5,5000000,2e-07,7.515625,7.515625,7,7,7,8,1,1,1,1,1,8.5,6.5,1
4565,0.55,1,6,1.5,10000000,1e-07,15.015625,15.015625,15,15,15,16,1,1,1,1,1,8.5,6.5,1
4566,0.55,1,6,2,400000,2.5e-06,0.609375,0.59375,0,0,0,1,0,0,0,0,0,8,6,0
4567,0.55,1,6,2,600000,1.66666666666667e-06,1,1,1,1,1,1,0,0,0,0,0,8,6,0
4568,0.55,1,6,2,800000,1.25e-06,1.40625,1.390625,1,1,1,2,0,0,0,0,0,8,6,0
4569,0.55,1,6,2,1000000,1e-06,2.015625,2.015625,2,2,2,3,0,0,0,0,0,8,6,0
4570,0.55,1,6,2,1250000,8e-07,2.265625,2.265625,2,2,2,3,0,0,0,0,0,8,6,0
4571,0.55,1,6,2,1600000,6.25e-07,3,3,3,3,3,3,0,0,0,0,0,8,6,0
4572,0.55,1,6,2,2000000,5e-07,4.015625,4.015625,4,4,4,5,0,0,0,0,0,8,6,0
4573,0.55,1,6,2,2500000,4e-07,5,5,5,5,5,5,0,0,0,0,0,8,6,1
4574,0.55,1,6,2,3200000,3.125e-07,6.203125,6.203125,6,6,6,6,1,1,1,1,1,8,6,1
4575,0.55,1,6,2,5000000,2e-07,10.015625,10.015625,10,10,10,11,1,1,1,1,1,8,6,1
4576,0.55,1,6,2,10000000,1e-07,20.015625,20.015625,20,20,20,21,1,1,1,1,1,8,6,1
4577,0.55,1,6,2.5,400000,2.5e-06,1,1,1,1,1,1,0,0,0,0,0,7.5,5.5,0
4578,0.55,1,6,2.5,600000,1.66666666666667e-06,1.109375,1.09375,1,1,1,1,0,0,0,0,0,7.5,5.5,0
4579,0.55,1,6,2.5,800000,1.25e-06,2,2,2,2,2,2,0,0,0,0,0,7.5,5.5,0
4580,0.55,1,6,2.5,1000000,1e-06,2.515625,2.515625,2,2,2,3,0,0,0,0,0,7.5,5.5,0
4581,0.55,1,6,2.5,1250000,8e-07,3,3,3,3,3,3,0,0,0,0,0,7.5,5.5,0
4582,0.55,1,6,2.5,1600000,6.25e-07,4,4,4,4,4,4,0,0,0,0,0,7.5,5.5,0
4583,0.55,1,6,2.5,2000000,5e-07,5.015625,5.015625,5,5,5,6,0.015625,0,0,0,1,7.5,5.5,1
4584,0.55,1,6,2.5,2500000,4e-07,6,6,6,6,6,6,1,1,1,1,1,7.5,5.5,1
4585,0.55,1,6,2.5,3200000,3.125e-07,8,8,8,8,8,8,1,1,1,1,1,7.5,5.5,1
4586,0.55,1,6,2.5,5000000,2e-07,12.515625,12.515625,12,12,12,13,1,1,1,1,1,7.5,5.5,1
4587,0.55,1,6,2.5,10000000,1e-07,25.015625,25.015625,25,25,25,26,1,1,1,1,1,7.5,5.5,1
4588,0.55,1,6,3,400000,2.5e-06,1,1,1,1,1,1,0,0,0,0,0,7,5,0
4589,0.55,1,6,3,600000,1.66666666666667e-06,1.609375,1.609375,1,1,1,2,0,0,0,0,0,7,5,0
4590,0.55,1,6,3,800000,1.25e-06,2.203125,2.203125,2,2,2,3,0,0,0,0,0,7,5,0
4591,0.55,1,6,3,1000000,1e-06,3.015625,3.015625,3,3,3,4,0,0,0,0,0,7,5,0
4592,0.55,1,6,3,1250000,8e-07,3.53125,3.53125,3,3,3,4,0,0,0,0,0,7,5,0
4593,0.55,1,6,3,1600000,6.25e-07,4.609375,4.609375,4,4,4,5,0,0,0,0,0,7,5,0
4594,0.55,1,6,3,2000000,5e-07,6.015625,6.015625,6,6,6,7,1,1,1,1,1,7,5,1
4595,0.55,1,6,3,2500000,4e-07,7.03125,7.03125,7,7,7,8,1,1,1,1,1,7,5,1
4596,0.55,1,6,3,3200000,3.125e-07,9.40625,9.40625,9,9,9,10,1,1,1,1,1,7,5,1
4597,0.55,1,6,3,5000000,2e-07,15.015625,15.015625,15,15,15,16,1,1,1,1,1,7,5,1
4598,0.55,1,6,3,10000000,1e-07,30.015625,30.015625,30,30,30,31,1,1,1,1,1,7,5,1
4599,0.55,1,6,5,400000,2.5e-06,2,2,2,2,2,2,0,0,0,0,0,5,3,0
4600,0.55,1,6,5,600000,1.66666666666667e-06,3,3,3,3,3,3,0,0,0,0,0,5,3,0
4601,0.55,1,6,5,800000,1.25e-06,4,4,4,4,4,4,0,0,0,0,0,5,3,0
4602,0.55,1,6,5,1000000,1e-06,5.015625,5.015625,5,5,5,6,0.015625,0,0,0,1,5,3,1
4603,0.55,1,6,5,1250000,8e-07,6.015625,6.015625,6,6,6,6,1,1,1,1,1,5,3,1
4604,0.55,1,6,5,1600000,6.25e-07,8,8,8,8,8,8,1,1,1,1,1,5,3,1
4605,0.55,1,6,5,2000000,5e-07,10.015625,10.015625,10,10,10,11,1,1,1,1,1,5,3,1
4606,0.55,1,6,5,2500000,4e-07,12.03125,12.03125,12,12,12,13,1,1,1,1,1,5,3,1
4607,0.55,1,6,5,3200000,3.125e-07,16,16,16,16,16,16,1,1,1,1,1,5,3,1
4608,0.55,1,6,5,5000000,2e-07,25.015625,25.015625,25,25,25,26,1,1,1,1,1,5,3,1
4609,0.55,1,6,5,10000000,1e-07,50.015625,50.015625,50,50,50,51,1,1,1,1,1,5,3,1
4610,0.55,1,6,6,400000,2.5e-06,2,2,2,2,2,2,0,0,0,0,0,4,2,0
4611,0.55,1,6,6,600000,1.66666666666667e-06,3.203125,3.203125,3,3,3,3,0,0,0,0,0,4,2,0
4612,0.55,1,6,6,800000,1.25e-06,4.609375,4.59375,4,4,4,5,0,0,0,0,0,4,2,0
4613,0.55,1,6,6,1000000,1e-06,6.015625,6.015625,6,6,6,7,1,1,1,1,1,4,2,1
4614,0.55,1,6,6,1250000,8e-07,7.265625,7.265625,7,7,7,8,1,1,1,1,1,4,2,1
4615,0.55,1,6,6,1600000,6.25e-07,9.203125,9.203125,9,9,9,9,1,1,1,1,1,4,2,1
4616,0.55,1,6,6,2000000,5e-07,12.015625,12.015625,12,12,12,13,1,1,1,1,1,4,2,1
4617,0.55,1,6,6,2500000,4e-07,15,15,15,15,15,15,1,1,1,1,1,4,2,1
4618,0.55,1,6,6,3200000,3.125e-07,19,19,19,19,19,19,1,1,1,1,1,4,2,1
4619,0.55,1,6,6,5000000,2e-07,30.015625,30.015625,30,30,30,31,1,1,1,1,1,4,2,1
4620,0.55,1,6,6,10000000,1e-07,60.015625,60.015625,60,60,60,61,1,1,1,1,1,4,2,1
4621,0.65,0.2,3,1,400000,2.5e-06,0.1875,0.203125,0,0,0,0,0,0,0,0,0,11.8,5.8,0
4622,0.65,0.2,3,1,600000,1.66666666666667e-06,0.40625,0.40625,0,0,0,1,0,0,0,0,0,11.8,5.8,0
4623,0.65,0.2,3,1,800000,1.25e-06,0.59375,0.609375,0,0,0,1,0,0,0,0,0,11.8,5.8,0
4624,0.65,0.2,3,1,1000000,1e-06,1,1,1,1,1,1,0,0,0,0,0,11.8,5.8,0
4625,0.65,0.2,3,1,1250000,8e-07,1.015625,1.015625,1,1,1,1,0,0,0,0,0,11.8,5.8,0
4626,0.65,0.2,3,1,1600000,6.25e-07,1.390625,1.40625,1,1,1,2,0,0,0,0,0,11.8,5.8,0
4627,0.65,0.2,3,1,2000000,5e-07,2,2,2,2,2,2,0,0,0,0,0,11.8,5.8,1
4628,0.65,0.2,3,1,2500000,4e-07,2.03125,2.03125,2,2,2,3,0.03125,0,0,0,1,11.8,5.8,1
4629,0.65,0.2,3,1,3200000,3.125e-07,3,3,3,3,3,3,1,1,1,1,1,11.8,5.8,1
4630,0.65,0.2,3,1,5000000,2e-07,5.015625,5.015625,5,5,5,6,1,1,1,1,1,11.8,5.8,1
4631,0.65,0.2,3,1,10000000,1e-07,10.015625,10.015625,10,10,10,11,1,1,1,1,1,11.8,5.8,1
4632,0.65,0.2,3,1.5,400000,2.5e-06,0.390625,0.40625,0,0,0,1,0,0,0,0,0,11.3,5.3,0
4633,0.65,0.2,3,1.5,600000,1.66666666666667e-06,0.8125,0.8125,0,0,0,1,0,0,0,0,0,11.3,5.3,0
4634,0.65,0.2,3,1.5,800000,1.25e-06,1,1,1,1,1,1,0,0,0,0,0,11.3,5.3,0
4635,0.65,0.2,3,1.5,1000000,1e-06,1.5,1.5,1,1,1,2,0,0,0,0,0,11.3,5.3,0
4636,0.65,0.2,3,1.5,1250000,8e-07,1.78125,1.78125,1,1,1,2,0,0,0,0,0,11.3,5.3,0
4637,0.65,0.2,3,1.5,1600000,6.25e-07,2.203125,2.203125,2,2,2,3,0.15625,0,0,0,1,11.3,5.3,1
4638,0.65,0.2,3,1.5,2000000,5e-07,3,3,3,3,3,3,1,1,1,1,1,11.3,5.3,1
4639,0.65,0.2,3,1.5,2500000,4e-07,3.53125,3.53125,3,3,3,4,1,1,1,1,1,11.3,5.3,1
4640,0.65,0.2,3,1.5,3200000,3.125e-07,4.609375,4.609375,4,4,4,5,1,1,1,1,1,11.3,5.3,1
4641,0.65,0.2,3,1.5,5000000,2e-07,7.515625,7.515625,7,7,7,8,1,1,1,1,1,11.3,5.3,1
4642,0.65,0.2,3,1.5,10000000,1e-07,15.015625,15.015625,15,15,15,16,1,1,1,1,1,11.3,5.3,1
4643,0.65,0.2,3,2,400000,2.5e-06,0.59375,0.609375,0,0,0,1,0,0,0,0,0,10.8,4.8,0
4644,0.65,0.2,3,2,600000,1.66666666666667e-06,1,1,1,1,1,1,0,0,0,0,0,10.8,4.8,0
4645,0.65,0.2,3,2,800000,1.25e-06,1.203125,1.203125,1,1,1,2,0,0,0,0,0,10.8,4.8,0
4646,0.65,0.2,3,2,1000000,1e-06,2,2,2,2,2,2,0,0,0,0,0,10.8,4.8,1
4647,0.65,0.2,3,2,1250000,8e-07,2.265625,2.265625,2,2,2,3,0.265625,0,0,0,1,10.8,4.8,1
4648,0.65,0.2,3,2,1600000,6.25e-07,3,3,3,3,3,3,1,1,1,1,1,10.8,4.8,1
4649,0.65,0.2,3,2,2000000,5e-07,4,4,4,4,4,4,1,1,1,1,1,10.8,4.8,1
4650,0.65,0.2,3,2,2500000,4e-07,5,5,5,5,5,5,1,1,1,1,1,10.8,4.8,1
4651,0.65,0.2,3,2,3200000,3.125e-07,6,6,6,6,6,6,1,1,1,1,1,10.8,4.8,1
4652,0.65,0.2,3,2,5000000,2e-07,10.015625,10.015625,10,10,10,11,1,1,1,1,1,10.8,4.8,1
4653,0.65,0.2,3,2,10000000,1e-07,20.015625,20.015625,20,20,20,21,1,1,1,1,1,10.8,4.8,1
4654,0.65,0.2,3,2.5,400000,2.5e-06,1,1,1,1,1,1,0,0,0,0,0,10.3,4.3,0
4655,0.65,0.2,3,2.5,600000,1.66666666666667e-06,1.296875,1.296875,1,1,1,2,0,0,0,0,0,10.3,4.3,0
4656,0.65,0.2,3,2.5,800000,1.25e-06,2,2,2,2,2,2,0,0,0,0,0,10.3,4.3,1
4657,0.65,0.2,3,2.5,1000000,1e-06,2.5,2.5,2,2,2,3,0.390625,0,0,0,1,10.3,4.3,1
4658,0.65,0.2,3,2.5,1250000,8e-07,3,3,3,3,3,3,1,1,1,1,1,10.3,4.3,1
4659,0.65,0.2,3,2.5,1600000,6.25e-07,4,4,4,4,4,4,1,1,1,1,1,10.3,4.3,1
4660,0.65,0.2,3,2.5,2000000,5e-07,5,5,5,5,5,5,1,1,1,1,1,10.3,4.3,1
4661,0.65,0.2,3,2.5,2500000,4e-07,6,6,6,6,6,6,1,1,1,1,1,10.3,4.3,1
4662,0.65,0.2,3,2.5,3200000,3.125e-07,8,8,8,8,8,8,1,1,1,1,1,10.3,4.3,1
4663,0.65,0.2,3,2.5,5000000,2e-07,12.515625,12.515625,12,12,12,13,1,1,1,1,1,10.3,4.3,1
4664,0.65,0.2,3,2.5,10000000,1e-07,25.015625,25.015625,25,25,25,26,1,1,1,1,1,10.3,4.3,1
4665,0.65,0.2,3,3,400000,2.5e-06,1,1,1,1,1,1,0,0,0,0,0,9.8,3.8,0
4666,0.65,0.2,3,3,600000,1.66666666666667e-06,1.59375,1.609375,1,1,1,2,0,0,0,0,0,9.8,3.8,0
4667,0.65,0.2,3,3,800000,1.25e-06,2,2,2,2,2,2,0,0,0,0,0,9.8,3.8,1
4668,0.65,0.2,3,3,1000000,1e-06,3,3,3,3,3,3,1,1,1,1,1,9.8,3.8,1
4669,0.65,0.2,3,3,1250000,8e-07,3.53125,3.53125,3,3,3,4,1,1,1,1,1,9.8,3.8,1
4670,0.65,0.2,3,3,1600000,6.25e-07,4.59375,4.59375,4,4,4,5,1,1,1,1,1,9.8,3.8,1
4671,0.65,0.2,3,3,2000000,5e-07,6,6,6,6,6,6,1,1,1,1,1,9.8,3.8,1
4672,0.65,0.2,3,3,2500000,4e-07,7.03125,7.03125,7,7,7,8,1,1,1,1,1,9.8,3.8,1
4673,0.65,0.2,3,3,3200000,3.125e-07,9.203125,9.203125,9,9,9,10,1,1,1,1,1,9.8,3.8,1
4674,0.65,0.2,3,3,5000000,2e-07,15.015625,15.015625,15,15,15,16,1,1,1,1,1,9.8,3.8,1
4675,0.65,0.2,3,3,10000000,1e-07,30.015625,30.015625,30,30,30,31,1,1,1,1,1,9.8,3.8,1
4676,0.65,0.2,3,5,400000,2.5e-06,2,2,2,2,2,2,0,0,0,0,0,7.8,1.8,1
4677,0.65,0.2,3,5,600000,1.66666666666667e-06,3,3,3,3,3,3,1,1,1,1,1,7.8,1.8,1
4678,0.65,0.2,3,5,800000,1.25e-06,4,4,4,4,4,4,1,1,1,1,1,7.8,1.8,1
4679,0.65,0.2,3,5,1000000,1e-06,5,5,5,5,5,5,1,1,1,1,1,7.8,1.8,1
4680,0.65,0.2,3,5,1250000,8e-07,6.015625,6.015625,6,6,6,6,1,1,1,1,1,7.8,1.8,1
4681,0.65,0.2,3,5,1600000,6.25e-07,8,8,8,8,8,8,1,1,1,1,1,7.8,1.8,1
4682,0.65,0.2,3,5,2000000,5e-07,10,10,10,10,10,10,1,1,1,1,1,7.8,1.8,1
4683,0.65,0.2,3,5,2500000,4e-07,12.03125,12.03125,12,12,12,13,1,1,1,1,1,7.8,1.8,1
4684,0.65,0.2,3,5,3200000,3.125e-07,16,16,16,16,16,16,1,1,1,1,1,7.8,1.8,1
4685,0.65,0.2,3,5,5000000,2e-07,25.015625,25.015625,25,25,25,26,1,1,1,1,1,7.8,1.8,1
4686,0.65,0.2,3,5,10000000,1e-07,50.015625,50.015625,50,50,50,51,1,1,1,1,1,7.8,1.8,1
4687,0.65,0.2,3,6,400000,2.5e-06,2.1875,2.203125,2,2,2,2,0,0,0,0,0,6.8,0.8,1
4688,0.65,0.2,3,6,600000,1.66666666666667e-06,3.40625,3.40625,3,3,3,4,1,1,1,1,1,6.8,0.8,1
4689,0.65,0.2,3,6,800000,1.25e-06,4.59375,4.609375,4,4,4,5,1,1,1,1,1,6.8,0.8,1
4690,0.65,0.2,3,6,1000000,1e-06,6,6,6,6,6,6,1,1,1,1,1,6.8,0.8,1
4691,0.65,0.2,3,6,1250000,8e-07,7.265625,7.265625,7,7,7,8,1,1,1,1,1,6.8,0.8,1
4692,0.65,0.2,3,6,1600000,6.25e-07,9.390625,9.40625,9,9,9,10,1,1,1,1,1,6.8,0.8,1
4693,0.65,0.2,3,6,2000000,5e-07,12,12,12,12,12,12,1,1,1,1,1,6.8,0.8,1
4694,0.65,0.2,3,6,2500000,4e-07,15,15,15,15,15,15,1,1,1,1,1,6.8,0.8,1
4695,0.65,0.2,3,6,3200000,3.125e-07,19,19,19,19,19,19,1,1,1,1,1,6.8,0.8,1
4696,0.65,0.2,3,6,5000000,2e-07,30.015625,30.015625,30,30,30,31,1,1,1,1,1,6.8,0.8,1
4697,0.65,0.2,3,6,10000000,1e-07,60.015625,60.015625,60,60,60,61,1,1,1,1,1,6.8,0.8,1
4698,0.65,0.2,4,1,400000,2.5e-06,0.1875,0.203125,0,0,0,0,0,0,0,0,0,11.8,5.8,0
4699,0.65,0.2,4,1,600000,1.66666666666667e-06,0.40625,0.40625,0,0,0,1,0,0,0,0,0,11.8,5.8,0
4700,0.65,0.2,4,1,800000,1.25e-06,0.59375,0.609375,0,0,0,1,0,0,0,0,0,11.8,5.8,0
4701,0.65,0.2,4,1,1000000,1e-06,1,1,1,1,1,1,0,0,0,0,0,11.8,5.8,0
4702,0.65,0.2,4,1,1250000,8e-07,1.015625,1.015625,1,1,1,1,0,0,0,0,0,11.8,5.8,0
4703,0.65,0.2,4,1,1600000,6.25e-07,1.390625,1.40625,1,1,1,2,0,0,0,0,0,11.8,5.8,0
4704,0.65,0.2,4,1,2000000,5e-07,2,2,2,2,2,2,0,0,0,0,0,11.8,5.8,0
4705,0.65,0.2,4,1,2500000,4e-07,2.03125,2.03125,2,2,2,3,0,0,0,0,0,11.8,5.8,0
4706,0.65,0.2,4,1,3200000,3.125e-07,3,3,3,3,3,3,0,0,0,0,0,11.8,5.8,1
4707,0.65,0.2,4,1,5000000,2e-07,5.015625,5.015625,5,5,5,6,1,1,1,1,1,11.8,5.8,1
4708,0.65,0.2,4,1,10000000,1e-07,10.015625,10.015625,10,10,10,11,1,1,1,1,1,11.8,5.8,1
4709,0.65,0.2,4,1.5,400000,2.5e-06,0.390625,0.40625,0,0,0,1,0,0,0,0,0,11.3,5.3,0
4710,0.65,0.2,4,1.5,600000,1.66666666666667e-06,0.8125,0.8125,0,0,0,1,0,0,0,0,0,11.3,5.3,0
4711,0.65,0.2,4,1.5,800000,1.25e-06,1,1,1,1,1,1,0,0,0,0,0,11.3,5.3,0
4712,0.65,0.2,4,1.5,1000000,1e-06,1.5,1.5,1,1,1,2,0,0,0,0,0,11.3,5.3,0
4713,0.65,0.2,4,1.5,1250000,8e-07,1.78125,1.78125,1,1,1,2,0,0,0,0,0,11.3,5.3,0
4714,0.65,0.2,4,1.5,1600000,6.25e-07,2.203125,2.203125,2,2,2,3,0,0,0,0,0,11.3,5.3,0
4715,0.65,0.2,4,1.5,2000000,5e-07,3,3,3,3,3,3,0,0,0,0,0,11.3,5.3,1
4716,0.65,0.2,4,1.5,2500000,4e-07,3.53125,3.53125,3,3,3,4,0.0625,0,0,0,1,11.3,5.3,1
4717,0.65,0.2,4,1.5,3200000,3.125e-07,4.609375,4.609375,4,4,4,5,1,1,1,1,1,11.3,5.3,1
4718,0.65,0.2,4,1.5,5000000,2e-07,7.515625,7.515625,7,7,7,8,1,1,1,1,1,11.3,5.3,1
4719,0.65,0.2,4,1.5,10000000,1e-07,15.015625,15.015625,15,15,15,16,1,1,1,1,1,11.3,5.3,1
4720,0.65,0.2,4,2,400000,2.5e-06,0.59375,0.609375,0,0,0,1,0,0,0,0,0,10.8,4.8,0
4721,0.65,0.2,4,2,600000,1.66666666666667e-06,1,1,1,1,1,1,0,0,0,0,0,10.8,4.8,0
4722,0.65,0.2,4,2,800000,1.25e-06,1.203125,1.203125,1,1,1,2,0,0,0,0,0,10.8,4.8,0
4723,0.65,0.2,4,2,1000000,1e-06,2,2,2,2,2,2,0,0,0,0,0,10.8,4.8,0
4724,0.65,0.2,4,2,1250000,8e-07,2.265625,2.265625,2,2,2,3,0,0,0,0,0,10.8,4.8,0
4725,0.65,0.2,4,2,1600000,6.25e-07,3,3,3,3,3,3,0,0,0,0,0,10.8,4.8,1
4726,0.65,0.2,4,2,2000000,5e-07,4,4,4,4,4,4,1,1,1,1,1,10.8,4.8,1
4727,0.65,0.2,4,2,2500000,4e-07,5,5,5,5,5,5,1,1,1,1,1,10.8,4.8,1
4728,0.65,0.2,4,2,3200000,3.125e-07,6,6,6,6,6,6,1,1,1,1,1,10.8,4.8,1
4729,0.65,0.2,4,2,5000000,2e-07,10.015625,10.015625,10,10,10,11,1,1,1,1,1,10.8,4.8,1
4730,0.65,0.2,4,2,10000000,1e-07,20.015625,20.015625,20,20,20,21,1,1,1,1,1,10.8,4.8,1
4731,0.65,0.2,4,2.5,400000,2.5e-06,1,1,1,1,1,1,0,0,0,0,0,10.3,4.3,0
4732,0.65,0.2,4,2.5,600000,1.66666666666667e-06,1.296875,1.296875,1,1,1,2,0,0,0,0,0,10.3,4.3,0
4733,0.65,0.2,4,2.5,800000,1.25e-06,2,2,2,2,2,2,0,0,0,0,0,10.3,4.3,0
4734,0.65,0.2,4,2.5,1000000,1e-06,2.5,2.5,2,2,2,3,0,0,0,0,0,10.3,4.3,0
4735,0.65,0.2,4,2.5,1250000,8e-07,3,3,3,3,3,3,0,0,0,0,0,10.3,4.3,1
4736,0.65,0.2,4,2.5,1600000,6.25e-07,4,4,4,4,4,4,1,1,1,1,1,10.3,4.3,1
4737,0.65,0.2,4,2.5,2000000,5e-07,5,5,5,5,5,5,1,1,1,1,1,10.3,4.3,1
4738,0.65,0.2,4,2.5,2500000,4e-07,6,6,6,6,6,6,1,1,1,1,1,10.3,4.3,1
4739,0.65,0.2,4,2.5,3200000,3.125e-07,8,8,8,8,8,8,1,1,1,1,1,10.3,4.3,1
4740,0.65,0.2,4,2.5,5000000,2e-07,12.515625,12.515625,12,12,12,13,1,1,1,1,1,10.3,4.3,1
4741,0.65,0.2,4,2.5,10000000,1e-07,25.015625,25.015625,25,25,25,26,1,1,1,1,1,10.3,4.3,1
4742,0.65,0.2,4,3,400000,2.5e-06,1,1,1,1,1,1,0,0,0,0,0,9.8,3.8,0
4743,0.65,0.2,4,3,600000,1.66666666666667e-06,1.59375,1.609375,1,1,1,2,0,0,0,0,0,9.8,3.8,0
4744,0.65,0.2,4,3,800000,1.25e-06,2,2,2,2,2,2,0,0,0,0,0,9.8,3.8,0
4745,0.65,0.2,4,3,1000000,1e-06,3,3,3,3,3,3,0,0,0,0,0,9.8,3.8,1
4746,0.65,0.2,4,3,1250000,8e-07,3.53125,3.53125,3,3,3,4,0.296875,0,0,0,1,9.8,3.8,1
4747,0.65,0.2,4,3,1600000,6.25e-07,4.59375,4.59375,4,4,4,5,1,1,1,1,1,9.8,3.8,1
4748,0.65,0.2,4,3,2000000,5e-07,6,6,6,6,6,6,1,1,1,1,1,9.8,3.8,1
4749,0.65,0.2,4,3,2500000,4e-07,7.03125,7.03125,7,7,7,8,1,1,1,1,1,9.8,3.8,1
4750,0.65,0.2,4,3,3200000,3.125e-07,9.203125,9.203125,9,9,9,10,1,1,1,1,1,9.8,3.8,1
4751,0.65,0.2,4,3,5000000,2e-07,15.015625,15.015625,15,15,15,16,1,1,1,1,1,9.8,3.8,1
4752,0.65,0.2,4,3,10000000,1e-07,30.015625,30.015625,30,30,30,31,1,1,1,1,1,9.8,3.8,1
4753,0.65,0.2,4,5,400000,2.5e-06,2,2,2,2,2,2,0,0,0,0,0,7.8,1.8,0
4754,0.65,0.2,4,5,600000,1.66666666666667e-06,3,3,3,3,3,3,0,0,0,0,0,7.8,1.8,1
4755,0.65,0.2,4,5,800000,1.25e-06,4,4,4,4,4,4,1,1,1,1,1,7.8,1.8,1
4756,0.65,0.2,4,5,1000000,1e-06,5,5,5,5,5,5,1,1,1,1,1,7.8,1.8,1
4757,0.65,0.2,4,5,1250000,8e-07,6.015625,6.015625,6,6,6,6,1,1,1,1,1,7.8,1.8,1
4758,0.65,0.2,4,5,1600000,6.25e-07,8,8,8,8,8,8,1,1,1,1,1,7.8,1.8,1
4759,0.65,0.2,4,5,2000000,5e-07,10,10,10,10,10,10,1,1,1,1,1,7.8,1.8,1
4760,0.65,0.2,4,5,2500000,4e-07,12.03125,12.03125,12,12,12,13,1,1,1,1,1,7.8,1.8,1
4761,0.65,0.2,4,5,3200000,3.125e-07,16,16,16,16,16,16,1,1,1,1,1,7.8,1.8,1
4762,0.65,0.2,4,5,5000000,2e-07,25.015625,25.015625,25,25,25,26,1,1,1,1,1,7.8,1.8,1
4763,0.65,0.2,4,5,10000000,1e-07,50.015625,50.015625,50,50,50,51,1,1,1,1,1,7.8,1.8,1
4764,0.65,0.2,4,6,400000,2.5e-06,2.1875,2.203125,2,2,2,2,0,0,0,0,0,6.8,0.8,0
4765,0.65,0.2,4,6,600000,1.66666666666667e-06,3.40625,3.40625,3,3,3,4,0.25,0,0,0,1,6.8,0.8,1
4766,0.65,0.2,4,6,800000,1.25e-06,4.59375,4.609375,4,4,4,5,1,1,1,1,1,6.8,0.8,1
4767,0.65,0.2,4,6,1000000,1e-06,6,6,6,6,6,6,1,1,1,1,1,6.8,0.8,1
4768,0.65,0.2,4,6,1250000,8e-07,7.265625,7.265625,7,7,7,8,1,1,1,1,1,6.8,0.8,1
4769,0.65,0.2,4,6,1600000,6.25e-07,9.390625,9.40625,9,9,9,10,1,1,1,1,1,6.8,0.8,1
4770,0.65,0.2,4,6,2000000,5e-07,12,12,12,12,12,12,1,1,1,1,1,6.8,0.8,1
4771,0.65,0.2,4,6,2500000,4e-07,15,15,15,15,15,15,1,1,1,1,1,6.8,0.8,1
4772,0.65,0.2,4,6,3200000,3.125e-07,19,19,19,19,19,19,1,1,1,1,1,6.8,0.8,1
4773,0.65,0.2,4,6,5000000,2e-07,30.015625,30.015625,30,30,30,31,1,1,1,1,1,6.8,0.8,1
4774,0.65,0.2,4,6,10000000,1e-07,60.015625,60.015625,60,60,60,61,1,1,1,1,1,6.8,0.8,1
4775,0.65,0.2,5,1,400000,2.5e-06,0.1875,0.203125,0,0,0,0,0,0,0,0,0,11.8,5.8,0
4776,0.65,0.2,5,1,600000,1.66666666666667e-06,0.40625,0.40625,0,0,0,1,0,0,0,0,0,11.8,5.8,0
4777,0.65,0.2,5,1,800000,1.25e-06,0.59375,0.609375,0,0,0,1,0,0,0,0,0,11.8,5.8,0
4778,0.65,0.2,5,1,1000000,1e-06,1,1,1,1,1,1,0,0,0,0,0,11.8,5.8,0
4779,0.65,0.2,5,1,1250000,8e-07,1.015625,1.015625,1,1,1,1,0,0,0,0,0,11.8,5.8,0
4780,0.65,0.2,5,1,1600000,6.25e-07,1.390625,1.40625,1,1,1,2,0,0,0,0,0,11.8,5.8,0
4781,0.65,0.2,5,1,2000000,5e-07,2,2,2,2,2,2,0,0,0,0,0,11.8,5.8,0
4782,0.65,0.2,5,1,2500000,4e-07,2.03125,2.03125,2,2,2,3,0,0,0,0,0,11.8,5.8,0
4783,0.65,0.2,5,1,3200000,3.125e-07,3,3,3,3,3,3,0,0,0,0,0,11.8,5.8,0
4784,0.65,0.2,5,1,5000000,2e-07,5.015625,5.015625,5,5,5,6,1,1,1,1,1,11.8,5.8,1
4785,0.65,0.2,5,1,10000000,1e-07,10.015625,10.015625,10,10,10,11,1,1,1,1,1,11.8,5.8,1
4786,0.65,0.2,5,1.5,400000,2.5e-06,0.390625,0.40625,0,0,0,1,0,0,0,0,0,11.3,5.3,0
4787,0.65,0.2,5,1.5,600000,1.66666666666667e-06,0.8125,0.8125,0,0,0,1,0,0,0,0,0,11.3,5.3,0
4788,0.65,0.2,5,1.5,800000,1.25e-06,1,1,1,1,1,1,0,0,0,0,0,11.3,5.3,0
4789,0.65,0.2,5,1.5,1000000,1e-06,1.5,1.5,1,1,1,2,0,0,0,0,0,11.3,5.3,0
4790,0.65,0.2,5,1.5,1250000,8e-07,1.78125,1.78125,1,1,1,2,0,0,0,0,0,11.3,5.3,0
4791,0.65,0.2,5,1.5,1600000,6.25e-07,2.203125,2.203125,2,2,2,3,0,0,0,0,0,11.3,5.3,0
4792,0.65,0.2,5,1.5,2000000,5e-07,3,3,3,3,3,3,0,0,0,0,0,11.3,5.3,0
4793,0.65,0.2,5,1.5,2500000,4e-07,3.53125,3.53125,3,3,3,4,0,0,0,0,0,11.3,5.3,0
4794,0.65,0.2,5,1.5,3200000,3.125e-07,4.609375,4.609375,4,4,4,5,0.453125,0,0,0,1,11.3,5.3,1
4795,0.65,0.2,5,1.5,5000000,2e-07,7.515625,7.515625,7,7,7,8,1,1,1,1,1,11.3,5.3,1
4796,0.65,0.2,5,1.5,10000000,1e-07,15.015625,15.015625,15,15,15,16,1,1,1,1,1,11.3,5.3,1
4797,0.65,0.2,5,2,400000,2.5e-06,0.59375,0.609375,0,0,0,1,0,0,0,0,0,10.8,4.8,0
4798,0.65,0.2,5,2,600000,1.66666666666667e-06,1,1,1,1,1,1,0,0,0,0,0,10.8,4.8,0
4799,0.65,0.2,5,2,800000,1.25e-06,1.203125,1.203125,1,1,1,2,0,0,0,0,0,10.8,4.8,0
4800,0.65,0.2,5,2,1000000,1e-06,2,2,2,2,2,2,0,0,0,0,0,10.8,4.8,0
4801,0.65,0.2,5,2,1250000,8e-07,2.265625,2.265625,2,2,2,3,0,0,0,0,0,10.8,4.8,0
4802,0.65,0.2,5,2,1600000,6.25e-07,3,3,3,3,3,3,0,0,0,0,0,10.8,4.8,0
4803,0.65,0.2,5,2,2000000,5e-07,4,4,4,4,4,4,0,0,0,0,0,10.8,4.8,1
4804,0.65,0.2,5,2,2500000,4e-07,5,5,5,5,5,5,1,1,1,1,1,10.8,4.8,1
4805,0.65,0.2,5,2,3200000,3.125e-07,6,6,6,6,6,6,1,1,1,1,1,10.8,4.8,1
4806,0.65,0.2,5,2,5000000,2e-07,10.015625,10.015625,10,10,10,11,1,1,1,1,1,10.8,4.8,1
4807,0.65,0.2,5,2,10000000,1e-07,20.015625,20.015625,20,20,20,21,1,1,1,1,1,10.8,4.8,1
4808,0.65,0.2,5,2.5,400000,2.5e-06,1,1,1,1,1,1,0,0,0,0,0,10.3,4.3,0
4809,0.65,0.2,5,2.5,600000,1.66666666666667e-06,1.296875,1.296875,1,1,1,2,0,0,0,0,0,10.3,4.3,0
4810,0.65,0.2,5,2.5,800000,1.25e-06,2,2,2,2,2,2,0,0,0,0,0,10.3,4.3,0
4811,0.65,0.2,5,2.5,1000000,1e-06,2.5,2.5,2,2,2,3,0,0,0,0,0,10.3,4.3,0
4812,0.65,0.2,5,2.5,1250000,8e-07,3,3,3,3,3,3,0,0,0,0,0,10.3,4.3,0
4813,0.65,0.2,5,2.5,1600000,6.25e-07,4,4,4,4,4,4,0,0,0,0,0,10.3,4.3,1
4814,0.65,0.2,5,2.5,2000000,5e-07,5,5,5,5,5,5,1,1,1,1,1,10.3,4.3,1
4815,0.65,0.2,5,2.5,2500000,4e-07,6,6,6,6,6,6,1,1,1,1,1,10.3,4.3,1
4816,0.65,0.2,5,2.5,3200000,3.125e-07,8,8,8,8,8,8,1,1,1,1,1,10.3,4.3,1
4817,0.65,0.2,5,2.5,5000000,2e-07,12.515625,12.515625,12,12,12,13,1,1,1,1,1,10.3,4.3,1
4818,0.65,0.2,5,2.5,10000000,1e-07,25.015625,25.015625,25,25,25,26,1,1,1,1,1,10.3,4.3,1
4819,0.65,0.2,5,3,400000,2.5e-06,1,1,1,1,1,1,0,0,0,0,0,9.8,3.8,0
4820,0.65,0.2,5,3,600000,1.66666666666667e-06,1.59375,1.609375,1,1,1,2,0,0,0,0,0,9.8,3.8,0
4821,0.65,0.2,5,3,800000,1.25e-06,2,2,2,2,2,2,0,0,0,0,0,9.8,3.8,0
4822,0.65,0.2,5,3,1000000,1e-06,3,3,3,3,3,3,0,0,0,0,0,9.8,3.8,0
4823,0.65,0.2,5,3,1250000,8e-07,3.53125,3.53125,3,3,3,4,0,0,0,0,0,9.8,3.8,0
4824,0.65,0.2,5,3,1600000,6.25e-07,4.59375,4.59375,4,4,4,5,0.1875,0,0,0,1,9.8,3.8,1
4825,0.65,0.2,5,3,2000000,5e-07,6,6,6,6,6,6,1,1,1,1,1,9.8,3.8,1
4826,0.65,0.2,5,3,2500000,4e-07,7.03125,7.03125,7,7,7,8,1,1,1,1,1,9.8,3.8,1
4827,0.65,0.2,5,3,3200000,3.125e-07,9.203125,9.203125,9,9,9,10,1,1,1,1,1,9.8,3.8,1
4828,0.65,0.2,5,3,5000000,2e-07,15.015625,15.015625,15,15,15,16,1,1,1,1,1,9.8,3.8,1
4829,0.65,0.2,5,3,10000000,1e-07,30.015625,30.015625,30,30,30,31,1,1,1,1,1,9.8,3.8,1
4830,0.65,0.2,5,5,400000,2.5e-06,2,2,2,2,2,2,0,0,0,0,0,7.8,1.8,0
4831,0.65,0.2,5,5,600000,1.66666666666667e-06,3,3,3,3,3,3,0,0,0,0,0,7.8,1.8,0
4832,0.65,0.2,5,5,800000,1.25e-06,4,4,4,4,4,4,0,0,0,0,0,7.8,1.8,1
4833,0.65,0.2,5,5,1000000,1e-06,5,5,5,5,5,5,1,1,1,1,1,7.8,1.8,1
4834,0.65,0.2,5,5,1250000,8e-07,6.015625,6.015625,6,6,6,6,1,1,1,1,1,7.8,1.8,1
4835,0.65,0.2,5,5,1600000,6.25e-07,8,8,8,8,8,8,1,1,1,1,1,7.8,1.8,1
4836,0.65,0.2,5,5,2000000,5e-07,10,10,10,10,10,10,1,1,1,1,1,7.8,1.8,1
4837,0.65,0.2,5,5,2500000,4e-07,12.03125,12.03125,12,12,12,13,1,1,1,1,1,7.8,1.8,1
4838,0.65,0.2,5,5,3200000,3.125e-07,16,16,16,16,16,16,1,1,1,1,1,7.8,1.8,1
4839,0.65,0.2,5,5,5000000,2e-07,25.015625,25.015625,25,25,25,26,1,1,1,1,1,7.8,1.8,1
4840,0.65,0.2,5,5,10000000,1e-07,50.015625,50.015625,50,50,50,51,1,1,1,1,1,7.8,1.8,1
4841,0.65,0.2,5,6,400000,2.5e-06,2.1875,2.203125,2,2,2,2,0,0,0,0,0,6.8,0.8,0
4842,0.65,0.2,5,6,600000,1.66666666666667e-06,3.40625,3.40625,3,3,3,4,0,0,0,0,0,6.8,0.8,0
4843,0.65,0.2,5,6,800000,1.25e-06,4.59375,4.609375,4,4,4,5,0.359375,0,0,0,1,6.8,0.8,1
4844,0.65,0.2,5,6,1000000,1e-06,6,6,6,6,6,6,1,1,1,1,1,6.8,0.8,1
4845,0.65,0.2,5,6,1250000,8e-07,7.265625,7.265625,7,7,7,8,1,1,1,1,1,6.8,0.8,1
4846,0.65,0.2,5,6,1600000,6.25e-07,9.390625,9.40625,9,9,9,10,1,1,1,1,1,6.8,0.8,1
4847,0.65,0.2,5,6,2000000,5e-07,12,12,12,12,12,12,1,1,1,1,1,6.8,0.8,1
4848,0.65,0.2,5,6,2500000,4e-07,15,15,15,15,15,15,1,1,1,1,1,6.8,0.8,1
4849,0.65,0.2,5,6,3200000,3.125e-07,19,19,19,19,19,19,1,1,1,1,1,6.8,0.8,1
4850,0.65,0.2,5,6,5000000,2e-07,30.015625,30.015625,30,30,30,31,1,1,1,1,1,6.8,0.8,1
4851,0.65,0.2,5,6,10000000,1e-07,60.015625,60.015625,60,60,60,61,1,1,1,1,1,6.8,0.8,1
4852,0.65,0.2,6,1,400000,2.5e-06,0.1875,0.203125,0,0,0,0,0,0,0,0,0,11.8,5.8,0
4853,0.65,0.2,6,1,600000,1.66666666666667e-06,0.40625,0.40625,0,0,0,1,0,0,0,0,0,11.8,5.8,0
4854,0.65,0.2,6,1,800000,1.25e-06,0.59375,0.609375,0,0,0,1,0,0,0,0,0,11.8,5.8,0
4855,0.65,0.2,6,1,1000000,1e-06,1,1,1,1,1,1,0,0,0,0,0,11.8,5.8,0
4856,0.65,0.2,6,1,1250000,8e-07,1.015625,1.015625,1,1,1,1,0,0,0,0,0,11.8,5.8,0
4857,0.65,0.2,6,1,1600000,6.25e-07,1.390625,1.40625,1,1,1,2,0,0,0,0,0,11.8,5.8,0
4858,0.65,0.2,6,1,2000000,5e-07,2,2,2,2,2,2,0,0,0,0,0,11.8,5.8,0
4859,0.65,0.2,6,1,2500000,4e-07,2.03125,2.03125,2,2,2,3,0,0,0,0,0,11.8,5.8,0
4860,0.65,0.2,6,1,3200000,3.125e-07,3,3,3,3,3,3,0,0,0,0,0,11.8,5.8,0
4861,0.65,0.2,6,1,5000000,2e-07,5.015625,5.015625,5,5,5,6,0.015625,0,0,0,1,11.8,5.8,1
4862,0.65,0.2,6,1,10000000,1e-07,10.015625,10.015625,10,10,10,11,1,1,1,1,1,11.8,5.8,1
4863,0.65,0.2,6,1.5,400000,2.5e-06,0.390625,0.40625,0,0,0,1,0,0,0,0,0,11.3,5.3,0
4864,0.65,0.2,6,1.5,600000,1.66666666666667e-06,0.8125,0.8125,0,0,0,1,0,0,0,0,0,11.3,5.3,0
4865,0.65,0.2,6,1.5,800000,1.25e-06,1,1,1,1,1,1,0,0,0,0,0,11.3,5.3,0
4866,0.65,0.2,6,1.5,1000000,1e-06,1.5,1.5,1,1,1,2,0,0,0,0,0,11.3,5.3,0
4867,0.65,0.2,6,1.5,1250000,8e-07,1.78125,1.78125,1,1,1,2,0,0,0,0,0,11.3,5.3,0
4868,0.65,0.2,6,1.5,1600000,6.25e-07,2.203125,2.203125,2,2,2,3,0,0,0,0,0,11.3,5.3,0
4869,0.65,0.2,6,1.5,2000000,5e-07,3,3,3,3,3,3,0,0,0,0,0,11.3,5.3,0
4870,0.65,0.2,6,1.5,2500000,4e-07,3.53125,3.53125,3,3,3,4,0,0,0,0,0,11.3,5.3,0
4871,0.65,0.2,6,1.5,3200000,3.125e-07,4.609375,4.609375,4,4,4,5,0,0,0,0,0,11.3,5.3,0
4872,0.65,0.2,6,1.5,5000000,2e-07,7.515625,7.515625,7,7,7,8,1,1,1,1,1,11.3,5.3,1
4873,0.65,0.2,6,1.5,10000000,1e-07,15.015625,15.015625,15,15,15,16,1,1,1,1,1,11.3,5.3,1
4874,0.65,0.2,6,2,400000,2.5e-06,0.59375,0.609375,0,0,0,1,0,0,0,0,0,10.8,4.8,0
4875,0.65,0.2,6,2,600000,1.66666666666667e-06,1,1,1,1,1,1,0,0,0,0,0,10.8,4.8,0
4876,0.65,0.2,6,2,800000,1.25e-06,1.203125,1.203125,1,1,1,2,0,0,0,0,0,10.8,4.8,0
4877,0.65,0.2,6,2,1000000,1e-06,2,2,2,2,2,2,0,0,0,0,0,10.8,4.8,0
4878,0.65,0.2,6,2,1250000,8e-07,2.265625,2.265625,2,2,2,3,0,0,0,0,0,10.8,4.8,0
4879,0.65,0.2,6,2,1600000,6.25e-07,3,3,3,3,3,3,0,0,0,0,0,10.8,4.8,0
4880,0.65,0.2,6,2,2000000,5e-07,4,4,4,4,4,4,0,0,0,0,0,10.8,4.8,0
4881,0.65,0.2,6,2,2500000,4e-07,5,5,5,5,5,5,0,0,0,0,0,10.8,4.8,1
4882,0.65,0.2,6,2,3200000,3.125e-07,6,6,6,6,6,6,1,1,1,1,1,10.8,4.8,1
4883,0.65,0.2,6,2,5000000,2e-07,10.015625,10.015625,10,10,10,11,1,1,1,1,1,10.8,4.8,1
4884,0.65,0.2,6,2,10000000,1e-07,20.015625,20.015625,20,20,20,21,1,1,1,1,1,10.8,4.8,1
4885,0.65,0.2,6,2.5,400000,2.5e-06,1,1,1,1,1,1,0,0,0,0,0,10.3,4.3,0
4886,0.65,0.2,6,2.5,600000,1.66666666666667e-06,1.296875,1.296875,1,1,1,2,0,0,0,0,0,10.3,4.3,0
4887,0.65,0.2,6,2.5,800000,1.25e-06,2,2,2,2,2,2,0,0,0,0,0,10.3,4.3,0
4888,0.65,0.2,6,2.5,1000000,1e-06,2.5,2.5,2,2,2,3,0,0,0,0,0,10.3,4.3,0
4889,0.65,0.2,6,2.5,1250000,8e-07,3,3,3,3,3,3,0,0,0,0,0,10.3,4.3,0
4890,0.65,0.2,6,2.5,1600000,6.25e-07,4,4,4,4,4,4,0,0,0,0,0,10.3,4.3,0
4891,0.65,0.2,6,2.5,2000000,5e-07,5,5,5,5,5,5,0,0,0,0,0,10.3,4.3,1
4892,0.65,0.2,6,2.5,2500000,4e-07,6,6,6,6,6,6,1,1,1,1,1,10.3,4.3,1
4893,0.65,0.2,6,2.5,3200000,3.125e-07,8,8,8,8,8,8,1,1,1,1,1,10.3,4.3,1
4894,0.65,0.2,6,2.5,5000000,2e-07,12.515625,12.515625,12,12,12,13,1,1,1,1,1,10.3,4.3,1
4895,0.65,0.2,6,2.5,10000000,1e-07,25.015625,25.015625,25,25,25,26,1,1,1,1,1,10.3,4.3,1
4896,0.65,0.2,6,3,400000,2.5e-06,1,1,1,1,1,1,0,0,0,0,0,9.8,3.8,0
4897,0.65,0.2,6,3,600000,1.66666666666667e-06,1.59375,1.609375,1,1,1,2,0,0,0,0,0,9.8,3.8,0
4898,0.65,0.2,6,3,800000,1.25e-06,2,2,2,2,2,2,0,0,0,0,0,9.8,3.8,0
4899,0.65,0.2,6,3,1000000,1e-06,3,3,3,3,3,3,0,0,0,0,0,9.8,3.8,0
4900,0.65,0.2,6,3,1250000,8e-07,3.53125,3.53125,3,3,3,4,0,0,0,0,0,9.8,3.8,0
4901,0.65,0.2,6,3,1600000,6.25e-07,4.59375,4.59375,4,4,4,5,0,0,0,0,0,9.8,3.8,0
4902,0.65,0.2,6,3,2000000,5e-07,6,6,6,6,6,6,1,1,1,1,1,9.8,3.8,1
4903,0.65,0.2,6,3,2500000,4e-07,7.03125,7.03125,7,7,7,8,1,1,1,1,1,9.8,3.8,1
4904,0.65,0.2,6,3,3200000,3.125e-07,9.203125,9.203125,9,9,9,10,1,1,1,1,1,9.8,3.8,1
4905,0.65,0.2,6,3,5000000,2e-07,15.015625,15.015625,15,15,15,16,1,1,1,1,1,9.8,3.8,1
4906,0.65,0.2,6,3,10000000,1e-07,30.015625,30.015625,30,30,30,31,1,1,1,1,1,9.8,3.8,1
4907,0.65,0.2,6,5,400000,2.5e-06,2,2,2,2,2,2,0,0,0,0,0,7.8,1.8,0
4908,0.65,0.2,6,5,600000,1.66666666666667e-06,3,3,3,3,3,3,0,0,0,0,0,7.8,1.8,0
4909,0.65,0.2,6,5,800000,1.25e-06,4,4,4,4,4,4,0,0,0,0,0,7.8,1.8,0
4910,0.65,0.2,6,5,1000000,1e-06,5,5,5,5,5,5,0,0,0,0,0,7.8,1.8,1
4911,0.65,0.2,6,5,1250000,8e-07,6.015625,6.015625,6,6,6,6,1,1,1,1,1,7.8,1.8,1
4912,0.65,0.2,6,5,1600000,6.25e-07,8,8,8,8,8,8,1,1,1,1,1,7.8,1.8,1
4913,0.65,0.2,6,5,2000000,5e-07,10,10,10,10,10,10,1,1,1,1,1,7.8,1.8,1
4914,0.65,0.2,6,5,2500000,4e-07,12.03125,12.03125,12,12,12,13,1,1,1,1,1,7.8,1.8,1
4915,0.65,0.2,6,5,3200000,3.125e-07,16,16,16,16,16,16,1,1,1,1,1,7.8,1.8,1
4916,0.65,0.2,6,5,5000000,2e-07,25.015625,25.015625,25,25,25,26,1,1,1,1,1,7.8,1.8,1
4917,0.65,0.2,6,5,10000000,1e-07,50.015625,50.015625,50,50,50,51,1,1,1,1,1,7.8,1.8,1
4918,0.65,0.2,6,6,400000,2.5e-06,2.1875,2.203125,2,2,2,2,0,0,0,0,0,6.8,0.8,0
4919,0.65,0.2,6,6,600000,1.66666666666667e-06,3.40625,3.40625,3,3,3,4,0,0,0,0,0,6.8,0.8,0
4920,0.65,0.2,6,6,800000,1.25e-06,4.59375,4.609375,4,4,4,5,0,0,0,0,0,6.8,0.8,0
4921,0.65,0.2,6,6,1000000,1e-06,6,6,6,6,6,6,1,1,1,1,1,6.8,0.8,1
4922,0.65,0.2,6,6,1250000,8e-07,7.265625,7.265625,7,7,7,8,1,1,1,1,1,6.8,0.8,1
4923,0.65,0.2,6,6,1600000,6.25e-07,9.390625,9.40625,9,9,9,10,1,1,1,1,1,6.8,0.8,1
4924,0.65,0.2,6,6,2000000,5e-07,12,12,12,12,12,12,1,1,1,1,1,6.8,0.8,1
4925,0.65,0.2,6,6,2500000,4e-07,15,15,15,15,15,15,1,1,1,1,1,6.8,0.8,1
4926,0.65,0.2,6,6,3200000,3.125e-07,19,19,19,19,19,19,1,1,1,1,1,6.8,0.8,1
4927,0.65,0.2,6,6,5000000,2e-07,30.015625,30.015625,30,30,30,31,1,1,1,1,1,6.8,0.8,1
4928,0.65,0.2,6,6,10000000,1e-07,60.015625,60.015625,60,60,60,61,1,1,1,1,1,6.8,0.8,1
4929,0.65,0.5,3,1,400000,2.5e-06,0.203125,0.203125,0,0,0,0,0,0,0,0,0,11.5,5.5,0
4930,0.65,0.5,3,1,600000,1.66666666666667e-06,0.40625,0.390625,0,0,0,1,0,0,0,0,0,11.5,5.5,0
4931,0.65,0.5,3,1,800000,1.25e-06,0.609375,0.59375,0,0,0,1,0,0,0,0,0,11.5,5.5,0
4932,0.65,0.5,3,1,1000000,1e-06,1.015625,1.015625,1,1,1,2,0,0,0,0,0,11.5,5.5,0
4933,0.65,0.5,3,1,1250000,8e-07,1.015625,1.015625,1,1,1,1,0,0,0,0,0,11.5,5.5,0
4934,0.65,0.5,3,1,1600000,6.25e-07,1.40625,1.390625,1,1,1,2,0,0,0,0,0,11.5,5.5,0
4935,0.65,0.5,3,1,2000000,5e-07,2.015625,2.015625,2,2,2,3,0.015625,0,0,0,1,11.5,5.5,1
4936,0.65,0.5,3,1,2500000,4e-07,2.03125,2.03125,2,2,2,3,0.03125,0,0,0,1,11.5,5.5,1
4937,0.65,0.5,3,1,3200000,3.125e-07,3,3,3,3,3,3,1,1,1,1,1,11.5,5.5,1
4938,0.65,0.5,3,1,5000000,2e-07,5.015625,5.015625,5,5,5,6,1,1,1,1,1,11.5,5.5,1
4939,0.65,0.5,3,1,10000000,1e-07,10.015625,10.015625,10,10,10,11,1,1,1,1,1,11.5,5.5,1
4940,0.65,0.5,3,1.5,400000,2.5e-06,0.40625,0.40625,0,0,0,1,0,0,0,0,0,11,5,0
4941,0.65,0.5,3,1.5,600000,1.66666666666667e-06,0.796875,0.796875,0,0,0,1,0,0,0,0,0,11,5,0
4942,0.65,0.5,3,1.5,800000,1.25e-06,1,1,1,1,1,1,0,0,0,0,0,11,5,0
4943,0.65,0.5,3,1.5,1000000,1e-06,1.515625,1.515625,1,1,1,2,0,0,0,0,0,11,5,0
4944,0.65,0.5,3,1.5,1250000,8e-07,1.78125,1.78125,1,1,1,2,0,0,0,0,0,11,5,0
4945,0.65,0.5,3,1.5,1600000,6.25e-07,2.203125,2.203125,2,2,2,3,0.203125,0,0,0,1,11,5,1
4946,0.65,0.5,3,1.5,2000000,5e-07,3.015625,3.015625,3,3,3,4,1,1,1,1,1,11,5,1
4947,0.65,0.5,3,1.5,2500000,4e-07,3.53125,3.53125,3,3,3,4,1,1,1,1,1,11,5,1
4948,0.65,0.5,3,1.5,3200000,3.125e-07,4.609375,4.609375,4,4,4,5,1,1,1,1,1,11,5,1
4949,0.65,0.5,3,1.5,5000000,2e-07,7.515625,7.515625,7,7,7,8,1,1,1,1,1,11,5,1
4950,0.65,0.5,3,1.5,10000000,1e-07,15.015625,15.015625,15,15,15,16,1,1,1,1,1,11,5,1
4951,0.65,0.5,3,2,400000,2.5e-06,0.625,0.609375,0,0,0,1,0,0,0,0,0,10.5,4.5,0
4952,0.65,0.5,3,2,600000,1.66666666666667e-06,1.015625,1,1,1,1,1,0,0,0,0,0,10.5,4.5,0
4953,0.65,0.5,3,2,800000,1.25e-06,1.21875,1.203125,1,1,1,2,0,0,0,0,0,10.5,4.5,0
4954,0.65,0.5,3,2,1000000,1e-06,2.015625,2.015625,2,2,2,3,0.015625,0,0,0,1,10.5,4.5,1
4955,0.65,0.5,3,2,1250000,8e-07,2.265625,2.265625,2,2,2,3,0.015625,0,0,0,1,10.5,4.5,1
4956,0.65,0.5,3,2,1600000,6.25e-07,3.015625,3,3,3,3,3,1,1,1,1,1,10.5,4.5,1
4957,0.65,0.5,3,2,2000000,5e-07,4.015625,4.015625,4,4,4,5,1,1,1,1,1,10.5,4.5,1
4958,0.65,0.5,3,2,2500000,4e-07,5,5,5,5,5,5,1,1,1,1,1,10.5,4.5,1
4959,0.65,0.5,3,2,3200000,3.125e-07,6.015625,6,6,6,6,6,1,1,1,1,1,10.5,4.5,1
4960,0.65,0.5,3,2,5000000,2e-07,10.015625,10.015625,10,10,10,11,1,1,1,1,1,10.5,4.5,1
4961,0.65,0.5,3,2,10000000,1e-07,20.015625,20.015625,20,20,20,21,1,1,1,1,1,10.5,4.5,1
4962,0.65,0.5,3,2.5,400000,2.5e-06,1,1,1,1,1,1,0,0,0,0,0,10,4,0
4963,0.65,0.5,3,2.5,600000,1.66666666666667e-06,1.3125,1.296875,1,1,1,2,0,0,0,0,0,10,4,0
4964,0.65,0.5,3,2.5,800000,1.25e-06,2,2,2,2,2,2,0,0,0,0,0,10,4,1
4965,0.65,0.5,3,2.5,1000000,1e-06,2.515625,2.515625,2,2,2,3,0.03125,0,0,0,1,10,4,1
4966,0.65,0.5,3,2.5,1250000,8e-07,3,3,3,3,3,3,1,1,1,1,1,10,4,1
4967,0.65,0.5,3,2.5,1600000,6.25e-07,4,4,4,4,4,4,1,1,1,1,1,10,4,1
4968,0.65,0.5,3,2.5,2000000,5e-07,5.015625,5.015625,5,5,5,6,1,1,1,1,1,10,4,1
4969,0.65,0.5,3,2.5,2500000,4e-07,6,6,6,6,6,6,1,1,1,1,1,10,4,1
4970,0.65,0.5,3,2.5,3200000,3.125e-07,8,8,8,8,8,8,1,1,1,1,1,10,4,1
4971,0.65,0.5,3,2.5,5000000,2e-07,12.515625,12.515625,12,12,12,13,1,1,1,1,1,10,4,1
4972,0.65,0.5,3,2.5,10000000,1e-07,25.015625,25.015625,25,25,25,26,1,1,1,1,1,10,4,1
4973,0.65,0.5,3,3,400000,2.5e-06,1,1,1,1,1,1,0,0,0,0,0,9.5,3.5,0
4974,0.65,0.5,3,3,600000,1.66666666666667e-06,1.609375,1.59375,1,1,1,2,0,0,0,0,0,9.5,3.5,0
4975,0.65,0.5,3,3,800000,1.25e-06,2,2,2,2,2,2,0,0,0,0,0,9.5,3.5,1
4976,0.65,0.5,3,3,1000000,1e-06,3.015625,3.015625,3,3,3,4,1,1,1,1,1,9.5,3.5,1
4977,0.65,0.5,3,3,1250000,8e-07,3.53125,3.53125,3,3,3,4,1,1,1,1,1,9.5,3.5,1
4978,0.65,0.5,3,3,1600000,6.25e-07,4.609375,4.59375,4,4,4,5,1,1,1,1,1,9.5,3.5,1
4979,0.65,0.5,3,3,2000000,5e-07,6.015625,6.015625,6,6,6,7,1,1,1,1,1,9.5,3.5,1
4980,0.65,0.5,3,3,2500000,4e-07,7.03125,7.03125,7,7,7,8,1,1,1,1,1,9.5,3.5,1
4981,0.65,0.5,3,3,3200000,3.125e-07,9.203125,9.203125,9,9,9,9,1,1,1,1,1,9.5,3.5,1
4982,0.65,0.5,3,3,5000000,2e-07,15.015625,15.015625,15,15,15,16,1,1,1,1,1,9.5,3.5,1
4983,0.65,0.5,3,3,10000000,1e-07,30.015625,30.015625,30,30,30,31,1,1,1,1,1,9.5,3.5,1
4984,0.65,0.5,3,5,400000,2.5e-06,2,2,2,2,2,2,0,0,0,0,0,7.5,1.5,1
4985,0.65,0.5,3,5,600000,1.66666666666667e-06,3,3,3,3,3,3,1,1,1,1,1,7.5,1.5,1
4986,0.65,0.5,3,5,800000,1.25e-06,4,4,4,4,4,4,1,1,1,1,1,7.5,1.5,1
4987,0.65,0.5,3,5,1000000,1e-06,5.015625,5.015625,5,5,5,6,1,1,1,1,1,7.5,1.5,1
4988,0.65,0.5,3,5,1250000,8e-07,6.015625,6.015625,6,6,6,6,1,1,1,1,1,7.5,1.5,1
4989,0.65,0.5,3,5,1600000,6.25e-07,8,8,8,8,8,8,1,1,1,1,1,7.5,1.5,1
4990,0.65,0.5,3,5,2000000,5e-07,10.015625,10.015625,10,10,10,11,1,1,1,1,1,7.5,1.5,1
4991,0.65,0.5,3,5,2500000,4e-07,12.03125,12.03125,12,12,12,13,1,1,1,1,1,7.5,1.5,1
4992,0.65,0.5,3,5,3200000,3.125e-07,16,16,16,16,16,16,1,1,1,1,1,7.5,1.5,1
4993,0.65,0.5,3,5,5000000,2e-07,25.015625,25.015625,25,25,25,26,1,1,1,1,1,7.5,1.5,1
4994,0.65,0.5,3,5,10000000,1e-07,50.015625,50.015625,50,50,50,51,1,1,1,1,1,7.5,1.5,1
4995,0.65,0.5,3,6,400000,2.5e-06,2.203125,2.203125,2,2,2,2,0,0,0,0,0,6.5,0.499999999999999,1
4996,0.65,0.5,3,6,600000,1.66666666666667e-06,3.40625,3.390625,3,3,3,4,1,1,1,1,1,6.5,0.499999999999999,1
4997,0.65,0.5,3,6,800000,1.25e-06,4.609375,4.59375,4,4,4,5,1,1,1,1,1,6.5,0.499999999999999,1
4998,0.65,0.5,3,6,1000000,1e-06,6.015625,6.015625,6,6,6,7,1,1,1,1,1,6.5,0.499999999999999,1
4999,0.65,0.5,3,6,1250000,8e-07,7.265625,7.265625,7,7,7,8,1,1,1,1,1,6.5,0.499999999999999,1
5000,0.65,0.5,3,6,1600000,6.25e-07,9.40625,9.390625,9,9,9,10,1,1,1,1,1,6.5,0.499999999999999,1
5001,0.65,0.5,3,6,2000000,5e-07,12.015625,12.015625,12,12,12,13,1,1,1,1,1,6.5,0.499999999999999,1
5002,0.65,0.5,3,6,2500000,4e-07,15,15,15,15,15,15,1,1,1,1,1,6.5,0.499999999999999,1
5003,0.65,0.5,3,6,3200000,3.125e-07,19,19,19,19,19,19,1,1,1,1,1,6.5,0.499999999999999,1
5004,0.65,0.5,3,6,5000000,2e-07,30.015625,30.015625,30,30,30,31,1,1,1,1,1,6.5,0.499999999999999,1
5005,0.65,0.5,3,6,10000000,1e-07,60.015625,60.015625,60,60,60,61,1,1,1,1,1,6.5,0.499999999999999,1
5006,0.65,0.5,4,1,400000,2.5e-06,0.203125,0.203125,0,0,0,0,0,0,0,0,0,11.5,5.5,0
5007,0.65,0.5,4,1,600000,1.66666666666667e-06,0.40625,0.390625,0,0,0,1,0,0,0,0,0,11.5,5.5,0
5008,0.65,0.5,4,1,800000,1.25e-06,0.609375,0.59375,0,0,0,1,0,0,0,0,0,11.5,5.5,0
5009,0.65,0.5,4,1,1000000,1e-06,1.015625,1.015625,1,1,1,2,0,0,0,0,0,11.5,5.5,0
5010,0.65,0.5,4,1,1250000,8e-07,1.015625,1.015625,1,1,1,1,0,0,0,0,0,11.5,5.5,0
5011,0.65,0.5,4,1,1600000,6.25e-07,1.40625,1.390625,1,1,1,2,0,0,0,0,0,11.5,5.5,0
5012,0.65,0.5,4,1,2000000,5e-07,2.015625,2.015625,2,2,2,3,0,0,0,0,0,11.5,5.5,0
5013,0.65,0.5,4,1,2500000,4e-07,2.03125,2.03125,2,2,2,3,0,0,0,0,0,11.5,5.5,0
5014,0.65,0.5,4,1,3200000,3.125e-07,3,3,3,3,3,3,0,0,0,0,0,11.5,5.5,1
5015,0.65,0.5,4,1,5000000,2e-07,5.015625,5.015625,5,5,5,6,1,1,1,1,1,11.5,5.5,1
5016,0.65,0.5,4,1,10000000,1e-07,10.015625,10.015625,10,10,10,11,1,1,1,1,1,11.5,5.5,1
5017,0.65,0.5,4,1.5,400000,2.5e-06,0.40625,0.40625,0,0,0,1,0,0,0,0,0,11,5,0
5018,0.65,0.5,4,1.5,600000,1.66666666666667e-06,0.796875,0.796875,0,0,0,1,0,0,0,0,0,11,5,0
5019,0.65,0.5,4,1.5,800000,1.25e-06,1,1,1,1,1,1,0,0,0,0,0,11,5,0
5020,0.65,0.5,4,1.5,1000000,1e-06,1.515625,1.515625,1,1,1,2,0,0,0,0,0,11,5,0
5021,0.65,0.5,4,1.5,1250000,8e-07,1.78125,1.78125,1,1,1,2,0,0,0,0,0,11,5,0
5022,0.65,0.5,4,1.5,1600000,6.25e-07,2.203125,2.203125,2,2,2,3,0,0,0,0,0,11,5,0
5023,0.65,0.5,4,1.5,2000000,5e-07,3.015625,3.015625,3,3,3,4,0.015625,0,0,0,1,11,5,1
5024,0.65,0.5,4,1.5,2500000,4e-07,3.53125,3.53125,3,3,3,4,0.0625,0,0,0,1,11,5,1
5025,0.65,0.5,4,1.5,3200000,3.125e-07,4.609375,4.609375,4,4,4,5,1,1,1,1,1,11,5,1
5026,0.65,0.5,4,1.5,5000000,2e-07,7.515625,7.515625,7,7,7,8,1,1,1,1,1,11,5,1
5027,0.65,0.5,4,1.5,10000000,1e-07,15.015625,15.015625,15,15,15,16,1,1,1,1,1,11,5,1
5028,0.65,0.5,4,2,400000,2.5e-06,0.625,0.609375,0,0,0,1,0,0,0,0,0,10.5,4.5,0
5029,0.65,0.5,4,2,600000,1.66666666666667e-06,1.015625,1,1,1,1,1,0,0,0,0,0,10.5,4.5,0
5030,0.65,0.5,4,2,800000,1.25e-06,1.21875,1.203125,1,1,1,2,0,0,0,0,0,10.5,4.5,0
5031,0.65,0.5,4,2,1000000,1e-06,2.015625,2.015625,2,2,2,3,0,0,0,0,0,10.5,4.5,0
5032,0.65,0.5,4,2,1250000,8e-07,2.265625,2.265625,2,2,2,3,0,0,0,0,0,10.5,4.5,0
5033,0.65,0.5,4,2,1600000,6.25e-07,3.015625,3,3,3,3,3,0,0,0,0,0,10.5,4.5,1
5034,0.65,0.5,4,2,2000000,5e-07,4.015625,4.015625,4,4,4,5,1,1,1,1,1,10.5,4.5,1
5035,0.65,0.5,4,2,2500000,4e-07,5,5,5,5,5,5,1,1,1,1,1,10.5,4.5,1
5036,0.65,0.5,4,2,3200000,3.125e-07,6.015625,6,6,6,6,6,1,1,1,1,1,10.5,4.5,1
5037,0.65,0.5,4,2,5000000,2e-07,10.015625,10.015625,10,10,10,11,1,1,1,1,1,10.5,4.5,1
5038,0.65,0.5,4,2,10000000,1e-07,20.015625,20.015625,20,20,20,21,1,1,1,1,1,10.5,4.5,1
5039,0.65,0.5,4,2.5,400000,2.5e-06,1,1,1,1,1,1,0,0,0,0,0,10,4,0
5040,0.65,0.5,4,2.5,600000,1.66666666666667e-06,1.3125,1.296875,1,1,1,2,0,0,0,0,0,10,4,0
5041,0.65,0.5,4,2.5,800000,1.25e-06,2,2,2,2,2,2,0,0,0,0,0,10,4,0
5042,0.65,0.5,4,2.5,1000000,1e-06,2.515625,2.515625,2,2,2,3,0,0,0,0,0,10,4,0
5043,0.65,0.5,4,2.5,1250000,8e-07,3,3,3,3,3,3,0,0,0,0,0,10,4,1
5044,0.65,0.5,4,2.5,1600000,6.25e-07,4,4,4,4,4,4,1,1,1,1,1,10,4,1
5045,0.65,0.5,4,2.5,2000000,5e-07,5.015625,5.015625,5,5,5,6,1,1,1,1,1,10,4,1
5046,0.65,0.5,4,2.5,2500000,4e-07,6,6,6,6,6,6,1,1,1,1,1,10,4,1
5047,0.65,0.5,4,2.5,3200000,3.125e-07,8,8,8,8,8,8,1,1,1,1,1,10,4,1
5048,0.65,0.5,4,2.5,5000000,2e-07,12.515625,12.515625,12,12,12,13,1,1,1,1,1,10,4,1
5049,0.65,0.5,4,2.5,10000000,1e-07,25.015625,25.015625,25,25,25,26,1,1,1,1,1,10,4,1
5050,0.65,0.5,4,3,400000,2.5e-06,1,1,1,1,1,1,0,0,0,0,0,9.5,3.5,0
5051,0.65,0.5,4,3,600000,1.66666666666667e-06,1.609375,1.59375,1,1,1,2,0,0,0,0,0,9.5,3.5,0
5052,0.65,0.5,4,3,800000,1.25e-06,2,2,2,2,2,2,0,0,0,0,0,9.5,3.5,0
5053,0.65,0.5,4,3,1000000,1e-06,3.015625,3.015625,3,3,3,4,0.015625,0,0,0,1,9.5,3.5,1
5054,0.65,0.5,4,3,1250000,8e-07,3.53125,3.53125,3,3,3,4,0.53125,1,0,0,1,9.5,3.5,1
5055,0.65,0.5,4,3,1600000,6.25e-07,4.609375,4.59375,4,4,4,5,1,1,1,1,1,9.5,3.5,1
5056,0.65,0.5,4,3,2000000,5e-07,6.015625,6.015625,6,6,6,7,1,1,1,1,1,9.5,3.5,1
5057,0.65,0.5,4,3,2500000,4e-07,7.03125,7.03125,7,7,7,8,1,1,1,1,1,9.5,3.5,1
5058,0.65,0.5,4,3,3200000,3.125e-07,9.203125,9.203125,9,9,9,9,1,1,1,1,1,9.5,3.5,1
5059,0.65,0.5,4,3,5000000,2e-07,15.015625,15.015625,15,15,15,16,1,1,1,1,1,9.5,3.5,1
5060,0.65,0.5,4,3,10000000,1e-07,30.015625,30.015625,30,30,30,31,1,1,1,1,1,9.5,3.5,1
5061,0.65,0.5,4,5,400000,2.5e-06,2,2,2,2,2,2,0,0,0,0,0,7.5,1.5,0
5062,0.65,0.5,4,5,600000,1.66666666666667e-06,3,3,3,3,3,3,0,0,0,0,0,7.5,1.5,1
5063,0.65,0.5,4,5,800000,1.25e-06,4,4,4,4,4,4,1,1,1,1,1,7.5,1.5,1
5064,0.65,0.5,4,5,1000000,1e-06,5.015625,5.015625,5,5,5,6,1,1,1,1,1,7.5,1.5,1
5065,0.65,0.5,4,5,1250000,8e-07,6.015625,6.015625,6,6,6,6,1,1,1,1,1,7.5,1.5,1
5066,0.65,0.5,4,5,1600000,6.25e-07,8,8,8,8,8,8,1,1,1,1,1,7.5,1.5,1
5067,0.65,0.5,4,5,2000000,5e-07,10.015625,10.015625,10,10,10,11,1,1,1,1,1,7.5,1.5,1
5068,0.65,0.5,4,5,2500000,4e-07,12.03125,12.03125,12,12,12,13,1,1,1,1,1,7.5,1.5,1
5069,0.65,0.5,4,5,3200000,3.125e-07,16,16,16,16,16,16,1,1,1,1,1,7.5,1.5,1
5070,0.65,0.5,4,5,5000000,2e-07,25.015625,25.015625,25,25,25,26,1,1,1,1,1,7.5,1.5,1
5071,0.65,0.5,4,5,10000000,1e-07,50.015625,50.015625,50,50,50,51,1,1,1,1,1,7.5,1.5,1
5072,0.65,0.5,4,6,400000,2.5e-06,2.203125,2.203125,2,2,2,2,0,0,0,0,0,6.5,0.499999999999999,0
5073,0.65,0.5,4,6,600000,1.66666666666667e-06,3.40625,3.390625,3,3,3,4,0.203125,0,0,0,1,6.5,0.499999999999999,1
5074,0.65,0.5,4,6,800000,1.25e-06,4.609375,4.59375,4,4,4,5,1,1,1,1,1,6.5,0.499999999999999,1
5075,0.65,0.5,4,6,1000000,1e-06,6.015625,6.015625,6,6,6,7,1,1,1,1,1,6.5,0.499999999999999,1
5076,0.65,0.5,4,6,1250000,8e-07,7.265625,7.265625,7,7,7,8,1,1,1,1,1,6.5,0.499999999999999,1
5077,0.65,0.5,4,6,1600000,6.25e-07,9.40625,9.390625,9,9,9,10,1,1,1,1,1,6.5,0.499999999999999,1
5078,0.65,0.5,4,6,2000000,5e-07,12.015625,12.015625,12,12,12,13,1,1,1,1,1,6.5,0.499999999999999,1
5079,0.65,0.5,4,6,2500000,4e-07,15,15,15,15,15,15,1,1,1,1,1,6.5,0.499999999999999,1
5080,0.65,0.5,4,6,3200000,3.125e-07,19,19,19,19,19,19,1,1,1,1,1,6.5,0.499999999999999,1
5081,0.65,0.5,4,6,5000000,2e-07,30.015625,30.015625,30,30,30,31,1,1,1,1,1,6.5,0.499999999999999,1
5082,0.65,0.5,4,6,10000000,1e-07,60.015625,60.015625,60,60,60,61,1,1,1,1,1,6.5,0.499999999999999,1
5083,0.65,0.5,5,1,400000,2.5e-06,0.203125,0.203125,0,0,0,0,0,0,0,0,0,11.5,5.5,0
5084,0.65,0.5,5,1,600000,1.66666666666667e-06,0.40625,0.390625,0,0,0,1,0,0,0,0,0,11.5,5.5,0
5085,0.65,0.5,5,1,800000,1.25e-06,0.609375,0.59375,0,0,0,1,0,0,0,0,0,11.5,5.5,0
5086,0.65,0.5,5,1,1000000,1e-06,1.015625,1.015625,1,1,1,2,0,0,0,0,0,11.5,5.5,0
5087,0.65,0.5,5,1,1250000,8e-07,1.015625,1.015625,1,1,1,1,0,0,0,0,0,11.5,5.5,0
5088,0.65,0.5,5,1,1600000,6.25e-07,1.40625,1.390625,1,1,1,2,0,0,0,0,0,11.5,5.5,0
5089,0.65,0.5,5,1,2000000,5e-07,2.015625,2.015625,2,2,2,3,0,0,0,0,0,11.5,5.5,0
5090,0.65,0.5,5,1,2500000,4e-07,2.03125,2.03125,2,2,2,3,0,0,0,0,0,11.5,5.5,0
5091,0.65,0.5,5,1,3200000,3.125e-07,3,3,3,3,3,3,0,0,0,0,0,11.5,5.5,0
5092,0.65,0.5,5,1,5000000,2e-07,5.015625,5.015625,5,5,5,6,1,1,1,1,1,11.5,5.5,1
5093,0.65,0.5,5,1,10000000,1e-07,10.015625,10.015625,10,10,10,11,1,1,1,1,1,11.5,5.5,1
5094,0.65,0.5,5,1.5,400000,2.5e-06,0.40625,0.40625,0,0,0,1,0,0,0,0,0,11,5,0
5095,0.65,0.5,5,1.5,600000,1.66666666666667e-06,0.796875,0.796875,0,0,0,1,0,0,0,0,0,11,5,0
5096,0.65,0.5,5,1.5,800000,1.25e-06,1,1,1,1,1,1,0,0,0,0,0,11,5,0
5097,0.65,0.5,5,1.5,1000000,1e-06,1.515625,1.515625,1,1,1,2,0,0,0,0,0,11,5,0
5098,0.65,0.5,5,1.5,1250000,8e-07,1.78125,1.78125,1,1,1,2,0,0,0,0,0,11,5,0
5099,0.65,0.5,5,1.5,1600000,6.25e-07,2.203125,2.203125,2,2,2,3,0,0,0,0,0,11,5,0
5100,0.65,0.5,5,1.5,2000000,5e-07,3.015625,3.015625,3,3,3,4,0,0,0,0,0,11,5,0
5101,0.65,0.5,5,1.5,2500000,4e-07,3.53125,3.53125,3,3,3,4,0,0,0,0,0,11,5,0
5102,0.65,0.5,5,1.5,3200000,3.125e-07,4.609375,4.609375,4,4,4,5,0.609375,1,0,0,1,11,5,1
5103,0.65,0.5,5,1.5,5000000,2e-07,7.515625,7.515625,7,7,7,8,1,1,1,1,1,11,5,1
5104,0.65,0.5,5,1.5,10000000,1e-07,15.015625,15.015625,15,15,15,16,1,1,1,1,1,11,5,1
5105,0.65,0.5,5,2,400000,2.5e-06,0.625,0.609375,0,0,0,1,0,0,0,0,0,10.5,4.5,0
5106,0.65,0.5,5,2,600000,1.66666666666667e-06,1.015625,1,1,1,1,1,0,0,0,0,0,10.5,4.5,0
5107,0.65,0.5,5,2,800000,1.25e-06,1.21875,1.203125,1,1,1,2,0,0,0,0,0,10.5,4.5,0
5108,0.65,0.5,5,2,1000000,1e-06,2.015625,2.015625,2,2,2,3,0,0,0,0,0,10.5,4.5,0
5109,0.65,0.5,5,2,1250000,8e-07,2.265625,2.265625,2,2,2,3,0,0,0,0,0,10.5,4.5,0
5110,0.65,0.5,5,2,1600000,6.25e-07,3.015625,3,3,3,3,3,0,0,0,0,0,10.5,4.5,0
5111,0.65,0.5,5,2,2000000,5e-07,4.015625,4.015625,4,4,4,5,0.015625,0,0,0,1,10.5,4.5,1
5112,0.65,0.5,5,2,2500000,4e-07,5,5,5,5,5,5,1,1,1,1,1,10.5,4.5,1
5113,0.65,0.5,5,2,3200000,3.125e-07,6.015625,6,6,6,6,6,1,1,1,1,1,10.5,4.5,1
5114,0.65,0.5,5,2,5000000,2e-07,10.015625,10.015625,10,10,10,11,1,1,1,1,1,10.5,4.5,1
5115,0.65,0.5,5,2,10000000,1e-07,20.015625,20.015625,20,20,20,21,1,1,1,1,1,10.5,4.5,1
5116,0.65,0.5,5,2.5,400000,2.5e-06,1,1,1,1,1,1,0,0,0,0,0,10,4,0
5117,0.65,0.5,5,2.5,600000,1.66666666666667e-06,1.3125,1.296875,1,1,1,2,0,0,0,0,0,10,4,0
5118,0.65,0.5,5,2.5,800000,1.25e-06,2,2,2,2,2,2,0,0,0,0,0,10,4,0
5119,0.65,0.5,5,2.5,1000000,1e-06,2.515625,2.515625,2,2,2,3,0,0,0,0,0,10,4,0
5120,0.65,0.5,5,2.5,1250000,8e-07,3,3,3,3,3,3,0,0,0,0,0,10,4,0
5121,0.65,0.5,5,2.5,1600000,6.25e-07,4,4,4,4,4,4,0,0,0,0,0,10,4,1
5122,0.65,0.5,5,2.5,2000000,5e-07,5.015625,5.015625,5,5,5,6,1,1,1,1,1,10,4,1
5123,0.65,0.5,5,2.5,2500000,4e-07,6,6,6,6,6,6,1,1,1,1,1,10,4,1
5124,0.65,0.5,5,2.5,3200000,3.125e-07,8,8,8,8,8,8,1,1,1,1,1,10,4,1
5125,0.65,0.5,5,2.5,5000000,2e-07,12.515625,12.515625,12,12,12,13,1,1,1,1,1,10,4,1
5126,0.65,0.5,5,2.5,10000000,1e-07,25.015625,25.015625,25,25,25,26,1,1,1,1,1,10,4,1
5127,0.65,0.5,5,3,400000,2.5e-06,1,1,1,1,1,1,0,0,0,0,0,9.5,3.5,0
5128,0.65,0.5,5,3,600000,1.66666666666667e-06,1.609375,1.59375,1,1,1,2,0,0,0,0,0,9.5,3.5,0
5129,0.65,0.5,5,3,800000,1.25e-06,2,2,2,2,2,2,0,0,0,0,0,9.5,3.5,0
5130,0.65,0.5,5,3,1000000,1e-06,3.015625,3.015625,3,3,3,4,0,0,0,0,0,9.5,3.5,0
5131,0.65,0.5,5,3,1250000,8e-07,3.53125,3.53125,3,3,3,4,0,0,0,0,0,9.5,3.5,0
5132,0.65,0.5,5,3,1600000,6.25e-07,4.609375,4.59375,4,4,4,5,0.203125,0,0,0,1,9.5,3.5,1
5133,0.65,0.5,5,3,2000000,5e-07,6.015625,6.015625,6,6,6,7,1,1,1,1,1,9.5,3.5,1
5134,0.65,0.5,5,3,2500000,4e-07,7.03125,7.03125,7,7,7,8,1,1,1,1,1,9.5,3.5,1
5135,0.65,0.5,5,3,3200000,3.125e-07,9.203125,9.203125,9,9,9,9,1,1,1,1,1,9.5,3.5,1
5136,0.65,0.5,5,3,5000000,2e-07,15.015625,15.015625,15,15,15,16,1,1,1,1,1,9.5,3.5,1
5137,0.65,0.5,5,3,10000000,1e-07,30.015625,30.015625,30,30,30,31,1,1,1,1,1,9.5,3.5,1
5138,0.65,0.5,5,5,400000,2.5e-06,2,2,2,2,2,2,0,0,0,0,0,7.5,1.5,0
5139,0.65,0.5,5,5,600000,1.66666666666667e-06,3,3,3,3,3,3,0,0,0,0,0,7.5,1.5,0
5140,0.65,0.5,5,5,800000,1.25e-06,4,4,4,4,4,4,0,0,0,0,0,7.5,1.5,1
5141,0.65,0.5,5,5,1000000,1e-06,5.015625,5.015625,5,5,5,6,1,1,1,1,1,7.5,1.5,1
5142,0.65,0.5,5,5,1250000,8e-07,6.015625,6.015625,6,6,6,6,1,1,1,1,1,7.5,1.5,1
5143,0.65,0.5,5,5,1600000,6.25e-07,8,8,8,8,8,8,1,1,1,1,1,7.5,1.5,1
5144,0.65,0.5,5,5,2000000,5e-07,10.015625,10.015625,10,10,10,11,1,1,1,1,1,7.5,1.5,1
5145,0.65,0.5,5,5,2500000,4e-07,12.03125,12.03125,12,12,12,13,1,1,1,1,1,7.5,1.5,1
5146,0.65,0.5,5,5,3200000,3.125e-07,16,16,16,16,16,16,1,1,1,1,1,7.5,1.5,1
5147,0.65,0.5,5,5,5000000,2e-07,25.015625,25.015625,25,25,25,26,1,1,1,1,1,7.5,1.5,1
5148,0.65,0.5,5,5,10000000,1e-07,50.015625,50.015625,50,50,50,51,1,1,1,1,1,7.5,1.5,1
5149,0.65,0.5,5,6,400000,2.5e-06,2.203125,2.203125,2,2,2,2,0,0,0,0,0,6.5,0.499999999999999,0
5150,0.65,0.5,5,6,600000,1.66666666666667e-06,3.40625,3.390625,3,3,3,4,0,0,0,0,0,6.5,0.499999999999999,0
5151,0.65,0.5,5,6,800000,1.25e-06,4.609375,4.59375,4,4,4,5,0.40625,0,0,0,1,6.5,0.499999999999999,1
5152,0.65,0.5,5,6,1000000,1e-06,6.015625,6.015625,6,6,6,7,1,1,1,1,1,6.5,0.499999999999999,1
5153,0.65,0.5,5,6,1250000,8e-07,7.265625,7.265625,7,7,7,8,1,1,1,1,1,6.5,0.499999999999999,1
5154,0.65,0.5,5,6,1600000,6.25e-07,9.40625,9.390625,9,9,9,10,1,1,1,1,1,6.5,0.499999999999999,1
5155,0.65,0.5,5,6,2000000,5e-07,12.015625,12.015625,12,12,12,13,1,1,1,1,1,6.5,0.499999999999999,1
5156,0.65,0.5,5,6,2500000,4e-07,15,15,15,15,15,15,1,1,1,1,1,6.5,0.499999999999999,1
5157,0.65,0.5,5,6,3200000,3.125e-07,19,19,19,19,19,19,1,1,1,1,1,6.5,0.499999999999999,1
5158,0.65,0.5,5,6,5000000,2e-07,30.015625,30.015625,30,30,30,31,1,1,1,1,1,6.5,0.499999999999999,1
5159,0.65,0.5,5,6,10000000,1e-07,60.015625,60.015625,60,60,60,61,1,1,1,1,1,6.5,0.499999999999999,1
5160,0.65,0.5,6,1,400000,2.5e-06,0.203125,0.203125,0,0,0,0,0,0,0,0,0,11.5,5.5,0
5161,0.65,0.5,6,1,600000,1.66666666666667e-06,0.40625,0.390625,0,0,0,1,0,0,0,0,0,11.5,5.5,0
5162,0.65,0.5,6,1,800000,1.25e-06,0.609375,0.59375,0,0,0,1,0,0,0,0,0,11.5,5.5,0
5163,0.65,0.5,6,1,1000000,1e-06,1.015625,1.015625,1,1,1,2,0,0,0,0,0,11.5,5.5,0
5164,0.65,0.5,6,1,1250000,8e-07,1.015625,1.015625,1,1,1,1,0,0,0,0,0,11.5,5.5,0
5165,0.65,0.5,6,1,1600000,6.25e-07,1.40625,1.390625,1,1,1,2,0,0,0,0,0,11.5,5.5,0
5166,0.65,0.5,6,1,2000000,5e-07,2.015625,2.015625,2,2,2,3,0,0,0,0,0,11.5,5.5,0
5167,0.65,0.5,6,1,2500000,4e-07,2.03125,2.03125,2,2,2,3,0,0,0,0,0,11.5,5.5,0
5168,0.65,0.5,6,1,3200000,3.125e-07,3,3,3,3,3,3,0,0,0,0,0,11.5,5.5,0
5169,0.65,0.5,6,1,5000000,2e-07,5.015625,5.015625,5,5,5,6,0.015625,0,0,0,1,11.5,5.5,1
5170,0.65,0.5,6,1,10000000,1e-07,10.015625,10.015625,10,10,10,11,1,1,1,1,1,11.5,5.5,1
5171,0.65,0.5,6,1.5,400000,2.5e-06,0.40625,0.40625,0,0,0,1,0,0,0,0,0,11,5,0
5172,0.65,0.5,6,1.5,600000,1.66666666666667e-06,0.796875,0.796875,0,0,0,1,0,0,0,0,0,11,5,0
5173,0.65,0.5,6,1.5,800000,1.25e-06,1,1,1,1,1,1,0,0,0,0,0,11,5,0
5174,0.65,0.5,6,1.5,1000000,1e-06,1.515625,1.515625,1,1,1,2,0,0,0,0,0,11,5,0
5175,0.65,0.5,6,1.5,1250000,8e-07,1.78125,1.78125,1,1,1,2,0,0,0,0,0,11,5,0
5176,0.65,0.5,6,1.5,1600000,6.25e-07,2.203125,2.203125,2,2,2,3,0,0,0,0,0,11,5,0
5177,0.65,0.5,6,1.5,2000000,5e-07,3.015625,3.015625,3,3,3,4,0,0,0,0,0,11,5,0
5178,0.65,0.5,6,1.5,2500000,4e-07,3.53125,3.53125,3,3,3,4,0,0,0,0,0,11,5,0
5179,0.65,0.5,6,1.5,3200000,3.125e-07,4.609375,4.609375,4,4,4,5,0,0,0,0,0,11,5,0
5180,0.65,0.5,6,1.5,5000000,2e-07,7.515625,7.515625,7,7,7,8,1,1,1,1,1,11,5,1
5181,0.65,0.5,6,1.5,10000000,1e-07,15.015625,15.015625,15,15,15,16,1,1,1,1,1,11,5,1
5182,0.65,0.5,6,2,400000,2.5e-06,0.625,0.609375,0,0,0,1,0,0,0,0,0,10.5,4.5,0
5183,0.65,0.5,6,2,600000,1.66666666666667e-06,1.015625,1,1,1,1,1,0,0,0,0,0,10.5,4.5,0
5184,0.65,0.5,6,2,800000,1.25e-06,1.21875,1.203125,1,1,1,2,0,0,0,0,0,10.5,4.5,0
5185,0.65,0.5,6,2,1000000,1e-06,2.015625,2.015625,2,2,2,3,0,0,0,0,0,10.5,4.5,0
5186,0.65,0.5,6,2,1250000,8e-07,2.265625,2.265625,2,2,2,3,0,0,0,0,0,10.5,4.5,0
5187,0.65,0.5,6,2,1600000,6.25e-07,3.015625,3,3,3,3,3,0,0,0,0,0,10.5,4.5,0
5188,0.65,0.5,6,2,2000000,5e-07,4.015625,4.015625,4,4,4,5,0,0,0,0,0,10.5,4.5,0
5189,0.65,0.5,6,2,2500000,4e-07,5,5,5,5,5,5,0,0,0,0,0,10.5,4.5,1
5190,0.65,0.5,6,2,3200000,3.125e-07,6.015625,6,6,6,6,6,1,1,1,1,1,10.5,4.5,1
5191,0.65,0.5,6,2,5000000,2e-07,10.015625,10.015625,10,10,10,11,1,1,1,1,1,10.5,4.5,1
5192,0.65,0.5,6,2,10000000,1e-07,20.015625,20.015625,20,20,20,21,1,1,1,1,1,10.5,4.5,1
5193,0.65,0.5,6,2.5,400000,2.5e-06,1,1,1,1,1,1,0,0,0,0,0,10,4,0
5194,0.65,0.5,6,2.5,600000,1.66666666666667e-06,1.3125,1.296875,1,1,1,2,0,0,0,0,0,10,4,0
5195,0.65,0.5,6,2.5,800000,1.25e-06,2,2,2,2,2,2,0,0,0,0,0,10,4,0
5196,0.65,0.5,6,2.5,1000000,1e-06,2.515625,2.515625,2,2,2,3,0,0,0,0,0,10,4,0
5197,0.65,0.5,6,2.5,1250000,8e-07,3,3,3,3,3,3,0,0,0,0,0,10,4,0
5198,0.65,0.5,6,2.5,1600000,6.25e-07,4,4,4,4,4,4,0,0,0,0,0,10,4,0
5199,0.65,0.5,6,2.5,2000000,5e-07,5.015625,5.015625,5,5,5,6,0.015625,0,0,0,1,10,4,1
5200,0.65,0.5,6,2.5,2500000,4e-07,6,6,6,6,6,6,1,1,1,1,1,10,4,1
5201,0.65,0.5,6,2.5,3200000,3.125e-07,8,8,8,8,8,8,1,1,1,1,1,10,4,1
5202,0.65,0.5,6,2.5,5000000,2e-07,12.515625,12.515625,12,12,12,13,1,1,1,1,1,10,4,1
5203,0.65,0.5,6,2.5,10000000,1e-07,25.015625,25.015625,25,25,25,26,1,1,1,1,1,10,4,1
5204,0.65,0.5,6,3,400000,2.5e-06,1,1,1,1,1,1,0,0,0,0,0,9.5,3.5,0
5205,0.65,0.5,6,3,600000,1.66666666666667e-06,1.609375,1.59375,1,1,1,2,0,0,0,0,0,9.5,3.5,0
5206,0.65,0.5,6,3,800000,1.25e-06,2,2,2,2,2,2,0,0,0,0,0,9.5,3.5,0
5207,0.65,0.5,6,3,1000000,1e-06,3.015625,3.015625,3,3,3,4,0,0,0,0,0,9.5,3.5,0
5208,0.65,0.5,6,3,1250000,8e-07,3.53125,3.53125,3,3,3,4,0,0,0,0,0,9.5,3.5,0
5209,0.65,0.5,6,3,1600000,6.25e-07,4.609375,4.59375,4,4,4,5,0,0,0,0,0,9.5,3.5,0
5210,0.65,0.5,6,3,2000000,5e-07,6.015625,6.015625,6,6,6,7,1,1,1,1,1,9.5,3.5,1
5211,0.65,0.5,6,3,2500000,4e-07,7.03125,7.03125,7,7,7,8,1,1,1,1,1,9.5,3.5,1
5212,0.65,0.5,6,3,3200000,3.125e-07,9.203125,9.203125,9,9,9,9,1,1,1,1,1,9.5,3.5,1
5213,0.65,0.5,6,3,5000000,2e-07,15.015625,15.015625,15,15,15,16,1,1,1,1,1,9.5,3.5,1
5214,0.65,0.5,6,3,10000000,1e-07,30.015625,30.015625,30,30,30,31,1,1,1,1,1,9.5,3.5,1
5215,0.65,0.5,6,5,400000,2.5e-06,2,2,2,2,2,2,0,0,0,0,0,7.5,1.5,0
5216,0.65,0.5,6,5,600000,1.66666666666667e-06,3,3,3,3,3,3,0,0,0,0,0,7.5,1.5,0
5217,0.65,0.5,6,5,800000,1.25e-06,4,4,4,4,4,4,0,0,0,0,0,7.5,1.5,0
5218,0.65,0.5,6,5,1000000,1e-06,5.015625,5.015625,5,5,5,6,0.015625,0,0,0,1,7.5,1.5,1
5219,0.65,0.5,6,5,1250000,8e-07,6.015625,6.015625,6,6,6,6,1,1,1,1,1,7.5,1.5,1
5220,0.65,0.5,6,5,1600000,6.25e-07,8,8,8,8,8,8,1,1,1,1,1,7.5,1.5,1
5221,0.65,0.5,6,5,2000000,5e-07,10.015625,10.015625,10,10,10,11,1,1,1,1,1,7.5,1.5,1
5222,0.65,0.5,6,5,2500000,4e-07,12.03125,12.03125,12,12,12,13,1,1,1,1,1,7.5,1.5,1
5223,0.65,0.5,6,5,3200000,3.125e-07,16,16,16,16,16,16,1,1,1,1,1,7.5,1.5,1
5224,0.65,0.5,6,5,5000000,2e-07,25.015625,25.015625,25,25,25,26,1,1,1,1,1,7.5,1.5,1
5225,0.65,0.5,6,5,10000000,1e-07,50.015625,50.015625,50,50,50,51,1,1,1,1,1,7.5,1.5,1
5226,0.65,0.5,6,6,400000,2.5e-06,2.203125,2.203125,2,2,2,2,0,0,0,0,0,6.5,0.499999999999999,0
5227,0.65,0.5,6,6,600000,1.66666666666667e-06,3.40625,3.390625,3,3,3,4,0,0,0,0,0,6.5,0.499999999999999,0
5228,0.65,0.5,6,6,800000,1.25e-06,4.609375,4.59375,4,4,4,5,0,0,0,0,0,6.5,0.499999999999999,0
5229,0.65,0.5,6,6,1000000,1e-06,6.015625,6.015625,6,6,6,7,1,1,1,1,1,6.5,0.499999999999999,1
5230,0.65,0.5,6,6,1250000,8e-07,7.265625,7.265625,7,7,7,8,1,1,1,1,1,6.5,0.499999999999999,1
5231,0.65,0.5,6,6,1600000,6.25e-07,9.40625,9.390625,9,9,9,10,1,1,1,1,1,6.5,0.499999999999999,1
5232,0.65,0.5,6,6,2000000,5e-07,12.015625,12.015625,12,12,12,13,1,1,1,1,1,6.5,0.499999999999999,1
5233,0.65,0.5,6,6,2500000,4e-07,15,15,15,15,15,15,1,1,1,1,1,6.5,0.499999999999999,1
5234,0.65,0.5,6,6,3200000,3.125e-07,19,19,19,19,19,19,1,1,1,1,1,6.5,0.499999999999999,1
5235,0.65,0.5,6,6,5000000,2e-07,30.015625,30.015625,30,30,30,31,1,1,1,1,1,6.5,0.499999999999999,1
5236,0.65,0.5,6,6,10000000,1e-07,60.015625,60.015625,60,60,60,61,1,1,1,1,1,6.5,0.499999999999999,1
5237,0.65,1,3,1,400000,2.5e-06,0.203125,0.203125,0,0,0,0,0,0,0,0,0,11,5,0
5238,0.65,1,3,1,600000,1.66666666666667e-06,0.390625,0.40625,0,0,0,1,0,0,0,0,0,11,5,0
5239,0.65,1,3,1,800000,1.25e-06,0.59375,0.609375,0,0,0,1,0,0,0,0,0,11,5,0
5240,0.65,1,3,1,1000000,1e-06,1.015625,1.015625,1,1,1,2,0,0,0,0,0,11,5,0
5241,0.65,1,3,1,1250000,8e-07,1.015625,1.015625,1,1,1,1,0,0,0,0,0,11,5,0
5242,0.65,1,3,1,1600000,6.25e-07,1.390625,1.40625,1,1,1,2,0,0,0,0,0,11,5,0
5243,0.65,1,3,1,2000000,5e-07,2.015625,2.015625,2,2,2,3,0.015625,0,0,0,1,11,5,1
5244,0.65,1,3,1,2500000,4e-07,2.03125,2.03125,2,2,2,3,0.03125,0,0,0,1,11,5,1
5245,0.65,1,3,1,3200000,3.125e-07,3,3,3,3,3,3,1,1,1,1,1,11,5,1
5246,0.65,1,3,1,5000000,2e-07,5.015625,5.015625,5,5,5,6,1,1,1,1,1,11,5,1
5247,0.65,1,3,1,10000000,1e-07,10.015625,10.015625,10,10,10,11,1,1,1,1,1,11,5,1
5248,0.65,1,3,1.5,400000,2.5e-06,0.40625,0.40625,0,0,0,0,0,0,0,0,0,10.5,4.5,0
5249,0.65,1,3,1.5,600000,1.66666666666667e-06,0.796875,0.8125,0,0,0,1,0,0,0,0,0,10.5,4.5,0
5250,0.65,1,3,1.5,800000,1.25e-06,1,1,1,1,1,1,0,0,0,0,0,10.5,4.5,0
5251,0.65,1,3,1.5,1000000,1e-06,1.515625,1.515625,1,1,1,2,0,0,0,0,0,10.5,4.5,0
5252,0.65,1,3,1.5,1250000,8e-07,1.78125,1.78125,1,1,1,2,0,0,0,0,0,10.5,4.5,0
5253,0.65,1,3,1.5,1600000,6.25e-07,2.203125,2.203125,2,2,2,2,0,0,0,0,0,10.5,4.5,1
5254,0.65,1,3,1.5,2000000,5e-07,3.015625,3.015625,3,3,3,4,1,1,1,1,1,10.5,4.5,1
5255,0.65,1,3,1.5,2500000,4e-07,3.53125,3.53125,3,3,3,4,1,1,1,1,1,10.5,4.5,1
5256,0.65,1,3,1.5,3200000,3.125e-07,4.609375,4.609375,4,4,4,5,1,1,1,1,1,10.5,4.5,1
5257,0.65,1,3,1.5,5000000,2e-07,7.515625,7.515625,7,7,7,8,1,1,1,1,1,10.5,4.5,1
5258,0.65,1,3,1.5,10000000,1e-07,15.015625,15.015625,15,15,15,16,1,1,1,1,1,10.5,4.5,1
5259,0.65,1,3,2,400000,2.5e-06,0.609375,0.59375,0,0,0,1,0,0,0,0,0,10,4,0
5260,0.65,1,3,2,600000,1.66666666666667e-06,1,1,1,1,1,1,0,0,0,0,0,10,4,0
5261,0.65,1,3,2,800000,1.25e-06,1.203125,1.203125,1,1,1,1,0,0,0,0,0,10,4,0
5262,0.65,1,3,2,1000000,1e-06,2.015625,2.015625,2,2,2,3,0.015625,0,0,0,1,10,4,1
5263,0.65,1,3,2,1250000,8e-07,2.265625,2.265625,2,2,2,3,0.265625,0,0,0,1,10,4,1
5264,0.65,1,3,2,1600000,6.25e-07,3,3,3,3,3,3,1,1,1,1,1,10,4,1
5265,0.65,1,3,2,2000000,5e-07,4.015625,4.015625,4,4,4,5,1,1,1,1,1,10,4,1
5266,0.65,1,3,2,2500000,4e-07,5,5,5,5,5,5,1,1,1,1,1,10,4,1
5267,0.65,1,3,2,3200000,3.125e-07,6,6,6,6,6,6,1,1,1,1,1,10,4,1
5268,0.65,1,3,2,5000000,2e-07,10.015625,10.015625,10,10,10,11,1,1,1,1,1,10,4,1
5269,0.65,1,3,2,10000000,1e-07,20.015625,20.015625,20,20,20,21,1,1,1,1,1,10,4,1
5270,0.65,1,3,2.5,400000,2.5e-06,1,1,1,1,1,1,0,0,0,0,0,9.5,3.5,0
5271,0.65,1,3,2.5,600000,1.66666666666667e-06,1.296875,1.296875,1,1,1,1,0,0,0,0,0,9.5,3.5,0
5272,0.65,1,3,2.5,800000,1.25e-06,2,2,2,2,2,2,0,0,0,0,0,9.5,3.5,1
5273,0.65,1,3,2.5,1000000,1e-06,2.515625,2.515625,2,2,2,3,0.03125,0,0,0,1,9.5,3.5,1
5274,0.65,1,3,2.5,1250000,8e-07,3,3,3,3,3,3,1,1,1,1,1,9.5,3.5,1
5275,0.65,1,3,2.5,1600000,6.25e-07,4,4,4,4,4,4,1,1,1,1,1,9.5,3.5,1
5276,0.65,1,3,2.5,2000000,5e-07,5.015625,5.015625,5,5,5,6,1,1,1,1,1,9.5,3.5,1
5277,0.65,1,3,2.5,2500000,4e-07,6,6,6,6,6,6,1,1,1,1,1,9.5,3.5,1
5278,0.65,1,3,2.5,3200000,3.125e-07,8,8,8,8,8,8,1,1,1,1,1,9.5,3.5,1
5279,0.65,1,3,2.5,5000000,2e-07,12.515625,12.515625,12,12,12,13,1,1,1,1,1,9.5,3.5,1
5280,0.65,1,3,2.5,10000000,1e-07,25.015625,25.015625,25,25,25,26,1,1,1,1,1,9.5,3.5,1
5281,0.65,1,3,3,400000,2.5e-06,1,1,1,1,1,1,0,0,0,0,0,9,3,0
5282,0.65,1,3,3,600000,1.66666666666667e-06,1.59375,1.59375,1,1,1,2,0,0,0,0,0,9,3,0
5283,0.65,1,3,3,800000,1.25e-06,2,2,2,2,2,2,0,0,0,0,0,9,3,1
5284,0.65,1,3,3,1000000,1e-06,3.015625,3.015625,3,3,3,4,1,1,1,1,1,9,3,1
5285,0.65,1,3,3,1250000,8e-07,3.53125,3.53125,3,3,3,4,1,1,1,1,1,9,3,1
5286,0.65,1,3,3,1600000,6.25e-07,4.59375,4.59375,4,4,4,5,1,1,1,1,1,9,3,1
5287,0.65,1,3,3,2000000,5e-07,6.015625,6.015625,6,6,6,7,1,1,1,1,1,9,3,1
5288,0.65,1,3,3,2500000,4e-07,7.03125,7.03125,7,7,7,8,1,1,1,1,1,9,3,1
5289,0.65,1,3,3,3200000,3.125e-07,9.203125,9.203125,9,9,9,10,1,1,1,1,1,9,3,1
5290,0.65,1,3,3,5000000,2e-07,15.015625,15.015625,15,15,15,16,1,1,1,1,1,9,3,1
5291,0.65,1,3,3,10000000,1e-07,30.015625,30.015625,30,30,30,31,1,1,1,1,1,9,3,1
5292,0.65,1,3,5,400000,2.5e-06,2,2,2,2,2,2,0,0,0,0,0,7,1,1
5293,0.65,1,3,5,600000,1.66666666666667e-06,3,3,3,3,3,3,1,1,1,1,1,7,1,1
5294,0.65,1,3,5,800000,1.25e-06,4,4,4,4,4,4,1,1,1,1,1,7,1,1
5295,0.65,1,3,5,1000000,1e-06,5.015625,5.015625,5,5,5,6,1,1,1,1,1,7,1,1
5296,0.65,1,3,5,1250000,8e-07,6.015625,6.015625,6,6,6,6,1,1,1,1,1,7,1,1
5297,0.65,1,3,5,1600000,6.25e-07,8,8,8,8,8,8,1,1,1,1,1,7,1,1
5298,0.65,1,3,5,2000000,5e-07,10.015625,10.015625,10,10,10,11,1,1,1,1,1,7,1,1
5299,0.65,1,3,5,2500000,4e-07,12.03125,12.03125,12,12,12,13,1,1,1,1,1,7,1,1
5300,0.65,1,3,5,3200000,3.125e-07,16,16,16,16,16,16,1,1,1,1,1,7,1,1
5301,0.65,1,3,5,5000000,2e-07,25.015625,25.015625,25,25,25,26,1,1,1,1,1,7,1,1
5302,0.65,1,3,5,10000000,1e-07,50.015625,50.015625,50,50,50,51,1,1,1,1,1,7,1,1
5303,0.65,1,3,6,400000,2.5e-06,2.203125,2.203125,2,2,2,2,0,0,0,0,0,6,0,1
5304,0.65,1,3,6,600000,1.66666666666667e-06,3.390625,3.40625,3,3,3,4,1,1,1,1,1,6,0,1
5305,0.65,1,3,6,800000,1.25e-06,4.59375,4.609375,4,4,4,5,1,1,1,1,1,6,0,1
5306,0.65,1,3,6,1000000,1e-06,6.015625,6.015625,6,6,6,7,1,1,1,1,1,6,0,1
5307,0.65,1,3,6,1250000,8e-07,7.265625,7.265625,7,7,7,8,1,1,1,1,1,6,0,1
5308,0.65,1,3,6,1600000,6.25e-07,9.390625,9.40625,9,9,9,10,1,1,1,1,1,6,0,1
5309,0.65,1,3,6,2000000,5e-07,12.015625,12.015625,12,12,12,13,1,1,1,1,1,6,0,1
5310,0.65,1,3,6,2500000,4e-07,15,15,15,15,15,15,1,1,1,1,1,6,0,1
5311,0.65,1,3,6,3200000,3.125e-07,19,19,19,19,19,19,1,1,1,1,1,6,0,1
5312,0.65,1,3,6,5000000,2e-07,30.015625,30.015625,30,30,30,31,1,1,1,1,1,6,0,1
5313,0.65,1,3,6,10000000,1e-07,60.015625,60.015625,60,60,60,61,1,1,1,1,1,6,0,1
5314,0.65,1,4,1,400000,2.5e-06,0.203125,0.203125,0,0,0,0,0,0,0,0,0,11,5,0
5315,0.65,1,4,1,600000,1.66666666666667e-06,0.390625,0.40625,0,0,0,1,0,0,0,0,0,11,5,0
5316,0.65,1,4,1,800000,1.25e-06,0.59375,0.609375,0,0,0,1,0,0,0,0,0,11,5,0
5317,0.65,1,4,1,1000000,1e-06,1.015625,1.015625,1,1,1,2,0,0,0,0,0,11,5,0
5318,0.65,1,4,1,1250000,8e-07,1.015625,1.015625,1,1,1,1,0,0,0,0,0,11,5,0
5319,0.65,1,4,1,1600000,6.25e-07,1.390625,1.40625,1,1,1,2,0,0,0,0,0,11,5,0
5320,0.65,1,4,1,2000000,5e-07,2.015625,2.015625,2,2,2,3,0,0,0,0,0,11,5,0
5321,0.65,1,4,1,2500000,4e-07,2.03125,2.03125,2,2,2,3,0,0,0,0,0,11,5,0
5322,0.65,1,4,1,3200000,3.125e-07,3,3,3,3,3,3,0,0,0,0,0,11,5,1
5323,0.65,1,4,1,5000000,2e-07,5.015625,5.015625,5,5,5,6,1,1,1,1,1,11,5,1
5324,0.65,1,4,1,10000000,1e-07,10.015625,10.015625,10,10,10,11,1,1,1,1,1,11,5,1
5325,0.65,1,4,1.5,400000,2.5e-06,0.40625,0.40625,0,0,0,0,0,0,0,0,0,10.5,4.5,0
5326,0.65,1,4,1.5,600000,1.66666666666667e-06,0.796875,0.8125,0,0,0,1,0,0,0,0,0,10.5,4.5,0
5327,0.65,1,4,1.5,800000,1.25e-06,1,1,1,1,1,1,0,0,0,0,0,10.5,4.5,0
5328,0.65,1,4,1.5,1000000,1e-06,1.515625,1.515625,1,1,1,2,0,0,0,0,0,10.5,4.5,0
5329,0.65,1,4,1.5,1250000,8e-07,1.78125,1.78125,1,1,1,2,0,0,0,0,0,10.5,4.5,0
5330,0.65,1,4,1.5,1600000,6.25e-07,2.203125,2.203125,2,2,2,2,0,0,0,0,0,10.5,4.5,0
5331,0.65,1,4,1.5,2000000,5e-07,3.015625,3.015625,3,3,3,4,0.015625,0,0,0,1,10.5,4.5,1
5332,0.65,1,4,1.5,2500000,4e-07,3.53125,3.53125,3,3,3,4,0.0625,0,0,0,1,10.5,4.5,1
5333,0.65,1,4,1.5,3200000,3.125e-07,4.609375,4.609375,4,4,4,5,1,1,1,1,1,10.5,4.5,1
5334,0.65,1,4,1.5,5000000,2e-07,7.515625,7.515625,7,7,7,8,1,1,1,1,1,10.5,4.5,1
5335,0.65,1,4,1.5,10000000,1e-07,15.015625,15.015625,15,15,15,16,1,1,1,1,1,10.5,4.5,1
5336,0.65,1,4,2,400000,2.5e-06,0.609375,0.59375,0,0,0,1,0,0,0,0,0,10,4,0
5337,0.65,1,4,2,600000,1.66666666666667e-06,1,1,1,1,1,1,0,0,0,0,0,10,4,0
5338,0.65,1,4,2,800000,1.25e-06,1.203125,1.203125,1,1,1,1,0,0,0,0,0,10,4,0
5339,0.65,1,4,2,1000000,1e-06,2.015625,2.015625,2,2,2,3,0,0,0,0,0,10,4,0
5340,0.65,1,4,2,1250000,8e-07,2.265625,2.265625,2,2,2,3,0,0,0,0,0,10,4,0
5341,0.65,1,4,2,1600000,6.25e-07,3,3,3,3,3,3,0,0,0,0,0,10,4,1
5342,0.65,1,4,2,2000000,5e-07,4.015625,4.015625,4,4,4,5,1,1,1,1,1,10,4,1
5343,0.65,1,4,2,2500000,4e-07,5,5,5,5,5,5,1,1,1,1,1,10,4,1
5344,0.65,1,4,2,3200000,3.125e-07,6,6,6,6,6,6,1,1,1,1,1,10,4,1
5345,0.65,1,4,2,5000000,2e-07,10.015625,10.015625,10,10,10,11,1,1,1,1,1,10,4,1
5346,0.65,1,4,2,10000000,1e-07,20.015625,20.015625,20,20,20,21,1,1,1,1,1,10,4,1
5347,0.65,1,4,2.5,400000,2.5e-06,1,1,1,1,1,1,0,0,0,0,0,9.5,3.5,0
5348,0.65,1,4,2.5,600000,1.66666666666667e-06,1.296875,1.296875,1,1,1,1,0,0,0,0,0,9.5,3.5,0
5349,0.65,1,4,2.5,800000,1.25e-06,2,2,2,2,2,2,0,0,0,0,0,9.5,3.5,0
5350,0.65,1,4,2.5,1000000,1e-06,2.515625,2.515625,2,2,2,3,0,0,0,0,0,9.5,3.5,0
5351,0.65,1,4,2.5,1250000,8e-07,3,3,3,3,3,3,0,0,0,0,0,9.5,3.5,1
5352,0.65,1,4,2.5,1600000,6.25e-07,4,4,4,4,4,4,1,1,1,1,1,9.5,3.5,1
5353,0.65,1,4,2.5,2000000,5e-07,5.015625,5.015625,5,5,5,6,1,1,1,1,1,9.5,3.5,1
5354,0.65,1,4,2.5,2500000,4e-07,6,6,6,6,6,6,1,1,1,1,1,9.5,3.5,1
5355,0.65,1,4,2.5,3200000,3.125e-07,8,8,8,8,8,8,1,1,1,1,1,9.5,3.5,1
5356,0.65,1,4,2.5,5000000,2e-07,12.515625,12.515625,12,12,12,13,1,1,1,1,1,9.5,3.5,1
5357,0.65,1,4,2.5,10000000,1e-07,25.015625,25.015625,25,25,25,26,1,1,1,1,1,9.5,3.5,1
5358,0.65,1,4,3,400000,2.5e-06,1,1,1,1,1,1,0,0,0,0,0,9,3,0
5359,0.65,1,4,3,600000,1.66666666666667e-06,1.59375,1.59375,1,1,1,2,0,0,0,0,0,9,3,0
5360,0.65,1,4,3,800000,1.25e-06,2,2,2,2,2,2,0,0,0,0,0,9,3,0
5361,0.65,1,4,3,1000000,1e-06,3.015625,3.015625,3,3,3,4,0.015625,0,0,0,1,9,3,1
5362,0.65,1,4,3,1250000,8e-07,3.53125,3.53125,3,3,3,4,0.296875,0,0,0,1,9,3,1
5363,0.65,1,4,3,1600000,6.25e-07,4.59375,4.59375,4,4,4,5,1,1,1,1,1,9,3,1
5364,0.65,1,4,3,2000000,5e-07,6.015625,6.015625,6,6,6,7,1,1,1,1,1,9,3,1
5365,0.65,1,4,3,2500000,4e-07,7.03125,7.03125,7,7,7,8,1,1,1,1,1,9,3,1
5366,0.65,1,4,3,3200000,3.125e-07,9.203125,9.203125,9,9,9,10,1,1,1,1,1,9,3,1
5367,0.65,1,4,3,5000000,2e-07,15.015625,15.015625,15,15,15,16,1,1,1,1,1,9,3,1
5368,0.65,1,4,3,10000000,1e-07,30.015625,30.015625,30,30,30,31,1,1,1,1,1,9,3,1
5369,0.65,1,4,5,400000,2.5e-06,2,2,2,2,2,2,0,0,0,0,0,7,1,0
5370,0.65,1,4,5,600000,1.66666666666667e-06,3,3,3,3,3,3,0,0,0,0,0,7,1,1
5371,0.65,1,4,5,800000,1.25e-06,4,4,4,4,4,4,1,1,1,1,1,7,1,1
5372,0.65,1,4,5,1000000,1e-06,5.015625,5.015625,5,5,5,6,1,1,1,1,1,7,1,1
5373,0.65,1,4,5,1250000,8e-07,6.015625,6.015625,6,6,6,6,1,1,1,1,1,7,1,1
5374,0.65,1,4,5,1600000,6.25e-07,8,8,8,8,8,8,1,1,1,1,1,7,1,1
5375,0.65,1,4,5,2000000,5e-07,10.015625,10.015625,10,10,10,11,1,1,1,1,1,7,1,1
5376,0.65,1,4,5,2500000,4e-07,12.03125,12.03125,12,12,12,13,1,1,1,1,1,7,1,1
5377,0.65,1,4,5,3200000,3.125e-07,16,16,16,16,16,16,1,1,1,1,1,7,1,1
5378,0.65,1,4,5,5000000,2e-07,25.015625,25.015625,25,25,25,26,1,1,1,1,1,7,1,1
5379,0.65,1,4,5,10000000,1e-07,50.015625,50.015625,50,50,50,51,1,1,1,1,1,7,1,1
5380,0.65,1,4,6,400000,2.5e-06,2.203125,2.203125,2,2,2,2,0,0,0,0,0,6,0,0
5381,0.65,1,4,6,600000,1.66666666666667e-06,3.390625,3.40625,3,3,3,4,0.203125,0,0,0,1,6,0,1
5382,0.65,1,4,6,800000,1.25e-06,4.59375,4.609375,4,4,4,5,1,1,1,1,1,6,0,1
5383,0.65,1,4,6,1000000,1e-06,6.015625,6.015625,6,6,6,7,1,1,1,1,1,6,0,1
5384,0.65,1,4,6,1250000,8e-07,7.265625,7.265625,7,7,7,8,1,1,1,1,1,6,0,1
5385,0.65,1,4,6,1600000,6.25e-07,9.390625,9.40625,9,9,9,10,1,1,1,1,1,6,0,1
5386,0.65,1,4,6,2000000,5e-07,12.015625,12.015625,12,12,12,13,1,1,1,1,1,6,0,1
5387,0.65,1,4,6,2500000,4e-07,15,15,15,15,15,15,1,1,1,1,1,6,0,1
5388,0.65,1,4,6,3200000,3.125e-07,19,19,19,19,19,19,1,1,1,1,1,6,0,1
5389,0.65,1,4,6,5000000,2e-07,30.015625,30.015625,30,30,30,31,1,1,1,1,1,6,0,1
5390,0.65,1,4,6,10000000,1e-07,60.015625,60.015625,60,60,60,61,1,1,1,1,1,6,0,1
5391,0.65,1,5,1,400000,2.5e-06,0.203125,0.203125,0,0,0,0,0,0,0,0,0,11,5,0
5392,0.65,1,5,1,600000,1.66666666666667e-06,0.390625,0.40625,0,0,0,1,0,0,0,0,0,11,5,0
5393,0.65,1,5,1,800000,1.25e-06,0.59375,0.609375,0,0,0,1,0,0,0,0,0,11,5,0
5394,0.65,1,5,1,1000000,1e-06,1.015625,1.015625,1,1,1,2,0,0,0,0,0,11,5,0
5395,0.65,1,5,1,1250000,8e-07,1.015625,1.015625,1,1,1,1,0,0,0,0,0,11,5,0
5396,0.65,1,5,1,1600000,6.25e-07,1.390625,1.40625,1,1,1,2,0,0,0,0,0,11,5,0
5397,0.65,1,5,1,2000000,5e-07,2.015625,2.015625,2,2,2,3,0,0,0,0,0,11,5,0
5398,0.65,1,5,1,2500000,4e-07,2.03125,2.03125,2,2,2,3,0,0,0,0,0,11,5,0
5399,0.65,1,5,1,3200000,3.125e-07,3,3,3,3,3,3,0,0,0,0,0,11,5,0
5400,0.65,1,5,1,5000000,2e-07,5.015625,5.015625,5,5,5,6,1,1,1,1,1,11,5,1
5401,0.65,1,5,1,10000000,1e-07,10.015625,10.015625,10,10,10,11,1,1,1,1,1,11,5,1
5402,0.65,1,5,1.5,400000,2.5e-06,0.40625,0.40625,0,0,0,0,0,0,0,0,0,10.5,4.5,0
5403,0.65,1,5,1.5,600000,1.66666666666667e-06,0.796875,0.8125,0,0,0,1,0,0,0,0,0,10.5,4.5,0
5404,0.65,1,5,1.5,800000,1.25e-06,1,1,1,1,1,1,0,0,0,0,0,10.5,4.5,0
5405,0.65,1,5,1.5,1000000,1e-06,1.515625,1.515625,1,1,1,2,0,0,0,0,0,10.5,4.5,0
5406,0.65,1,5,1.5,1250000,8e-07,1.78125,1.78125,1,1,1,2,0,0,0,0,0,10.5,4.5,0
5407,0.65,1,5,1.5,1600000,6.25e-07,2.203125,2.203125,2,2,2,2,0,0,0,0,0,10.5,4.5,0
5408,0.65,1,5,1.5,2000000,5e-07,3.015625,3.015625,3,3,3,4,0,0,0,0,0,10.5,4.5,0
5409,0.65,1,5,1.5,2500000,4e-07,3.53125,3.53125,3,3,3,4,0,0,0,0,0,10.5,4.5,0
5410,0.65,1,5,1.5,3200000,3.125e-07,4.609375,4.609375,4,4,4,5,0.21875,0,0,0,1,10.5,4.5,1
5411,0.65,1,5,1.5,5000000,2e-07,7.515625,7.515625,7,7,7,8,1,1,1,1,1,10.5,4.5,1
5412,0.65,1,5,1.5,10000000,1e-07,15.015625,15.015625,15,15,15,16,1,1,1,1,1,10.5,4.5,1
5413,0.65,1,5,2,400000,2.5e-06,0.609375,0.59375,0,0,0,1,0,0,0,0,0,10,4,0
5414,0.65,1,5,2,600000,1.66666666666667e-06,1,1,1,1,1,1,0,0,0,0,0,10,4,0
5415,0.65,1,5,2,800000,1.25e-06,1.203125,1.203125,1,1,1,1,0,0,0,0,0,10,4,0
5416,0.65,1,5,2,1000000,1e-06,2.015625,2.015625,2,2,2,3,0,0,0,0,0,10,4,0
5417,0.65,1,5,2,1250000,8e-07,2.265625,2.265625,2,2,2,3,0,0,0,0,0,10,4,0
5418,0.65,1,5,2,1600000,6.25e-07,3,3,3,3,3,3,0,0,0,0,0,10,4,0
5419,0.65,1,5,2,2000000,5e-07,4.015625,4.015625,4,4,4,5,0.015625,0,0,0,1,10,4,1
5420,0.65,1,5,2,2500000,4e-07,5,5,5,5,5,5,1,1,1,1,1,10,4,1
5421,0.65,1,5,2,3200000,3.125e-07,6,6,6,6,6,6,1,1,1,1,1,10,4,1
5422,0.65,1,5,2,5000000,2e-07,10.015625,10.015625,10,10,10,11,1,1,1,1,1,10,4,1
5423,0.65,1,5,2,10000000,1e-07,20.015625,20.015625,20,20,20,21,1,1,1,1,1,10,4,1
5424,0.65,1,5,2.5,400000,2.5e-06,1,1,1,1,1,1,0,0,0,0,0,9.5,3.5,0
5425,0.65,1,5,2.5,600000,1.66666666666667e-06,1.296875,1.296875,1,1,1,1,0,0,0,0,0,9.5,3.5,0
5426,0.65,1,5,2.5,800000,1.25e-06,2,2,2,2,2,2,0,0,0,0,0,9.5,3.5,0
5427,0.65,1,5,2.5,1000000,1e-06,2.515625,2.515625,2,2,2,3,0,0,0,0,0,9.5,3.5,0
5428,0.65,1,5,2.5,1250000,8e-07,3,3,3,3,3,3,0,0,0,0,0,9.5,3.5,0
5429,0.65,1,5,2.5,1600000,6.25e-07,4,4,4,4,4,4,0,0,0,0,0,9.5,3.5,1
5430,0.65,1,5,2.5,2000000,5e-07,5.015625,5.015625,5,5,5,6,1,1,1,1,1,9.5,3.5,1
5431,0.65,1,5,2.5,2500000,4e-07,6,6,6,6,6,6,1,1,1,1,1,9.5,3.5,1
5432,0.65,1,5,2.5,3200000,3.125e-07,8,8,8,8,8,8,1,1,1,1,1,9.5,3.5,1
5433,0.65,1,5,2.5,5000000,2e-07,12.515625,12.515625,12,12,12,13,1,1,1,1,1,9.5,3.5,1
5434,0.65,1,5,2.5,10000000,1e-07,25.015625,25.015625,25,25,25,26,1,1,1,1,1,9.5,3.5,1
5435,0.65,1,5,3,400000,2.5e-06,1,1,1,1,1,1,0,0,0,0,0,9,3,0
5436,0.65,1,5,3,600000,1.66666666666667e-06,1.59375,1.59375,1,1,1,2,0,0,0,0,0,9,3,0
5437,0.65,1,5,3,800000,1.25e-06,2,2,2,2,2,2,0,0,0,0,0,9,3,0
5438,0.65,1,5,3,1000000,1e-06,3.015625,3.015625,3,3,3,4,0,0,0,0,0,9,3,0
5439,0.65,1,5,3,1250000,8e-07,3.53125,3.53125,3,3,3,4,0,0,0,0,0,9,3,0
5440,0.65,1,5,3,1600000,6.25e-07,4.59375,4.59375,4,4,4,5,0.59375,1,0,0,1,9,3,1
5441,0.65,1,5,3,2000000,5e-07,6.015625,6.015625,6,6,6,7,1,1,1,1,1,9,3,1
5442,0.65,1,5,3,2500000,4e-07,7.03125,7.03125,7,7,7,8,1,1,1,1,1,9,3,1
5443,0.65,1,5,3,3200000,3.125e-07,9.203125,9.203125,9,9,9,10,1,1,1,1,1,9,3,1
5444,0.65,1,5,3,5000000,2e-07,15.015625,15.015625,15,15,15,16,1,1,1,1,1,9,3,1
5445,0.65,1,5,3,10000000,1e-07,30.015625,30.015625,30,30,30,31,1,1,1,1,1,9,3,1
5446,0.65,1,5,5,400000,2.5e-06,2,2,2,2,2,2,0,0,0,0,0,7,1,0
5447,0.65,1,5,5,600000,1.66666666666667e-06,3,3,3,3,3,3,0,0,0,0,0,7,1,0
5448,0.65,1,5,5,800000,1.25e-06,4,4,4,4,4,4,0,0,0,0,0,7,1,1
5449,0.65,1,5,5,1000000,1e-06,5.015625,5.015625,5,5,5,6,1,1,1,1,1,7,1,1
5450,0.65,1,5,5,1250000,8e-07,6.015625,6.015625,6,6,6,6,1,1,1,1,1,7,1,1
5451,0.65,1,5,5,1600000,6.25e-07,8,8,8,8,8,8,1,1,1,1,1,7,1,1
5452,0.65,1,5,5,2000000,5e-07,10.015625,10.015625,10,10,10,11,1,1,1,1,1,7,1,1
5453,0.65,1,5,5,2500000,4e-07,12.03125,12.03125,12,12,12,13,1,1,1,1,1,7,1,1
5454,0.65,1,5,5,3200000,3.125e-07,16,16,16,16,16,16,1,1,1,1,1,7,1,1
5455,0.65,1,5,5,5000000,2e-07,25.015625,25.015625,25,25,25,26,1,1,1,1,1,7,1,1
5456,0.65,1,5,5,10000000,1e-07,50.015625,50.015625,50,50,50,51,1,1,1,1,1,7,1,1
5457,0.65,1,5,6,400000,2.5e-06,2.203125,2.203125,2,2,2,2,0,0,0,0,0,6,0,0
5458,0.65,1,5,6,600000,1.66666666666667e-06,3.390625,3.40625,3,3,3,4,0,0,0,0,0,6,0,0
5459,0.65,1,5,6,800000,1.25e-06,4.59375,4.609375,4,4,4,5,0.40625,0,0,0,1,6,0,1
5460,0.65,1,5,6,1000000,1e-06,6.015625,6.015625,6,6,6,7,1,1,1,1,1,6,0,1
5461,0.65,1,5,6,1250000,8e-07,7.265625,7.265625,7,7,7,8,1,1,1,1,1,6,0,1
5462,0.65,1,5,6,1600000,6.25e-07,9.390625,9.40625,9,9,9,10,1,1,1,1,1,6,0,1
5463,0.65,1,5,6,2000000,5e-07,12.015625,12.015625,12,12,12,13,1,1,1,1,1,6,0,1
5464,0.65,1,5,6,2500000,4e-07,15,15,15,15,15,15,1,1,1,1,1,6,0,1
5465,0.65,1,5,6,3200000,3.125e-07,19,19,19,19,19,19,1,1,1,1,1,6,0,1
5466,0.65,1,5,6,5000000,2e-07,30.015625,30.015625,30,30,30,31,1,1,1,1,1,6,0,1
5467,0.65,1,5,6,10000000,1e-07,60.015625,60.015625,60,60,60,61,1,1,1,1,1,6,0,1
5468,0.65,1,6,1,400000,2.5e-06,0.203125,0.203125,0,0,0,0,0,0,0,0,0,11,5,0
5469,0.65,1,6,1,600000,1.66666666666667e-06,0.390625,0.40625,0,0,0,1,0,0,0,0,0,11,5,0
5470,0.65,1,6,1,800000,1.25e-06,0.59375,0.609375,0,0,0,1,0,0,0,0,0,11,5,0
5471,0.65,1,6,1,1000000,1e-06,1.015625,1.015625,1,1,1,2,0,0,0,0,0,11,5,0
5472,0.65,1,6,1,1250000,8e-07,1.015625,1.015625,1,1,1,1,0,0,0,0,0,11,5,0
5473,0.65,1,6,1,1600000,6.25e-07,1.390625,1.40625,1,1,1,2,0,0,0,0,0,11,5,0
5474,0.65,1,6,1,2000000,5e-07,2.015625,2.015625,2,2,2,3,0,0,0,0,0,11,5,0
5475,0.65,1,6,1,2500000,4e-07,2.03125,2.03125,2,2,2,3,0,0,0,0,0,11,5,0
5476,0.65,1,6,1,3200000,3.125e-07,3,3,3,3,3,3,0,0,0,0,0,11,5,0
5477,0.65,1,6,1,5000000,2e-07,5.015625,5.015625,5,5,5,6,0.015625,0,0,0,1,11,5,1
5478,0.65,1,6,1,10000000,1e-07,10.015625,10.015625,10,10,10,11,1,1,1,1,1,11,5,1
5479,0.65,1,6,1.5,400000,2.5e-06,0.40625,0.40625,0,0,0,0,0,0,0,0,0,10.5,4.5,0
5480,0.65,1,6,1.5,600000,1.66666666666667e-06,0.796875,0.8125,0,0,0,1,0,0,0,0,0,10.5,4.5,0
5481,0.65,1,6,1.5,800000,1.25e-06,1,1,1,1,1,1,0,0,0,0,0,10.5,4.5,0
5482,0.65,1,6,1.5,1000000,1e-06,1.515625,1.515625,1,1,1,2,0,0,0,0,0,10.5,4.5,0
5483,0.65,1,6,1.5,1250000,8e-07,1.78125,1.78125,1,1,1,2,0,0,0,0,0,10.5,4.5,0
5484,0.65,1,6,1.5,1600000,6.25e-07,2.203125,2.203125,2,2,2,2,0,0,0,0,0,10.5,4.5,0
5485,0.65,1,6,1.5,2000000,5e-07,3.015625,3.015625,3,3,3,4,0,0,0,0,0,10.5,4.5,0
5486,0.65,1,6,1.5,2500000,4e-07,3.53125,3.53125,3,3,3,4,0,0,0,0,0,10.5,4.5,0
5487,0.65,1,6,1.5,3200000,3.125e-07,4.609375,4.609375,4,4,4,5,0,0,0,0,0,10.5,4.5,0
5488,0.65,1,6,1.5,5000000,2e-07,7.515625,7.515625,7,7,7,8,1,1,1,1,1,10.5,4.5,1
5489,0.65,1,6,1.5,10000000,1e-07,15.015625,15.015625,15,15,15,16,1,1,1,1,1,10.5,4.5,1
5490,0.65,1,6,2,400000,2.5e-06,0.609375,0.59375,0,0,0,1,0,0,0,0,0,10,4,0
5491,0.65,1,6,2,600000,1.66666666666667e-06,1,1,1,1,1,1,0,0,0,0,0,10,4,0
5492,0.65,1,6,2,800000,1.25e-06,1.203125,1.203125,1,1,1,1,0,0,0,0,0,10,4,0
5493,0.65,1,6,2,1000000,1e-06,2.015625,2.015625,2,2,2,3,0,0,0,0,0,10,4,0
5494,0.65,1,6,2,1250000,8e-07,2.265625,2.265625,2,2,2,3,0,0,0,0,0,10,4,0
5495,0.65,1,6,2,1600000,6.25e-07,3,3,3,3,3,3,0,0,0,0,0,10,4,0
5496,0.65,1,6,2,2000000,5e-07,4.015625,4.015625,4,4,4,5,0,0,0,0,0,10,4,0
5497,0.65,1,6,2,2500000,4e-07,5,5,5,5,5,5,0,0,0,0,0,10,4,1
5498,0.65,1,6,2,3200000,3.125e-07,6,6,6,6,6,6,1,1,1,1,1,10,4,1
5499,0.65,1,6,2,5000000,2e-07,10.015625,10.015625,10,10,10,11,1,1,1,1,1,10,4,1
5500,0.65,1,6,2,10000000,1e-07,20.015625,20.015625,20,20,20,21,1,1,1,1,1,10,4,1
5501,0.65,1,6,2.5,400000,2.5e-06,1,1,1,1,1,1,0,0,0,0,0,9.5,3.5,0
5502,0.65,1,6,2.5,600000,1.66666666666667e-06,1.296875,1.296875,1,1,1,1,0,0,0,0,0,9.5,3.5,0
5503,0.65,1,6,2.5,800000,1.25e-06,2,2,2,2,2,2,0,0,0,0,0,9.5,3.5,0
5504,0.65,1,6,2.5,1000000,1e-06,2.515625,2.515625,2,2,2,3,0,0,0,0,0,9.5,3.5,0
5505,0.65,1,6,2.5,1250000,8e-07,3,3,3,3,3,3,0,0,0,0,0,9.5,3.5,0
5506,0.65,1,6,2.5,1600000,6.25e-07,4,4,4,4,4,4,0,0,0,0,0,9.5,3.5,0
5507,0.65,1,6,2.5,2000000,5e-07,5.015625,5.015625,5,5,5,6,0.015625,0,0,0,1,9.5,3.5,1
5508,0.65,1,6,2.5,2500000,4e-07,6,6,6,6,6,6,1,1,1,1,1,9.5,3.5,1
5509,0.65,1,6,2.5,3200000,3.125e-07,8,8,8,8,8,8,1,1,1,1,1,9.5,3.5,1
5510,0.65,1,6,2.5,5000000,2e-07,12.515625,12.515625,12,12,12,13,1,1,1,1,1,9.5,3.5,1
5511,0.65,1,6,2.5,10000000,1e-07,25.015625,25.015625,25,25,25,26,1,1,1,1,1,9.5,3.5,1
5512,0.65,1,6,3,400000,2.5e-06,1,1,1,1,1,1,0,0,0,0,0,9,3,0
5513,0.65,1,6,3,600000,1.66666666666667e-06,1.59375,1.59375,1,1,1,2,0,0,0,0,0,9,3,0
5514,0.65,1,6,3,800000,1.25e-06,2,2,2,2,2,2,0,0,0,0,0,9,3,0
5515,0.65,1,6,3,1000000,1e-06,3.015625,3.015625,3,3,3,4,0,0,0,0,0,9,3,0
5516,0.65,1,6,3,1250000,8e-07,3.53125,3.53125,3,3,3,4,0,0,0,0,0,9,3,0
5517,0.65,1,6,3,1600000,6.25e-07,4.59375,4.59375,4,4,4,5,0,0,0,0,0,9,3,0
5518,0.65,1,6,3,2000000,5e-07,6.015625,6.015625,6,6,6,7,1,1,1,1,1,9,3,1
5519,0.65,1,6,3,2500000,4e-07,7.03125,7.03125,7,7,7,8,1,1,1,1,1,9,3,1
5520,0.65,1,6,3,3200000,3.125e-07,9.203125,9.203125,9,9,9,10,1,1,1,1,1,9,3,1
5521,0.65,1,6,3,5000000,2e-07,15.015625,15.015625,15,15,15,16,1,1,1,1,1,9,3,1
5522,0.65,1,6,3,10000000,1e-07,30.015625,30.015625,30,30,30,31,1,1,1,1,1,9,3,1
5523,0.65,1,6,5,400000,2.5e-06,2,2,2,2,2,2,0,0,0,0,0,7,1,0
5524,0.65,1,6,5,600000,1.66666666666667e-06,3,3,3,3,3,3,0,0,0,0,0,7,1,0
5525,0.65,1,6,5,800000,1.25e-06,4,4,4,4,4,4,0,0,0,0,0,7,1,0
5526,0.65,1,6,5,1000000,1e-06,5.015625,5.015625,5,5,5,6,0.015625,0,0,0,1,7,1,1
5527,0.65,1,6,5,1250000,8e-07,6.015625,6.015625,6,6,6,6,1,1,1,1,1,7,1,1
5528,0.65,1,6,5,1600000,6.25e-07,8,8,8,8,8,8,1,1,1,1,1,7,1,1
5529,0.65,1,6,5,2000000,5e-07,10.015625,10.015625,10,10,10,11,1,1,1,1,1,7,1,1
5530,0.65,1,6,5,2500000,4e-07,12.03125,12.03125,12,12,12,13,1,1,1,1,1,7,1,1
5531,0.65,1,6,5,3200000,3.125e-07,16,16,16,16,16,16,1,1,1,1,1,7,1,1
5532,0.65,1,6,5,5000000,2e-07,25.015625,25.015625,25,25,25,26,1,1,1,1,1,7,1,1
5533,0.65,1,6,5,10000000,1e-07,50.015625,50.015625,50,50,50,51,1,1,1,1,1,7,1,1
5534,0.65,1,6,6,400000,2.5e-06,2.203125,2.203125,2,2,2,2,0,0,0,0,0,6,0,0
5535,0.65,1,6,6,600000,1.66666666666667e-06,3.390625,3.40625,3,3,3,4,0,0,0,0,0,6,0,0
5536,0.65,1,6,6,800000,1.25e-06,4.59375,4.609375,4,4,4,5,0,0,0,0,0,6,0,0
5537,0.65,1,6,6,1000000,1e-06,6.015625,6.015625,6,6,6,7,1,1,1,1,1,6,0,1
5538,0.65,1,6,6,1250000,8e-07,7.265625,7.265625,7,7,7,8,1,1,1,1,1,6,0,1
5539,0.65,1,6,6,1600000,6.25e-07,9.390625,9.40625,9,9,9,10,1,1,1,1,1,6,0,1
5540,0.65,1,6,6,2000000,5e-07,12.015625,12.015625,12,12,12,13,1,1,1,1,1,6,0,1
5541,0.65,1,6,6,2500000,4e-07,15,15,15,15,15,15,1,1,1,1,1,6,0,1
5542,0.65,1,6,6,3200000,3.125e-07,19,19,19,19,19,19,1,1,1,1,1,6,0,1
5543,0.65,1,6,6,5000000,2e-07,30.015625,30.015625,30,30,30,31,1,1,1,1,1,6,0,1
5544,0.65,1,6,6,10000000,1e-07,60.015625,60.015625,60,60,60,61,1,1,1,1,1,6,0,1
