scenario,seed,C_est_F,ESR_est_Ohm,C_MAPE_percent,ESR_MAPE_percent,sigma_C_F,sigma_ESR_Ohm,NEES_full,NEES_param,CI_C_contains_true,CI_ESR_contains_true,accuracy_pass
nominal,1,9.92607789256203e-05,0.0500815651900843,0.739221074379703,0.163130380168597,8.65971406945867e-07,0.000310339447093548,2.19975640913131,2.17174923408346,1,1,1
nominal,2,0.000100444704289104,0.0498988203368983,0.444704289103659,0.202359326203316,8.86005302055722e-07,0.000312295448878848,0.919009200329301,0.888946152539886,1,1,1
nominal,3,9.94676203298314e-05,0.0499223115179168,0.532379670168637,0.155376964166465,8.68849495166372e-07,0.000310269021605524,0.27969592529259,0.24274354238544,1,1,1
nominal,4,9.99852288015698e-05,0.0499325440949976,0.0147711984301968,0.134911810004845,8.81754266129228e-07,0.00031189566672879,0.117448896905593,0.0879659040013125,1,1,1
nominal,5,9.98129120742884e-05,0.0499552847289146,0.187087925711604,0.0894305421708319,8.74872520595731e-07,0.000312570922450836,0.708846120547849,0.690971992026368,1,1,1
nominal,6,0.000100557126834667,0.0500672743676121,0.557126834667154,0.134548735224205,8.87977366653854e-07,0.000310688115530718,0.069055426735133,0.0350313527041399,1,1,1
nominal,7,0.00010036325317869,0.0499460391162998,0.363253178690459,0.107921767400421,8.89389882509955e-07,0.000308978525879488,1.24493652817268,1.17980191600229,1,1,1
nominal,8,9.99644732602345e-05,0.0499757080717095,0.0355267397655457,0.0485838565810859,8.77519515533855e-07,0.000311571099644738,2.07451050085337,2.03905126392067,1,1,1
nominal,9,9.97885019913547e-05,0.0501260483066338,0.211498008645283,0.252096613267616,8.74448431777243e-07,0.000311810885653724,1.18597633254847,1.16236582905502,1,1,1
nominal,10,9.97502011469064e-05,0.0500526064385824,0.249798853093586,0.105212877164718,8.73778699400311e-07,0.000310278087157504,0.393917722151343,0.373761524117973,1,1,1
nominal,11,9.93501369702057e-05,0.0498058420339755,0.64986302979434,0.388315932048988,8.6939379592257e-07,0.000309161781007799,1.53381027383378,1.4884266468605,1,1,1
nominal,12,0.000100227934979703,0.0498692902439133,0.227934979702948,0.2614195121734,8.8216242134692e-07,0.000312981922518407,0.391206779821911,0.371125338626225,1,1,1
nominal,13,0.000100534326743583,0.0498749888000688,0.534326743583158,0.250022399862315,8.92427772633098e-07,0.00031415513983403,1.30515172676444,1.27121070082706,1,1,1
nominal,14,9.97105519180246e-05,0.0501664044193764,0.289448081975374,0.332808838752707,8.7308916524487e-07,0.000311783924363526,0.925171342557224,0.903222458273876,1,1,1
nominal,15,0.000100099353695237,0.0499005997703006,0.0993536952371032,0.198800459398862,8.79923903431382e-07,0.000308897178275059,0.308061634096554,0.276220072993917,1,1,1
nominal,16,9.99240201805836e-05,0.0498456287764104,0.0759798194164274,0.308742447179156,8.7683965541592e-07,0.000309515569157389,0.527864963013937,0.477613117086191,1,1,1
nominal,17,0.000100581233957445,0.049870096688174,0.581233957445093,0.259806623651948,8.88398357284726e-07,0.000311708802070419,0.398600500524353,0.353941556831,1,1,1
nominal,18,9.94713578105007e-05,0.0497607684182877,0.528642189499284,0.478463163424603,8.68906549718114e-07,0.000311059526227339,1.2052260913169,1.17458605627465,1,1,1
nominal,19,9.99068839567896e-05,0.0499674206850547,0.0931160432103728,0.0651586298905937,8.76520329470667e-07,0.000311432012692318,0.740296984336051,0.722152341496873,1,1,1
nominal,20,9.97236830824984e-05,0.0498184899055531,0.276316917501618,0.363020188893892,8.73321791496878e-07,0.000309776071416882,0.315346549275763,0.285547293750909,1,1,1
nominal,21,0.000100971839598046,0.049947107870374,0.971839598045965,0.105784259252029,8.95318059239974e-07,0.000309746212889181,0.944126267398972,0.925364785782575,1,1,1
nominal,22,0.000100524761277402,0.0501606039581629,0.524761277402463,0.321207916325705,8.87407877550508e-07,0.000311757141973204,1.67938217769457,1.64886919499528,1,1,1
nominal,23,9.97718838973029e-05,0.0498183936984076,0.228116102697085,0.363212603184737,8.74149745614921e-07,0.000310550092070093,1.31786099984145,1.3012018485219,1,1,1
nominal,24,0.000100127081176733,0.0498088644644164,0.127081176733168,0.382271071167228,8.80625195150347e-07,0.000313718619732919,0.0871568933011874,0.0662297077697652,1,1,1
nominal,25,0.000100697863275326,0.0499999166864342,0.697863275325994,0.000166627131614749,8.90467850909654e-07,0.000310199906937537,0.0999131163277649,0.0810057565272098,1,1,1
nominal,26,0.000100260314687371,0.0498226124994272,0.260314687371155,0.354775001145669,8.82742061775187e-07,0.000312700791830316,0.782811597362655,0.75463251270638,1,1,1
nominal,27,9.96959886487571e-05,0.0500534860001813,0.304011351242861,0.106972000362515,8.72831498961545e-07,0.000315484571194428,0.63260605019826,0.598347652356082,1,1,1
nominal,28,0.000100318844354055,0.0499852891197325,0.318844354055203,0.0294217605349645,8.83760903978467e-07,0.000311764313663546,1.98205451318473,1.97417485954009,1,1,1
nominal,29,9.97368069450645e-05,0.0499097852839825,0.263193054935518,0.180429432035001,8.735806945886e-07,0.000312245981052159,0.361461975357066,0.340227661075967,1,1,1
nominal,30,0.00010012582884689,0.0497118323682804,0.125828846889608,0.576335263439187,8.80369008541668e-07,0.00031196931999711,2.44725410276721,2.41563121139438,1,1,1
nominal,31,0.000100439646191903,0.049841820735633,0.439646191903487,0.316358528734073,8.85905428063489e-07,0.000313097201663666,0.183581305783594,0.166718919955621,1,1,1
nominal,32,0.000100561306495579,0.0499568125049494,0.561306495578773,0.0863749901012234,8.88044324307798e-07,0.000309300878556107,0.384209135472576,0.351868480536633,1,1,1
nominal,33,0.000100026889223587,0.0497568217723631,0.0268892235871343,0.486356455273718,8.78632551439061e-07,0.000310550379875709,0.446363356542862,0.401967137043389,1,1,1
nominal,34,0.000100529479237982,0.0497959204240589,0.529479237981589,0.40815915188227,8.92405992949946e-07,0.000310975877449476,1.54398407013092,1.52358631219731,1,1,1
nominal,35,9.93099441807968e-05,0.0500268612866475,0.690055819203172,0.0537225732949453,8.6607383994582e-07,0.000309018265855736,0.347865231642397,0.317659036226179,1,1,1
nominal,36,0.000100590779187549,0.0501101600680332,0.590779187548862,0.220320136066388,8.88585218825212e-07,0.000314933591385631,1.37635280532546,1.35307261643355,1,1,1
nominal,37,0.000100555764695593,0.0498703863204201,0.555764695593286,0.25922735915973,8.88285475239389e-07,0.000313173977633172,0.518066588581452,0.499208763299632,1,1,1
nominal,38,9.99219452398111e-05,0.0498689623209356,0.0780547601889059,0.262075358128899,8.76780291340992e-07,0.000313012824813477,0.80054015023213,0.779686277495402,1,1,1
nominal,39,9.98324666250337e-05,0.0499323287972297,0.167533374966344,0.13534240554065,8.82445792385829e-07,0.000311369405815711,0.211453931695059,0.175815221347195,1,1,1
nominal,40,0.000100086655232991,0.0499973023340593,0.086655232990851,0.00539533188138597,8.79683547460566e-07,0.000311708496730632,0.171681491876813,0.140073618025988,1,1,1
nominal,41,9.95314363886756e-05,0.0499909820303924,0.468563611324391,0.0180359392151774,8.69958833811807e-07,0.000311219086130591,1.46244084165303,1.43975522175317,1,1,1
nominal,42,9.98612090089047e-05,0.050066090877532,0.138790991095294,0.132181755063954,8.75722933085948e-07,0.00031152337445096,0.650636776290754,0.620058284773149,1,1,1
nominal,43,9.95683902416467e-05,0.0500523735477317,0.431609758353291,0.10474709546342,8.70595432375023e-07,0.000311506699856521,0.285158610338035,0.257098044356286,1,1,1
nominal,44,0.000100852196589087,0.0499379934507524,0.852196589086818,0.124013098495235,8.93205193406528e-07,0.000311291313121272,0.336024271263041,0.303078458930735,1,1,1
nominal,45,0.000100644906709765,0.0499930085749962,0.644906709765047,0.0139828500076988,8.89537115666265e-07,0.000310743468755221,0.242896299404247,0.224382871353361,1,1,1
nominal,46,9.97502095400583e-05,0.0499484278721114,0.24979045994169,0.103144255777188,8.73792393613211e-07,0.000310798570374739,0.0188753374346322,0.00107688058641063,1,1,1
nominal,47,0.000100087833593054,0.0499773821979915,0.087833593053932,0.0452356040169244,8.79700063943495e-07,0.000310113913465332,0.250384890234418,0.231259454947666,1,1,1
nominal,48,9.98968848291178e-05,0.0500580667336679,0.103115170882251,0.116133467335766,8.76360542990214e-07,0.000313308721216387,1.17644588741556,1.1430986688204,1,1,1
nominal,49,9.99453146756405e-05,0.0499503791592164,0.0546853243595269,0.0992416815672748,8.77207198886676e-07,0.00031225474087908,2.1399847978777,2.122844622939,1,1,1
nominal,50,9.9911538086944e-05,0.0497066521646426,0.088461913056026,0.586695670714832,8.76615070124673e-07,0.000310875242785426,0.212557998796081,0.159934671597814,1,1,1
nominal,51,0.000100523343593633,0.0498244257174664,0.523343593632508,0.351148565067261,8.87402268023742e-07,0.000311666411259561,1.13806963936134,1.12039411392721,1,1,1
nominal,52,0.000100082779314461,0.0501321292042289,0.0827793144608346,0.264258408457718,8.7961566414577e-07,0.000309923124575438,0.379368339463374,0.36095014543916,1,1,1
nominal,53,9.97698308233425e-05,0.0499719365075095,0.23016917665748,0.0561269849810864,8.7413834057267e-07,0.000310718034342684,0.0755880809886195,0.0573699068332626,1,1,1
nominal,54,9.96938841241381e-05,0.0499139543325016,0.306115875861879,0.172091334996816,8.72804715292973e-07,0.000313394079766975,0.162883039464764,0.124857742246293,1,1,1
nominal,55,0.000100067779660812,0.0500605652312087,0.0677796608123726,0.121130462417396,8.79356849816877e-07,0.000310862980021188,0.47947545983916,0.461341763497517,1,1,1
nominal,56,0.000100467875968515,0.0500365857093855,0.467875968515452,0.0731714187710564,8.86401271996906e-07,0.000311224520949225,0.59396098957424,0.563310189612685,1,1,1
nominal,57,9.98137419825517e-05,0.0500883267233815,0.186258017448349,0.176653446762964,8.78325379683397e-07,0.000308493019594783,0.194767683140943,0.149084984680495,1,1,1
nominal,58,9.99294806433097e-05,0.0498618100507294,0.0705193566902684,0.276379898541201,8.76921465930173e-07,0.000310453313048562,0.4805162264894,0.446288296437111,1,1,1
nominal,59,0.000100070333599875,0.049745418864233,0.0703335998749388,0.509162271533914,8.79394048077577e-07,0.0003134922536724,1.35825439081368,1.32175721239464,1,1,1
nominal,60,0.000100205187624604,0.0499684463524205,0.205187624604375,0.0631072951590039,8.81753768305854e-07,0.000311158598493925,0.817994604976893,0.780966328237455,1,1,1
nominal,61,9.97115562106322e-05,0.0501398948770693,0.288443789367843,0.279789754138537,8.73390118570532e-07,0.000312163922306905,0.0984189512951483,0.0640188371102758,1,1,1
nominal,62,0.000101160651577891,0.0501823960991737,1.16065157789054,0.364792198347441,8.98663834884309e-07,0.000312527464114848,0.530589465670828,0.503220775324594,1,1,1
nominal,63,0.00010054719384463,0.0498457532815123,0.547193844630089,0.308493436975388,8.87794953976064e-07,0.000311267476533605,0.89389954922104,0.86579645841359,1,1,1
nominal,64,9.99191128046509e-05,0.0495916404420338,0.0808871953491441,0.816719115932329,8.76738093877095e-07,0.00031024626212765,1.27618057047885,1.24113156298801,1,1,1
nominal,65,0.000100191696588038,0.0501676976727457,0.191696588038415,0.335395345491363,8.81524089905712e-07,0.00030910641693416,1.31106128267405,1.29019230030195,1,1,1
nominal,66,0.000100513118229172,0.0498824923730776,0.51311822917175,0.235015253844828,8.87189685311913e-07,0.000308920462280419,0.357393117033912,0.325459827368694,1,1,1
nominal,67,9.98339079725641e-05,0.0500779808811218,0.166092027435905,0.155961762243551,8.75254189117472e-07,0.000315108827223906,0.0745942524166163,0.054838599336485,1,1,1
nominal,68,0.000100155546323043,0.0501770955716308,0.155546323042843,0.35419114326154,8.80901522487823e-07,0.000310644100638131,2.16826919722373,2.14541184854225,1,1,1
nominal,69,9.94486454239894e-05,0.0499325011041028,0.551354576010565,0.134997791794456,8.68488877804139e-07,0.000312369592001279,0.223602285268584,0.192919717622928,1,1,1
nominal,70,0.000100686020838217,0.0499013503141234,0.686020838217316,0.197299371753179,8.902718545179e-07,0.000312910149467685,2.45093833968776,2.43558442126285,1,1,1
nominal,71,9.98174666581672e-05,0.050107916503499,0.182533341832813,0.215833006998034,8.75001600730233e-07,0.000311747667581288,0.63112272872169,0.574843896494652,1,1,1
nominal,72,0.000100025765692254,0.0499436775808417,0.0257656922537652,0.112644838316645,8.7862183740146e-07,0.000313748013161624,0.170070462286141,0.141900560133444,1,1,1
nominal,73,9.95880037911255e-05,0.0500817003108831,0.411996208874488,0.163400621766141,8.70951488448221e-07,0.000310751656103153,1.22000139636314,1.19904748287827,1,1,1
nominal,74,0.000100688503466242,0.0500468050996533,0.688503466241785,0.0936101993066929,8.90303067338782e-07,0.000312897092487808,0.478215192116333,0.457926201768728,1,1,1
nominal,75,9.90381357175261e-05,0.04985144511174,0.961864282473901,0.297109776519944,8.61339272517728e-07,0.000310061574583348,1.07153363482225,1.06123939320211,1,1,1
nominal,76,0.000100005928038372,0.0498216713280834,0.00592803837156097,0.356657343833156,8.78249360873761e-07,0.000308760832408179,0.17475349144726,0.165654873032382,1,1,1
nominal,77,0.000100044477508711,0.0500500156823223,0.0444775087111715,0.100031364644537,8.8169119582306e-07,0.000311667679870198,0.499968787491093,0.476904259712161,1,1,1
nominal,78,0.000100644365807499,0.0499321664891504,0.644365807498892,0.135667021699193,8.89518854612827e-07,0.00030979310814963,0.0716429223637708,0.0424258538883968,1,1,1
nominal,79,9.9112984042113e-05,0.0499687167136818,0.887015957886972,0.0625665726363245,8.67812898948356e-07,0.000309499843817543,0.729490169116681,0.710382936117239,1,1,1
nominal,80,0.000100079081870255,0.0500698874753994,0.0790818702554041,0.139774950798799,8.79559405209015e-07,0.000311991290786717,0.534700335050701,0.513461832051773,1,1,1
nominal,81,0.00010057249802616,0.0498204944996982,0.572498026160084,0.359011000603593,8.88240779667053e-07,0.000313977296460037,2.18501199792383,2.16311477558317,1,1,1
nominal,82,9.965122267473e-05,0.0499312118282106,0.348777325270011,0.137576343578882,8.72179474613607e-07,0.000310953118526945,0.332721639593313,0.319603499181069,1,1,1
nominal,83,0.000100178776211178,0.0499523356314962,0.178776211178011,0.0953287370076938,8.8131549659748e-07,0.000310715295055991,1.70442082600647,1.68531498374768,1,1,1
nominal,84,9.9702050834397e-05,0.0500231350714678,0.29794916560304,0.0462701429356116,8.72943405114412e-07,0.000309957864988948,0.10004919669602,0.0681809097718424,1,1,1
nominal,85,0.000100673383417292,0.0502390435803271,0.673383417291951,0.478087160654117,8.91132221706719e-07,0.000311018774201533,0.517728023384562,0.485076161974679,1,1,1
nominal,86,0.000100231629313934,0.0499740147152498,0.231629313933523,0.0519705695005035,8.82244744476002e-07,0.000314861822732733,0.192968553716796,0.159715076742846,1,1,1
nominal,87,9.9788020961755e-05,0.050126745767978,0.211979038244992,0.253491535955996,8.74447769929875e-07,0.000312187974551476,0.322116988162522,0.289203205430636,1,1,1
nominal,88,0.000100122651312753,0.0500753903305121,0.122651312753019,0.150780661024275,8.80388053023851e-07,0.000309681282413221,0.951054729031201,0.916652997566683,1,1,1
nominal,89,0.000100239574409878,0.0500884878386135,0.239574409877563,0.176975677226943,8.8766641300477e-07,0.000312091218578336,0.726626570937434,0.699368082385571,1,1,1
nominal,90,9.96786174986976e-05,0.0499603138848858,0.32138250130237,0.0793722302283695,8.7253171134336e-07,0.000310584953574,0.0551278203084701,0.0457366447389047,1,1,1
nominal,91,9.99434392122186e-05,0.0499406780258091,0.0565607877814456,0.118643948381703,8.77243046819974e-07,0.000314435902486992,0.488932811487298,0.466929647326203,1,1,1
nominal,92,0.000100018276637858,0.0500782290680518,0.018276637858361,0.156458136103677,8.83649759209307e-07,0.000310655759795222,0.463131269937983,0.432193931995354,1,1,1
nominal,93,9.94800903605237e-05,0.0500068868219967,0.519909639476268,0.0137736439934866,8.6904995646731e-07,0.000311878523642299,1.45046694427501,1.43069517453113,1,1,1
nominal,94,0.000100196519842919,0.0499755304289676,0.196519842919152,0.0489391420647856,8.81609754635642e-07,0.000311731918367748,1.35732230444331,1.33909216207483,1,1,1
nominal,95,0.00010038209823492,0.0500985727296907,0.382098234920436,0.197145459381298,8.84905587538436e-07,0.000310431982795187,0.0997661590988178,0.0671207698651164,1,1,1
nominal,96,9.99444308793074e-05,0.0500680622739456,0.0555691206926445,0.136124547891159,8.78334273465006e-07,0.000313507879940955,0.628917066848335,0.591216592396197,1,1,1
nominal,97,9.95197899028361e-05,0.0500396927287828,0.480210097163936,0.0793854575655173,8.69746329287695e-07,0.000311535280800796,0.749819171910091,0.718769057175624,1,1,1
nominal,98,9.95725233487395e-05,0.0500058911409432,0.427476651260539,0.0117822818863411,8.70659668690255e-07,0.000311522078455493,0.584788126209129,0.547057157535428,1,1,1
nominal,99,9.97536267512993e-05,0.0499111494416604,0.246373248700693,0.177701116679141,8.73834081697321e-07,0.000310738733841465,2.62265630368272,2.59050418547274,1,1,1
nominal,100,0.000100207192411258,0.0500080347022302,0.207192411258283,0.0160694044604615,8.81816848281461e-07,0.000312161114757187,1.26418865525928,1.23987673482548,1,1,1
high_D,1,9.98983220583002e-05,0.0500183501208333,0.101677941699785,0.0367002416665541,3.27348953281994e-07,0.000121195805306591,8.22771269896705,0.131741488901875,1,1,1
high_D,2,9.9907193107828e-05,0.0499930007903465,0.0928068921720149,0.0139984193070153,3.26440173729705e-07,0.000121569211315472,7.57911418834284,0.033709635779873,1,1,1
high_D,3,9.99721648165347e-05,0.0499891603927896,0.0278351834652968,0.0216792144207556,3.27861042016602e-07,0.000121347987021799,7.73944760100678,0.312712320868975,1,1,1
high_D,4,9.98944392454063e-05,0.0499902234831382,0.105560754593703,0.0195530337235295,3.26353212146137e-07,0.000121778806842473,8.4779680132138,0.762233406521418,1,1,1
high_D,5,9.99532185961702e-05,0.0500196394281703,0.0467814038297987,0.0392788563405633,3.26738097124669e-07,0.000121588042635979,7.67759044033647,0.0416106119963114,1,1,1
high_D,6,9.99736285467039e-05,0.0500070814367164,0.0263714532960813,0.0141628734328547,3.26872897681569e-07,0.000121286122321638,8.84941967538065,0.797716485294064,1,1,1
high_D,7,9.98820655246583e-05,0.0499978201475631,0.117934475341674,0.0043597048738242,3.26272739483856e-07,0.000121160698384073,8.11664198394775,0.153784595326164,1,1,1
high_D,8,0.000100053886929762,0.0499704862079489,0.0538869297615596,0.0590275841022669,3.27396356312873e-07,0.000121065655345566,8.04011298050094,0.108178894078308,1,1,1
high_D,9,9.99903623167299e-05,0.0500241833918761,0.00963768327012504,0.0483667837521073,3.26982978034751e-07,0.00012164097526649,8.50182349009206,0.146973254692511,1,1,1
high_D,10,0.000100017910085474,0.0499966336026305,0.017910085474182,0.00673279473893951,3.27162782839362e-07,0.000121845128297299,7.98484455353491,0.0496032603924251,1,1,1
high_D,11,9.99903600947209e-05,0.0500099284936501,0.00963990527907965,0.0198569873002041,3.27955488999881e-07,0.000121781654458834,7.96824572516846,0.0106203858093772,1,1,1
high_D,12,0.000100011055924089,0.0499892396476802,0.0110559240886987,0.0215207046396215,3.28087078761169e-07,0.00012117541629511,8.11965385358825,0.100632593270333,1,1,1
high_D,13,9.99499418624664e-05,0.0499946353338786,0.0500581375335929,0.0107293322428981,3.2771333790767e-07,0.000120509759674594,8.36603686208117,0.594879531452397,1,1,1
high_D,14,0.000100043094734242,0.050016097160948,0.0430947342415111,0.0321943218959841,3.27324811258707e-07,0.00012146623663265,7.63613726911049,0.0113176272049557,1,1,1
high_D,15,9.99082848511436e-05,0.0500086596330405,0.0917151488563861,0.0173192660810839,3.2644536589288e-07,0.000121266930687212,8.29315633930693,0.189533094433571,1,1,1
high_D,16,9.98234745588651e-05,0.0500083432167622,0.176525441134889,0.0166864335244377,3.25891478888419e-07,0.000121143791998245,8.44850307891898,0.506110487833179,1,1,1
high_D,17,9.9916719655951e-05,0.0500216379012186,0.0832803440490082,0.043275802437126,3.26498513299468e-07,0.00012097452547991,8.70260305292311,0.725097044965333,1,1,1
high_D,18,0.000100038881451892,0.0499903496620264,0.0388814518922365,0.0193006759471204,3.27299481864692e-07,0.000121544021111863,8.96305025096354,1.02334753840322,1,1,1
high_D,19,9.99198149605531e-05,0.0500135705291192,0.0801850394468673,0.0271410582384446,3.26522284439754e-07,0.000121029696037584,8.19955299169954,0.228328877727688,1,1,1
high_D,20,9.9953744616305e-05,0.0499824016645291,0.0462553836950041,0.0351966709417617,3.2674002194179e-07,0.000121145653200377,7.88362360854113,0.0457441323683431,1,1,1
high_D,21,9.99155279796299e-05,0.0499845504256353,0.0844720203700966,0.0308991487293242,3.26490710056716e-07,0.00012097603021936,8.14674247459204,0.390878843329729,1,1,1
high_D,22,0.000100053323970707,0.0500197314351995,0.0533239707069866,0.0394628703989541,3.27392518840188e-07,0.000121840660948959,8.78612524250068,0.830080210420796,1,1,1
high_D,23,9.98966922029861e-05,0.0499730854807145,0.103307797013863,0.0538290385710849,3.27340662257743e-07,0.000120460900165028,8.86352896864377,0.634297112538061,1,1,1
high_D,24,9.98148798417054e-05,0.0500206945561231,0.185120158294583,0.0413891122461818,3.25831595774298e-07,0.000121445154159696,8.37447244279079,0.454180754635314,1,1,1
high_D,25,9.98458643638704e-05,0.0499910818660879,0.15413563612956,0.0178362678242783,3.26036728502475e-07,0.000120900721738465,9.13636119247799,0.703032042801998,1,1,1
high_D,26,9.98047770945757e-05,0.0500036995201253,0.195222905424264,0.00739904025068849,3.26705785434922e-07,0.000120416362543135,9.74388204725369,1.62442880323299,1,1,1
high_D,27,9.99160843342023e-05,0.0500301551273186,0.0839156657976958,0.0603102546371304,3.2649715695883e-07,0.000120950920829556,8.57096651917512,0.35990999049294,1,1,1
high_D,28,9.98323734251926e-05,0.0500085807794983,0.167626574807422,0.0171615589965812,3.25947325139766e-07,0.000121040163638492,9.04710865520459,0.983190654880395,1,1,1
high_D,29,9.99846945423721e-05,0.0499793476606445,0.0153054576279454,0.0413046787110738,3.26946415502998e-07,0.000121378130581431,8.36454954013458,0.1226423603629,1,1,1
high_D,30,0.000100009923068403,0.0500226627377989,0.00992306840252866,0.0453254755979016,3.28044287967071e-07,0.000121211806040288,8.08958325906046,0.109277910857065,1,1,1
high_D,31,9.99793924346911e-05,0.0499775603755771,0.0206075653089499,0.0448792488457195,3.26910724134876e-07,0.000120987971406312,8.692531231209,0.856026431626436,1,1,1
high_D,32,0.000100049550933326,0.0500055052471436,0.0495509333259703,0.0110104942872224,3.28044168684383e-07,0.000120928971783717,8.58895852272649,0.765043553250383,1,1,1
high_D,33,9.99510646094571e-05,0.0500109285639789,0.0489353905428591,0.0218571279577251,3.26725211883904e-07,0.000120898030868139,7.81944650206325,0.141357710456683,1,1,1
high_D,34,9.9985492545961e-05,0.0500174515559978,0.0145074540390144,0.0349031119956544,3.27920740191861e-07,0.000121486748972654,9.56496898523307,1.11568850328882,1,1,1
high_D,35,9.98740257307702e-05,0.0500207995660393,0.125974269229834,0.0415991320785736,3.26222035161266e-07,0.00012102801186046,8.73438161061795,0.494420899809581,1,1,1
high_D,36,9.98635003661087e-05,0.0500163750374252,0.136499633891296,0.0327500748504628,3.27150121172047e-07,0.00012158077369073,8.46621900719845,0.089569692283343,1,1,1
high_D,37,9.99875383472495e-05,0.0499833909959878,0.0124616527504728,0.0332180080243272,3.26964728096396e-07,0.000121175452965788,8.1552349589105,0.167473028862352,1,1,1
high_D,38,9.9941457198073e-05,0.0500098670450513,0.0585428019269751,0.0197340901025633,3.27630157024456e-07,0.000120993730757931,8.19300306011025,0.0118701700466144,1,1,1
high_D,39,9.995708393814e-05,0.0500098255228852,0.0429160618600322,0.0196510457703747,3.26761625057347e-07,0.00012164627955544,8.09719501359984,0.349402912584368,1,1,1
high_D,40,9.98623073146509e-05,0.0499879819734093,0.137692685349133,0.0240360531813644,3.26141993118585e-07,0.000121383730303035,8.87385139487419,0.889276529718678,1,1,1
high_D,41,9.99389513632115e-05,0.0499944424603138,0.0610486367885521,0.0111150793724812,3.26649747376782e-07,0.000121878245333248,8.49103644054263,0.433197254833562,1,1,1
high_D,42,9.97953525075767e-05,0.0499895113982171,0.204647492423338,0.0209772035657974,3.25704793687161e-07,0.000120879634488363,8.42246492946726,0.317176516455804,1,1,1
high_D,43,9.99170873893596e-05,0.0499770723289107,0.0829126106404066,0.0458553421786245,3.26503233120062e-07,0.000121142600263089,8.15715327834372,0.355753414190055,1,1,1
high_D,44,9.99869021825926e-05,0.0500017959121994,0.0130978174074148,0.00359182439888528,3.2695824024132e-07,0.000120926712299572,8.23910349777327,0.126856864196622,1,1,1
high_D,45,9.98978355801647e-05,0.049999091857674,0.102164419835293,0.00181628465195649,3.2734579617521e-07,0.000121089866858281,8.12012559656354,0.186134073500348,1,1,1
high_D,46,9.9961489750988e-05,0.0499993158807252,0.0385102490120026,0.00136823854957058,3.26794629861449e-07,0.00012095545523849,8.7094681178679,0.637791991272544,1,1,1
high_D,47,9.99427113488977e-05,0.0499860747995566,0.0572886511022941,0.0278504008867753,3.26666932385066e-07,0.000120321115799923,8.5217399237287,0.374207376416228,1,1,1
high_D,48,9.97875248163175e-05,0.0500022057151345,0.212475183682526,0.00441143026894686,3.27752279990676e-07,0.000121201383128688,7.97659603556153,0.204441766440054,1,1,1
high_D,49,9.99496030816078e-05,0.0499753027370334,0.0503969183922259,0.0493945259331663,3.26711632347555e-07,0.000120571482117452,8.05248815072948,0.194912713859979,1,1,1
high_D,50,0.000100026037999557,0.0500105181236463,0.0260379995573379,0.0210362472926828,3.27214460658546e-07,0.000121016821803373,8.57165011793619,0.235017766701396,1,1,1
high_D,51,9.98659076582528e-05,0.0500222132686772,0.134092341747227,0.0444265373544583,3.26168872803685e-07,0.000121177904077456,8.47551714390157,0.460906227101604,1,1,1
high_D,52,9.999064182475e-05,0.0500006816236484,0.00935817524996274,0.00136324729678172,3.26985119715422e-07,0.000121144969748704,8.31452179676083,0.0162351254921645,1,1,1
high_D,53,9.98976767192003e-05,0.0499998429239469,0.102323280799665,0.00031415210617336,3.26376099654312e-07,0.000120997529533862,7.90989905166528,0.123748826966434,1,1,1
high_D,54,9.99258209346697e-05,0.0499821203096297,0.0741790653303265,0.0357593807405965,3.26558048481734e-07,0.000121152492930914,7.86999636314546,0.0183485729814509,1,1,1
high_D,55,9.9925717003796e-05,0.0500087598482053,0.0742829962040448,0.0175196964105284,3.2655804724013e-07,0.000120709042674394,7.87492901833345,0.262046740932919,1,1,1
high_D,56,9.99349219179114e-05,0.0499934978274489,0.0650780820886099,0.0130043451021411,3.27613818172506e-07,0.000120559982490373,8.29470531308867,0.269591406347893,1,1,1
high_D,57,9.98844299665035e-05,0.0500012698910627,0.11557003349647,0.00253978212538808,3.26289712605466e-07,0.00012149904945724,8.49065623152044,0.471801047831198,1,1,1
high_D,58,0.00010003919088327,0.0500351116214904,0.0391908832702237,0.0702232429807603,3.28301775082817e-07,0.0001217578732139,8.15273532769359,0.162338164107315,1,1,1
high_D,59,9.98986943006934e-05,0.0500175251429193,0.101305699306653,0.0350502858386337,3.27054044135646e-07,0.000121114683939565,8.02199575453152,0.109163206082776,1,1,1
high_D,60,9.99478924329451e-05,0.0499700372803131,0.0521075670548821,0.0599254393737869,3.2670352754879e-07,0.000121183281038269,8.2495122240152,0.0776760751383908,1,1,1
high_D,61,9.99534556398891e-05,0.0500034522702924,0.0465443601109228,0.00690454058482892,3.26739989373434e-07,0.000121130124516974,8.98650677552398,1.1618598725722,1,1,1
high_D,62,9.99334475191154e-05,0.0500181751067792,0.0665524808846407,0.0363502135584337,3.26608956281918e-07,0.000121026540761855,8.11906954563903,0.0724449951155383,1,1,1
high_D,63,9.99461535062377e-05,0.0500061496507908,0.0538464937622551,0.0122993015816641,3.26693458254123e-07,0.000120320554650246,8.77965647518049,0.530971784530312,1,1,1
high_D,64,0.000100046152579231,0.0500239096736308,0.0461525792311512,0.0478193472615018,3.28316074522872e-07,0.000120457962342032,8.24346806725368,0.27039622781124,1,1,1
high_D,65,9.99221056558682e-05,0.0499944121452543,0.0778943441318125,0.0111757094913512,3.26536787632509e-07,0.000121234015175138,8.72988752942127,0.781874257726837,1,1,1
high_D,66,0.000100104661179603,0.0500073036637069,0.104661179602883,0.0146073274138514,3.29790319138673e-07,0.000121027569628621,8.80552641489038,0.341001635989682,1,1,1
high_D,67,9.98936854430537e-05,0.0499927980114407,0.106314556946285,0.0144039771185489,3.27341960651547e-07,0.000121350158827437,8.88891497176782,1.11677304274183,1,1,1
high_D,68,9.98727531078908e-05,0.0499752942184733,0.127246892109178,0.0494115630533809,3.262130127617e-07,0.000121184269560301,8.01686982133928,0.197484166901659,1,1,1
high_D,69,0.000100063330168654,0.0500070169449572,0.0633301686536303,0.0140338899143666,3.2843036907787e-07,0.000121868476933521,8.79952416880343,0.650681621387324,1,1,1
high_D,70,9.9914668557563e-05,0.0500051992233764,0.0853314424369533,0.0103984467528129,3.28581251802604e-07,0.000121310438254408,7.76584117131649,0.0240731037961251,1,1,1
high_D,71,9.99405853905758e-05,0.0499779401464273,0.0594146094241799,0.0441197071454735,3.26652632586107e-07,0.000120318136634123,8.17112345747555,0.0353420757530266,1,1,1
high_D,72,0.000100026078352206,0.0499943770894542,0.0260783522057384,0.0112458210915767,3.28212968629302e-07,0.000120951224675231,7.80526222996456,0.017121908790447,1,1,1
high_D,73,0.00010002416694471,0.0500163748235544,0.0241669447098136,0.0327496471087318,3.28202394934241e-07,0.000121200884330008,7.90232935267223,0.0595412172396354,1,1,1
high_D,74,0.000100018707302253,0.0500459479447083,0.018707302252996,0.0918958894166266,3.27167640426559e-07,0.000121586633333499,7.8451851200224,0.0632693655596372,1,1,1
high_D,75,9.99792168829933e-05,0.0499987680450632,0.0207831170066952,0.00246390987365119,3.27824069498155e-07,0.000121596444792797,8.06552998368779,0.274536625623487,1,1,1
high_D,76,9.99074198988197e-05,0.0500000790684584,0.0925801011803062,0.000158136916716956,3.27410225572247e-07,0.000120537579455975,8.29505470661921,0.0331452051274722,1,1,1
high_D,77,9.98438625963854e-05,0.0499984210398364,0.156137403614653,0.00315792032720141,3.2602375891394e-07,0.000120981342457036,8.88314624483074,0.947517104730843,1,1,1
high_D,78,0.000100075978207267,0.0500161550957887,0.0759782072673909,0.0323101915773893,3.27671472169224e-07,0.000120726518936423,8.70323390926975,0.159135265219494,1,1,1
high_D,79,9.98571573916584e-05,0.0500175304688167,0.142842608341631,0.0350609376333466,3.2611053938283e-07,0.000120244380190298,8.30593742166561,0.0446038052733308,1,1,1
high_D,80,9.98736724869205e-05,0.0500000019319527,0.126327513079472,3.86390539564019e-06,3.26217590310625e-07,0.00012103141760692,8.06848229076161,0.0430414692426205,1,1,1
high_D,81,9.9888851400084e-05,0.0500106578887228,0.111148599916033,0.0213157774455963,3.27248057976654e-07,0.000120986378253019,8.23644906096545,0.602574020337556,1,1,1
high_D,82,9.99646816144275e-05,0.0500112579070379,0.0353183855725359,0.0225158140757742,3.27782329828656e-07,0.000120559727627681,8.35980153402963,0.239570522521891,1,1,1
high_D,83,9.99363467409872e-05,0.0500159078039028,0.063653259012808,0.0318156078055187,3.26627938802118e-07,0.000121030161084334,8.20283705156267,0.000437675893928191,1,1,1
high_D,84,0.000100063775639664,0.050017038944715,0.0637756396637323,0.0340778894299731,3.30645749559667e-07,0.000121124874613435,8.05098997772559,0.0544570979081865,1,1,1
high_D,85,9.98895542921195e-05,0.0500065130229591,0.110445707880535,0.013026045918263,3.26321721055685e-07,0.000121217581640174,8.05029819568318,0.0564829952568347,1,1,1
high_D,86,0.000100060028233182,0.0499794176322926,0.0600282331820079,0.041164735414867,3.2743839375494e-07,0.000121124416262412,8.55775174246348,0.443707570271633,1,1,1
high_D,87,0.000100007067569845,0.0500103439055138,0.00706756984454326,0.020687811027531,3.28024812859498e-07,0.000121104887022588,8.50368395315526,0.224062499454319,1,1,1
high_D,88,9.991223550996e-05,0.0500019774081995,0.087764490040021,0.00395481639905437,3.26473443604259e-07,0.000121721587122646,7.94304347664308,0.158081916739121,1,1,1
high_D,89,9.98498163119414e-05,0.0500184948288526,0.150183688058647,0.0369896577051998,3.26061518307962e-07,0.000120422274222336,8.34018385848015,0.428685372514833,1,1,1
high_D,90,0.000100045331093961,0.0500080061344368,0.0453310939607432,0.0160122688736219,3.27339636712635e-07,0.000120950297190947,8.77102623223071,0.527037840945324,1,1,1
high_D,91,9.99024103521509e-05,0.0499819246606391,0.0975896478491278,0.0361506787218246,3.26405676881106e-07,0.000121073932509518,8.73909570693495,0.929787748349772,1,1,1
high_D,92,9.98629693214041e-05,0.0499903672120518,0.137030678595851,0.0192655758964322,3.26149655059556e-07,0.000121167244149317,8.87483131983729,0.767051752540179,1,1,1
high_D,93,0.000100033844614402,0.0499761354372732,0.0338446144015236,0.047729125453555,3.27264435148201e-07,0.000121010216821098,8.29362053898498,0.25197953869407,1,1,1
high_D,94,0.000100003330058098,0.0500235494318198,0.00333005809818321,0.0470988636394942,3.27980135584256e-07,0.000121857836336631,7.96844449097602,0.0946994449040801,1,1,1
high_D,95,9.9985491671743e-05,0.0500097683116499,0.0145083282570124,0.0195366232997651,3.26947229247855e-07,0.00012065297101683,8.18353620083209,0.372747259452784,1,1,1
high_D,96,9.99805554279024e-05,0.049987689777809,0.0194445720976044,0.0246204443819731,3.27887055002784e-07,0.000120379855355181,8.02705455445199,0.0529317701960004,1,1,1
high_D,97,9.9985055413699e-05,0.0500138198296414,0.014944586300969,0.0276396592828521,3.27917566711288e-07,0.000120507103511834,8.10430172314497,0.0653253206802576,1,1,1
high_D,98,0.000100023755554724,0.0500090878783705,0.0237555547239809,0.018175756741079,3.30034893889171e-07,0.000122025375411419,8.20469475631199,0.524694054433819,1,1,1
high_D,99,9.99927114864126e-05,0.0499984672756535,0.00728851358736682,0.00306544869299596,3.27931101639392e-07,0.000121091368853895,7.98309430295937,0.0414488248392436,1,1,1
high_D,100,9.99406879934587e-05,0.0499875013786614,0.0593120065413344,0.0249972426771494,3.27655462184564e-07,0.000120786746998303,8.87286522465883,0.530810697708014,1,1,1
low_CCM_margin,1,0.000100869458301392,0.050754602308714,0.869458301392489,1.50920461742792,1.82063092654209e-06,0.00119281467347066,0.484184638203502,0.48369039451717,1,1,1
low_CCM_margin,2,0.000100060635173866,0.0509300067355785,0.0606351738659194,1.86001347115703,1.79631035362704e-06,0.00119651961730314,1.07854759173534,1.07813321082149,1,1,1
low_CCM_margin,3,0.000100094744667654,0.0497461632461963,0.0947446676539343,0.507673507607498,1.79278008888745e-06,0.0011945622629663,0.371890345110098,0.370805866531272,1,1,1
low_CCM_margin,4,0.000100138304756522,0.0505414057250414,0.138304756521679,1.08281145008284,1.79430994981614e-06,0.00119446471512238,0.174134482935253,0.170862277846235,1,1,1
low_CCM_margin,5,0.000100173592007667,0.0496085046798122,0.173592007667023,0.782990640375536,1.79554390477595e-06,0.00119242149337018,0.476112681131784,0.471344501822995,1,1,1
low_CCM_margin,6,0.000101681825436334,0.0494707974222619,1.68182543633406,1.05840515547619,1.85000979687495e-06,0.00119599794683032,1.00640746914769,1.00480042020475,1,1,1
low_CCM_margin,7,9.92349916309447e-05,0.0508138970267356,0.765008369055287,1.62779405347127,1.76192026730034e-06,0.00119165945291687,0.43296976082792,0.432432875419447,1,1,1
low_CCM_margin,8,0.000100232311918807,0.0501458525555353,0.232311918807171,0.291705111070595,1.79769256401309e-06,0.0011958359996677,0.270898520103877,0.270191494001052,1,1,1
low_CCM_margin,9,0.000100679022723824,0.0496348321389446,0.679022723824252,0.730335722110731,1.81908886793208e-06,0.00119358143902516,0.316671795262107,0.315685058658376,1,1,1
low_CCM_margin,10,9.97880512576051e-05,0.0493553712300522,0.211948742394952,1.28925753989561,1.78171509050708e-06,0.00119209162763283,2.04185237558788,2.03142368197727,1,1,1
low_CCM_margin,11,0.00010212127499261,0.0505609394393855,2.12127499261001,1.12187887877107,1.86649086224528e-06,0.00119261819951275,0.429401384286892,0.425195872441604,1,1,1
low_CCM_margin,12,0.000100271372281309,0.0489902694626281,0.271372281308646,2.01946107474387,1.79897460957954e-06,0.00119501477726555,0.959273163432727,0.954034695292733,1,1,1
low_CCM_margin,13,0.000100673645238987,0.0499333840033619,0.673645238987297,0.133231993276151,1.81354723543308e-06,0.00119810971194826,1.30663703793446,1.30612048163767,1,1,1
low_CCM_margin,14,0.000100826555739346,0.0495889620782449,0.826555739345802,0.822075843510195,1.81911160218285e-06,0.00119563998595254,0.173260378881898,0.169339628016596,1,1,1
low_CCM_margin,15,0.000101012177691157,0.0506152855439435,1.01217769115678,1.230571087887,1.82571869544478e-06,0.00119425665165248,0.238223598564588,0.237594708254874,1,1,1
low_CCM_margin,16,9.96167689722938e-05,0.0493966801823738,0.383231027706166,1.20663963525244,1.77593548672498e-06,0.00119393863234936,0.0959311585749784,0.0953545066361462,1,1,1
low_CCM_margin,17,0.000100155086908424,0.050569928764909,0.15508690842414,1.13985752981798,1.79490657219606e-06,0.00119843891947751,0.339363460511382,0.33590047701929,1,1,1
low_CCM_margin,18,0.000100229610034205,0.0497203529238232,0.229610034205341,0.559294152353529,1.79765719144365e-06,0.00119584072070026,0.928650694184489,0.927902201579342,1,1,1
low_CCM_margin,19,0.000100687443357336,0.0504872315419467,0.687443357336326,0.974463083893351,1.81414534756604e-06,0.00119657228029052,0.297261889970767,0.294179031047619,1,1,1
low_CCM_margin,20,0.000100448296927161,0.0492482185862689,0.448296927161418,1.50356282746227,1.80536962067528e-06,0.00119578496877929,0.586048405063097,0.582391839826328,1,1,1
low_CCM_margin,21,9.98573512700075e-05,0.0501367038532238,0.142648729992478,0.273407706447615,1.78430709899117e-06,0.00119568520715574,0.144562317776025,0.142012521065662,1,1,1
low_CCM_margin,22,9.872085793879e-05,0.049916841006645,1.27914206120998,0.16631798671003,1.74383360613048e-06,0.00119400544576682,1.1295255345261,1.12900249647599,1,1,1
low_CCM_margin,23,9.75556805460984e-05,0.0489503395912863,2.44431945390166,2.09932081742739,1.70297693659624e-06,0.00119605453102599,1.04009819039386,1.0396591026571,1,1,1
low_CCM_margin,24,9.98011122968857e-05,0.0495770415690059,0.198887703114348,0.84591686198815,1.78220229975606e-06,0.00119353491359403,0.147272808541455,0.143024905775159,1,1,1
low_CCM_margin,25,9.8359819387492e-05,0.0496399017908961,1.640180612508,0.720196418207741,1.73106569816535e-06,0.00119337480422089,1.18944710527528,1.18523709651617,1,1,1
low_CCM_margin,26,0.000100161695420321,0.0514620347333792,0.161695420320673,2.92406946675845,1.79518008014299e-06,0.00119560137072984,3.24325280819549,3.24063322656261,1,1,1
low_CCM_margin,27,9.92868497916926e-05,0.0494656875434102,0.713150208307445,1.06862491317955,1.76387418639693e-06,0.00119696455465692,1.29811942813248,1.28646573983996,1,1,1
low_CCM_margin,28,0.000100548391314964,0.0490262578778014,0.54839131496367,1.94748424439714,1.80971148391624e-06,0.0011929986957124,1.07447542084351,1.06937018163252,1,1,1
low_CCM_margin,29,0.000101519419630905,0.0488498057903008,1.51941963090514,2.30038841939846,1.85158835296129e-06,0.0011935272870683,0.617654458681086,0.617641794218176,1,1,1
low_CCM_margin,30,0.000100403872190799,0.0494403682362344,0.403872190799248,1.11926352753119,1.8038092470662e-06,0.00119654811134126,0.423749671209541,0.420135532542708,1,1,1
low_CCM_margin,31,0.000100416235548356,0.0499101535780936,0.416235548356103,0.179692843812906,1.80428785111554e-06,0.00119810299433011,0.238777501639648,0.23827825695287,1,1,1
low_CCM_margin,32,9.9590420701954e-05,0.0501555941516359,0.409579298046014,0.311188303271792,1.77464697419956e-06,0.00119108377814194,0.645918416011379,0.644934981558813,1,1,1
low_CCM_margin,33,9.95175478224021e-05,0.0506608375460592,0.482452177597881,1.32167509211831,1.77201805707861e-06,0.00119401890747661,0.0399813876381503,0.0388031111503792,1,1,1
low_CCM_margin,34,0.000100544132547708,0.0500045760364899,0.544132547707976,0.00915207297986775,1.80885985694813e-06,0.00119341414063199,0.126889124600749,0.126332592802744,1,1,1
low_CCM_margin,35,9.96910748701395e-05,0.0504322670825222,0.308925129860471,0.864534165044462,1.77835522620533e-06,0.00119439103925277,0.220747642697634,0.220136953693602,1,1,1
low_CCM_margin,36,0.000101515478013762,0.0499439353657709,1.51547801376219,0.112129268458216,1.84396963146175e-06,0.00119365828146879,3.09749798813154,3.09272086279427,1,1,1
low_CCM_margin,37,0.000101221043623437,0.0496960200640412,1.22104362343736,0.607959871917652,1.83331166940882e-06,0.00119321847207672,0.731794654898532,0.731070182075894,1,1,1
low_CCM_margin,38,0.000100181475659913,0.0502168971948139,0.181475659912889,0.433794389627784,1.79583296780701e-06,0.00119698132426473,0.107905444230942,0.107264997184467,1,1,1
low_CCM_margin,39,9.86405396903835e-05,0.0492173913813908,1.35946030961651,1.56521723721835,1.74102722106925e-06,0.00119594625161949,0.262791608281024,0.259236026497665,1,1,1
low_CCM_margin,40,9.80609861877666e-05,0.0505028689552839,1.93901381223343,1.00573791056777,1.72178050801341e-06,0.00119512221292159,1.15293499307374,1.15262181826546,1,1,1
low_CCM_margin,41,0.000100840196095242,0.0495506614215186,0.840196095242129,0.898677156962902,1.81939975174163e-06,0.00119173382275086,0.271188612936275,0.27047136382799,1,1,1
low_CCM_margin,42,0.000100707894673843,0.0504113281277854,0.707894673842535,0.822656255570697,1.81473140687967e-06,0.00119122127167598,0.887036238979204,0.886810549410144,1,1,1
low_CCM_margin,43,0.000101865252854304,0.049472564822368,1.86525285430381,1.05487035526397,1.85671878920789e-06,0.00119602838190417,2.56383801873133,2.56301803119704,1,1,1
low_CCM_margin,44,9.96471679330971e-05,0.049264212565928,0.352832066902908,1.47157486814393,1.7886583596202e-06,0.00119338541372688,0.655940559800303,0.65593706606894,1,1,1
low_CCM_margin,45,0.000100414910217984,0.050044386468069,0.414910217984121,0.0887729361380485,1.80421280483387e-06,0.00119163156199166,0.419118521684404,0.414545838778095,1,1,1
low_CCM_margin,46,9.92173541065018e-05,0.0502942345196645,0.782645893498235,0.588469039329054,1.76142090655389e-06,0.00119166449133926,1.11099909508425,1.10584120845476,1,1,1
low_CCM_margin,47,9.92366044919374e-05,0.050491473433732,0.763395508062559,0.982946867463919,1.76207347553824e-06,0.00119396005325354,0.0635397926992997,0.0629470548148426,1,1,1
low_CCM_margin,48,0.00010040674983624,0.0497165241183593,0.406749836239695,0.566951763281498,1.80399873497168e-06,0.00119308289358091,1.81630704756203,1.81564664438318,1,1,1
low_CCM_margin,49,0.000101202991464391,0.0501673808866208,1.20299146439069,0.334761773241588,1.83268430134347e-06,0.00119464755538702,0.548583647651512,0.539173436202195,1,1,1
low_CCM_margin,50,0.000102130558602492,0.0488914568392154,2.13055860249243,2.21708632156922,1.87007892383781e-06,0.00119942607252714,2.28245354881345,2.28171923058579,1,1,1
low_CCM_margin,51,9.98594883269453e-05,0.0496041957174459,0.140511673054722,0.791608565108148,1.7842655075514e-06,0.0011960962616302,0.392523519545027,0.392042235107883,1,1,1
low_CCM_margin,52,0.000100767117334207,0.0495360274909416,0.767117334206735,0.927945018116838,1.81710065366441e-06,0.0011925296194141,0.0598611685916704,0.0558163554377989,1,1,1
low_CCM_margin,53,0.00010051174145031,0.0498281201929099,0.511741450310188,0.343759614180217,1.80771258727213e-06,0.00119563497508003,0.587543345081809,0.583689467809257,1,1,1
low_CCM_margin,54,0.000100618492474207,0.0488523191680393,0.618492474206689,2.29536166392131,1.81152239429766e-06,0.00119323915367223,0.607892855390352,0.607285191931829,1,1,1
low_CCM_margin,55,0.000100925704571595,0.0500050767257721,0.925704571595221,0.0101534515441593,1.82278800044868e-06,0.00119464792764818,0.363289221328556,0.362765472584994,1,1,1
low_CCM_margin,56,9.92221482078111e-05,0.0498175107578853,0.777851792188899,0.364978484229461,1.76537088271065e-06,0.00119638249490959,0.872744485564074,0.868048264248093,1,1,1
low_CCM_margin,57,9.91984695178779e-05,0.0503221638870371,0.801530482122104,0.644327774074105,1.76085966432662e-06,0.00119835424397133,0.870395927796547,0.870040566404269,1,1,1
low_CCM_margin,58,9.89332434514134e-05,0.0500454973625541,1.06675654858659,0.090994725108251,1.76142270858381e-06,0.00119470926040711,0.472066042016388,0.468170810721458,1,1,1
low_CCM_margin,59,9.87599922318692e-05,0.0502126762255067,1.24000776813085,0.425352451013294,1.74924165109341e-06,0.00119692786201047,0.310325630173539,0.309441588396177,1,1,1
low_CCM_margin,60,9.94255114801203e-05,0.0496623454577136,0.574488519879701,0.675309084572862,1.7696006877872e-06,0.0011939303672576,0.331465623693676,0.326851800968697,1,1,1
low_CCM_margin,61,0.000100100485393526,0.0495865941705297,0.100485393526095,0.826811658940652,1.80055845738515e-06,0.00119261698724721,0.464375594100202,0.46100296566435,1,1,1
low_CCM_margin,62,0.000100109607308524,0.0499517832635605,0.109607308523896,0.0964334728790206,1.79325179586247e-06,0.00119392645139344,0.151431854333807,0.141674800518009,1,1,1
low_CCM_margin,63,9.99092729704805e-05,0.0505990365417898,0.0907270295195217,1.1980730835796,1.78607636833813e-06,0.00119574602151967,0.729582597827329,0.725635530400159,1,1,1
low_CCM_margin,64,9.84054062086901e-05,0.0504996830283652,1.59459379130993,0.999366056730389,1.7398429102257e-06,0.00119303722134207,1.50093066701587,1.49679998602005,1,1,1
low_CCM_margin,65,9.97095538422162e-05,0.0493804600547719,0.290446157783764,1.23907989045624,1.77958761884367e-06,0.00119129445017768,0.7418543403595,0.740830314923251,1,1,1
low_CCM_margin,66,0.000100078603008434,0.0498930379106302,0.0786030084339195,0.213924178739577,1.79223241605398e-06,0.00119794711304918,0.524403317426182,0.520636219078711,1,1,1
low_CCM_margin,67,0.000101959577508624,0.0489854388942016,1.95957750862441,2.02912221159686,1.86531337638863e-06,0.00119460643829178,3.01179080530963,3.00732784136437,1,1,1
low_CCM_margin,68,9.95700156644605e-05,0.0492762448756979,0.429984335539546,1.44751024860426,1.77400083688038e-06,0.0011936988217216,0.391647649738119,0.391083386900544,1,1,1
low_CCM_margin,69,9.88225755759709e-05,0.0503578081822861,1.17742442402913,0.715616364572158,1.74748511840481e-06,0.00119586168897513,1.24016694917639,1.23624602169949,1,1,1
low_CCM_margin,70,0.000101693252147852,0.0502108154205154,1.69325214785228,0.421630841030773,1.8517104525322e-06,0.00119461538892979,0.134467915438419,0.129815289947412,1,1,1
low_CCM_margin,71,9.99569620716058e-05,0.0497752949481245,0.0430379283942295,0.449410103751002,1.78791263286475e-06,0.00119497955442624,0.74523173884129,0.741086098914089,1,1,1
low_CCM_margin,72,0.000100383533730622,0.0501273012501371,0.383533730621588,0.25460250027427,1.81339063017378e-06,0.00119294789530128,0.341022778283406,0.336809486191253,1,1,1
low_CCM_margin,73,0.000100558028309492,0.0500599876724861,0.558028309492498,0.119975344972145,1.80934785546569e-06,0.00119287882205999,0.799150717797467,0.794243561249738,1,1,1
low_CCM_margin,74,0.000101265350430189,0.0500240832340484,1.26535043018929,0.0481664680967109,1.83480808583739e-06,0.00119344605556016,0.121762765810587,0.121294086752544,1,1,1
low_CCM_margin,75,9.88587851481908e-05,0.0497488217207469,1.14121485180918,0.502356558506289,1.74887143018478e-06,0.00119744888698096,0.561986338041673,0.55814118148138,1,1,1
low_CCM_margin,76,0.000100526214919948,0.0505769528279629,0.526214919947865,1.15390565592577,1.80909661839413e-06,0.00119697870840444,1.71265090127269,1.70901775753415,1,1,1
low_CCM_margin,77,9.87967724354064e-05,0.0498225104570306,1.20322756459356,0.354979085938856,1.7654704766976e-06,0.00119421712833639,0.178082241246138,0.177788182884021,1,1,1
low_CCM_margin,78,9.98831468078972e-05,0.0489465715038427,0.11685319210285,2.10685699231467,1.78523245065189e-06,0.00119707556521936,2.05162447792884,2.04776161695545,1,1,1
low_CCM_margin,79,9.97601257362351e-05,0.0495246802632245,0.239874263764905,0.950639473551107,1.78068157156959e-06,0.00119354127446833,0.584613208177871,0.583710979981767,1,1,1
low_CCM_margin,80,0.000100116477541497,0.0509758527493273,0.116477541496662,1.95170549865455,1.79348148052017e-06,0.00119499137890532,0.350984502439167,0.347580980648455,1,1,1
low_CCM_margin,81,9.96935112090545e-05,0.0493287116787428,0.306488790945458,1.34257664251448,1.77839508068934e-06,0.00119498191222036,0.783999916209556,0.780100923198341,1,1,1
low_CCM_margin,82,9.91579997680465e-05,0.050566571868157,0.842000231953488,1.13314373631395,1.75971445091162e-06,0.00119274303721088,0.0876002855821537,0.086998895288865,1,1,1
low_CCM_margin,83,0.000101329937642775,0.0506759581582355,1.3299376427752,1.35191631647107,1.83717421226404e-06,0.00119278565173844,4.37048385428735,4.37030385964758,1,1,1
low_CCM_margin,84,0.000101019769087251,0.050076574801443,1.0197690872511,0.153149602886016,1.82630452299996e-06,0.00119129417324261,0.242823053823248,0.232049234505889,1,1,1
low_CCM_margin,85,0.000101196184857608,0.0500745227662956,1.19618485760751,0.149045532591097,1.83230761348211e-06,0.00119317002730633,0.392790057430523,0.389460582543377,1,1,1
low_CCM_margin,86,9.99642874815134e-05,0.0490661124422198,0.0357125184866414,1.86777511556034,1.78803491976767e-06,0.00119210256134538,0.916818067921991,0.916314689818393,1,1,1
low_CCM_margin,87,0.000100954090121911,0.0496998211159959,0.954090121910922,0.600357768008153,1.8236824796249e-06,0.00119350575124191,0.797907794698722,0.784196635532886,1,1,1
low_CCM_margin,88,0.000101073055434604,0.0488298094781297,1.07305543460448,2.34038104374062,1.83747313102118e-06,0.00119544598070779,2.79721954061472,2.79603256940095,1,1,1
low_CCM_margin,89,0.000100725639073804,0.0505859766732941,0.725639073804452,1.17195334658813,1.81582407823259e-06,0.00119288132078157,0.0862996394637053,0.0859524184181085,1,1,1
low_CCM_margin,90,0.000100721274613958,0.0500152157126712,0.721274613958389,0.030431425342381,1.81931349423574e-06,0.00119506588177478,0.53000248974136,0.525901540487752,1,1,1
low_CCM_margin,91,9.9717577136029e-05,0.0493808963128093,0.28242286397101,1.23820737438134,1.77927192982129e-06,0.00119699498891643,1.45349879580568,1.44813057956374,1,1,1
low_CCM_margin,92,0.000102510418643526,0.0508717641020224,2.5104186435261,1.74352820404471,1.88036682487914e-06,0.00119272350524383,4.46489379873446,4.46485500255886,1,1,1
low_CCM_margin,93,0.000100727533456114,0.0505789723686069,0.727533456114338,1.15794473721385,1.81545990735206e-06,0.00119242324812608,0.0774288816869478,0.0770522385635982,1,1,1
low_CCM_margin,94,9.98766447658401e-05,0.0501910258656855,0.123355234159861,0.382051731371003,1.78494113651104e-06,0.00119366526219889,0.0291744812965572,0.0290200895936495,1,1,1
low_CCM_margin,95,0.000101155228414086,0.0511071420035541,1.15522841408557,2.21428400710824,1.83096434622379e-06,0.00119288340419391,2.0187799380586,2.00990505435433,1,1,1
low_CCM_margin,96,9.94239696206271e-05,0.0492432192270116,0.576030379372861,1.51356154597678,1.77137313994651e-06,0.00119291215210491,0.604211638347146,0.603157834008971,1,1,1
low_CCM_margin,97,9.94100069514785e-05,0.050008197565598,0.58999304852152,0.0163951311960675,1.76825900255018e-06,0.00119098780622919,0.1061213750146,0.105642341214536,1,1,1
low_CCM_margin,98,0.000102727586253569,0.0501016316512554,2.72758625356933,0.20326330251077,1.88919507637299e-06,0.00119813427459297,3.25833341756597,3.25485452049203,1,1,1
low_CCM_margin,99,0.000101676005199491,0.0497222042371673,1.67600519949129,0.555591525665311,1.84985681627378e-06,0.00119692250277618,0.144570863053819,0.144439241565084,1,1,1
low_CCM_margin,100,0.000101222085588178,0.0498486495294051,1.222085588178,0.302700941189726,1.83355795513347e-06,0.00119618217446973,1.13216308996378,1.13165045622865,1,1,1
noise_10mV_5mA,1,0.000102916186257818,0.0498586373240289,2.91618625781802,0.282725351942226,2.15517109395813e-06,0.000953605443863782,2.65608282286207,2.61555246920544,1,1,1
noise_10mV_5mA,2,0.00010203179675403,0.0500080372167268,2.03179675403016,0.0160744334535723,2.1182304078921e-06,0.000947578397161303,2.63376956234618,2.63336878071571,1,1,1
noise_10mV_5mA,3,0.000101313766898489,0.04898199868968,1.31376689848917,2.03600262063999,2.08913145301477e-06,0.000950975451635034,0.850647565980394,0.830612795715851,1,1,1
noise_10mV_5mA,4,0.000102152078186882,0.0505112731088526,2.15207818688168,1.02254621770526,2.12322663631522e-06,0.000957686116884923,1.46418301846609,1.45160786468622,1,1,1
noise_10mV_5mA,5,0.000101682953398218,0.0495029688971882,1.6829533982178,0.994062205623703,2.10405904097303e-06,0.000952799024754573,1.14178500309563,1.06787884036014,1,1,1
noise_10mV_5mA,6,0.000101352575112679,0.0499881701655665,1.35257511267906,0.0236596688669932,2.09019806140113e-06,0.000953320614153385,0.955454175552678,0.777612220352525,1,1,1
noise_10mV_5mA,7,0.000102691400173888,0.0503390016390502,2.69140017388811,0.678003278100303,2.14635956938598e-06,0.000947176792586001,1.88351639864095,1.87103444759727,1,1,1
noise_10mV_5mA,8,0.000101639171088192,0.0494259069379145,1.63917108819163,1.1481861241711,2.1019324618487e-06,0.000953732471965133,2.0285501861622,1.96747409387887,1,1,1
noise_10mV_5mA,9,0.000103126150544556,0.0510650677305224,3.12615054455556,2.13013546104484,2.16497794907592e-06,0.000949534000641352,4.4392078672523,4.42174088168225,1,1,0
noise_10mV_5mA,10,0.000101084353584815,0.0500006164078334,1.0843535848154,0.00123281566686284,2.07928201990621e-06,0.000955062486014508,0.252452462228405,0.223245588260672,1,1,1
noise_10mV_5mA,11,0.000103599866204192,0.0508086050388057,3.59986620419182,1.61721007761138,2.18379810934689e-06,0.000949525374209353,5.67816117895871,5.62964427045889,1,1,0
noise_10mV_5mA,12,0.000105343484761078,0.0506537570362752,5.34348476107789,1.30751407255036,2.25882014576022e-06,0.000958007528252523,8.15219369744239,8.1009719224215,0,1,0
noise_10mV_5mA,13,0.000100447256655732,0.049518086757166,0.447256655731532,0.963826485667951,2.05310143685137e-06,0.000950481612531386,0.212597259942961,0.210096987825316,1,1,1
noise_10mV_5mA,14,0.000102420091039913,0.0500481415968437,2.42009103991312,0.0962831936874187,2.13605427149817e-06,0.000948433707241725,1.93552827765083,1.8911693138816,1,1,1
noise_10mV_5mA,15,0.000101458659214423,0.0489851859569099,1.4586592144231,2.0296280861803,2.09458880158907e-06,0.000955898658966307,2.04756056137068,2.04115510625007,1,1,1
noise_10mV_5mA,16,0.000100802461135469,0.0494947005054034,0.802461135469179,1.01059898919327,2.0685521962559e-06,0.00095357420835607,1.3893498223143,1.32766508030187,1,1,1
noise_10mV_5mA,17,0.000102106322017077,0.0501083540857149,2.10632201707686,0.216708171429869,2.12142500681833e-06,0.00094833197585266,1.9768978238139,1.93799792833305,1,1,1
noise_10mV_5mA,18,0.000100922277070657,0.0493822568874527,0.922277070656641,1.23548622509467,2.0726710865654e-06,0.000952286134242216,0.937482263331836,0.937186961302142,1,1,1
noise_10mV_5mA,19,0.000102288033329665,0.0500370937022039,2.28803332966541,0.074187404407744,2.12907703770705e-06,0.00094875623026524,1.23961124829725,1.15289638611098,1,1,1
noise_10mV_5mA,20,0.000101726019681841,0.0509722706550011,1.72601968184134,1.94454131000221,2.10581408911733e-06,0.000952609354585986,2.71652819886334,2.65753693509517,1,1,1
noise_10mV_5mA,21,0.000102165421681158,0.0501805552486134,2.16542168115776,0.36111049722678,2.12569867313018e-06,0.000958318138922463,3.35728068526631,3.34108177439156,1,1,1
noise_10mV_5mA,22,0.000103308916893689,0.0503474389038375,3.30891689368933,0.694877807675054,2.17152604040465e-06,0.000950435908967762,2.17208814534059,2.11758683033268,1,1,0
noise_10mV_5mA,23,0.000104863071805281,0.0490275047292057,4.86307180528092,1.94499054158852,2.23753581157835e-06,0.000944414503149438,3.8172271858315,3.81654557514011,0,1,0
noise_10mV_5mA,24,0.000103348475222181,0.0502958334896735,3.34847522218089,0.591666979346961,2.17391116702525e-06,0.000952843778674594,3.17095444464325,3.16656149297436,1,1,0
noise_10mV_5mA,25,0.000101943753829626,0.0498368430151945,1.94375382962564,0.326313969611036,2.11516843475218e-06,0.000951758926717125,1.49673061953831,1.49079612457539,1,1,1
noise_10mV_5mA,26,0.00010299046051574,0.0505303099368227,2.99046051573959,1.06061987364545,2.15843917171289e-06,0.000955997977806892,2.66453453595495,2.61317860793152,1,1,1
noise_10mV_5mA,27,0.000103013190176722,0.050366336912406,3.01319017672184,0.732673824812058,2.15977196905394e-06,0.000953073107494334,1.42464704981968,1.39130764552467,1,1,0
noise_10mV_5mA,28,0.000101022815593129,0.0495153747178975,1.02281559312853,0.969250564205049,2.0767329131012e-06,0.00095233567649136,0.71149946256812,0.703504099318437,1,1,1
noise_10mV_5mA,29,0.000102742232821545,0.0499304560997977,2.74223282154451,0.139087800404614,2.1482910290403e-06,0.000948178354749829,1.17733391550971,1.17217673646994,1,1,1
noise_10mV_5mA,30,0.000103049015764356,0.0497854627955766,3.04901576435634,0.429074408846841,2.16260547198714e-06,0.0009506575833661,2.15510888369444,2.15487706712686,1,1,0
noise_10mV_5mA,31,0.00010252804707228,0.0501845301526155,2.52804707228014,0.369060305231006,2.13985094597479e-06,0.000947711209421719,1.03864477022026,0.942871944277695,1,1,1
noise_10mV_5mA,32,0.00010279241076565,0.0493998961212675,2.79241076564969,1.20020775746507,2.1500798508574e-06,0.000952163665143594,0.926788939469058,0.924820722331815,1,1,1
noise_10mV_5mA,33,0.000102155222138096,0.0502760299433594,2.15522213809591,0.552059886718737,2.12336111946424e-06,0.000957091257716081,1.19720874803668,1.14140811234132,1,1,1
noise_10mV_5mA,34,0.00010421736919803,0.0505271221592237,4.21736919802977,1.05424431844729,2.20987545647085e-06,0.000946935525972348,4.13057681853841,4.12930312935156,1,1,0
noise_10mV_5mA,35,0.000100060871590594,0.0498214775868416,0.060871590593603,0.357044826316832,2.03716737770547e-06,0.000949197368645362,0.447424544981535,0.414956373814786,1,1,1
noise_10mV_5mA,36,0.000101398112066449,0.0496556882432083,1.39811206644922,0.688623513583364,2.0939884102505e-06,0.000943676544346049,0.458665482092749,0.435313890342662,1,1,1
noise_10mV_5mA,37,0.000104706286098199,0.050669536703115,4.7062860981989,1.33907340622994,2.23560553098306e-06,0.000951774677694796,5.31232494081107,5.30568083970131,0,1,0
noise_10mV_5mA,38,0.000100405074980277,0.0494003705567043,0.405074980276621,1.19925888659134,2.05216468280062e-06,0.000950609272843053,0.63335398359578,0.557190653670772,1,1,1
noise_10mV_5mA,39,0.00010272579953576,0.0498432823871324,2.72579953576033,0.313435225735148,2.14791665916032e-06,0.000951879989356835,2.72040454460041,2.67099134800486,1,1,1
noise_10mV_5mA,40,0.000101158030289001,0.050006453998008,1.15803028900126,0.0129079960158984,2.08248392763485e-06,0.000952274453435591,0.567127163072506,0.558985969607048,1,1,1
noise_10mV_5mA,41,0.00010217462662652,0.0498109018900884,2.17462662651962,0.378196219823279,2.12404680918968e-06,0.000956286919289028,1.6207828083525,1.56955051119727,1,1,1
noise_10mV_5mA,42,0.000101488764236027,0.0492661733187797,1.48876423602722,1.46765336244069,2.09554121598058e-06,0.000947278128421921,0.313406653847231,0.175275899716995,1,1,1
noise_10mV_5mA,43,0.000102897640625482,0.0499725097057976,2.8976406254821,0.0549805884048071,2.15442450154317e-06,0.000949497005459394,2.12106864049158,2.11836578410142,1,1,1
noise_10mV_5mA,44,0.000101548375242876,0.0501420436911849,1.54837524287579,0.284087382369735,2.09827639069045e-06,0.000952501963167026,0.797331540354057,0.77200550100468,1,1,1
noise_10mV_5mA,45,0.000100550259537986,0.0488938763480754,0.550259537986353,2.21224730384916,2.05754890449339e-06,0.000953816652609421,2.4456799627179,2.43177780350228,1,1,1
noise_10mV_5mA,46,0.000105098199787744,0.0508379922987236,5.09819978774391,1.67598459744713,2.24763472890631e-06,0.000954469834932892,2.83118013846977,2.83098473465333,0,1,0
noise_10mV_5mA,47,0.000103364109529537,0.0496814772565877,3.36410952953736,0.637045486824683,2.17419912512373e-06,0.000951070177885582,2.40644721479495,2.31718935659585,1,1,0
noise_10mV_5mA,48,0.000100817094217087,0.0494288206351313,0.817094217086911,1.14235872973749,2.06814821858802e-06,0.000950194911361866,0.96499842704592,0.964997226337204,1,1,1
noise_10mV_5mA,49,0.000101552457971298,0.049805670201249,1.55245797129762,0.388659597501972,2.09842505622449e-06,0.000947982190098299,0.304737713803443,0.301263218091358,1,1,1
noise_10mV_5mA,50,0.000102179629539341,0.0492086192110155,2.17962953934099,1.58276157796895,2.12524356625231e-06,0.000946515431142539,1.67864180277394,1.6778799107942,1,1,1
noise_10mV_5mA,51,0.000100961983728993,0.0503333803631354,0.961983728993099,0.666760726270788,2.07470486719428e-06,0.000952869584189387,0.225821954356488,0.20759968168627,1,1,1
noise_10mV_5mA,52,0.000103172343113732,0.0497891909826688,3.17234311373242,0.421618034662308,2.16626892854188e-06,0.00095283153537826,1.12997720257105,1.12454016011872,1,1,0
noise_10mV_5mA,53,0.00010231431915918,0.0499480577927006,2.31431915917999,0.103884414598787,2.12993831297908e-06,0.000950607528109733,1.91665537155314,1.90477058430792,1,1,1
noise_10mV_5mA,54,0.000102714089573452,0.0492520702227549,2.71408957345203,1.49585955449023,2.14658905828105e-06,0.000948488517371554,2.5915417583428,2.51964048569567,1,1,1
noise_10mV_5mA,55,9.88777483240967e-05,0.0487935455030928,1.1222516759033,2.41290899381436,1.98976084810704e-06,0.000951977451153351,0.764059892100686,0.734954293447388,1,1,1
noise_10mV_5mA,56,0.000100731279468552,0.0503417961786298,0.731279468551982,0.683592357259544,2.06463080751049e-06,0.000946879221011988,1.63950493620658,1.57806006640479,1,1,1
noise_10mV_5mA,57,0.000100945319516788,0.0499579235873552,0.94531951678829,0.0841528252895074,2.07348125076765e-06,0.000951591368548326,0.811618404577777,0.79173159123479,1,1,1
noise_10mV_5mA,58,0.000101788284019959,0.0497729379275713,1.78828401995874,0.454124144857471,2.11094491359543e-06,0.000951985887282948,0.546147334914933,0.545413783245393,1,1,1
noise_10mV_5mA,59,0.000101993954994494,0.0495498765734782,1.99395499449389,0.900246853043529,2.11782164868502e-06,0.000944955916343562,0.479225938385883,0.473212260250315,1,1,1
noise_10mV_5mA,60,0.000101194537234221,0.0494608890569738,1.1945372342208,1.07822188605243,2.08378917116957e-06,0.000955667173803889,1.97252891632183,1.92545896934338,1,1,1
noise_10mV_5mA,61,0.000103826209673967,0.0510994650577355,3.82620967396723,2.19893011547108,2.19372461824954e-06,0.000945787146470038,6.56726409553934,6.56015514439714,1,1,0
noise_10mV_5mA,62,0.000100056055277254,0.0498312289910193,0.0560552772540523,0.33754201796149,2.03710980341792e-06,0.000950394174136958,0.446332604343644,0.407184532073024,1,1,1
noise_10mV_5mA,63,0.00010447550009343,0.0507304575971111,4.47550009342976,1.46091519422218,2.22103225054809e-06,0.000948902151991925,4.66297514194632,4.6081339646851,0,1,0
noise_10mV_5mA,64,0.000102084716913716,0.0500053259576221,2.08471691371621,0.0106519152442752,2.12123210793441e-06,0.000952013841184192,1.93440408349447,1.89453577027235,1,1,1
noise_10mV_5mA,65,9.99399379233332e-05,0.0494270045456056,0.0600620766668003,1.14599090878874,2.032861597068e-06,0.000958333682460209,0.216044662506504,0.158107447706448,1,1,1
noise_10mV_5mA,66,0.000100961784908926,0.0492563533094061,0.961784908926266,1.4872933811878,2.07440060467617e-06,0.000948312724005263,1.6368578883997,1.57355627161429,1,1,1
noise_10mV_5mA,67,9.91350781349855e-05,0.0487696317238893,0.864921865014501,2.46073655222137,1.99957232767195e-06,0.000956536806951509,2.59550164823959,2.55598777263272,1,1,1
noise_10mV_5mA,68,0.000102357358162593,0.0499492390576438,2.35735816259348,0.101521884712397,2.13175211982064e-06,0.000950121736181858,1.03694595299523,0.943987321136246,1,1,1
noise_10mV_5mA,69,0.000100074737608065,0.0496681712365179,0.0747376080646012,0.663657526964279,2.03771793538409e-06,0.000954596771742088,0.605274492576892,0.599539895410749,1,1,1
noise_10mV_5mA,70,0.000102037275482282,0.050012606718948,2.0372754822823,0.0252134378960545,2.11852862276067e-06,0.000951449859961323,1.65419094121938,1.55635000240559,1,1,1
noise_10mV_5mA,71,0.000102776911161521,0.0498218816581693,2.77691116152108,0.35623668366136,2.15321257978893e-06,0.000954792136288355,0.246786370538368,0.183095530222268,1,1,1
noise_10mV_5mA,72,0.000103126826099343,0.0495563765524962,3.12682609934281,0.887246895007565,2.16385887215575e-06,0.00094869516799536,3.8480309020779,3.79943242590384,1,1,0
noise_10mV_5mA,73,0.000103103729971711,0.0499984674022855,3.10372997171098,0.0030651954289751,2.16395646949932e-06,0.000952011721214427,2.07003146720482,2.03695259814638,1,1,0
noise_10mV_5mA,74,0.000101379764614403,0.0499693846626638,1.37976461440315,0.0612306746724078,2.09138964629469e-06,0.000949464754480506,0.478496807583866,0.427717278015321,1,1,1
noise_10mV_5mA,75,0.000102420821387387,0.049743502854783,2.42082138738742,0.512994290433944,2.13486272434033e-06,0.000952760112791263,2.11917913628237,2.0934054414867,1,1,1
noise_10mV_5mA,76,0.000103274521924491,0.0502127110369205,3.27452192449083,0.425422073840909,2.17073776974047e-06,0.000949314329569302,2.51683598506203,2.50440359384561,1,1,0
noise_10mV_5mA,77,9.99010409206925e-05,0.0499346308446361,0.0989590793075035,0.130738310727863,2.03184454776778e-06,0.00094837738761946,0.539703452807901,0.432871444858272,1,1,1
noise_10mV_5mA,78,0.000103193013456202,0.050679951687552,3.19301345620242,1.35990337510394,2.16674934523501e-06,0.000948696669684655,1.50597587014454,1.46896082634684,1,1,0
noise_10mV_5mA,79,0.00010235030554439,0.0509832433544688,2.35030554438964,1.96648670893766,2.13182590822576e-06,0.000950471184341066,1.98702402456101,1.97572430823321,1,1,1
noise_10mV_5mA,80,0.000102435098065186,0.0498419386874279,2.43509806518634,0.316122625144133,2.13587250883623e-06,0.000947967107059581,1.35995307164398,1.335149605862,1,1,1
noise_10mV_5mA,81,0.000101390820593637,0.0485728332056582,1.39082059363649,2.85433358868369,2.09181489013572e-06,0.000952652759216571,1.92720697193012,1.91674353307591,1,1,1
noise_10mV_5mA,82,0.000104278376189904,0.0501585905667493,4.27837618990417,0.317181133498678,2.21259559824148e-06,0.00095562076698257,1.74854172413054,1.69963635967595,1,1,0
noise_10mV_5mA,83,0.000101317694548661,0.0498550264609771,1.31769454866124,0.289947078045905,2.08895301675581e-06,0.000953537549259566,0.652193517556357,0.642189215497967,1,1,1
noise_10mV_5mA,84,0.000101304771856649,0.049868998732137,1.30477185664943,0.262002535725991,2.09058579353305e-06,0.000947945779452453,0.470737228685433,0.455938426150125,1,1,1
noise_10mV_5mA,85,0.00010098763130625,0.0498459073959758,0.987631306250458,0.308185208048395,2.07519325754047e-06,0.000950821969033185,0.312075078982041,0.246029869193676,1,1,1
noise_10mV_5mA,86,0.00010186182732011,0.0494142310013152,1.86182732011044,1.17153799736956,2.11114278787505e-06,0.000957092059930036,1.1789684797231,1.17637980950168,1,1,1
noise_10mV_5mA,87,0.000104747877682319,0.0511636932173638,4.74787768231912,2.32738643472756,2.23319007030802e-06,0.000951905270817289,4.02033034336119,4.00700929235264,0,1,0
noise_10mV_5mA,88,0.000100807339826781,0.0504947210743947,0.80733982678145,0.989442148789355,2.0676803752852e-06,0.000952749148831069,1.06857188180071,0.994611357617901,1,1,1
noise_10mV_5mA,89,0.000100228593194651,0.0492668646332923,0.228593194651361,1.46627073341539,2.04582454656492e-06,0.000951513152025162,1.50505176591157,1.49571166469316,1,1,1
noise_10mV_5mA,90,0.000102276950054433,0.0504000704871531,2.27695005443316,0.800140974306118,2.12845569657202e-06,0.000956755872833784,0.97765825386179,0.963516869561683,1,1,1
noise_10mV_5mA,91,0.000102153610179891,0.050875355865665,2.15361017989117,1.75071173133006,2.12335745125201e-06,0.000955542820882534,4.32540535798794,4.31938337762059,1,1,1
noise_10mV_5mA,92,0.000102945036240284,0.0501302560247837,2.94503624028386,0.260512049567407,2.15654158082017e-06,0.000950176043514008,1.31901166891826,1.27185553099859,1,1,1
noise_10mV_5mA,93,0.00010096385937664,0.0493102417985033,0.963859376639853,1.37951640299334,2.07566152557731e-06,0.000954754153521896,0.930146423472023,0.927830662410065,1,1,1
noise_10mV_5mA,94,0.000103267169013641,0.0508050983374211,3.26716901364146,1.61019667484212,2.1699951327518e-06,0.000948935526159708,1.64368859606538,1.62580676144246,1,1,0
noise_10mV_5mA,95,0.000101747728983167,0.0513332584365992,1.74772898316695,2.66651687319839,2.10651022731651e-06,0.000949521540778844,3.06451591401228,3.03789094542264,1,1,1
noise_10mV_5mA,96,0.000104847492442421,0.051039986433996,4.84749244242082,2.07997286799209,2.23684448227064e-06,0.000953515302366746,7.37850981096841,7.27059144272263,0,1,0
noise_10mV_5mA,97,0.000102060336994411,0.0500704902377482,2.06033699441066,0.140980475496488,2.11962903307722e-06,0.00095493021414633,1.40001387584795,1.35513467271016,1,1,1
noise_10mV_5mA,98,0.000102853925970244,0.0489668484860099,2.85392597024359,2.06630302798028,2.15322525082619e-06,0.000947305496113435,3.19190022900112,3.19166938589088,1,1,1
noise_10mV_5mA,99,0.000102755873309893,0.0500656679493168,2.75587330989295,0.131335898633611,2.15111473071979e-06,0.000951754595555015,0.966380361551489,0.926812214949663,1,1,1
noise_10mV_5mA,100,0.000102252759533522,0.0500025825682963,2.252759533522,0.00516513659254425,2.12820900251355e-06,0.000956768072548681,2.05987353397521,2.04469655151669,1,1,1
opposed_delay_200ns,1,0.000107357465961353,0.0485708948985087,7.35746596135329,2.85821020298254,1.01563559409756e-06,0.00032407385127976,82.0906348822835,82.0635404618233,0,0,0
opposed_delay_200ns,2,0.00010792706687141,0.0485179428812216,7.92706687140985,2.96411423755677,1.03919165205099e-06,0.000324844393668782,74.745944465123,74.6872507010269,0,0,0
opposed_delay_200ns,3,0.000107964530872025,0.0486729448999922,7.96453087202533,2.65411020001567,1.03547349895637e-06,0.000325538395389549,73.0817346734558,73.0149035867098,0,0,0
opposed_delay_200ns,4,0.000105708696313756,0.0487107998191786,5.70869631375557,2.57840036164275,9.98873326880249e-07,0.000325130868198384,35.5204285118449,35.4523796864664,0,0,0
opposed_delay_200ns,5,0.000107569011329768,0.0485635560608349,7.56901132976782,2.87288787833022,1.02921866788959e-06,0.000323777377385158,62.4204565999424,62.3496946680365,0,0,0
opposed_delay_200ns,6,0.000107074757952469,0.048355519391535,7.07475795246861,3.28896121692991,1.02226710526857e-06,0.000325603230617834,73.993054049704,73.9366912360053,0,0,0
opposed_delay_200ns,7,0.000107073243860433,0.0487518260940388,7.07324386043264,2.49634781192248,1.01886459264336e-06,0.000322516157336099,51.5629404073609,51.5090132827124,0,0,0
opposed_delay_200ns,8,0.000108204199814197,0.0485651474796503,8.2041998141972,2.86970504069932,1.04315765630146e-06,0.000321714652041858,86.9954491854415,86.9314088722121,0,0,0
opposed_delay_200ns,9,0.000107549186235282,0.0486258352706351,7.54918623528205,2.74832945872984,1.0224433291388e-06,0.000319025188221457,59.2376375996785,59.1916469153162,0,0,0
opposed_delay_200ns,10,0.000107383677262221,0.0484859953538983,7.38367726222091,3.02800929220338,1.02748840412502e-06,0.000318456091542943,60.3806947808793,60.3141251119973,0,0,0
opposed_delay_200ns,11,0.000107846148428443,0.0484318902143203,7.84614842844291,3.13621957135939,1.03406260422587e-06,0.000317503355458108,80.3886458261028,80.3291314884128,0,0,0
opposed_delay_200ns,12,0.000106429530257333,0.0485334444849443,6.42953025733308,2.93311103011142,1.02560986529385e-06,0.000318519624719488,76.3970107811399,76.3546865841821,0,0,0
opposed_delay_200ns,13,0.00010669215682301,0.0485152449907412,6.69215682301025,2.96951001851761,1.03267366408469e-06,0.000327111425983951,63.2309768688352,63.1830984969999,0,0,0
opposed_delay_200ns,14,0.000107607961449446,0.0487990732861683,7.60796144944573,2.40185342766335,1.03713653791455e-06,0.000318829158049869,72.3971623025279,72.3563800208344,0,0,0
opposed_delay_200ns,15,0.000106235354406568,0.0485481936056812,6.23535440656826,2.90361278863753,1.02450472313059e-06,0.000317106623358201,51.0405415697294,50.9731584980618,0,0,0
opposed_delay_200ns,16,0.000106874383442936,0.0486369104308181,6.87438344293589,2.72617913836387,1.02163420608953e-06,0.000321230813556155,66.549117510489,66.4840792239577,0,0,0
opposed_delay_200ns,17,0.00010785747109778,0.0487042415959498,7.85747109777999,2.59151680810038,1.0319242682999e-06,0.000323516376582636,77.5929466661778,77.5126824758143,0,0,0
opposed_delay_200ns,18,0.000108348221036438,0.0483897250509429,8.34822103643842,3.22054989811416,1.04034549032406e-06,0.00032287824887592,87.990716707882,87.9622716939202,0,0,0
opposed_delay_200ns,19,0.000108521056144973,0.0487526948455202,8.52105614497294,2.4946103089597,1.03735626261079e-06,0.000320363223282153,94.7480024224236,94.7007688803102,0,0,0
opposed_delay_200ns,20,0.000107808302699011,0.04861339718925,7.80830269901072,2.77320562149999,1.04540067159189e-06,0.000325061810610664,69.4796318593295,69.4143813695278,0,0,0
opposed_delay_200ns,21,0.000108107760392583,0.048641574899574,8.10776039258336,2.71685020085194,1.04358985608131e-06,0.000322599874942659,58.8350096966151,58.7712107382131,0,0,0
opposed_delay_200ns,22,0.000106992579118029,0.048734092416486,6.99257911802933,2.53181516702802,1.0174582377614e-06,0.000320035383241961,69.3689343453502,69.3036747308466,0,0,0
opposed_delay_200ns,23,0.000107243344469344,0.0485213967851646,7.24334446934416,2.95720642967087,1.03231360400506e-06,0.000324652524452975,63.990314660331,63.9270780126181,0,0,0
opposed_delay_200ns,24,0.000107931852280023,0.0487385002596111,7.93185228002302,2.52299948077778,1.03660275327338e-06,0.000321172394453671,67.2227093370358,67.1710645621524,0,0,0
opposed_delay_200ns,25,0.00010717113839699,0.0484272932845956,7.17113839699037,3.1454134308089,1.02827082103888e-06,0.000321478061917801,61.956452155585,61.8911233677059,0,0,0
opposed_delay_200ns,26,0.000107955641051278,0.0487453128446215,7.95564105127811,2.50937431075695,1.04396084924407e-06,0.000321319882617635,69.621219035382,69.5613728007852,0,0,0
opposed_delay_200ns,27,0.000107331540945775,0.0485988360274397,7.33154094577462,2.80232794512066,1.03390089783766e-06,0.000327992808593274,61.2136482681757,61.1477703485287,0,0,0
opposed_delay_200ns,28,0.000107513623234464,0.0486371261994305,7.51362323446385,2.72574760113905,1.02597913056436e-06,0.000319916027579503,68.462169895382,68.3789348726785,0,0,0
opposed_delay_200ns,29,0.000107223944681295,0.0486896311204782,7.22394468129488,2.62073775904352,1.02887163008575e-06,0.000322186942226078,62.9755183588303,62.9078331301564,0,0,0
opposed_delay_200ns,30,0.000106552979444617,0.0485433136497343,6.55297944461666,2.91337270053135,1.01141443687264e-06,0.000324492266902094,73.6086347199296,73.5487495332571,0,0,0
opposed_delay_200ns,31,0.00010776503181233,0.0486446587493677,7.76503181232999,2.71068250126459,1.03406190171303e-06,0.000318042304877548,76.7932071440218,76.7290946953622,0,0,0
opposed_delay_200ns,32,0.000107828470307032,0.0486669283920567,7.82847030703155,2.66614321588662,1.05471073391624e-06,0.000324320922273289,61.2602452467264,61.194554761555,0,0,0
opposed_delay_200ns,33,0.00010805383706367,0.0486595639801708,8.05383706366976,2.68087203965844,1.03615446171389e-06,0.000318505594470199,73.9451891245425,73.8822209689993,0,0,0
opposed_delay_200ns,34,0.000107655349058966,0.0486716270031868,7.65534905896648,2.65674599362644,1.02154128498307e-06,0.000327143712780175,73.3499134397046,73.2653906636162,0,0,0
opposed_delay_200ns,35,0.000107425950757726,0.0485911212730272,7.42595075772619,2.81775745394551,1.03136925284555e-06,0.000320302625274096,67.5580730629086,67.4945560938247,0,0,0
opposed_delay_200ns,36,0.000106505600359351,0.0485896490928794,6.50560035935082,2.82070181424121,1.01867611243193e-06,0.000319800335975112,58.4268755087199,58.3627377571507,0,0,0
opposed_delay_200ns,37,0.000107549112564329,0.0487947582811533,7.54911256432922,2.41048343769333,1.03251244601066e-06,0.000325240649641814,70.3571213539644,70.3137962827528,0,0,0
opposed_delay_200ns,38,0.000107792627670363,0.0486561592714199,7.79262767036348,2.68768145716026,1.02841271339478e-06,0.000321953959695683,72.4842083523831,72.4083641655026,0,0,0
opposed_delay_200ns,39,0.000106996325343628,0.0486131012146609,6.99632534362762,2.7737975706781,1.01613065223361e-06,0.000323385721579392,72.9476696143135,72.8923949770242,0,0,0
opposed_delay_200ns,40,0.000107612495304432,0.0487175518697548,7.61249530443235,2.56489626049039,1.03329086986703e-06,0.000323519174644232,59.8583711904893,59.7909260806403,0,0,0
opposed_delay_200ns,41,0.000107137920615756,0.0484887506507089,7.13792061575618,3.0224986985823,1.02164493440732e-06,0.000327910441180809,66.227343838275,66.1857921740521,0,0,0
opposed_delay_200ns,42,0.000107769033304296,0.0484472645260626,7.76903330429577,3.10547094787489,1.02617747302157e-06,0.000318663522764564,81.0478534874926,80.9695409972105,0,0,0
opposed_delay_200ns,43,0.000106838454601009,0.0485922365572374,6.83845460100927,2.81552688552519,1.03309048356102e-06,0.000322135451874188,66.0202799514324,65.9258959948005,0,0,0
opposed_delay_200ns,44,0.000108468566244948,0.0487032587726918,8.46856624494807,2.5934824546164,1.05289987111452e-06,0.000322473722389157,87.6009767553651,87.5381871170768,0,0,0
opposed_delay_200ns,45,0.000106873590456068,0.0485741841582967,6.87359045606832,2.85163168340657,1.03073816828797e-06,0.000323154483581134,67.1711615922548,67.1085989268408,0,0,0
opposed_delay_200ns,46,0.000107127304650242,0.0485504361226441,7.12730465024232,2.89912775471174,1.02054321628173e-06,0.000322493192209753,64.9352712818744,64.8693130751457,0,0,0
opposed_delay_200ns,47,0.000107529199813546,0.0484950987825866,7.52919981354563,3.00980243482676,1.03438441066842e-06,0.000324407542591687,57.5059239204548,57.4415888324834,0,0,0
opposed_delay_200ns,48,0.000106764623506375,0.0484288041464125,6.76462350637517,3.142391707175,1.01749669440337e-06,0.000323797893616489,73.0672242576621,73.0102295624573,0,0,0
opposed_delay_200ns,49,0.000107355656614299,0.0486820930517298,7.35565661429873,2.63581389654043,1.03639389942823e-06,0.000323336359100815,97.7028883143833,97.6372709310827,0,0,0
opposed_delay_200ns,50,0.000108452497091584,0.0487034143060214,8.45249709158373,2.59317138795719,1.05045276125162e-06,0.000320722056531424,88.3992909529704,88.3371737482381,0,0,0
opposed_delay_200ns,51,0.000107839728728273,0.0484453130290516,7.83972872827265,3.10937394189671,1.03807065660589e-06,0.000321814993527531,83.9867830855041,83.9216150370244,0,0,0
opposed_delay_200ns,52,0.000108194792676972,0.0488111575730908,8.1947926769725,2.37768485381838,1.03635147171138e-06,0.00032353250466525,63.2633197781341,63.216837315329,0,0,0
opposed_delay_200ns,53,0.000107644324298826,0.048643313096007,7.64432429882553,2.71337380798594,1.02090097610341e-06,0.000324947872779601,68.6914928242268,68.6115464186052,0,0,0
opposed_delay_200ns,54,0.000108214677303387,0.0487652518715478,8.21467730338654,2.4694962569044,1.03585858251982e-06,0.000320204857192171,70.1022500079348,70.0383339920325,0,0,0
opposed_delay_200ns,55,0.000106699303414699,0.0484041083065321,6.69930341469887,3.19178338693589,1.0238410620606e-06,0.000326584062925272,52.6423341657047,52.5754483580224,0,0,0
opposed_delay_200ns,56,0.000107070675048255,0.0486081058427513,7.070675048255,2.78378831449745,1.02932780036974e-06,0.000326426445121432,47.4646953188645,47.3932035374932,0,0,0
opposed_delay_200ns,57,0.0001075390229783,0.0485193283119087,7.53902297829951,2.96134337618253,1.02802622284154e-06,0.000319067911237395,54.8835182895539,54.8332901685113,0,0,0
opposed_delay_200ns,58,0.000107534033946572,0.0486777920848417,7.53403394657222,2.64441583031663,1.02049122977524e-06,0.000320027044391992,61.7010182882926,61.636363832436,0,0,0
opposed_delay_200ns,59,0.000108396508634931,0.0485049644615268,8.39650863493122,2.99007107694639,1.04582086655309e-06,0.000327529785390452,79.0577633228679,79.0123168927959,0,0,0
opposed_delay_200ns,60,0.00010769549355859,0.0484749213637047,7.69549355859023,3.05015727259069,1.0296013974928e-06,0.000328249858592771,80.2581846110135,80.1785647265241,0,0,0
opposed_delay_200ns,61,0.000107399028350358,0.04866693465576,7.39902835035822,2.66613068848003,1.028939679556e-06,0.000322944555025926,57.119051553885,57.0696931093062,0,0,0
opposed_delay_200ns,62,0.000106787010276361,0.04858210627417,6.78701027636064,2.83578745165997,1.00808193131485e-06,0.000322553138208499,65.6700890553948,65.6044983406196,0,0,0
opposed_delay_200ns,63,0.000107047453355207,0.0485393662560613,7.04745335520709,2.92126748787731,1.03194037535771e-06,0.000323370254341037,63.3588722987831,63.3127650682004,0,0,0
opposed_delay_200ns,64,0.000107335476984093,0.0486130470747833,7.33547698409274,2.77390585043347,1.02448824661983e-06,0.000324445017793115,63.960496571706,63.8964351488862,0,0,0
opposed_delay_200ns,65,0.000108179678524412,0.0485238868833255,8.17967852441233,2.95222623334909,1.04793071959398e-06,0.000327417622868549,53.8322857058491,53.7835867981339,0,0,0
opposed_delay_200ns,66,0.000107825770250812,0.0487408072702317,7.82577025081199,2.5183854595366,1.04711931597831e-06,0.000325094963364284,72.5015566661293,72.4293221497213,0,0,0
opposed_delay_200ns,67,0.000107769470397477,0.0484484382980116,7.76947039747717,3.10312340397683,1.03256596149084e-06,0.000327157821891468,71.9105445273595,71.8450340676842,0,0,0
opposed_delay_200ns,68,0.000107413348861676,0.0484879796651957,7.41334886167613,3.02404066960867,1.01849908285637e-06,0.000321297274230221,75.1312197376069,75.0911176291949,0,0,0
opposed_delay_200ns,69,0.000107907477921754,0.0486766132969763,7.90747792175384,2.64677340604738,1.06466341522801e-06,0.000322373284325131,75.0664045827699,75.005211911468,0,0,0
opposed_delay_200ns,70,0.000107420255500266,0.0487549923153591,7.42025550026635,2.4900153692818,1.03517944624915e-06,0.000317414655288385,59.2669099592137,59.2014191900169,0,0,0
opposed_delay_200ns,71,0.000107732089367591,0.0485684113464605,7.73208936759147,2.86317730707897,1.03188580832785e-06,0.000320348720854789,64.1439135258796,64.0522124977782,0,0,0
opposed_delay_200ns,72,0.000107985836247882,0.0486307972734068,7.98583624788229,2.73840545318632,1.04492657933316e-06,0.000325921358990233,74.8101744452569,74.7462967944109,0,0,0
opposed_delay_200ns,73,0.000107854101932731,0.0487542343226879,7.85410193273059,2.49153135462423,1.03122817956251e-06,0.000320655560031655,69.2492034870091,69.1776310664001,0,0,0
opposed_delay_200ns,74,0.000108276996027815,0.0486664644353965,8.27699602781531,2.66707112920702,1.03081204848539e-06,0.00032257757956855,76.5160986638461,76.456418272048,0,0,0
opposed_delay_200ns,75,0.000106663504131495,0.0486088258716509,6.66350413149515,2.7823482566982,1.01285742160814e-06,0.000326506480540009,49.446988779947,49.400104009552,0,0,0
opposed_delay_200ns,76,0.000106938530625042,0.0488232633721888,6.93853062504217,2.35347325562248,1.0161617146395e-06,0.000323206046210592,56.1277367501672,56.0631534596444,0,0,0
opposed_delay_200ns,77,0.000107355055540545,0.0486628657559346,7.35505554054507,2.6742684881309,1.03056674011729e-06,0.00032000539993915,71.3225827533859,71.2756045351786,0,0,0
opposed_delay_200ns,78,0.00010797559476239,0.0485523459963671,7.97559476239049,2.89530800726574,1.03026505257214e-06,0.000325169713691459,75.0116421660172,74.932442835471,0,0,0
opposed_delay_200ns,79,0.000107333445972032,0.0485061477627611,7.33344597203176,2.98770447447781,1.02208992083278e-06,0.000325720393516751,53.820822881356,53.755174977581,0,0,0
opposed_delay_200ns,80,0.000107446119808111,0.0486939149168871,7.44611980811094,2.6121701662259,1.02789049218888e-06,0.000325637896189596,55.9195167739249,55.8712650176545,0,0,0
opposed_delay_200ns,81,0.000107752341995433,0.048417824564311,7.75234199543282,3.16435087137796,1.03276705293452e-06,0.000325033249282954,62.577688487751,62.5115738388344,0,0,0
opposed_delay_200ns,82,0.000108237001409182,0.0485446088815851,8.23700140918153,2.91078223682972,1.03364553335087e-06,0.000327210865696651,81.544917516835,81.4786985005523,0,0,0
opposed_delay_200ns,83,0.000107374805487911,0.0487138190426354,7.37480548791132,2.5723619147292,1.02001326355857e-06,0.000327383877773681,55.2369434822866,55.187613865525,0,0,0
opposed_delay_200ns,84,0.000107377795938151,0.0484604575346027,7.37779593815064,3.07908493079451,1.03443908098271e-06,0.000321573328676814,58.8808813269495,58.8293992215644,0,0,0
opposed_delay_200ns,85,0.000106522554155823,0.0484778648751391,6.52255415582297,3.04427024972184,1.02491338270191e-06,0.000323168833124362,60.0031786357303,59.9338150057615,0,0,0
opposed_delay_200ns,86,0.000107480324646584,0.0486073037955108,7.48032464658366,2.78539240897837,1.02241004845779e-06,0.000326413115512816,61.2848529309637,61.2355260680984,0,0,0
opposed_delay_200ns,87,0.000106786837185197,0.0486736825924755,6.78683718519697,2.65263481504898,1.02513229243983e-06,0.000321065325568282,59.1173568530573,59.0709495639814,0,0,0
opposed_delay_200ns,88,0.00010722335219647,0.0488989727714616,7.22335219646961,2.20205445707682,1.02023696873269e-06,0.000323724437215639,57.1053705521125,57.0536548145277,0,0,0
opposed_delay_200ns,89,0.000107064723079167,0.0485712687711001,7.0647230791673,2.85746245779973,1.02698481961123e-06,0.00032095537428238,37.2566370862234,37.2067431614733,0,0,0
opposed_delay_200ns,90,0.000107846911347152,0.0485695887493117,7.84691134715152,2.8608225013765,1.03611487255531e-06,0.000325451651047436,48.810322350846,48.7445182400081,0,0,0
opposed_delay_200ns,91,0.000107309944841676,0.0485389334118621,7.309944841676,2.92213317627583,1.02271519893836e-06,0.000318768302470344,64.8568823192294,64.8121320591589,0,0,0
opposed_delay_200ns,92,0.000107936624063661,0.0484115410029249,7.93662406366107,3.17691799415029,1.04589192067362e-06,0.000319622118598112,67.0133844711631,66.9483087427075,0,0,0
opposed_delay_200ns,93,0.000107593706509202,0.0487153130369829,7.59370650920228,2.56937392603422,1.02109855891226e-06,0.000323650737020738,75.9423660569755,75.8797723937684,0,0,0
opposed_delay_200ns,94,0.00010771025628961,0.0484827754782969,7.71025628960971,3.03444904340628,1.03645635808158e-06,0.000324913943663651,66.8425411285248,66.7753250544184,0,0,0
opposed_delay_200ns,95,0.000107897728660161,0.0486889207519183,7.89772866016114,2.62215849616342,1.02469304581334e-06,0.000325328482246415,73.1931504356756,73.1264081041819,0,0,0
opposed_delay_200ns,96,0.000107203562444843,0.04881553146171,7.20356244484346,2.36893707657995,1.0222785451958e-06,0.000325226762457711,56.7380770809248,56.6713608726599,0,0,0
opposed_delay_200ns,97,0.000108742544979677,0.0485596193207983,8.74254497967693,2.88076135840349,1.0444305729975e-06,0.000324991546866436,93.7622239852297,93.7007908230781,0,0,0
opposed_delay_200ns,98,0.000105858739371638,0.0487215150166453,5.85873937163843,2.55696996670937,1.00376173130858e-06,0.000324878548438312,58.6756347127432,58.6092944812434,0,0,0
opposed_delay_200ns,99,0.000107521135162616,0.0484150330337949,7.52113516261586,3.16993393241023,1.02995059316685e-06,0.000330177071383438,88.5660877275262,88.525727041332,0,0,0
opposed_delay_200ns,100,0.000107665896509454,0.0485683212473309,7.665896509454,2.86335750533813,1.02700115461992e-06,0.000320178480184741,87.5099895893839,87.4683334158522,0,0,0
modelB_20nH,1,9.96843262296215e-05,0.0499612844545331,0.315673770378544,0.0774310909338771,8.68190980029446e-07,0.000307990179230785,1.7497286938398,1.65711746543975,1,1,1
modelB_20nH,2,9.90922021513847e-05,0.0502975231769277,0.907797848615288,0.595046353855366,8.57903516121422e-07,0.000309026224397551,5.26460735828894,5.18400139705631,1,1,1
modelB_20nH,3,9.95523331566467e-05,0.0500650001245083,0.447666843353256,0.130000249016615,8.65896213014199e-07,0.000309042114209686,1.17988799349994,1.10681007941709,1,1,1
modelB_20nH,4,9.99183483755189e-05,0.0501366070323903,0.0816516244811272,0.273214064780647,8.72269222234648e-07,0.000309723195966569,1.45927684743042,1.40458240002886,1,1,1
modelB_20nH,5,0.000100257935462611,0.0503366458134701,0.257935462611081,0.673291626940165,8.82406362053496e-07,0.000311642923638713,0.303128957949729,0.211809003330593,1,1,1
modelB_20nH,6,9.97218264033482e-05,0.0504277958372642,0.278173596651754,0.855591674528378,8.6883570076053e-07,0.000308639109371823,2.38204177639533,2.31291574522149,1,1,1
modelB_20nH,7,9.94170139493714e-05,0.050107050505898,0.582986050628598,0.214101011796086,8.63550695662749e-07,0.000307817347035383,3.86425524753349,3.76666462372262,1,1,1
modelB_20nH,8,9.95442609670496e-05,0.0500671505471198,0.455739032950375,0.134301094239553,8.65750391834963e-07,0.000309618579810162,0.348879001152519,0.257584546030163,1,1,1
modelB_20nH,9,9.949419923442e-05,0.0501946683817253,0.505800765579967,0.389336763450521,8.64865479609907e-07,0.000308638879763927,2.14748913293539,2.09348504543588,1,1,1
modelB_20nH,10,0.000100412649456999,0.0502536949666607,0.412649456999126,0.507389933321356,8.80921492405705e-07,0.000310456242710822,3.40888191211829,3.30648369959353,1,1,1
modelB_20nH,11,9.95402960212226e-05,0.0501854758212366,0.459703978777426,0.370951642473094,8.65680711842534e-07,0.000307773613151186,1.00903840617712,0.915071652033362,1,1,1
modelB_20nH,12,0.000100009849435986,0.05019939549939,0.00984943598609789,0.398790998780019,8.73877947125004e-07,0.000309878027454512,0.264545669685331,0.174235634154821,1,1,1
modelB_20nH,13,0.000100217050425652,0.0501142808962661,0.217050425652476,0.2285617925321,8.80300080629757e-07,0.000308337844669087,3.88757334844599,3.7847694916417,1,1,1
modelB_20nH,14,9.95563028153558e-05,0.0500394829730066,0.443697184644198,0.0789659460131098,8.66537321452445e-07,0.000308340134622356,1.37126781145911,1.27864836257768,1,1,1
modelB_20nH,15,9.95834469907457e-05,0.0500867694501712,0.416553009254261,0.173538900342307,8.66426167462683e-07,0.000311485576221985,0.427880906947806,0.305960191437256,1,1,1
modelB_20nH,16,9.9957448265658e-05,0.0501689903291701,0.0425517343420223,0.337980658340142,8.78148552786758e-07,0.000309413909867439,2.80607978273816,2.71266582921915,1,1,1
modelB_20nH,17,9.89967741519763e-05,0.0500989687088546,1.0032258480237,0.197937417709282,8.56268025532226e-07,0.000308468316694892,0.925343206996981,0.856441671787141,1,1,1
modelB_20nH,18,0.000100682628743501,0.0501235004894547,0.682628743500735,0.247000978909395,8.85773736124435e-07,0.000307854940284489,0.653460083886308,0.582420342884143,1,1,1
modelB_20nH,19,9.92407316856301e-05,0.050233259902996,0.759268314369876,0.466519805992016,8.60495019196763e-07,0.00031146596774842,2.52296606896396,2.4275054543309,1,1,1
modelB_20nH,20,9.91687562291689e-05,0.0501686321995513,0.831243770831092,0.337264399102599,8.59240508612578e-07,0.000306919592215431,2.09689607386982,2.02376120884296,1,1,1
modelB_20nH,21,9.92888925613689e-05,0.0500139285009506,0.711107438631053,0.0278570019011992,8.61327534077719e-07,0.000307732391099278,0.263496012297086,0.17345280708454,1,1,1
modelB_20nH,22,9.97831125281276e-05,0.0501565920092937,0.216887471872407,0.313184018587398,8.69922945520503e-07,0.000307694810019613,0.634996270208791,0.519157140843929,1,1,1
modelB_20nH,23,9.95076784217279e-05,0.0499884601445743,0.492321578272126,0.0230797108514369,8.6513672595541e-07,0.000311528473206944,2.3977769714873,2.30433507347538,1,1,1
modelB_20nH,24,9.94733828980227e-05,0.0502434035898758,0.526617101977334,0.48680717975158,8.64524398097887e-07,0.000308914663335537,4.9863561452346,4.94371200179806,1,1,1
modelB_20nH,25,9.96511634294691e-05,0.050231090233536,0.348836570530919,0.462180467072049,8.6761066313373e-07,0.000309781385616319,0.655129079337402,0.582214277424295,1,1,1
modelB_20nH,26,9.98661819194257e-05,0.050197926437612,0.133818080574333,0.395852875223945,8.71356307193184e-07,0.00030852193679662,1.75255633893389,1.67888408588328,1,1,1
modelB_20nH,27,0.000100357681858167,0.0500193737157914,0.357681858167314,0.0387474315827419,8.79974021918373e-07,0.000311425060133379,3.30434339151876,3.20326838232594,1,1,1
modelB_20nH,28,9.96778192382898e-05,0.0502724067910285,0.322180761710178,0.544813582056936,8.68097241470431e-07,0.0003121342730621,0.48721226120489,0.389889824407742,1,1,1
modelB_20nH,29,9.9956021400099e-05,0.0502176085928173,0.0439785999009734,0.435217185634529,8.78572225162884e-07,0.000312093564043165,1.84964312950149,1.77158231464364,1,1,1
modelB_20nH,30,9.98089102981162e-05,0.0499230324694726,0.191089701883829,0.153935061054877,8.70366915293688e-07,0.000307629679704964,1.22953995446335,1.13792138717224,1,1,1
modelB_20nH,31,9.92593876685549e-05,0.0501874348369845,0.740612331445123,0.374869673969025,8.60814917317956e-07,0.000308732803492791,1.33418504770054,1.2590623954037,1,1,1
modelB_20nH,32,0.000100243822550256,0.0500556195267164,0.243822550256323,0.111239053432821,8.78095010335497e-07,0.000310150588203623,1.09269072103168,0.99068709516063,1,1,1
modelB_20nH,33,9.90786068658731e-05,0.0503609133218486,0.921393134126947,0.721826643697243,8.57661550809385e-07,0.000308563118793336,2.29512589267504,2.19121018122849,1,1,1
modelB_20nH,34,9.96030855231496e-05,0.04999757966096,0.39691447685043,0.00484067808004252,8.66833058621023e-07,0.000309818668820647,0.659026629675711,0.563303615634035,1,1,1
modelB_20nH,35,9.99314864576527e-05,0.0500277560555073,0.0685135423473149,0.0555121110146439,8.75300827575438e-07,0.000308587089950606,0.814414217027887,0.760294976512008,1,1,1
modelB_20nH,36,9.95640287360529e-05,0.0501312352697043,0.435971263947077,0.262470539408577,8.66095471198299e-07,0.000308119593944687,1.490530278976,1.41903518278395,1,1,1
modelB_20nH,37,9.92102216346928e-05,0.0500823233881139,0.78977836530717,0.16464677622785,8.59955458934637e-07,0.000307674889363844,1.66453612173481,1.59138587257205,1,1,1
modelB_20nH,38,0.000100021013307472,0.0501280033033429,0.0210133074717955,0.256006606685766,8.74083686691783e-07,0.000308770431957381,0.378709565119401,0.269225317658432,1,1,1
modelB_20nH,39,9.96073494039949e-05,0.0501319616551883,0.392650596005084,0.263923310376657,8.6687508189159e-07,0.000308487262644563,1.00341845894717,0.931365379735851,1,1,1
modelB_20nH,40,9.93352848741353e-05,0.0501790175251525,0.664715125864701,0.358035050305094,8.64237609400989e-07,0.000307161228722668,0.381414141711899,0.31293127541741,1,1,1
modelB_20nH,41,9.99267526190953e-05,0.0500285458626292,0.0732473809046952,0.0570917252582959,8.7244236929715e-07,0.000308986938305024,1.79938632583584,1.70116262249621,1,1,1
modelB_20nH,42,0.000100290795618606,0.0503264841468371,0.29079561860621,0.65296829367425,8.78790541304816e-07,0.000310599238742737,3.10350350717052,3.02384647912019,1,1,1
modelB_20nH,43,9.97221263324015e-05,0.0503672526682552,0.277873667598505,0.734505336510405,8.68854181025284e-07,0.000307718957591492,1.634599805453,1.53902928313307,1,1,1
modelB_20nH,44,9.90476797301524e-05,0.0501174644472678,0.952320269847629,0.234928894535513,8.57128944525072e-07,0.000307396468909735,0.235624072059237,0.162516239527593,1,1,1
modelB_20nH,45,0.000100049468281781,0.05008158522442,0.049468281781273,0.16317044884,8.74554443380002e-07,0.000309740996669027,0.670801802676771,0.598087617359453,1,1,1
modelB_20nH,46,9.97333924407073e-05,0.0500708721129359,0.266607559292653,0.141744225871854,8.69046040110777e-07,0.000310612245898139,1.33722294950094,1.24946914900715,1,1,1
modelB_20nH,47,9.94505844572642e-05,0.0500944698488908,0.54941554273582,0.188939697781643,8.68665488870746e-07,0.000309440909303143,1.2335505973255,1.1657259485297,1,1,1
modelB_20nH,48,0.000100155193421507,0.050120122635261,0.155193421507094,0.240245270521888,8.79707841011277e-07,0.000309368496963936,0.191643264352923,0.126139787429909,1,1,1
modelB_20nH,49,9.98106034988338e-05,0.0501047721819555,0.189396501166195,0.209544363911029,8.70406805621606e-07,0.000307146123473786,0.497353271512785,0.427905748619412,1,1,1
modelB_20nH,50,9.99282586864922e-05,0.0501378125058437,0.0717413135077671,0.275625011687364,8.72450887544676e-07,0.000309443975604021,1.9798492317292,1.90383778888519,1,1,1
modelB_20nH,51,9.9546902918865e-05,0.0501489688284279,0.453097081135001,0.297937656855862,8.65817820711356e-07,0.000308699041354989,2.2007853222667,2.11997036536761,1,1,1
modelB_20nH,52,9.92174051612632e-05,0.0503339105266576,0.782594838736805,0.667821053315243,8.60083216477327e-07,0.000308570293655135,4.2248892391342,4.12631339362265,1,1,1
modelB_20nH,53,9.96263660795775e-05,0.050110984056311,0.373633920422545,0.221968112622029,8.67169857522804e-07,0.000312939372723493,2.35880639822883,2.28268037843471,1,1,1
modelB_20nH,54,9.93326927197454e-05,0.0501025168494892,0.667307280254559,0.20503369897833,8.62071944671036e-07,0.000309204215183286,3.05910770686041,2.98033982070715,1,1,1
modelB_20nH,55,0.000100364616155306,0.0500292398979717,0.364616155305941,0.0584797959432892,8.80085261979881e-07,0.000307576315466216,0.466736823576629,0.397437166856185,1,1,1
modelB_20nH,56,9.99425913941322e-05,0.0500704864576918,0.0574086058677592,0.140972915383508,8.7269895624012e-07,0.000308561931828448,4.08055255188403,3.98018409407905,1,1,1
modelB_20nH,57,9.96484018309335e-05,0.0504196061124033,0.351598169066492,0.839212224806496,8.67551807286977e-07,0.00030888376009615,2.76419157792513,2.69413366360865,1,1,1
modelB_20nH,58,0.000100110250336315,0.050134344611716,0.11025033631511,0.268689223432039,8.75634654346674e-07,0.000310162913920933,0.48137116967999,0.406121940170409,1,1,1
modelB_20nH,59,0.000100082347705203,0.0501759826133534,0.0823477052033672,0.351965226706774,8.75154052516359e-07,0.000307756405694191,0.374943578306652,0.305261436191549,1,1,1
modelB_20nH,60,0.000100250247787097,0.0504683250167944,0.250247787096791,0.936650033588826,8.78090418113454e-07,0.000311001726717984,1.84611425796916,1.75105423139415,1,1,1
modelB_20nH,61,0.000100015908148091,0.0502338979414592,0.0159081480905821,0.467795882918387,8.73975619806364e-07,0.000306791413515892,2.00337816054269,1.90865847082279,1,1,1
modelB_20nH,62,9.93309931300376e-05,0.050111994299614,0.669006869962396,0.223988599227898,8.62040875787417e-07,0.000308582550133972,3.4148475070689,3.34336032620071,1,1,1
modelB_20nH,63,0.000100069577454444,0.0501500672328303,0.0695774544436922,0.300134465660595,8.74933946951719e-07,0.000312238378038654,1.53192457916736,1.44085857328037,1,1,1
modelB_20nH,64,0.000100455484406299,0.0502188421958433,0.455484406299123,0.437684391686566,8.81674090777682e-07,0.000308931082721582,0.889171522571614,0.815115038878961,1,1,1
modelB_20nH,65,9.92199842019558e-05,0.0504262820783294,0.780015798044242,0.852564156658753,8.60129221093627e-07,0.000309332998018018,1.64462662134441,1.54837888172093,1,1,1
modelB_20nH,66,0.000100372615623827,0.0501723344890902,0.372615623827466,0.344668978180329,8.80234325186933e-07,0.000311676008709076,1.4952274586597,1.42316784063748,1,1,1
modelB_20nH,67,9.93012310289954e-05,0.0502358788232259,0.698768971004604,0.471757646451709,8.62002448017365e-07,0.000310516541825337,0.0779147877362099,0.00971981954812328,1,1,1
modelB_20nH,68,0.000100234080798737,0.0501648587292117,0.234080798736969,0.329717458423451,8.7779228878639e-07,0.000308383064244413,0.126108695079363,0.0590982968131367,1,1,1
modelB_20nH,69,9.97438018235064e-05,0.0500903749236658,0.256198176493572,0.180749847331652,8.69213981245372e-07,0.000308528821879058,1.13599710889594,1.0661371963306,1,1,1
modelB_20nH,70,9.97962576879233e-05,0.050136996567544,0.203742312076671,0.273993135087958,8.70144793906591e-07,0.00030868836139781,3.33542120921328,3.26118904700433,1,1,1
modelB_20nH,71,9.95358586193297e-05,0.0502717068020216,0.464141380670302,0.543413604043153,8.65603072142605e-07,0.000306980427100598,4.60652273523433,4.52195795941699,1,1,1
modelB_20nH,72,9.99044709821424e-05,0.0503611758961178,0.0955290178576318,0.722351792235543,8.72036857012138e-07,0.000310574346689707,1.23556729250643,1.13675986508132,1,1,1
modelB_20nH,73,0.000100213927361235,0.0500388371771443,0.213927361235222,0.0776743542885372,8.77459378695939e-07,0.000308424587545301,0.913084327552163,0.843780884477771,1,1,1
modelB_20nH,74,9.95254778744786e-05,0.0500343910972784,0.474522125521393,0.0687821945567491,8.65434028535029e-07,0.000307150525134351,0.904168129634826,0.835005914120764,1,1,1
modelB_20nH,75,0.000100127028410325,0.0503057283146056,0.127028410324703,0.611456629211249,8.75943887658707e-07,0.000307253326974557,0.883816485454222,0.806908500559922,1,1,1
modelB_20nH,76,9.99080399040234e-05,0.0502567151527205,0.0919600959765843,0.513430305440976,8.72100196602613e-07,0.000311345705315638,0.58754206241163,0.495871306562246,1,1,1
modelB_20nH,77,0.0001004181714128,0.0500947628935906,0.41817141279985,0.1895257871811,8.81034908475668e-07,0.000307003918206089,0.792508140229818,0.692788086330829,1,1,1
modelB_20nH,78,9.99362066327227e-05,0.0500276421423851,0.0637933672773427,0.055284284770285,8.72602501740952e-07,0.00030762612935555,2.67647610304955,2.60118384316813,1,1,1
modelB_20nH,79,9.97017428385376e-05,0.0501066805107322,0.298257161462379,0.213361021464431,8.68522617352738e-07,0.000312083047733404,0.476922295907663,0.356140100065297,1,1,1
modelB_20nH,80,9.97686122387184e-05,0.0502512171315728,0.231387761281643,0.502434263145579,8.72771651801771e-07,0.000310640390613818,3.03998880676682,2.93399680789699,1,1,1
modelB_20nH,81,9.96247909914305e-05,0.0501184852173504,0.375209008569521,0.236970434700745,8.67164758972042e-07,0.000310469142125315,0.296500681219727,0.227051607511715,1,1,1
modelB_20nH,82,9.92448531976878e-05,0.0501600775303685,0.755146802312179,0.320155060737015,8.60548348012842e-07,0.000308796101364943,3.13011020442728,3.02605221534997,1,1,1
modelB_20nH,83,9.89101032551783e-05,0.050035892901623,1.08989674482168,0.0717858032460494,8.54756290696579e-07,0.000308114677405237,2.68416865243876,2.59122429120101,1,1,1
modelB_20nH,84,0.000100771566017581,0.0501679564595008,0.771566017581171,0.335912919001569,8.87242503973449e-07,0.000307548384623637,2.76940686381437,2.67670274092294,1,1,1
modelB_20nH,85,9.99340507064871e-05,0.0501000816781311,0.0659492935128791,0.200163356262206,8.72565068280865e-07,0.000312175870552536,0.212681053025287,0.128917972114194,1,1,1
modelB_20nH,86,9.96533869415403e-05,0.0503609013186384,0.34661305845971,0.721802637276747,8.67649319111665e-07,0.000306574520052038,0.851392714873723,0.754607628678873,1,1,1
modelB_20nH,87,0.000100223320003434,0.0501103804002928,0.223320003433791,0.220760800585551,8.7761374368698e-07,0.000308960237320677,0.140523747362767,0.0497101347310486,1,1,1
modelB_20nH,88,0.000100452988106942,0.0504059097016328,0.452988106941543,0.811819403265512,8.81632922983773e-07,0.000311507280874941,0.699021892359002,0.611850375365756,1,1,1
modelB_20nH,89,9.96265542193219e-05,0.0503439737290124,0.373445780678106,0.687947458024785,8.67182877707809e-07,0.000311456929186942,2.00245479833032,1.90773982240037,1,1,1
modelB_20nH,90,9.95070095056555e-05,0.0501970421019847,0.49299049434447,0.394084203969425,8.6511345154842e-07,0.000307656741385228,1.79882680837206,1.7280330606924,1,1,1
modelB_20nH,91,9.97796468231044e-05,0.0503787004961486,0.22035317689556,0.757400992297286,8.69861346889991e-07,0.000309192008450646,0.809253810533819,0.741050214207873,1,1,1
modelB_20nH,92,9.97861036402841e-05,0.0503049542914807,0.213896359715937,0.609908582961416,8.69959072525452e-07,0.000308004803414662,3.3680868440928,3.26835877642649,1,1,1
modelB_20nH,93,0.000100033503458485,0.0502960834196839,0.0335034584846072,0.592166839367714,8.74290990932418e-07,0.000310618532947136,2.25991579179611,2.16772008589819,1,1,1
modelB_20nH,94,0.000100052088641918,0.0498924411769996,0.0520886419177025,0.215117646000806,8.74606368790086e-07,0.000310178244158319,2.05975844471169,1.98482556976086,1,1,1
modelB_20nH,95,9.85230890364864e-05,0.0501814425631897,1.4769109635136,0.362885126379453,8.48101203357536e-07,0.000310832080928051,0.641336954305953,0.567817614574833,1,1,1
modelB_20nH,96,9.94028082542633e-05,0.05010282547764,0.597191745736692,0.205650955279935,8.63306609648357e-07,0.000308856102528087,2.70318457039987,2.63033075525675,1,1,1
modelB_20nH,97,9.93390228231087e-05,0.0501225040092195,0.660977176891353,0.245008018439008,8.62191776085184e-07,0.000309659453857857,1.21385539433641,1.12030936712033,1,1,1
modelB_20nH,98,0.000100234721973542,0.0500154961437295,0.234721973541885,0.0309922874589308,8.77824593376042e-07,0.000313520884187542,0.203027339387275,0.13799706604579,1,1,1
modelB_20nH,99,9.94683429478846e-05,0.0501132479483289,0.531657052115442,0.226495896657841,8.64457872721524e-07,0.000311216627683941,1.20267624062994,1.10226694006648,1,1,1
modelB_20nH,100,9.88990794557657e-05,0.0501659622985381,1.1009205442343,0.331924597076183,8.57343726137596e-07,0.000310019644702004,2.59072326209513,2.49242025880487,1,1,1
