path_id,ADC_mode,voltage_architecture,nominal_bits,ENOB,fs_adc_Hz,multi_cycle,quantization_case,calibration_level,fusion_method,C_est_F,ESR_est_Ohm,C_MAPE_percent,C_MAPE_p95_percent,ESR_MAPE_percent,ESR_MAPE_p95_percent,C_bias_percent,ESR_bias_percent,C_variance,ESR_variance,NIS_C_mean,NIS_R_mean,NEES_mean,CI_C_95_coverage,CI_ESR_95_coverage,accuracy_pass,confidence_pass
native_12_V1,native_12bit_highspeed,V1,12,10.5,4000000,1,Q1_deterministic,Cal3,TS_SLTVKE_sequential,9.33936736779334e-05,0.0566139965794787,21.5282823092641,45.6044558231973,35.3038690884542,66.7372965252008,-6.60632632206661,13.2279931589575,6.7152116828728e-10,0.000397792479948232,0,0,6.57736642567821,0.6875,0.9375,0,0
native_12_V1,native_12bit_highspeed,V1,12,10.5,4000000,1,Q1_deterministic,Cal3,weighted_batch_average,0.000109117325715962,0.0501355800001611,11.8656954886238,14.4866410013723,27.5788868864385,64.5294459499263,9.11732571596162,0.271160000322102,9.29895798013701e-11,0.00028145213522943,0,0,1.5172393484325,0.96875,1,0,1
native_12_V1,native_12bit_highspeed,V1,12,10.5,4000000,1,Q1_deterministic,Cal3,robust_trimmed_mean,0.000107281771127767,0.053919254681781,12.7639826320238,40.4834134371444,32.0792643551875,64.6807859673002,7.2817711277674,7.83850936356199,1.7616456573581e-10,0.000356895446152636,0,0,2.2856057605747,0.9375,1,0,1
native_12_V1,native_12bit_highspeed,V1,12,10.5,4000000,1,Q2_2mV,Cal3,TS_SLTVKE_sequential,3817455927.55245,0.0577863384807175,3.81745592755238e+15,1.2339046468185e+16,67.6082676160957,149.951950930132,3.81745592755235e+15,15.5726769614351,3.20658062953986e+19,0.00179093931126335,0,0,4.47902854777566,0.90625,0.96875,0,1
native_12_V1,native_12bit_highspeed,V1,12,10.5,4000000,1,Q2_2mV,Cal3,weighted_batch_average,2281140502.2987,0.0537775788742728,2.28114050229865e+15,1.22172100344783e+16,73.698442158601,210.798678318204,2.2811405022986e+15,7.55515774854552,2.25504462711889e+19,0.00219539618522864,0,0,3.58599697842816,0.875,0.9375,0,0
native_12_V1,native_12bit_highspeed,V1,12,10.5,4000000,1,Q2_2mV,Cal3,robust_trimmed_mean,2672826783.8915,0.0502757610043506,2.67282678389145e+15,1.23193333206733e+16,72.2026866806515,217.838115954864,2.6728267838914e+15,0.551522008701166,2.55175277762167e+19,0.0022058914268188,0,0,5.85255465865938,0.84375,0.9375,0,0
native_12_V1,native_12bit_highspeed,V1,12,10.5,4000000,1,Q3_full_nonideal,Cal3,TS_SLTVKE_sequential,3074651920.67242,0.0489722663077442,3.07465192067236e+15,1.23200264558351e+16,81.7933100968726,150.05031820414,3.07465192067232e+15,-2.05546738451159,2.83607855977413e+19,0.00228942894253657,0,0,11.5709571809936,0.78125,0.96875,0,0
native_12_V1,native_12bit_highspeed,V1,12,10.5,4000000,1,Q3_full_nonideal,Cal3,weighted_batch_average,2652646542.21848,0.0523724928505205,2.65264654221843e+15,1.22556093476681e+16,87.4096189524459,143.656283115872,2.65264654221838e+15,4.74498570104103,2.51360946613819e+19,0.00273903845775692,0,0,2.88853965395081,0.9375,0.96875,0,1
native_12_V1,native_12bit_highspeed,V1,12,10.5,4000000,1,Q3_full_nonideal,Cal3,robust_trimmed_mean,3049440228.29362,0.0423242050379678,3.04944022829357e+15,1.23269733161517e+16,78.0258960233642,219.036024942645,3.04944022829352e+15,-15.3515899240644,2.79011128880433e+19,0.00225589513703924,0,0,5.70223580495182,0.84375,0.9375,0,0
native_12_V1,native_12bit_highspeed,V1,12,10.5,4000000,4,Q1_deterministic,Cal3,TS_SLTVKE_sequential,9.32745178741617e-05,0.0565980655595589,21.2409486688637,45.033164712553,35.278044991256,65.460244160712,-6.72548212583827,13.1961311191177,6.57364936208753e-10,0.000396934087713689,0,0,6.46035732746442,0.6875,1,0,0
native_12_V1,native_12bit_highspeed,V1,12,10.5,4000000,4,Q1_deterministic,Cal3,weighted_batch_average,0.000108968750099504,0.0500792104165975,11.7616432437498,12.9399261032949,27.8623718797683,64.2262394608284,8.96875009950395,0.158420833194906,9.33853174511907e-11,0.000285793281311123,0,0,1.55529866512215,0.96875,1,0,1
native_12_V1,native_12bit_highspeed,V1,12,10.5,4000000,4,Q1_deterministic,Cal3,robust_trimmed_mean,0.000107135395465186,0.053999605654849,12.720419691548,41.2893772441137,32.4176109854236,65.6035625177863,7.13539546518636,7.99921130969796,1.79411520187494e-10,0.000364989337354228,0,0,2.3668026896093,0.9375,1,0,1
native_12_V1,native_12bit_highspeed,V1,12,10.5,4000000,4,Q2_2mV,Cal3,TS_SLTVKE_sequential,383655196.121708,0.0511037369935529,383655196121639,342.572647084586,38.2945615951472,83.6101402667876,383655196121608,2.2074739871057,4.56293059484361e+18,0.000532324651499819,0.836630686816594,0.852123847683568,3.51398954638973,0.8125,0.96875,0,0
native_12_V1,native_12bit_highspeed,V1,12,10.5,4000000,4,Q2_2mV,Cal3,weighted_batch_average,382856165.454654,0.050819216353402,382856165454583,344.945440881827,42.6226722940178,102.256478728338,382856165454554,1.63843270680395,4.54394414622265e+18,0.000661967343829134,0.831466299860936,0.831466299860936,7.39363200488455,0.90625,0.9375,0,0
native_12_V1,native_12bit_highspeed,V1,12,10.5,4000000,4,Q2_2mV,Cal3,robust_trimmed_mean,0.000121839365813425,0.0487314679143467,66.8403544744959,343.060086943347,39.6393520728718,104.701930051633,21.8393658134254,-2.53706417130652,1.25652021539937e-08,0.000634173808050232,0.908932104195806,0.650712756412907,5.17907881972566,0.6875,0.9375,0,0
native_12_V1,native_12bit_highspeed,V1,12,10.5,4000000,4,Q3_full_nonideal,Cal3,TS_SLTVKE_sequential,1141909301.62457,0.050798903706828,1.14190930162449e+15,1.21789157933763e+16,41.1727530895101,84.4903551012219,1.14190930162447e+15,1.597807413656,1.26049308989414e+19,0.000599893598175134,1.14132951720042,1.14132951720042,2.55271321337192,0.9375,1,0,1
native_12_V1,native_12bit_highspeed,V1,12,10.5,4000000,4,Q3_full_nonideal,Cal3,weighted_batch_average,757585284.811173,0.0550632519416572,757585284811109,1.0859161077659e+16,50.3404878709524,123.68518716623,757585284811074,10.1265038833145,8.60922537517218e+18,0.00098188373649306,0.97606913461936,1.0690280998212,8.3861273857059,0.78125,0.84375,0,0
native_12_V1,native_12bit_highspeed,V1,12,10.5,4000000,4,Q3_full_nonideal,Cal3,robust_trimmed_mean,384638677.729535,0.0576164641674185,384638677729464,346.92369507936,59.9507974368736,170.002101007281,384638677729435,15.2329283348371,4.58635428456782e+18,0.00132657096504998,1.03804177808726,1.01221984330897,7.04154435181747,0.84375,0.875,0,0
native_12_V1,native_12bit_highspeed,V1,12,10.5,4000000,16,Q1_deterministic,Cal3,TS_SLTVKE_sequential,9.33612049417089e-05,0.0565785904338804,21.3125599672609,44.8902996555202,35.4362218624772,65.5234656341555,-6.63879505829114,13.1571808677608,6.59316602442858e-10,0.000399942494929232,0,0,6.45883451400222,0.6875,1,0,0
native_12_V1,native_12bit_highspeed,V1,12,10.5,4000000,16,Q1_deterministic,Cal3,weighted_batch_average,0.000108827297408525,0.0501283442056464,11.604050515815,11.3608113897,27.9518936316414,65.1564836841885,8.82729740852506,0.256688411292805,9.16097747254192e-11,0.000288733842443721,0,0,1.55013019153952,0.96875,1,0,1
native_12_V1,native_12bit_highspeed,V1,12,10.5,4000000,16,Q1_deterministic,Cal3,robust_trimmed_mean,0.000107136232838801,0.0540337271225529,12.7063489647563,41.2108790662984,32.5141451292037,65.820397590897,7.1362328388012,8.06745424510575,1.78256453607373e-10,0.000367470734553386,0,0,2.36349768286851,0.9375,1,0,1
native_12_V1,native_12bit_highspeed,V1,12,10.5,4000000,16,Q2_2mV,Cal3,TS_SLTVKE_sequential,0.00010267212518683,0.0501776875359141,21.7007954879827,72.6963189847125,19.0342959552034,56.1747939911802,2.67212518683035,0.355375071828101,1.23014980850969e-09,0.000158005435292629,1.09614113133841,0.884401266156431,2.53372648581516,0.875,0.9375,0,0
native_12_V1,native_12bit_highspeed,V1,12,10.5,4000000,16,Q2_2mV,Cal3,weighted_batch_average,0.000102590274913697,0.0489003752570719,26.2302170387598,60.9437883287663,21.8268380512356,58.4473342247639,2.59027491369712,-2.19924948585623,9.96869052071862e-10,0.000199968872348135,1.01480203678679,0.998017779180906,4.53598894628046,0.875,0.90625,0,0
native_12_V1,native_12bit_highspeed,V1,12,10.5,4000000,16,Q2_2mV,Cal3,robust_trimmed_mean,0.000103800978607815,0.0518364411775466,24.0780935079059,88.9945543457859,19.1666004830641,63.2937361042529,3.80097860781541,3.67288235509324,1.43937050362532e-09,0.000183455943914047,0.988980102008505,0.937336232451925,2.24158562531637,0.9375,0.9375,0,1
native_12_V1,native_12bit_highspeed,V1,12,10.5,4000000,16,Q3_full_nonideal,Cal3,TS_SLTVKE_sequential,0.000148078449399393,0.050815244925052,60.8141161262763,246.40187594629,43.5193318994349,94.876703580935,48.0784493993932,1.63048985010397,6.01151472244798e-09,0.000684376950390749,1.24849054653032,1.11808977589995,6.45402633064634,0.875,0.625,0,0
native_12_V1,native_12bit_highspeed,V1,12,10.5,4000000,16,Q3_full_nonideal,Cal3,weighted_batch_average,0.000117664181643621,0.0486898271665317,43.8988591671462,145.425771782178,31.3849785246839,75.5280179339546,17.6641816436213,-2.6203456669367,3.92029759034147e-09,0.000371571570215488,1.14391171067824,1.39051118781091,7.56094551650496,0.78125,0.8125,0,0
native_12_V1,native_12bit_highspeed,V1,12,10.5,4000000,16,Q3_full_nonideal,Cal3,robust_trimmed_mean,0.000125957905771163,0.0471036984224071,48.2419500407096,198.637275139615,27.3093358414955,54.9167271128219,25.9579057711633,-5.79260315518572,5.06543917698303e-09,0.000242463191172545,1.35952486607697,1.31433648021496,4.46589766875631,0.8125,0.90625,0,0
native_12_V1,native_12bit_highspeed,V1,12,10.5,4000000,64,Q1_deterministic,Cal3,TS_SLTVKE_sequential,9.33207185553494e-05,0.0565796665280616,21.2601351302068,44.784531601998,35.3138407592643,65.1310730369767,-6.67928144465064,13.1593330561232,6.57221085728152e-10,0.000397438550333422,0,0,6.44393346716542,0.6875,1,0,0
native_12_V1,native_12bit_highspeed,V1,12,10.5,4000000,64,Q1_deterministic,Cal3,weighted_batch_average,0.000108827826497319,0.0500992917969611,11.6242225646648,10.8775647494182,27.9151084578428,64.4274969861352,8.82782649731872,0.198583593922264,9.26052541439327e-11,0.00028729537391284,0,0,1.5594617564847,0.96875,1,0,1
native_12_V1,native_12bit_highspeed,V1,12,10.5,4000000,64,Q1_deterministic,Cal3,robust_trimmed_mean,0.000107097207243671,0.0539987583882711,12.6872324283874,41.2766158884013,32.3373678334817,64.7911188220137,7.09720724367078,7.99751677654212,1.79036024801479e-10,0.000363259375532657,0,0,2.36493249224043,0.9375,1,0,1
native_12_V1,native_12bit_highspeed,V1,12,10.5,4000000,64,Q2_2mV,Cal3,TS_SLTVKE_sequential,0.000102941020077275,0.0487996352529658,11.8895345568157,26.1025243352362,8.7178197453421,24.1430499859705,2.94102007727466,-2.40072949406834,1.9665640083622e-10,3.15058305672001e-05,1.04837055199857,1.01060597238532,1.74900812341779,0.96875,0.96875,0,1
native_12_V1,native_12bit_highspeed,V1,12,10.5,4000000,64,Q2_2mV,Cal3,weighted_batch_average,0.000102359015079597,0.0504455333445639,11.9304636187226,48.0025103425557,11.2043000522693,26.2045390748244,2.35901507959742,0.891066689127729,3.02681507531468e-10,4.82849521751095e-05,0.972841392772074,1.06999642237539,2.29713631677691,0.90625,0.9375,0,1
native_12_V1,native_12bit_highspeed,V1,12,10.5,4000000,64,Q2_2mV,Cal3,robust_trimmed_mean,0.000104619867989242,0.0492557502240726,13.4784453841489,43.6022720075814,10.7818091237691,28.1992359344296,4.6198679892423,-1.48849955185486,3.92780259872459e-10,4.34053348941896e-05,0.968322554185873,1.00673268216858,2.10762345965344,0.96875,0.9375,0,1
native_12_V1,native_12bit_highspeed,V1,12,10.5,4000000,64,Q3_full_nonideal,Cal3,TS_SLTVKE_sequential,0.000120827724175373,0.0490548370265637,43.7539676801449,125.047097921817,32.4229431014211,72.0113590328727,20.8277241753733,-1.8903259468726,2.85668980479898e-09,0.000370617141202129,1.32337415738736,1.23719345006482,22.1519783721976,0.6875,0.40625,0,0
native_12_V1,native_12bit_highspeed,V1,12,10.5,4000000,64,Q3_full_nonideal,Cal3,weighted_batch_average,0.000104952388357672,0.0510793806767565,26.9951522448961,67.1896553930285,26.5743309941265,56.1360386115568,4.95238835767198,2.15876135351298,1.03109520616514e-09,0.000257472631723146,1.4579709924192,1.44957886361625,17.9874813952394,0.75,0.53125,0,0
native_12_V1,native_12bit_highspeed,V1,12,10.5,4000000,64,Q3_full_nonideal,Cal3,robust_trimmed_mean,0.000117610108326922,0.0509554541352853,36.8051163565305,97.955801281868,34.5992694223999,70.6532985011377,17.6101083269215,1.91090827057065,2.23236453688233e-09,0.000388120177629478,1.31950086717062,1.32466525412627,20.7850847513008,0.75,0.3125,0,0
native_12_V1,native_12bit_highspeed,V1,12,10.5,4000000,256,Q1_deterministic,Cal3,TS_SLTVKE_sequential,9.32974139592092e-05,0.056552911510646,21.2498707850516,44.7607618786957,35.3224426490493,65.1561133553255,-6.70258604079083,13.105823021292,6.57105777712894e-10,0.000397337417322528,0,0,6.45143535938812,0.6875,1,0,0
native_12_V1,native_12bit_highspeed,V1,12,10.5,4000000,256,Q1_deterministic,Cal3,weighted_batch_average,0.000108863045992468,0.0501237930158597,11.6593961824285,10.7900150005434,27.9655974145728,64.7515015703906,8.86304599246779,0.247586031719393,9.27029225577072e-11,0.000288880789664719,0,0,1.56314357468353,0.96875,1,0,1
native_12_V1,native_12bit_highspeed,V1,12,10.5,4000000,256,Q1_deterministic,Cal3,robust_trimmed_mean,0.000107101046038028,0.0540483847245854,12.6915378417652,41.2485005146692,32.4485667100947,65.3708464863667,7.10104603802779,8.09676944917075,1.79061527876101e-10,0.000366327058903551,0,0,2.37280999495698,0.9375,1,0,1
native_12_V1,native_12bit_highspeed,V1,12,10.5,4000000,256,Q2_2mV,Cal3,TS_SLTVKE_sequential,9.91919643131582e-05,0.0495892241463652,3.84433494252069,7.23654551372262,4.86275737339362,12.6075872051318,-0.808035686841813,-0.821551707269552,1.89325760524345e-11,9.70797550050839e-06,1.00705545635331,1.01246192394751,1.36991013081931,1,0.9375,0,1
native_12_V1,native_12bit_highspeed,V1,12,10.5,4000000,256,Q2_2mV,Cal3,weighted_batch_average,0.000100623610287822,0.0491708493613077,6.92751231536826,15.671578926458,5.39685284904511,16.8810914046317,0.623610287822096,-1.65830127738453,6.81146307433678e-11,1.10775979758014e-05,0.976876070081181,1.06475134187355,2.36606878071031,0.9375,0.9375,0,1
native_12_V1,native_12bit_highspeed,V1,12,10.5,4000000,256,Q2_2mV,Cal3,robust_trimmed_mean,9.73264155822623e-05,0.0489818731065758,6.69425388432942,12.9024817611194,4.56077110326563,10.1874941057845,-2.67358441773775,-2.03625378684843,5.14802696943197e-11,6.20327747377626e-06,0.999873730743095,1.01100944011623,2.18071940539587,0.9375,1,0,1
native_12_V1,native_12bit_highspeed,V1,12,10.5,4000000,256,Q3_full_nonideal,Cal3,TS_SLTVKE_sequential,0.000120039730089798,0.0495401546448747,39.6054728494039,89.539183050263,29.3865250449124,65.2316627537879,20.039730089798,-0.919690710250654,4.24382373235955e-09,0.000300032457105163,1.38518541376289,1.30731614169711,55.4905921504777,0.3125,0.28125,0,0
native_12_V1,native_12bit_highspeed,V1,12,10.5,4000000,256,Q3_full_nonideal,Cal3,weighted_batch_average,0.000106352249659019,0.0517630180332277,26.3196110989786,73.4586029494877,26.4009205594326,51.2023890301707,6.35224965901875,3.52603606645532,1.09709687890879e-09,0.000244364200343896,1.39882262306768,1.39293199419638,44.5231806765935,0.34375,0.3125,0,0
native_12_V1,native_12bit_highspeed,V1,12,10.5,4000000,256,Q3_full_nonideal,Cal3,robust_trimmed_mean,0.000113046913990262,0.0493673212481219,33.9097212120315,92.9818912523269,26.9481904890501,49.7212479723007,13.0469139902623,-1.26535750375621,1.80290912625425e-09,0.000240252987178861,1.3128033028375,1.33467125385286,48.1417948029012,0.28125,0.25,0,0
native_12_V1,native_12bit_highspeed,V1,12,10.5,4000000,1024,Q1_deterministic,Cal3,TS_SLTVKE_sequential,9.33072842848886e-05,0.0565810511723137,21.255818614923,44.7484314154066,35.2990077037674,64.8941806094932,-6.69271571511145,13.1621023446273,6.57229009277216e-10,0.000397127157425397,0,0,6.44867162661243,0.6875,1,0,0
native_12_V1,native_12bit_highspeed,V1,12,10.5,4000000,1024,Q1_deterministic,Cal3,weighted_batch_average,0.000108864687997619,0.0500954155569834,11.6579110801137,10.7268564332159,27.8995322881323,64.3854606307585,8.8646879976189,0.190831113966761,9.25287777083814e-11,0.000286872888218265,0,0,1.55674200857483,0.96875,1,0,1
native_12_V1,native_12bit_highspeed,V1,12,10.5,4000000,1024,Q1_deterministic,Cal3,robust_trimmed_mean,0.00010709056411711,0.0539862723294317,12.6809819700821,41.2885947291476,32.3395566488275,65.0059611861608,7.09056411711024,7.97254465886341,1.78983818664208e-10,0.000363121943547583,0,0,2.36485980306437,0.9375,1,0,1
native_12_V1,native_12bit_highspeed,V1,12,10.5,4000000,1024,Q2_2mV,Cal3,TS_SLTVKE_sequential,0.000100390155401263,0.0499418712164836,2.18313623509582,5.48019630575269,2.31015123783418,6.36703928521364,0.390155401263348,-0.116257567032818,7.6997999910777e-12,2.34405822340238e-06,1.01786839154171,1.0272086695123,1.39424094875856,1,0.96875,1,1
native_12_V1,native_12bit_highspeed,V1,12,10.5,4000000,1024,Q2_2mV,Cal3,weighted_batch_average,9.96168043484264e-05,0.049727204065296,3.06734115534757,8.15998174883982,2.96583141903156,7.19329827015271,-0.383195651573609,-0.54559186940808,1.5156557783855e-11,3.36501603739494e-06,1.01445908921552,1.05595574533969,2.37866472596478,0.90625,0.90625,0,1
native_12_V1,native_12bit_highspeed,V1,12,10.5,4000000,1024,Q2_2mV,Cal3,robust_trimmed_mean,9.96563906856667e-05,0.0498529383034077,2.96127995278328,6.09648728451263,2.81055617174893,8.34926428817317,-0.343609314333293,-0.294123393184542,1.26315544876091e-11,3.14361068850876e-06,1.01435822228279,1.04538489078983,2.12249690148509,0.96875,0.9375,1,1
native_12_V1,native_12bit_highspeed,V1,12,10.5,4000000,1024,Q3_full_nonideal,Cal3,TS_SLTVKE_sequential,0.000119111027557914,0.0495079379055436,38.4516549655093,91.8080856536131,29.2078702066474,65.0172803481098,19.1110275579142,-0.984124188912772,3.1257186192024e-09,0.000304847155969271,1.33239166117321,1.29706806133198,190.208810191134,0.25,0.25,0,0
native_12_V1,native_12bit_highspeed,V1,12,10.5,4000000,1024,Q3_full_nonideal,Cal3,weighted_batch_average,0.000103929817276378,0.0526135133602981,26.2547094980093,61.5412402369063,27.3725130014321,45.0384701179951,3.92981727637804,5.22702672059621,1.09236820704715e-09,0.000271895029279634,1.4421147105944,1.4002952802855,191.718895405948,0.28125,0.21875,0,0
native_12_V1,native_12bit_highspeed,V1,12,10.5,4000000,1024,Q3_full_nonideal,Cal3,robust_trimmed_mean,0.000112742051295393,0.0496220914856665,34.9477897928351,88.3733760729143,29.123854582005,50.0749785819826,12.7420512953928,-0.755817028667072,1.78155341138311e-09,0.00028571620072178,1.33737448764996,1.33511506835686,191.485641578459,0.125,0.1875,0,0
native_12_V2,native_12bit_highspeed,V2,12,10.5,4000000,1,Q1_deterministic,Cal3,TS_SLTVKE_sequential,9.98743133556033e-05,0.049931808587226,34.1553842450571,40.7590584235737,1.29695120379536,3.05600930664465,-0.125686644396672,-0.13638282554792,1.18571444536562e-09,5.8505943960446e-07,0,0,3.55254693905123,0.4375,0.96875,0,0
native_12_V2,native_12bit_highspeed,V2,12,10.5,4000000,1,Q1_deterministic,Cal3,weighted_batch_average,0.000120627781822292,0.0501730885392397,35.9807071100679,39.3906660374042,1.35248539794411,2.95726557216972,20.6277818222921,0.346177078479437,8.79454836665095e-10,6.17847579108534e-07,0,0,2.34143319609969,0.75,0.96875,0,0
native_12_V2,native_12bit_highspeed,V2,12,10.5,4000000,1,Q1_deterministic,Cal3,robust_trimmed_mean,0.000117002503256479,0.0501989891185973,36.394230493506,40.2203906257922,1.2711934630205,3.27018667204546,17.0025032564787,0.397978237194674,1.04967577509702e-09,5.77014778264601e-07,0,0,2.62499806382849,0.6875,0.96875,0,0
native_12_V2,native_12bit_highspeed,V2,12,10.5,4000000,1,Q2_2mV,Cal3,TS_SLTVKE_sequential,1127868481.02125,0.0506744232169644,1.1278684810212e+15,1.20661407184565e+16,7.53188883488964,17.4309393228396,1.12786848102115e+15,1.34884643392879,1.22979018659206e+19,2.15485624451779e-05,0,0,3.95114519978873,0.75,1,0,0
native_12_V2,native_12bit_highspeed,V2,12,10.5,4000000,1,Q2_2mV,Cal3,weighted_batch_average,3409591352.17837,0.0487385048402633,3.40959135217831e+15,1.23209158439473e+16,9.2606606953355,21.7074931254691,3.40959135217827e+15,-2.52299031947347,2.97165959304051e+19,2.88109441681643e-05,0,0,4.48823836338034,0.71875,0.90625,0,0
native_12_V2,native_12bit_highspeed,V2,12,10.5,4000000,1,Q2_2mV,Cal3,robust_trimmed_mean,5321671937.23866,0.0487072383252008,5.32167193723859e+15,1.23515461403985e+16,7.06088012139843,21.0223489432067,5.32167193723856e+15,-2.58552334959846,3.64184533253039e+19,2.01614914228473e-05,0,0,1.99383460928807,0.875,0.9375,0,0
native_12_V2,native_12bit_highspeed,V2,12,10.5,4000000,1,Q3_full_nonideal,Cal3,TS_SLTVKE_sequential,1519684365.25892,0.0515147704306987,1.51968436525887e+15,1.21942889168324e+16,8.91181819849576,21.8368896746915,1.51968436525882e+15,3.02954086139731,1.616675655644e+19,2.80011210623915e-05,0,0,13.5652437203326,0.78125,0.90625,0,0
native_12_V2,native_12bit_highspeed,V2,12,10.5,4000000,1,Q3_full_nonideal,Cal3,weighted_batch_average,3808634447.66221,0.0510148174470268,3.80863444766214e+15,1.23602611804551e+16,7.98893840198715,21.31407680541,3.80863444766211e+15,2.02963489405352,3.19180892656463e+19,2.48263619425439e-05,0,0,3.15387371970523,0.875,0.9375,0,0
native_12_V2,native_12bit_highspeed,V2,12,10.5,4000000,1,Q3_full_nonideal,Cal3,robust_trimmed_mean,758061860.998129,0.04995397004708,758061860998080,1.08716472146504e+16,7.52279229802958,16.2082562798272,758061860998029,-0.0920599058400029,8.62001918638412e+18,2.11168699030737e-05,0,0,5.08259206223565,0.71875,0.96875,0,0
native_12_V2,native_12bit_highspeed,V2,12,10.5,4000000,4,Q1_deterministic,Cal3,TS_SLTVKE_sequential,9.9377273325798e-05,0.0498689321747985,34.0390388336977,39.4811453100091,1.13029186069937,2.83385717434861,-0.622726674202034,-0.26213565040295,1.17215827514453e-09,4.63123872961571e-07,0,0,3.48018923656745,0.4375,1,0,0
native_12_V2,native_12bit_highspeed,V2,12,10.5,4000000,4,Q1_deterministic,Cal3,weighted_batch_average,0.000121052202818116,0.0500860852308585,36.5421807877825,39.8653370952167,1.35180118610268,2.96829789667087,21.052202818116,0.172170461717069,9.03140854631097e-10,6.13097439111898e-07,0,0,2.34874612061514,0.75,1,0,0
native_12_V2,native_12bit_highspeed,V2,12,10.5,4000000,4,Q1_deterministic,Cal3,robust_trimmed_mean,0.000116813856378646,0.0503095787957012,36.0692895295606,39.4205223754859,1.33443059899372,2.30738408544874,16.8138563786455,0.619157591402431,1.03129476867537e-09,4.35850976615121e-07,0,0,2.48080178872666,0.6875,1,0,0
native_12_V2,native_12bit_highspeed,V2,12,10.5,4000000,4,Q2_2mV,Cal3,TS_SLTVKE_sequential,381821235.166321,0.049886333949984,381821235166250,167.746237722863,2.99235261785655,8.25288188868372,381821235166221,-0.227332100032107,4.51941112433952e+18,3.60241974276202e-06,0.729702999509134,0.760393594270049,2.00589854965971,0.875,0.96875,0,0
native_12_V2,native_12bit_highspeed,V2,12,10.5,4000000,4,Q2_2mV,Cal3,weighted_batch_average,0.000142265385364163,0.0503677413340831,62.8923349885597,176.070708799971,3.88001654973126,11.1380341134735,42.2653853641632,0.735482668166099,9.30204986501752e-09,5.87462432964258e-06,0.822200562827193,0.860778195592602,2.91869353793366,0.875,0.9375,0,0
native_12_V2,native_12bit_highspeed,V2,12,10.5,4000000,4,Q2_2mV,Cal3,robust_trimmed_mean,0.000151013159271592,0.0502734710661999,73.3481866576458,178.447935263187,3.57770633529092,9.15536491122328,51.0131592715915,0.54694213239983,1.0875946973828e-08,5.07344094329341e-06,0.796506795238843,0.703482639189547,2.13367016072793,0.875,1,0,0
native_12_V2,native_12bit_highspeed,V2,12,10.5,4000000,4,Q3_full_nonideal,Cal3,TS_SLTVKE_sequential,756306935.777792,0.0502479587901005,756306935777712,1.08030163526369e+16,3.6220700077437,12.7359601306987,756306935777692,0.495917580201022,8.58059758221161e+18,6.35422084699841e-06,1.07399948519302,0.705853928984567,5.57929959231093,0.90625,0.9375,0,1
native_12_V2,native_12bit_highspeed,V2,12,10.5,4000000,4,Q3_full_nonideal,Cal3,weighted_batch_average,0.000159939357738476,0.0499068566467375,83.7207818724344,451.827652981924,4.1541743201775,10.5420985701099,59.9393577384763,-0.186286706525052,1.92799165848777e-08,6.50385303274952e-06,0.899281865592242,0.961162796915156,7.03429680962094,0.90625,0.90625,0,0
native_12_V2,native_12bit_highspeed,V2,12,10.5,4000000,4,Q3_full_nonideal,Cal3,robust_trimmed_mean,379331404.454216,0.0499676507486477,379331404454136,427.356310915384,3.85706209483242,10.2492660803,379331404454116,-0.0646985027046743,4.4606617465584e+18,6.26585746567845e-06,1.01233444298098,0.584918149438499,4.30890336015416,0.84375,0.9375,0,0
native_12_V2,native_12bit_highspeed,V2,12,10.5,4000000,16,Q1_deterministic,Cal3,TS_SLTVKE_sequential,9.92447725148392e-05,0.0499723532456982,34.0821020927544,38.6739186431047,1.29901767422874,2.37432432130421,-0.75522748516077,-0.0552935086035822,1.17360980686196e-09,5.3013136212566e-07,0,0,3.58208534814164,0.4375,1,0,0
native_12_V2,native_12bit_highspeed,V2,12,10.5,4000000,16,Q1_deterministic,Cal3,weighted_batch_average,0.000120995303669036,0.0500788472749466,36.3778189983831,38.8952838727125,1.23677959292842,2.36003454120706,20.9953036690357,0.157694549893117,8.9315794709514e-10,4.78530690481344e-07,0,0,2.14591930682427,0.75,1,0,0
native_12_V2,native_12bit_highspeed,V2,12,10.5,4000000,16,Q1_deterministic,Cal3,robust_trimmed_mean,0.000116708785920897,0.0502195360705909,36.04622404206,39.0320086209781,1.14630349251893,2.35306624094351,16.7087859208968,0.43907214118184,1.03214380910751e-09,3.76263458259329e-07,0,0,2.35924800448474,0.6875,1,0,0
native_12_V2,native_12bit_highspeed,V2,12,10.5,4000000,16,Q2_2mV,Cal3,TS_SLTVKE_sequential,0.000101669230648602,0.0501226137207152,17.0850579361449,38.9367789863091,1.95449427713707,5.08067762397689,1.66923064860238,0.245227441430451,5.22417851350083e-10,1.54341006158965e-06,0.917267502904087,0.901485337073795,2.29311593294617,0.9375,0.96875,0,1
native_12_V2,native_12bit_highspeed,V2,12,10.5,4000000,16,Q2_2mV,Cal3,weighted_batch_average,0.000104017836271958,0.049604345851385,18.6141957984971,47.7054788983237,2.40913968220173,5.17975991044624,4.01783627195764,-0.79130829722992,6.42548311046247e-10,2.03477514957718e-06,1.03931289894875,1.02854694859033,2.27993111586245,0.90625,0.96875,0,1
native_12_V2,native_12bit_highspeed,V2,12,10.5,4000000,16,Q2_2mV,Cal3,robust_trimmed_mean,0.00010166153865364,0.0494844610739325,16.1830835221448,39.4191369388392,2.05625632681202,4.06414380831896,1.66153865364043,-1.03107785213491,4.01074651980724e-10,1.15074254904105e-06,1.02775070353399,0.992187171733346,2.45261394562493,0.90625,1,0,1
native_12_V2,native_12bit_highspeed,V2,12,10.5,4000000,16,Q3_full_nonideal,Cal3,TS_SLTVKE_sequential,0.000133091992650851,0.0501969293381697,58.2771187294239,330.092372585565,2.74651350589177,6.50112193857385,33.0919926508515,0.393858676339431,1.15329962983014e-08,2.99133877182857e-06,1.39902564518565,0.954641749978848,7.89565396550959,0.78125,0.90625,0,0
native_12_V2,native_12bit_highspeed,V2,12,10.5,4000000,16,Q3_full_nonideal,Cal3,weighted_batch_average,0.000127914092379033,0.0501020775347943,42.7171783754415,143.130505777384,2.60637042856505,7.2543773530693,27.9140923790329,0.204155069588685,7.64433420324146e-09,2.61573993708807e-06,1.1677817368905,1.0903980907438,3.30202708366507,0.9375,0.90625,0,1
native_12_V2,native_12bit_highspeed,V2,12,10.5,4000000,16,Q3_full_nonideal,Cal3,robust_trimmed_mean,0.000116961318910496,0.0496055238550737,35.9118429900208,49.5263388821519,2.22282745532125,6.56106332160979,16.961318910496,-0.788952289852662,9.51784262363158e-09,1.94256705429195e-06,1.31295152376467,1.04257707987754,4.77380736916725,0.90625,0.9375,0,1
native_12_V2,native_12bit_highspeed,V2,12,10.5,4000000,64,Q1_deterministic,Cal3,TS_SLTVKE_sequential,9.93319369563218e-05,0.049979552261434,34.0949506356816,38.5209113107442,1.35158566349346,2.47931516403716,-0.668063043678224,-0.0408954771320635,1.17517318607428e-09,5.60847746296038e-07,0,0,3.60538905075142,0.4375,1,0,0
native_12_V2,native_12bit_highspeed,V2,12,10.5,4000000,64,Q1_deterministic,Cal3,weighted_batch_average,0.000120991841821513,0.0500782772132816,36.4187689351184,38.6109416068815,1.25359897817873,2.53040988153893,20.9918418215129,0.156554426563171,8.96026760629574e-10,4.82779228804627e-07,0,0,2.16187014152155,0.75,1,0,0
native_12_V2,native_12bit_highspeed,V2,12,10.5,4000000,64,Q1_deterministic,Cal3,robust_trimmed_mean,0.000116570836161594,0.0501732996502382,35.9271258022192,38.4601423845752,1.07245557102065,2.45470499104502,16.5708361615937,0.346599300476469,1.02738565811884e-09,3.48552503223794e-07,0,0,2.30256111517539,0.6875,1,0,0
native_12_V2,native_12bit_highspeed,V2,12,10.5,4000000,64,Q2_2mV,Cal3,TS_SLTVKE_sequential,0.000103729724426179,0.0499534469700297,11.3040436246049,28.0602949835584,0.984124775741775,3.15054596125757,3.72972442617876,-0.0931060599405731,1.89858162094416e-10,4.2191637030098e-07,1.05248095483778,0.996534536357551,1.79008619407992,0.96875,0.96875,0,1
native_12_V2,native_12bit_highspeed,V2,12,10.5,4000000,64,Q2_2mV,Cal3,weighted_batch_average,0.000100744030514897,0.0499775839890775,10.1148766849172,30.718725790706,1.04023378946402,1.8535324178792,0.744030514897198,-0.044832021844976,1.68672811271945e-10,3.22640904840757e-07,1.03674352218991,0.962891862390692,1.44189939167173,1,1,0,1
native_12_V2,native_12bit_highspeed,V2,12,10.5,4000000,64,Q2_2mV,Cal3,robust_trimmed_mean,0.000100009360061707,0.0500291574473953,8.13717347419868,23.2378356954339,0.996291182425831,2.30770583534102,0.00936006170688675,0.0583148947906231,1.07128870943646e-10,3.69801578063816e-07,1.07464182938273,0.947478478723055,1.57833375804336,0.96875,1,0,1
native_12_V2,native_12bit_highspeed,V2,12,10.5,4000000,64,Q3_full_nonideal,Cal3,TS_SLTVKE_sequential,0.000126755855357061,0.0499581252816293,46.4051116663234,228.414208196887,1.36465914836982,3.67548044732979,26.7558553570608,-0.0837494367413427,1.13137706134065e-08,8.25049790106832e-07,1.38617876139147,1.05448293072338,34.5330271341767,0.75,0.9375,0,0
native_12_V2,native_12bit_highspeed,V2,12,10.5,4000000,64,Q3_full_nonideal,Cal3,weighted_batch_average,0.000122379077735591,0.0501536719365689,35.5808118094034,199.874566709186,1.52513805480324,4.36532198979825,22.379077735591,0.307343873137866,3.98816874552871e-09,1.05550863863607e-06,1.13502218321535,1.04208306117025,4.88758523359668,0.65625,0.875,0,0
native_12_V2,native_12bit_highspeed,V2,12,10.5,4000000,64,Q3_full_nonideal,Cal3,robust_trimmed_mean,0.000117367021574338,0.0499495618795169,34.8707407991127,115.733365803587,1.36294157402139,3.47844446319154,17.3670215743383,-0.10087624096613,7.27768067818032e-09,7.66977016280296e-07,1.31102449119555,0.988926648265193,28.2560813453463,0.78125,0.90625,0,0
native_12_V2,native_12bit_highspeed,V2,12,10.5,4000000,256,Q1_deterministic,Cal3,TS_SLTVKE_sequential,9.9353127258095e-05,0.0499758145801473,34.0815777650596,38.4270198963979,1.40342425069195,2.57214152857271,-0.646872741905036,-0.0483708397054028,1.17441146525042e-09,6.01603830884142e-07,0,0,3.65114983649568,0.4375,1,0,0
native_12_V2,native_12bit_highspeed,V2,12,10.5,4000000,256,Q1_deterministic,Cal3,weighted_batch_average,0.000120937425681541,0.0500614701140761,36.3852134068552,38.3281102852226,1.24281872064101,2.38409531744934,20.9374256815414,0.122940228152268,8.95560069415289e-10,4.78954461924618e-07,0,0,2.15789181960345,0.75,1,0,0
native_12_V2,native_12bit_highspeed,V2,12,10.5,4000000,256,Q1_deterministic,Cal3,robust_trimmed_mean,0.000116640921833863,0.0502279335711341,35.9660203032762,38.4070127960268,1.1308418972668,2.24110375752065,16.6409218338625,0.45586714226824,1.02821616372242e-09,3.33514239071809e-07,0,0,2.3047294473369,0.6875,1,0,0
native_12_V2,native_12bit_highspeed,V2,12,10.5,4000000,256,Q2_2mV,Cal3,TS_SLTVKE_sequential,9.88477133800572e-05,0.0500040120373787,4.92106243602761,10.9295268915873,0.543385453345046,1.4721661451003,-1.15228661994279,0.00802407475735123,3.33679958653292e-11,1.2266575431661e-07,1.08612373177377,0.989754129599913,1.53094851630044,0.90625,1,0,1
native_12_V2,native_12bit_highspeed,V2,12,10.5,4000000,256,Q2_2mV,Cal3,weighted_batch_average,0.00010119786293683,0.0500038465532843,5.02105573190412,12.0120743134414,0.543364720320407,1.35335324001805,1.19786293682997,0.00769310656869582,3.55561335472709e-11,1.20483380391293e-07,1.06484608048967,1.03942771061853,1.31489146797372,0.96875,1,0,1
native_12_V2,native_12bit_highspeed,V2,12,10.5,4000000,256,Q2_2mV,Cal3,robust_trimmed_mean,0.000100741133280464,0.0500663747345211,4.38284886969108,8.97679053342978,0.600589568896891,1.28602201394623,0.741133280464013,0.132749469042226,2.42662521142486e-11,1.2746807175342e-07,1.09270775971829,1.02379201853261,1.08708664391167,0.96875,1,0,1
native_12_V2,native_12bit_highspeed,V2,12,10.5,4000000,256,Q3_full_nonideal,Cal3,TS_SLTVKE_sequential,0.000128769481251098,0.0500436085644409,46.279312993186,287.892970343469,1.03099124698558,2.48851504669031,28.7694812510978,0.087217128881889,1.02190270951207e-08,4.65481686747628e-07,1.46028922227912,1.01152800412399,74.7096587304807,0.65625,0.96875,0,0
native_12_V2,native_12bit_highspeed,V2,12,10.5,4000000,256,Q3_full_nonideal,Cal3,weighted_batch_average,0.00012774365305106,0.0501579930610044,35.0106770021945,142.375924176347,1.23074114794015,4.44345142931492,27.7436530510603,0.31598612200876,8.31509434092829e-09,7.4698818015388e-07,1.18777469979518,1.02445894378746,7.66025636148535,0.65625,0.90625,0,0
native_12_V2,native_12bit_highspeed,V2,12,10.5,4000000,256,Q3_full_nonideal,Cal3,robust_trimmed_mean,0.000107210304448439,0.0499150105718563,21.1914598130115,73.6138048711747,0.996066240328806,2.38404029084663,7.21030444843869,-0.169978856287345,2.21791511610294e-09,4.30844397022071e-07,1.44158094775385,1.00411772351455,53.2227038163356,0.6875,0.96875,0,0
native_12_V2,native_12bit_highspeed,V2,12,10.5,4000000,1024,Q1_deterministic,Cal3,TS_SLTVKE_sequential,9.93693136288216e-05,0.0499789299573218,34.0972298809258,38.3710398170376,1.32567887232513,2.3340661364383,-0.630686371178368,-0.0421400853563125,1.17562574541681e-09,5.36893831554942e-07,0,0,3.56697753893091,0.4375,1,0,0
native_12_V2,native_12bit_highspeed,V2,12,10.5,4000000,1024,Q1_deterministic,Cal3,weighted_batch_average,0.000120976638357688,0.0500380227327197,36.4195670232107,38.3760775777638,1.16938896221746,2.46315988291939,20.9766383576881,0.0760454654393117,8.96577386906896e-10,4.39136005099998e-07,0,0,2.1030659842658,0.75,1,0,0
native_12_V2,native_12bit_highspeed,V2,12,10.5,4000000,1024,Q1_deterministic,Cal3,robust_trimmed_mean,0.00011664068200867,0.0502252221322215,35.9401292321167,38.3924373511576,1.07462994740769,2.06293049290073,16.6406820086695,0.450444264443051,1.02642933728976e-09,2.91458691523962e-07,0,0,2.24284011590858,0.6875,1,0,0
native_12_V2,native_12bit_highspeed,V2,12,10.5,4000000,1024,Q2_2mV,Cal3,TS_SLTVKE_sequential,9.97443317018348e-05,0.0499708919031201,2.5436375398484,6.33831718278741,0.32208000852557,0.802873765230694,-0.255668298165201,-0.0582161937597192,8.84373523876033e-12,3.88346447324129e-08,1.09387200856213,1.00844038720339,1.08327114547149,0.96875,1,1,1
native_12_V2,native_12bit_highspeed,V2,12,10.5,4000000,1024,Q2_2mV,Cal3,weighted_batch_average,9.8999086112714e-05,0.0500128174347642,2.03091927747577,4.71702367308071,0.31130782373561,1.07410118690967,-1.00091388728604,0.0256348695284681,5.78921724985802e-12,4.5617401906902e-08,1.12996372272139,1.00518295135215,0.930994217474502,1,1,1,1
native_12_V2,native_12bit_highspeed,V2,12,10.5,4000000,1024,Q2_2mV,Cal3,robust_trimmed_mean,9.99306866892049e-05,0.0500191822636909,1.85117895865176,5.18982218926239,0.398436394283537,0.838885672928867,-0.0693133107951382,0.0383645273818622,5.83258065837614e-12,5.22493171331582e-08,1.08718761433798,1.00790005424228,0.744583106476093,1,1,1,1
native_12_V2,native_12bit_highspeed,V2,12,10.5,4000000,1024,Q3_full_nonideal,Cal3,TS_SLTVKE_sequential,0.000130806375613008,0.0501108546278199,45.9880904176978,275.514435771569,1.05610089054905,2.93993123384768,30.8063756130077,0.221709255639779,1.03493597224097e-08,5.38013395936463e-07,1.47351749793593,1.01175031254227,144.353208378953,0.59375,0.9375,0,0
native_12_V2,native_12bit_highspeed,V2,12,10.5,4000000,1024,Q3_full_nonideal,Cal3,weighted_batch_average,0.000128732030302893,0.0501599551844543,33.3208748695028,124.036216104478,1.11036862667443,4.9869076545461,28.7320303028929,0.319910368908527,9.88244163223628e-09,7.23355038147595e-07,1.17942422532897,1.01884256860889,23.3695284662617,0.65625,0.90625,0,0
native_12_V2,native_12bit_highspeed,V2,12,10.5,4000000,1024,Q3_full_nonideal,Cal3,robust_trimmed_mean,0.000109042510459224,0.0499572601274692,20.9392100163255,62.8781720102206,0.846103228413976,2.58360737675986,9.04251045922448,-0.0854797450615785,3.06723852743119e-09,3.8051885374672e-07,1.39282300910377,1.01262102051388,120.381550467081,0.65625,0.9375,0,0
native_12_V3,native_12bit_highspeed,V3,12,10.5,4000000,1,Q1_deterministic,Cal3,TS_SLTVKE_sequential,0.000103600559743758,0.0520182105083536,20.9625199399077,25.5358968104461,11.0232917135043,28.130923675678,3.60055974375844,4.03642101670729,4.33519925007924e-10,3.6771346046809e-05,0,0,2.49524493102231,1,0.96875,0,1
native_12_V3,native_12bit_highspeed,V3,12,10.5,4000000,1,Q1_deterministic,Cal3,weighted_batch_average,0.000103844624623266,0.0504046899244935,20.5937983759474,24.7441083582474,12.7453526618837,27.7145192354137,3.84462462326605,0.809379848987013,4.17360168718102e-10,5.54911228941412e-05,0,0,2.63994692731028,1,1,0,1
native_12_V3,native_12bit_highspeed,V3,12,10.5,4000000,1,Q1_deterministic,Cal3,robust_trimmed_mean,0.000106071678876085,0.0527042687862483,20.7772994152449,24.17340253787,10.5855547839234,27.551967596574,6.07167887608482,5.40853757249653,4.01333031169611e-10,2.85290704447174e-05,0,0,2.20519869422114,1,1,0,1
native_12_V3,native_12bit_highspeed,V3,12,10.5,4000000,1,Q2_2mV,Cal3,TS_SLTVKE_sequential,0.000117005042375595,0.0532619943947341,45.4078711083499,147.967992309647,37.940350377005,98.1638524106724,17.0050423755947,6.52398878946827,3.77288160133334e-09,0.000512304278379878,0,0,2.52695181005214,0.8125,0.9375,0,0
native_12_V3,native_12bit_highspeed,V3,12,10.5,4000000,1,Q2_2mV,Cal3,weighted_batch_average,766087751.210626,0.0561057610435279,766087751210553,1.09009467508275e+16,32.0550133075055,84.6966475922578,766087751210526,12.2115220870558,8.80467507190323e+18,0.000421545745091219,0,0,1.67476048119835,0.875,0.96875,0,0
native_12_V3,native_12bit_highspeed,V3,12,10.5,4000000,1,Q2_2mV,Cal3,robust_trimmed_mean,376493788.782172,0.0572649600559964,376493788782099,149.092117508267,33.436764051904,81.0058529493664,376493788782072,14.5299201119929,4.39417476273496e+18,0.000372012739984486,0,0,3.45301495656987,0.78125,0.96875,0,0
native_12_V3,native_12bit_highspeed,V3,12,10.5,4000000,1,Q3_full_nonideal,Cal3,TS_SLTVKE_sequential,754082565.034302,0.052047349129865,754082565034233,1.0744668900878e+16,32.6754958026978,98.4260491392207,754082565034202,4.09469825972999,8.5306126139552e+18,0.000473625077408854,0,0,3.80473177792262,0.78125,0.9375,0,0
native_12_V3,native_12bit_highspeed,V3,12,10.5,4000000,1,Q3_full_nonideal,Cal3,weighted_batch_average,382345464.595098,0.0498279246016742,382345464595031,150.20778412463,30.0026228252134,98.50163722022,382345464594998,-0.344150796651632,4.53182968318708e+18,0.000428650700708761,0,0,1.88432612181302,0.8125,0.9375,0,0
native_12_V3,native_12bit_highspeed,V3,12,10.5,4000000,1,Q3_full_nonideal,Cal3,robust_trimmed_mean,1520894171.02722,0.0546793861118449,1.52089417102714e+15,1.2242385043834e+16,32.82643524513,79.4805492180577,1.52089417102712e+15,9.35877222368988,1.61930091245576e+19,0.000389796097371182,0,0,2.40522218428466,0.84375,1,0,0
native_12_V3,native_12bit_highspeed,V3,12,10.5,4000000,4,Q1_deterministic,Cal3,TS_SLTVKE_sequential,0.000103631609091013,0.0520759600433845,20.5068908171741,23.7158894828409,11.0396664166396,27.9510098308711,3.63160909101261,4.15192008676895,4.13195767094586e-10,3.59499704569895e-05,0,0,2.37467832513943,1,1,0,1
native_12_V3,native_12bit_highspeed,V3,12,10.5,4000000,4,Q1_deterministic,Cal3,weighted_batch_average,0.00010380729189785,0.0504187962420821,20.661165527891,24.0214408659497,12.8632515669585,27.8341737174086,3.8072918978497,0.837592484164085,4.19134794943449e-10,5.6239115926802e-05,0,0,2.67349833594485,1,1,0,1
native_12_V3,native_12bit_highspeed,V3,12,10.5,4000000,4,Q1_deterministic,Cal3,robust_trimmed_mean,0.000106246047561492,0.0526507430507046,20.8770007615996,23.7727600330426,10.4574624083419,27.7411700127676,6.24604756149187,5.30148610140913,4.02944287686392e-10,2.78994870347474e-05,0,0,2.17336888371059,1,1,0,1
native_12_V3,native_12bit_highspeed,V3,12,10.5,4000000,4,Q2_2mV,Cal3,TS_SLTVKE_sequential,0.000100310651703736,0.0481772948730692,17.3484034733345,39.6665880399593,16.7067007444437,36.6033816562241,0.310651703735543,-3.64541025386168,5.98628149202176e-10,9.51569747887866e-05,0.863288871505387,0.758496580744625,1.70527880891747,0.9375,1,0,1
native_12_V3,native_12bit_highspeed,V3,12,10.5,4000000,4,Q2_2mV,Cal3,weighted_batch_average,0.000103363554131408,0.0476855038208851,15.6462702985041,39.2586280274966,22.4007818640567,54.3620105002398,3.36355413140788,-4.62899235822988,3.52906839016254e-10,0.000179042112924972,0.778457017080031,0.768476798912396,2.19673201537035,0.9375,0.875,0,0
native_12_V3,native_12bit_highspeed,V3,12,10.5,4000000,4,Q2_2mV,Cal3,robust_trimmed_mean,0.00010645605980685,0.0482192452150595,19.8320391497899,41.3311375280039,15.2213095520972,27.8235847423759,6.45605980684987,-3.56150956988102,6.63600434130182e-10,7.72705101364458e-05,0.728555926241568,0.848318544253889,1.44809530101565,0.96875,0.96875,0,1
native_12_V3,native_12bit_highspeed,V3,12,10.5,4000000,4,Q3_full_nonideal,Cal3,TS_SLTVKE_sequential,0.000103877419781935,0.0506386412267856,26.1977209362777,97.8726347742612,15.9681577975936,36.7862349974447,3.87741978193541,1.2772824535711,1.55259412884299e-09,0.000100671443961587,0.798417453415423,1.02796247127232,2.01370253115957,0.90625,0.96875,0,1
native_12_V3,native_12bit_highspeed,V3,12,10.5,4000000,4,Q3_full_nonideal,Cal3,weighted_batch_average,0.000125830360692443,0.0509019855060135,37.0219103949427,146.886310551472,17.5281712731872,52.6107801113987,25.830360692443,1.80397101202694,3.37477403608565e-09,0.000133177087025493,0.913189962343865,0.973071271350121,2.31449866095444,0.9375,0.90625,0,1
native_12_V3,native_12bit_highspeed,V3,12,10.5,4000000,4,Q3_full_nonideal,Cal3,robust_trimmed_mean,0.000108794300153569,0.0539576589591028,27.991576882302,96.9434751539589,21.2962475670394,53.4869046804581,8.79430015356879,7.9153179182055,1.47196090016018e-09,0.000144324652410515,0.983051489517739,0.653704289983889,3.84567421139625,0.875,0.9375,0,0
native_12_V3,native_12bit_highspeed,V3,12,10.5,4000000,16,Q1_deterministic,Cal3,TS_SLTVKE_sequential,0.000103762049175018,0.0520621628760392,20.7532509478889,23.5892759917028,11.0096043065528,27.6723923719757,3.76204917501752,4.12432575207848,4.22728944517456e-10,3.58374780995454e-05,0,0,2.40182769716145,1,1,0,1
native_12_V3,native_12bit_highspeed,V3,12,10.5,4000000,16,Q1_deterministic,Cal3,weighted_batch_average,0.000103693702019778,0.0504256681571366,20.5830535160858,23.3560372465866,12.8557472773348,27.5625772988633,3.69370201977834,0.851336314273277,4.15941176805384e-10,5.60580458201682e-05,0,0,2.66782471828746,1,1,0,1
native_12_V3,native_12bit_highspeed,V3,12,10.5,4000000,16,Q1_deterministic,Cal3,robust_trimmed_mean,0.000106295093538691,0.0526137152150271,21.0054380869846,23.491856597749,10.4054872603782,27.5628029892682,6.29509353869142,5.22743043005418,4.07464523602578e-10,2.79197504813844e-05,0,0,2.18921386712777,1,1,0,1
native_12_V3,native_12bit_highspeed,V3,12,10.5,4000000,16,Q2_2mV,Cal3,TS_SLTVKE_sequential,0.000104225418478623,0.0513112167946462,10.3293668929586,26.0361656039635,9.3948698682462,20.5361334564436,4.2254184786227,2.62243358929235,1.91862818537938e-10,3.00144490440722e-05,1.03420010762709,0.926912762324412,1.62706389630984,1,0.96875,0,1
native_12_V3,native_12bit_highspeed,V3,12,10.5,4000000,16,Q2_2mV,Cal3,weighted_batch_average,0.000100093579379652,0.050714017013227,9.371796981231,25.6870799421915,6.77098994236325,13.9148329198525,0.0935793796523976,1.42803402645399,1.51391275590718e-10,1.51057075369745e-05,1.02421988945942,0.867031453318355,1.7159511181127,0.90625,1,0,1
native_12_V3,native_12bit_highspeed,V3,12,10.5,4000000,16,Q2_2mV,Cal3,robust_trimmed_mean,9.69438727630249e-05,0.0518108403398516,9.54292855587129,18.5785150011892,9.6176607255087,28.9819268432058,-3.05612723697506,3.62168067970328,1.19540000552502e-10,4.16848502836948e-05,0.98180396224675,1.06414076213028,2.42095497591449,0.9375,0.90625,0,1
native_12_V3,native_12bit_highspeed,V3,12,10.5,4000000,16,Q3_full_nonideal,Cal3,TS_SLTVKE_sequential,9.72256126644706e-05,0.0499125885716306,8.41326005458509,23.5992389655636,9.02915822652593,20.2460845197533,-2.77438733552939,-0.17482285673881,1.03334660898447e-10,2.67594339603739e-05,1.11778443478156,1.05416054396257,2.11585200625935,0.9375,1,0,1
native_12_V3,native_12bit_highspeed,V3,12,10.5,4000000,16,Q3_full_nonideal,Cal3,weighted_batch_average,9.96100021716293e-05,0.0492915537583338,10.3060468398563,26.8033432042288,10.3015650611789,24.4807884218416,-0.389997828370714,-1.41689248333238,1.83314762834122e-10,4.00094870350249e-05,1.11778443478159,0.990536653143465,2.91283015333295,0.875,0.90625,0,0
native_12_V3,native_12bit_highspeed,V3,12,10.5,4000000,16,Q3_full_nonideal,Cal3,robust_trimmed_mean,0.000103344057133885,0.0511174956616786,10.4724629058221,31.3917221528453,10.1364109411342,26.5180249096228,3.34405713388519,2.23499132335709,1.77820783375805e-10,3.95250881191809e-05,1.12152701659444,1.02421988945943,2.09924380622878,0.96875,0.875,0,0
native_12_V3,native_12bit_highspeed,V3,12,10.5,4000000,64,Q1_deterministic,Cal3,TS_SLTVKE_sequential,0.00010367915809947,0.0520943283995087,20.6229754969802,23.1655534866978,11.0707674866198,27.6929125567891,3.67915809946975,4.18865679901745,4.17543437124207e-10,3.59634225594364e-05,0,0,2.39142918481153,1,1,0,1
native_12_V3,native_12bit_highspeed,V3,12,10.5,4000000,64,Q1_deterministic,Cal3,weighted_batch_average,0.000103659476579183,0.0504248762092727,20.6403306851925,23.1775034657625,12.8048199300797,27.4655089886683,3.65947657918348,0.84975241854548,4.18301565300996e-10,5.55976244887413e-05,0,0,2.67374412905318,1,1,0,1
native_12_V3,native_12bit_highspeed,V3,12,10.5,4000000,64,Q1_deterministic,Cal3,robust_trimmed_mean,0.000106260027356001,0.0526387578711005,20.9187043011977,23.2169156658834,10.4461424915462,27.4025424385046,6.26002735600084,5.27751574220101,4.04101915837025e-10,2.79162916669636e-05,0,0,2.17796745799897,1,1,0,1
native_12_V3,native_12bit_highspeed,V3,12,10.5,4000000,64,Q2_2mV,Cal3,TS_SLTVKE_sequential,9.99417816623201e-05,0.0492142673991797,4.06999435581811,10.3955381984191,4.35535402831827,10.4102240180557,-0.0582183376799494,-1.57146520164053,2.77065994265231e-11,7.66538602378537e-06,1.05291301669143,1.02297236218848,1.60750902315325,1,0.96875,0,1
native_12_V3,native_12bit_highspeed,V3,12,10.5,4000000,64,Q2_2mV,Cal3,weighted_batch_average,9.97322576643329e-05,0.0501940785805521,6.69684966733237,15.3175203674162,4.38022154077326,10.9859679029934,-0.267742335667076,0.388157161104119,6.75444450521304e-11,7.28590022879979e-06,1.08067049847035,0.993343589503156,2.53065607247251,0.90625,0.96875,0,1
native_12_V3,native_12bit_highspeed,V3,12,10.5,4000000,64,Q2_2mV,Cal3,robust_trimmed_mean,9.92433766945363e-05,0.0494466307382242,5.54759703151241,12.1881471559632,4.76285831461793,11.6004373998467,-0.756623305463655,-1.10673852355164,4.31380492700213e-11,8.23553827463194e-06,1.06071006213501,1.05727936213994,2.15146157784652,0.96875,0.9375,0,1
native_12_V3,native_12bit_highspeed,V3,12,10.5,4000000,64,Q3_full_nonideal,Cal3,TS_SLTVKE_sequential,0.000100148849183672,0.0502471832446003,5.09600348825738,14.5687155134914,4.45124209980577,8.81254849816835,0.148849183672328,0.494366489200559,4.10804897631527e-11,6.38661500165676e-06,1.11279432569764,1.0837893166479,1.86140202040484,0.9375,0.96875,0,1
native_12_V3,native_12bit_highspeed,V3,12,10.5,4000000,64,Q3_full_nonideal,Cal3,weighted_batch_average,0.000100110442912077,0.0497485051598456,5.23374913516113,12.8116960746769,4.25602171055772,9.35552738191192,0.110442912077402,-0.502989680308774,4.09476318140479e-11,6.13243939915172e-06,1.13712110748138,1.19388359831019,1.79485639421804,0.96875,1,0,1
native_12_V3,native_12bit_highspeed,V3,12,10.5,4000000,64,Q3_full_nonideal,Cal3,robust_trimmed_mean,0.000100886044575088,0.049359666847689,4.73069396302143,13.0400065995829,6.35823208566056,12.18744330954,0.886044575087541,-1.28066630462205,3.70011161046131e-11,1.33494408350013e-05,1.16113600744741,1.13836863475242,2.37193287729756,0.96875,0.84375,0,0
native_12_V3,native_12bit_highspeed,V3,12,10.5,4000000,256,Q1_deterministic,Cal3,TS_SLTVKE_sequential,0.000103660729374479,0.0520961170788977,20.6307842574663,23.0496195697678,11.0808154082375,27.6419306287784,3.6607293744793,4.19223415779548,4.17882526598116e-10,3.60084803290397e-05,0,0,2.39668477581127,1,1,0,1
native_12_V3,native_12bit_highspeed,V3,12,10.5,4000000,256,Q1_deterministic,Cal3,weighted_batch_average,0.000103651754655598,0.0503835960681885,20.6372191072379,22.9787804534301,12.8522607070638,27.8380728523304,3.65175465559828,0.767192136376926,4.18166181119189e-10,5.64340463275777e-05,0,0,2.69492751241027,1,1,0,1
native_12_V3,native_12bit_highspeed,V3,12,10.5,4000000,256,Q1_deterministic,Cal3,robust_trimmed_mean,0.000106218557343888,0.0526427831071199,20.9095488257958,22.9954121621681,10.4390547126997,27.5095952109963,6.21855734388834,5.28556621423979,4.04021871189627e-10,2.77930468208016e-05,0,0,2.17946351680264,1,1,0,1
native_12_V3,native_12bit_highspeed,V3,12,10.5,4000000,256,Q2_2mV,Cal3,TS_SLTVKE_sequential,9.96321134047752e-05,0.0498040261520592,2.44911184956957,5.31993572953875,1.98612318262895,5.99446538674082,-0.367886595224809,-0.391947695881645,8.71251228566423e-12,1.77401665907018e-06,1.11887602114352,1.03271866899287,1.55290144437521,1,0.9375,1,1
native_12_V3,native_12bit_highspeed,V3,12,10.5,4000000,256,Q2_2mV,Cal3,weighted_batch_average,9.88462114171892e-05,0.0497554043746189,2.61312831356937,5.2238691649791,1.70881006166694,3.53133079471886,-1.15378858281077,-0.489191250762133,8.36285194668885e-12,9.35574083256481e-07,1.14686741428567,1.02351815536954,1.35049070692893,0.96875,1,1,1
native_12_V3,native_12bit_highspeed,V3,12,10.5,4000000,256,Q2_2mV,Cal3,robust_trimmed_mean,9.91915290364111e-05,0.0498559764273843,2.37415822875959,5.91299423984411,2.43724108915586,6.244009638942,-0.808470963588903,-0.288047145231407,9.06203401569677e-12,2.39579654432807e-06,1.11872008023465,1.02959985081549,2.01842996943483,0.96875,0.90625,1,1
native_12_V3,native_12bit_highspeed,V3,12,10.5,4000000,256,Q3_full_nonideal,Cal3,TS_SLTVKE_sequential,9.8617911714629e-05,0.0497031540666798,2.67509070821939,5.10176239354812,1.81732211786866,4.46442556762544,-1.38208828537102,-0.593691866640311,8.44242210433777e-12,1.25242214889291e-06,1.18515090741336,1.11949978477918,1.56727061044527,0.96875,0.96875,1,1
native_12_V3,native_12bit_highspeed,V3,12,10.5,4000000,256,Q3_full_nonideal,Cal3,weighted_batch_average,9.98769465425911e-05,0.0497259432774542,2.48430731108399,5.51196526261018,2.43374138914404,5.48097079982801,-0.123053457408906,-0.548113445091691,8.56159414332354e-12,2.06083728174954e-06,1.2201596414547,1.1367312552093,1.67812379307869,1,1,1,1
native_12_V3,native_12bit_highspeed,V3,12,10.5,4000000,256,Q3_full_nonideal,Cal3,robust_trimmed_mean,9.99218342851738e-05,0.0501200992243844,2.38323804949,5.80009459808405,2.20532219927206,6.29476737435764,-0.0781657148262171,0.240198448768858,8.70285508710306e-12,2.0918626448981e-06,1.17197390061379,1.12604930295169,1.66628028675891,0.96875,0.9375,1,1
native_12_V3,native_12bit_highspeed,V3,12,10.5,4000000,1024,Q1_deterministic,Cal3,TS_SLTVKE_sequential,0.000103667109860341,0.0521064873640504,20.6270457039577,23.0363376695532,11.1232327064003,27.6984790057789,3.66710986034111,4.21297472810087,4.17710479834497e-10,3.62688533002699e-05,0,0,2.40122395384918,1,1,0,1
native_12_V3,native_12bit_highspeed,V3,12,10.5,4000000,1024,Q1_deterministic,Cal3,weighted_batch_average,0.000103664095891898,0.0503966211179248,20.6234655669395,22.9539281118829,12.8321972418088,27.6746317389617,3.66409589189807,0.793242235849556,4.17569804992579e-10,5.61219571330708e-05,0,0,2.68255310522468,1,1,0,1
native_12_V3,native_12bit_highspeed,V3,12,10.5,4000000,1024,Q1_deterministic,Cal3,robust_trimmed_mean,0.000106234153992945,0.0526122322474238,20.9313008534681,22.9784721714576,10.4090759595537,27.579855258617,6.23415399294531,5.22446449484759,4.04787724983637e-10,2.79738338741683e-05,0,0,2.18373311320318,1,1,0,1
native_12_V3,native_12bit_highspeed,V3,12,10.5,4000000,1024,Q2_2mV,Cal3,TS_SLTVKE_sequential,0.000100525922486613,0.0498505402249218,1.51712357151537,3.61395948468439,0.973636891188085,2.36053593495768,0.525922486612806,-0.298919550156362,3.28704031985998e-12,3.60075329847592e-07,1.1348014864618,1.02864471274864,1.30631265618812,0.96875,1,1,1
native_12_V3,native_12bit_highspeed,V3,12,10.5,4000000,1024,Q2_2mV,Cal3,weighted_batch_average,9.96094961733364e-05,0.049853418641689,1.48983846283502,3.27339449138467,1.04347823607831,2.59580452274755,-0.390503826663635,-0.293162716621909,2.73592141574263e-12,3.78902809784885e-07,1.12809602738037,1.03416112239993,1.21037676448646,1,1,1,1
native_12_V3,native_12bit_highspeed,V3,12,10.5,4000000,1024,Q2_2mV,Cal3,robust_trimmed_mean,9.97349241797866e-05,0.049949507268629,1.37509763742364,3.25804805216126,1.2056939316382,3.43381939894884,-0.265075820213401,-0.100985462742065,2.87573372112849e-12,6.05748497396714e-07,1.14070774838528,1.02903456502084,1.46019139078447,1,0.96875,1,1
native_12_V3,native_12bit_highspeed,V3,12,10.5,4000000,1024,Q3_full_nonideal,Cal3,TS_SLTVKE_sequential,0.000100348448816454,0.0499626280452995,1.4188653883182,3.72870158819577,1.3318781648824,3.50828840146706,0.34844881645435,-0.0747439094010871,2.97495547733768e-12,7.18642648647577e-07,1.20060855000507,1.10597191093471,1.61900599225994,0.96875,0.96875,1,1
native_12_V3,native_12bit_highspeed,V3,12,10.5,4000000,1024,Q3_full_nonideal,Cal3,weighted_batch_average,0.000100005638899191,0.0498878765971467,1.20388051479333,2.8696296665082,1.52410033833819,3.66494578144951,0.00563889919058536,-0.224246805706618,2.18077404507752e-12,8.97898373703106e-07,1.21351266021405,1.12762820465401,1.59852156349261,1,0.9375,1,1
native_12_V3,native_12bit_highspeed,V3,12,10.5,4000000,1024,Q3_full_nonideal,Cal3,robust_trimmed_mean,0.000100002613517572,0.0498385906698232,1.29069850203578,4.09216523740168,1.46034429448461,4.50594412112738,0.00261351757189221,-0.322818660353563,3.08675403572414e-12,9.20652511924446e-07,1.20101789489082,1.11873957284839,1.85101441629779,0.9375,0.90625,1,1
native_16_V2,native_16bit_slow,V2,16,13.5,1100000,1,Q1_deterministic,Cal3,TS_SLTVKE_sequential,9.9998332888929e-05,0.0499647175528,0.938453241444141,3.77292755467196,0.260670006786802,0.538301996858277,-0.00166711107103534,-0.0705648943999271,2.04344074289888e-12,2.38392918019357e-08,0,0,0.531005169430776,1,1,1,1
native_16_V2,native_16bit_slow,V2,16,13.5,1100000,1,Q1_deterministic,Cal3,weighted_batch_average,0.000100119618642771,0.0500042203793459,0.812379883468538,3.61658071153745,0.269372401046268,0.713181400169389,0.119618642770813,0.00844075869186334,1.52705084093067e-12,2.78283454988962e-08,0,0,0.42359989048939,1,1,1,1
native_16_V2,native_16bit_slow,V2,16,13.5,1100000,1,Q1_deterministic,Cal3,robust_trimmed_mean,0.000100451127324581,0.0500236656747132,0.69201924976555,0.978427828702961,0.231705518902196,0.549529157955766,0.451127324581346,0.0473313494263161,6.24850069768083e-13,2.03774990071552e-08,0,0,0.238409118911985,1,1,1,1
native_16_V2,native_16bit_slow,V2,16,13.5,1100000,1,Q2_2mV,Cal3,TS_SLTVKE_sequential,0.000104044678120814,0.049590122481285,12.936747178776,38.3897639528354,6.69177141329933,17.1751117454059,4.04467812081395,-0.819755037429915,2.91797296034839e-10,1.82023043106784e-05,0,0,1.74120645407989,0.96875,0.96875,0,1
native_16_V2,native_16bit_slow,V2,16,13.5,1100000,1,Q2_2mV,Cal3,weighted_batch_average,0.00010072221936427,0.0511733727596744,10.1176849698985,23.7875930108091,7.62337354370022,18.0761042837705,0.722219364270282,2.34674551934881,1.81432008547669e-10,1.90978567173739e-05,0,0,1.69996079793178,0.96875,0.9375,0,1
native_16_V2,native_16bit_slow,V2,16,13.5,1100000,1,Q2_2mV,Cal3,robust_trimmed_mean,9.93457833643589e-05,0.0502593543117655,11.0926111825502,25.8666957551062,9.03075616297587,25.1731009621826,-0.654216635641092,0.518708623531006,1.71742891874878e-10,3.14258697828433e-05,0,0,2.53043577871835,0.96875,0.875,0,0
native_16_V2,native_16bit_slow,V2,16,13.5,1100000,1,Q3_full_nonideal,Cal3,TS_SLTVKE_sequential,0.000103630660669528,0.0512419175841356,13.2067749388746,37.4700805247807,7.68472328187511,21.107634300555,3.63066066952795,2.48383516827124,2.75379040653787e-10,2.36876133506692e-05,0,0,2.5514742427428,0.9375,0.875,0,0
native_16_V2,native_16bit_slow,V2,16,13.5,1100000,1,Q3_full_nonideal,Cal3,weighted_batch_average,9.95180085844388e-05,0.050636944587088,12.0591336452287,30.0498315845902,9.06433093739043,23.8719310434578,-0.481991415561189,1.27388917417601,2.31063985902603e-10,3.48560552583452e-05,0,0,3.1094145235384,0.90625,0.8125,0,0
native_16_V2,native_16bit_slow,V2,16,13.5,1100000,1,Q3_full_nonideal,Cal3,robust_trimmed_mean,0.000104324452272508,0.0499671876166578,11.4519185373096,30.1499630075759,7.60102892853233,20.9059983083347,4.32445227250815,-0.065624766684369,2.50761568240023e-10,2.42354313668992e-05,0,0,2.19241400567083,0.9375,0.9375,0,1
native_16_V2,native_16bit_slow,V2,16,13.5,1100000,4,Q1_deterministic,Cal3,TS_SLTVKE_sequential,0.000100007768966872,0.0499895677580136,0.975363543923176,3.89316125593251,0.238668124581376,0.661679485257336,0.00776896687237905,-0.0208644839727157,2.15931091553817e-12,2.33380511541618e-08,0,0,0.553419176585397,1,1,1,1
native_16_V2,native_16bit_slow,V2,16,13.5,1100000,4,Q1_deterministic,Cal3,weighted_batch_average,0.000100137788044887,0.0499988684875849,0.851310119009453,3.79622157145578,0.205130845336194,0.455677478252441,0.137788044887244,-0.00226302483025131,1.61678821423689e-12,1.61772207321518e-08,0,0,0.412948414124536,1,1,1,1
native_16_V2,native_16bit_slow,V2,16,13.5,1100000,4,Q1_deterministic,Cal3,robust_trimmed_mean,0.000100401075150931,0.0499955252191749,0.640564419267699,0.708908768099026,0.195814881250295,0.507381477256794,0.401075150930752,-0.00894956165016225,5.89821581031716e-13,1.45491989935626e-08,0,0,0.20495655762486,1,1,1,1
native_16_V2,native_16bit_slow,V2,16,13.5,1100000,4,Q2_2mV,Cal3,TS_SLTVKE_sequential,0.000100044623125816,0.0494478060425208,7.58185641056259,16.381428538671,3.82909390883176,9.0697322620539,0.0446231258164564,-1.10438791495836,8.27992005987352e-11,5.25956984467988e-06,0.921537770653259,0.810291998220367,2.71648887879233,0.90625,0.96875,0,1
native_16_V2,native_16bit_slow,V2,16,13.5,1100000,4,Q2_2mV,Cal3,weighted_batch_average,0.00010274248911738,0.0503295335823014,6.44456043142725,13.2779546439725,3.3148275898912,7.19368791044351,2.74248911738018,0.659067164602822,5.08652932806193e-11,3.84303500747336e-06,0.961792150650593,0.774795115949865,1.5951141107262,1,1,0,1
native_16_V2,native_16bit_slow,V2,16,13.5,1100000,4,Q2_2mV,Cal3,robust_trimmed_mean,0.000100456889439298,0.0495745060434709,6.33066520179682,15.6571390431899,3.15267477607065,8.62835828881745,0.456889439298291,-0.850987913058121,6.33083307275719e-11,4.00612129242204e-06,0.748300171021874,0.719049552114306,1.87300757937502,0.9375,0.96875,0,1
native_16_V2,native_16bit_slow,V2,16,13.5,1100000,4,Q3_full_nonideal,Cal3,TS_SLTVKE_sequential,0.000102989990037623,0.0499366875716813,8.57839766671615,19.5346007844094,3.89313772638871,8.81686010071775,2.98999003762332,-0.126624856637392,9.43335591611034e-11,5.5574127102059e-06,0.91363066029664,0.85910656173527,2.37247611608839,0.90625,1,0,1
native_16_V2,native_16bit_slow,V2,16,13.5,1100000,4,Q3_full_nonideal,Cal3,weighted_batch_average,0.000100099116313947,0.0496286252849944,6.75812714419561,18.8611742098837,3.44314298701444,8.90311205426204,0.0991163139466567,-0.742749430011225,7.57153769517526e-11,4.63778613204048e-06,0.75764493780697,0.820757445824959,2.08959977976272,0.90625,1,0,1
native_16_V2,native_16bit_slow,V2,16,13.5,1100000,4,Q3_full_nonideal,Cal3,robust_trimmed_mean,0.000102914248215891,0.0496853933102072,7.51327788248237,16.1539102652655,4.23612088382824,11.5867781129042,2.91424821589124,-0.629213379585625,7.31121603891122e-11,7.19140140739983e-06,0.968261604578736,0.732247483091387,2.43338484705101,1,0.90625,0,1
native_16_V2,native_16bit_slow,V2,16,13.5,1100000,16,Q1_deterministic,Cal3,TS_SLTVKE_sequential,9.99898421723496e-05,0.0500010299713055,0.944313482556843,3.83393004706052,0.199141845366785,0.619543496752419,-0.0101578276503811,0.00205994261097686,2.07700557436186e-12,1.71076728628434e-08,0,0,0.517551104640711,1,1,1,1
native_16_V2,native_16bit_slow,V2,16,13.5,1100000,16,Q1_deterministic,Cal3,weighted_batch_average,0.000100150613897312,0.0499917154920611,0.862607096002951,3.7571550887788,0.174555280652697,0.513735890432546,0.15061389731168,-0.0165690158778431,1.61668981395115e-12,1.21367352211653e-08,0,0,0.402534691715111,1,1,1,1
native_16_V2,native_16bit_slow,V2,16,13.5,1100000,16,Q1_deterministic,Cal3,robust_trimmed_mean,0.000100409098731778,0.0499767814678812,0.648328194216987,0.641329308773197,0.188871409111004,0.426212102214274,0.409098731778368,-0.0464370642376921,5.81467012782092e-13,1.33918573298378e-08,0,0,0.202799550648796,1,1,1,1
native_16_V2,native_16bit_slow,V2,16,13.5,1100000,16,Q2_2mV,Cal3,TS_SLTVKE_sequential,9.85989662620584e-05,0.0502222413222026,3.14071778170056,5.57660190178972,1.89204245308574,4.53827169233893,-1.40103373794163,0.444482644405109,1.11245361608231e-11,1.3373469373169e-06,0.93249990092039,0.952053634752655,1.814392205073,0.96875,0.96875,0,1
native_16_V2,native_16bit_slow,V2,16,13.5,1100000,16,Q2_2mV,Cal3,weighted_batch_average,9.95085583902399e-05,0.0498875132592476,2.36515645317563,4.82689372217898,1.94313555815589,4.77867096697714,-0.491441609760146,-0.224973481504731,7.37316383731875e-12,1.41881700643225e-06,1.03079965921745,0.89031057836214,1.39141026313754,1,1,1,1
native_16_V2,native_16bit_slow,V2,16,13.5,1100000,16,Q2_2mV,Cal3,robust_trimmed_mean,9.90943363188903e-05,0.0500466518117714,2.87373215852231,6.94140459323639,1.95563454086937,5.27773666000746,-0.905663681109714,0.0933036235428064,1.33151826249374e-11,1.41781266213815e-06,0.906801792261378,0.96516810342221,1.89823114163008,0.9375,0.9375,1,1
native_16_V2,native_16bit_slow,V2,16,13.5,1100000,16,Q3_full_nonideal,Cal3,TS_SLTVKE_sequential,0.000100838184365153,0.0498649606666732,4.28612651621926,12.4645868596545,1.67450942034516,4.15192317701533,0.838184365152861,-0.270078666653673,3.03429644630941e-11,1.08873907353924e-06,0.912372710921723,0.918628794986391,2.51842542244707,0.84375,1,0,0
native_16_V2,native_16bit_slow,V2,16,13.5,1100000,16,Q3_full_nonideal,Cal3,weighted_batch_average,9.92338559067736e-05,0.0502878907995928,3.36515107231124,9.32436595390989,1.66124220632682,4.06316324900223,-0.766144093226373,0.57578159918561,1.87509845680287e-11,9.75214779035174e-07,0.944899687615998,1.02484183890547,2.19171244334074,0.90625,0.96875,0,1
native_16_V2,native_16bit_slow,V2,16,13.5,1100000,16,Q3_full_nonideal,Cal3,robust_trimmed_mean,0.000101617525550568,0.0500622384036881,4.23454624972014,9.69665275479874,1.67478711650364,5.02316317614962,1.61752555056847,0.124476807376239,2.48355436800379e-11,1.30597304919938e-06,0.893683177351532,0.979121731162002,2.40137721642595,0.84375,0.96875,0,0
native_16_V2,native_16bit_slow,V2,16,13.5,1100000,64,Q1_deterministic,Cal3,TS_SLTVKE_sequential,9.99936325054511e-05,0.049997309465803,0.948353511914998,3.82202308378986,0.24180401571093,0.490854306151333,-0.00636749454895336,-0.00538106839405028,2.07967140580304e-12,2.18297383158735e-08,0,0,0.531195268620043,1,1,1,1
native_16_V2,native_16bit_slow,V2,16,13.5,1100000,64,Q1_deterministic,Cal3,weighted_batch_average,0.000100152966378368,0.0499844942495269,0.85950508203002,3.76770776268401,0.201379936184615,0.402774052645911,0.15296637836828,-0.0310115009461986,1.59375449205717e-12,1.75449160746946e-08,0,0,0.412763698627636,1,1,1,1
native_16_V2,native_16bit_slow,V2,16,13.5,1100000,64,Q1_deterministic,Cal3,robust_trimmed_mean,0.000100419848175007,0.050028363714752,0.659105871670008,0.642259953729625,0.257597705674625,0.619973294367901,0.419848175006865,0.0567274295039111,5.83998414574076e-13,2.27092907531981e-08,0,0,0.231618902372777,1,1,1,1
native_16_V2,native_16bit_slow,V2,16,13.5,1100000,64,Q2_2mV,Cal3,TS_SLTVKE_sequential,0.000100032092433932,0.049931660856323,1.50955973043802,3.22728324558133,1.05425811218369,2.01905294735272,0.0320924339324513,-0.136678287354031,3.39482752776224e-12,3.82585150356306e-07,0.974102083819421,0.967757249353513,1.26828224011698,1,1,1,1
native_16_V2,native_16bit_slow,V2,16,13.5,1100000,64,Q2_2mV,Cal3,weighted_batch_average,0.000100241609940865,0.0500702994648019,1.45250668368083,3.14527303004844,0.933737587510105,2.41452095982185,0.241609940864729,0.140598929603808,3.55334481987208e-12,3.71765221642951e-07,0.999979899531993,0.990669240367703,1.2378613009456,0.96875,1,1,1
native_16_V2,native_16bit_slow,V2,16,13.5,1100000,64,Q2_2mV,Cal3,robust_trimmed_mean,9.9501630799159e-05,0.0498959317788943,1.26871374152517,3.202370134459,1.09593279336549,2.47871822772879,-0.498369200840953,-0.208136442211404,2.4137600002671e-12,4.09867023754779e-07,0.991398887724525,0.960654108023584,1.18100623019658,0.96875,1,1,1
native_16_V2,native_16bit_slow,V2,16,13.5,1100000,64,Q3_full_nonideal,Cal3,TS_SLTVKE_sequential,0.000100294629764114,0.050175065118754,3.1948898059128,9.74895892148736,1.03068950840577,2.97502286893237,0.294629764114163,0.35013023750794,2.04452994372053e-11,4.2068381059567e-07,1.01206519888387,1.00307065062731,4.74980004169454,0.71875,1,0,0
native_16_V2,native_16bit_slow,V2,16,13.5,1100000,64,Q3_full_nonideal,Cal3,weighted_batch_average,9.85519950571259e-05,0.0500908186304102,3.10374612677902,8.94665861283716,1.14725531093029,2.32061136122507,-1.44800494287413,0.181637260820344,1.50563737749336e-11,4.64740553142104e-07,0.973293402078403,0.99870452866484,4.56847752868569,0.71875,1,0,0
native_16_V2,native_16bit_slow,V2,16,13.5,1100000,64,Q3_full_nonideal,Cal3,robust_trimmed_mean,0.000100796550544976,0.0499548241695053,3.35752044425774,12.2358100486249,1.07884868321996,2.404302858606,0.796550544976138,-0.0903516609894073,2.27059736020011e-11,4.35800115579562e-07,1.00209145741132,0.95909395255219,4.72054502354217,0.75,0.96875,0,0
native_16_V2,native_16bit_slow,V2,16,13.5,1100000,256,Q1_deterministic,Cal3,TS_SLTVKE_sequential,9.99897508163107e-05,0.050028813072578,0.948816126381899,3.83271557803297,0.21349943512235,0.448969241412078,-0.0102491836892926,0.0576261451559201,2.09470479164448e-12,1.43442416805039e-08,0,0,0.516382287907495,1,1,1,1
native_16_V2,native_16bit_slow,V2,16,13.5,1100000,256,Q1_deterministic,Cal3,weighted_batch_average,0.00010015472311685,0.0499844125218955,0.864908746219105,3.77887829502086,0.214513674893334,0.494757572511708,0.154723116849675,-0.0311749562090124,1.61024783631357e-12,1.63958575323821e-08,0,0,0.413493193365611,1,1,1,1
native_16_V2,native_16bit_slow,V2,16,13.5,1100000,256,Q1_deterministic,Cal3,robust_trimmed_mean,0.000100419252352512,0.0500097146279643,0.657983293314724,0.645412391042215,0.172012321651659,0.377934446827992,0.419252352512345,0.0194292559285714,5.81609435451329e-13,1.02388273178648e-08,0,0,0.194518583725012,1,1,1,1
native_16_V2,native_16bit_slow,V2,16,13.5,1100000,256,Q2_2mV,Cal3,TS_SLTVKE_sequential,9.98489246288885e-05,0.0500385893528862,0.845504909996104,2.10673515546441,0.440989133888081,0.997154191202237,-0.151075371111553,0.0771787057723072,1.15533974785111e-12,7.29730370970246e-08,0.989130086173337,0.989171681626954,0.682156232594992,1,1,1,1
native_16_V2,native_16bit_slow,V2,16,13.5,1100000,256,Q2_2mV,Cal3,weighted_batch_average,9.9799582352019e-05,0.0500251161658173,0.700427862543702,1.33714780463567,0.570103109437789,1.26546175983076,-0.200417647980966,0.0502323316345699,6.3182862966018e-13,1.27682267737877e-07,1.0050678554859,0.99833240697714,0.582894881830923,1,1,1,1
native_16_V2,native_16bit_slow,V2,16,13.5,1100000,256,Q2_2mV,Cal3,robust_trimmed_mean,9.98967549551367e-05,0.0499979779553289,0.766801268045646,1.99825912120972,0.477936024484077,1.20387872315022,-0.103245044863343,-0.00404408934213674,9.57716659862623e-13,8.94682513230084e-08,0.959298715282455,0.991599176037361,0.624703282600626,1,1,1,1
native_16_V2,native_16bit_slow,V2,16,13.5,1100000,256,Q3_full_nonideal,Cal3,TS_SLTVKE_sequential,0.000100430285411773,0.0499290063381483,2.97823968694899,9.58384729260143,0.528795516491896,1.43895843698438,0.430285411773279,-0.141987323703407,2.1371944048616e-11,1.10120748047428e-07,1.01855711619371,1.01210385781878,9.27820920244449,0.6875,1,1,0
native_16_V2,native_16bit_slow,V2,16,13.5,1100000,256,Q3_full_nonideal,Cal3,weighted_batch_average,9.89671931777147e-05,0.0499351456722294,2.57046165213902,9.39916175302202,0.446618728066699,1.00042491594086,-1.03280682228529,-0.129708655541294,1.41059959662147e-11,6.84137417085876e-08,1.0057305252459,0.98815142295737,7.0721875681927,0.6875,1,1,0
native_16_V2,native_16bit_slow,V2,16,13.5,1100000,256,Q3_full_nonideal,Cal3,robust_trimmed_mean,0.00010097093751005,0.0500556622957705,2.59468477826186,10.9076010064944,0.468325613824399,1.34505444722113,0.970937510049841,0.111324591540951,1.81276214742592e-11,8.88560849514593e-08,1.03302353400525,0.995918633951529,7.76831584652993,0.75,1,1,0
native_16_V2,native_16bit_slow,V2,16,13.5,1100000,1024,Q1_deterministic,Cal3,TS_SLTVKE_sequential,9.99895277173236e-05,0.0499980974977515,0.947644498612401,3.82788174713189,0.197529333819045,0.463989278390714,-0.0104722826764436,-0.00380500449704835,2.09030585535607e-12,1.52320192997251e-08,0,0,0.515538833274174,1,1,1,1
native_16_V2,native_16bit_slow,V2,16,13.5,1100000,1024,Q1_deterministic,Cal3,weighted_batch_average,0.000100152724687306,0.0500315890453795,0.862210807361245,3.76664528570816,0.216639839427577,0.621819444087737,0.152724687305783,0.0631780907589308,1.60553882320951e-12,1.83182985144973e-08,0,0,0.419732256808898,1,1,1,1
native_16_V2,native_16bit_slow,V2,16,13.5,1100000,1024,Q1_deterministic,Cal3,robust_trimmed_mean,0.000100416172306751,0.0499863423480042,0.65569281297241,0.628532874672758,0.1872198848402,0.492214512181911,0.416172306750773,-0.0273153039916374,5.83925143469829e-13,1.53320451704777e-08,0,0,0.208907921899101,1,1,1,1
native_16_V2,native_16bit_slow,V2,16,13.5,1100000,1024,Q2_2mV,Cal3,TS_SLTVKE_sequential,0.000100041687486021,0.0500019452490077,0.337726044789846,0.873027957334649,0.242087949446087,0.84269305294026,0.0416874860205807,0.00389049801539088,1.80378298834891e-13,2.75401839636703e-08,1.00561820833742,0.987045178833056,0.182269099944672,1,1,1,1
native_16_V2,native_16bit_slow,V2,16,13.5,1100000,1024,Q2_2mV,Cal3,weighted_batch_average,0.000100120188815958,0.0499666499705764,0.330196362919464,0.954053189322754,0.316372802567594,0.92942292421111,0.1201888159577,-0.0667000588472799,1.84147282187863e-13,4.27743304753268e-08,1.00183032059911,0.991423760606717,0.234889345002905,1,1,1,1
native_16_V2,native_16bit_slow,V2,16,13.5,1100000,1024,Q2_2mV,Cal3,robust_trimmed_mean,0.000100073175737505,0.0499710069084113,0.361966112221069,0.950915324315224,0.301680363491255,0.803181705323495,0.0731757375050268,-0.0579861831773609,1.96317691126981e-13,3.88005683530955e-08,1.00340556524047,1.00297540890783,0.225937783177686,1,1,1,1
native_16_V2,native_16bit_slow,V2,16,13.5,1100000,1024,Q3_full_nonideal,Cal3,TS_SLTVKE_sequential,0.000100432031256375,0.0499487777153358,2.64905836707876,9.37873839650348,0.334739908577207,0.757955128734567,0.432031256375454,-0.102444569328441,1.92282570861502e-11,3.90238672286509e-08,1.04785217384662,0.995569419038449,11.6610686971118,0.6875,1,1,0
native_16_V2,native_16bit_slow,V2,16,13.5,1100000,1024,Q3_full_nonideal,Cal3,weighted_batch_average,9.92544279328402e-05,0.0500370449379884,2.2108645841157,8.27627631673815,0.267760934527079,0.663402659935536,-0.745572067159828,0.0740898759768127,1.29901349734368e-11,2.8095125831474e-08,1.02385285842829,1.00105254393831,8.35693098045798,0.6875,1,1,0
native_16_V2,native_16bit_slow,V2,16,13.5,1100000,1024,Q3_full_nonideal,Cal3,robust_trimmed_mean,0.000100717020866847,0.0499869809125082,2.14161051537501,9.25020164091944,0.268322830171357,0.649858205483688,0.717020866847418,-0.0260381749835559,1.45966719879743e-11,2.66313833358495e-08,1.03344753033474,0.999113873861298,8.88756495886125,0.75,1,1,0
external_14_V2,external_14bit_reference,V2,14,12,5000000,1,Q1_deterministic,Cal3,TS_SLTVKE_sequential,0.000102081613340006,0.0499748229801335,9.36181497777107,11.2331622491559,0.390081683393392,0.796518169338842,2.08161334000623,-0.0503540397330249,8.57397181387286e-11,5.6467193609584e-08,0,0,1.58420263873568,1,1,0,1
external_14_V2,external_14bit_reference,V2,14,12,5000000,1,Q1_deterministic,Cal3,weighted_batch_average,0.00010145954302975,0.0500756336559342,9.33403722312515,11.3384003839981,0.327935932316076,0.674307362566684,1.45954302975004,0.151267311868342,8.73025397908159e-11,3.37844459001347e-08,0,0,1.56630967121013,1,1,0,1
external_14_V2,external_14bit_reference,V2,14,12,5000000,1,Q1_deterministic,Cal3,robust_trimmed_mean,9.79621702599254e-05,0.0499784341309039,8.49980438521385,10.5382364833666,0.446560890285592,1.19926641300193,-2.03782974007459,-0.0431317381921481,6.97488098491585e-11,8.12565774243256e-08,0,0,1.60640100211965,1,1,0,1
external_14_V2,external_14bit_reference,V2,14,12,5000000,1,Q2_2mV,Cal3,TS_SLTVKE_sequential,0.000115095771216865,0.0486851410273921,30.5573177419609,85.3635459444039,7.72481942639161,19.8464509451478,15.0957712168653,-2.62971794521574,1.99269688092069e-09,2.36340183966223e-05,0,0,2.00861721099252,0.90625,0.9375,0,1
external_14_V2,external_14bit_reference,V2,14,12,5000000,1,Q2_2mV,Cal3,weighted_batch_average,9.82432599798027e-05,0.0513548949431173,23.7175059225949,38.8484725337846,7.63359382637756,22.0696022258061,-1.75674002019733,2.7097898862346,8.08855266778884e-10,2.48802344662676e-05,0,0,2.72639883037464,0.8125,0.875,0,0
external_14_V2,external_14bit_reference,V2,14,12,5000000,1,Q2_2mV,Cal3,robust_trimmed_mean,0.000101282696184509,0.050355193841316,20.7678778396318,38.5158250887035,7.00903428924439,16.8895412852318,1.28269618450916,0.710387682632074,5.82210091211849e-10,1.97988875834808e-05,0,0,1.89912004910566,0.8125,0.96875,0,0
external_14_V2,external_14bit_reference,V2,14,12,5000000,1,Q3_full_nonideal,Cal3,TS_SLTVKE_sequential,0.000126510737955514,0.0486664083417539,43.65824691993,166.744440785331,6.63840692492642,18.9239298673287,26.5107379555139,-2.66718331649225,7.56170488623565e-09,1.64738155820625e-05,0,0,2.33709127527295,0.90625,0.9375,0,1
external_14_V2,external_14bit_reference,V2,14,12,5000000,1,Q3_full_nonideal,Cal3,weighted_batch_average,377164905.046349,0.0498699000473705,377164905046276,176.353721467877,7.83523652207565,19.9417158902025,377164905046249,-0.260199905258962,4.40985433355466e+18,2.40674253919889e-05,0,0,4.35700733676314,0.75,0.90625,0,0
external_14_V2,external_14bit_reference,V2,14,12,5000000,1,Q3_full_nonideal,Cal3,robust_trimmed_mean,0.00012707131961009,0.0502093462523812,48.7704744925558,84.8577745111719,7.59118160242813,16.7272180591197,27.0713196100904,0.418692504762452,7.5955353670027e-09,1.88975176539346e-05,0,0,2.71394997466802,0.8125,1,0,0
external_14_V2,external_14bit_reference,V2,14,12,5000000,4,Q1_deterministic,Cal3,TS_SLTVKE_sequential,0.000102013151785309,0.0499824411732729,9.28607363448868,10.9872841990878,0.31857856039708,0.987747250647042,2.01315178530921,-0.035117653454253,8.42916887141309e-11,4.63050332487862e-08,0,0,1.53610279748918,1,1,0,1
external_14_V2,external_14bit_reference,V2,14,12,5000000,4,Q1_deterministic,Cal3,weighted_batch_average,0.00010144952267019,0.0500464863938506,9.20769644237852,11.0480228572655,0.276501049719636,0.548689980688728,1.44952267018952,0.0929727877011954,8.48263834194752e-11,2.70415529199584e-08,0,0,1.49702607750042,1,1,0,1
external_14_V2,external_14bit_reference,V2,14,12,5000000,4,Q1_deterministic,Cal3,robust_trimmed_mean,9.79771950509939e-05,0.0499665514833978,8.69124577183285,10.8826694579917,0.269383824547189,0.7982704458151,-2.02280494900611,-0.0668970332045049,7.32850923576861e-11,3.11686601124473e-08,0,0,1.53628194085773,1,1,0,1
external_14_V2,external_14bit_reference,V2,14,12,5000000,4,Q2_2mV,Cal3,TS_SLTVKE_sequential,0.000104932664968951,0.0500539790660928,13.0842286431847,46.4904509440411,3.60780708466318,6.54321692697244,4.93266496895102,0.10795813218567,3.64089302377354e-10,4.26560893659022e-06,0.899969207836097,1.04176660874128,2.04072360503674,0.96875,1,0,1
external_14_V2,external_14bit_reference,V2,14,12,5000000,4,Q2_2mV,Cal3,weighted_batch_average,0.00010075003622523,0.0504006398332328,16.0673621790565,55.3367497574038,2.95141136245959,5.72285719503131,0.750036225229955,0.801279666465526,4.60868080696499e-10,2.8728090190222e-06,0.907366215023726,0.910241650257936,1.69747000882713,0.9375,1,0,1
external_14_V2,external_14bit_reference,V2,14,12,5000000,4,Q2_2mV,Cal3,robust_trimmed_mean,0.000105657635304054,0.0498049306750406,12.5633173363143,23.1991537076326,3.04066206784286,6.82019415571565,5.65763530405448,-0.390138649918848,1.90112678681664e-10,3.5581710124169e-06,0.801342445333505,0.895817803488849,1.39292847391624,0.96875,0.96875,0,1
external_14_V2,external_14bit_reference,V2,14,12,5000000,4,Q3_full_nonideal,Cal3,TS_SLTVKE_sequential,0.000106832638781863,0.050740607215297,18.3525801068016,38.5039722243818,3.92504511352661,9.72023089510886,6.83263878186293,1.4812144305939,4.8985076022706e-10,5.34950255020543e-06,0.855587164709817,0.705514244140173,2.78428510899414,0.875,0.9375,0,0
external_14_V2,external_14bit_reference,V2,14,12,5000000,4,Q3_full_nonideal,Cal3,weighted_batch_average,0.000100725921886133,0.050236983400444,13.7376737837439,35.6073392073023,3.04024457679102,10.943563368192,0.725921886132586,0.473966800887915,2.88747714799622e-10,5.79761766825552e-06,0.784082761895614,0.829000616084215,3.06026800954363,0.90625,0.9375,0,1
external_14_V2,external_14bit_reference,V2,14,12,5000000,4,Q3_full_nonideal,Cal3,robust_trimmed_mean,0.000111345700744525,0.0512063291020445,20.4480175205495,97.3349376214763,4.56497058541631,8.50866450759019,11.3457007445248,2.41265820408907,1.07143573150146e-09,5.26546398906901e-06,0.813670790646409,0.879227529141787,2.14167640388552,0.96875,0.96875,0,1
external_14_V2,external_14bit_reference,V2,14,12,5000000,16,Q1_deterministic,Cal3,TS_SLTVKE_sequential,0.000101962442558445,0.0500106942641637,9.32404064553683,10.7842525601956,0.323491127397554,1.02841559546103,1.96244255844507,0.0213885283274262,8.50152949554198e-11,4.54651913983784e-08,0,0,1.54971514704343,1,1,0,1
external_14_V2,external_14bit_reference,V2,14,12,5000000,16,Q1_deterministic,Cal3,weighted_batch_average,0.000101382222568678,0.0500479546830992,9.25397091545848,10.8094744544049,0.236443753119048,0.701258319923983,1.38222256867764,0.0959093661984545,8.5649965987323e-11,2.13266825154899e-08,0,0,1.50321979208284,1,1,0,1
external_14_V2,external_14bit_reference,V2,14,12,5000000,16,Q1_deterministic,Cal3,robust_trimmed_mean,9.79412255236305e-05,0.0500304719326801,8.70517005944847,10.815494753353,0.309916984195405,0.682749779941774,-2.05877447636947,0.0609438653601302,7.32498712907457e-11,3.57425854271946e-08,0,0,1.5543934768491,1,1,0,1
external_14_V2,external_14bit_reference,V2,14,12,5000000,16,Q2_2mV,Cal3,TS_SLTVKE_sequential,9.83312148102197e-05,0.0500638489621021,6.46041056231056,12.358854276466,2.07501208202698,4.76292970588967,-1.66878518978031,0.127697924204107,5.35221192559646e-11,1.51371312923451e-06,0.918461725805314,0.940315085715223,1.99841819821282,0.9375,1,0,1
external_14_V2,external_14bit_reference,V2,14,12,5000000,16,Q2_2mV,Cal3,weighted_batch_average,9.92883234118508e-05,0.0497109513275943,7.16268578318759,13.5751753357794,1.90655402302494,4.62143485639513,-0.711676588149213,-0.578097344811312,8.24040430901916e-11,1.24979335534076e-06,0.980103452369362,0.901932260271394,2.01380244356105,0.96875,1,0,1
external_14_V2,external_14bit_reference,V2,14,12,5000000,16,Q2_2mV,Cal3,robust_trimmed_mean,9.91407718761978e-05,0.049867044882802,6.12020040879509,14.0281689365673,1.73469182338083,4.05901215959255,-0.859228123802158,-0.265910234396038,5.38597404147425e-11,1.29355179118526e-06,0.942501999165352,0.830454403011532,1.92986162766103,0.90625,0.96875,0,1
external_14_V2,external_14bit_reference,V2,14,12,5000000,16,Q3_full_nonideal,Cal3,TS_SLTVKE_sequential,0.000104253502576227,0.0499080973809165,11.73872095957,39.8359398216506,2.2400259131529,5.02871276431969,4.25350257622665,-0.183805238166934,2.68331930674811e-10,1.7574433960655e-06,1.11879733713867,1.06266123261825,3.23939802129466,0.8125,0.96875,0,0
external_14_V2,external_14bit_reference,V2,14,12,5000000,16,Q3_full_nonideal,Cal3,weighted_batch_average,9.97176143233048e-05,0.0498945307896557,8.20118727463948,19.3052467322472,1.67008473303198,3.31237723850297,-0.282385676695251,-0.210938420688656,1.06051188852834e-10,9.3729369620329e-07,1.06578545229357,1.04327740692064,2.69920807481857,0.78125,1,0,0
external_14_V2,external_14bit_reference,V2,14,12,5000000,16,Q3_full_nonideal,Cal3,robust_trimmed_mean,0.000110786314316405,0.0501908995792058,13.6709814572157,45.6853344550907,1.81646337316443,4.00609345393266,10.7863143164046,0.381799158411655,2.6699958780548e-10,1.10464026625965e-06,1.02571833002687,0.947355975343615,2.62523328334598,0.8125,1,0,0
external_14_V2,external_14bit_reference,V2,14,12,5000000,64,Q1_deterministic,Cal3,TS_SLTVKE_sequential,0.000101949233350948,0.0499877174038772,9.29953244666695,10.6901625054184,0.282207578146073,0.734902141700332,1.94923335094783,-0.0245651922456624,8.45680051538215e-11,3.12483663567111e-08,0,0,1.5060818311924,1,1,0,1
external_14_V2,external_14bit_reference,V2,14,12,5000000,64,Q1_deterministic,Cal3,weighted_batch_average,0.000101414999645551,0.0500467735894854,9.22245228237284,10.7374216163247,0.215706733502687,0.604704334419454,1.41499964555099,0.0935471789707432,8.50612971680631e-11,1.77427726472545e-08,0,0,1.48025804315059,1,1,0,1
external_14_V2,external_14bit_reference,V2,14,12,5000000,64,Q1_deterministic,Cal3,robust_trimmed_mean,9.79289750711567e-05,0.049968777365447,8.70541613413669,10.7102953853802,0.290274010306822,0.903916209040911,-2.07102492884332,-0.0624452691060484,7.3157329273692e-11,3.8596707429175e-08,0,0,1.56280842840994,1,1,0,1
external_14_V2,external_14bit_reference,V2,14,12,5000000,64,Q2_2mV,Cal3,TS_SLTVKE_sequential,9.93714332524235e-05,0.0498474115027898,2.79114096985753,6.32192096635379,0.877137016941328,2.06264014440432,-0.628566747576498,-0.305176994420453,1.14143184696804e-11,2.85044930243599e-07,1.03511869332786,1.03527801561714,1.17381864178823,1,1,1,1
external_14_V2,external_14bit_reference,V2,14,12,5000000,64,Q2_2mV,Cal3,weighted_batch_average,9.93072743385886e-05,0.0500232914764972,2.93404681318575,8.70998946565264,1.01291311843919,1.89222422271969,-0.692725661411409,0.0465829529943118,1.71986737360468e-11,3.66370684058403e-07,1.00429783004579,0.973249773384854,1.44865659025235,0.9375,1,1,1
external_14_V2,external_14bit_reference,V2,14,12,5000000,64,Q2_2mV,Cal3,robust_trimmed_mean,0.000100182132556775,0.0500909066254175,3.59699827329687,7.74295330117444,1.15798235707057,2.69126866416042,0.182132556775305,0.181813250834928,1.80607195409435e-11,4.57936698449238e-07,1.02017057463608,0.950238606775473,1.7492023694269,0.9375,1,0,1
external_14_V2,external_14bit_reference,V2,14,12,5000000,64,Q3_full_nonideal,Cal3,TS_SLTVKE_sequential,0.000107430460679741,0.0499506720113457,11.8120537149848,53.4316007051596,0.832344852957021,1.98241462748187,7.43046067974125,-0.0986559773086815,3.95059681870848e-10,2.67449543628172e-07,1.07811379760632,1.04024512095215,7.79467374393429,0.6875,1,0,0
external_14_V2,external_14bit_reference,V2,14,12,5000000,64,Q3_full_nonideal,Cal3,weighted_batch_average,9.79724010964417e-05,0.0499061872583266,6.52679340758739,24.7456428959443,1.0421191596616,2.69067307879313,-2.02759890355834,-0.187625483346887,9.09290792229412e-11,4.52696414945148e-07,1.14545738387763,0.971571504652585,12.5977777908598,0.78125,0.96875,0,0
external_14_V2,external_14bit_reference,V2,14,12,5000000,64,Q3_full_nonideal,Cal3,robust_trimmed_mean,0.000107627013016177,0.0501116177408729,11.4986988989317,45.412064096518,0.915745702914021,3.01854528529256,7.62701301617716,0.223235481745698,2.78644064055159e-10,3.81393526649897e-07,1.03157429405044,1.01003984697449,6.83692041686175,0.71875,1,0,0
external_14_V2,external_14bit_reference,V2,14,12,5000000,256,Q1_deterministic,Cal3,TS_SLTVKE_sequential,0.000101953087854082,0.0500260619653805,9.29947533995051,10.6794840076065,0.251014037821686,0.623323665643586,1.95308785408248,0.0521239307610832,8.45577739382599e-11,2.51134840146553e-08,0,0,1.49108273769001,1,1,0,1
external_14_V2,external_14bit_reference,V2,14,12,5000000,256,Q1_deterministic,Cal3,weighted_batch_average,0.000101394192277496,0.0500407778123446,9.19304728282075,10.6748446704355,0.22578359843344,0.58207359388138,1.394192277496,0.0815556246892779,8.45159456838169e-11,1.9570010875099e-08,0,0,1.47599095097298,1,1,0,1
external_14_V2,external_14bit_reference,V2,14,12,5000000,256,Q1_deterministic,Cal3,robust_trimmed_mean,9.79314442205464e-05,0.0500048513438675,8.69713988814227,10.654800370311,0.291560710936375,0.698990529113703,-2.06855577945365,0.00970268773503591,7.30198460968778e-11,3.12558835757193e-08,0,0,1.53836986724397,1,1,0,1
external_14_V2,external_14bit_reference,V2,14,12,5000000,256,Q2_2mV,Cal3,TS_SLTVKE_sequential,0.000100360386584648,0.0499840286019619,1.5561035616248,4.50381757244073,0.503416065585576,1.1163447101267,0.360386584648209,-0.0319427960761454,4.14489023575848e-12,9.80309358529275e-08,1.06039180121915,0.981546692160012,0.96802796376741,1,1,1,1
external_14_V2,external_14bit_reference,V2,14,12,5000000,256,Q2_2mV,Cal3,weighted_batch_average,0.000100239410596269,0.0500333515178389,1.37647725542105,4.04391896956417,0.55112345660304,1.3209844015006,0.239410596269418,0.066703035677862,3.38293197795964e-12,1.10766299405266e-07,1.06262631380707,0.994467757957051,0.857077739099239,0.96875,1,1,1
external_14_V2,external_14bit_reference,V2,14,12,5000000,256,Q2_2mV,Cal3,robust_trimmed_mean,9.99706358674897e-05,0.0500526768013872,1.57250067644756,3.81508872477057,0.603047165767485,1.23457203286252,-0.0293641325103122,0.105353602774438,3.77889068688682e-12,1.23286938452777e-07,1.0389713012381,0.952140466511892,0.986158237585915,0.96875,1,1,1
external_14_V2,external_14bit_reference,V2,14,12,5000000,256,Q3_full_nonideal,Cal3,TS_SLTVKE_sequential,0.000105183634826237,0.050080977189598,9.36426188282074,47.3266040575356,0.572693335936375,1.55885221812291,5.18363482623683,0.16195437919595,2.99121082088316e-10,1.34147621116925e-07,1.1563987903427,1.00360559269996,24.0668281073882,0.71875,1,0,0
external_14_V2,external_14bit_reference,V2,14,12,5000000,256,Q3_full_nonideal,Cal3,weighted_batch_average,9.81045219598607e-05,0.0501017119623794,4.43836120247767,20.9434373654501,0.503705079443626,1.55512696874909,-1.89547804013929,0.203423924758761,6.67810507209803e-11,1.03258882508196e-07,1.15420280383387,1.0209913521733,21.0468149117383,0.84375,1,0,0
external_14_V2,external_14bit_reference,V2,14,12,5000000,256,Q3_full_nonideal,Cal3,robust_trimmed_mean,0.000108983573650887,0.0500370977193965,11.3122850827413,44.5966979477065,0.507683453606843,1.40859333956533,8.98357365088731,0.07419543879299,3.18462665948276e-10,1.09647769643037e-07,1.0370835233621,0.987481207178272,23.341157351779,0.6875,1,0,0
external_14_V2,external_14bit_reference,V2,14,12,5000000,1024,Q1_deterministic,Cal3,TS_SLTVKE_sequential,0.000101950449635187,0.0500150767983562,9.3021540026064,10.6742930829373,0.242065404828431,0.608012047688159,1.950449635187,0.0301535967123678,8.46096051630978e-11,2.36944853420123e-08,0,0,1.48733248289409,1,1,0,1
external_14_V2,external_14bit_reference,V2,14,12,5000000,1024,Q1_deterministic,Cal3,weighted_batch_average,0.000101398546334094,0.0500619352585919,9.19582833655483,10.6730331003343,0.251928802761741,0.543412177952558,1.398546334094,0.123870517183766,8.45664724603799e-11,2.16825302672103e-08,0,0,1.48757138772431,1,1,0,1
external_14_V2,external_14bit_reference,V2,14,12,5000000,1024,Q1_deterministic,Cal3,robust_trimmed_mean,9.79312145868923e-05,0.0500118554933871,8.69482958729759,10.6561494607438,0.328830052994219,0.891532408740187,-2.06878541310771,0.0237109867740948,7.29745926107835e-11,4.46262147309581e-08,0,0,1.57257554883335,1,1,0,1
external_14_V2,external_14bit_reference,V2,14,12,5000000,1024,Q2_2mV,Cal3,TS_SLTVKE_sequential,9.9851447221089e-05,0.0499911498486509,0.843425653966057,2.50323992934606,0.396166880793811,0.970447260502078,-0.148552778911004,-0.0177003026982869,1.1880733273227e-12,6.22527554598205e-08,1.06189431830413,1.00017912737157,0.654085917438402,1,1,1,1
external_14_V2,external_14bit_reference,V2,14,12,5000000,1024,Q2_2mV,Cal3,weighted_batch_average,0.000100247386865197,0.0499801210080759,0.728131544043397,1.72143421386849,0.352121536144169,0.61387539765429,0.247386865197452,-0.0397579838482764,6.77329439715246e-13,4.17432249277573e-08,1.07028337202868,1.00762978537408,0.409433454842622,1,1,1,1
external_14_V2,external_14bit_reference,V2,14,12,5000000,1024,Q2_2mV,Cal3,robust_trimmed_mean,9.98274649440007e-05,0.0500199156554153,0.866333513139563,1.69482873322968,0.30100408043678,0.71117713620654,-0.172535055999312,0.039831310830607,1.00101277729466e-12,3.4195418630778e-08,1.05409278728584,1.00046730143468,0.513452321896599,1,1,1,1
external_14_V2,external_14bit_reference,V2,14,12,5000000,1024,Q3_full_nonideal,Cal3,TS_SLTVKE_sequential,0.000105071339317493,0.0499257104177048,9.08056286084421,47.8553157869388,0.375455999596808,1.11814377147462,5.07133931749277,-0.148579164590334,2.90752900511945e-10,5.43227120468426e-08,1.13642301832801,0.978501044179309,65.4981350546489,0.6875,1,0,0
external_14_V2,external_14bit_reference,V2,14,12,5000000,1024,Q3_full_nonideal,Cal3,weighted_batch_average,9.84770158503942e-05,0.0500936438508515,4.26972204606003,23.1373587649802,0.456113399721694,1.02542368221689,-1.52298414960581,0.187287701702998,6.69855813258874e-11,6.13998846562539e-08,1.17080754392709,1.00155229682529,33.5254934843632,0.78125,1,0,0
external_14_V2,external_14bit_reference,V2,14,12,5000000,1024,Q3_full_nonideal,Cal3,robust_trimmed_mean,0.000108446699123802,0.0500287850695891,10.0431573785437,43.4784120501953,0.378259052664883,1.06954305235727,8.44669912380169,0.057570139178198,2.87335277206571e-10,5.82860325587379e-08,1.07050489698357,1.02202044981288,68.0088514729812,0.65625,1,0,0
external_16_V2,external_16bit_reference,V2,16,13.5,5000000,1,Q1_deterministic,Cal3,TS_SLTVKE_sequential,9.98555401874613e-05,0.0499767501572496,1.04619125793674,3.92651859825119,0.21099658597578,0.5239150009224,-0.144459812538711,-0.0464996855007893,2.50955834416994e-12,1.74947680020779e-08,0,0,0.624085629032235,1,1,1,1
external_16_V2,external_16bit_reference,V2,16,13.5,5000000,1,Q1_deterministic,Cal3,weighted_batch_average,0.000100353105537669,0.0500236154020404,0.588159404646194,0.749335561610427,0.207006041608548,0.585738790814431,0.353105537669163,0.0472308040807778,5.59313896396694e-13,1.70682486004888e-08,0,0,0.199341244128336,1,1,1,1
external_16_V2,external_16bit_reference,V2,16,13.5,5000000,1,Q1_deterministic,Cal3,robust_trimmed_mean,0.000100135991043821,0.0499692296523922,0.832000973667224,3.67126544465217,0.226503090161263,0.458959170518347,0.135991043820916,-0.061540695215645,1.57514395752471e-12,1.55089337128408e-08,0,0,0.403080610494937,1,1,1,1
external_16_V2,external_16bit_reference,V2,16,13.5,5000000,1,Q2_2mV,Cal3,TS_SLTVKE_sequential,0.000106936583236648,0.0505761346043005,14.1666636769207,37.4339615083977,7.4901948519904,23.5835100055672,6.93658323664776,1.15226920860103,2.76743748805922e-10,2.51954139530391e-05,0,0,2.51696286279327,0.90625,0.90625,0,1
external_16_V2,external_16bit_reference,V2,16,13.5,5000000,1,Q2_2mV,Cal3,weighted_batch_average,0.000106974231452261,0.0491745265680812,15.1745341628048,45.4643603327744,9.07885394416452,20.4088846741034,6.97423145226088,-1.65094686383753,3.36004871302654e-10,2.94120645542254e-05,0,0,2.37080407736689,0.96875,0.875,0,0
external_16_V2,external_16bit_reference,V2,16,13.5,5000000,1,Q2_2mV,Cal3,robust_trimmed_mean,0.000103049909377728,0.0509644843124923,11.7071090792253,29.6913257703935,8.02982135881945,16.7618553267653,3.04990937772802,1.92896862498468,2.07701096219197e-10,2.23216733658859e-05,0,0,1.89714988363791,1,0.96875,0,1
external_16_V2,external_16bit_reference,V2,16,13.5,5000000,1,Q3_full_nonideal,Cal3,TS_SLTVKE_sequential,0.000103463435298397,0.0514207451661026,12.3253997370641,38.4247899412331,8.49934213414065,16.9629940598583,3.46343529839688,2.84149033220524,3.2885562949827e-10,2.09686044851497e-05,0,0,1.77751946444169,1,1,0,1
external_16_V2,external_16bit_reference,V2,16,13.5,5000000,1,Q3_full_nonideal,Cal3,weighted_batch_average,0.00010216854710855,0.0497911592452484,11.7926331432558,30.5065789454366,6.20655556507312,18.0934094386708,2.16854710854963,-0.417681509503165,2.94638432910105e-10,1.68677209257895e-05,0,0,1.54685551475666,1,0.9375,0,1
external_16_V2,external_16bit_reference,V2,16,13.5,5000000,1,Q3_full_nonideal,Cal3,robust_trimmed_mean,9.93288228077997e-05,0.0505389010833049,11.2041440317463,30.031633771282,6.39172879841129,15.4895407429868,-0.671177192200267,1.07780216660986,2.08703407200931e-10,1.53864050458772e-05,0,0,1.98857703615558,0.9375,1,0,1
external_16_V2,external_16bit_reference,V2,16,13.5,5000000,4,Q1_deterministic,Cal3,TS_SLTVKE_sequential,9.98947697506966e-05,0.0499959963263777,1.09338934156697,3.85377800594895,0.245542088493738,0.736381633692874,-0.105230249303356,-0.0080073472445874,2.58683855556398e-12,2.41599831473342e-08,0,0,0.655605135476324,1,1,1,1
external_16_V2,external_16bit_reference,V2,16,13.5,5000000,4,Q1_deterministic,Cal3,weighted_batch_average,0.000100417304797844,0.0499845993527048,0.657753974362794,0.814727201857028,0.215819381497274,0.568090368549543,0.417304797843743,-0.0308012945903657,5.96069957561019e-13,1.60079863081998e-08,0,0,0.213665136792229,1,1,1,1
external_16_V2,external_16bit_reference,V2,16,13.5,5000000,4,Q1_deterministic,Cal3,robust_trimmed_mean,0.000100134269056099,0.05001383494142,0.848650308447474,3.81708674907118,0.25459160456797,0.563312391641197,0.134269056098568,0.0276698828400646,1.61868115347427e-12,2.29559820744635e-08,0,0,0.432550275329217,1,1,1,1
external_16_V2,external_16bit_reference,V2,16,13.5,5000000,4,Q2_2mV,Cal3,TS_SLTVKE_sequential,0.000100873782050303,0.050625169544446,5.28218758744303,13.0926904054697,2.77784285157369,9.17065839691164,0.873782050303151,1.25033908889209,4.70939227461488e-11,3.24389324979833e-06,0.718109386023873,0.915204118780832,1.36174919389005,0.9375,0.9375,0,1
external_16_V2,external_16bit_reference,V2,16,13.5,5000000,4,Q2_2mV,Cal3,weighted_batch_average,0.000100847018774066,0.0503808179607228,6.00782457585759,16.2404823093544,4.57260606114252,9.10129909989218,0.847018774065833,0.761635921445536,6.25427094211984e-11,7.04899761162407e-06,0.938789647794974,0.996623414170654,2.33034128069351,0.9375,0.96875,0,1
external_16_V2,external_16bit_reference,V2,16,13.5,5000000,4,Q2_2mV,Cal3,robust_trimmed_mean,9.96860849630467e-05,0.0498580523499719,5.89895097397513,16.2297322370786,4.34253376926225,10.4055687655703,-0.313915036953272,-0.283895300056303,5.45774331395657e-11,7.07855229347088e-06,0.841029010658591,0.669694297998471,2.24479028896613,0.9375,0.875,0,0
external_16_V2,external_16bit_reference,V2,16,13.5,5000000,4,Q3_full_nonideal,Cal3,TS_SLTVKE_sequential,0.000100314714757713,0.0499145772764366,5.8503712363053,14.812285864476,4.14053730249248,8.38954580181947,0.314714757712631,-0.170845447126722,5.22039337221232e-11,6.24842227634104e-06,0.802212287089733,0.924022093010776,2.19185211565984,0.9375,0.96875,0,1
external_16_V2,external_16bit_reference,V2,16,13.5,5000000,4,Q3_full_nonideal,Cal3,weighted_batch_average,0.000101735576213212,0.0502052257754969,6.96680914392795,14.9765160931169,3.71911650660103,8.74959528749453,1.73557621321239,0.410451550993729,6.38278734054698e-11,5.20831084126728e-06,0.77633447137716,0.751280518003346,2.11655743429694,0.9375,0.96875,0,1
external_16_V2,external_16bit_reference,V2,16,13.5,5000000,4,Q3_full_nonideal,Cal3,robust_trimmed_mean,9.91735094940175e-05,0.0503341339267363,7.59254295863608,18.7345822034429,3.73010108340237,11.4205510453429,-0.826490505982469,0.668267853472648,8.28321654279492e-11,6.19267485981131e-06,0.958198009579403,0.619076222881806,2.79695410945782,0.90625,0.875,0,0
external_16_V2,external_16bit_reference,V2,16,13.5,5000000,16,Q1_deterministic,Cal3,TS_SLTVKE_sequential,9.98687484813975e-05,0.0500186250039953,1.06707791652369,3.84335884700997,0.257895531420158,0.572255742551688,-0.131251518602549,0.0372500079905747,2.54402303441824e-12,2.28912414873413e-08,0,0,0.645590048473957,1,1,1,1
external_16_V2,external_16bit_reference,V2,16,13.5,5000000,16,Q1_deterministic,Cal3,weighted_batch_average,0.000100397295184896,0.0500271951334178,0.635257564166109,0.625978981863924,0.240265391444976,0.486347782870823,0.39729518489624,0.0543902668356022,5.72871433414214e-13,1.91719980755103e-08,0,0,0.215509092225542,1,1,1,1
external_16_V2,external_16bit_reference,V2,16,13.5,5000000,16,Q1_deterministic,Cal3,robust_trimmed_mean,0.000100138151932786,0.0500002594892029,0.859324547756526,3.81785393404124,0.277805882371063,0.675498648231152,0.138151932786124,0.000518978405694703,1.6469433486571e-12,2.92824903914379e-08,0,0,0.456323838648463,1,1,1,1
external_16_V2,external_16bit_reference,V2,16,13.5,5000000,16,Q2_2mV,Cal3,TS_SLTVKE_sequential,0.000101212818345082,0.0500583114814626,3.50684361543326,10.3499647735814,1.92093574606655,5.17198836598015,1.21281834508238,0.116622962925139,2.10152914474715e-11,1.44881712786904e-06,1.00959422689743,0.964208286885659,2.08563058424024,0.875,0.9375,0,0
external_16_V2,external_16bit_reference,V2,16,13.5,5000000,16,Q2_2mV,Cal3,weighted_batch_average,9.91120220576425e-05,0.0499556921751138,3.12061329858792,7.70218455969672,1.63638920867203,4.71956522895029,-0.88797794235751,-0.0886156497723278,1.44104638994553e-11,1.09882797298289e-06,0.89458171261933,1.01418406511397,1.80640511835454,0.90625,0.96875,0,1
external_16_V2,external_16bit_reference,V2,16,13.5,5000000,16,Q2_2mV,Cal3,robust_trimmed_mean,9.9309288563533e-05,0.0501780767774357,3.19687888351316,8.73277238668961,2.01975421681284,5.36543503178824,-0.690711436467029,0.356153554871419,1.56087751362229e-11,1.5457276140564e-06,1.01121159037946,0.928899194807091,2.12782260678486,0.9375,0.9375,0,1
external_16_V2,external_16bit_reference,V2,16,13.5,5000000,16,Q3_full_nonideal,Cal3,TS_SLTVKE_sequential,0.000101935992512566,0.050005872173437,4.14270499761757,16.0571486488835,1.89221546706752,5.8554343960866,1.93599251256555,0.0117443468740097,3.09969280266321e-11,1.57437799196019e-06,0.952447383865498,1.03213571882407,2.51218149344057,0.90625,0.90625,0,1
external_16_V2,external_16bit_reference,V2,16,13.5,5000000,16,Q3_full_nonideal,Cal3,weighted_batch_average,0.000100219904268147,0.0496285711431916,3.46338870535155,8.38829455870294,1.59084047435416,3.12850110561322,0.219904268146776,-0.742857713616707,1.69896418673649e-11,7.5707119068894e-07,0.964667463507546,0.945273229465144,1.69192922050232,0.9375,1,0,1
external_16_V2,external_16bit_reference,V2,16,13.5,5000000,16,Q3_full_nonideal,Cal3,robust_trimmed_mean,0.000100927585849045,0.0499734309172545,5.03815384867659,13.7549525952996,1.15215189847897,2.94218069823291,0.927585849045176,-0.0531381654909291,4.15297884448405e-11,5.3455353306688e-07,0.896378783154925,0.909253800573608,2.80491462199833,0.8125,1,0,0
external_16_V2,external_16bit_reference,V2,16,13.5,5000000,64,Q1_deterministic,Cal3,TS_SLTVKE_sequential,9.98705171589809e-05,0.0499849703428336,1.0546264087028,3.79997153586049,0.25300591235675,0.545886284430743,-0.129482841019124,-0.0300593143327532,2.48252656499325e-12,2.35026078078592e-08,0,0,0.632579771877709,1,1,1,1
external_16_V2,external_16bit_reference,V2,16,13.5,5000000,64,Q1_deterministic,Cal3,weighted_batch_average,0.000100411939979054,0.0500054421338147,0.649476471598212,0.617317310006589,0.199358658281448,0.456362512650108,0.411939979054132,0.0108842676294296,5.74301407787281e-13,1.58827207193841e-08,0,0,0.207086548655868,1,1,1,1
external_16_V2,external_16bit_reference,V2,16,13.5,5000000,64,Q1_deterministic,Cal3,robust_trimmed_mean,0.00010013726836953,0.0499617910409665,0.857468410547897,3.81460418947447,0.191454083500313,0.461475621648597,0.137268369529542,-0.0764179180670288,1.64200391245662e-12,1.23647047651449e-08,0,0,0.412390286610379,1,1,1,1
external_16_V2,external_16bit_reference,V2,16,13.5,5000000,64,Q2_2mV,Cal3,TS_SLTVKE_sequential,9.97487671715424e-05,0.0497956854198719,1.24937632798024,3.63336170812934,0.865296444866555,2.04653370883201,-0.251232828457615,-0.408629160256124,2.26549376639072e-12,2.43154504184744e-07,1.04230091064526,0.960653427624338,0.891675363032939,1,1,1,1
external_16_V2,external_16bit_reference,V2,16,13.5,5000000,64,Q2_2mV,Cal3,weighted_batch_average,0.000100288158047471,0.0499376855924895,1.04026651008408,2.92994509497326,1.06722291144247,2.92670885589706,0.288158047471443,-0.124628815021,1.68604625357284e-12,4.62285293866693e-07,1.06099044421545,1.01307637514126,1.02437576276645,1,0.96875,1,1
external_16_V2,external_16bit_reference,V2,16,13.5,5000000,64,Q2_2mV,Cal3,robust_trimmed_mean,9.9949544680054e-05,0.0499371922464929,1.36791925693847,2.91419685250904,1.0743666099969,2.93670836255411,-0.0504553199459634,-0.12561550701411,3.20267225166876e-12,4.79385020891487e-07,0.91749436194817,0.988369264116009,1.33950936760776,0.96875,0.96875,1,1
external_16_V2,external_16bit_reference,V2,16,13.5,5000000,64,Q3_full_nonideal,Cal3,TS_SLTVKE_sequential,0.000101046432939218,0.0501166021018747,2.50950932027405,11.1800056196836,1.07140335403842,2.98652629586454,1.04643293921836,0.233204203749415,1.60976100410021e-11,4.84685126044481e-07,1.0092797395537,0.968455112180302,3.52304307987147,0.8125,0.96875,1,0
external_16_V2,external_16bit_reference,V2,16,13.5,5000000,64,Q3_full_nonideal,Cal3,weighted_batch_average,9.97935674774328e-05,0.0498854164214498,2.69267954413535,8.85476470534161,1.07157762046293,2.0122440243001,-0.206432522567168,-0.229167157100363,1.25233759674578e-11,3.81014767977338e-07,1.0612150780324,0.935128930304728,2.96479605341926,0.8125,1,1,0
external_16_V2,external_16bit_reference,V2,16,13.5,5000000,64,Q3_full_nonideal,Cal3,robust_trimmed_mean,0.000100923266190338,0.0501277730915141,4.15198111721885,11.6762908337706,0.8802789728339,2.46773821013445,0.923266190338023,0.25554618302821,3.16952717801007e-11,3.17543351215872e-07,1.11638514347518,0.976067872545588,6.29624689367311,0.65625,1,0,0
external_16_V2,external_16bit_reference,V2,16,13.5,5000000,256,Q1_deterministic,Cal3,TS_SLTVKE_sequential,9.98731409852724e-05,0.0499785904300489,1.06094490229206,3.80349402239085,0.240123784061288,0.512753471205446,-0.126859014727632,-0.0428191399022393,2.50203124579985e-12,2.08862685895742e-08,0,0,0.630264500052199,1,1,1,1
external_16_V2,external_16bit_reference,V2,16,13.5,5000000,256,Q1_deterministic,Cal3,weighted_batch_average,0.000100416380093824,0.0500481330765646,0.654061262249197,0.617761334317297,0.147900717289154,0.349971454402456,0.416380093823765,0.0962661531290987,5.75828315368274e-13,6.63662357274222e-09,0,0,0.188914651221069,1,1,1,1
external_16_V2,external_16bit_reference,V2,16,13.5,5000000,256,Q1_deterministic,Cal3,robust_trimmed_mean,0.000100133576318615,0.0500040100095674,0.85383360305813,3.80735785249827,0.216232799663484,0.497243063462896,0.133576318615281,0.00802001913480233,1.63897244322325e-12,1.94880621753801e-08,0,0,0.427283009465304,1,1,1,1
external_16_V2,external_16bit_reference,V2,16,13.5,5000000,256,Q2_2mV,Cal3,TS_SLTVKE_sequential,9.98036499426697e-05,0.0500878626119097,0.696730836678263,1.46626794527952,0.539363864932204,1.58280252084891,-0.196350057330263,0.175725223819501,6.49705716432923e-13,1.14659887578668e-07,1.01921978595371,0.981767406930672,0.577227373303781,1,1,1,1
external_16_V2,external_16bit_reference,V2,16,13.5,5000000,256,Q2_2mV,Cal3,weighted_batch_average,0.000100280067544226,0.0500164639436039,0.717976451054627,2.22702729505134,0.547804679867193,1.50681711000661,0.28006754422607,0.0329278872078564,7.96310413384517e-13,1.10449195998158e-07,0.997183208510973,1.02371345345569,0.622661074523483,1,1,1,1
external_16_V2,external_16bit_reference,V2,16,13.5,5000000,256,Q2_2mV,Cal3,robust_trimmed_mean,9.99370163332512e-05,0.0499244216607746,0.64779211244373,1.48410615513298,0.548613160906602,1.11393745758882,-0.062983666748806,-0.151156678450792,5.93619045511628e-13,9.89550483325555e-08,1.00495553857742,1.01112725810082,0.496248448861386,1,1,1,1
external_16_V2,external_16bit_reference,V2,16,13.5,5000000,256,Q3_full_nonideal,Cal3,TS_SLTVKE_sequential,0.000100664675754436,0.0500529085582555,1.82698232319267,9.04896381630389,0.477856985266201,1.03757355220397,0.664675754435851,0.105817116510964,9.42079028474067e-12,9.71787821532604e-08,1.03270904666152,1.00237006620353,4.16271182672928,0.84375,1,1,0
external_16_V2,external_16bit_reference,V2,16,13.5,5000000,256,Q3_full_nonideal,Cal3,weighted_batch_average,9.98318426382049e-05,0.049954772502632,1.97418065318835,5.42502388297051,0.472858676358766,1.0320486158208,-0.168157361795152,-0.0904549947360223,8.68221973819406e-12,7.84268115992227e-08,1.01951180991574,0.959678245404811,3.84755783540751,0.6875,1,1,0
external_16_V2,external_16bit_reference,V2,16,13.5,5000000,256,Q3_full_nonideal,Cal3,robust_trimmed_mean,0.000100492502455245,0.0500647169723413,3.69038803685621,9.67132312710675,0.357587300488702,1.15311608211646,0.492502455244903,0.1294339446825,2.697006396193e-11,5.22965568614506e-08,1.05043265481883,1.00221499187535,11.4162130475508,0.625,1,0,0
external_16_V2,external_16bit_reference,V2,16,13.5,5000000,1024,Q1_deterministic,Cal3,TS_SLTVKE_sequential,9.98749231894791e-05,0.0499994993543948,1.06250146732713,3.80808466445011,0.175006361955499,0.407616465170486,-0.125076810520908,-0.00100129121040071,2.50329539150213e-12,1.18008660224405e-08,0,0,0.604009718086716,1,1,1,1
external_16_V2,external_16bit_reference,V2,16,13.5,5000000,1024,Q1_deterministic,Cal3,weighted_batch_average,0.00010041603819832,0.0500100298374464,0.654300675645203,0.612525887450082,0.18933756425232,0.436487260314052,0.416038198320279,0.0200596748928472,5.78166806497694e-13,1.30265175863937e-08,0,0,0.200946483927271,1,1,1,1
external_16_V2,external_16bit_reference,V2,16,13.5,5000000,1024,Q1_deterministic,Cal3,robust_trimmed_mean,0.000100136115012537,0.0500325233247632,0.85613963047203,3.81004268148948,0.218654029503482,0.573139032234573,0.136115012536631,0.0650466495263347,1.63987750151591e-12,1.96707850400552e-08,0,0,0.430959115651454,1,1,1,1
external_16_V2,external_16bit_reference,V2,16,13.5,5000000,1024,Q2_2mV,Cal3,TS_SLTVKE_sequential,0.000100164077585911,0.0500139887255051,0.352647872569288,0.687612520708713,0.276023170665019,0.647980293821093,0.164077585911437,0.0279774510102415,1.50664726576343e-13,3.19390590077356e-08,1.0002185729625,0.99511168044561,0.191372512720024,1,1,1,1
external_16_V2,external_16bit_reference,V2,16,13.5,5000000,1024,Q2_2mV,Cal3,weighted_batch_average,0.000100204994058469,0.0499928711278071,0.407080308455055,1.14279962710696,0.363768507166957,0.778833029501143,0.204994058469121,-0.0142577443857816,2.26099847129336e-13,5.06832975406038e-08,0.987206659115707,0.994513680383177,0.294646169375363,1,1,1,1
external_16_V2,external_16bit_reference,V2,16,13.5,5000000,1024,Q2_2mV,Cal3,robust_trimmed_mean,9.99734877683277e-05,0.0500157611671439,0.351314002567962,0.950796595637656,0.315659989940584,0.610124038820146,-0.0265122316723487,0.0315223342878035,1.82490088825479e-13,3.38462336123318e-08,1.00913653549539,1.00589161425176,0.200265501817774,1,1,1,1
external_16_V2,external_16bit_reference,V2,16,13.5,5000000,1024,Q3_full_nonideal,Cal3,TS_SLTVKE_sequential,0.000100517051387469,0.0499537182735231,1.52296688994738,8.70743811850231,0.383404456794037,0.920545137260126,0.517051387469136,-0.0925634529537422,9.28032618057065e-12,5.22554535106655e-08,1.03581460918085,0.998528035935389,5.70937401736836,0.84375,1,1,0
external_16_V2,external_16bit_reference,V2,16,13.5,5000000,1024,Q3_full_nonideal,Cal3,weighted_batch_average,9.99507095890722e-05,0.0500381815686009,1.86647564508591,6.44456060367925,0.357868932935943,0.714780204830481,-0.049290410927838,0.0763631372018736,8.94715691629633e-12,4.55974007462253e-08,1.01326418188184,0.994144563792147,5.46354006868786,0.6875,1,1,0
external_16_V2,external_16bit_reference,V2,16,13.5,5000000,1024,Q3_full_nonideal,Cal3,robust_trimmed_mean,0.000100609900172957,0.0499557343367647,3.35384358140452,9.88963503280172,0.33591495622324,0.771250360315685,0.609900172957079,-0.0885313264705645,2.60245769775303e-11,4.22175717632571e-08,1.06031092691918,0.995980039983494,15.765560124078,0.59375,1,0,0
