scenario,observation,estimator,cycle,C_true_factor,ESR_true_factor,C_est_factor,ESR_est_factor
load_25_to_75,O0 Mixed,E1 RLS,1,1,1,1.14454433745673,1.62602857822613
load_25_to_75,O0 Mixed,E1 RLS,2,1,1,1.35,2.12258930461406
load_25_to_75,O0 Mixed,E1 RLS,3,1,1,0.65,0.62195671096596
load_25_to_75,O0 Mixed,E1 RLS,4,1,1,0.65,0.35
load_25_to_75,O0 Mixed,E1 RLS,5,1,1,0.65,0.35
load_25_to_75,O0 Mixed,E1 RLS,6,1,1,0.65,0.35
load_25_to_75,O0 Mixed,E1 RLS,7,1,1,0.65,0.35
load_25_to_75,O0 Mixed,E1 RLS,8,1,1,0.910670637725128,1.11048045031526
load_25_to_75,O0 Mixed,E1 RLS,9,1,1,0.870056235872365,1.02047143534471
load_25_to_75,O0 Mixed,E1 RLS,10,1,1,0.872307314742603,1.02578950750436
load_25_to_75,O0 Mixed,E1 RLS,11,1,1,0.785346795328596,0.792404275795506
load_25_to_75,O0 Mixed,E1 RLS,12,1,1,0.806751402540604,0.856353355018368
load_25_to_75,O0 Mixed,E1 RLS,13,1,1,0.81783754044539,0.88921876043609
load_25_to_75,O0 Mixed,E1 RLS,14,1,1,0.825962146765973,0.913606297810174
load_25_to_75,O0 Mixed,E1 RLS,15,1,1,0.830245800381046,0.926770938897743
load_25_to_75,O0 Mixed,E1 RLS,16,1,1,0.847682870830025,0.981146383885177
load_25_to_75,O0 Mixed,E1 RLS,17,1,1,0.855108789041469,1.00458563657576
load_25_to_75,O0 Mixed,E1 RLS,18,1,1,0.851168801351276,0.991673377099515
load_25_to_75,O0 Mixed,E1 RLS,19,1,1,0.854384359643551,1.00265522924434
load_25_to_75,O0 Mixed,E1 RLS,20,1,1,0.853804150108806,1.00060440996516
load_25_to_75,O0 Mixed,E1 RLS,21,1,1,0.854846184642074,1.00440668627734
load_25_to_75,O0 Mixed,E1 RLS,22,1,1,0.854646523153968,1.00366081736973
load_25_to_75,O0 Mixed,E1 RLS,23,1,1,0.8548862445255,1.00456805398484
load_25_to_75,O0 Mixed,E1 RLS,24,1,1,0.85916838261836,1.0206415804252
load_25_to_75,O0 Mixed,E1 RLS,25,1,1,0.860279414881817,1.02468518245682
load_25_to_75,O0 Mixed,E1 RLS,26,1,1,0.858527527097589,1.01863587786616
load_25_to_75,O0 Mixed,E1 RLS,27,1,1,0.85902788645728,1.0202153841505
load_25_to_75,O0 Mixed,E1 RLS,28,1,1,0.859032096141693,1.02022691378222
load_25_to_75,O0 Mixed,E1 RLS,29,1,1,0.85709089839272,1.01591333784043
load_25_to_75,O0 Mixed,E1 RLS,30,1,1,0.857340914869098,1.01631767751699
load_25_to_75,O0 Mixed,E1 RLS,31,1,1,0.856193101354128,1.01522521511017
load_25_to_75,O0 Mixed,E1 RLS,32,1,1,0.85663276451307,1.01533835188655
load_25_to_75,O0 Mixed,E1 RLS,33,1,1,0.856853711324562,1.01524151322221
load_25_to_75,O0 Mixed,E1 RLS,34,1,1,0.856309216527843,1.0158476748938
load_25_to_75,O0 Mixed,E1 RLS,35,1,1,0.855885953143513,1.0165893443317
load_25_to_75,O0 Mixed,E1 RLS,36,1,1,0.854018725168698,1.02096583232522
load_25_to_75,O0 Mixed,E1 RLS,37,1,1,0.851899119003821,1.02706133661282
load_25_to_75,O0 Mixed,E1 RLS,38,1,1,0.849828345439184,1.03394491836299
load_25_to_75,O0 Mixed,E1 RLS,39,1,1,0.850030136239555,1.03320830169664
load_25_to_75,O0 Mixed,E1 RLS,40,1,1,0.849945079486947,1.03353327188865
load_25_to_75,O0 Mixed,E1 RLS,41,1,1,0.849916879913034,1.03364077984609
load_25_to_75,O0 Mixed,E1 RLS,42,1,1,0.851355914183122,1.0284629738297
load_25_to_75,O0 Mixed,E1 RLS,43,1,1,0.850885178874877,1.02996471215462
load_25_to_75,O0 Mixed,E1 RLS,44,1,1,0.849027915726172,1.03484783018002
load_25_to_75,O0 Mixed,E1 RLS,45,1,1,0.848649152476909,1.03558827834522
load_25_to_75,O0 Mixed,E1 RLS,46,1,1,0.850051702187492,1.03386917317738
load_25_to_75,O0 Mixed,E1 RLS,47,1,1,0.851305016448069,1.03323490267642
load_25_to_75,O0 Mixed,E1 RLS,48,1,1,0.85106730421185,1.03319609691339
load_25_to_75,O0 Mixed,E1 RLS,49,1,1,0.854335210677237,1.03569339997174
load_25_to_75,O0 Mixed,E1 RLS,50,1,1,0.854613752430039,1.03605300749306
load_25_to_75,O0 Mixed,E1 RLS,51,1,1,0.856770919572661,1.0398304987932
load_25_to_75,O0 Mixed,E1 RLS,52,1,1,0.857646625435054,1.04171357327945
load_25_to_75,O0 Mixed,E1 RLS,53,1,1,0.858182362070861,1.04305465241195
load_25_to_75,O0 Mixed,E1 RLS,54,1,1,0.859547933922507,1.04689481753997
load_25_to_75,O0 Mixed,E1 RLS,55,1,1,0.860132549925835,1.04869720433376
load_25_to_75,O0 Mixed,E1 RLS,56,1,1,0.8600049638352,1.0482731098328
load_25_to_75,O0 Mixed,E1 RLS,57,1,1,0.859199630818576,1.04542650500235
load_25_to_75,O0 Mixed,E1 RLS,58,1,1,0.859075672121946,1.04496717087724
load_25_to_75,O0 Mixed,E1 RLS,59,1,1,0.860006705251034,1.04852450280109
load_25_to_75,O0 Mixed,E1 RLS,60,1,1,0.861040084195812,1.05252546500723
load_25_to_75,O0 Mixed,E1 RLS,61,1,1,0.861176787931095,1.0530523049237
load_25_to_75,O0 Mixed,E1 RLS,62,1,1,0.860899189286285,1.05200974114304
load_25_to_75,O0 Mixed,E1 RLS,63,1,1,0.859370511633172,1.04655952816845
load_25_to_75,O0 Mixed,E1 RLS,64,1,1,0.858739770361323,1.04449840682343
load_25_to_75,O0 Mixed,E1 RLS,65,1,1,0.858076470682735,1.04260362056948
load_25_to_75,O0 Mixed,E1 RLS,66,1,1,0.858398251948601,1.0433565593826
load_25_to_75,O0 Mixed,E1 RLS,67,1,1,0.857659329058732,1.0420726577474
load_25_to_75,O0 Mixed,E1 RLS,68,1,1,0.85734458893505,1.04173507914712
load_25_to_75,O0 Mixed,E1 RLS,69,1,1,0.857933417372504,1.04195205248287
load_25_to_75,O0 Mixed,E1 RLS,70,1,1,0.857985879150527,1.04193392194377
load_25_to_75,O0 Mixed,E1 RLS,71,1,1,0.858267505559726,1.04163961837457
load_25_to_75,O0 Mixed,E1 RLS,72,1,1,0.858337595679412,1.04151994164816
load_25_to_75,O0 Mixed,E1 RLS,73,1,1,0.858045573319003,1.0421955493683
load_25_to_75,O0 Mixed,E1 RLS,74,1,1,0.857888113696421,1.04264309572003
load_25_to_75,O0 Mixed,E1 RLS,75,1,1,0.858182696729977,1.04168015762823
load_25_to_75,O0 Mixed,E1 RLS,76,1,1,0.858170550029278,1.04172353221786
load_25_to_75,O0 Mixed,E1 RLS,77,1,1,0.858098989745705,1.04199031135789
load_25_to_75,O0 Mixed,E1 RLS,78,1,1,0.857853268646133,1.04290479772652
load_25_to_75,O0 Mixed,E1 RLS,79,1,1,0.856928269695976,1.04618486392314
load_25_to_75,O0 Mixed,E1 RLS,80,1,1,0.857164999461785,1.04542682957286
load_25_to_75,O0 Mixed,E1 RLS,81,1,1,0.857270119472311,1.0451416772806
load_25_to_75,O0 Mixed,E1 RLS,82,1,1,0.856962240226231,1.0457948537054
load_25_to_75,O0 Mixed,E1 RLS,83,1,1,0.857541379862418,1.04494326541372
load_25_to_75,O0 Mixed,E1 RLS,84,1,1,0.858194475191247,1.0444193569752
load_25_to_75,O0 Mixed,E1 RLS,85,1,1,0.858368878636867,1.04439273148238
load_25_to_75,O0 Mixed,E1 RLS,86,1,1,0.857988701581415,1.04421883104817
load_25_to_75,O0 Mixed,E1 RLS,87,1,1,0.858573140591838,1.04481320530893
load_25_to_75,O0 Mixed,E1 RLS,88,1,1,0.85821897883574,1.04427403723565
load_25_to_75,O0 Mixed,E1 RLS,89,1,1,0.859000736747368,1.04581753908864
load_25_to_75,O0 Mixed,E1 RLS,90,1,1,0.859800647969317,1.047716248263
load_25_to_75,O0 Mixed,E1 RLS,91,1,1,0.859846642105244,1.0478417449504
load_25_to_75,O0 Mixed,E1 RLS,92,1,1,0.860520241427794,1.04988994729449
load_25_to_75,O0 Mixed,E1 RLS,93,1,1,0.861543021100187,1.05327224032133
load_25_to_75,O0 Mixed,E1 RLS,94,1,1,0.861331498913354,1.0525249729198
load_25_to_75,O0 Mixed,E1 RLS,95,1,1,0.862046188145521,1.05517809198202
load_25_to_75,O0 Mixed,E1 RLS,96,1,1,0.863172922969295,1.05949479097835
load_25_to_75,O0 Mixed,E1 RLS,97,1,1,0.862852557572872,1.0582484930483
load_25_to_75,O0 Mixed,E1 RLS,98,1,1,0.862706306717541,1.05768114310179
load_25_to_75,O0 Mixed,E1 RLS,99,1,1,0.861964681532398,1.05487620973135
load_25_to_75,O0 Mixed,E1 RLS,100,1,1,0.861708438000961,1.05395724705268
load_25_to_75,O0 Mixed,E1 RLS,101,1,1,0.860984391367858,1.05157950261405
load_25_to_75,O0 Mixed,E1 RLS,102,1,1,0.860646968510659,1.05060955211101
load_25_to_75,O0 Mixed,E1 RLS,103,1,1,0.86068495872111,1.05069930136499
load_25_to_75,O0 Mixed,E1 RLS,104,1,1,0.860578204153534,1.0505109238518
load_25_to_75,O0 Mixed,E1 RLS,105,1,1,0.861103821266571,1.05109016167456
load_25_to_75,O0 Mixed,E1 RLS,106,1,1,0.861178731349566,1.05112016643819
load_25_to_75,O0 Mixed,E1 RLS,107,1,1,0.860693992863453,1.05127241015648
load_25_to_75,O0 Mixed,E1 RLS,108,1,1,0.860382528307946,1.05158960177801
load_25_to_75,O0 Mixed,E1 RLS,109,1,1,0.860580635255717,1.05125537205438
load_25_to_75,O0 Mixed,E1 RLS,110,1,1,0.859827015640514,1.05298762119138
load_25_to_75,O0 Mixed,E1 RLS,111,1,1,0.859703857779368,1.05333620878591
load_25_to_75,O0 Mixed,E1 RLS,112,1,1,0.859552407172005,1.05382944023089
load_25_to_75,O0 Mixed,E1 RLS,113,1,1,0.859517761800271,1.05395265361934
load_25_to_75,O0 Mixed,E1 RLS,114,1,1,0.858935005910108,1.05611574815251
load_25_to_75,O0 Mixed,E1 RLS,115,1,1,0.858278193365772,1.05855232952572
load_25_to_75,O0 Mixed,E1 RLS,116,1,1,0.858888508835845,1.05639325936315
load_25_to_75,O0 Mixed,E1 RLS,117,1,1,0.858771820679177,1.05676754502884
load_25_to_75,O0 Mixed,E1 RLS,118,1,1,0.858838737332645,1.05658376410729
load_25_to_75,O0 Mixed,E1 RLS,119,1,1,0.859126992620635,1.05595413401177
load_25_to_75,O0 Mixed,E1 RLS,120,1,1,0.859192439060942,1.0558519507186
load_25_to_75,O0 Mixed,E1 RLS,121,1,1,0.859187777746174,1.05585621630527
load_25_to_75,O0 Mixed,E1 RLS,122,1,1,0.86032569779753,1.0555429436793
load_25_to_75,O0 Mixed,E1 RLS,123,1,1,0.860371742222752,1.05555833344368
load_25_to_75,O0 Mixed,E1 RLS,124,1,1,0.859925275138418,1.05515558595506
load_25_to_75,O0 Mixed,E1 RLS,125,1,1,0.860043253559822,1.05532339652397
load_25_to_75,O0 Mixed,E1 RLS,126,1,1,0.859279192849746,1.05387593655322
load_25_to_75,O0 Mixed,E1 RLS,127,1,1,0.858533008652917,1.05214382762362
load_25_to_75,O0 Mixed,E1 RLS,128,1,1,0.857914107165959,1.04997331604668
load_25_to_75,O0 Mixed,E1 RLS,129,1,1,0.858057032495231,1.0505386658391
load_25_to_75,O0 Mixed,E1 RLS,130,1,1,0.859254503871034,1.05576741059348
load_25_to_75,O0 Mixed,E1 RLS,131,1,1,0.858240886614654,1.05095137572619
load_25_to_75,O0 Mixed,E1 RLS,132,1,1,0.859466541513315,1.05718891121733
load_25_to_75,O0 Mixed,E1 RLS,133,1,1,0.860755362689712,1.06406586784376
load_25_to_75,O0 Mixed,E1 RLS,134,1,1,0.861747565572109,1.06948589662049
load_25_to_75,O0 Mixed,E1 RLS,135,1,1,0.86141666597865,1.06769005761978
load_25_to_75,O0 Mixed,E1 RLS,136,1,1,0.8616702532083,1.06900294819033
load_25_to_75,O0 Mixed,E1 RLS,137,1,1,0.861822529844273,1.06971622539153
load_25_to_75,O0 Mixed,E1 RLS,138,1,1,0.862065251856624,1.07068029127244
load_25_to_75,O0 Mixed,E1 RLS,139,1,1,0.861622060412649,1.06930338421846
load_25_to_75,O0 Mixed,E1 RLS,140,1,1,0.861970646359749,1.07006051164903
load_25_to_75,O0 Mixed,E1 RLS,141,1,1,0.861655321665063,1.06966651208746
load_25_to_75,O0 Mixed,E1 RLS,142,1,1,0.861298101958488,1.06952457398254
load_25_to_75,O0 Mixed,E1 RLS,143,1,1,0.86220350016065,1.06920133021392
load_25_to_75,O0 Mixed,E1 RLS,144,1,1,0.863214819497641,1.06818582192424
load_25_to_75,O0 Mixed,E1 RLS,145,1,1,0.864053437414702,1.06688537031575
load_25_to_75,O0 Mixed,E1 RLS,146,1,1,0.865062923830499,1.06485781998235
load_25_to_75,O0 Mixed,E1 RLS,147,1,1,0.866979364191276,1.06028592372362
load_25_to_75,O0 Mixed,E1 RLS,148,1,1,0.868558952251132,1.05603719475632
load_25_to_75,O0 Mixed,E1 RLS,149,1,1,0.869624530735644,1.05291790832343
load_25_to_75,O0 Mixed,E1 RLS,150,1,1,0.871895479768015,1.04590215210729
load_25_to_75,O0 Mixed,E1 RLS,151,1,1,0.874080818543539,1.03898680135846
load_25_to_75,O0 Mixed,E1 RLS,152,1,1,0.87589290819437,1.03328715790908
load_25_to_75,O0 Mixed,E1 RLS,153,1,1,0.877146804752775,1.02949854237893
load_25_to_75,O0 Mixed,E1 RLS,154,1,1,0.877826556070609,1.02760431669309
load_25_to_75,O0 Mixed,E1 RLS,155,1,1,0.879876459302795,1.02260411408176
load_25_to_75,O0 Mixed,E1 RLS,156,1,1,0.880142912460252,1.02207075188097
load_25_to_75,O0 Mixed,E1 RLS,157,1,1,0.88176599707113,1.01963077615494
load_25_to_75,O0 Mixed,E1 RLS,158,1,1,0.881950855624315,1.01945017768382
load_25_to_75,O0 Mixed,E1 RLS,159,1,1,0.882299502269295,1.01929191218643
load_25_to_75,O0 Mixed,E1 RLS,160,1,1,0.882959764901529,1.01932188424539
load_25_to_75,O0 Mixed,E1 RLS,161,1,1,0.883532996954575,1.01961281209582
load_25_to_75,O0 Mixed,E1 RLS,162,1,1,0.884827368874445,1.02081254353496
load_25_to_75,O0 Mixed,E1 RLS,163,1,1,0.885167228106252,1.02125588200545
load_25_to_75,O0 Mixed,E1 RLS,164,1,1,0.885447978284385,1.02171777732863
load_25_to_75,O0 Mixed,E1 RLS,165,1,1,0.886031789436002,1.02285678552665
load_25_to_75,O0 Mixed,E1 RLS,166,1,1,0.887079238633255,1.0251849352869
load_25_to_75,O0 Mixed,E1 RLS,167,1,1,0.886613428957106,1.02403665072966
load_25_to_75,O0 Mixed,E1 RLS,168,1,1,0.886460681173054,1.02362770564483
load_25_to_75,O0 Mixed,E1 RLS,169,1,1,0.887326700599276,1.02609237171027
load_25_to_75,O0 Mixed,E1 RLS,170,1,1,0.887378055376223,1.02624465230647
load_25_to_75,O0 Mixed,E1 RLS,171,1,1,0.888011145037575,1.0281594596639
load_25_to_75,O0 Mixed,E1 RLS,172,1,1,0.88801833648952,1.02818110159002
load_25_to_75,O0 Mixed,E1 RLS,173,1,1,0.88868946835038,1.03013166823094
load_25_to_75,O0 Mixed,E1 RLS,174,1,1,0.888778262223755,1.03037196962872
load_25_to_75,O0 Mixed,E1 RLS,175,1,1,0.888659248799762,1.03008513843738
load_25_to_75,O0 Mixed,E1 RLS,176,1,1,0.88879507950994,1.03035996909875
load_25_to_75,O0 Mixed,E1 RLS,177,1,1,0.888745635017515,1.03028263257474
load_25_to_75,O0 Mixed,E1 RLS,178,1,1,0.888896537583768,1.03044218467037
load_25_to_75,O0 Mixed,E1 RLS,179,1,1,0.888831159291727,1.03040754826199
load_25_to_75,O0 Mixed,E1 RLS,180,1,1,0.888934569200119,1.0304081593154
load_25_to_75,O0 Mixed,E1 RLS,181,1,1,0.888973619274572,1.03038883568996
load_25_to_75,O0 Mixed,E1 RLS,182,1,1,0.889403160766176,1.02997728981209
load_25_to_75,O0 Mixed,E1 RLS,183,1,1,0.889442830175098,1.02992276581791
load_25_to_75,O0 Mixed,E1 RLS,184,1,1,0.889839071693259,1.02923437985742
load_25_to_75,O0 Mixed,E1 RLS,185,1,1,0.890182229800077,1.02853430499697
load_25_to_75,O0 Mixed,E1 RLS,186,1,1,0.890496420481633,1.02781877579449
load_25_to_75,O0 Mixed,E1 RLS,187,1,1,0.890632584278416,1.02748623997528
load_25_to_75,O0 Mixed,E1 RLS,188,1,1,0.890872546597711,1.02688010742687
load_25_to_75,O0 Mixed,E1 RLS,189,1,1,0.891298732453011,1.02580617455291
load_25_to_75,O0 Mixed,E1 RLS,190,1,1,0.891597413059751,1.02508345537297
load_25_to_75,O0 Mixed,E1 RLS,191,1,1,0.892158077506807,1.02383540402254
load_25_to_75,O0 Mixed,E1 RLS,192,1,1,0.892566064072631,1.02304093421492
load_25_to_75,O0 Mixed,E1 RLS,193,1,1,0.893196097478333,1.02203306419533
load_25_to_75,O0 Mixed,E1 RLS,194,1,1,0.893669087159997,1.02146319809014
load_25_to_75,O0 Mixed,E1 RLS,195,1,1,0.894176154308648,1.02106464363839
load_25_to_75,O0 Mixed,E1 RLS,196,1,1,0.894196101990227,1.02105737973794
load_25_to_75,O0 Mixed,E1 RLS,197,1,1,0.894701021530035,1.02108019451792
load_25_to_75,O0 Mixed,E1 RLS,198,1,1,0.894920312011941,1.02117478020311
load_25_to_75,O0 Mixed,E1 RLS,199,1,1,0.895383704859049,1.02154024124039
load_25_to_75,O0 Mixed,E1 RLS,200,1,1,0.895760989414905,1.02196093652658
load_25_to_75,O0 Mixed,E1 RLS,201,1,1,0.895850631361825,1.022087453834
load_25_to_75,O0 Mixed,E1 RLS,202,1,1,0.89582007988709,1.02203616119788
load_25_to_75,O0 Mixed,E1 RLS,203,1,1,0.896569077932483,1.02347144195638
load_25_to_75,O0 Mixed,E1 RLS,204,1,1,0.896124222426527,1.02252611838393
load_25_to_75,O0 Mixed,E1 RLS,205,1,1,0.896715211597454,1.02388690678566
load_25_to_75,O0 Mixed,E1 RLS,206,1,1,0.896786074274625,1.02406001932267
load_25_to_75,O0 Mixed,E1 RLS,207,1,1,0.897226441784208,1.02517919305254
load_25_to_75,O0 Mixed,E1 RLS,208,1,1,0.89700553682621,1.02460697050753
load_25_to_75,O0 Mixed,E1 RLS,209,1,1,0.896955917890695,1.02447891209479
load_25_to_75,O0 Mixed,E1 RLS,210,1,1,0.89668824037825,1.02380907657835
load_25_to_75,O0 Mixed,E1 RLS,211,1,1,0.896640243415913,1.02369638419807
load_25_to_75,O0 Mixed,E1 RLS,212,1,1,0.896360802581059,1.02310540113635
load_25_to_75,O0 Mixed,E1 RLS,213,1,1,0.895788327387165,1.02207037700094
load_25_to_75,O0 Mixed,E1 RLS,214,1,1,0.895892112184114,1.02221934753171
load_25_to_75,O0 Mixed,E1 RLS,215,1,1,0.896003651239636,1.02233233166345
load_25_to_75,O0 Mixed,E1 RLS,216,1,1,0.895957023858197,1.02230616488551
load_25_to_75,O0 Mixed,E1 RLS,217,1,1,0.895915252251873,1.02230201790069
load_25_to_75,O0 Mixed,E1 RLS,218,1,1,0.895617716636258,1.0224077311724
load_25_to_75,O0 Mixed,E1 RLS,219,1,1,0.896013128745152,1.02209644929932
load_25_to_75,O0 Mixed,E1 RLS,220,1,1,0.896061140255681,1.02203961841746
load_25_to_75,O0 Mixed,E1 RLS,221,1,1,0.896314179018876,1.02165125475521
load_25_to_75,O0 Mixed,E1 RLS,222,1,1,0.896653143327272,1.02103071521437
load_25_to_75,O0 Mixed,E1 RLS,223,1,1,0.896654836788832,1.02102722049887
load_25_to_75,O0 Mixed,E1 RLS,224,1,1,0.896792609017314,1.02072065416222
load_25_to_75,O0 Mixed,E1 RLS,225,1,1,0.897179191654142,1.01982925923298
load_25_to_75,O0 Mixed,E1 RLS,226,1,1,0.897582872088642,1.01890087435639
load_25_to_75,O0 Mixed,E1 RLS,227,1,1,0.898404505699332,1.01708972311376
load_25_to_75,O0 Mixed,E1 RLS,228,1,1,0.898678404648051,1.01653535092395
load_25_to_75,O0 Mixed,E1 RLS,229,1,1,0.898802889551106,1.01631509863931
load_25_to_75,O0 Mixed,E1 RLS,230,1,1,0.899031181404546,1.01598323361191
load_25_to_75,O0 Mixed,E1 RLS,231,1,1,0.899869234478968,1.01506555131627
load_25_to_75,O0 Mixed,E1 RLS,232,1,1,0.899930851489293,1.01502151889347
load_25_to_75,O0 Mixed,E1 RLS,233,1,1,0.900102230490037,1.01496492434499
load_25_to_75,O0 Mixed,E1 RLS,234,1,1,0.900088742137664,1.01496431741958
load_25_to_75,O0 Mixed,E1 RLS,235,1,1,0.900403237403328,1.01509058731829
load_25_to_75,O0 Mixed,E1 RLS,236,1,1,0.900280281469808,1.01500036766923
load_25_to_75,O0 Mixed,E1 RLS,237,1,1,0.900599823592052,1.01533243074749
load_25_to_75,O0 Mixed,E1 RLS,238,1,1,0.90066269695697,1.01541522185936
load_25_to_75,O0 Mixed,E1 RLS,239,1,1,0.900511457116555,1.01517813540646
load_25_to_75,O0 Mixed,E1 RLS,240,1,1,0.900153796691834,1.01453724769678
load_25_to_75,O0 Mixed,E1 RLS,241,1,1,0.900223225344254,1.01467524535449
load_25_to_75,O0 Mixed,E1 RLS,242,1,1,0.900018694195422,1.01423495087981
load_25_to_75,O0 Mixed,E1 RLS,243,1,1,0.90010969870712,1.01444277730901
load_25_to_75,O0 Mixed,E1 RLS,244,1,1,0.900521171601133,1.0154194605306
load_25_to_75,O0 Mixed,E1 RLS,245,1,1,0.900185184654451,1.01460694301106
load_25_to_75,O0 Mixed,E1 RLS,246,1,1,0.900308947784448,1.01490516253604
load_25_to_75,O0 Mixed,E1 RLS,247,1,1,0.900202380745532,1.01465595817972
load_25_to_75,O0 Mixed,E1 RLS,248,1,1,0.90008737591855,1.01440292623829
load_25_to_75,O0 Mixed,E1 RLS,249,1,1,0.900215583939863,1.01465818846242
load_25_to_75,O0 Mixed,E1 RLS,250,1,1,0.900206253513918,1.01464219942193
load_25_to_75,O0 Mixed,E1 RLS,251,1,1,0.900556096606072,1.01512350133209
load_25_to_75,O0 Mixed,E1 RLS,252,1,1,0.900615468353037,1.01518229871451
load_25_to_75,O0 Mixed,E1 RLS,253,1,1,0.900685443759633,1.01522242246048
load_25_to_75,O0 Mixed,E1 RLS,254,1,1,0.900574260999688,1.01520668599179
load_25_to_75,O0 Mixed,E1 RLS,255,1,1,0.900517941467403,1.01522296323896
load_25_to_75,O0 Mixed,E1 RLS,256,1,1,0.900513751078407,1.01522591031387
load_25_to_75,O0 Mixed,E1 RLS,257,1,1,0.900736139217398,1.01498400358359
load_25_to_75,O0 Mixed,E1 RLS,258,1,1,0.900905328207148,1.01474195675433
load_25_to_75,O0 Mixed,E1 RLS,259,1,1,0.900772760727009,1.01497025730824
load_25_to_75,O0 Mixed,E1 RLS,260,1,1,0.90120412687487,1.01412848985065
load_25_to_75,O0 Mixed,E1 RLS,261,1,1,0.900995021403511,1.01456966938691
load_25_to_75,O0 Mixed,E1 RLS,262,1,1,0.901017233187461,1.01452101447022
load_25_to_75,O0 Mixed,E1 RLS,263,1,1,0.900753279961502,1.01509833062813
load_25_to_75,O0 Mixed,E1 RLS,264,1,1,0.900948335540952,1.01468911876637
load_25_to_75,O0 Mixed,E1 RLS,265,1,1,0.901511588954106,1.01360473098739
load_25_to_75,O0 Mixed,E1 RLS,266,1,1,0.90136514683659,1.01385098233829
load_25_to_75,O0 Mixed,E1 RLS,267,1,1,0.901388237695824,1.01381907829613
load_25_to_75,O0 Mixed,E1 RLS,268,1,1,0.90145866065943,1.01374571344839
load_25_to_75,O0 Mixed,E1 RLS,269,1,1,0.90139980632464,1.01378576156745
load_25_to_75,O0 Mixed,E1 RLS,270,1,1,0.901294903290632,1.01381869509287
load_25_to_75,O0 Mixed,E1 RLS,271,1,1,0.901652722347605,1.01383481754399
load_25_to_75,O0 Mixed,E1 RLS,272,1,1,0.902189106148667,1.01404235235206
load_25_to_75,O0 Mixed,E1 RLS,273,1,1,0.902783293638078,1.01446170567518
load_25_to_75,O0 Mixed,E1 RLS,274,1,1,0.902387781005308,1.0140662331958
load_25_to_75,O0 Mixed,E1 RLS,275,1,1,0.902948836193769,1.01477758102352
load_25_to_75,O0 Mixed,E1 RLS,276,1,1,0.903302370145789,1.01531073849111
load_25_to_75,O0 Mixed,E1 RLS,277,1,1,0.903205861036448,1.01514451764929
load_25_to_75,O0 Mixed,E1 RLS,278,1,1,0.90285077145245,1.01446619718218
load_25_to_75,O0 Mixed,E1 RLS,279,1,1,0.903387854198082,1.01557647161528
load_25_to_75,O0 Mixed,E1 RLS,280,1,1,0.903154969689376,1.01506627908405
load_25_to_75,O0 Mixed,E1 RLS,281,1,1,0.903551012864389,1.01596793736777
load_25_to_75,O0 Mixed,E1 RLS,282,1,1,0.90336889643838,1.01554571903101
load_25_to_75,O0 Mixed,E1 RLS,283,1,1,0.903222843974747,1.0152082592711
load_25_to_75,O0 Mixed,E1 RLS,284,1,1,0.903119363924288,1.01497598502448
load_25_to_75,O0 Mixed,E1 RLS,285,1,1,0.90290278713995,1.01451780120656
load_25_to_75,O0 Mixed,E1 RLS,286,1,1,0.902895685520257,1.01450416319896
load_25_to_75,O0 Mixed,E1 RLS,287,1,1,0.903216355806596,1.01503647313053
load_25_to_75,O0 Mixed,E1 RLS,288,1,1,0.903202642433557,1.0150180691556
load_25_to_75,O0 Mixed,E1 RLS,289,1,1,0.903156899087692,1.01497334232592
load_25_to_75,O0 Mixed,E1 RLS,290,1,1,0.903116385595731,1.01494982505425
load_25_to_75,O0 Mixed,E1 RLS,291,1,1,0.903463708156289,1.0150073326014
load_25_to_75,O0 Mixed,E1 RLS,292,1,1,0.90331142005777,1.01504554099934
load_25_to_75,O0 Mixed,E1 RLS,293,1,1,0.903540691164838,1.01489552223554
load_25_to_75,O0 Mixed,E1 RLS,294,1,1,0.903655023174794,1.01477765194053
load_25_to_75,O0 Mixed,E1 RLS,295,1,1,0.903561922820392,1.01490510970881
load_25_to_75,O0 Mixed,E1 RLS,296,1,1,0.903707914609813,1.01466321089225
load_25_to_75,O0 Mixed,E1 RLS,297,1,1,0.903937365463683,1.01423105143985
load_25_to_75,O0 Mixed,E1 RLS,298,1,1,0.903867552729802,1.01437347741157
load_25_to_75,O0 Mixed,E1 RLS,299,1,1,0.904161363259762,1.01375100192853
load_25_to_75,O0 Mixed,E1 RLS,300,1,1,0.904028452641852,1.01403203195157
load_25_to_75,O0 Mixed,E1 RLS,301,1,1,0.904126696214072,1.01383287851391
load_25_to_75,O0 Mixed,E1 RLS,302,1,1,0.904124908590215,1.01383620440437
load_25_to_75,O0 Mixed,E1 RLS,303,1,1,0.904109514796047,1.01386121851684
load_25_to_75,O0 Mixed,E1 RLS,304,1,1,0.904192617482207,1.01375032469314
load_25_to_75,O0 Mixed,E1 RLS,305,1,1,0.9041583333286,1.01378481635149
load_25_to_75,O0 Mixed,E1 RLS,306,1,1,0.90451128256741,1.0135530006271
load_25_to_75,O0 Mixed,E1 RLS,307,1,1,0.904735452474205,1.01348522716273
load_25_to_75,O0 Mixed,E1 RLS,308,1,1,0.904786231147673,1.01348750471444
load_25_to_75,O0 Mixed,E1 RLS,309,1,1,0.904839956183949,1.01350772587211
load_25_to_75,O0 Mixed,E1 RLS,310,1,1,0.904758888168069,1.01345203346651
load_25_to_75,O0 Mixed,E1 RLS,311,1,1,0.904654215030409,1.01335009498063
load_25_to_75,O0 Mixed,E1 RLS,312,1,1,0.904508432752898,1.01316994753878
load_25_to_75,O0 Mixed,E1 RLS,313,1,1,0.904533001301121,1.01320610520071
load_25_to_75,O0 Mixed,E1 RLS,314,1,1,0.904570621934758,1.01326934856528
load_25_to_75,O0 Mixed,E1 RLS,315,1,1,0.904668722241123,1.01345210390312
load_25_to_75,O0 Mixed,E1 RLS,316,1,1,0.90483165506374,1.01378044399585
load_25_to_75,O0 Mixed,E1 RLS,317,1,1,0.905154724186783,1.01446999203819
load_25_to_75,O0 Mixed,E1 RLS,318,1,1,0.905180440657647,1.01452700137343
load_25_to_75,O0 Mixed,E1 RLS,319,1,1,0.905273928641881,1.01473802552287
load_25_to_75,O0 Mixed,E1 RLS,320,1,1,0.905068581833631,1.01427616791181
load_25_to_75,O0 Mixed,E1 RLS,321,1,1,0.904999357692064,1.01412483837759
load_25_to_75,O0 Mixed,E1 RLS,322,1,1,0.904759693923501,1.01363052385597
load_25_to_75,O0 Mixed,E1 RLS,323,1,1,0.904926203853725,1.01394279652966
load_25_to_75,O0 Mixed,E1 RLS,324,1,1,0.904959604958587,1.0139971074597
load_25_to_75,O0 Mixed,E1 RLS,325,1,1,0.90485086834401,1.01385345693867
load_25_to_75,O0 Mixed,E1 RLS,326,1,1,0.90489102349112,1.01389239714905
load_25_to_75,O0 Mixed,E1 RLS,327,1,1,0.904919662114682,1.01390914460501
load_25_to_75,O0 Mixed,E1 RLS,328,1,1,0.904937012704028,1.01391228610346
load_25_to_75,O0 Mixed,E1 RLS,329,1,1,0.904723841835937,1.01396055728721
load_25_to_75,O0 Mixed,E1 RLS,330,1,1,0.90459578525238,1.01404038689113
load_25_to_75,O0 Mixed,E1 RLS,331,1,1,0.904304285324713,1.01433078076481
load_25_to_75,O0 Mixed,E1 RLS,332,1,1,0.904038923375024,1.01468432035768
load_25_to_75,O0 Mixed,E1 RLS,333,1,1,0.903998699842234,1.01474944829008
load_25_to_75,O0 Mixed,E1 RLS,334,1,1,0.903872045208856,1.01498321660464
load_25_to_75,O0 Mixed,E1 RLS,335,1,1,0.904004994757057,1.01471705198849
load_25_to_75,O0 Mixed,E1 RLS,336,1,1,0.904199799836525,1.01431189525654
load_25_to_75,O0 Mixed,E1 RLS,337,1,1,0.904353145068858,1.01399367089358
load_25_to_75,O0 Mixed,E1 RLS,338,1,1,0.904478921453237,1.0137435976498
load_25_to_75,O0 Mixed,E1 RLS,339,1,1,0.90482371147873,1.01311494686367
load_25_to_75,O0 Mixed,E1 RLS,340,1,1,0.904652049327931,1.01338814670446
load_25_to_75,O0 Mixed,E1 RLS,341,1,1,0.905029835828246,1.01289459985528
load_25_to_75,O0 Mixed,E1 RLS,342,1,1,0.90520760486111,1.01271962804189
load_25_to_75,O0 Mixed,E1 RLS,343,1,1,0.905253961925711,1.01268984184587
load_25_to_75,O0 Mixed,E1 RLS,344,1,1,0.905688436398214,1.01256146477184
load_25_to_75,O0 Mixed,E1 RLS,345,1,1,0.905827974587115,1.01256772110013
load_25_to_75,O0 Mixed,E1 RLS,346,1,1,0.905576677242886,1.01247469382685
load_25_to_75,O0 Mixed,E1 RLS,347,1,1,0.905509799843052,1.01242951407459
load_25_to_75,O0 Mixed,E1 RLS,348,1,1,0.905577859185538,1.01249468525518
load_25_to_75,O0 Mixed,E1 RLS,349,1,1,0.905894045177664,1.01287864475715
load_25_to_75,O0 Mixed,E1 RLS,350,1,1,0.905961731610378,1.01297648720794
load_25_to_75,O0 Mixed,E1 RLS,351,1,1,0.906215244921717,1.01339494482843
load_25_to_75,O0 Mixed,E1 RLS,352,1,1,0.906625492051908,1.01414482116495
load_25_to_75,O0 Mixed,E1 RLS,353,1,1,0.906908131195385,1.01470327345045
load_25_to_75,O0 Mixed,E1 RLS,354,1,1,0.907055944827726,1.01501254044364
load_25_to_75,O0 Mixed,E1 RLS,355,1,1,0.907411450218909,1.01578477827569
load_25_to_75,O0 Mixed,E1 RLS,356,1,1,0.907435760342293,1.01583852409135
load_25_to_75,O0 Mixed,E1 RLS,357,1,1,0.907719438671283,1.01646318197398
load_25_to_75,O0 Mixed,E1 RLS,358,1,1,0.90762104624384,1.01625263721693
load_25_to_75,O0 Mixed,E1 RLS,359,1,1,0.907326789587846,1.01565806913013
load_25_to_75,O0 Mixed,E1 RLS,360,1,1,0.907586244382477,1.01613534370261
load_25_to_75,O0 Mixed,E1 RLS,361,1,1,0.907700091782104,1.01631725611607
load_25_to_75,O0 Mixed,E1 RLS,362,1,1,0.907626754651524,1.01622176083039
load_25_to_75,O0 Mixed,E1 RLS,363,1,1,0.907496005728834,1.01609611309038
load_25_to_75,O0 Mixed,E1 RLS,364,1,1,0.907534904116748,1.01611890651037
load_25_to_75,O0 Mixed,E1 RLS,365,1,1,0.907559263959614,1.01612356397901
load_25_to_75,O0 Mixed,E1 RLS,366,1,1,0.907757083632291,1.01608231248957
load_25_to_75,O0 Mixed,E1 RLS,367,1,1,0.907329020262743,1.01633872711132
load_25_to_75,O0 Mixed,E1 RLS,368,1,1,0.90744995736128,1.0162218182081
load_25_to_75,O0 Mixed,E1 RLS,369,1,1,0.907400136649899,1.01628648784359
load_25_to_75,O0 Mixed,E1 RLS,370,1,1,0.907490654282578,1.01614335790521
load_25_to_75,O0 Mixed,E1 RLS,371,1,1,0.907346728329587,1.01640317208345
load_25_to_75,O0 Mixed,E1 RLS,372,1,1,0.907403960845089,1.01629099837663
load_25_to_75,O0 Mixed,E1 RLS,373,1,1,0.907501088896162,1.01609312499537
load_25_to_75,O0 Mixed,E1 RLS,374,1,1,0.907559243120114,1.01597488850538
load_25_to_75,O0 Mixed,E1 RLS,375,1,1,0.907510589571013,1.01606966943664
load_25_to_75,O0 Mixed,E1 RLS,376,1,1,0.907169236207862,1.01667987565414
load_25_to_75,O0 Mixed,E1 RLS,377,1,1,0.907352191138802,1.01639437697091
load_25_to_75,O0 Mixed,E1 RLS,378,1,1,0.907078766561498,1.0167446697277
load_25_to_75,O0 Mixed,E1 RLS,379,1,1,0.907248348008499,1.01658088568996
load_25_to_75,O0 Mixed,E1 RLS,380,1,1,0.907165861494576,1.01663289366103
load_25_to_75,O0 Mixed,E1 RLS,381,1,1,0.907346921828316,1.0165804183771
load_25_to_75,O0 Mixed,E1 RLS,382,1,1,0.907727245876791,1.01659742615385
load_25_to_75,O0 Mixed,E1 RLS,383,1,1,0.907591358857573,1.01654787054
load_25_to_75,O0 Mixed,E1 RLS,384,1,1,0.907540541736736,1.01651406896876
load_25_to_75,O0 Mixed,E2 Dual EKF,1,1,1,1.06861595185569,1.32238131343424
load_25_to_75,O0 Mixed,E2 Dual EKF,2,1,1,1.06861595185569,1.32238131343424
load_25_to_75,O0 Mixed,E2 Dual EKF,3,1,1,1.05328366472994,1.46436415657709
load_25_to_75,O0 Mixed,E2 Dual EKF,4,1,1,1.05467596033386,1.45140702139288
load_25_to_75,O0 Mixed,E2 Dual EKF,5,1,1,1.05394430076314,1.45652837074537
load_25_to_75,O0 Mixed,E2 Dual EKF,6,1,1,1.05531440581112,1.45123472363696
load_25_to_75,O0 Mixed,E2 Dual EKF,7,1,1,1.04294059164118,1.47084518938609
load_25_to_75,O0 Mixed,E2 Dual EKF,8,1,1,1.05079654040562,1.46909788522535
load_25_to_75,O0 Mixed,E2 Dual EKF,9,1,1,1.04593758169463,1.46639315435897
load_25_to_75,O0 Mixed,E2 Dual EKF,10,1,1,1.03592798046759,1.4560170435086
load_25_to_75,O0 Mixed,E2 Dual EKF,11,1,1,0.987030050413527,1.38647420770816
load_25_to_75,O0 Mixed,E2 Dual EKF,12,1,1,0.960922047407403,1.33996411036519
load_25_to_75,O0 Mixed,E2 Dual EKF,13,1,1,0.933656391128973,1.28300550751985
load_25_to_75,O0 Mixed,E2 Dual EKF,14,1,1,0.910870690089041,1.2285550759199
load_25_to_75,O0 Mixed,E2 Dual EKF,15,1,1,0.892262820622216,1.17870190739565
load_25_to_75,O0 Mixed,E2 Dual EKF,16,1,1,0.890430961206237,1.17335903163825
load_25_to_75,O0 Mixed,E2 Dual EKF,17,1,1,0.885647508044318,1.15846427948826
load_25_to_75,O0 Mixed,E2 Dual EKF,18,1,1,0.874594407206108,1.12145674088476
load_25_to_75,O0 Mixed,E2 Dual EKF,19,1,1,0.871836737900578,1.11158540968405
load_25_to_75,O0 Mixed,E2 Dual EKF,20,1,1,0.867399515548335,1.09480594835399
load_25_to_75,O0 Mixed,E2 Dual EKF,21,1,1,0.865456236285309,1.08709897647445
load_25_to_75,O0 Mixed,E2 Dual EKF,22,1,1,0.863200067785574,1.07782263873165
load_25_to_75,O0 Mixed,E2 Dual EKF,23,1,1,0.861863279512576,1.07220119969668
load_25_to_75,O0 Mixed,E2 Dual EKF,24,1,1,0.864430227211031,1.08298671556885
load_25_to_75,O0 Mixed,E2 Dual EKF,25,1,1,0.864521828968031,1.08336152765208
load_25_to_75,O0 Mixed,E2 Dual EKF,26,1,1,0.862319933144792,1.07481573407166
load_25_to_75,O0 Mixed,E2 Dual EKF,27,1,1,0.8622397759735,1.07453269793632
load_25_to_75,O0 Mixed,E2 Dual EKF,28,1,1,0.861847499579355,1.07334331734104
load_25_to_75,O0 Mixed,E2 Dual EKF,29,1,1,0.859823848453736,1.0684602158609
load_25_to_75,O0 Mixed,E2 Dual EKF,30,1,1,0.859848389864933,1.06850179628971
load_25_to_75,O0 Mixed,E2 Dual EKF,31,1,1,0.858694166945787,1.06744755026035
load_25_to_75,O0 Mixed,E2 Dual EKF,32,1,1,0.859082975888056,1.06749017464934
load_25_to_75,O0 Mixed,E2 Dual EKF,33,1,1,0.859369600318747,1.06729405989727
load_25_to_75,O0 Mixed,E2 Dual EKF,34,1,1,0.859035575210267,1.06777682491832
load_25_to_75,O0 Mixed,E2 Dual EKF,35,1,1,0.858900933627535,1.06806751738885
load_25_to_75,O0 Mixed,E2 Dual EKF,36,1,1,0.857463837727173,1.07211465923727
load_25_to_75,O0 Mixed,E2 Dual EKF,37,1,1,0.855831536973728,1.0776763317982
load_25_to_75,O0 Mixed,E2 Dual EKF,38,1,1,0.854270462011025,1.08377976169146
load_25_to_75,O0 Mixed,E2 Dual EKF,39,1,1,0.854881509158309,1.08116163849359
load_25_to_75,O0 Mixed,E2 Dual EKF,40,1,1,0.85519759616099,1.07974026541168
load_25_to_75,O0 Mixed,E2 Dual EKF,41,1,1,0.855534480118131,1.07821730245917
load_25_to_75,O0 Mixed,E2 Dual EKF,42,1,1,0.857208728937445,1.07098228065037
load_25_to_75,O0 Mixed,E2 Dual EKF,43,1,1,0.8570486706818,1.07160720220232
load_25_to_75,O0 Mixed,E2 Dual EKF,44,1,1,0.855566783939701,1.07650668109538
load_25_to_75,O0 Mixed,E2 Dual EKF,45,1,1,0.855408596494644,1.07691238048654
load_25_to_75,O0 Mixed,E2 Dual EKF,46,1,1,0.85682467942463,1.07444595139808
load_25_to_75,O0 Mixed,E2 Dual EKF,47,1,1,0.858036087049532,1.0733417646244
load_25_to_75,O0 Mixed,E2 Dual EKF,48,1,1,0.857819075454961,1.07336886732593
load_25_to_75,O0 Mixed,E2 Dual EKF,49,1,1,0.860689634897225,1.0750753503673
load_25_to_75,O0 Mixed,E2 Dual EKF,50,1,1,0.860770670116577,1.07517553939373
load_25_to_75,O0 Mixed,E2 Dual EKF,51,1,1,0.862460879571541,1.07822865823995
load_25_to_75,O0 Mixed,E2 Dual EKF,52,1,1,0.862920040993322,1.07928971437548
load_25_to_75,O0 Mixed,E2 Dual EKF,53,1,1,0.863016248172565,1.07955574485053
load_25_to_75,O0 Mixed,E2 Dual EKF,54,1,1,0.863828584595423,1.0821332177206
load_25_to_75,O0 Mixed,E2 Dual EKF,55,1,1,0.86393331766573,1.08250403952223
load_25_to_75,O0 Mixed,E2 Dual EKF,56,1,1,0.863417481490406,1.08050438555879
load_25_to_75,O0 Mixed,E2 Dual EKF,57,1,1,0.862332741895549,1.07597089158764
load_25_to_75,O0 Mixed,E2 Dual EKF,58,1,1,0.861897382674615,1.07403930383417
load_25_to_75,O0 Mixed,E2 Dual EKF,59,1,1,0.862436197513369,1.07653310858177
load_25_to_75,O0 Mixed,E2 Dual EKF,60,1,1,0.863102401248561,1.07969020395805
load_25_to_75,O0 Mixed,E2 Dual EKF,61,1,1,0.863020538966131,1.07930077316117
load_25_to_75,O0 Mixed,E2 Dual EKF,62,1,1,0.862612278835024,1.07739706845739
load_25_to_75,O0 Mixed,E2 Dual EKF,63,1,1,0.861145334176193,1.07088852155713
load_25_to_75,O0 Mixed,E2 Dual EKF,64,1,1,0.860485727304046,1.06821212675183
load_25_to_75,O0 Mixed,E2 Dual EKF,65,1,1,0.859817996513811,1.06586348690487
load_25_to_75,O0 Mixed,E2 Dual EKF,66,1,1,0.860035363674217,1.06647835375688
load_25_to_75,O0 Mixed,E2 Dual EKF,67,1,1,0.859331961546525,1.06505684665342
load_25_to_75,O0 Mixed,E2 Dual EKF,68,1,1,0.859021640167737,1.0647066028536
load_25_to_75,O0 Mixed,E2 Dual EKF,69,1,1,0.859546378785765,1.06480492988965
load_25_to_75,O0 Mixed,E2 Dual EKF,70,1,1,0.859606469530405,1.06475903918752
load_25_to_75,O0 Mixed,E2 Dual EKF,71,1,1,0.859898483485237,1.06426461048161
load_25_to_75,O0 Mixed,E2 Dual EKF,72,1,1,0.860015650317195,1.0639629747412
load_25_to_75,O0 Mixed,E2 Dual EKF,73,1,1,0.85981419691592,1.06464509683212
load_25_to_75,O0 Mixed,E2 Dual EKF,74,1,1,0.859752866977323,1.06489683107163
load_25_to_75,O0 Mixed,E2 Dual EKF,75,1,1,0.860121150390491,1.06316560903404
load_25_to_75,O0 Mixed,E2 Dual EKF,76,1,1,0.86020909879528,1.06271297525195
load_25_to_75,O0 Mixed,E2 Dual EKF,77,1,1,0.86024339453701,1.06252734142053
load_25_to_75,O0 Mixed,E2 Dual EKF,78,1,1,0.86011781732394,1.06321403792978
load_25_to_75,O0 Mixed,E2 Dual EKF,79,1,1,0.85938094200531,1.06711650177122
load_25_to_75,O0 Mixed,E2 Dual EKF,80,1,1,0.8596792105629,1.06565920926509
load_25_to_75,O0 Mixed,E2 Dual EKF,81,1,1,0.859847865712621,1.06494093225905
load_25_to_75,O0 Mixed,E2 Dual EKF,82,1,1,0.859640658239128,1.06565982123792
load_25_to_75,O0 Mixed,E2 Dual EKF,83,1,1,0.860195792226263,1.06423084915275
load_25_to_75,O0 Mixed,E2 Dual EKF,84,1,1,0.860796961580307,1.06324800541446
load_25_to_75,O0 Mixed,E2 Dual EKF,85,1,1,0.860959223573043,1.06313336286932
load_25_to_75,O0 Mixed,E2 Dual EKF,86,1,1,0.86061164395475,1.06307172710028
load_25_to_75,O0 Mixed,E2 Dual EKF,87,1,1,0.8610876808059,1.06354726288852
load_25_to_75,O0 Mixed,E2 Dual EKF,88,1,1,0.860711144851784,1.06288776489295
load_25_to_75,O0 Mixed,E2 Dual EKF,89,1,1,0.861316196083683,1.06436158053309
load_25_to_75,O0 Mixed,E2 Dual EKF,90,1,1,0.861919096353338,1.06620273391169
load_25_to_75,O0 Mixed,E2 Dual EKF,91,1,1,0.861841808353516,1.06592324299884
load_25_to_75,O0 Mixed,E2 Dual EKF,92,1,1,0.862310118389993,1.06785547692455
load_25_to_75,O0 Mixed,E2 Dual EKF,93,1,1,0.863078934956229,1.07137594982816
load_25_to_75,O0 Mixed,E2 Dual EKF,94,1,1,0.862773943875411,1.06985699066926
load_25_to_75,O0 Mixed,E2 Dual EKF,95,1,1,0.863277424019713,1.07253502416132
load_25_to_75,O0 Mixed,E2 Dual EKF,96,1,1,0.864136138186498,1.07731955636854
load_25_to_75,O0 Mixed,E2 Dual EKF,97,1,1,0.863772615655736,1.075236217524
load_25_to_75,O0 Mixed,E2 Dual EKF,98,1,1,0.863571477426042,1.07407489016315
load_25_to_75,O0 Mixed,E2 Dual EKF,99,1,1,0.862885494385027,1.07018645310025
load_25_to_75,O0 Mixed,E2 Dual EKF,100,1,1,0.862618698587594,1.06874881129918
load_25_to_75,O0 Mixed,E2 Dual EKF,101,1,1,0.861970512730023,1.06556162052274
load_25_to_75,O0 Mixed,E2 Dual EKF,102,1,1,0.861653694566116,1.06421460032991
load_25_to_75,O0 Mixed,E2 Dual EKF,103,1,1,0.861660255334274,1.06423692789686
load_25_to_75,O0 Mixed,E2 Dual EKF,104,1,1,0.861550878976573,1.06397393570169
load_25_to_75,O0 Mixed,E2 Dual EKF,105,1,1,0.861994119165637,1.0645487725109
load_25_to_75,O0 Mixed,E2 Dual EKF,106,1,1,0.862056840431899,1.0645567995338
load_25_to_75,O0 Mixed,E2 Dual EKF,107,1,1,0.861633480888381,1.06500480744593
load_25_to_75,O0 Mixed,E2 Dual EKF,108,1,1,0.86136880589579,1.06559340028844
load_25_to_75,O0 Mixed,E2 Dual EKF,109,1,1,0.861568789936934,1.0649271424507
load_25_to_75,O0 Mixed,E2 Dual EKF,110,1,1,0.86091820942638,1.06775900911811
load_25_to_75,O0 Mixed,E2 Dual EKF,111,1,1,0.860845841755844,1.06813950012087
load_25_to_75,O0 Mixed,E2 Dual EKF,112,1,1,0.860754503920267,1.06868832722287
load_25_to_75,O0 Mixed,E2 Dual EKF,113,1,1,0.860772324516703,1.06857120107584
load_25_to_75,O0 Mixed,E2 Dual EKF,114,1,1,0.860310374842784,1.07176574672209
load_25_to_75,O0 Mixed,E2 Dual EKF,115,1,1,0.859794985070023,1.07537592764055
load_25_to_75,O0 Mixed,E2 Dual EKF,116,1,1,0.860374506506123,1.07143218778664
load_25_to_75,O0 Mixed,E2 Dual EKF,117,1,1,0.860323532903482,1.07175435156113
load_25_to_75,O0 Mixed,E2 Dual EKF,118,1,1,0.860422957966276,1.07119927266436
load_25_to_75,O0 Mixed,E2 Dual EKF,119,1,1,0.860699962016851,1.06991423607019
load_25_to_75,O0 Mixed,E2 Dual EKF,120,1,1,0.860782185940845,1.06962157671135
load_25_to_75,O0 Mixed,E2 Dual EKF,121,1,1,0.860796952617929,1.06958591399519
load_25_to_75,O0 Mixed,E2 Dual EKF,122,1,1,0.861759748708736,1.06836811230381
load_25_to_75,O0 Mixed,E2 Dual EKF,123,1,1,0.861796195912473,1.0683624014684
load_25_to_75,O0 Mixed,E2 Dual EKF,124,1,1,0.861402526067498,1.06801429164968
load_25_to_75,O0 Mixed,E2 Dual EKF,125,1,1,0.861475669754028,1.06814945449434
load_25_to_75,O0 Mixed,E2 Dual EKF,126,1,1,0.860781466626456,1.06625204231226
load_25_to_75,O0 Mixed,E2 Dual EKF,127,1,1,0.860091845690609,1.0638063671076
load_25_to_75,O0 Mixed,E2 Dual EKF,128,1,1,0.859308331540094,1.05927602570041
load_25_to_75,O0 Mixed,E2 Dual EKF,129,1,1,0.859214875691001,1.058648381376
load_25_to_75,O0 Mixed,E2 Dual EKF,130,1,1,0.859976087059447,1.06447688316999
load_25_to_75,O0 Mixed,E2 Dual EKF,131,1,1,0.859083915070078,1.05677622241878
load_25_to_75,O0 Mixed,E2 Dual EKF,132,1,1,0.859859208811964,1.06422168179041
load_25_to_75,O0 Mixed,E2 Dual EKF,133,1,1,0.860645685533771,1.07245527154857
load_25_to_75,O0 Mixed,E2 Dual EKF,134,1,1,0.861214886114488,1.07877187219465
load_25_to_75,O0 Mixed,E2 Dual EKF,135,1,1,0.860937247896066,1.0756356656757
load_25_to_75,O0 Mixed,E2 Dual EKF,136,1,1,0.861050238534775,1.0768633105695
load_25_to_75,O0 Mixed,E2 Dual EKF,137,1,1,0.861108575390246,1.07743066519127
load_25_to_75,O0 Mixed,E2 Dual EKF,138,1,1,0.861239098660339,1.07847641635655
load_25_to_75,O0 Mixed,E2 Dual EKF,139,1,1,0.860890409292398,1.07638251067747
load_25_to_75,O0 Mixed,E2 Dual EKF,140,1,1,0.861136890812565,1.0773648407955
load_25_to_75,O0 Mixed,E2 Dual EKF,141,1,1,0.860865925411588,1.07678388029945
load_25_to_75,O0 Mixed,E2 Dual EKF,142,1,1,0.86055534124639,1.07661017080874
load_25_to_75,O0 Mixed,E2 Dual EKF,143,1,1,0.861389983462055,1.07596761223531
load_25_to_75,O0 Mixed,E2 Dual EKF,144,1,1,0.862372981858639,1.07412447563432
load_25_to_75,O0 Mixed,E2 Dual EKF,145,1,1,0.863228086928119,1.07172758242481
load_25_to_75,O0 Mixed,E2 Dual EKF,146,1,1,0.864262656168966,1.06800560097251
load_25_to_75,O0 Mixed,E2 Dual EKF,147,1,1,0.866150060236297,1.05991220572169
load_25_to_75,O0 Mixed,E2 Dual EKF,148,1,1,0.86764027628039,1.05261325437203
load_25_to_75,O0 Mixed,E2 Dual EKF,149,1,1,0.868572284036064,1.04754002147018
load_25_to_75,O0 Mixed,E2 Dual EKF,150,1,1,0.8704877054365,1.03622393971122
load_25_to_75,O0 Mixed,E2 Dual EKF,151,1,1,0.872192668046803,1.02555110947713
load_25_to_75,O0 Mixed,E2 Dual EKF,152,1,1,0.873487327072303,1.01718644330387
load_25_to_75,O0 Mixed,E2 Dual EKF,153,1,1,0.874285974016251,1.01203273026775
load_25_to_75,O0 Mixed,E2 Dual EKF,154,1,1,0.874633721963989,1.00988326712411
load_25_to_75,O0 Mixed,E2 Dual EKF,155,1,1,0.876027390021504,1.00206592771194
load_25_to_75,O0 Mixed,E2 Dual EKF,156,1,1,0.876083038194421,1.00180049594639
load_25_to_75,O0 Mixed,E2 Dual EKF,157,1,1,0.877218017235657,0.997559113020145
load_25_to_75,O0 Mixed,E2 Dual EKF,158,1,1,0.877278617788301,0.997401139458176
load_25_to_75,O0 Mixed,E2 Dual EKF,159,1,1,0.877525896114487,0.997037674732674
load_25_to_75,O0 Mixed,E2 Dual EKF,160,1,1,0.878105982440836,0.996815805644611
load_25_to_75,O0 Mixed,E2 Dual EKF,161,1,1,0.878696059552564,0.99718468858725
load_25_to_75,O0 Mixed,E2 Dual EKF,162,1,1,0.880026359114434,0.999243207768618
load_25_to_75,O0 Mixed,E2 Dual EKF,163,1,1,0.880557091651744,1.00051453884801
load_25_to_75,O0 Mixed,E2 Dual EKF,164,1,1,0.881077634830527,1.00217498331949
load_25_to_75,O0 Mixed,E2 Dual EKF,165,1,1,0.881894591641039,1.00539895476615
load_25_to_75,O0 Mixed,E2 Dual EKF,166,1,1,0.883108490607866,1.01107673153719
load_25_to_75,O0 Mixed,E2 Dual EKF,167,1,1,0.882913262155788,1.01002243341633
load_25_to_75,O0 Mixed,E2 Dual EKF,168,1,1,0.882980824496398,1.01043573444665
load_25_to_75,O0 Mixed,E2 Dual EKF,169,1,1,0.883857351586725,1.01639392298235
load_25_to_75,O0 Mixed,E2 Dual EKF,170,1,1,0.884012909346433,1.01754661507823
load_25_to_75,O0 Mixed,E2 Dual EKF,171,1,1,0.884583352300249,1.02205181282416
load_25_to_75,O0 Mixed,E2 Dual EKF,172,1,1,0.884649100941885,1.02258934553193
load_25_to_75,O0 Mixed,E2 Dual EKF,173,1,1,0.885182303060942,1.02693470782771
load_25_to_75,O0 Mixed,E2 Dual EKF,174,1,1,0.885277517872009,1.02767178069821
load_25_to_75,O0 Mixed,E2 Dual EKF,175,1,1,0.885217675285051,1.02725733568767
load_25_to_75,O0 Mixed,E2 Dual EKF,176,1,1,0.885344048039286,1.0279821660176
load_25_to_75,O0 Mixed,E2 Dual EKF,177,1,1,0.885328801895294,1.02791704157674
load_25_to_75,O0 Mixed,E2 Dual EKF,178,1,1,0.88547406348577,1.02830371871386
load_25_to_75,O0 Mixed,E2 Dual EKF,179,1,1,0.885440998822934,1.02826982469327
load_25_to_75,O0 Mixed,E2 Dual EKF,180,1,1,0.885556722901551,1.02820556245729
load_25_to_75,O0 Mixed,E2 Dual EKF,181,1,1,0.885616458334725,1.0280840636302
load_25_to_75,O0 Mixed,E2 Dual EKF,182,1,1,0.886050632635483,1.02661009605606
load_25_to_75,O0 Mixed,E2 Dual EKF,183,1,1,0.886105646659871,1.02635472321625
load_25_to_75,O0 Mixed,E2 Dual EKF,184,1,1,0.886498218539217,1.02408345932814
load_25_to_75,O0 Mixed,E2 Dual EKF,185,1,1,0.886815373317085,1.02191720784254
load_25_to_75,O0 Mixed,E2 Dual EKF,186,1,1,0.887076617989792,1.0198865945737
load_25_to_75,O0 Mixed,E2 Dual EKF,187,1,1,0.887157984962019,1.01918778010343
load_25_to_75,O0 Mixed,E2 Dual EKF,188,1,1,0.887311995595304,1.01776733582742
load_25_to_75,O0 Mixed,E2 Dual EKF,189,1,1,0.887590445688216,1.01509601019909
load_25_to_75,O0 Mixed,E2 Dual EKF,190,1,1,0.88775372898494,1.01352702342303
load_25_to_75,O0 Mixed,E2 Dual EKF,191,1,1,0.888091383895198,1.01042269954682
load_25_to_75,O0 Mixed,E2 Dual EKF,192,1,1,0.888314893924813,1.00856093753167
load_25_to_75,O0 Mixed,E2 Dual EKF,193,1,1,0.888697370723951,1.00585368350123
load_25_to_75,O0 Mixed,E2 Dual EKF,194,1,1,0.888985349382181,1.00425058846179
load_25_to_75,O0 Mixed,E2 Dual EKF,195,1,1,0.889327274195997,1.00290172044613
load_25_to_75,O0 Mixed,E2 Dual EKF,196,1,1,0.889332240063362,1.0028901064413
load_25_to_75,O0 Mixed,E2 Dual EKF,197,1,1,0.889768970165815,1.00252959283211
load_25_to_75,O0 Mixed,E2 Dual EKF,198,1,1,0.890018501863236,1.00266957057881
load_25_to_75,O0 Mixed,E2 Dual EKF,199,1,1,0.890538550493428,1.00361571722762
load_25_to_75,O0 Mixed,E2 Dual EKF,200,1,1,0.891028107703805,1.00506820247761
load_25_to_75,O0 Mixed,E2 Dual EKF,201,1,1,0.891275336428797,1.00606475172711
load_25_to_75,O0 Mixed,E2 Dual EKF,202,1,1,0.891421203459986,1.00679969968581
load_25_to_75,O0 Mixed,E2 Dual EKF,203,1,1,0.892286680450186,1.01199750449919
load_25_to_75,O0 Mixed,E2 Dual EKF,204,1,1,0.892028459345835,1.01020253756731
load_25_to_75,O0 Mixed,E2 Dual EKF,205,1,1,0.89266795673698,1.01523831163509
load_25_to_75,O0 Mixed,E2 Dual EKF,206,1,1,0.892818909308773,1.01655933031078
load_25_to_75,O0 Mixed,E2 Dual EKF,207,1,1,0.893232773176317,1.02050895226972
load_25_to_75,O0 Mixed,E2 Dual EKF,208,1,1,0.89311639726884,1.01932438159862
load_25_to_75,O0 Mixed,E2 Dual EKF,209,1,1,0.893124171855196,1.01940647039476
load_25_to_75,O0 Mixed,E2 Dual EKF,210,1,1,0.892975153504089,1.01783252819077
load_25_to_75,O0 Mixed,E2 Dual EKF,211,1,1,0.892977143459028,1.01785260074376
load_25_to_75,O0 Mixed,E2 Dual EKF,212,1,1,0.892814462410969,1.01637466351561
load_25_to_75,O0 Mixed,E2 Dual EKF,213,1,1,0.892437573946261,1.01351311116083
load_25_to_75,O0 Mixed,E2 Dual EKF,214,1,1,0.892543594884818,1.01411916804603
load_25_to_75,O0 Mixed,E2 Dual EKF,215,1,1,0.892654958384268,1.01452158637122
load_25_to_75,O0 Mixed,E2 Dual EKF,216,1,1,0.892636106252466,1.01449440806456
load_25_to_75,O0 Mixed,E2 Dual EKF,217,1,1,0.892614120304631,1.01450945300667
load_25_to_75,O0 Mixed,E2 Dual EKF,218,1,1,0.892349122607266,1.01522420312699
load_25_to_75,O0 Mixed,E2 Dual EKF,219,1,1,0.89272842081707,1.01349185978908
load_25_to_75,O0 Mixed,E2 Dual EKF,220,1,1,0.892765934479041,1.01325588159598
load_25_to_75,O0 Mixed,E2 Dual EKF,221,1,1,0.892991292167597,1.01148057625958
load_25_to_75,O0 Mixed,E2 Dual EKF,222,1,1,0.893275197443704,1.00883149193736
load_25_to_75,O0 Mixed,E2 Dual EKF,223,1,1,0.893225964734216,1.00935553685515
load_25_to_75,O0 Mixed,E2 Dual EKF,224,1,1,0.893290895658568,1.00859067415913
load_25_to_75,O0 Mixed,E2 Dual EKF,225,1,1,0.893539012070224,1.00545073062441
load_25_to_75,O0 Mixed,E2 Dual EKF,226,1,1,0.893768007963382,1.00243695149943
load_25_to_75,O0 Mixed,E2 Dual EKF,227,1,1,0.89425945077609,0.995965193499281
load_25_to_75,O0 Mixed,E2 Dual EKF,228,1,1,0.894349075458415,0.994837115267525
load_25_to_75,O0 Mixed,E2 Dual EKF,229,1,1,0.894345672374077,0.994875916116878
load_25_to_75,O0 Mixed,E2 Dual EKF,230,1,1,0.894422585394531,0.994129930434297
load_25_to_75,O0 Mixed,E2 Dual EKF,231,1,1,0.894923496001652,0.990295855756812
load_25_to_75,O0 Mixed,E2 Dual EKF,232,1,1,0.894915067204897,0.990342034989332
load_25_to_75,O0 Mixed,E2 Dual EKF,233,1,1,0.895016244545702,0.990003979391009
load_25_to_75,O0 Mixed,E2 Dual EKF,234,1,1,0.895011219414088,0.990010718316692
load_25_to_75,O0 Mixed,E2 Dual EKF,235,1,1,0.895318960387139,0.990158597492624
load_25_to_75,O0 Mixed,E2 Dual EKF,236,1,1,0.895297580714475,0.990113166237075
load_25_to_75,O0 Mixed,E2 Dual EKF,237,1,1,0.895717056931386,0.991630715005444
load_25_to_75,O0 Mixed,E2 Dual EKF,238,1,1,0.895933662520912,0.992712136736069
load_25_to_75,O0 Mixed,E2 Dual EKF,239,1,1,0.895969863756212,0.99293976218217
load_25_to_75,O0 Mixed,E2 Dual EKF,240,1,1,0.895829610892941,0.991883187353358
load_25_to_75,O0 Mixed,E2 Dual EKF,241,1,1,0.89607474900239,0.994026338862173
load_25_to_75,O0 Mixed,E2 Dual EKF,242,1,1,0.896066461174148,0.993944153910607
load_25_to_75,O0 Mixed,E2 Dual EKF,243,1,1,0.896282781596183,0.996330885805348
load_25_to_75,O0 Mixed,E2 Dual EKF,244,1,1,0.896705323086179,1.00141565632721
load_25_to_75,O0 Mixed,E2 Dual EKF,245,1,1,0.896548981234962,0.999408636786652
load_25_to_75,O0 Mixed,E2 Dual EKF,246,1,1,0.896707477737764,1.00151938846455
load_25_to_75,O0 Mixed,E2 Dual EKF,247,1,1,0.896694878367898,1.00135153118051
load_25_to_75,O0 Mixed,E2 Dual EKF,248,1,1,0.896669181851129,1.00102440176768
load_25_to_75,O0 Mixed,E2 Dual EKF,249,1,1,0.896795745662521,1.00247662007562
load_25_to_75,O0 Mixed,E2 Dual EKF,250,1,1,0.896823549418247,1.00274340491277
load_25_to_75,O0 Mixed,E2 Dual EKF,251,1,1,0.897098874107573,1.00473479561316
load_25_to_75,O0 Mixed,E2 Dual EKF,252,1,1,0.897165229737972,1.00503899885469
load_25_to_75,O0 Mixed,E2 Dual EKF,253,1,1,0.897237938726866,1.00517305221605
load_25_to_75,O0 Mixed,E2 Dual EKF,254,1,1,0.897155043948656,1.00524298951144
load_25_to_75,O0 Mixed,E2 Dual EKF,255,1,1,0.89710935235553,1.00539791641936
load_25_to_75,O0 Mixed,E2 Dual EKF,256,1,1,0.897102965323198,1.00543470446354
load_25_to_75,O0 Mixed,E2 Dual EKF,257,1,1,0.897304131083348,1.0038365270614
load_25_to_75,O0 Mixed,E2 Dual EKF,258,1,1,0.897441500495524,1.00246914208877
load_25_to_75,O0 Mixed,E2 Dual EKF,259,1,1,0.897284758446384,1.0043186892797
load_25_to_75,O0 Mixed,E2 Dual EKF,260,1,1,0.897630200722393,0.999668409961888
load_25_to_75,O0 Mixed,E2 Dual EKF,261,1,1,0.897404987208583,1.00302278518671
load_25_to_75,O0 Mixed,E2 Dual EKF,262,1,1,0.897383136492425,1.00337256682148
load_25_to_75,O0 Mixed,E2 Dual EKF,263,1,1,0.897161773200939,1.00705975648562
load_25_to_75,O0 Mixed,E2 Dual EKF,264,1,1,0.897273119730672,1.00520261749881
load_25_to_75,O0 Mixed,E2 Dual EKF,265,1,1,0.897607559313929,0.999870481561459
load_25_to_75,O0 Mixed,E2 Dual EKF,266,1,1,0.897481311370261,1.00169429577256
load_25_to_75,O0 Mixed,E2 Dual EKF,267,1,1,0.897471423455995,1.00181599394862
load_25_to_75,O0 Mixed,E2 Dual EKF,268,1,1,0.897498986860533,1.00154729007339
load_25_to_75,O0 Mixed,E2 Dual EKF,269,1,1,0.897449489247353,1.00189522221249
load_25_to_75,O0 Mixed,E2 Dual EKF,270,1,1,0.897375812538558,1.00221646758316
load_25_to_75,O0 Mixed,E2 Dual EKF,271,1,1,0.897662235639283,1.00168157356037
load_25_to_75,O0 Mixed,E2 Dual EKF,272,1,1,0.898125993796484,1.00186513145202
load_25_to_75,O0 Mixed,E2 Dual EKF,273,1,1,0.898680038448811,1.00321171277591
load_25_to_75,O0 Mixed,E2 Dual EKF,274,1,1,0.898392708555312,1.00198396784826
load_25_to_75,O0 Mixed,E2 Dual EKF,275,1,1,0.898975335183533,1.0054603852911
load_25_to_75,O0 Mixed,E2 Dual EKF,276,1,1,0.899366429158568,1.00841317024109
load_25_to_75,O0 Mixed,E2 Dual EKF,277,1,1,0.899344805700767,1.00821708700431
load_25_to_75,O0 Mixed,E2 Dual EKF,278,1,1,0.899105811436158,1.00569659423945
load_25_to_75,O0 Mixed,E2 Dual EKF,279,1,1,0.899602670639765,1.01164598058159
load_25_to_75,O0 Mixed,E2 Dual EKF,280,1,1,0.899461439820812,1.00976360640072
load_25_to_75,O0 Mixed,E2 Dual EKF,281,1,1,0.899781206379511,1.014415918314
load_25_to_75,O0 Mixed,E2 Dual EKF,282,1,1,0.899674974465858,1.01276675081756
load_25_to_75,O0 Mixed,E2 Dual EKF,283,1,1,0.899599266587598,1.01154713769183
load_25_to_75,O0 Mixed,E2 Dual EKF,284,1,1,0.899553232526757,1.01080497742196
load_25_to_75,O0 Mixed,E2 Dual EKF,285,1,1,0.89943694383993,1.00901307142182
load_25_to_75,O0 Mixed,E2 Dual EKF,286,1,1,0.899451128706185,1.00921015435128
load_25_to_75,O0 Mixed,E2 Dual EKF,287,1,1,0.899673512647785,1.01179439452057
load_25_to_75,O0 Mixed,E2 Dual EKF,288,1,1,0.89967658347055,1.01182130706519
load_25_to_75,O0 Mixed,E2 Dual EKF,289,1,1,0.899655577572684,1.01170447709004
load_25_to_75,O0 Mixed,E2 Dual EKF,290,1,1,0.899635861835113,1.01166022688646
load_25_to_75,O0 Mixed,E2 Dual EKF,291,1,1,0.89993077613473,1.01136264398833
load_25_to_75,O0 Mixed,E2 Dual EKF,292,1,1,0.899808680582306,1.0118620004544
load_25_to_75,O0 Mixed,E2 Dual EKF,293,1,1,0.900025849709246,1.01035191370231
load_25_to_75,O0 Mixed,E2 Dual EKF,294,1,1,0.900136926561295,1.00928646910268
load_25_to_75,O0 Mixed,E2 Dual EKF,295,1,1,0.900050980602762,1.01031971342109
load_25_to_75,O0 Mixed,E2 Dual EKF,296,1,1,0.900183097623528,1.00843728948023
load_25_to_75,O0 Mixed,E2 Dual EKF,297,1,1,0.90037147552057,1.00537635185632
load_25_to_75,O0 Mixed,E2 Dual EKF,298,1,1,0.900295600245647,1.00674011078755
load_25_to_75,O0 Mixed,E2 Dual EKF,299,1,1,0.900497297468157,1.00284632272318
load_25_to_75,O0 Mixed,E2 Dual EKF,300,1,1,0.900378319843539,1.00523503877297
load_25_to_75,O0 Mixed,E2 Dual EKF,301,1,1,0.900423295401432,1.00433094659575
load_25_to_75,O0 Mixed,E2 Dual EKF,302,1,1,0.900403912166854,1.00470363769998
load_25_to_75,O0 Mixed,E2 Dual EKF,303,1,1,0.900380444282453,1.00511281852565
load_25_to_75,O0 Mixed,E2 Dual EKF,304,1,1,0.900420037437662,1.00452409855531
load_25_to_75,O0 Mixed,E2 Dual EKF,305,1,1,0.900391735344375,1.00485819416563
load_25_to_75,O0 Mixed,E2 Dual EKF,306,1,1,0.900617486714276,1.00292811354084
load_25_to_75,O0 Mixed,E2 Dual EKF,307,1,1,0.90077364152989,1.00209141751687
load_25_to_75,O0 Mixed,E2 Dual EKF,308,1,1,0.900823030653778,1.00197359320192
load_25_to_75,O0 Mixed,E2 Dual EKF,309,1,1,0.900889626675483,1.00199423616753
load_25_to_75,O0 Mixed,E2 Dual EKF,310,1,1,0.900861486909867,1.00191729912209
load_25_to_75,O0 Mixed,E2 Dual EKF,311,1,1,0.900823719233184,1.00173121904326
load_25_to_75,O0 Mixed,E2 Dual EKF,312,1,1,0.900759730715084,1.00128704902955
load_25_to_75,O0 Mixed,E2 Dual EKF,313,1,1,0.900852251672912,1.00210383776068
load_25_to_75,O0 Mixed,E2 Dual EKF,314,1,1,0.900955112277962,1.00319712779741
load_25_to_75,O0 Mixed,E2 Dual EKF,315,1,1,0.901100084521515,1.0049905303491
load_25_to_75,O0 Mixed,E2 Dual EKF,316,1,1,0.901279736830572,1.00751562550705
load_25_to_75,O0 Mixed,E2 Dual EKF,317,1,1,0.901554305096334,1.01181288041231
load_25_to_75,O0 Mixed,E2 Dual EKF,318,1,1,0.901592552190969,1.01246639000117
load_25_to_75,O0 Mixed,E2 Dual EKF,319,1,1,0.901668886693702,1.01385845122527
load_25_to_75,O0 Mixed,E2 Dual EKF,320,1,1,0.901552019835082,1.01164709354912
load_25_to_75,O0 Mixed,E2 Dual EKF,321,1,1,0.901523785619963,1.0111124070328
load_25_to_75,O0 Mixed,E2 Dual EKF,322,1,1,0.901394629751914,1.00877468246748
load_25_to_75,O0 Mixed,E2 Dual EKF,323,1,1,0.901508368507959,1.01063074223051
load_25_to_75,O0 Mixed,E2 Dual EKF,324,1,1,0.901539803818762,1.01105984782444
load_25_to_75,O0 Mixed,E2 Dual EKF,325,1,1,0.90147959422622,1.01043975829799
load_25_to_75,O0 Mixed,E2 Dual EKF,326,1,1,0.901516944959701,1.01068396918568
load_25_to_75,O0 Mixed,E2 Dual EKF,327,1,1,0.901547276705303,1.0107641377163
load_25_to_75,O0 Mixed,E2 Dual EKF,328,1,1,0.901569806313934,1.01073765335487
load_25_to_75,O0 Mixed,E2 Dual EKF,329,1,1,0.901399443455473,1.01155410614835
load_25_to_75,O0 Mixed,E2 Dual EKF,330,1,1,0.901295686047844,1.01240031469898
load_25_to_75,O0 Mixed,E2 Dual EKF,331,1,1,0.901043529648374,1.01523943033861
load_25_to_75,O0 Mixed,E2 Dual EKF,332,1,1,0.90082210379671,1.01836555010736
load_25_to_75,O0 Mixed,E2 Dual EKF,333,1,1,0.900813814597406,1.01850426640642
load_25_to_75,O0 Mixed,E2 Dual EKF,334,1,1,0.900737142657502,1.01996787037021
load_25_to_75,O0 Mixed,E2 Dual EKF,335,1,1,0.90087335289925,1.01709215742288
load_25_to_75,O0 Mixed,E2 Dual EKF,336,1,1,0.90103567523062,1.01341266659735
load_25_to_75,O0 Mixed,E2 Dual EKF,337,1,1,0.901147394311481,1.01077985788899
load_25_to_75,O0 Mixed,E2 Dual EKF,338,1,1,0.901227245462866,1.0088963160744
load_25_to_75,O0 Mixed,E2 Dual EKF,339,1,1,0.901426952840572,1.00439105999124
load_25_to_75,O0 Mixed,E2 Dual EKF,340,1,1,0.901316495466978,1.00665133307161
load_25_to_75,O0 Mixed,E2 Dual EKF,341,1,1,0.90152810228711,1.00295572835666
load_25_to_75,O0 Mixed,E2 Dual EKF,342,1,1,0.901623305704694,1.00163393337948
load_25_to_75,O0 Mixed,E2 Dual EKF,343,1,1,0.901645166491757,1.00141335930192
load_25_to_75,O0 Mixed,E2 Dual EKF,344,1,1,0.90193016808746,0.999597404555604
load_25_to_75,O0 Mixed,E2 Dual EKF,345,1,1,0.902035856998818,0.999289868054571
load_25_to_75,O0 Mixed,E2 Dual EKF,346,1,1,0.901867617255009,0.999251884908791
load_25_to_75,O0 Mixed,E2 Dual EKF,347,1,1,0.901847662142764,0.999191141058894
load_25_to_75,O0 Mixed,E2 Dual EKF,348,1,1,0.901949754360782,0.999761786712217
load_25_to_75,O0 Mixed,E2 Dual EKF,349,1,1,0.90227100124976,1.00230631502821
load_25_to_75,O0 Mixed,E2 Dual EKF,350,1,1,0.90238393995068,1.00344699174657
load_25_to_75,O0 Mixed,E2 Dual EKF,351,1,1,0.902645891439671,1.00663706370335
load_25_to_75,O0 Mixed,E2 Dual EKF,352,1,1,0.903010430952786,1.01180693208262
load_25_to_75,O0 Mixed,E2 Dual EKF,353,1,1,0.903242827604853,1.01555275715233
load_25_to_75,O0 Mixed,E2 Dual EKF,354,1,1,0.903353975017002,1.01754859131697
load_25_to_75,O0 Mixed,E2 Dual EKF,355,1,1,0.903588584342004,1.02214860727695
load_25_to_75,O0 Mixed,E2 Dual EKF,356,1,1,0.903592885563279,1.02223861471511
load_25_to_75,O0 Mixed,E2 Dual EKF,357,1,1,0.90375149206952,1.02568179397612
load_25_to_75,O0 Mixed,E2 Dual EKF,358,1,1,0.903681521861472,1.0241619580741
load_25_to_75,O0 Mixed,E2 Dual EKF,359,1,1,0.903506692347971,1.0205321212147
load_25_to_75,O0 Mixed,E2 Dual EKF,360,1,1,0.903652612975508,1.02326353902567
load_25_to_75,O0 Mixed,E2 Dual EKF,361,1,1,0.903716395402298,1.02426215613876
load_25_to_75,O0 Mixed,E2 Dual EKF,362,1,1,0.90366988450399,1.02371275306803
load_25_to_75,O0 Mixed,E2 Dual EKF,363,1,1,0.903586127245469,1.02308442625371
load_25_to_75,O0 Mixed,E2 Dual EKF,364,1,1,0.903619647694803,1.02318622089349
load_25_to_75,O0 Mixed,E2 Dual EKF,365,1,1,0.903648572748954,1.02314746229017
load_25_to_75,O0 Mixed,E2 Dual EKF,366,1,1,0.903823899549252,1.02218633041256
load_25_to_75,O0 Mixed,E2 Dual EKF,367,1,1,0.903481635553086,1.02538006711366
load_25_to_75,O0 Mixed,E2 Dual EKF,368,1,1,0.903617147274753,1.02363464140045
load_25_to_75,O0 Mixed,E2 Dual EKF,369,1,1,0.903606539720685,1.02380582901511
load_25_to_75,O0 Mixed,E2 Dual EKF,370,1,1,0.903719869080049,1.02163905613165
load_25_to_75,O0 Mixed,E2 Dual EKF,371,1,1,0.903637100513987,1.02344365819232
load_25_to_75,O0 Mixed,E2 Dual EKF,372,1,1,0.903718174475351,1.02148884497933
load_25_to_75,O0 Mixed,E2 Dual EKF,373,1,1,0.903816852989938,1.01893427562618
load_25_to_75,O0 Mixed,E2 Dual EKF,374,1,1,0.903876914197885,1.01731772696237
load_25_to_75,O0 Mixed,E2 Dual EKF,375,1,1,0.903865645372184,1.0176213548666
load_25_to_75,O0 Mixed,E2 Dual EKF,376,1,1,0.903690958353705,1.02212571790013
load_25_to_75,O0 Mixed,E2 Dual EKF,377,1,1,0.903818690303174,1.01913673667669
load_25_to_75,O0 Mixed,E2 Dual EKF,378,1,1,0.903688656720081,1.02173576086593
load_25_to_75,O0 Mixed,E2 Dual EKF,379,1,1,0.903809132625128,1.01981835642111
load_25_to_75,O0 Mixed,E2 Dual EKF,380,1,1,0.90378118722404,1.02014238478583
load_25_to_75,O0 Mixed,E2 Dual EKF,381,1,1,0.903916149912794,1.01914850161094
load_25_to_75,O0 Mixed,E2 Dual EKF,382,1,1,0.904191970993133,1.01820398023366
load_25_to_75,O0 Mixed,E2 Dual EKF,383,1,1,0.904112641782791,1.01819275082991
load_25_to_75,O0 Mixed,E2 Dual EKF,384,1,1,0.904091289753355,1.01812136990568
load_25_to_75,O0 Mixed,E3 LTV/Joseph,1,1,1,1.05725794102825,1.29911757824278
load_25_to_75,O0 Mixed,E3 LTV/Joseph,2,1,1,1.04688217491029,1.39396554058592
load_25_to_75,O0 Mixed,E3 LTV/Joseph,3,1,1,1.0404118960597,1.4724450585618
load_25_to_75,O0 Mixed,E3 LTV/Joseph,4,1,1,1.0418916163987,1.45478150366006
load_25_to_75,O0 Mixed,E3 LTV/Joseph,5,1,1,1.04184690598408,1.45509269827788
load_25_to_75,O0 Mixed,E3 LTV/Joseph,6,1,1,1.04405933720185,1.44895012852118
load_25_to_75,O0 Mixed,E3 LTV/Joseph,7,1,1,1.02957317191744,1.45840748486932
load_25_to_75,O0 Mixed,E3 LTV/Joseph,8,1,1,1.04109844873305,1.46298975947939
load_25_to_75,O0 Mixed,E3 LTV/Joseph,9,1,1,1.03597663031748,1.45815770188993
load_25_to_75,O0 Mixed,E3 LTV/Joseph,10,1,1,1.02446262506749,1.4433833817368
load_25_to_75,O0 Mixed,E3 LTV/Joseph,11,1,1,0.964923587171809,1.34781756923122
load_25_to_75,O0 Mixed,E3 LTV/Joseph,12,1,1,0.938328722076,1.29636513267189
load_25_to_75,O0 Mixed,E3 LTV/Joseph,13,1,1,0.912410593805422,1.23925304834098
load_25_to_75,O0 Mixed,E3 LTV/Joseph,14,1,1,0.892325863408111,1.18974579021828
load_25_to_75,O0 Mixed,E3 LTV/Joseph,15,1,1,0.876499097834194,1.1468270912822
load_25_to_75,O0 Mixed,E3 LTV/Joseph,16,1,1,0.877723684975678,1.1503817307528
load_25_to_75,O0 Mixed,E3 LTV/Joseph,17,1,1,0.874856791194608,1.14162593429539
load_25_to_75,O0 Mixed,E3 LTV/Joseph,18,1,1,0.864772694078845,1.1088771769196
load_25_to_75,O0 Mixed,E3 LTV/Joseph,19,1,1,0.86292682708817,1.10252882903411
load_25_to_75,O0 Mixed,E3 LTV/Joseph,20,1,1,0.85900053524595,1.08838682092281
load_25_to_75,O0 Mixed,E3 LTV/Joseph,21,1,1,0.857462994557831,1.08262290977551
load_25_to_75,O0 Mixed,E3 LTV/Joseph,22,1,1,0.855450641954648,1.07485409380747
load_25_to_75,O0 Mixed,E3 LTV/Joseph,23,1,1,0.854304717974379,1.07035339100028
load_25_to_75,O0 Mixed,E3 LTV/Joseph,24,1,1,0.857192643778683,1.08164440133294
load_25_to_75,O0 Mixed,E3 LTV/Joseph,25,1,1,0.857443382407024,1.08259793787493
load_25_to_75,O0 Mixed,E3 LTV/Joseph,26,1,1,0.855273075182926,1.07474862389385
load_25_to_75,O0 Mixed,E3 LTV/Joseph,27,1,1,0.855302420973481,1.07484588974234
load_25_to_75,O0 Mixed,E3 LTV/Joseph,28,1,1,0.855003866310219,1.07398479699736
load_25_to_75,O0 Mixed,E3 LTV/Joseph,29,1,1,0.853051660626523,1.06940184705032
load_25_to_75,O0 Mixed,E3 LTV/Joseph,30,1,1,0.853180460629284,1.06962279144706
load_25_to_75,O0 Mixed,E3 LTV/Joseph,31,1,1,0.852151315541893,1.06857759250319
load_25_to_75,O0 Mixed,E3 LTV/Joseph,32,1,1,0.852645936204677,1.06871653487324
load_25_to_75,O0 Mixed,E3 LTV/Joseph,33,1,1,0.853046137757572,1.06853284256039
load_25_to_75,O0 Mixed,E3 LTV/Joseph,34,1,1,0.852862791249787,1.06874917064005
load_25_to_75,O0 Mixed,E3 LTV/Joseph,35,1,1,0.852874565487149,1.06872722565022
load_25_to_75,O0 Mixed,E3 LTV/Joseph,36,1,1,0.851668581408301,1.07173817769845
load_25_to_75,O0 Mixed,E3 LTV/Joseph,37,1,1,0.850271960214906,1.07601722603504
load_25_to_75,O0 Mixed,E3 LTV/Joseph,38,1,1,0.848922897875127,1.08079254943104
load_25_to_75,O0 Mixed,E3 LTV/Joseph,39,1,1,0.849594048519646,1.07818530343841
load_25_to_75,O0 Mixed,E3 LTV/Joseph,40,1,1,0.849987009159968,1.07658824341239
load_25_to_75,O0 Mixed,E3 LTV/Joseph,41,1,1,0.850398485312078,1.07491965957246
load_25_to_75,O0 Mixed,E3 LTV/Joseph,42,1,1,0.852101546127242,1.06839481690027
load_25_to_75,O0 Mixed,E3 LTV/Joseph,43,1,1,0.852041568036985,1.06859912214383
load_25_to_75,O0 Mixed,E3 LTV/Joseph,44,1,1,0.850679828270236,1.07244292257762
load_25_to_75,O0 Mixed,E3 LTV/Joseph,45,1,1,0.850612200142486,1.07258647154312
load_25_to_75,O0 Mixed,E3 LTV/Joseph,46,1,1,0.852113441148507,1.07053592983617
load_25_to_75,O0 Mixed,E3 LTV/Joseph,47,1,1,0.853426040246146,1.06972490157869
load_25_to_75,O0 Mixed,E3 LTV/Joseph,48,1,1,0.853324653957485,1.06971683816991
load_25_to_75,O0 Mixed,E3 LTV/Joseph,49,1,1,0.856311561581309,1.07183091586904
load_25_to_75,O0 Mixed,E3 LTV/Joseph,50,1,1,0.856521253262823,1.0720952528917
load_25_to_75,O0 Mixed,E3 LTV/Joseph,51,1,1,0.858337430216061,1.07526413185032
load_25_to_75,O0 Mixed,E3 LTV/Joseph,52,1,1,0.858924990801109,1.07653712233864
load_25_to_75,O0 Mixed,E3 LTV/Joseph,53,1,1,0.85914481257537,1.07709546707489
load_25_to_75,O0 Mixed,E3 LTV/Joseph,54,1,1,0.860072755988738,1.07975676514012
load_25_to_75,O0 Mixed,E3 LTV/Joseph,55,1,1,0.860281532615422,1.0804157479114
load_25_to_75,O0 Mixed,E3 LTV/Joseph,56,1,1,0.859849412792977,1.0789409630317
load_25_to_75,O0 Mixed,E3 LTV/Joseph,57,1,1,0.858819169073581,1.0751938807658
load_25_to_75,O0 Mixed,E3 LTV/Joseph,58,1,1,0.858430543068245,1.07370948917725
load_25_to_75,O0 Mixed,E3 LTV/Joseph,59,1,1,0.85903167348578,1.07608098123977
load_25_to_75,O0 Mixed,E3 LTV/Joseph,60,1,1,0.859762255072356,1.07900637631752
load_25_to_75,O0 Mixed,E3 LTV/Joseph,61,1,1,0.859713796877343,1.07881293752203
load_25_to_75,O0 Mixed,E3 LTV/Joseph,62,1,1,0.859320001963866,1.07727874818304
load_25_to_75,O0 Mixed,E3 LTV/Joseph,63,1,1,0.85782029391343,1.07172379389823
load_25_to_75,O0 Mixed,E3 LTV/Joseph,64,1,1,0.857158415579441,1.0694728792557
load_25_to_75,O0 Mixed,E3 LTV/Joseph,65,1,1,0.85649169522043,1.06748660866552
load_25_to_75,O0 Mixed,E3 LTV/Joseph,66,1,1,0.856734690966042,1.06808103364279
load_25_to_75,O0 Mixed,E3 LTV/Joseph,67,1,1,0.856048938960801,1.06683238253234
load_25_to_75,O0 Mixed,E3 LTV/Joseph,68,1,1,0.855765967801756,1.06651382560658
load_25_to_75,O0 Mixed,E3 LTV/Joseph,69,1,1,0.856309626670366,1.06672308873673
load_25_to_75,O0 Mixed,E3 LTV/Joseph,70,1,1,0.856400182549764,1.06668943232218
load_25_to_75,O0 Mixed,E3 LTV/Joseph,71,1,1,0.85671584414381,1.06633665471157
load_25_to_75,O0 Mixed,E3 LTV/Joseph,72,1,1,0.856867163446234,1.06606000628086
load_25_to_75,O0 Mixed,E3 LTV/Joseph,73,1,1,0.856720329232248,1.06642437816571
load_25_to_75,O0 Mixed,E3 LTV/Joseph,74,1,1,0.856707254437179,1.06646430424202
load_25_to_75,O0 Mixed,E3 LTV/Joseph,75,1,1,0.857101649200187,1.06507713911819
load_25_to_75,O0 Mixed,E3 LTV/Joseph,76,1,1,0.857234739901148,1.06456509610435
load_25_to_75,O0 Mixed,E3 LTV/Joseph,77,1,1,0.857317705714039,1.06423144970657
load_25_to_75,O0 Mixed,E3 LTV/Joseph,78,1,1,0.85724541688398,1.06452205749679
load_25_to_75,O0 Mixed,E3 LTV/Joseph,79,1,1,0.856569391026617,1.06711620578542
load_25_to_75,O0 Mixed,E3 LTV/Joseph,80,1,1,0.856905192626998,1.06594908217308
load_25_to_75,O0 Mixed,E3 LTV/Joseph,81,1,1,0.857116084631226,1.06532492053637
load_25_to_75,O0 Mixed,E3 LTV/Joseph,82,1,1,0.856951446854477,1.06570939866174
load_25_to_75,O0 Mixed,E3 LTV/Joseph,83,1,1,0.857552583683898,1.06471950756503
load_25_to_75,O0 Mixed,E3 LTV/Joseph,84,1,1,0.858201799657479,1.06411011575052
load_25_to_75,O0 Mixed,E3 LTV/Joseph,85,1,1,0.858410106703273,1.06405830962089
load_25_to_75,O0 Mixed,E3 LTV/Joseph,86,1,1,0.858107692052573,1.0639370369957
load_25_to_75,O0 Mixed,E3 LTV/Joseph,87,1,1,0.858623334004568,1.06445197928487
load_25_to_75,O0 Mixed,E3 LTV/Joseph,88,1,1,0.858290240400865,1.06393903658302
load_25_to_75,O0 Mixed,E3 LTV/Joseph,89,1,1,0.85892416377576,1.06522306386091
load_25_to_75,O0 Mixed,E3 LTV/Joseph,90,1,1,0.859552785725698,1.06676707135974
load_25_to_75,O0 Mixed,E3 LTV/Joseph,91,1,1,0.859506286317497,1.06663502093085
load_25_to_75,O0 Mixed,E3 LTV/Joseph,92,1,1,0.85999811027381,1.06819815477477
load_25_to_75,O0 Mixed,E3 LTV/Joseph,93,1,1,0.860792922727755,1.07095500867029
load_25_to_75,O0 Mixed,E3 LTV/Joseph,94,1,1,0.860509774450723,1.06990296974582
load_25_to_75,O0 Mixed,E3 LTV/Joseph,95,1,1,0.861042766072554,1.07198857580023
load_25_to_75,O0 Mixed,E3 LTV/Joseph,96,1,1,0.861946450109587,1.07564581583858
load_25_to_75,O0 Mixed,E3 LTV/Joseph,97,1,1,0.861592785258004,1.07418979408672
load_25_to_75,O0 Mixed,E3 LTV/Joseph,98,1,1,0.861400934349778,1.07340095102026
load_25_to_75,O0 Mixed,E3 LTV/Joseph,99,1,1,0.860697395329323,1.07057649026289
load_25_to_75,O0 Mixed,E3 LTV/Joseph,100,1,1,0.860428047524034,1.06954967493113
load_25_to_75,O0 Mixed,E3 LTV/Joseph,101,1,1,0.859759868226177,1.06721391792912
load_25_to_75,O0 Mixed,E3 LTV/Joseph,102,1,1,0.859438593281961,1.06622970753231
load_25_to_75,O0 Mixed,E3 LTV/Joseph,103,1,1,0.859453254499624,1.06626664164001
load_25_to_75,O0 Mixed,E3 LTV/Joseph,104,1,1,0.859351756665746,1.06607588276119
load_25_to_75,O0 Mixed,E3 LTV/Joseph,105,1,1,0.85980543948055,1.06660466014384
load_25_to_75,O0 Mixed,E3 LTV/Joseph,106,1,1,0.859880077159387,1.06663482752207
load_25_to_75,O0 Mixed,E3 LTV/Joseph,107,1,1,0.859485087022545,1.06678377155356
load_25_to_75,O0 Mixed,E3 LTV/Joseph,108,1,1,0.859248714537864,1.06705613594705
load_25_to_75,O0 Mixed,E3 LTV/Joseph,109,1,1,0.859456030271827,1.06666365484964
load_25_to_75,O0 Mixed,E3 LTV/Joseph,110,1,1,0.858863679336918,1.06818873229495
load_25_to_75,O0 Mixed,E3 LTV/Joseph,111,1,1,0.858813354101201,1.06834829652973
load_25_to_75,O0 Mixed,E3 LTV/Joseph,112,1,1,0.858744907854359,1.06859824952746
load_25_to_75,O0 Mixed,E3 LTV/Joseph,113,1,1,0.858779281047361,1.06846098090311
load_25_to_75,O0 Mixed,E3 LTV/Joseph,114,1,1,0.858351670850232,1.07024624332171
load_25_to_75,O0 Mixed,E3 LTV/Joseph,115,1,1,0.857860243654638,1.0723009686653
load_25_to_75,O0 Mixed,E3 LTV/Joseph,116,1,1,0.858440110059467,1.06998183343894
load_25_to_75,O0 Mixed,E3 LTV/Joseph,117,1,1,0.85840263651516,1.0701183359834
load_25_to_75,O0 Mixed,E3 LTV/Joseph,118,1,1,0.858516790016457,1.06975991339021
load_25_to_75,O0 Mixed,E3 LTV/Joseph,119,1,1,0.858813566166994,1.06901068924718
load_25_to_75,O0 Mixed,E3 LTV/Joseph,120,1,1,0.85891540536854,1.06882324974183
load_25_to_75,O0 Mixed,E3 LTV/Joseph,121,1,1,0.858949801395958,1.06878441980607
load_25_to_75,O0 Mixed,E3 LTV/Joseph,122,1,1,0.859940608696642,1.06836606621745
load_25_to_75,O0 Mixed,E3 LTV/Joseph,123,1,1,0.859998750239532,1.0683807960088
load_25_to_75,O0 Mixed,E3 LTV/Joseph,124,1,1,0.859628864806178,1.06805363025854
load_25_to_75,O0 Mixed,E3 LTV/Joseph,125,1,1,0.859721626197928,1.06818949215695
load_25_to_75,O0 Mixed,E3 LTV/Joseph,126,1,1,0.859058350437979,1.06686795247018
load_25_to_75,O0 Mixed,E3 LTV/Joseph,127,1,1,0.858397401593131,1.065234987697
load_25_to_75,O0 Mixed,E3 LTV/Joseph,128,1,1,0.857630934542691,1.06232348735185
load_25_to_75,O0 Mixed,E3 LTV/Joseph,129,1,1,0.857515792864066,1.06182797780777
load_25_to_75,O0 Mixed,E3 LTV/Joseph,130,1,1,0.858343169273531,1.06577123678866
load_25_to_75,O0 Mixed,E3 LTV/Joseph,131,1,1,0.857293216952994,1.06031389373406
load_25_to_75,O0 Mixed,E3 LTV/Joseph,132,1,1,0.858227340066478,1.06552451786
load_25_to_75,O0 Mixed,E3 LTV/Joseph,133,1,1,0.859255275138474,1.07155128237268
load_25_to_75,O0 Mixed,E3 LTV/Joseph,134,1,1,0.860051217414267,1.07634373972288
load_25_to_75,O0 Mixed,E3 LTV/Joseph,135,1,1,0.859702354627619,1.07424815297239
load_25_to_75,O0 Mixed,E3 LTV/Joseph,136,1,1,0.859879649652726,1.0752700437415
load_25_to_75,O0 Mixed,E3 LTV/Joseph,137,1,1,0.859978090923087,1.07578752900386
load_25_to_75,O0 Mixed,E3 LTV/Joseph,138,1,1,0.860163176556144,1.07662115841866
load_25_to_75,O0 Mixed,E3 LTV/Joseph,139,1,1,0.859762518274695,1.07519142030129
load_25_to_75,O0 Mixed,E3 LTV/Joseph,140,1,1,0.860051151250738,1.07592333158757
load_25_to_75,O0 Mixed,E3 LTV/Joseph,141,1,1,0.859782625041801,1.07552176132784
load_25_to_75,O0 Mixed,E3 LTV/Joseph,142,1,1,0.859491505561902,1.07537171656329
load_25_to_75,O0 Mixed,E3 LTV/Joseph,143,1,1,0.860276352868403,1.07508284546301
load_25_to_75,O0 Mixed,E3 LTV/Joseph,144,1,1,0.861164289651282,1.07407125808271
load_25_to_75,O0 Mixed,E3 LTV/Joseph,145,1,1,0.861925628357001,1.07269988558769
load_25_to_75,O0 Mixed,E3 LTV/Joseph,146,1,1,0.862847315572341,1.07052064444175
load_25_to_75,O0 Mixed,E3 LTV/Joseph,147,1,1,0.864539151602274,1.06572190132684
load_25_to_75,O0 Mixed,E3 LTV/Joseph,148,1,1,0.865965379403227,1.06112278466196
load_25_to_75,O0 Mixed,E3 LTV/Joseph,149,1,1,0.866971957164211,1.05756478253795
load_25_to_75,O0 Mixed,E3 LTV/Joseph,150,1,1,0.868978187316441,1.05002958011315
load_25_to_75,O0 Mixed,E3 LTV/Joseph,151,1,1,0.87091052355385,1.04254479188905
load_25_to_75,O0 Mixed,E3 LTV/Joseph,152,1,1,0.872527093443153,1.03627904424701
load_25_to_75,O0 Mixed,E3 LTV/Joseph,153,1,1,0.873673003703588,1.03198367020354
load_25_to_75,O0 Mixed,E3 LTV/Joseph,154,1,1,0.874334632694914,1.02968013206179
load_25_to_75,O0 Mixed,E3 LTV/Joseph,155,1,1,0.876128492473935,1.02416691276011
load_25_to_75,O0 Mixed,E3 LTV/Joseph,156,1,1,0.876436462200454,1.02338160180082
load_25_to_75,O0 Mixed,E3 LTV/Joseph,157,1,1,0.877874243156187,1.02058157870302
load_25_to_75,O0 Mixed,E3 LTV/Joseph,158,1,1,0.878110149202557,1.02027321949929
load_25_to_75,O0 Mixed,E3 LTV/Joseph,159,1,1,0.87848225501646,1.02002466929904
load_25_to_75,O0 Mixed,E3 LTV/Joseph,160,1,1,0.879117261125121,1.01998939858352
load_25_to_75,O0 Mixed,E3 LTV/Joseph,161,1,1,0.87967896617415,1.02027783055128
load_25_to_75,O0 Mixed,E3 LTV/Joseph,162,1,1,0.880854145187626,1.02149134358333
load_25_to_75,O0 Mixed,E3 LTV/Joseph,163,1,1,0.881213434087273,1.02203140446376
load_25_to_75,O0 Mixed,E3 LTV/Joseph,164,1,1,0.881515214786488,1.02261416057597
load_25_to_75,O0 Mixed,E3 LTV/Joseph,165,1,1,0.88206857068977,1.02389768166077
load_25_to_75,O0 Mixed,E3 LTV/Joseph,166,1,1,0.883011106629016,1.02641456313257
load_25_to_75,O0 Mixed,E3 LTV/Joseph,167,1,1,0.882646506988882,1.02532483399021
load_25_to_75,O0 Mixed,E3 LTV/Joseph,168,1,1,0.882542401808248,1.02498403515433
load_25_to_75,O0 Mixed,E3 LTV/Joseph,169,1,1,0.883302263528423,1.02765076535353
load_25_to_75,O0 Mixed,E3 LTV/Joseph,170,1,1,0.883361420881259,1.02786890506619
load_25_to_75,O0 Mixed,E3 LTV/Joseph,171,1,1,0.883910652278531,1.02995170964797
load_25_to_75,O0 Mixed,E3 LTV/Joseph,172,1,1,0.88392692205195,1.03001358670089
load_25_to_75,O0 Mixed,E3 LTV/Joseph,173,1,1,0.884501850201168,1.03214087663156
load_25_to_75,O0 Mixed,E3 LTV/Joseph,174,1,1,0.884585986829611,1.03243262201004
load_25_to_75,O0 Mixed,E3 LTV/Joseph,175,1,1,0.884496822855028,1.03215595888639
load_25_to_75,O0 Mixed,E3 LTV/Joseph,176,1,1,0.884623279299082,1.03248619602535
load_25_to_75,O0 Mixed,E3 LTV/Joseph,177,1,1,0.884597111349057,1.03243345056487
load_25_to_75,O0 Mixed,E3 LTV/Joseph,178,1,1,0.884742501719462,1.03262942808014
load_25_to_75,O0 Mixed,E3 LTV/Joseph,179,1,1,0.884710732713791,1.03260895984609
load_25_to_75,O0 Mixed,E3 LTV/Joseph,180,1,1,0.884826010963354,1.03260179052165
load_25_to_75,O0 Mixed,E3 LTV/Joseph,181,1,1,0.884892981710064,1.03255190279631
load_25_to_75,O0 Mixed,E3 LTV/Joseph,182,1,1,0.885295305749308,1.03199494084284
load_25_to_75,O0 Mixed,E3 LTV/Joseph,183,1,1,0.885374802870323,1.03183851628556
load_25_to_75,O0 Mixed,E3 LTV/Joseph,184,1,1,0.885759047569143,1.03088339544446
load_25_to_75,O0 Mixed,E3 LTV/Joseph,185,1,1,0.886100847830092,1.0298821659158
load_25_to_75,O0 Mixed,E3 LTV/Joseph,186,1,1,0.886418372676551,1.02883759888179
load_25_to_75,O0 Mixed,E3 LTV/Joseph,187,1,1,0.886586255868422,1.02824070136363
load_25_to_75,O0 Mixed,E3 LTV/Joseph,188,1,1,0.886837464446582,1.02730833180086
load_25_to_75,O0 Mixed,E3 LTV/Joseph,189,1,1,0.887237250460403,1.02581246771014
load_25_to_75,O0 Mixed,E3 LTV/Joseph,190,1,1,0.887528101850429,1.02475526774556
load_25_to_75,O0 Mixed,E3 LTV/Joseph,191,1,1,0.888027780880545,1.02306268619802
load_25_to_75,O0 Mixed,E3 LTV/Joseph,192,1,1,0.88840087633408,1.02194040789251
load_25_to_75,O0 Mixed,E3 LTV/Joseph,193,1,1,0.888953043071287,1.02054946450958
load_25_to_75,O0 Mixed,E3 LTV/Joseph,194,1,1,0.889379712719925,1.01971636571371
load_25_to_75,O0 Mixed,E3 LTV/Joseph,195,1,1,0.889838034574311,1.01910012985257
load_25_to_75,O0 Mixed,E3 LTV/Joseph,196,1,1,0.889902757566288,1.0190530282641
load_25_to_75,O0 Mixed,E3 LTV/Joseph,197,1,1,0.890371384946175,1.01899376923492
load_25_to_75,O0 Mixed,E3 LTV/Joseph,198,1,1,0.890609448209744,1.01909927189796
load_25_to_75,O0 Mixed,E3 LTV/Joseph,199,1,1,0.89105571764207,1.01953352040779
load_25_to_75,O0 Mixed,E3 LTV/Joseph,200,1,1,0.891433244287239,1.02008503337904
load_25_to_75,O0 Mixed,E3 LTV/Joseph,201,1,1,0.891568676120169,1.02034349898786
load_25_to_75,O0 Mixed,E3 LTV/Joseph,202,1,1,0.891599925192846,1.02041595391729
load_25_to_75,O0 Mixed,E3 LTV/Joseph,203,1,1,0.892284027966564,1.02225665465308
load_25_to_75,O0 Mixed,E3 LTV/Joseph,204,1,1,0.891956426774474,1.02126512300601
load_25_to_75,O0 Mixed,E3 LTV/Joseph,205,1,1,0.892491926148256,1.02304445307248
load_25_to_75,O0 Mixed,E3 LTV/Joseph,206,1,1,0.892584872807869,1.02337624408964
load_25_to_75,O0 Mixed,E3 LTV/Joseph,207,1,1,0.892977308915812,1.02485109744027
load_25_to_75,O0 Mixed,E3 LTV/Joseph,208,1,1,0.892819476081224,1.02423973883311
load_25_to_75,O0 Mixed,E3 LTV/Joseph,209,1,1,0.892799870084967,1.02416331645464
load_25_to_75,O0 Mixed,E3 LTV/Joseph,210,1,1,0.892601241754471,1.02340633804789
load_25_to_75,O0 Mixed,E3 LTV/Joseph,211,1,1,0.892579888028309,1.02332952968172
load_25_to_75,O0 Mixed,E3 LTV/Joseph,212,1,1,0.892370641162706,1.02264994858638
load_25_to_75,O0 Mixed,E3 LTV/Joseph,213,1,1,0.891924120279182,1.02141393488032
load_25_to_75,O0 Mixed,E3 LTV/Joseph,214,1,1,0.89202450486476,1.02163190709842
load_25_to_75,O0 Mixed,E3 LTV/Joseph,215,1,1,0.892131783174189,1.02179114050846
load_25_to_75,O0 Mixed,E3 LTV/Joseph,216,1,1,0.892110923574663,1.02177567691913
load_25_to_75,O0 Mixed,E3 LTV/Joseph,217,1,1,0.892094816255913,1.02177607510883
load_25_to_75,O0 Mixed,E3 LTV/Joseph,218,1,1,0.891868509465163,1.0219536215161
load_25_to_75,O0 Mixed,E3 LTV/Joseph,219,1,1,0.892216747117229,1.02142661503228
load_25_to_75,O0 Mixed,E3 LTV/Joseph,220,1,1,0.892278316313638,1.02129170127644
load_25_to_75,O0 Mixed,E3 LTV/Joseph,221,1,1,0.892510499942646,1.0206408526271
load_25_to_75,O0 Mixed,E3 LTV/Joseph,222,1,1,0.892812492631881,1.01963414084014
load_25_to_75,O0 Mixed,E3 LTV/Joseph,223,1,1,0.892835106563331,1.01954891048372
load_25_to_75,O0 Mixed,E3 LTV/Joseph,224,1,1,0.892967826281475,1.01900574035025
load_25_to_75,O0 Mixed,E3 LTV/Joseph,225,1,1,0.893297886311685,1.01759165415836
load_25_to_75,O0 Mixed,E3 LTV/Joseph,226,1,1,0.893635434511056,1.01613096752449
load_25_to_75,O0 Mixed,E3 LTV/Joseph,227,1,1,0.894295979188031,1.01335061634429
load_25_to_75,O0 Mixed,E3 LTV/Joseph,228,1,1,0.894520296897894,1.01246899149148
load_25_to_75,O0 Mixed,E3 LTV/Joseph,229,1,1,0.894628108348962,1.01209120860899
load_25_to_75,O0 Mixed,E3 LTV/Joseph,230,1,1,0.89481876877394,1.01152800984311
load_25_to_75,O0 Mixed,E3 LTV/Joseph,231,1,1,0.895487944400124,1.00997952291087
load_25_to_75,O0 Mixed,E3 LTV/Joseph,232,1,1,0.895556719329307,1.0098676752319
load_25_to_75,O0 Mixed,E3 LTV/Joseph,233,1,1,0.895718911768979,1.00971734722704
load_25_to_75,O0 Mixed,E3 LTV/Joseph,234,1,1,0.895742114416322,1.0097117254367
load_25_to_75,O0 Mixed,E3 LTV/Joseph,235,1,1,0.896036761789849,1.00983228362193
load_25_to_75,O0 Mixed,E3 LTV/Joseph,236,1,1,0.895985573873318,1.00978018085671
load_25_to_75,O0 Mixed,E3 LTV/Joseph,237,1,1,0.896301382174431,1.01027933913663
load_25_to_75,O0 Mixed,E3 LTV/Joseph,238,1,1,0.896411486209286,1.01051026670805
load_25_to_75,O0 Mixed,E3 LTV/Joseph,239,1,1,0.896347026781651,1.01034451927296
load_25_to_75,O0 Mixed,E3 LTV/Joseph,240,1,1,0.896112786830291,1.00964079681543
load_25_to_75,O0 Mixed,E3 LTV/Joseph,241,1,1,0.896227222721771,1.01002918006481
load_25_to_75,O0 Mixed,E3 LTV/Joseph,242,1,1,0.89611435305328,1.00960746772266
load_25_to_75,O0 Mixed,E3 LTV/Joseph,243,1,1,0.89623652268446,1.01009906303116
load_25_to_75,O0 Mixed,E3 LTV/Joseph,244,1,1,0.896607711149403,1.01167363116693
load_25_to_75,O0 Mixed,E3 LTV/Joseph,245,1,1,0.896377685451243,1.0106666855496
load_25_to_75,O0 Mixed,E3 LTV/Joseph,246,1,1,0.896507219518373,1.01123794425632
load_25_to_75,O0 Mixed,E3 LTV/Joseph,247,1,1,0.896451905946316,1.01099916867139
load_25_to_75,O0 Mixed,E3 LTV/Joseph,248,1,1,0.896387212356417,1.01073511614454
load_25_to_75,O0 Mixed,E3 LTV/Joseph,249,1,1,0.896508464519696,1.01118290216992
load_25_to_75,O0 Mixed,E3 LTV/Joseph,250,1,1,0.896520459153767,1.01122073003096
load_25_to_75,O0 Mixed,E3 LTV/Joseph,251,1,1,0.896810263982894,1.01193925014369
load_25_to_75,O0 Mixed,E3 LTV/Joseph,252,1,1,0.896872446177917,1.01204483907703
load_25_to_75,O0 Mixed,E3 LTV/Joseph,253,1,1,0.896942101457022,1.01210372629243
load_25_to_75,O0 Mixed,E3 LTV/Joseph,254,1,1,0.896866901937667,1.01210690459357
load_25_to_75,O0 Mixed,E3 LTV/Joseph,255,1,1,0.896833890675506,1.0121376362482
load_25_to_75,O0 Mixed,E3 LTV/Joseph,256,1,1,0.896841581607797,1.01212386102747
load_25_to_75,O0 Mixed,E3 LTV/Joseph,257,1,1,0.897031369877346,1.011630849968
load_25_to_75,O0 Mixed,E3 LTV/Joseph,258,1,1,0.897176384059234,1.01114799693838
load_25_to_75,O0 Mixed,E3 LTV/Joseph,259,1,1,0.897076276517405,1.01154536747346
load_25_to_75,O0 Mixed,E3 LTV/Joseph,260,1,1,0.897426246428803,1.00997218129271
load_25_to_75,O0 Mixed,E3 LTV/Joseph,261,1,1,0.897263712901467,1.01076644785488
load_25_to_75,O0 Mixed,E3 LTV/Joseph,262,1,1,0.897284409680075,1.01066040677385
load_25_to_75,O0 Mixed,E3 LTV/Joseph,263,1,1,0.897085214290485,1.01169294947894
load_25_to_75,O0 Mixed,E3 LTV/Joseph,264,1,1,0.897238885694046,1.01091659575218
load_25_to_75,O0 Mixed,E3 LTV/Joseph,265,1,1,0.897666503366933,1.00889613492283
load_25_to_75,O0 Mixed,E3 LTV/Joseph,266,1,1,0.897560503270284,1.00934368727736
load_25_to_75,O0 Mixed,E3 LTV/Joseph,267,1,1,0.897584194961098,1.00925898541876
load_25_to_75,O0 Mixed,E3 LTV/Joseph,268,1,1,0.897646398505269,1.00908333740487
load_25_to_75,O0 Mixed,E3 LTV/Joseph,269,1,1,0.897615519852622,1.00914556363234
load_25_to_75,O0 Mixed,E3 LTV/Joseph,270,1,1,0.897553839378555,1.00921905513661
load_25_to_75,O0 Mixed,E3 LTV/Joseph,271,1,1,0.897852189663249,1.00910426295808
load_25_to_75,O0 Mixed,E3 LTV/Joseph,272,1,1,0.898298689769086,1.00927511715563
load_25_to_75,O0 Mixed,E3 LTV/Joseph,273,1,1,0.89880119890219,1.00982715232233
load_25_to_75,O0 Mixed,E3 LTV/Joseph,274,1,1,0.898527765274963,1.00934578493494
load_25_to_75,O0 Mixed,E3 LTV/Joseph,275,1,1,0.899018135883867,1.0105072071717
load_25_to_75,O0 Mixed,E3 LTV/Joseph,276,1,1,0.899344182614129,1.0114601208109
load_25_to_75,O0 Mixed,E3 LTV/Joseph,277,1,1,0.899309774811243,1.01134218033293
load_25_to_75,O0 Mixed,E3 LTV/Joseph,278,1,1,0.899069393945183,1.01040852683494
load_25_to_75,O0 Mixed,E3 LTV/Joseph,279,1,1,0.89953048514617,1.01238338753659
load_25_to_75,O0 Mixed,E3 LTV/Joseph,280,1,1,0.89938210957503,1.01169832053801
load_25_to_75,O0 Mixed,E3 LTV/Joseph,281,1,1,0.89971678794438,1.01332935049182
load_25_to_75,O0 Mixed,E3 LTV/Joseph,282,1,1,0.899602534928655,1.0127544183345
load_25_to_75,O0 Mixed,E3 LTV/Joseph,283,1,1,0.899514663664017,1.01230865703881
load_25_to_75,O0 Mixed,E3 LTV/Joseph,284,1,1,0.899457360878146,1.01202390386272
load_25_to_75,O0 Mixed,E3 LTV/Joseph,285,1,1,0.899314279149334,1.01135122766262
load_25_to_75,O0 Mixed,E3 LTV/Joseph,286,1,1,0.899325626876688,1.01139953028771
load_25_to_75,O0 Mixed,E3 LTV/Joseph,287,1,1,0.899579087031367,1.01232091686943
load_25_to_75,O0 Mixed,E3 LTV/Joseph,288,1,1,0.899581952228581,1.01232910094999
load_25_to_75,O0 Mixed,E3 LTV/Joseph,289,1,1,0.899559588799539,1.0122854630858
load_25_to_75,O0 Mixed,E3 LTV/Joseph,290,1,1,0.899540021535324,1.01226670810534
load_25_to_75,O0 Mixed,E3 LTV/Joseph,291,1,1,0.899817545728001,1.0122445959021
load_25_to_75,O0 Mixed,E3 LTV/Joseph,292,1,1,0.899709397758047,1.01236598822883
load_25_to_75,O0 Mixed,E3 LTV/Joseph,293,1,1,0.899897972869912,1.01196334635447
load_25_to_75,O0 Mixed,E3 LTV/Joseph,294,1,1,0.899996086285227,1.01166041128159
load_25_to_75,O0 Mixed,E3 LTV/Joseph,295,1,1,0.899930283200964,1.01192070532815
load_25_to_75,O0 Mixed,E3 LTV/Joseph,296,1,1,0.900051105817553,1.01135105611203
load_25_to_75,O0 Mixed,E3 LTV/Joseph,297,1,1,0.90023372567546,1.01037601952162
load_25_to_75,O0 Mixed,E3 LTV/Joseph,298,1,1,0.900183074753325,1.01067005975994
load_25_to_75,O0 Mixed,E3 LTV/Joseph,299,1,1,0.900406764273451,1.00930887065772
load_25_to_75,O0 Mixed,E3 LTV/Joseph,300,1,1,0.900308463410232,1.00991397459133
load_25_to_75,O0 Mixed,E3 LTV/Joseph,301,1,1,0.90038181641654,1.0094737335297
load_25_to_75,O0 Mixed,E3 LTV/Joseph,302,1,1,0.900382364108051,1.00947065513808
load_25_to_75,O0 Mixed,E3 LTV/Joseph,303,1,1,0.900374712442664,1.00950915818211
load_25_to_75,O0 Mixed,E3 LTV/Joseph,304,1,1,0.900439473283762,1.00923250314647
load_25_to_75,O0 Mixed,E3 LTV/Joseph,305,1,1,0.900422651779246,1.00928955290328
load_25_to_75,O0 Mixed,E3 LTV/Joseph,306,1,1,0.900688429689852,1.00863987472953
load_25_to_75,O0 Mixed,E3 LTV/Joseph,307,1,1,0.900866750654441,1.00837582118298
load_25_to_75,O0 Mixed,E3 LTV/Joseph,308,1,1,0.900923783177736,1.00834505936201
load_25_to_75,O0 Mixed,E3 LTV/Joseph,309,1,1,0.900988620716284,1.00836811041516
load_25_to_75,O0 Mixed,E3 LTV/Joseph,310,1,1,0.900956552649432,1.00832991519716
load_25_to_75,O0 Mixed,E3 LTV/Joseph,311,1,1,0.900909924418967,1.00823838436421
load_25_to_75,O0 Mixed,E3 LTV/Joseph,312,1,1,0.900834269261243,1.0080362451833
load_25_to_75,O0 Mixed,E3 LTV/Joseph,313,1,1,0.900891980762361,1.00822782327417
load_25_to_75,O0 Mixed,E3 LTV/Joseph,314,1,1,0.900959866155413,1.00849309225346
load_25_to_75,O0 Mixed,E3 LTV/Joseph,315,1,1,0.901072445048747,1.00899241624523
load_25_to_75,O0 Mixed,E3 LTV/Joseph,316,1,1,0.90123050962601,1.00976656222358
load_25_to_75,O0 Mixed,E3 LTV/Joseph,317,1,1,0.901502996546375,1.01120638876388
load_25_to_75,O0 Mixed,E3 LTV/Joseph,318,1,1,0.901546955721101,1.01145168278643
load_25_to_75,O0 Mixed,E3 LTV/Joseph,319,1,1,0.90163704786176,1.01197103033163
load_25_to_75,O0 Mixed,E3 LTV/Joseph,320,1,1,0.901506996762595,1.01121519886926
load_25_to_75,O0 Mixed,E3 LTV/Joseph,321,1,1,0.901474601923447,1.01103074281359
load_25_to_75,O0 Mixed,E3 LTV/Joseph,322,1,1,0.901319098696945,1.010193046587
load_25_to_75,O0 Mixed,E3 LTV/Joseph,323,1,1,0.90145212927225,1.01084169485917
load_25_to_75,O0 Mixed,E3 LTV/Joseph,324,1,1,0.901488435304698,1.01099280992227
load_25_to_75,O0 Mixed,E3 LTV/Joseph,325,1,1,0.901421545060221,1.01077429563657
load_25_to_75,O0 Mixed,E3 LTV/Joseph,326,1,1,0.90146085185573,1.01086167254458
load_25_to_75,O0 Mixed,E3 LTV/Joseph,327,1,1,0.901491140841652,1.01089425807357
load_25_to_75,O0 Mixed,E3 LTV/Joseph,328,1,1,0.901512500549855,1.01089157722548
load_25_to_75,O0 Mixed,E3 LTV/Joseph,329,1,1,0.901360317774503,1.01109472697102
load_25_to_75,O0 Mixed,E3 LTV/Joseph,330,1,1,0.901270362293642,1.01132070182721
load_25_to_75,O0 Mixed,E3 LTV/Joseph,331,1,1,0.901055042963016,1.01210069977929
load_25_to_75,O0 Mixed,E3 LTV/Joseph,332,1,1,0.900859824476776,1.01300581124051
load_25_to_75,O0 Mixed,E3 LTV/Joseph,333,1,1,0.900837115584701,1.01313125041071
load_25_to_75,O0 Mixed,E3 LTV/Joseph,334,1,1,0.900750038697363,1.0136759801608
load_25_to_75,O0 Mixed,E3 LTV/Joseph,335,1,1,0.900857221163036,1.01294701735391
load_25_to_75,O0 Mixed,E3 LTV/Joseph,336,1,1,0.901006207958221,1.01188508407244
load_25_to_75,O0 Mixed,E3 LTV/Joseph,337,1,1,0.90112092129185,1.01105808233707
load_25_to_75,O0 Mixed,E3 LTV/Joseph,338,1,1,0.901213024652924,1.01041071828283
load_25_to_75,O0 Mixed,E3 LTV/Joseph,339,1,1,0.901454880408516,1.00881833419697
load_25_to_75,O0 Mixed,E3 LTV/Joseph,340,1,1,0.901338224318186,1.00950658054009
load_25_to_75,O0 Mixed,E3 LTV/Joseph,341,1,1,0.901601033487304,1.00818779200141
load_25_to_75,O0 Mixed,E3 LTV/Joseph,342,1,1,0.901727479679598,1.00768240216498
load_25_to_75,O0 Mixed,E3 LTV/Joseph,343,1,1,0.901766336476062,1.007569638403
load_25_to_75,O0 Mixed,E3 LTV/Joseph,344,1,1,0.902081592049015,1.00700564944543
load_25_to_75,O0 Mixed,E3 LTV/Joseph,345,1,1,0.902195707764525,1.00692549242127
load_25_to_75,O0 Mixed,E3 LTV/Joseph,346,1,1,0.902033751860186,1.0068722019176
load_25_to_75,O0 Mixed,E3 LTV/Joseph,347,1,1,0.902008756034136,1.00683992019616
load_25_to_75,O0 Mixed,E3 LTV/Joseph,348,1,1,0.902087264722709,1.00701101041246
load_25_to_75,O0 Mixed,E3 LTV/Joseph,349,1,1,0.902354159838054,1.00780960978349
load_25_to_75,O0 Mixed,E3 LTV/Joseph,350,1,1,0.902437340145754,1.00812017918831
load_25_to_75,O0 Mixed,E3 LTV/Joseph,351,1,1,0.902658692659812,1.00909553048255
load_25_to_75,O0 Mixed,E3 LTV/Joseph,352,1,1,0.902992160145487,1.01076551731615
load_25_to_75,O0 Mixed,E3 LTV/Joseph,353,1,1,0.903224604803891,1.01205193796615
load_25_to_75,O0 Mixed,E3 LTV/Joseph,354,1,1,0.90335271728752,1.01281749847545
load_25_to_75,O0 Mixed,E3 LTV/Joseph,355,1,1,0.903623728641658,1.01452833942205
load_25_to_75,O0 Mixed,E3 LTV/Joseph,356,1,1,0.90365402353722,1.0147259291254
load_25_to_75,O0 Mixed,E3 LTV/Joseph,357,1,1,0.903862379448698,1.01609574686204
load_25_to_75,O0 Mixed,E3 LTV/Joseph,358,1,1,0.903803269515423,1.01571514258053
load_25_to_75,O0 Mixed,E3 LTV/Joseph,359,1,1,0.903610328515291,1.01453987949044
load_25_to_75,O0 Mixed,E3 LTV/Joseph,360,1,1,0.903796247340835,1.01556454277377
load_25_to_75,O0 Mixed,E3 LTV/Joseph,361,1,1,0.903881845422166,1.01596690919396
load_25_to_75,O0 Mixed,E3 LTV/Joseph,362,1,1,0.90383875964008,1.01580821203547
load_25_to_75,O0 Mixed,E3 LTV/Joseph,363,1,1,0.903755398251199,1.01560002900508
load_25_to_75,O0 Mixed,E3 LTV/Joseph,364,1,1,0.903790793139929,1.01564224904786
load_25_to_75,O0 Mixed,E3 LTV/Joseph,365,1,1,0.903816640124305,1.01563773409327
load_25_to_75,O0 Mixed,E3 LTV/Joseph,366,1,1,0.903968771340178,1.01540165747027
load_25_to_75,O0 Mixed,E3 LTV/Joseph,367,1,1,0.903665510702743,1.01627893476575
load_25_to_75,O0 Mixed,E3 LTV/Joseph,368,1,1,0.903765213222238,1.01586435718261
load_25_to_75,O0 Mixed,E3 LTV/Joseph,369,1,1,0.903739648925074,1.01600013741893
load_25_to_75,O0 Mixed,E3 LTV/Joseph,370,1,1,0.903817793907841,1.01550619115224
load_25_to_75,O0 Mixed,E3 LTV/Joseph,371,1,1,0.90372502237999,1.0161698990769
load_25_to_75,O0 Mixed,E3 LTV/Joseph,372,1,1,0.903778909443871,1.01575086701304
load_25_to_75,O0 Mixed,E3 LTV/Joseph,373,1,1,0.903859449007935,1.01509453196748
load_25_to_75,O0 Mixed,E3 LTV/Joseph,374,1,1,0.903910752716719,1.01467161390903
load_25_to_75,O0 Mixed,E3 LTV/Joseph,375,1,1,0.903888605906657,1.01484966439709
load_25_to_75,O0 Mixed,E3 LTV/Joseph,376,1,1,0.903672812487627,1.01647645747011
load_25_to_75,O0 Mixed,E3 LTV/Joseph,377,1,1,0.903808206680157,1.01556090486447
load_25_to_75,O0 Mixed,E3 LTV/Joseph,378,1,1,0.903641964570368,1.01651865231098
load_25_to_75,O0 Mixed,E3 LTV/Joseph,379,1,1,0.903769361803989,1.01593217518701
load_25_to_75,O0 Mixed,E3 LTV/Joseph,380,1,1,0.903729737518251,1.01606534598295
load_25_to_75,O0 Mixed,E3 LTV/Joseph,381,1,1,0.90386796297093,1.01577524268639
load_25_to_75,O0 Mixed,E3 LTV/Joseph,382,1,1,0.904145302941539,1.01553482122003
load_25_to_75,O0 Mixed,E3 LTV/Joseph,383,1,1,0.904068432501015,1.01551165285038
load_25_to_75,O0 Mixed,E3 LTV/Joseph,384,1,1,0.904050584121621,1.01548684115261
load_25_to_75,O1 Proposed,E1 RLS,1,1,1,0.974431776085237,0.7
load_25_to_75,O1 Proposed,E1 RLS,2,1,1,0.974431776085237,1.09693629010288
load_25_to_75,O1 Proposed,E1 RLS,3,1,1,0.912911776134824,1.09693629010288
load_25_to_75,O1 Proposed,E1 RLS,4,1,1,0.912911776134824,1.10511032267113
load_25_to_75,O1 Proposed,E1 RLS,5,1,1,0.923360485882362,1.10511032267113
load_25_to_75,O1 Proposed,E1 RLS,6,1,1,0.923360485882362,1.10456563498592
load_25_to_75,O1 Proposed,E1 RLS,7,1,1,0.899058593608058,1.10456563498592
load_25_to_75,O1 Proposed,E1 RLS,8,1,1,0.899058593608058,1.08403990327946
load_25_to_75,O1 Proposed,E1 RLS,9,1,1,0.918204705756994,1.08403990327946
load_25_to_75,O1 Proposed,E1 RLS,10,1,1,0.918204705756994,1.0803305011351
load_25_to_75,O1 Proposed,E1 RLS,11,1,1,0.918689690990251,1.0803305011351
load_25_to_75,O1 Proposed,E1 RLS,12,1,1,0.918689690990251,1.08578993993271
load_25_to_75,O1 Proposed,E1 RLS,13,1,1,0.917814812325214,1.08578993993271
load_25_to_75,O1 Proposed,E1 RLS,14,1,1,0.917814812325214,1.07628947446302
load_25_to_75,O1 Proposed,E1 RLS,15,1,1,0.91501972913126,1.07628947446302
load_25_to_75,O1 Proposed,E1 RLS,16,1,1,0.91501972913126,1.06070656409488
load_25_to_75,O1 Proposed,E1 RLS,17,1,1,0.920806688693606,1.06070656409488
load_25_to_75,O1 Proposed,E1 RLS,18,1,1,0.920806688693606,1.05482226741586
load_25_to_75,O1 Proposed,E1 RLS,19,1,1,0.924242882951518,1.05482226741586
load_25_to_75,O1 Proposed,E1 RLS,20,1,1,0.924242882951518,1.04190347573489
load_25_to_75,O1 Proposed,E1 RLS,21,1,1,0.92580713196387,1.04190347573489
load_25_to_75,O1 Proposed,E1 RLS,22,1,1,0.92580713196387,1.0361093934484
load_25_to_75,O1 Proposed,E1 RLS,23,1,1,0.925996176373034,1.0361093934484
load_25_to_75,O1 Proposed,E1 RLS,24,1,1,0.925996176373034,1.01472525311872
load_25_to_75,O1 Proposed,E1 RLS,25,1,1,0.929804860117648,1.01472525311872
load_25_to_75,O1 Proposed,E1 RLS,26,1,1,0.929804860117648,1.01076228751712
load_25_to_75,O1 Proposed,E1 RLS,27,1,1,0.935049889183766,1.01076228751712
load_25_to_75,O1 Proposed,E1 RLS,28,1,1,0.935049889183766,1.00456271462065
load_25_to_75,O1 Proposed,E1 RLS,29,1,1,0.932202774033607,1.00456271462065
load_25_to_75,O1 Proposed,E1 RLS,30,1,1,0.932202774033607,0.995681353684285
load_25_to_75,O1 Proposed,E1 RLS,31,1,1,0.931650097962625,0.995681353684285
load_25_to_75,O1 Proposed,E1 RLS,32,1,1,0.931650097962625,0.995374315309397
load_25_to_75,O1 Proposed,E1 RLS,33,1,1,0.938870614309507,0.995374315309397
load_25_to_75,O1 Proposed,E1 RLS,34,1,1,0.938870614309507,0.999493185500357
load_25_to_75,O1 Proposed,E1 RLS,35,1,1,0.9394982725273,0.999493185500357
load_25_to_75,O1 Proposed,E1 RLS,36,1,1,0.9394982725273,1.00798254519369
load_25_to_75,O1 Proposed,E1 RLS,37,1,1,0.938481255581942,1.00798254519369
load_25_to_75,O1 Proposed,E1 RLS,38,1,1,0.938481255581942,1.0150436405855
load_25_to_75,O1 Proposed,E1 RLS,39,1,1,0.943401051405946,1.0150436405855
load_25_to_75,O1 Proposed,E1 RLS,40,1,1,0.943401051405946,1.02014906854481
load_25_to_75,O1 Proposed,E1 RLS,41,1,1,0.946728150470194,1.02014906854481
load_25_to_75,O1 Proposed,E1 RLS,42,1,1,0.946728150470194,1.02055631595336
load_25_to_75,O1 Proposed,E1 RLS,43,1,1,0.951188305457531,1.02055631595336
load_25_to_75,O1 Proposed,E1 RLS,44,1,1,0.951188305457531,1.034960479634
load_25_to_75,O1 Proposed,E1 RLS,45,1,1,0.952744958683587,1.034960479634
load_25_to_75,O1 Proposed,E1 RLS,46,1,1,0.952744958683587,1.0365971049193
load_25_to_75,O1 Proposed,E1 RLS,47,1,1,0.959089210002018,1.0365971049193
load_25_to_75,O1 Proposed,E1 RLS,48,1,1,0.959089210002018,1.03763399861105
load_25_to_75,O1 Proposed,E1 RLS,49,1,1,0.966661130819966,1.03763399861105
load_25_to_75,O1 Proposed,E1 RLS,50,1,1,0.966661130819966,1.04067840421867
load_25_to_75,O1 Proposed,E1 RLS,51,1,1,0.970574138943267,1.04067840421867
load_25_to_75,O1 Proposed,E1 RLS,52,1,1,0.970574138943267,1.03905868335338
load_25_to_75,O1 Proposed,E1 RLS,53,1,1,0.972690269985554,1.03905868335338
load_25_to_75,O1 Proposed,E1 RLS,54,1,1,0.972690269985554,1.03391620653656
load_25_to_75,O1 Proposed,E1 RLS,55,1,1,0.975104409401422,1.03391620653656
load_25_to_75,O1 Proposed,E1 RLS,56,1,1,0.975104409401422,1.03056999887283
load_25_to_75,O1 Proposed,E1 RLS,57,1,1,0.973075204695657,1.03056999887283
load_25_to_75,O1 Proposed,E1 RLS,58,1,1,0.973075204695657,1.0264239547344
load_25_to_75,O1 Proposed,E1 RLS,59,1,1,0.975504326649707,1.0264239547344
load_25_to_75,O1 Proposed,E1 RLS,60,1,1,0.975504326649707,1.01994732689772
load_25_to_75,O1 Proposed,E1 RLS,61,1,1,0.975232460251085,1.01994732689772
load_25_to_75,O1 Proposed,E1 RLS,62,1,1,0.975232460251085,1.01529270790214
load_25_to_75,O1 Proposed,E1 RLS,63,1,1,0.972984571076845,1.01529270790214
load_25_to_75,O1 Proposed,E1 RLS,64,1,1,0.972984571076845,1.01272438176365
load_25_to_75,O1 Proposed,E1 RLS,65,1,1,0.972666894822286,1.01272438176365
load_25_to_75,O1 Proposed,E1 RLS,66,1,1,0.972666894822286,1.0064620318177
load_25_to_75,O1 Proposed,E1 RLS,67,1,1,0.970904553619219,1.0064620318177
load_25_to_75,O1 Proposed,E1 RLS,68,1,1,0.970904553619219,1.00503098377784
load_25_to_75,O1 Proposed,E1 RLS,69,1,1,0.974248868444746,1.00503098377784
load_25_to_75,O1 Proposed,E1 RLS,70,1,1,0.974248868444746,1.00487563884495
load_25_to_75,O1 Proposed,E1 RLS,71,1,1,0.977066412433213,1.00487563884495
load_25_to_75,O1 Proposed,E1 RLS,72,1,1,0.977066412433213,1.00673721775962
load_25_to_75,O1 Proposed,E1 RLS,73,1,1,0.97704480656866,1.00673721775962
load_25_to_75,O1 Proposed,E1 RLS,74,1,1,0.97704480656866,1.01044701134913
load_25_to_75,O1 Proposed,E1 RLS,75,1,1,0.977369477113874,1.01044701134913
load_25_to_75,O1 Proposed,E1 RLS,76,1,1,0.977369477113874,1.01133379269436
load_25_to_75,O1 Proposed,E1 RLS,77,1,1,0.979779184503815,1.01133379269436
load_25_to_75,O1 Proposed,E1 RLS,78,1,1,0.979779184503815,1.01280639394828
load_25_to_75,O1 Proposed,E1 RLS,79,1,1,0.978024734028934,1.01280639394828
load_25_to_75,O1 Proposed,E1 RLS,80,1,1,0.978024734028934,1.01493926983101
load_25_to_75,O1 Proposed,E1 RLS,81,1,1,0.977903118980847,1.01493926983101
load_25_to_75,O1 Proposed,E1 RLS,82,1,1,0.977903118980847,1.02076335573115
load_25_to_75,O1 Proposed,E1 RLS,83,1,1,0.981939455474145,1.02076335573115
load_25_to_75,O1 Proposed,E1 RLS,84,1,1,0.981939455474145,1.02133869010226
load_25_to_75,O1 Proposed,E1 RLS,85,1,1,0.984337785437152,1.02133869010226
load_25_to_75,O1 Proposed,E1 RLS,86,1,1,0.984337785437152,1.02407823467947
load_25_to_75,O1 Proposed,E1 RLS,87,1,1,0.986686314268668,1.02407823467947
load_25_to_75,O1 Proposed,E1 RLS,88,1,1,0.986686314268668,1.02542916338486
load_25_to_75,O1 Proposed,E1 RLS,89,1,1,0.987812178542851,1.02542916338486
load_25_to_75,O1 Proposed,E1 RLS,90,1,1,0.987812178542851,1.02419195412773
load_25_to_75,O1 Proposed,E1 RLS,91,1,1,0.989632973104015,1.02419195412773
load_25_to_75,O1 Proposed,E1 RLS,92,1,1,0.989632973104015,1.02190260552059
load_25_to_75,O1 Proposed,E1 RLS,93,1,1,0.991028402508603,1.02190260552059
load_25_to_75,O1 Proposed,E1 RLS,94,1,1,0.991028402508603,1.02029586767322
load_25_to_75,O1 Proposed,E1 RLS,95,1,1,0.992394274713806,1.02029586767322
load_25_to_75,O1 Proposed,E1 RLS,96,1,1,0.992394274713806,1.01292989934817
load_25_to_75,O1 Proposed,E1 RLS,97,1,1,0.992117795829335,1.01292989934817
load_25_to_75,O1 Proposed,E1 RLS,98,1,1,0.992117795829335,1.01144404935515
load_25_to_75,O1 Proposed,E1 RLS,99,1,1,0.990695055709924,1.01144404935515
load_25_to_75,O1 Proposed,E1 RLS,100,1,1,0.990695055709924,1.0108027521432
load_25_to_75,O1 Proposed,E1 RLS,101,1,1,0.989248634947619,1.0108027521432
load_25_to_75,O1 Proposed,E1 RLS,102,1,1,0.989248634947619,1.00865459722369
load_25_to_75,O1 Proposed,E1 RLS,103,1,1,0.988657794278883,1.00865459722369
load_25_to_75,O1 Proposed,E1 RLS,104,1,1,0.988657794278883,1.00601658064596
load_25_to_75,O1 Proposed,E1 RLS,105,1,1,0.989337162812763,1.00601658064596
load_25_to_75,O1 Proposed,E1 RLS,106,1,1,0.989337162812763,1.00465351278784
load_25_to_75,O1 Proposed,E1 RLS,107,1,1,0.988478252472953,1.00465351278784
load_25_to_75,O1 Proposed,E1 RLS,108,1,1,0.988478252472953,1.00640193612578
load_25_to_75,O1 Proposed,E1 RLS,109,1,1,0.991638366183282,1.00640193612578
load_25_to_75,O1 Proposed,E1 RLS,110,1,1,0.991638366183282,1.00992800554771
load_25_to_75,O1 Proposed,E1 RLS,111,1,1,0.991348934228104,1.00992800554771
load_25_to_75,O1 Proposed,E1 RLS,112,1,1,0.991348934228104,1.01106729694414
load_25_to_75,O1 Proposed,E1 RLS,113,1,1,0.992375656608573,1.01106729694414
load_25_to_75,O1 Proposed,E1 RLS,114,1,1,0.992375656608573,1.01547005475666
load_25_to_75,O1 Proposed,E1 RLS,115,1,1,0.989048043892244,1.01547005475666
load_25_to_75,O1 Proposed,E1 RLS,116,1,1,0.989048043892244,1.0161867490941
load_25_to_75,O1 Proposed,E1 RLS,117,1,1,0.987563840522204,1.0161867490941
load_25_to_75,O1 Proposed,E1 RLS,118,1,1,0.987563840522204,1.01902213638834
load_25_to_75,O1 Proposed,E1 RLS,119,1,1,0.987725597640652,1.01902213638834
load_25_to_75,O1 Proposed,E1 RLS,120,1,1,0.987725597640652,1.02042634436343
load_25_to_75,O1 Proposed,E1 RLS,121,1,1,0.987920895015072,1.02042634436343
load_25_to_75,O1 Proposed,E1 RLS,122,1,1,0.987920895015072,1.01990686238751
load_25_to_75,O1 Proposed,E1 RLS,123,1,1,0.988457706644537,1.01990686238751
load_25_to_75,O1 Proposed,E1 RLS,124,1,1,0.988457706644537,1.02134696192136
load_25_to_75,O1 Proposed,E1 RLS,125,1,1,0.98898901041162,1.02134696192136
load_25_to_75,O1 Proposed,E1 RLS,126,1,1,0.98898901041162,1.02272467789867
load_25_to_75,O1 Proposed,E1 RLS,127,1,1,0.987437067430437,1.02272467789867
load_25_to_75,O1 Proposed,E1 RLS,128,1,1,0.987437067430437,1.02000595170913
load_25_to_75,O1 Proposed,E1 RLS,129,1,1,0.986118653957676,1.02000595170913
load_25_to_75,O1 Proposed,E1 RLS,130,1,1,0.986118653957676,1.00796549397086
load_25_to_75,O1 Proposed,E1 RLS,131,1,1,0.983736414578566,1.00796549397086
load_25_to_75,O1 Proposed,E1 RLS,132,1,1,0.983736414578566,0.998336402400266
load_25_to_75,O1 Proposed,E1 RLS,133,1,1,0.98713896305427,0.998336402400266
load_25_to_75,O1 Proposed,E1 RLS,134,1,1,0.98713896305427,0.99133235128488
load_25_to_75,O1 Proposed,E1 RLS,135,1,1,0.987750918615178,0.99133235128488
load_25_to_75,O1 Proposed,E1 RLS,136,1,1,0.987750918615178,0.98757424128508
load_25_to_75,O1 Proposed,E1 RLS,137,1,1,0.987789639774577,0.98757424128508
load_25_to_75,O1 Proposed,E1 RLS,138,1,1,0.987789639774577,0.985087125015008
load_25_to_75,O1 Proposed,E1 RLS,139,1,1,0.985641930447187,0.985087125015008
load_25_to_75,O1 Proposed,E1 RLS,140,1,1,0.985641930447187,0.984704045227928
load_25_to_75,O1 Proposed,E1 RLS,141,1,1,0.984958226106449,0.984704045227928
load_25_to_75,O1 Proposed,E1 RLS,142,1,1,0.984958226106449,0.985974723138054
load_25_to_75,O1 Proposed,E1 RLS,143,1,1,0.985696155101249,0.985974723138054
load_25_to_75,O1 Proposed,E1 RLS,144,1,1,0.985696155101249,0.986850708230119
load_25_to_75,O1 Proposed,E1 RLS,145,1,1,0.985196497215107,0.986850708230119
load_25_to_75,O1 Proposed,E1 RLS,146,1,1,0.985196497215107,0.989332820493303
load_25_to_75,O1 Proposed,E1 RLS,147,1,1,0.986752831556368,0.989332820493303
load_25_to_75,O1 Proposed,E1 RLS,148,1,1,0.986752831556368,0.992349348570039
load_25_to_75,O1 Proposed,E1 RLS,149,1,1,0.985635609694326,0.992349348570039
load_25_to_75,O1 Proposed,E1 RLS,150,1,1,0.985635609694326,0.994860907472084
load_25_to_75,O1 Proposed,E1 RLS,151,1,1,0.988116205176777,0.994860907472084
load_25_to_75,O1 Proposed,E1 RLS,152,1,1,0.988116205176777,0.997442996341914
load_25_to_75,O1 Proposed,E1 RLS,153,1,1,0.987738088491648,0.997442996341914
load_25_to_75,O1 Proposed,E1 RLS,154,1,1,0.987738088491648,1.00105755550415
load_25_to_75,O1 Proposed,E1 RLS,155,1,1,0.992856562347746,1.00105755550415
load_25_to_75,O1 Proposed,E1 RLS,156,1,1,0.992856562347746,1.00409489602136
load_25_to_75,O1 Proposed,E1 RLS,157,1,1,0.996990422519056,1.00409489602136
load_25_to_75,O1 Proposed,E1 RLS,158,1,1,0.996990422519056,1.00572414901773
load_25_to_75,O1 Proposed,E1 RLS,159,1,1,0.996762688708667,1.00572414901773
load_25_to_75,O1 Proposed,E1 RLS,160,1,1,0.996762688708667,1.00572557254914
load_25_to_75,O1 Proposed,E1 RLS,161,1,1,0.997082853453263,1.00572557254914
load_25_to_75,O1 Proposed,E1 RLS,162,1,1,0.997082853453263,1.00430345174153
load_25_to_75,O1 Proposed,E1 RLS,163,1,1,0.996526631816081,1.00430345174153
load_25_to_75,O1 Proposed,E1 RLS,164,1,1,0.996526631816081,1.00353095178858
load_25_to_75,O1 Proposed,E1 RLS,165,1,1,0.995934844382557,1.00353095178858
load_25_to_75,O1 Proposed,E1 RLS,166,1,1,0.995934844382557,1.00270015304659
load_25_to_75,O1 Proposed,E1 RLS,167,1,1,0.995099810825561,1.00270015304659
load_25_to_75,O1 Proposed,E1 RLS,168,1,1,0.995099810825561,1.00285612916009
load_25_to_75,O1 Proposed,E1 RLS,169,1,1,0.995800180918876,1.00285612916009
load_25_to_75,O1 Proposed,E1 RLS,170,1,1,0.995800180918876,1.00178959185815
load_25_to_75,O1 Proposed,E1 RLS,171,1,1,0.996862962246462,1.00178959185815
load_25_to_75,O1 Proposed,E1 RLS,172,1,1,0.996862962246462,1.00108570165962
load_25_to_75,O1 Proposed,E1 RLS,173,1,1,0.998554711132608,1.00108570165962
load_25_to_75,O1 Proposed,E1 RLS,174,1,1,0.998554711132608,0.999048213622927
load_25_to_75,O1 Proposed,E1 RLS,175,1,1,0.997969328914035,0.999048213622927
load_25_to_75,O1 Proposed,E1 RLS,176,1,1,0.997969328914035,0.997116806053751
load_25_to_75,O1 Proposed,E1 RLS,177,1,1,0.99850400081465,0.997116806053751
load_25_to_75,O1 Proposed,E1 RLS,178,1,1,0.99850400081465,0.996522657399976
load_25_to_75,O1 Proposed,E1 RLS,179,1,1,0.998289769907862,0.996522657399976
load_25_to_75,O1 Proposed,E1 RLS,180,1,1,0.998289769907862,0.997368008266289
load_25_to_75,O1 Proposed,E1 RLS,181,1,1,0.997400756165867,0.997368008266289
load_25_to_75,O1 Proposed,E1 RLS,182,1,1,0.997400756165867,0.9968572742697
load_25_to_75,O1 Proposed,E1 RLS,183,1,1,0.99558151762668,0.9968572742697
load_25_to_75,O1 Proposed,E1 RLS,184,1,1,0.99558151762668,0.997661999287257
load_25_to_75,O1 Proposed,E1 RLS,185,1,1,0.99588706773498,0.997661999287257
load_25_to_75,O1 Proposed,E1 RLS,186,1,1,0.99588706773498,0.999205230813691
load_25_to_75,O1 Proposed,E1 RLS,187,1,1,0.994680067344748,0.999205230813691
load_25_to_75,O1 Proposed,E1 RLS,188,1,1,0.994680067344748,1.00117652001834
load_25_to_75,O1 Proposed,E1 RLS,189,1,1,0.993959685790709,1.00117652001834
load_25_to_75,O1 Proposed,E1 RLS,190,1,1,0.993959685790709,1.0035739780358
load_25_to_75,O1 Proposed,E1 RLS,191,1,1,0.995172595103815,1.0035739780358
load_25_to_75,O1 Proposed,E1 RLS,192,1,1,0.995172595103815,1.00480695828192
load_25_to_75,O1 Proposed,E1 RLS,193,1,1,0.996115311135982,1.00480695828192
load_25_to_75,O1 Proposed,E1 RLS,194,1,1,0.996115311135982,1.00588991810045
load_25_to_75,O1 Proposed,E1 RLS,195,1,1,0.996270056495929,1.00588991810045
load_25_to_75,O1 Proposed,E1 RLS,196,1,1,0.996270056495929,1.00607710569169
load_25_to_75,O1 Proposed,E1 RLS,197,1,1,0.997146186723063,1.00607710569169
load_25_to_75,O1 Proposed,E1 RLS,198,1,1,0.997146186723063,1.00570710698181
load_25_to_75,O1 Proposed,E1 RLS,199,1,1,0.997588573772148,1.00570710698181
load_25_to_75,O1 Proposed,E1 RLS,200,1,1,0.997588573772148,1.00549722358424
load_25_to_75,O1 Proposed,E1 RLS,201,1,1,0.997275947559278,1.00549722358424
load_25_to_75,O1 Proposed,E1 RLS,202,1,1,0.997275947559278,1.00574036292549
load_25_to_75,O1 Proposed,E1 RLS,203,1,1,0.997761097876895,1.00574036292549
load_25_to_75,O1 Proposed,E1 RLS,204,1,1,0.997761097876895,1.00529027440803
load_25_to_75,O1 Proposed,E1 RLS,205,1,1,0.998465254134336,1.00529027440803
load_25_to_75,O1 Proposed,E1 RLS,206,1,1,0.998465254134336,1.00398893644903
load_25_to_75,O1 Proposed,E1 RLS,207,1,1,0.999178337513877,1.00398893644903
load_25_to_75,O1 Proposed,E1 RLS,208,1,1,0.999178337513877,1.00336890586839
load_25_to_75,O1 Proposed,E1 RLS,209,1,1,0.999389005027901,1.00336890586839
load_25_to_75,O1 Proposed,E1 RLS,210,1,1,0.999389005027901,1.00276503677418
load_25_to_75,O1 Proposed,E1 RLS,211,1,1,0.999554341711551,1.00276503677418
load_25_to_75,O1 Proposed,E1 RLS,212,1,1,0.999554341711551,1.00264667727614
load_25_to_75,O1 Proposed,E1 RLS,213,1,1,0.99826533077352,1.00264667727614
load_25_to_75,O1 Proposed,E1 RLS,214,1,1,0.99826533077352,1.00257936632019
load_25_to_75,O1 Proposed,E1 RLS,215,1,1,0.998247158346506,1.00257936632019
load_25_to_75,O1 Proposed,E1 RLS,216,1,1,0.998247158346506,1.00254528638529
load_25_to_75,O1 Proposed,E1 RLS,217,1,1,0.998269501490167,1.00254528638529
load_25_to_75,O1 Proposed,E1 RLS,218,1,1,0.998269501490167,1.00285863206005
load_25_to_75,O1 Proposed,E1 RLS,219,1,1,0.999445238167024,1.00285863206005
load_25_to_75,O1 Proposed,E1 RLS,220,1,1,0.999445238167024,1.00337499530635
load_25_to_75,O1 Proposed,E1 RLS,221,1,1,0.999914226536273,1.00337499530635
load_25_to_75,O1 Proposed,E1 RLS,222,1,1,0.999914226536273,1.00403401348328
load_25_to_75,O1 Proposed,E1 RLS,223,1,1,0.999199552821254,1.00403401348328
load_25_to_75,O1 Proposed,E1 RLS,224,1,1,0.999199552821254,1.0043572003512
load_25_to_75,O1 Proposed,E1 RLS,225,1,1,0.999339967485403,1.0043572003512
load_25_to_75,O1 Proposed,E1 RLS,226,1,1,0.999339967485403,1.00437367418221
load_25_to_75,O1 Proposed,E1 RLS,227,1,1,1.00198925763601,1.00437367418221
load_25_to_75,O1 Proposed,E1 RLS,228,1,1,1.00198925763601,1.00510379221792
load_25_to_75,O1 Proposed,E1 RLS,229,1,1,1.00156872236405,1.00510379221792
load_25_to_75,O1 Proposed,E1 RLS,230,1,1,1.00156872236405,1.0060412978278
load_25_to_75,O1 Proposed,E1 RLS,231,1,1,1.00305605342654,1.0060412978278
load_25_to_75,O1 Proposed,E1 RLS,232,1,1,1.00305605342654,1.00721807898819
load_25_to_75,O1 Proposed,E1 RLS,233,1,1,1.00279020387782,1.00721807898819
load_25_to_75,O1 Proposed,E1 RLS,234,1,1,1.00279020387782,1.00690871561214
load_25_to_75,O1 Proposed,E1 RLS,235,1,1,1.00268609932095,1.00690871561214
load_25_to_75,O1 Proposed,E1 RLS,236,1,1,1.00268609932095,1.00763897140493
load_25_to_75,O1 Proposed,E1 RLS,237,1,1,1.00355002154569,1.00763897140493
load_25_to_75,O1 Proposed,E1 RLS,238,1,1,1.00355002154569,1.00754611413744
load_25_to_75,O1 Proposed,E1 RLS,239,1,1,1.00273828574356,1.00754611413744
load_25_to_75,O1 Proposed,E1 RLS,240,1,1,1.00273828574356,1.00719413125097
load_25_to_75,O1 Proposed,E1 RLS,241,1,1,1.00283298110343,1.00719413125097
load_25_to_75,O1 Proposed,E1 RLS,242,1,1,1.00283298110343,1.00691121382943
load_25_to_75,O1 Proposed,E1 RLS,243,1,1,1.00310059037162,1.00691121382943
load_25_to_75,O1 Proposed,E1 RLS,244,1,1,1.00310059037162,1.00608525289985
load_25_to_75,O1 Proposed,E1 RLS,245,1,1,1.0027483420279,1.00608525289985
load_25_to_75,O1 Proposed,E1 RLS,246,1,1,1.0027483420279,1.00520247026844
load_25_to_75,O1 Proposed,E1 RLS,247,1,1,1.00229801612003,1.00520247026844
load_25_to_75,O1 Proposed,E1 RLS,248,1,1,1.00229801612003,1.00440708927421
load_25_to_75,O1 Proposed,E1 RLS,249,1,1,1.00234314065154,1.00440708927421
load_25_to_75,O1 Proposed,E1 RLS,250,1,1,1.00234314065154,1.00347655692212
load_25_to_75,O1 Proposed,E1 RLS,251,1,1,1.00317952740699,1.00347655692212
load_25_to_75,O1 Proposed,E1 RLS,252,1,1,1.00317952740699,1.00341715913783
load_25_to_75,O1 Proposed,E1 RLS,253,1,1,1.0028308462026,1.00341715913783
load_25_to_75,O1 Proposed,E1 RLS,254,1,1,1.0028308462026,1.00328815990145
load_25_to_75,O1 Proposed,E1 RLS,255,1,1,1.00235702540616,1.00328815990145
load_25_to_75,O1 Proposed,E1 RLS,256,1,1,1.00235702540616,1.00346466991056
load_25_to_75,O1 Proposed,E1 RLS,257,1,1,1.00292391771118,1.00346466991056
load_25_to_75,O1 Proposed,E1 RLS,258,1,1,1.00292391771118,1.00369836516879
load_25_to_75,O1 Proposed,E1 RLS,259,1,1,1.00247118889535,1.00369836516879
load_25_to_75,O1 Proposed,E1 RLS,260,1,1,1.00247118889535,1.00376791717414
load_25_to_75,O1 Proposed,E1 RLS,261,1,1,1.0010510140427,1.00376791717414
load_25_to_75,O1 Proposed,E1 RLS,262,1,1,1.0010510140427,1.00409557945057
load_25_to_75,O1 Proposed,E1 RLS,263,1,1,0.999657814867297,1.00409557945057
load_25_to_75,O1 Proposed,E1 RLS,264,1,1,0.999657814867297,1.00485124956759
load_25_to_75,O1 Proposed,E1 RLS,265,1,1,1.00083051971854,1.00485124956759
load_25_to_75,O1 Proposed,E1 RLS,266,1,1,1.00083051971854,1.00592952988877
load_25_to_75,O1 Proposed,E1 RLS,267,1,1,1.0002949609924,1.00592952988877
load_25_to_75,O1 Proposed,E1 RLS,268,1,1,1.0002949609924,1.00653914232677
load_25_to_75,O1 Proposed,E1 RLS,269,1,1,1.00033965839436,1.00653914232677
load_25_to_75,O1 Proposed,E1 RLS,270,1,1,1.00033965839436,1.00744264732523
load_25_to_75,O1 Proposed,E1 RLS,271,1,1,1.0005793996558,1.00744264732523
load_25_to_75,O1 Proposed,E1 RLS,272,1,1,1.0005793996558,1.00739927419264
load_25_to_75,O1 Proposed,E1 RLS,273,1,1,1.0010185200716,1.00739927419264
load_25_to_75,O1 Proposed,E1 RLS,274,1,1,1.0010185200716,1.00755284862812
load_25_to_75,O1 Proposed,E1 RLS,275,1,1,1.00197380969405,1.00755284862812
load_25_to_75,O1 Proposed,E1 RLS,276,1,1,1.00197380969405,1.0070775706938
load_25_to_75,O1 Proposed,E1 RLS,277,1,1,1.00151108978819,1.0070775706938
load_25_to_75,O1 Proposed,E1 RLS,278,1,1,1.00151108978819,1.00702704708233
load_25_to_75,O1 Proposed,E1 RLS,279,1,1,1.00188035262152,1.00702704708233
load_25_to_75,O1 Proposed,E1 RLS,280,1,1,1.00188035262152,1.00653675405171
load_25_to_75,O1 Proposed,E1 RLS,281,1,1,1.00215673308212,1.00653675405171
load_25_to_75,O1 Proposed,E1 RLS,282,1,1,1.00215673308212,1.00624122238704
load_25_to_75,O1 Proposed,E1 RLS,283,1,1,1.00142959018895,1.00624122238704
load_25_to_75,O1 Proposed,E1 RLS,284,1,1,1.00142959018895,1.00567089943312
load_25_to_75,O1 Proposed,E1 RLS,285,1,1,1.00090213358031,1.00567089943312
load_25_to_75,O1 Proposed,E1 RLS,286,1,1,1.00090213358031,1.00520638273975
load_25_to_75,O1 Proposed,E1 RLS,287,1,1,1.00147617963251,1.00520638273975
load_25_to_75,O1 Proposed,E1 RLS,288,1,1,1.00147617963251,1.00468066633121
load_25_to_75,O1 Proposed,E1 RLS,289,1,1,1.00089130391739,1.00468066633121
load_25_to_75,O1 Proposed,E1 RLS,290,1,1,1.00089130391739,1.00439893471879
load_25_to_75,O1 Proposed,E1 RLS,291,1,1,1.001041029091,1.00439893471879
load_25_to_75,O1 Proposed,E1 RLS,292,1,1,1.001041029091,1.00488641515262
load_25_to_75,O1 Proposed,E1 RLS,293,1,1,1.00199783888247,1.00488641515262
load_25_to_75,O1 Proposed,E1 RLS,294,1,1,1.00199783888247,1.00499519868328
load_25_to_75,O1 Proposed,E1 RLS,295,1,1,1.00164702181713,1.00499519868328
load_25_to_75,O1 Proposed,E1 RLS,296,1,1,1.00164702181713,1.00506475469069
load_25_to_75,O1 Proposed,E1 RLS,297,1,1,1.00243743722007,1.00506475469069
load_25_to_75,O1 Proposed,E1 RLS,298,1,1,1.00243743722007,1.00548040143178
load_25_to_75,O1 Proposed,E1 RLS,299,1,1,1.00331121334466,1.00548040143178
load_25_to_75,O1 Proposed,E1 RLS,300,1,1,1.00331121334466,1.00660617449062
load_25_to_75,O1 Proposed,E1 RLS,301,1,1,1.00310681466973,1.00660617449062
load_25_to_75,O1 Proposed,E1 RLS,302,1,1,1.00310681466973,1.00740959906277
load_25_to_75,O1 Proposed,E1 RLS,303,1,1,1.00301284234405,1.00740959906277
load_25_to_75,O1 Proposed,E1 RLS,304,1,1,1.00301284234405,1.00775103899187
load_25_to_75,O1 Proposed,E1 RLS,305,1,1,1.00244243561718,1.00775103899187
load_25_to_75,O1 Proposed,E1 RLS,306,1,1,1.00244243561718,1.00773349052286
load_25_to_75,O1 Proposed,E1 RLS,307,1,1,1.00268836307618,1.00773349052286
load_25_to_75,O1 Proposed,E1 RLS,308,1,1,1.00268836307618,1.00758422970575
load_25_to_75,O1 Proposed,E1 RLS,309,1,1,1.00283550420654,1.00758422970575
load_25_to_75,O1 Proposed,E1 RLS,310,1,1,1.00283550420654,1.00805212477999
load_25_to_75,O1 Proposed,E1 RLS,311,1,1,1.00227654496115,1.00805212477999
load_25_to_75,O1 Proposed,E1 RLS,312,1,1,1.00227654496115,1.00794344453194
load_25_to_75,O1 Proposed,E1 RLS,313,1,1,1.00164205949805,1.00794344453194
load_25_to_75,O1 Proposed,E1 RLS,314,1,1,1.00164205949805,1.00742983891839
load_25_to_75,O1 Proposed,E1 RLS,315,1,1,1.00203733342482,1.00742983891839
load_25_to_75,O1 Proposed,E1 RLS,316,1,1,1.00203733342482,1.00673597365324
load_25_to_75,O1 Proposed,E1 RLS,317,1,1,1.00256948672479,1.00673597365324
load_25_to_75,O1 Proposed,E1 RLS,318,1,1,1.00256948672479,1.00619417154948
load_25_to_75,O1 Proposed,E1 RLS,319,1,1,1.00235867605273,1.00619417154948
load_25_to_75,O1 Proposed,E1 RLS,320,1,1,1.00235867605273,1.0059406686755
load_25_to_75,O1 Proposed,E1 RLS,321,1,1,1.00199796727629,1.0059406686755
load_25_to_75,O1 Proposed,E1 RLS,322,1,1,1.00199796727629,1.00555335441373
load_25_to_75,O1 Proposed,E1 RLS,323,1,1,1.00237148527406,1.00555335441373
load_25_to_75,O1 Proposed,E1 RLS,324,1,1,1.00237148527406,1.0048453053721
load_25_to_75,O1 Proposed,E1 RLS,325,1,1,1.00235269791299,1.0048453053721
load_25_to_75,O1 Proposed,E1 RLS,326,1,1,1.00235269791299,1.00476485514209
load_25_to_75,O1 Proposed,E1 RLS,327,1,1,1.00208969695962,1.00476485514209
load_25_to_75,O1 Proposed,E1 RLS,328,1,1,1.00208969695962,1.0049092610257
load_25_to_75,O1 Proposed,E1 RLS,329,1,1,1.00182715738654,1.0049092610257
load_25_to_75,O1 Proposed,E1 RLS,330,1,1,1.00182715738654,1.00518585257281
load_25_to_75,O1 Proposed,E1 RLS,331,1,1,1.0014885394562,1.00518585257281
load_25_to_75,O1 Proposed,E1 RLS,332,1,1,1.0014885394562,1.00570784593534
load_25_to_75,O1 Proposed,E1 RLS,333,1,1,1.00121760613285,1.00570784593534
load_25_to_75,O1 Proposed,E1 RLS,334,1,1,1.00121760613285,1.0065010209673
load_25_to_75,O1 Proposed,E1 RLS,335,1,1,1.0016119322366,1.0065010209673
load_25_to_75,O1 Proposed,E1 RLS,336,1,1,1.0016119322366,1.00662471678248
load_25_to_75,O1 Proposed,E1 RLS,337,1,1,1.00159448542634,1.00662471678248
load_25_to_75,O1 Proposed,E1 RLS,338,1,1,1.00159448542634,1.0072685181753
load_25_to_75,O1 Proposed,E1 RLS,339,1,1,1.00294379687622,1.0072685181753
load_25_to_75,O1 Proposed,E1 RLS,340,1,1,1.00294379687622,1.00835624561945
load_25_to_75,O1 Proposed,E1 RLS,341,1,1,1.0039502943267,1.00835624561945
load_25_to_75,O1 Proposed,E1 RLS,342,1,1,1.0039502943267,1.00829588696978
load_25_to_75,O1 Proposed,E1 RLS,343,1,1,1.00402131550798,1.00829588696978
load_25_to_75,O1 Proposed,E1 RLS,344,1,1,1.00402131550798,1.00795206641362
load_25_to_75,O1 Proposed,E1 RLS,345,1,1,1.00404910255545,1.00795206641362
load_25_to_75,O1 Proposed,E1 RLS,346,1,1,1.00404910255545,1.00858113551235
load_25_to_75,O1 Proposed,E1 RLS,347,1,1,1.00377614328854,1.00858113551235
load_25_to_75,O1 Proposed,E1 RLS,348,1,1,1.00377614328854,1.00849233656895
load_25_to_75,O1 Proposed,E1 RLS,349,1,1,1.00421527662059,1.00849233656895
load_25_to_75,O1 Proposed,E1 RLS,350,1,1,1.00421527662059,1.00809847586772
load_25_to_75,O1 Proposed,E1 RLS,351,1,1,1.00456163637315,1.00809847586772
load_25_to_75,O1 Proposed,E1 RLS,352,1,1,1.00456163637315,1.00739888902309
load_25_to_75,O1 Proposed,E1 RLS,353,1,1,1.00471058477658,1.00739888902309
load_25_to_75,O1 Proposed,E1 RLS,354,1,1,1.00471058477658,1.00667888752559
load_25_to_75,O1 Proposed,E1 RLS,355,1,1,1.00530314377074,1.00667888752559
load_25_to_75,O1 Proposed,E1 RLS,356,1,1,1.00530314377074,1.00620901340083
load_25_to_75,O1 Proposed,E1 RLS,357,1,1,1.00547752825541,1.00620901340083
load_25_to_75,O1 Proposed,E1 RLS,358,1,1,1.00547752825541,1.00575788010323
load_25_to_75,O1 Proposed,E1 RLS,359,1,1,1.00502653716273,1.00575788010323
load_25_to_75,O1 Proposed,E1 RLS,360,1,1,1.00502653716273,1.00502797496028
load_25_to_75,O1 Proposed,E1 RLS,361,1,1,1.00527571996219,1.00502797496028
load_25_to_75,O1 Proposed,E1 RLS,362,1,1,1.00527571996219,1.00495098890284
load_25_to_75,O1 Proposed,E1 RLS,363,1,1,1.00495392617064,1.00495098890284
load_25_to_75,O1 Proposed,E1 RLS,364,1,1,1.00495392617064,1.00468968768157
load_25_to_75,O1 Proposed,E1 RLS,365,1,1,1.00510689613433,1.00468968768157
load_25_to_75,O1 Proposed,E1 RLS,366,1,1,1.00510689613433,1.00423968993351
load_25_to_75,O1 Proposed,E1 RLS,367,1,1,1.00367748097215,1.00423968993351
load_25_to_75,O1 Proposed,E1 RLS,368,1,1,1.00367748097215,1.00405293743393
load_25_to_75,O1 Proposed,E1 RLS,369,1,1,1.00336267401938,1.00405293743393
load_25_to_75,O1 Proposed,E1 RLS,370,1,1,1.00336267401938,1.0044540009705
load_25_to_75,O1 Proposed,E1 RLS,371,1,1,1.00333148027312,1.0044540009705
load_25_to_75,O1 Proposed,E1 RLS,372,1,1,1.00333148027312,1.00460198474889
load_25_to_75,O1 Proposed,E1 RLS,373,1,1,1.00397201815915,1.00460198474889
load_25_to_75,O1 Proposed,E1 RLS,374,1,1,1.00397201815915,1.00478148123711
load_25_to_75,O1 Proposed,E1 RLS,375,1,1,1.00376062346687,1.00478148123711
load_25_to_75,O1 Proposed,E1 RLS,376,1,1,1.00376062346687,1.00546916967131
load_25_to_75,O1 Proposed,E1 RLS,377,1,1,1.00430192965277,1.00546916967131
load_25_to_75,O1 Proposed,E1 RLS,378,1,1,1.00430192965277,1.00618992342843
load_25_to_75,O1 Proposed,E1 RLS,379,1,1,1.00445122926584,1.00618992342843
load_25_to_75,O1 Proposed,E1 RLS,380,1,1,1.00445122926584,1.00640836156632
load_25_to_75,O1 Proposed,E1 RLS,381,1,1,1.00417664111059,1.00640836156632
load_25_to_75,O1 Proposed,E1 RLS,382,1,1,1.00417664111059,1.00613873385986
load_25_to_75,O1 Proposed,E1 RLS,383,1,1,1.00382559243909,1.00613873385986
load_25_to_75,O1 Proposed,E1 RLS,384,1,1,1.00382559243909,1.00591767102662
load_25_to_75,O1 Proposed,E2 Dual EKF,1,1,1,1.15,1.07210592920823
load_25_to_75,O1 Proposed,E2 Dual EKF,2,1,1,1.15,1.07210592920823
load_25_to_75,O1 Proposed,E2 Dual EKF,3,1,1,0.984131730466809,1.07210592920823
load_25_to_75,O1 Proposed,E2 Dual EKF,4,1,1,0.984131730466809,1.09261030592628
load_25_to_75,O1 Proposed,E2 Dual EKF,5,1,1,0.967937107883227,1.09261030592628
load_25_to_75,O1 Proposed,E2 Dual EKF,6,1,1,0.967937107883227,1.09644228269085
load_25_to_75,O1 Proposed,E2 Dual EKF,7,1,1,0.929907291498469,1.09644228269085
load_25_to_75,O1 Proposed,E2 Dual EKF,8,1,1,0.929907291498469,1.07821187036077
load_25_to_75,O1 Proposed,E2 Dual EKF,9,1,1,0.942781140207486,1.07821187036077
load_25_to_75,O1 Proposed,E2 Dual EKF,10,1,1,0.942781140207486,1.07573459088216
load_25_to_75,O1 Proposed,E2 Dual EKF,11,1,1,0.939126810433357,1.07573459088216
load_25_to_75,O1 Proposed,E2 Dual EKF,12,1,1,0.939126810433357,1.08209164024791
load_25_to_75,O1 Proposed,E2 Dual EKF,13,1,1,0.935628196266515,1.08209164024791
load_25_to_75,O1 Proposed,E2 Dual EKF,14,1,1,0.935628196266515,1.07284101829033
load_25_to_75,O1 Proposed,E2 Dual EKF,15,1,1,0.931124089703591,1.07284101829033
load_25_to_75,O1 Proposed,E2 Dual EKF,16,1,1,0.931124089703591,1.05693923738935
load_25_to_75,O1 Proposed,E2 Dual EKF,17,1,1,0.935797470692626,1.05693923738935
load_25_to_75,O1 Proposed,E2 Dual EKF,18,1,1,0.935797470692626,1.05105479766731
load_25_to_75,O1 Proposed,E2 Dual EKF,19,1,1,0.938467345287676,1.05105479766731
load_25_to_75,O1 Proposed,E2 Dual EKF,20,1,1,0.938467345287676,1.03732659620647
load_25_to_75,O1 Proposed,E2 Dual EKF,21,1,1,0.939494520418152,1.03732659620647
load_25_to_75,O1 Proposed,E2 Dual EKF,22,1,1,0.939494520418152,1.03124118439869
load_25_to_75,O1 Proposed,E2 Dual EKF,23,1,1,0.939291665668157,1.03124118439869
load_25_to_75,O1 Proposed,E2 Dual EKF,24,1,1,0.939291665668157,1.00724303022142
load_25_to_75,O1 Proposed,E2 Dual EKF,25,1,1,0.942707057742742,1.00724303022142
load_25_to_75,O1 Proposed,E2 Dual EKF,26,1,1,0.942707057742742,1.00311909618335
load_25_to_75,O1 Proposed,E2 Dual EKF,27,1,1,0.94752476866196,1.00311909618335
load_25_to_75,O1 Proposed,E2 Dual EKF,28,1,1,0.94752476866196,0.996207432665901
load_25_to_75,O1 Proposed,E2 Dual EKF,29,1,1,0.944425092196212,0.996207432665901
load_25_to_75,O1 Proposed,E2 Dual EKF,30,1,1,0.944425092196212,0.985888445798247
load_25_to_75,O1 Proposed,E2 Dual EKF,31,1,1,0.943496220591027,0.985888445798247
load_25_to_75,O1 Proposed,E2 Dual EKF,32,1,1,0.943496220591027,0.986141374022802
load_25_to_75,O1 Proposed,E2 Dual EKF,33,1,1,0.949987001326216,0.986141374022802
load_25_to_75,O1 Proposed,E2 Dual EKF,34,1,1,0.949987001326216,0.992030837737083
load_25_to_75,O1 Proposed,E2 Dual EKF,35,1,1,0.950028911252601,0.992030837737083
load_25_to_75,O1 Proposed,E2 Dual EKF,36,1,1,0.950028911252601,1.00363952477718
load_25_to_75,O1 Proposed,E2 Dual EKF,37,1,1,0.948414521132645,1.00363952477718
load_25_to_75,O1 Proposed,E2 Dual EKF,38,1,1,0.948414521132645,1.01336362257057
load_25_to_75,O1 Proposed,E2 Dual EKF,39,1,1,0.952447032889492,1.01336362257057
load_25_to_75,O1 Proposed,E2 Dual EKF,40,1,1,0.952447032889492,1.02042135897712
load_25_to_75,O1 Proposed,E2 Dual EKF,41,1,1,0.95496787116185,1.02042135897712
load_25_to_75,O1 Proposed,E2 Dual EKF,42,1,1,0.95496787116185,1.02096214946449
load_25_to_75,O1 Proposed,E2 Dual EKF,43,1,1,0.958623007465034,1.02096214946449
load_25_to_75,O1 Proposed,E2 Dual EKF,44,1,1,0.958623007465034,1.04123283800668
load_25_to_75,O1 Proposed,E2 Dual EKF,45,1,1,0.959592177505353,1.04123283800668
load_25_to_75,O1 Proposed,E2 Dual EKF,46,1,1,0.959592177505353,1.04308117308804
load_25_to_75,O1 Proposed,E2 Dual EKF,47,1,1,0.965203728431755,1.04308117308804
load_25_to_75,O1 Proposed,E2 Dual EKF,48,1,1,0.965203728431755,1.04410178728297
load_25_to_75,O1 Proposed,E2 Dual EKF,49,1,1,0.972065725074679,1.04410178728297
load_25_to_75,O1 Proposed,E2 Dual EKF,50,1,1,0.972065725074679,1.04821085551827
load_25_to_75,O1 Proposed,E2 Dual EKF,51,1,1,0.975536866235805,1.04821085551827
load_25_to_75,O1 Proposed,E2 Dual EKF,52,1,1,0.975536866235805,1.04519425976374
load_25_to_75,O1 Proposed,E2 Dual EKF,53,1,1,0.977368391081038,1.04519425976374
load_25_to_75,O1 Proposed,E2 Dual EKF,54,1,1,0.977368391081038,1.03664400566816
load_25_to_75,O1 Proposed,E2 Dual EKF,55,1,1,0.97952013871057,1.03664400566816
load_25_to_75,O1 Proposed,E2 Dual EKF,56,1,1,0.97952013871057,1.0310181377403
load_25_to_75,O1 Proposed,E2 Dual EKF,57,1,1,0.977540571653829,1.0310181377403
load_25_to_75,O1 Proposed,E2 Dual EKF,58,1,1,0.977540571653829,1.02401132545042
load_25_to_75,O1 Proposed,E2 Dual EKF,59,1,1,0.979741702879417,1.02401132545042
load_25_to_75,O1 Proposed,E2 Dual EKF,60,1,1,0.979741702879417,1.01288258698779
load_25_to_75,O1 Proposed,E2 Dual EKF,61,1,1,0.979440720633155,1.01288258698779
load_25_to_75,O1 Proposed,E2 Dual EKF,62,1,1,0.979440720633155,1.00487997166707
load_25_to_75,O1 Proposed,E2 Dual EKF,63,1,1,0.977318268815917,1.00487997166707
load_25_to_75,O1 Proposed,E2 Dual EKF,64,1,1,0.977318268815917,1.00062126430885
load_25_to_75,O1 Proposed,E2 Dual EKF,65,1,1,0.976976905036084,1.00062126430885
load_25_to_75,O1 Proposed,E2 Dual EKF,66,1,1,0.976976905036084,0.989305454999805
load_25_to_75,O1 Proposed,E2 Dual EKF,67,1,1,0.975302184854579,0.989305454999805
load_25_to_75,O1 Proposed,E2 Dual EKF,68,1,1,0.975302184854579,0.987351770625092
load_25_to_75,O1 Proposed,E2 Dual EKF,69,1,1,0.978284785067246,0.987351770625092
load_25_to_75,O1 Proposed,E2 Dual EKF,70,1,1,0.978284785067246,0.987958283946252
load_25_to_75,O1 Proposed,E2 Dual EKF,71,1,1,0.980763272052213,0.987958283946252
load_25_to_75,O1 Proposed,E2 Dual EKF,72,1,1,0.980763272052213,0.992692169054672
load_25_to_75,O1 Proposed,E2 Dual EKF,73,1,1,0.980641034030128,0.992692169054672
load_25_to_75,O1 Proposed,E2 Dual EKF,74,1,1,0.980641034030128,1.001220734643
load_25_to_75,O1 Proposed,E2 Dual EKF,75,1,1,0.980815369645218,1.001220734643
load_25_to_75,O1 Proposed,E2 Dual EKF,76,1,1,0.980815369645218,1.00368559636507
load_25_to_75,O1 Proposed,E2 Dual EKF,77,1,1,0.982868639027668,1.00368559636507
load_25_to_75,O1 Proposed,E2 Dual EKF,78,1,1,0.982868639027668,1.00734535756942
load_25_to_75,O1 Proposed,E2 Dual EKF,79,1,1,0.981153204693548,1.00734535756942
load_25_to_75,O1 Proposed,E2 Dual EKF,80,1,1,0.981153204693548,1.01232380961391
load_25_to_75,O1 Proposed,E2 Dual EKF,81,1,1,0.980914875077866,1.01232380961391
load_25_to_75,O1 Proposed,E2 Dual EKF,82,1,1,0.980914875077866,1.02518483262404
load_25_to_75,O1 Proposed,E2 Dual EKF,83,1,1,0.984449637048932,1.02518483262404
load_25_to_75,O1 Proposed,E2 Dual EKF,84,1,1,0.984449637048932,1.02613544163317
load_25_to_75,O1 Proposed,E2 Dual EKF,85,1,1,0.98652867794128,1.02613544163317
load_25_to_75,O1 Proposed,E2 Dual EKF,86,1,1,0.98652867794128,1.03192852494109
load_25_to_75,O1 Proposed,E2 Dual EKF,87,1,1,0.988580989508582,1.03192852494109
load_25_to_75,O1 Proposed,E2 Dual EKF,88,1,1,0.988580989508582,1.03448608697079
load_25_to_75,O1 Proposed,E2 Dual EKF,89,1,1,0.989548491147899,1.03448608697079
load_25_to_75,O1 Proposed,E2 Dual EKF,90,1,1,0.989548491147899,1.0310624785142
load_25_to_75,O1 Proposed,E2 Dual EKF,91,1,1,0.991148342276532,1.0310624785142
load_25_to_75,O1 Proposed,E2 Dual EKF,92,1,1,0.991148342276532,1.02524537857414
load_25_to_75,O1 Proposed,E2 Dual EKF,93,1,1,0.992373297895568,1.02524537857414
load_25_to_75,O1 Proposed,E2 Dual EKF,94,1,1,0.992373297895568,1.02116780800555
load_25_to_75,O1 Proposed,E2 Dual EKF,95,1,1,0.993573742875018,1.02116780800555
load_25_to_75,O1 Proposed,E2 Dual EKF,96,1,1,0.993573742875018,1.00276748283979
load_25_to_75,O1 Proposed,E2 Dual EKF,97,1,1,0.99331950701426,1.00276748283979
load_25_to_75,O1 Proposed,E2 Dual EKF,98,1,1,0.99331950701426,0.999431064779098
load_25_to_75,O1 Proposed,E2 Dual EKF,99,1,1,0.992056422619267,0.999431064779098
load_25_to_75,O1 Proposed,E2 Dual EKF,100,1,1,0.992056422619267,0.998280253000205
load_25_to_75,O1 Proposed,E2 Dual EKF,101,1,1,0.990776081842437,0.998280253000205
load_25_to_75,O1 Proposed,E2 Dual EKF,102,1,1,0.990776081842437,0.99305578056627
load_25_to_75,O1 Proposed,E2 Dual EKF,103,1,1,0.99024677831755,0.99305578056627
load_25_to_75,O1 Proposed,E2 Dual EKF,104,1,1,0.99024677831755,0.986510390657936
load_25_to_75,O1 Proposed,E2 Dual EKF,105,1,1,0.990823825832906,0.986510390657936
load_25_to_75,O1 Proposed,E2 Dual EKF,106,1,1,0.990823825832906,0.983632200313201
load_25_to_75,O1 Proposed,E2 Dual EKF,107,1,1,0.990057912805954,0.983632200313201
load_25_to_75,O1 Proposed,E2 Dual EKF,108,1,1,0.990057912805954,0.989723134034474
load_25_to_75,O1 Proposed,E2 Dual EKF,109,1,1,0.9927726932334,0.989723134034474
load_25_to_75,O1 Proposed,E2 Dual EKF,110,1,1,0.9927726932334,1.00086262458579
load_25_to_75,O1 Proposed,E2 Dual EKF,111,1,1,0.992498905004082,1.00086262458579
load_25_to_75,O1 Proposed,E2 Dual EKF,112,1,1,0.992498905004082,1.00474553115721
load_25_to_75,O1 Proposed,E2 Dual EKF,113,1,1,0.993358411846618,1.00474553115721
load_25_to_75,O1 Proposed,E2 Dual EKF,114,1,1,0.993358411846618,1.01808315167728
load_25_to_75,O1 Proposed,E2 Dual EKF,115,1,1,0.990455837923153,1.01808315167728
load_25_to_75,O1 Proposed,E2 Dual EKF,116,1,1,0.990455837923153,1.02001377624193
load_25_to_75,O1 Proposed,E2 Dual EKF,117,1,1,0.989132434638413,1.02001377624193
load_25_to_75,O1 Proposed,E2 Dual EKF,118,1,1,0.989132434638413,1.02812961028158
load_25_to_75,O1 Proposed,E2 Dual EKF,119,1,1,0.989227887163552,1.02812961028158
load_25_to_75,O1 Proposed,E2 Dual EKF,120,1,1,0.989227887163552,1.03165194243868
load_25_to_75,O1 Proposed,E2 Dual EKF,121,1,1,0.989357125796656,1.03165194243868
load_25_to_75,O1 Proposed,E2 Dual EKF,122,1,1,0.989357125796656,1.0293131678639
load_25_to_75,O1 Proposed,E2 Dual EKF,123,1,1,0.989787118921483,1.0293131678639
load_25_to_75,O1 Proposed,E2 Dual EKF,124,1,1,0.989787118921483,1.0330304774609
load_25_to_75,O1 Proposed,E2 Dual EKF,125,1,1,0.990219143741222,1.0330304774609
load_25_to_75,O1 Proposed,E2 Dual EKF,126,1,1,0.990219143741222,1.03650523772114
load_25_to_75,O1 Proposed,E2 Dual EKF,127,1,1,0.988868047768184,1.03650523772114
load_25_to_75,O1 Proposed,E2 Dual EKF,128,1,1,0.988868047768184,1.02495278759088
load_25_to_75,O1 Proposed,E2 Dual EKF,129,1,1,0.987686765606544,1.02495278759088
load_25_to_75,O1 Proposed,E2 Dual EKF,130,1,1,0.987686765606544,0.997013856081678
load_25_to_75,O1 Proposed,E2 Dual EKF,131,1,1,0.985600687116244,0.997013856081678
load_25_to_75,O1 Proposed,E2 Dual EKF,132,1,1,0.985600687116244,0.978675815075552
load_25_to_75,O1 Proposed,E2 Dual EKF,133,1,1,0.988483966758113,0.978675815075552
load_25_to_75,O1 Proposed,E2 Dual EKF,134,1,1,0.988483966758113,0.967130876683689
load_25_to_75,O1 Proposed,E2 Dual EKF,135,1,1,0.988986618589046,0.967130876683689
load_25_to_75,O1 Proposed,E2 Dual EKF,136,1,1,0.988986618589046,0.962771901721724
load_25_to_75,O1 Proposed,E2 Dual EKF,137,1,1,0.989002146966205,0.962771901721724
load_25_to_75,O1 Proposed,E2 Dual EKF,138,1,1,0.989002146966205,0.960896973187855
load_25_to_75,O1 Proposed,E2 Dual EKF,139,1,1,0.987155841404265,0.960896973187855
load_25_to_75,O1 Proposed,E2 Dual EKF,140,1,1,0.987155841404265,0.963658111868536
load_25_to_75,O1 Proposed,E2 Dual EKF,141,1,1,0.986547830971721,0.963658111868536
load_25_to_75,O1 Proposed,E2 Dual EKF,142,1,1,0.986547830971721,0.97005400453236
load_25_to_75,O1 Proposed,E2 Dual EKF,143,1,1,0.987138905220395,0.97005400453236
load_25_to_75,O1 Proposed,E2 Dual EKF,144,1,1,0.987138905220395,0.974851030226179
load_25_to_75,O1 Proposed,E2 Dual EKF,145,1,1,0.986673042940105,0.974851030226179
load_25_to_75,O1 Proposed,E2 Dual EKF,146,1,1,0.986673042940105,0.983419648692411
load_25_to_75,O1 Proposed,E2 Dual EKF,147,1,1,0.987943846865167,0.983419648692411
load_25_to_75,O1 Proposed,E2 Dual EKF,148,1,1,0.987943846865167,0.992623002816287
load_25_to_75,O1 Proposed,E2 Dual EKF,149,1,1,0.986939825883168,0.992623002816287
load_25_to_75,O1 Proposed,E2 Dual EKF,150,1,1,0.986939825883168,0.999515865871001
load_25_to_75,O1 Proposed,E2 Dual EKF,151,1,1,0.988999749333484,0.999515865871001
load_25_to_75,O1 Proposed,E2 Dual EKF,152,1,1,0.988999749333484,1.00592872506773
load_25_to_75,O1 Proposed,E2 Dual EKF,153,1,1,0.988629797229566,1.00592872506773
load_25_to_75,O1 Proposed,E2 Dual EKF,154,1,1,0.988629797229566,1.0147661770948
load_25_to_75,O1 Proposed,E2 Dual EKF,155,1,1,0.992993724891908,1.0147661770948
load_25_to_75,O1 Proposed,E2 Dual EKF,156,1,1,0.992993724891908,1.02119405592133
load_25_to_75,O1 Proposed,E2 Dual EKF,157,1,1,0.996554198980259,1.02119405592133
load_25_to_75,O1 Proposed,E2 Dual EKF,158,1,1,0.996554198980259,1.02300321013415
load_25_to_75,O1 Proposed,E2 Dual EKF,159,1,1,0.996375791326596,1.02300321013415
load_25_to_75,O1 Proposed,E2 Dual EKF,160,1,1,0.996375791326596,1.01984796125127
load_25_to_75,O1 Proposed,E2 Dual EKF,161,1,1,0.996666300941832,1.01984796125127
load_25_to_75,O1 Proposed,E2 Dual EKF,162,1,1,0.996666300941832,1.01255723373708
load_25_to_75,O1 Proposed,E2 Dual EKF,163,1,1,0.996197266894222,1.01255723373708
load_25_to_75,O1 Proposed,E2 Dual EKF,164,1,1,0.996197266894222,1.00842599729378
load_25_to_75,O1 Proposed,E2 Dual EKF,165,1,1,0.995693553901356,1.00842599729378
load_25_to_75,O1 Proposed,E2 Dual EKF,166,1,1,0.995693553901356,1.00450867955405
load_25_to_75,O1 Proposed,E2 Dual EKF,167,1,1,0.994978208896414,1.00450867955405
load_25_to_75,O1 Proposed,E2 Dual EKF,168,1,1,0.994978208896414,1.00487342774168
load_25_to_75,O1 Proposed,E2 Dual EKF,169,1,1,0.995581163233318,1.00487342774168
load_25_to_75,O1 Proposed,E2 Dual EKF,170,1,1,0.995581163233318,1.00001953795754
load_25_to_75,O1 Proposed,E2 Dual EKF,171,1,1,0.996492678022409,1.00001953795754
load_25_to_75,O1 Proposed,E2 Dual EKF,172,1,1,0.996492678022409,0.997058468934357
load_25_to_75,O1 Proposed,E2 Dual EKF,173,1,1,0.997937676790728,0.997058468934357
load_25_to_75,O1 Proposed,E2 Dual EKF,174,1,1,0.997937676790728,0.98782956275894
load_25_to_75,O1 Proposed,E2 Dual EKF,175,1,1,0.997445690086595,0.98782956275894
load_25_to_75,O1 Proposed,E2 Dual EKF,176,1,1,0.997445690086595,0.979642901286502
load_25_to_75,O1 Proposed,E2 Dual EKF,177,1,1,0.99790315240336,0.979642901286502
load_25_to_75,O1 Proposed,E2 Dual EKF,178,1,1,0.99790315240336,0.978970622572482
load_25_to_75,O1 Proposed,E2 Dual EKF,179,1,1,0.997729345430668,0.978970622572482
load_25_to_75,O1 Proposed,E2 Dual EKF,180,1,1,0.997729345430668,0.986047003165199
load_25_to_75,O1 Proposed,E2 Dual EKF,181,1,1,0.996988950106726,0.986047003165199
load_25_to_75,O1 Proposed,E2 Dual EKF,182,1,1,0.996988950106726,0.985045838921964
load_25_to_75,O1 Proposed,E2 Dual EKF,183,1,1,0.995465826548501,0.985045838921964
load_25_to_75,O1 Proposed,E2 Dual EKF,184,1,1,0.995465826548501,0.991400436659224
load_25_to_75,O1 Proposed,E2 Dual EKF,185,1,1,0.995725760376131,0.991400436659224
load_25_to_75,O1 Proposed,E2 Dual EKF,186,1,1,0.995725760376131,1.00090571754508
load_25_to_75,O1 Proposed,E2 Dual EKF,187,1,1,0.994713927398134,1.00090571754508
load_25_to_75,O1 Proposed,E2 Dual EKF,188,1,1,0.994713927398134,1.01126584778786
load_25_to_75,O1 Proposed,E2 Dual EKF,189,1,1,0.994105333203486,1.01126584778786
load_25_to_75,O1 Proposed,E2 Dual EKF,190,1,1,0.994105333203486,1.02226949827232
load_25_to_75,O1 Proposed,E2 Dual EKF,191,1,1,0.995124672884555,1.02226949827232
load_25_to_75,O1 Proposed,E2 Dual EKF,192,1,1,0.995124672884555,1.02532287274666
load_25_to_75,O1 Proposed,E2 Dual EKF,193,1,1,0.995922957742318,1.02532287274666
load_25_to_75,O1 Proposed,E2 Dual EKF,194,1,1,0.995922957742318,1.02728677375969
load_25_to_75,O1 Proposed,E2 Dual EKF,195,1,1,0.996059614078322,1.02728677375969
load_25_to_75,O1 Proposed,E2 Dual EKF,196,1,1,0.996059614078322,1.0243441795521
load_25_to_75,O1 Proposed,E2 Dual EKF,197,1,1,0.99680583415973,1.0243441795521
load_25_to_75,O1 Proposed,E2 Dual EKF,198,1,1,0.99680583415973,1.01900048009811
load_25_to_75,O1 Proposed,E2 Dual EKF,199,1,1,0.997186811112936,1.01900048009811
load_25_to_75,O1 Proposed,E2 Dual EKF,200,1,1,0.997186811112936,1.01552400497663
load_25_to_75,O1 Proposed,E2 Dual EKF,201,1,1,0.996930151438447,1.01552400497663
load_25_to_75,O1 Proposed,E2 Dual EKF,202,1,1,0.996930151438447,1.01538941573882
load_25_to_75,O1 Proposed,E2 Dual EKF,203,1,1,0.997342578213004,1.01538941573882
load_25_to_75,O1 Proposed,E2 Dual EKF,204,1,1,0.997342578213004,1.01108694490075
load_25_to_75,O1 Proposed,E2 Dual EKF,205,1,1,0.997936794539299,1.01108694490075
load_25_to_75,O1 Proposed,E2 Dual EKF,206,1,1,0.997936794539299,1.00162173581015
load_25_to_75,O1 Proposed,E2 Dual EKF,207,1,1,0.998536137948461,1.00162173581015
load_25_to_75,O1 Proposed,E2 Dual EKF,208,1,1,0.998536137948461,0.997624788978069
load_25_to_75,O1 Proposed,E2 Dual EKF,209,1,1,0.99871532163929,0.997624788978069
load_25_to_75,O1 Proposed,E2 Dual EKF,210,1,1,0.99871532163929,0.993984627444942
load_25_to_75,O1 Proposed,E2 Dual EKF,211,1,1,0.998856172344647,0.993984627444942
load_25_to_75,O1 Proposed,E2 Dual EKF,212,1,1,0.998856172344647,0.994248566166261
load_25_to_75,O1 Proposed,E2 Dual EKF,213,1,1,0.997796253889964,0.994248566166261
load_25_to_75,O1 Proposed,E2 Dual EKF,214,1,1,0.997796253889964,0.99485926707813
load_25_to_75,O1 Proposed,E2 Dual EKF,215,1,1,0.997784738299452,0.99485926707813
load_25_to_75,O1 Proposed,E2 Dual EKF,216,1,1,0.997784738299452,0.995681920630616
load_25_to_75,O1 Proposed,E2 Dual EKF,217,1,1,0.997807415437885,0.995681920630616
load_25_to_75,O1 Proposed,E2 Dual EKF,218,1,1,0.997807415437885,0.999253432230875
load_25_to_75,O1 Proposed,E2 Dual EKF,219,1,1,0.99877545613806,0.999253432230875
load_25_to_75,O1 Proposed,E2 Dual EKF,220,1,1,0.99877545613806,1.0040154134236
load_25_to_75,O1 Proposed,E2 Dual EKF,221,1,1,0.99916914976151,1.0040154134236
load_25_to_75,O1 Proposed,E2 Dual EKF,222,1,1,0.99916914976151,1.00919482110988
load_25_to_75,O1 Proposed,E2 Dual EKF,223,1,1,0.9985997714526,1.00919482110988
load_25_to_75,O1 Proposed,E2 Dual EKF,224,1,1,0.9985997714526,1.01081702133547
load_25_to_75,O1 Proposed,E2 Dual EKF,225,1,1,0.998727751693205,1.01081702133547
load_25_to_75,O1 Proposed,E2 Dual EKF,226,1,1,0.998727751693205,1.00973190908216
load_25_to_75,O1 Proposed,E2 Dual EKF,227,1,1,1.00090654855778,1.00973190908216
load_25_to_75,O1 Proposed,E2 Dual EKF,228,1,1,1.00090654855778,1.01430959888068
load_25_to_75,O1 Proposed,E2 Dual EKF,229,1,1,1.00058963150865,1.01430959888068
load_25_to_75,O1 Proposed,E2 Dual EKF,230,1,1,1.00058963150865,1.01968207920881
load_25_to_75,O1 Proposed,E2 Dual EKF,231,1,1,1.00182830857342,1.01968207920881
load_25_to_75,O1 Proposed,E2 Dual EKF,232,1,1,1.00182830857342,1.02607018656619
load_25_to_75,O1 Proposed,E2 Dual EKF,233,1,1,1.00163737688498,1.02607018656619
load_25_to_75,O1 Proposed,E2 Dual EKF,234,1,1,1.00163737688498,1.02025521009887
load_25_to_75,O1 Proposed,E2 Dual EKF,235,1,1,1.00157342691263,1.02025521009887
load_25_to_75,O1 Proposed,E2 Dual EKF,236,1,1,1.00157342691263,1.02365342018103
load_25_to_75,O1 Proposed,E2 Dual EKF,237,1,1,1.00229391088294,1.02365342018103
load_25_to_75,O1 Proposed,E2 Dual EKF,238,1,1,1.00229391088294,1.02026258716929
load_25_to_75,O1 Proposed,E2 Dual EKF,239,1,1,1.00164830210154,1.02026258716929
load_25_to_75,O1 Proposed,E2 Dual EKF,240,1,1,1.00164830210154,1.01534404432033
load_25_to_75,O1 Proposed,E2 Dual EKF,241,1,1,1.00173448101754,1.01534404432033
load_25_to_75,O1 Proposed,E2 Dual EKF,242,1,1,1.00173448101754,1.01168677263361
load_25_to_75,O1 Proposed,E2 Dual EKF,243,1,1,1.00195785422785,1.01168677263361
load_25_to_75,O1 Proposed,E2 Dual EKF,244,1,1,1.00195785422785,1.00351117185097
load_25_to_75,O1 Proposed,E2 Dual EKF,245,1,1,1.00168024127591,1.00351117185097
load_25_to_75,O1 Proposed,E2 Dual EKF,246,1,1,1.00168024127591,0.995480164767263
load_25_to_75,O1 Proposed,E2 Dual EKF,247,1,1,1.00132394448958,0.995480164767263
load_25_to_75,O1 Proposed,E2 Dual EKF,248,1,1,1.00132394448958,0.988920752103226
load_25_to_75,O1 Proposed,E2 Dual EKF,249,1,1,1.00136437861949,0.988920752103226
load_25_to_75,O1 Proposed,E2 Dual EKF,250,1,1,1.00136437861949,0.981514731267472
load_25_to_75,O1 Proposed,E2 Dual EKF,251,1,1,1.00203498809936,0.981514731267472
load_25_to_75,O1 Proposed,E2 Dual EKF,252,1,1,1.00203498809936,0.983933762771372
load_25_to_75,O1 Proposed,E2 Dual EKF,253,1,1,1.00176576601266,0.983933762771372
load_25_to_75,O1 Proposed,E2 Dual EKF,254,1,1,1.00176576601266,0.98542079106409
load_25_to_75,O1 Proposed,E2 Dual EKF,255,1,1,1.00139982970523,0.98542079106409
load_25_to_75,O1 Proposed,E2 Dual EKF,256,1,1,1.00139982970523,0.990071079073571
load_25_to_75,O1 Proposed,E2 Dual EKF,257,1,1,1.00185766758991,0.990071079073571
load_25_to_75,O1 Proposed,E2 Dual EKF,258,1,1,1.00185766758991,0.994747272475897
load_25_to_75,O1 Proposed,E2 Dual EKF,259,1,1,1.00151528017711,0.994747272475897
load_25_to_75,O1 Proposed,E2 Dual EKF,260,1,1,1.00151528017711,0.997044249953874
load_25_to_75,O1 Proposed,E2 Dual EKF,261,1,1,1.00041145187684,0.997044249953874
load_25_to_75,O1 Proposed,E2 Dual EKF,262,1,1,1.00041145187684,1.00158446278103
load_25_to_75,O1 Proposed,E2 Dual EKF,263,1,1,0.999324386183362,1.00158446278103
load_25_to_75,O1 Proposed,E2 Dual EKF,264,1,1,0.999324386183362,1.00950727763339
load_25_to_75,O1 Proposed,E2 Dual EKF,265,1,1,1.0002561535935,1.00950727763339
load_25_to_75,O1 Proposed,E2 Dual EKF,266,1,1,1.0002561535935,1.01905884878511
load_25_to_75,O1 Proposed,E2 Dual EKF,267,1,1,0.999844676395577,1.01905884878511
load_25_to_75,O1 Proposed,E2 Dual EKF,268,1,1,0.999844676395577,1.02240901007048
load_25_to_75,O1 Proposed,E2 Dual EKF,269,1,1,0.999888132606299,1.02240901007048
load_25_to_75,O1 Proposed,E2 Dual EKF,270,1,1,0.999888132606299,1.02812868812174
load_25_to_75,O1 Proposed,E2 Dual EKF,271,1,1,1.00008443117537,1.02812868812174
load_25_to_75,O1 Proposed,E2 Dual EKF,272,1,1,1.00008443117537,1.02401574186563
load_25_to_75,O1 Proposed,E2 Dual EKF,273,1,1,1.00043682210265,1.02401574186563
load_25_to_75,O1 Proposed,E2 Dual EKF,274,1,1,1.00043682210265,1.02271361887982
load_25_to_75,O1 Proposed,E2 Dual EKF,275,1,1,1.00119343413504,1.02271361887982
load_25_to_75,O1 Proposed,E2 Dual EKF,276,1,1,1.00119343413504,1.01545111679496
load_25_to_75,O1 Proposed,E2 Dual EKF,277,1,1,1.00083725772732,1.01545111679496
load_25_to_75,O1 Proposed,E2 Dual EKF,278,1,1,1.00083725772732,1.01365680733355
load_25_to_75,O1 Proposed,E2 Dual EKF,279,1,1,1.00112967355996,1.01365680733355
load_25_to_75,O1 Proposed,E2 Dual EKF,280,1,1,1.00112967355996,1.00733854518036
load_25_to_75,O1 Proposed,E2 Dual EKF,281,1,1,1.0013481679922,1.00733854518036
load_25_to_75,O1 Proposed,E2 Dual EKF,282,1,1,1.0013481679922,1.00385671373962
load_25_to_75,O1 Proposed,E2 Dual EKF,283,1,1,1.00078782341788,1.00385671373962
load_25_to_75,O1 Proposed,E2 Dual EKF,284,1,1,1.00078782341788,0.99741043853811
load_25_to_75,O1 Proposed,E2 Dual EKF,285,1,1,1.00038289017982,0.99741043853811
load_25_to_75,O1 Proposed,E2 Dual EKF,286,1,1,1.00038289017982,0.992810094021111
load_25_to_75,O1 Proposed,E2 Dual EKF,287,1,1,1.00082640856627,0.992810094021111
load_25_to_75,O1 Proposed,E2 Dual EKF,288,1,1,1.00082640856627,0.987881491360732
load_25_to_75,O1 Proposed,E2 Dual EKF,289,1,1,1.00038117323395,0.987881491360732
load_25_to_75,O1 Proposed,E2 Dual EKF,290,1,1,1.00038117323395,0.986669647937203
load_25_to_75,O1 Proposed,E2 Dual EKF,291,1,1,1.00049860409966,0.986669647937203
load_25_to_75,O1 Proposed,E2 Dual EKF,292,1,1,1.00049860409966,0.995591106504199
load_25_to_75,O1 Proposed,E2 Dual EKF,293,1,1,1.00123182982046,0.995591106504199
load_25_to_75,O1 Proposed,E2 Dual EKF,294,1,1,1.00123182982046,0.998474968801056
load_25_to_75,O1 Proposed,E2 Dual EKF,295,1,1,1.00097272322881,0.998474968801056
load_25_to_75,O1 Proposed,E2 Dual EKF,296,1,1,1.00097272322881,1.00046630638145
load_25_to_75,O1 Proposed,E2 Dual EKF,297,1,1,1.0015813940862,1.00046630638145
load_25_to_75,O1 Proposed,E2 Dual EKF,298,1,1,1.0015813940862,1.00638479491938
load_25_to_75,O1 Proposed,E2 Dual EKF,299,1,1,1.00225687244897,1.00638479491938
load_25_to_75,O1 Proposed,E2 Dual EKF,300,1,1,1.00225687244897,1.01965086817322
load_25_to_75,O1 Proposed,E2 Dual EKF,301,1,1,1.00211838778022,1.01965086817322
load_25_to_75,O1 Proposed,E2 Dual EKF,302,1,1,1.00211838778022,1.02652707361582
load_25_to_75,O1 Proposed,E2 Dual EKF,303,1,1,1.00206313033063,1.02652707361582
load_25_to_75,O1 Proposed,E2 Dual EKF,304,1,1,1.00206313033063,1.02678310570307
load_25_to_75,O1 Proposed,E2 Dual EKF,305,1,1,1.00164494678015,1.02678310570307
load_25_to_75,O1 Proposed,E2 Dual EKF,306,1,1,1.00164494678015,1.02300008208341
load_25_to_75,O1 Proposed,E2 Dual EKF,307,1,1,1.00184308211081,1.02300008208341
load_25_to_75,O1 Proposed,E2 Dual EKF,308,1,1,1.00184308211081,1.01851555133164
load_25_to_75,O1 Proposed,E2 Dual EKF,309,1,1,1.00196506646428,1.01851555133164
load_25_to_75,O1 Proposed,E2 Dual EKF,310,1,1,1.00196506646428,1.0220093345831
load_25_to_75,O1 Proposed,E2 Dual EKF,311,1,1,1.00155062075656,1.0220093345831
load_25_to_75,O1 Proposed,E2 Dual EKF,312,1,1,1.00155062075656,1.01842487592747
load_25_to_75,O1 Proposed,E2 Dual EKF,313,1,1,1.00107697333192,1.01842487592747
load_25_to_75,O1 Proposed,E2 Dual EKF,314,1,1,1.00107697333192,1.01055309297281
load_25_to_75,O1 Proposed,E2 Dual EKF,315,1,1,1.00137800279283,1.01055309297281
load_25_to_75,O1 Proposed,E2 Dual EKF,316,1,1,1.00137800279283,1.00135481701498
load_25_to_75,O1 Proposed,E2 Dual EKF,317,1,1,1.0017802447928,1.00135481701498
load_25_to_75,O1 Proposed,E2 Dual EKF,318,1,1,1.0017802447928,0.995009996098076
load_25_to_75,O1 Proposed,E2 Dual EKF,319,1,1,1.00162547246196,0.995009996098076
load_25_to_75,O1 Proposed,E2 Dual EKF,320,1,1,1.00162547246196,0.993061288015566
load_25_to_75,O1 Proposed,E2 Dual EKF,321,1,1,1.00135915322189,0.993061288015566
load_25_to_75,O1 Proposed,E2 Dual EKF,322,1,1,1.00135915322189,0.989310412245383
load_25_to_75,O1 Proposed,E2 Dual EKF,323,1,1,1.00163816877402,0.989310412245383
load_25_to_75,O1 Proposed,E2 Dual EKF,324,1,1,1.00163816877402,0.981230395053116
load_25_to_75,O1 Proposed,E2 Dual EKF,325,1,1,1.00162686912032,0.981230395053116
load_25_to_75,O1 Proposed,E2 Dual EKF,326,1,1,1.00162686912032,0.983310112268627
load_25_to_75,O1 Proposed,E2 Dual EKF,327,1,1,1.00143639233811,0.983310112268627
load_25_to_75,O1 Proposed,E2 Dual EKF,328,1,1,1.00143639233811,0.988592472452366
load_25_to_75,O1 Proposed,E2 Dual EKF,329,1,1,1.00124735038361,0.988592472452366
load_25_to_75,O1 Proposed,E2 Dual EKF,330,1,1,1.00124735038361,0.995237164538468
load_25_to_75,O1 Proposed,E2 Dual EKF,331,1,1,1.00100354627454,0.995237164538468
load_25_to_75,O1 Proposed,E2 Dual EKF,332,1,1,1.00100354627454,1.00452501629103
load_25_to_75,O1 Proposed,E2 Dual EKF,333,1,1,1.00080985378032,1.00452501629103
load_25_to_75,O1 Proposed,E2 Dual EKF,334,1,1,1.00080985378032,1.01607535327645
load_25_to_75,O1 Proposed,E2 Dual EKF,335,1,1,1.00110287389255,1.01607535327645
load_25_to_75,O1 Proposed,E2 Dual EKF,336,1,1,1.00110287389255,1.01602835790031
load_25_to_75,O1 Proposed,E2 Dual EKF,337,1,1,1.00109670396028,1.01602835790031
load_25_to_75,O1 Proposed,E2 Dual EKF,338,1,1,1.00109670396028,1.02297277435878
load_25_to_75,O1 Proposed,E2 Dual EKF,339,1,1,1.00208986628923,1.02297277435878
load_25_to_75,O1 Proposed,E2 Dual EKF,340,1,1,1.00208986628923,1.03438409269223
load_25_to_75,O1 Proposed,E2 Dual EKF,341,1,1,1.00283703480631,1.03438409269223
load_25_to_75,O1 Proposed,E2 Dual EKF,342,1,1,1.00283703480631,1.02864383646433
load_25_to_75,O1 Proposed,E2 Dual EKF,343,1,1,1.0029033656438,1.02864383646433
load_25_to_75,O1 Proposed,E2 Dual EKF,344,1,1,1.0029033656438,1.02039992607941
load_25_to_75,O1 Proposed,E2 Dual EKF,345,1,1,1.00293650156626,1.02039992607941
load_25_to_75,O1 Proposed,E2 Dual EKF,346,1,1,1.00293650156626,1.02639389219648
load_25_to_75,O1 Proposed,E2 Dual EKF,347,1,1,1.0027482536448,1.02639389219648
load_25_to_75,O1 Proposed,E2 Dual EKF,348,1,1,1.0027482536448,1.02219268661373
load_25_to_75,O1 Proposed,E2 Dual EKF,349,1,1,1.00307548038944,1.02219268661373
load_25_to_75,O1 Proposed,E2 Dual EKF,350,1,1,1.00307548038944,1.01464298944397
load_25_to_75,O1 Proposed,E2 Dual EKF,351,1,1,1.0033332973459,1.01464298944397
load_25_to_75,O1 Proposed,E2 Dual EKF,352,1,1,1.0033332973459,1.00383669895602
load_25_to_75,O1 Proposed,E2 Dual EKF,353,1,1,1.00344635127186,1.00383669895602
load_25_to_75,O1 Proposed,E2 Dual EKF,354,1,1,1.00344635127186,0.993866123815004
load_25_to_75,O1 Proposed,E2 Dual EKF,355,1,1,1.00387719923044,0.993866123815004
load_25_to_75,O1 Proposed,E2 Dual EKF,356,1,1,1.00387719923044,0.988511853665593
load_25_to_75,O1 Proposed,E2 Dual EKF,357,1,1,1.00400623380966,0.988511853665593
load_25_to_75,O1 Proposed,E2 Dual EKF,358,1,1,1.00400623380966,0.983796788902074
load_25_to_75,O1 Proposed,E2 Dual EKF,359,1,1,1.00368803117721,0.983796788902074
load_25_to_75,O1 Proposed,E2 Dual EKF,360,1,1,1.00368803117721,0.974923752229736
load_25_to_75,O1 Proposed,E2 Dual EKF,361,1,1,1.00386906732878,0.974923752229736
load_25_to_75,O1 Proposed,E2 Dual EKF,362,1,1,1.00386906732878,0.977731641216754
load_25_to_75,O1 Proposed,E2 Dual EKF,363,1,1,1.00364570220287,0.977731641216754
load_25_to_75,O1 Proposed,E2 Dual EKF,364,1,1,1.00364570220287,0.977226143135432
load_25_to_75,O1 Proposed,E2 Dual EKF,365,1,1,1.00375948700204,0.977226143135432
load_25_to_75,O1 Proposed,E2 Dual EKF,366,1,1,1.00375948700204,0.973838773575442
load_25_to_75,O1 Proposed,E2 Dual EKF,367,1,1,1.00275929460415,0.973838773575442
load_25_to_75,O1 Proposed,E2 Dual EKF,368,1,1,1.00275929460415,0.975649503870528
load_25_to_75,O1 Proposed,E2 Dual EKF,369,1,1,1.00254437972136,0.975649503870528
load_25_to_75,O1 Proposed,E2 Dual EKF,370,1,1,1.00254437972136,0.987047853685438
load_25_to_75,O1 Proposed,E2 Dual EKF,371,1,1,1.00252987649944,0.987047853685438
load_25_to_75,O1 Proposed,E2 Dual EKF,372,1,1,1.00252987649944,0.992542525473544
load_25_to_75,O1 Proposed,E2 Dual EKF,373,1,1,1.00298869355772,0.992542525473544
load_25_to_75,O1 Proposed,E2 Dual EKF,374,1,1,1.00298869355772,0.997569090614592
load_25_to_75,O1 Proposed,E2 Dual EKF,375,1,1,1.00285163967845,0.997569090614592
load_25_to_75,O1 Proposed,E2 Dual EKF,376,1,1,1.00285163967845,1.00925221260428
load_25_to_75,O1 Proposed,E2 Dual EKF,377,1,1,1.00324321572242,1.00925221260428
load_25_to_75,O1 Proposed,E2 Dual EKF,378,1,1,1.00324321572242,1.0191054631623
load_25_to_75,O1 Proposed,E2 Dual EKF,379,1,1,1.00336065946856,1.0191054631623
load_25_to_75,O1 Proposed,E2 Dual EKF,380,1,1,1.00336065946856,1.01984139230734
load_25_to_75,O1 Proposed,E2 Dual EKF,381,1,1,1.0031794851235,1.01984139230734
load_25_to_75,O1 Proposed,E2 Dual EKF,382,1,1,1.0031794851235,1.01348818732289
load_25_to_75,O1 Proposed,E2 Dual EKF,383,1,1,1.0029422848579,1.01348818732289
load_25_to_75,O1 Proposed,E2 Dual EKF,384,1,1,1.0029422848579,1.00897699352696
load_25_to_75,O1 Proposed,E3 LTV/Joseph,1,1,1,1.04117973829643,0.7
load_25_to_75,O1 Proposed,E3 LTV/Joseph,2,1,1,1.04117973829643,1.07837603048234
load_25_to_75,O1 Proposed,E3 LTV/Joseph,3,1,1,0.962417192111678,1.07837603048234
load_25_to_75,O1 Proposed,E3 LTV/Joseph,4,1,1,0.962417192111678,1.09573869951898
load_25_to_75,O1 Proposed,E3 LTV/Joseph,5,1,1,0.955639246892835,1.09573869951898
load_25_to_75,O1 Proposed,E3 LTV/Joseph,6,1,1,0.955639246892835,1.09846747180491
load_25_to_75,O1 Proposed,E3 LTV/Joseph,7,1,1,0.925270876074195,1.09846747180491
load_25_to_75,O1 Proposed,E3 LTV/Joseph,8,1,1,0.925270876074195,1.07989559675462
load_25_to_75,O1 Proposed,E3 LTV/Joseph,9,1,1,0.93780255235632,1.07989559675462
load_25_to_75,O1 Proposed,E3 LTV/Joseph,10,1,1,0.93780255235632,1.077113959499
load_25_to_75,O1 Proposed,E3 LTV/Joseph,11,1,1,0.935207515322253,1.077113959499
load_25_to_75,O1 Proposed,E3 LTV/Joseph,12,1,1,0.935207515322253,1.08303832171765
load_25_to_75,O1 Proposed,E3 LTV/Joseph,13,1,1,0.932420391718685,1.08303832171765
load_25_to_75,O1 Proposed,E3 LTV/Joseph,14,1,1,0.932420391718685,1.07406692295146
load_25_to_75,O1 Proposed,E3 LTV/Joseph,15,1,1,0.928493072248927,1.07406692295146
load_25_to_75,O1 Proposed,E3 LTV/Joseph,16,1,1,0.928493072248927,1.05897535734269
load_25_to_75,O1 Proposed,E3 LTV/Joseph,17,1,1,0.93304786097386,1.05897535734269
load_25_to_75,O1 Proposed,E3 LTV/Joseph,18,1,1,0.93304786097386,1.05334610785534
load_25_to_75,O1 Proposed,E3 LTV/Joseph,19,1,1,0.935688051150583,1.05334610785534
load_25_to_75,O1 Proposed,E3 LTV/Joseph,20,1,1,0.935688051150583,1.04073693166983
load_25_to_75,O1 Proposed,E3 LTV/Joseph,21,1,1,0.936751580709848,1.04073693166983
load_25_to_75,O1 Proposed,E3 LTV/Joseph,22,1,1,0.936751580709848,1.03510763165438
load_25_to_75,O1 Proposed,E3 LTV/Joseph,23,1,1,0.936632868928615,1.03510763165438
load_25_to_75,O1 Proposed,E3 LTV/Joseph,24,1,1,0.936632868928615,1.01408205021871
load_25_to_75,O1 Proposed,E3 LTV/Joseph,25,1,1,0.939922009479112,1.01408205021871
load_25_to_75,O1 Proposed,E3 LTV/Joseph,26,1,1,0.939922009479112,1.01020776547745
load_25_to_75,O1 Proposed,E3 LTV/Joseph,27,1,1,0.944542158419134,1.01020776547745
load_25_to_75,O1 Proposed,E3 LTV/Joseph,28,1,1,0.944542158419134,1.00411515868178
load_25_to_75,O1 Proposed,E3 LTV/Joseph,29,1,1,0.941679603690564,1.00411515868178
load_25_to_75,O1 Proposed,E3 LTV/Joseph,30,1,1,0.941679603690564,0.9953599408107
load_25_to_75,O1 Proposed,E3 LTV/Joseph,31,1,1,0.940880980733204,0.9953599408107
load_25_to_75,O1 Proposed,E3 LTV/Joseph,32,1,1,0.940880980733204,0.995072670454016
load_25_to_75,O1 Proposed,E3 LTV/Joseph,33,1,1,0.947152594021489,0.995072670454016
load_25_to_75,O1 Proposed,E3 LTV/Joseph,34,1,1,0.947152594021489,0.999169727482088
load_25_to_75,O1 Proposed,E3 LTV/Joseph,35,1,1,0.947327965378286,0.999169727482088
load_25_to_75,O1 Proposed,E3 LTV/Joseph,36,1,1,0.947327965378286,1.00761216035489
load_25_to_75,O1 Proposed,E3 LTV/Joseph,37,1,1,0.945940285045238,1.00761216035489
load_25_to_75,O1 Proposed,E3 LTV/Joseph,38,1,1,0.945940285045238,1.01465304435847
load_25_to_75,O1 Proposed,E3 LTV/Joseph,39,1,1,0.949966911507237,1.01465304435847
load_25_to_75,O1 Proposed,E3 LTV/Joseph,40,1,1,0.949966911507237,1.01976165031729
load_25_to_75,O1 Proposed,E3 LTV/Joseph,41,1,1,0.952562951034052,1.01976165031729
load_25_to_75,O1 Proposed,E3 LTV/Joseph,42,1,1,0.952562951034052,1.02019105196462
load_25_to_75,O1 Proposed,E3 LTV/Joseph,43,1,1,0.956254065676872,1.02019105196462
load_25_to_75,O1 Proposed,E3 LTV/Joseph,44,1,1,0.956254065676872,1.03462919663307
load_25_to_75,O1 Proposed,E3 LTV/Joseph,45,1,1,0.957347858635117,1.03462919663307
load_25_to_75,O1 Proposed,E3 LTV/Joseph,46,1,1,0.957347858635117,1.03629039094039
load_25_to_75,O1 Proposed,E3 LTV/Joseph,47,1,1,0.962912304708505,1.03629039094039
load_25_to_75,O1 Proposed,E3 LTV/Joseph,48,1,1,0.962912304708505,1.03735046130479
load_25_to_75,O1 Proposed,E3 LTV/Joseph,49,1,1,0.969677968788588,1.03735046130479
load_25_to_75,O1 Proposed,E3 LTV/Joseph,50,1,1,0.969677968788588,1.04043888260152
load_25_to_75,O1 Proposed,E3 LTV/Joseph,51,1,1,0.973143026836554,1.04043888260152
load_25_to_75,O1 Proposed,E3 LTV/Joseph,52,1,1,0.973143026836554,1.03880818429825
load_25_to_75,O1 Proposed,E3 LTV/Joseph,53,1,1,0.974997306719171,1.03880818429825
load_25_to_75,O1 Proposed,E3 LTV/Joseph,54,1,1,0.974997306719171,1.0335873163017
load_25_to_75,O1 Proposed,E3 LTV/Joseph,55,1,1,0.977144295007441,1.0335873163017
load_25_to_75,O1 Proposed,E3 LTV/Joseph,56,1,1,0.977144295007441,1.03018178278552
load_25_to_75,O1 Proposed,E3 LTV/Joseph,57,1,1,0.975262523980891,1.03018178278552
load_25_to_75,O1 Proposed,E3 LTV/Joseph,58,1,1,0.975262523980891,1.02594229761501
load_25_to_75,O1 Proposed,E3 LTV/Joseph,59,1,1,0.977433709251235,1.02594229761501
load_25_to_75,O1 Proposed,E3 LTV/Joseph,60,1,1,0.977433709251235,1.0192851501859
load_25_to_75,O1 Proposed,E3 LTV/Joseph,61,1,1,0.977166726700218,1.0192851501859
load_25_to_75,O1 Proposed,E3 LTV/Joseph,62,1,1,0.977166726700218,1.01448691920148
load_25_to_75,O1 Proposed,E3 LTV/Joseph,63,1,1,0.975125143957504,1.01448691920148
load_25_to_75,O1 Proposed,E3 LTV/Joseph,64,1,1,0.975125143957504,1.01183801040283
load_25_to_75,O1 Proposed,E3 LTV/Joseph,65,1,1,0.974816897681841,1.01183801040283
load_25_to_75,O1 Proposed,E3 LTV/Joseph,66,1,1,0.974816897681841,1.00532053593007
load_25_to_75,O1 Proposed,E3 LTV/Joseph,67,1,1,0.973214321684515,1.00532053593007
load_25_to_75,O1 Proposed,E3 LTV/Joseph,68,1,1,0.973214321684515,1.00384881442082
load_25_to_75,O1 Proposed,E3 LTV/Joseph,69,1,1,0.976154376153025,1.00384881442082
load_25_to_75,O1 Proposed,E3 LTV/Joseph,70,1,1,0.976154376153025,1.00371745945611
load_25_to_75,O1 Proposed,E3 LTV/Joseph,71,1,1,0.978615425839182,1.00371745945611
load_25_to_75,O1 Proposed,E3 LTV/Joseph,72,1,1,0.978615425839182,1.00572286524484
load_25_to_75,O1 Proposed,E3 LTV/Joseph,73,1,1,0.978554259473863,1.00572286524484
load_25_to_75,O1 Proposed,E3 LTV/Joseph,74,1,1,0.978554259473863,1.00970161707369
load_25_to_75,O1 Proposed,E3 LTV/Joseph,75,1,1,0.978792473987685,1.00970161707369
load_25_to_75,O1 Proposed,E3 LTV/Joseph,76,1,1,0.978792473987685,1.01067421896293
load_25_to_75,O1 Proposed,E3 LTV/Joseph,77,1,1,0.980873461769231,1.01067421896293
load_25_to_75,O1 Proposed,E3 LTV/Joseph,78,1,1,0.980873461769231,1.01227832380872
load_25_to_75,O1 Proposed,E3 LTV/Joseph,79,1,1,0.979275524721371,1.01227832380872
load_25_to_75,O1 Proposed,E3 LTV/Joseph,80,1,1,0.979275524721371,1.01459778646618
load_25_to_75,O1 Proposed,E3 LTV/Joseph,81,1,1,0.979117469275835,1.01459778646618
load_25_to_75,O1 Proposed,E3 LTV/Joseph,82,1,1,0.979117469275835,1.0209214852683
load_25_to_75,O1 Proposed,E3 LTV/Joseph,83,1,1,0.982647891210467,1.0209214852683
load_25_to_75,O1 Proposed,E3 LTV/Joseph,84,1,1,0.982647891210467,1.02154241673539
load_25_to_75,O1 Proposed,E3 LTV/Joseph,85,1,1,0.984746507067215,1.02154241673539
load_25_to_75,O1 Proposed,E3 LTV/Joseph,86,1,1,0.984746507067215,1.02453434509552
load_25_to_75,O1 Proposed,E3 LTV/Joseph,87,1,1,0.986809906700749,1.02453434509552
load_25_to_75,O1 Proposed,E3 LTV/Joseph,88,1,1,0.986809906700749,1.02600680787873
load_25_to_75,O1 Proposed,E3 LTV/Joseph,89,1,1,0.987799619638773,1.02600680787873
load_25_to_75,O1 Proposed,E3 LTV/Joseph,90,1,1,0.987799619638773,1.02462019891424
load_25_to_75,O1 Proposed,E3 LTV/Joseph,91,1,1,0.989400425824988,1.02462019891424
load_25_to_75,O1 Proposed,E3 LTV/Joseph,92,1,1,0.989400425824988,1.0220585318316
load_25_to_75,O1 Proposed,E3 LTV/Joseph,93,1,1,0.990625904959884,1.0220585318316
load_25_to_75,O1 Proposed,E3 LTV/Joseph,94,1,1,0.990625904959884,1.02025325779051
load_25_to_75,O1 Proposed,E3 LTV/Joseph,95,1,1,0.991821813595341,1.02025325779051
load_25_to_75,O1 Proposed,E3 LTV/Joseph,96,1,1,0.991821813595341,1.02025325779051
load_25_to_75,O1 Proposed,E3 LTV/Joseph,97,1,1,0.991586022409995,1.02025325779051
load_25_to_75,O1 Proposed,E3 LTV/Joseph,98,1,1,0.991586022409995,1.01837582461914
load_25_to_75,O1 Proposed,E3 LTV/Joseph,99,1,1,0.990357596497093,1.01837582461914
load_25_to_75,O1 Proposed,E3 LTV/Joseph,100,1,1,0.990357596497093,1.01748961563566
load_25_to_75,O1 Proposed,E3 LTV/Joseph,101,1,1,0.989111693382116,1.01748961563566
load_25_to_75,O1 Proposed,E3 LTV/Joseph,102,1,1,0.989111693382116,1.01483389920424
load_25_to_75,O1 Proposed,E3 LTV/Joseph,103,1,1,0.988604627542386,1.01483389920424
load_25_to_75,O1 Proposed,E3 LTV/Joseph,104,1,1,0.988604627542386,1.01159069716158
load_25_to_75,O1 Proposed,E3 LTV/Joseph,105,1,1,0.989187433833171,1.01159069716158
load_25_to_75,O1 Proposed,E3 LTV/Joseph,106,1,1,0.989187433833171,1.00985315064689
load_25_to_75,O1 Proposed,E3 LTV/Joseph,107,1,1,0.988455189598985,1.00985315064689
load_25_to_75,O1 Proposed,E3 LTV/Joseph,108,1,1,0.988455189598985,1.01183220932644
load_25_to_75,O1 Proposed,E3 LTV/Joseph,109,1,1,0.991149824517297,1.01183220932644
load_25_to_75,O1 Proposed,E3 LTV/Joseph,110,1,1,0.991149824517297,1.01594845450845
load_25_to_75,O1 Proposed,E3 LTV/Joseph,111,1,1,0.990913384843962,1.01594845450845
load_25_to_75,O1 Proposed,E3 LTV/Joseph,112,1,1,0.990913384843962,1.01717268447234
load_25_to_75,O1 Proposed,E3 LTV/Joseph,113,1,1,0.991796970510209,1.01717268447234
load_25_to_75,O1 Proposed,E3 LTV/Joseph,114,1,1,0.991796970510209,1.0223599112854
load_25_to_75,O1 Proposed,E3 LTV/Joseph,115,1,1,0.988982059520437,1.0223599112854
load_25_to_75,O1 Proposed,E3 LTV/Joseph,116,1,1,0.988982059520437,1.02303705988598
load_25_to_75,O1 Proposed,E3 LTV/Joseph,117,1,1,0.987720410325746,1.02303705988598
load_25_to_75,O1 Proposed,E3 LTV/Joseph,118,1,1,0.987720410325746,1.02631534035754
load_25_to_75,O1 Proposed,E3 LTV/Joseph,119,1,1,0.987853779252444,1.02631534035754
load_25_to_75,O1 Proposed,E3 LTV/Joseph,120,1,1,0.987853779252444,1.02783121275129
load_25_to_75,O1 Proposed,E3 LTV/Joseph,121,1,1,0.988016692129606,1.02783121275129
load_25_to_75,O1 Proposed,E3 LTV/Joseph,122,1,1,0.988016692129606,1.02697249995685
load_25_to_75,O1 Proposed,E3 LTV/Joseph,123,1,1,0.98847098166281,1.02697249995685
load_25_to_75,O1 Proposed,E3 LTV/Joseph,124,1,1,0.98847098166281,1.02857238890924
load_25_to_75,O1 Proposed,E3 LTV/Joseph,125,1,1,0.988921725567172,1.02857238890924
load_25_to_75,O1 Proposed,E3 LTV/Joseph,126,1,1,0.988921725567172,1.03011332847788
load_25_to_75,O1 Proposed,E3 LTV/Joseph,127,1,1,0.987608136621684,1.03011332847788
load_25_to_75,O1 Proposed,E3 LTV/Joseph,128,1,1,0.987608136621684,1.02546962488406
load_25_to_75,O1 Proposed,E3 LTV/Joseph,129,1,1,0.986483914415562,1.02546962488406
load_25_to_75,O1 Proposed,E3 LTV/Joseph,130,1,1,0.986483914415562,1.01019063300559
load_25_to_75,O1 Proposed,E3 LTV/Joseph,131,1,1,0.984453677013005,1.01019063300559
load_25_to_75,O1 Proposed,E3 LTV/Joseph,132,1,1,0.984453677013005,0.998389378007373
load_25_to_75,O1 Proposed,E3 LTV/Joseph,133,1,1,0.98732237773025,0.998389378007373
load_25_to_75,O1 Proposed,E3 LTV/Joseph,134,1,1,0.98732237773025,0.989981449245507
load_25_to_75,O1 Proposed,E3 LTV/Joseph,135,1,1,0.987836496628426,0.989981449245507
load_25_to_75,O1 Proposed,E3 LTV/Joseph,136,1,1,0.987836496628426,0.985569560866634
load_25_to_75,O1 Proposed,E3 LTV/Joseph,137,1,1,0.987867925697578,0.985569560866634
load_25_to_75,O1 Proposed,E3 LTV/Joseph,138,1,1,0.987867925697578,0.982709990581591
load_25_to_75,O1 Proposed,E3 LTV/Joseph,139,1,1,0.986060287595025,0.982709990581591
load_25_to_75,O1 Proposed,E3 LTV/Joseph,140,1,1,0.986060287595025,0.982425459420153
load_25_to_75,O1 Proposed,E3 LTV/Joseph,141,1,1,0.985478518446839,0.982425459420153
load_25_to_75,O1 Proposed,E3 LTV/Joseph,142,1,1,0.985478518446839,0.98417849807707
load_25_to_75,O1 Proposed,E3 LTV/Joseph,143,1,1,0.986086568542135,0.98417849807707
load_25_to_75,O1 Proposed,E3 LTV/Joseph,144,1,1,0.986086568542135,0.985419052748082
load_25_to_75,O1 Proposed,E3 LTV/Joseph,145,1,1,0.985655702447606,0.985419052748082
load_25_to_75,O1 Proposed,E3 LTV/Joseph,146,1,1,0.985655702447606,0.988686857354969
load_25_to_75,O1 Proposed,E3 LTV/Joseph,147,1,1,0.986949215098521,0.988686857354969
load_25_to_75,O1 Proposed,E3 LTV/Joseph,148,1,1,0.986949215098521,0.992616625051469
load_25_to_75,O1 Proposed,E3 LTV/Joseph,149,1,1,0.985997585781037,0.992616625051469
load_25_to_75,O1 Proposed,E3 LTV/Joseph,150,1,1,0.985997585781037,0.995859003731756
load_25_to_75,O1 Proposed,E3 LTV/Joseph,151,1,1,0.988082783564312,0.995859003731756
load_25_to_75,O1 Proposed,E3 LTV/Joseph,152,1,1,0.988082783564312,0.999170492692903
load_25_to_75,O1 Proposed,E3 LTV/Joseph,153,1,1,0.987762674382925,0.999170492692903
load_25_to_75,O1 Proposed,E3 LTV/Joseph,154,1,1,0.987762674382925,1.00384218243198
load_25_to_75,O1 Proposed,E3 LTV/Joseph,155,1,1,0.9921325100957,1.00384218243198
load_25_to_75,O1 Proposed,E3 LTV/Joseph,156,1,1,0.9921325100957,1.00771584755729
load_25_to_75,O1 Proposed,E3 LTV/Joseph,157,1,1,0.99570417628133,1.00771584755729
load_25_to_75,O1 Proposed,E3 LTV/Joseph,158,1,1,0.99570417628133,1.00965765194899
load_25_to_75,O1 Proposed,E3 LTV/Joseph,159,1,1,0.995562746577264,1.00965765194899
load_25_to_75,O1 Proposed,E3 LTV/Joseph,160,1,1,0.995562746577264,1.00934649239159
load_25_to_75,O1 Proposed,E3 LTV/Joseph,161,1,1,0.995879560230455,1.00934649239159
load_25_to_75,O1 Proposed,E3 LTV/Joseph,162,1,1,0.995879560230455,1.00703485003985
load_25_to_75,O1 Proposed,E3 LTV/Joseph,163,1,1,0.995436022835799,1.00703485003985
load_25_to_75,O1 Proposed,E3 LTV/Joseph,164,1,1,0.995436022835799,1.00571231111959
load_25_to_75,O1 Proposed,E3 LTV/Joseph,165,1,1,0.994952277808796,1.00571231111959
load_25_to_75,O1 Proposed,E3 LTV/Joseph,166,1,1,0.994952277808796,1.00432227456891
load_25_to_75,O1 Proposed,E3 LTV/Joseph,167,1,1,0.994253881818048,1.00432227456891
load_25_to_75,O1 Proposed,E3 LTV/Joseph,168,1,1,0.994253881818048,1.0044731066123
load_25_to_75,O1 Proposed,E3 LTV/Joseph,169,1,1,0.994861430076763,1.0044731066123
load_25_to_75,O1 Proposed,E3 LTV/Joseph,170,1,1,0.994861430076763,1.0026850377908
load_25_to_75,O1 Proposed,E3 LTV/Joseph,171,1,1,0.995773596700405,1.0026850377908
load_25_to_75,O1 Proposed,E3 LTV/Joseph,172,1,1,0.995773596700405,1.00148372307948
load_25_to_75,O1 Proposed,E3 LTV/Joseph,173,1,1,0.997214819266827,1.00148372307948
load_25_to_75,O1 Proposed,E3 LTV/Joseph,174,1,1,0.997214819266827,0.998015897602419
load_25_to_75,O1 Proposed,E3 LTV/Joseph,175,1,1,0.996732066158096,0.998015897602419
load_25_to_75,O1 Proposed,E3 LTV/Joseph,176,1,1,0.996732066158096,0.994701910881969
load_25_to_75,O1 Proposed,E3 LTV/Joseph,177,1,1,0.99719318500796,0.994701910881969
load_25_to_75,O1 Proposed,E3 LTV/Joseph,178,1,1,0.99719318500796,0.993755048828633
load_25_to_75,O1 Proposed,E3 LTV/Joseph,179,1,1,0.997028727886727,0.993755048828633
load_25_to_75,O1 Proposed,E3 LTV/Joseph,180,1,1,0.997028727886727,0.995441114780581
load_25_to_75,O1 Proposed,E3 LTV/Joseph,181,1,1,0.996303514055845,0.995441114780581
load_25_to_75,O1 Proposed,E3 LTV/Joseph,182,1,1,0.996303514055845,0.994589679323679
load_25_to_75,O1 Proposed,E3 LTV/Joseph,183,1,1,0.994802990846582,0.994589679323679
load_25_to_75,O1 Proposed,E3 LTV/Joseph,184,1,1,0.994802990846582,0.996255493859522
load_25_to_75,O1 Proposed,E3 LTV/Joseph,185,1,1,0.995077320277384,0.996255493859522
load_25_to_75,O1 Proposed,E3 LTV/Joseph,186,1,1,0.995077320277384,0.999333136078597
load_25_to_75,O1 Proposed,E3 LTV/Joseph,187,1,1,0.994089730073109,0.999333136078597
load_25_to_75,O1 Proposed,E3 LTV/Joseph,188,1,1,0.994089730073109,1.00319713986671
load_25_to_75,O1 Proposed,E3 LTV/Joseph,189,1,1,0.993504247066941,1.00319713986671
load_25_to_75,O1 Proposed,E3 LTV/Joseph,190,1,1,0.993504247066941,1.00782574283629
load_25_to_75,O1 Proposed,E3 LTV/Joseph,191,1,1,0.994538088902645,1.00782574283629
load_25_to_75,O1 Proposed,E3 LTV/Joseph,192,1,1,0.994538088902645,1.01000455131496
load_25_to_75,O1 Proposed,E3 LTV/Joseph,193,1,1,0.995351389058281,1.01000455131496
load_25_to_75,O1 Proposed,E3 LTV/Joseph,194,1,1,0.995351389058281,1.01184228586425
load_25_to_75,O1 Proposed,E3 LTV/Joseph,195,1,1,0.995504560417664,1.01184228586425
load_25_to_75,O1 Proposed,E3 LTV/Joseph,196,1,1,0.995504560417664,1.01181371510286
load_25_to_75,O1 Proposed,E3 LTV/Joseph,197,1,1,0.996261807098964,1.01181371510286
load_25_to_75,O1 Proposed,E3 LTV/Joseph,198,1,1,0.996261807098964,1.01065175150876
load_25_to_75,O1 Proposed,E3 LTV/Joseph,199,1,1,0.996652818427496,1.01065175150876
load_25_to_75,O1 Proposed,E3 LTV/Joseph,200,1,1,0.996652818427496,1.0098917154758
load_25_to_75,O1 Proposed,E3 LTV/Joseph,201,1,1,0.996406406847999,1.0098917154758
load_25_to_75,O1 Proposed,E3 LTV/Joseph,202,1,1,0.996406406847999,1.01016974054198
load_25_to_75,O1 Proposed,E3 LTV/Joseph,203,1,1,0.996823824722108,1.01016974054198
load_25_to_75,O1 Proposed,E3 LTV/Joseph,204,1,1,0.996823824722108,1.00892281170284
load_25_to_75,O1 Proposed,E3 LTV/Joseph,205,1,1,0.997420549974864,1.00892281170284
load_25_to_75,O1 Proposed,E3 LTV/Joseph,206,1,1,0.997420549974864,1.00574817348773
load_25_to_75,O1 Proposed,E3 LTV/Joseph,207,1,1,0.998021238765201,1.00574817348773
load_25_to_75,O1 Proposed,E3 LTV/Joseph,208,1,1,0.998021238765201,1.00420205174496
load_25_to_75,O1 Proposed,E3 LTV/Joseph,209,1,1,0.998202860223412,1.00420205174496
load_25_to_75,O1 Proposed,E3 LTV/Joseph,210,1,1,0.998202860223412,1.00270063322964
load_25_to_75,O1 Proposed,E3 LTV/Joseph,211,1,1,0.998346078010269,1.00270063322964
load_25_to_75,O1 Proposed,E3 LTV/Joseph,212,1,1,0.998346078010269,1.00240893339138
load_25_to_75,O1 Proposed,E3 LTV/Joseph,213,1,1,0.997293478236633,1.00240893339138
load_25_to_75,O1 Proposed,E3 LTV/Joseph,214,1,1,0.997293478236633,1.0022478798434
load_25_to_75,O1 Proposed,E3 LTV/Joseph,215,1,1,0.997285683400356,1.0022478798434
load_25_to_75,O1 Proposed,E3 LTV/Joseph,216,1,1,0.997285683400356,1.00217443793616
load_25_to_75,O1 Proposed,E3 LTV/Joseph,217,1,1,0.997312948481455,1.00217443793616
load_25_to_75,O1 Proposed,E3 LTV/Joseph,218,1,1,0.997312948481455,1.00302401428187
load_25_to_75,O1 Proposed,E3 LTV/Joseph,219,1,1,0.998283444902724,1.00302401428187
load_25_to_75,O1 Proposed,E3 LTV/Joseph,220,1,1,0.998283444902724,1.00440587670478
load_25_to_75,O1 Proposed,E3 LTV/Joseph,221,1,1,0.998683400691912,1.00440587670478
load_25_to_75,O1 Proposed,E3 LTV/Joseph,222,1,1,0.998683400691912,1.00614161268151
load_25_to_75,O1 Proposed,E3 LTV/Joseph,223,1,1,0.998125276371159,1.00614161268151
load_25_to_75,O1 Proposed,E3 LTV/Joseph,224,1,1,0.998125276371159,1.00689736249435
load_25_to_75,O1 Proposed,E3 LTV/Joseph,225,1,1,0.998263317125287,1.00689736249435
load_25_to_75,O1 Proposed,E3 LTV/Joseph,226,1,1,0.998263317125287,1.00677336206533
load_25_to_75,O1 Proposed,E3 LTV/Joseph,227,1,1,1.00044628790395,1.00677336206533
load_25_to_75,O1 Proposed,E3 LTV/Joseph,228,1,1,1.00044628790395,1.00863701733775
load_25_to_75,O1 Proposed,E3 LTV/Joseph,229,1,1,1.00014167246737,1.00863701733775
load_25_to_75,O1 Proposed,E3 LTV/Joseph,230,1,1,1.00014167246737,1.01100867569864
load_25_to_75,O1 Proposed,E3 LTV/Joseph,231,1,1,1.00138727380699,1.01100867569864
load_25_to_75,O1 Proposed,E3 LTV/Joseph,232,1,1,1.00138727380699,1.01397276745942
load_25_to_75,O1 Proposed,E3 LTV/Joseph,233,1,1,1.00120630615527,1.01397276745942
load_25_to_75,O1 Proposed,E3 LTV/Joseph,234,1,1,1.00120630615527,1.01264067634873
load_25_to_75,O1 Proposed,E3 LTV/Joseph,235,1,1,1.00115038767028,1.01264067634873
load_25_to_75,O1 Proposed,E3 LTV/Joseph,236,1,1,1.00115038767028,1.01437020622486
load_25_to_75,O1 Proposed,E3 LTV/Joseph,237,1,1,1.00187522020778,1.01437020622486
load_25_to_75,O1 Proposed,E3 LTV/Joseph,238,1,1,1.00187522020778,1.01369923069289
load_25_to_75,O1 Proposed,E3 LTV/Joseph,239,1,1,1.00123603085464,1.01369923069289
load_25_to_75,O1 Proposed,E3 LTV/Joseph,240,1,1,1.00123603085464,1.01231816561497
load_25_to_75,O1 Proposed,E3 LTV/Joseph,241,1,1,1.00132555308889,1.01231816561497
load_25_to_75,O1 Proposed,E3 LTV/Joseph,242,1,1,1.00132555308889,1.01120330191173
load_25_to_75,O1 Proposed,E3 LTV/Joseph,243,1,1,1.00155106488934,1.01120330191173
load_25_to_75,O1 Proposed,E3 LTV/Joseph,244,1,1,1.00155106488934,1.00845078848798
load_25_to_75,O1 Proposed,E3 LTV/Joseph,245,1,1,1.00127619046821,1.00845078848798
load_25_to_75,O1 Proposed,E3 LTV/Joseph,246,1,1,1.00127619046821,1.00555776141275
load_25_to_75,O1 Proposed,E3 LTV/Joseph,247,1,1,1.00092250571903,1.00555776141275
load_25_to_75,O1 Proposed,E3 LTV/Joseph,248,1,1,1.00092250571903,1.00297385628861
load_25_to_75,O1 Proposed,E3 LTV/Joseph,249,1,1,1.00096465916431,1.00297385628861
load_25_to_75,O1 Proposed,E3 LTV/Joseph,250,1,1,1.00096465916431,0.999966013498715
load_25_to_75,O1 Proposed,E3 LTV/Joseph,251,1,1,1.00163592986714,0.999966013498715
load_25_to_75,O1 Proposed,E3 LTV/Joseph,252,1,1,1.00163592986714,0.999923036233138
load_25_to_75,O1 Proposed,E3 LTV/Joseph,253,1,1,1.00136979043743,0.999923036233138
load_25_to_75,O1 Proposed,E3 LTV/Joseph,254,1,1,1.00136979043743,0.999647557967612
load_25_to_75,O1 Proposed,E3 LTV/Joseph,255,1,1,1.00100784406613,0.999647557967612
load_25_to_75,O1 Proposed,E3 LTV/Joseph,256,1,1,1.00100784406613,1.00044535988198
load_25_to_75,O1 Proposed,E3 LTV/Joseph,257,1,1,1.00146909051336,1.00044535988198
load_25_to_75,O1 Proposed,E3 LTV/Joseph,258,1,1,1.00146909051336,1.00143056220095
load_25_to_75,O1 Proposed,E3 LTV/Joseph,259,1,1,1.00113257882635,1.00143056220095
load_25_to_75,O1 Proposed,E3 LTV/Joseph,260,1,1,1.00113257882635,1.0018121213503
load_25_to_75,O1 Proposed,E3 LTV/Joseph,261,1,1,1.00003677417951,1.0018121213503
load_25_to_75,O1 Proposed,E3 LTV/Joseph,262,1,1,1.00003677417951,1.00309346565721
load_25_to_75,O1 Proposed,E3 LTV/Joseph,263,1,1,0.9989582489759,1.00309346565721
load_25_to_75,O1 Proposed,E3 LTV/Joseph,264,1,1,0.9989582489759,1.00582630491452
load_25_to_75,O1 Proposed,E3 LTV/Joseph,265,1,1,0.99989582590154,1.00582630491452
load_25_to_75,O1 Proposed,E3 LTV/Joseph,266,1,1,0.99989582590154,1.00956021126198
load_25_to_75,O1 Proposed,E3 LTV/Joseph,267,1,1,0.999491886624991,1.00956021126198
load_25_to_75,O1 Proposed,E3 LTV/Joseph,268,1,1,0.999491886624991,1.01145701588868
load_25_to_75,O1 Proposed,E3 LTV/Joseph,269,1,1,0.999541697008646,1.01145701588868
load_25_to_75,O1 Proposed,E3 LTV/Joseph,270,1,1,0.999541697008646,1.01431638635313
load_25_to_75,O1 Proposed,E3 LTV/Joseph,271,1,1,0.999743318242954,1.01431638635313
load_25_to_75,O1 Proposed,E3 LTV/Joseph,272,1,1,0.999743318242954,1.01371162610401
load_25_to_75,O1 Proposed,E3 LTV/Joseph,273,1,1,1.00009988934802,1.01371162610401
load_25_to_75,O1 Proposed,E3 LTV/Joseph,274,1,1,1.00009988934802,1.01387378636047
load_25_to_75,O1 Proposed,E3 LTV/Joseph,275,1,1,1.00085933847669,1.01387378636047
load_25_to_75,O1 Proposed,E3 LTV/Joseph,276,1,1,1.00085933847669,1.01178571285064
load_25_to_75,O1 Proposed,E3 LTV/Joseph,277,1,1,1.00050616832271,1.01178571285064
load_25_to_75,O1 Proposed,E3 LTV/Joseph,278,1,1,1.00050616832271,1.01135092656011
load_25_to_75,O1 Proposed,E3 LTV/Joseph,279,1,1,1.00080036682326,1.01135092656011
load_25_to_75,O1 Proposed,E3 LTV/Joseph,280,1,1,1.00080036682326,1.00929829502892
load_25_to_75,O1 Proposed,E3 LTV/Joseph,281,1,1,1.00102024975221,1.00929829502892
load_25_to_75,O1 Proposed,E3 LTV/Joseph,282,1,1,1.00102024975221,1.00804013188542
load_25_to_75,O1 Proposed,E3 LTV/Joseph,283,1,1,1.00046152352371,1.00804013188542
load_25_to_75,O1 Proposed,E3 LTV/Joseph,284,1,1,1.00046152352371,1.00573246916394
load_25_to_75,O1 Proposed,E3 LTV/Joseph,285,1,1,1.00005798552841,1.00573246916394
load_25_to_75,O1 Proposed,E3 LTV/Joseph,286,1,1,1.00005798552841,1.00387821962487
load_25_to_75,O1 Proposed,E3 LTV/Joseph,287,1,1,1.0005025548789,1.00387821962487
load_25_to_75,O1 Proposed,E3 LTV/Joseph,288,1,1,1.0005025548789,1.00180241913595
load_25_to_75,O1 Proposed,E3 LTV/Joseph,289,1,1,1.00005898397078,1.00180241913595
load_25_to_75,O1 Proposed,E3 LTV/Joseph,290,1,1,1.00005898397078,1.00077279351172
load_25_to_75,O1 Proposed,E3 LTV/Joseph,291,1,1,1.00017829750378,1.00077279351172
load_25_to_75,O1 Proposed,E3 LTV/Joseph,292,1,1,1.00017829750378,1.00298573374379
load_25_to_75,O1 Proposed,E3 LTV/Joseph,293,1,1,1.00091386814544,1.00298573374379
load_25_to_75,O1 Proposed,E3 LTV/Joseph,294,1,1,1.00091386814544,1.00354510262234
load_25_to_75,O1 Proposed,E3 LTV/Joseph,295,1,1,1.00065797668106,1.00354510262234
load_25_to_75,O1 Proposed,E3 LTV/Joseph,296,1,1,1.00065797668106,1.00392342463305
load_25_to_75,O1 Proposed,E3 LTV/Joseph,297,1,1,1.0012705083194,1.00392342463305
load_25_to_75,O1 Proposed,E3 LTV/Joseph,298,1,1,1.0012705083194,1.00575416552161
load_25_to_75,O1 Proposed,E3 LTV/Joseph,299,1,1,1.00195049346985,1.00575416552161
load_25_to_75,O1 Proposed,E3 LTV/Joseph,300,1,1,1.00195049346985,1.01049267945688
load_25_to_75,O1 Proposed,E3 LTV/Joseph,301,1,1,1.00181683298643,1.01049267945688
load_25_to_75,O1 Proposed,E3 LTV/Joseph,302,1,1,1.00181683298643,1.01360823907891
load_25_to_75,O1 Proposed,E3 LTV/Joseph,303,1,1,1.0017664780943,1.01360823907891
load_25_to_75,O1 Proposed,E3 LTV/Joseph,304,1,1,1.0017664780943,1.01460748973043
load_25_to_75,O1 Proposed,E3 LTV/Joseph,305,1,1,1.00135285135277,1.01460748973043
load_25_to_75,O1 Proposed,E3 LTV/Joseph,306,1,1,1.00135285135277,1.01405812901634
load_25_to_75,O1 Proposed,E3 LTV/Joseph,307,1,1,1.00155525911274,1.01405812901634
load_25_to_75,O1 Proposed,E3 LTV/Joseph,308,1,1,1.00155525911274,1.01300717226541
load_25_to_75,O1 Proposed,E3 LTV/Joseph,309,1,1,1.00168084999592,1.01300717226541
load_25_to_75,O1 Proposed,E3 LTV/Joseph,310,1,1,1.00168084999592,1.01463400529443
load_25_to_75,O1 Proposed,E3 LTV/Joseph,311,1,1,1.00126902466115,1.01463400529443
load_25_to_75,O1 Proposed,E3 LTV/Joseph,312,1,1,1.00126902466115,1.01378113816544
load_25_to_75,O1 Proposed,E3 LTV/Joseph,313,1,1,1.00079726896304,1.01378113816544
load_25_to_75,O1 Proposed,E3 LTV/Joseph,314,1,1,1.00079726896304,1.01125248818219
load_25_to_75,O1 Proposed,E3 LTV/Joseph,315,1,1,1.00110016852795,1.01125248818219
load_25_to_75,O1 Proposed,E3 LTV/Joseph,316,1,1,1.00110016852795,1.00803140245127
load_25_to_75,O1 Proposed,E3 LTV/Joseph,317,1,1,1.00150398419306,1.00803140245127
load_25_to_75,O1 Proposed,E3 LTV/Joseph,318,1,1,1.00150398419306,1.00556582902097
load_25_to_75,O1 Proposed,E3 LTV/Joseph,319,1,1,1.00135005110163,1.00556582902097
load_25_to_75,O1 Proposed,E3 LTV/Joseph,320,1,1,1.00135005110163,1.00444794284082
load_25_to_75,O1 Proposed,E3 LTV/Joseph,321,1,1,1.00108431867098,1.00444794284082
load_25_to_75,O1 Proposed,E3 LTV/Joseph,322,1,1,1.00108431867098,1.00272902983192
load_25_to_75,O1 Proposed,E3 LTV/Joseph,323,1,1,1.00136449244899,1.00272902983192
load_25_to_75,O1 Proposed,E3 LTV/Joseph,324,1,1,1.00136449244899,0.999533252480994
load_25_to_75,O1 Proposed,E3 LTV/Joseph,325,1,1,1.00135414492457,0.999533252480994
load_25_to_75,O1 Proposed,E3 LTV/Joseph,326,1,1,1.00135414492457,0.999387459167896
load_25_to_75,O1 Proposed,E3 LTV/Joseph,327,1,1,1.00116462815307,0.999387459167896
load_25_to_75,O1 Proposed,E3 LTV/Joseph,328,1,1,1.00116462815307,1.00033791444624
load_25_to_75,O1 Proposed,E3 LTV/Joseph,329,1,1,1.00097689451276,1.00033791444624
load_25_to_75,O1 Proposed,E3 LTV/Joseph,330,1,1,1.00097689451276,1.00191627189544
load_25_to_75,O1 Proposed,E3 LTV/Joseph,331,1,1,1.00073476952029,1.00191627189544
load_25_to_75,O1 Proposed,E3 LTV/Joseph,332,1,1,1.00073476952029,1.00464751989628
load_25_to_75,O1 Proposed,E3 LTV/Joseph,333,1,1,1.0005433327491,1.00464751989628
load_25_to_75,O1 Proposed,E3 LTV/Joseph,334,1,1,1.0005433327491,1.00858784730055
load_25_to_75,O1 Proposed,E3 LTV/Joseph,335,1,1,1.0008398726362,1.00858784730055
load_25_to_75,O1 Proposed,E3 LTV/Joseph,336,1,1,1.0008398726362,1.00905580185615
load_25_to_75,O1 Proposed,E3 LTV/Joseph,337,1,1,1.00083710297328,1.00905580185615
load_25_to_75,O1 Proposed,E3 LTV/Joseph,338,1,1,1.00083710297328,1.01201399991457
load_25_to_75,O1 Proposed,E3 LTV/Joseph,339,1,1,1.00183561960412,1.01201399991457
load_25_to_75,O1 Proposed,E3 LTV/Joseph,340,1,1,1.00183561960412,1.0169312169281
load_25_to_75,O1 Proposed,E3 LTV/Joseph,341,1,1,1.00258769700483,1.0169312169281
load_25_to_75,O1 Proposed,E3 LTV/Joseph,342,1,1,1.00258769700483,1.01604151972695
load_25_to_75,O1 Proposed,E3 LTV/Joseph,343,1,1,1.0026574060957,1.01604151972695
load_25_to_75,O1 Proposed,E3 LTV/Joseph,344,1,1,1.0026574060957,1.01386430772957
load_25_to_75,O1 Proposed,E3 LTV/Joseph,345,1,1,1.0026934470556,1.01386430772957
load_25_to_75,O1 Proposed,E3 LTV/Joseph,346,1,1,1.0026934470556,1.01649253997688
load_25_to_75,O1 Proposed,E3 LTV/Joseph,347,1,1,1.00250714779829,1.01649253997688
load_25_to_75,O1 Proposed,E3 LTV/Joseph,348,1,1,1.00250714779829,1.01557762301807
load_25_to_75,O1 Proposed,E3 LTV/Joseph,349,1,1,1.00283694201704,1.01557762301807
load_25_to_75,O1 Proposed,E3 LTV/Joseph,350,1,1,1.00283694201704,1.01326023156907
load_25_to_75,O1 Proposed,E3 LTV/Joseph,351,1,1,1.00309675037392,1.01326023156907
load_25_to_75,O1 Proposed,E3 LTV/Joseph,352,1,1,1.00309675037392,1.00955073510133
load_25_to_75,O1 Proposed,E3 LTV/Joseph,353,1,1,1.00321112238375,1.00955073510133
load_25_to_75,O1 Proposed,E3 LTV/Joseph,354,1,1,1.00321112238375,1.00585577373562
load_25_to_75,O1 Proposed,E3 LTV/Joseph,355,1,1,1.003643848973,1.00585577373562
load_25_to_75,O1 Proposed,E3 LTV/Joseph,356,1,1,1.003643848973,1.00351127157161
load_25_to_75,O1 Proposed,E3 LTV/Joseph,357,1,1,1.00377387945305,1.00351127157161
load_25_to_75,O1 Proposed,E3 LTV/Joseph,358,1,1,1.00377387945305,1.00130184300821
load_25_to_75,O1 Proposed,E3 LTV/Joseph,359,1,1,1.00345543001648,1.00130184300821
load_25_to_75,O1 Proposed,E3 LTV/Joseph,360,1,1,1.00345543001648,0.997663280862109
load_25_to_75,O1 Proposed,E3 LTV/Joseph,361,1,1,1.00363763033425,0.997663280862109
load_25_to_75,O1 Proposed,E3 LTV/Joseph,362,1,1,1.00363763033425,0.99757513230441
load_25_to_75,O1 Proposed,E3 LTV/Joseph,363,1,1,1.00341440101765,0.99757513230441
load_25_to_75,O1 Proposed,E3 LTV/Joseph,364,1,1,1.00341440101765,0.996502305336834
load_25_to_75,O1 Proposed,E3 LTV/Joseph,365,1,1,1.00352953757944,0.996502305336834
load_25_to_75,O1 Proposed,E3 LTV/Joseph,366,1,1,1.00352953757944,0.994451665532425
load_25_to_75,O1 Proposed,E3 LTV/Joseph,367,1,1,1.00252756713167,0.994451665532425
load_25_to_75,O1 Proposed,E3 LTV/Joseph,368,1,1,1.00252756713167,0.993950473193032
load_25_to_75,O1 Proposed,E3 LTV/Joseph,369,1,1,1.00231368006229,0.993950473193032
load_25_to_75,O1 Proposed,E3 LTV/Joseph,370,1,1,1.00231368006229,0.996738313556349
load_25_to_75,O1 Proposed,E3 LTV/Joseph,371,1,1,1.00230123579457,0.996738313556349
load_25_to_75,O1 Proposed,E3 LTV/Joseph,372,1,1,1.00230123579457,0.998031874921777
load_25_to_75,O1 Proposed,E3 LTV/Joseph,373,1,1,1.00276403117975,0.998031874921777
load_25_to_75,O1 Proposed,E3 LTV/Joseph,374,1,1,1.00276403117975,0.999446328667827
load_25_to_75,O1 Proposed,E3 LTV/Joseph,375,1,1,1.0026291569568,0.999446328667827
load_25_to_75,O1 Proposed,E3 LTV/Joseph,376,1,1,1.0026291569568,1.00353486015034
load_25_to_75,O1 Proposed,E3 LTV/Joseph,377,1,1,1.00302481664053,1.00353486015034
load_25_to_75,O1 Proposed,E3 LTV/Joseph,378,1,1,1.00302481664053,1.007542837646
load_25_to_75,O1 Proposed,E3 LTV/Joseph,379,1,1,1.00314527139165,1.007542837646
load_25_to_75,O1 Proposed,E3 LTV/Joseph,380,1,1,1.00314527139165,1.00861640597472
load_25_to_75,O1 Proposed,E3 LTV/Joseph,381,1,1,1.00296577094903,1.00861640597472
load_25_to_75,O1 Proposed,E3 LTV/Joseph,382,1,1,1.00296577094903,1.00703069374213
load_25_to_75,O1 Proposed,E3 LTV/Joseph,383,1,1,1.00272967963644,1.00703069374213
load_25_to_75,O1 Proposed,E3 LTV/Joseph,384,1,1,1.00272967963644,1.00579398267774
C_1_to_0p8,O0 Mixed,E1 RLS,1,1,1,1.14802126709951,1.27997247136045
C_1_to_0p8,O0 Mixed,E1 RLS,2,1,1,1.35,1.8107226676696
C_1_to_0p8,O0 Mixed,E1 RLS,3,1,1,0.65,0.35
C_1_to_0p8,O0 Mixed,E1 RLS,4,1,1,1.35,2.0875635356307
C_1_to_0p8,O0 Mixed,E1 RLS,5,1,1,1.35,2.5
C_1_to_0p8,O0 Mixed,E1 RLS,6,1,1,1.35,2.5
C_1_to_0p8,O0 Mixed,E1 RLS,7,1,1,1.35,2.5
C_1_to_0p8,O0 Mixed,E1 RLS,8,1,1,1.35,2.5
C_1_to_0p8,O0 Mixed,E1 RLS,9,1,1,1.35,2.5
C_1_to_0p8,O0 Mixed,E1 RLS,10,1,1,1.35,2.5
C_1_to_0p8,O0 Mixed,E1 RLS,11,1,1,1.35,2.5
C_1_to_0p8,O0 Mixed,E1 RLS,12,1,1,1.35,2.5
C_1_to_0p8,O0 Mixed,E1 RLS,13,1,1,1.14722310038135,2.35214306013946
C_1_to_0p8,O0 Mixed,E1 RLS,14,1,1,0.979469493253843,2.17737374254114
C_1_to_0p8,O0 Mixed,E1 RLS,15,1,1,0.893197753289672,2.05738768393492
C_1_to_0p8,O0 Mixed,E1 RLS,16,1,1,0.823141438885799,1.93665250929718
C_1_to_0p8,O0 Mixed,E1 RLS,17,1,1,0.774186257288938,1.83517581429039
C_1_to_0p8,O0 Mixed,E1 RLS,18,1,1,0.739700559133949,1.75224398552896
C_1_to_0p8,O0 Mixed,E1 RLS,19,1,1,0.718622709030938,1.69538530393548
C_1_to_0p8,O0 Mixed,E1 RLS,20,1,1,0.700306365717844,1.6412048045565
C_1_to_0p8,O0 Mixed,E1 RLS,21,1,1,0.686170371713544,1.59597202547108
C_1_to_0p8,O0 Mixed,E1 RLS,22,1,1,0.677979153694337,1.56822719716278
C_1_to_0p8,O0 Mixed,E1 RLS,23,1,1,0.670511916786981,1.54200404389006
C_1_to_0p8,O0 Mixed,E1 RLS,24,1,1,0.66428033619627,1.51973423017258
C_1_to_0p8,O0 Mixed,E1 RLS,25,1,1,0.661192970890778,1.50881713493277
C_1_to_0p8,O0 Mixed,E1 RLS,26,1,1,0.658851496852742,1.50090295973978
C_1_to_0p8,O0 Mixed,E1 RLS,27,1,1,0.657772883065337,1.49755760296451
C_1_to_0p8,O0 Mixed,E1 RLS,28,1,1,0.65748543247742,1.4967820297234
C_1_to_0p8,O0 Mixed,E1 RLS,29,1,1,0.657302844096615,1.49638294545114
C_1_to_0p8,O0 Mixed,E1 RLS,30,1,1,0.658734451847568,1.49865148060883
C_1_to_0p8,O0 Mixed,E1 RLS,31,1,1,0.660627733580235,1.50040636195553
C_1_to_0p8,O0 Mixed,E1 RLS,32,1,1,0.664029038445132,1.50125123487383
C_1_to_0p8,O0 Mixed,E1 RLS,33,1,1,0.668492951176219,1.49938342318741
C_1_to_0p8,O0 Mixed,E1 RLS,34,1,1,0.67525654303589,1.4923172734346
C_1_to_0p8,O0 Mixed,E1 RLS,35,1,1,0.682713420978352,1.48032407355383
C_1_to_0p8,O0 Mixed,E1 RLS,36,1,1,0.691582045449735,1.46174496379757
C_1_to_0p8,O0 Mixed,E1 RLS,37,1,1,0.701683043256904,1.43660129064351
C_1_to_0p8,O0 Mixed,E1 RLS,38,1,1,0.71076957441744,1.41128683058039
C_1_to_0p8,O0 Mixed,E1 RLS,39,1,1,0.720143237308463,1.38340595245364
C_1_to_0p8,O0 Mixed,E1 RLS,40,1,1,0.729599437200514,1.35472376267454
C_1_to_0p8,O0 Mixed,E1 RLS,41,1,1,0.738650820598443,1.32801856538965
C_1_to_0p8,O0 Mixed,E1 RLS,42,1,1,0.747229244182095,1.3046562538345
C_1_to_0p8,O0 Mixed,E1 RLS,43,1,1,0.754817043677901,1.28670647902096
C_1_to_0p8,O0 Mixed,E1 RLS,44,1,1,0.762946768074619,1.27122559735296
C_1_to_0p8,O0 Mixed,E1 RLS,45,1,1,0.770072736606391,1.26136203128578
C_1_to_0p8,O0 Mixed,E1 RLS,46,1,1,0.776900540141498,1.25553589631348
C_1_to_0p8,O0 Mixed,E1 RLS,47,1,1,0.783088453024665,1.25338533552923
C_1_to_0p8,O0 Mixed,E1 RLS,48,1,1,0.789460799509866,1.25408920556093
C_1_to_0p8,O0 Mixed,E1 RLS,49,1,1,0.794616330379697,1.25672565043636
C_1_to_0p8,O0 Mixed,E1 RLS,50,1,1,0.799730925313189,1.26110576934152
C_1_to_0p8,O0 Mixed,E1 RLS,51,1,1,0.801290205028046,1.2629070604905
C_1_to_0p8,O0 Mixed,E1 RLS,52,1,1,0.803393934334909,1.26588827435932
C_1_to_0p8,O0 Mixed,E1 RLS,53,1,1,0.80356075143693,1.26616314201332
C_1_to_0p8,O0 Mixed,E1 RLS,54,1,1,0.803759303749041,1.2665313172217
C_1_to_0p8,O0 Mixed,E1 RLS,55,1,1,0.802003442384803,1.26294672262572
C_1_to_0p8,O0 Mixed,E1 RLS,56,1,1,0.800038709720629,1.25859980742751
C_1_to_0p8,O0 Mixed,E1 RLS,57,1,1,0.799583334451012,1.257526360183
C_1_to_0p8,O0 Mixed,E1 RLS,58,1,1,0.798066817511735,1.25377351394834
C_1_to_0p8,O0 Mixed,E1 RLS,59,1,1,0.796805294505664,1.25054029212487
C_1_to_0p8,O0 Mixed,E1 RLS,60,1,1,0.795809042012396,1.24793966752366
C_1_to_0p8,O0 Mixed,E1 RLS,61,1,1,0.794393392682952,1.24424509284659
C_1_to_0p8,O0 Mixed,E1 RLS,62,1,1,0.792913573166216,1.24046835830831
C_1_to_0p8,O0 Mixed,E1 RLS,63,1,1,0.792013999774421,1.23828689720775
C_1_to_0p8,O0 Mixed,E1 RLS,64,1,1,0.791762289502127,1.23772803224179
C_1_to_0p8,O0 Mixed,E1 RLS,65,1,1,0.791264010840315,1.23676146214024
C_1_to_0p8,O0 Mixed,E1 RLS,66,1,1,0.791567608278538,1.23724378929527
C_1_to_0p8,O0 Mixed,E1 RLS,67,1,1,0.791586796830159,1.2372664060981
C_1_to_0p8,O0 Mixed,E1 RLS,68,1,1,0.792597085675504,1.23799961358845
C_1_to_0p8,O0 Mixed,E1 RLS,69,1,1,0.79323669845735,1.23815880802529
C_1_to_0p8,O0 Mixed,E1 RLS,70,1,1,0.795113403511849,1.23772178464564
C_1_to_0p8,O0 Mixed,E1 RLS,71,1,1,0.796914938477773,1.23645860295688
C_1_to_0p8,O0 Mixed,E1 RLS,72,1,1,0.798739681776498,1.23437671437078
C_1_to_0p8,O0 Mixed,E1 RLS,73,1,1,0.801149520969218,1.23067199383456
C_1_to_0p8,O0 Mixed,E1 RLS,74,1,1,0.804277128114312,1.22480869583034
C_1_to_0p8,O0 Mixed,E1 RLS,75,1,1,0.807223868168433,1.21850228290221
C_1_to_0p8,O0 Mixed,E1 RLS,76,1,1,0.810802985088878,1.21019926043995
C_1_to_0p8,O0 Mixed,E1 RLS,77,1,1,0.814083987887474,1.20232060487657
C_1_to_0p8,O0 Mixed,E1 RLS,78,1,1,0.817606187886263,1.19395061235413
C_1_to_0p8,O0 Mixed,E1 RLS,79,1,1,0.820928518633734,1.18650103809844
C_1_to_0p8,O0 Mixed,E1 RLS,80,1,1,0.824048093525965,1.1802389138553
C_1_to_0p8,O0 Mixed,E1 RLS,81,1,1,0.826510050314552,1.17607892125051
C_1_to_0p8,O0 Mixed,E1 RLS,82,1,1,0.829835939122309,1.17171541060248
C_1_to_0p8,O0 Mixed,E1 RLS,83,1,1,0.832506900415996,1.16930334069502
C_1_to_0p8,O0 Mixed,E1 RLS,84,1,1,0.834798482699233,1.16817944829232
C_1_to_0p8,O0 Mixed,E1 RLS,85,1,1,0.837368772930359,1.16794070858976
C_1_to_0p8,O0 Mixed,E1 RLS,86,1,1,0.838715113116229,1.16831355792927
C_1_to_0p8,O0 Mixed,E1 RLS,87,1,1,0.840315554165164,1.1692957622896
C_1_to_0p8,O0 Mixed,E1 RLS,88,1,1,0.842442114487761,1.17124126796863
C_1_to_0p8,O0 Mixed,E1 RLS,89,1,1,0.843138826459507,1.17206555785556
C_1_to_0p8,O0 Mixed,E1 RLS,90,1,1,0.8427976451024,1.17157958704801
C_1_to_0p8,O0 Mixed,E1 RLS,91,1,1,0.841567869743832,1.1695602853242
C_1_to_0p8,O0 Mixed,E1 RLS,92,1,1,0.840918409656466,1.16836821442153
C_1_to_0p8,O0 Mixed,E1 RLS,93,1,1,0.840212490046224,1.16695398856686
C_1_to_0p8,O0 Mixed,E1 RLS,94,1,1,0.838859544167472,1.16404856961421
C_1_to_0p8,O0 Mixed,E1 RLS,95,1,1,0.838224545948502,1.16261141807284
C_1_to_0p8,O0 Mixed,E1 RLS,96,1,1,0.837449088656045,1.1607932383737
C_1_to_0p8,O0 Mixed,E1 RLS,97,1,1,0.836615596478588,1.15880317391101
C_1_to_0p8,O0 Mixed,E1 RLS,98,1,1,0.836143499676783,1.15767801007258
C_1_to_0p8,O0 Mixed,E1 RLS,99,1,1,0.835498192140634,1.15617808265581
C_1_to_0p8,O0 Mixed,E1 RLS,100,1,1,0.834867465790725,1.15478745129524
C_1_to_0p8,O0 Mixed,E1 RLS,101,1,1,0.834279535069046,1.15360006890416
C_1_to_0p8,O0 Mixed,E1 RLS,102,1,1,0.834074244070069,1.15323725132437
C_1_to_0p8,O0 Mixed,E1 RLS,103,1,1,0.833738615721712,1.1527496198433
C_1_to_0p8,O0 Mixed,E1 RLS,104,1,1,0.833663686673592,1.1526682720283
C_1_to_0p8,O0 Mixed,E1 RLS,105,1,1,0.833753976352165,1.15272951861952
C_1_to_0p8,O0 Mixed,E1 RLS,106,1,1,0.83358460142917,1.15268772599336
C_1_to_0p8,O0 Mixed,E1 RLS,107,1,1,0.834451921535871,1.15252013852778
C_1_to_0p8,O0 Mixed,E1 RLS,108,1,1,0.835073667175645,1.15213164898248
C_1_to_0p8,O0 Mixed,E1 RLS,109,1,1,0.836269474386696,1.15089667464966
C_1_to_0p8,O0 Mixed,E1 RLS,110,1,1,0.837116172729399,1.14970900177577
C_1_to_0p8,O0 Mixed,E1 RLS,111,1,1,0.838729683571657,1.14693304188951
C_1_to_0p8,O0 Mixed,E1 RLS,112,1,1,0.839800142167652,1.14482143930559
C_1_to_0p8,O0 Mixed,E1 RLS,113,1,1,0.841914730923575,1.14028452000597
C_1_to_0p8,O0 Mixed,E1 RLS,114,1,1,0.843829270282694,1.13602083720645
C_1_to_0p8,O0 Mixed,E1 RLS,115,1,1,0.845410343016844,1.13252141079573
C_1_to_0p8,O0 Mixed,E1 RLS,116,1,1,0.847259234782171,1.12863504062863
C_1_to_0p8,O0 Mixed,E1 RLS,117,1,1,0.849320528048896,1.12472229027315
C_1_to_0p8,O0 Mixed,E1 RLS,118,1,1,0.851171718716533,1.12172756313352
C_1_to_0p8,O0 Mixed,E1 RLS,119,1,1,0.852622693131778,1.11986718103392
C_1_to_0p8,O0 Mixed,E1 RLS,120,1,1,0.853751235336609,1.1188355829573
C_1_to_0p8,O0 Mixed,E1 RLS,121,1,1,0.85534888299986,1.11798229720138
C_1_to_0p8,O0 Mixed,E1 RLS,122,1,1,0.855956390743678,1.11788480774077
C_1_to_0p8,O0 Mixed,E1 RLS,123,1,1,0.857066670787002,1.1181009848616
C_1_to_0p8,O0 Mixed,E1 RLS,124,1,1,0.857844600106099,1.1185086903318
C_1_to_0p8,O0 Mixed,E1 RLS,125,1,1,0.858961573960818,1.11942934708419
C_1_to_0p8,O0 Mixed,E1 RLS,126,1,1,0.859339824716847,1.11984355057999
C_1_to_0p8,O0 Mixed,E1 RLS,127,1,1,0.859628302757654,1.12022964800282
C_1_to_0p8,O0 Mixed,E1 RLS,128,0.8,1,0.857405623027392,1.1167635720519
C_1_to_0p8,O0 Mixed,E1 RLS,129,0.8,1,0.855454676602909,1.1133297432853
C_1_to_0p8,O0 Mixed,E1 RLS,130,0.8,1,0.853738072772819,1.11000729024098
C_1_to_0p8,O0 Mixed,E1 RLS,131,0.8,1,0.852439640465162,1.10730204509582
C_1_to_0p8,O0 Mixed,E1 RLS,132,0.8,1,0.850183689214448,1.10233005581892
C_1_to_0p8,O0 Mixed,E1 RLS,133,0.8,1,0.848388641356659,1.09821483421418
C_1_to_0p8,O0 Mixed,E1 RLS,134,0.8,1,0.847377682891438,1.09585061063476
C_1_to_0p8,O0 Mixed,E1 RLS,135,0.8,1,0.846050914343434,1.09274983732165
C_1_to_0p8,O0 Mixed,E1 RLS,136,0.8,1,0.845034453204403,1.09043018952913
C_1_to_0p8,O0 Mixed,E1 RLS,137,0.8,1,0.844177245408544,1.08857350151281
C_1_to_0p8,O0 Mixed,E1 RLS,138,0.8,1,0.843343351318103,1.08691778198767
C_1_to_0p8,O0 Mixed,E1 RLS,139,0.8,1,0.842509537769687,1.08546641315998
C_1_to_0p8,O0 Mixed,E1 RLS,140,0.8,1,0.841869640905589,1.08454827845402
C_1_to_0p8,O0 Mixed,E1 RLS,141,0.8,1,0.841304960896798,1.08394047262716
C_1_to_0p8,O0 Mixed,E1 RLS,142,0.8,1,0.840646108586672,1.08349392852419
C_1_to_0p8,O0 Mixed,E1 RLS,143,0.8,1,0.840024424412329,1.08333649826412
C_1_to_0p8,O0 Mixed,E1 RLS,144,0.8,1,0.839320457015384,1.08346457862849
C_1_to_0p8,O0 Mixed,E1 RLS,145,0.8,1,0.83875534149828,1.08381057245268
C_1_to_0p8,O0 Mixed,E1 RLS,146,0.8,1,0.838107714228198,1.08447272767373
C_1_to_0p8,O0 Mixed,E1 RLS,147,0.8,1,0.837394533927072,1.08546968843712
C_1_to_0p8,O0 Mixed,E1 RLS,148,0.8,1,0.83687671627421,1.08636224197835
C_1_to_0p8,O0 Mixed,E1 RLS,149,0.8,1,0.836512680342417,1.08708476301353
C_1_to_0p8,O0 Mixed,E1 RLS,150,0.8,1,0.835862368492132,1.08849502297792
C_1_to_0p8,O0 Mixed,E1 RLS,151,0.8,1,0.835401689537891,1.08953786839599
C_1_to_0p8,O0 Mixed,E1 RLS,152,0.8,1,0.834977578258388,1.09049704792641
C_1_to_0p8,O0 Mixed,E1 RLS,153,0.8,1,0.834593383043977,1.09132729545577
C_1_to_0p8,O0 Mixed,E1 RLS,154,0.8,1,0.834158398199508,1.09218324764941
C_1_to_0p8,O0 Mixed,E1 RLS,155,0.8,1,0.833936512208387,1.09255927804801
C_1_to_0p8,O0 Mixed,E1 RLS,156,0.8,1,0.833606907998815,1.09300786945826
C_1_to_0p8,O0 Mixed,E1 RLS,157,0.8,1,0.832951349170993,1.09365635389242
C_1_to_0p8,O0 Mixed,E1 RLS,158,0.8,1,0.832340649605665,1.09402264859531
C_1_to_0p8,O0 Mixed,E1 RLS,159,0.8,1,0.831653407503588,1.0941671326845
C_1_to_0p8,O0 Mixed,E1 RLS,160,0.8,1,0.830585005013092,1.09398951020794
C_1_to_0p8,O0 Mixed,E1 RLS,161,0.8,1,0.829751751340044,1.09355502897067
C_1_to_0p8,O0 Mixed,E1 RLS,162,0.8,1,0.828695598330589,1.09265667429773
C_1_to_0p8,O0 Mixed,E1 RLS,163,0.8,1,0.827714986341736,1.09152697032555
C_1_to_0p8,O0 Mixed,E1 RLS,164,0.8,1,0.826381882809649,1.08962611749442
C_1_to_0p8,O0 Mixed,E1 RLS,165,0.8,1,0.825151516117009,1.08756808292238
C_1_to_0p8,O0 Mixed,E1 RLS,166,0.8,1,0.824326659301901,1.08600814322967
C_1_to_0p8,O0 Mixed,E1 RLS,167,0.8,1,0.823187628389143,1.08363730884471
C_1_to_0p8,O0 Mixed,E1 RLS,168,0.8,1,0.822222195649147,1.08147231369207
C_1_to_0p8,O0 Mixed,E1 RLS,169,0.8,1,0.821314083576935,1.07931979154863
C_1_to_0p8,O0 Mixed,E1 RLS,170,0.8,1,0.820018388031741,1.07612990456183
C_1_to_0p8,O0 Mixed,E1 RLS,171,0.8,1,0.819454954700429,1.07471610179599
C_1_to_0p8,O0 Mixed,E1 RLS,172,0.8,1,0.818834814329339,1.07316309603224
C_1_to_0p8,O0 Mixed,E1 RLS,173,0.8,1,0.818072681937514,1.07130164673627
C_1_to_0p8,O0 Mixed,E1 RLS,174,0.8,1,0.817313688953165,1.06954292034325
C_1_to_0p8,O0 Mixed,E1 RLS,175,0.8,1,0.816685247242,1.0682082608936
C_1_to_0p8,O0 Mixed,E1 RLS,176,0.8,1,0.816317806029952,1.0675243628201
C_1_to_0p8,O0 Mixed,E1 RLS,177,0.8,1,0.815990254930504,1.06702180529556
C_1_to_0p8,O0 Mixed,E1 RLS,178,0.8,1,0.815693030374451,1.06667933462818
C_1_to_0p8,O0 Mixed,E1 RLS,179,0.8,1,0.815197651268784,1.0663187895051
C_1_to_0p8,O0 Mixed,E1 RLS,180,0.8,1,0.814624452159231,1.06616069947578
C_1_to_0p8,O0 Mixed,E1 RLS,181,0.8,1,0.814300585326011,1.0662215558854
C_1_to_0p8,O0 Mixed,E1 RLS,182,0.8,1,0.81391604208426,1.06647012135409
C_1_to_0p8,O0 Mixed,E1 RLS,183,0.8,1,0.813349330152985,1.0670841394782
C_1_to_0p8,O0 Mixed,E1 RLS,184,0.8,1,0.81319345320818,1.0673152320893
C_1_to_0p8,O0 Mixed,E1 RLS,185,0.8,1,0.812910072051544,1.06783305780704
C_1_to_0p8,O0 Mixed,E1 RLS,186,0.8,1,0.812510904868675,1.06867275630446
C_1_to_0p8,O0 Mixed,E1 RLS,187,0.8,1,0.812406856187185,1.06891170389666
C_1_to_0p8,O0 Mixed,E1 RLS,188,0.8,1,0.812434753291872,1.06884492870203
C_1_to_0p8,O0 Mixed,E1 RLS,189,0.8,1,0.811977107131608,1.06993879176288
C_1_to_0p8,O0 Mixed,E1 RLS,190,0.8,1,0.811824912942949,1.070286528288
C_1_to_0p8,O0 Mixed,E1 RLS,191,0.8,1,0.811517684638089,1.07092649416226
C_1_to_0p8,O0 Mixed,E1 RLS,192,0.8,1,0.81128443289014,1.07134616180084
C_1_to_0p8,O0 Mixed,E1 RLS,193,0.8,1,0.810945679792557,1.07183818572123
C_1_to_0p8,O0 Mixed,E1 RLS,194,0.8,1,0.810416392507071,1.07240188262412
C_1_to_0p8,O0 Mixed,E1 RLS,195,0.8,1,0.809875362849174,1.07275773211444
C_1_to_0p8,O0 Mixed,E1 RLS,196,0.8,1,0.809179239368533,1.07293077483245
C_1_to_0p8,O0 Mixed,E1 RLS,197,0.8,1,0.808430612881546,1.07281938444788
C_1_to_0p8,O0 Mixed,E1 RLS,198,0.8,1,0.808113812564878,1.07265306572715
C_1_to_0p8,O0 Mixed,E1 RLS,199,0.8,1,0.807308469162179,1.07194870046363
C_1_to_0p8,O0 Mixed,E1 RLS,200,0.8,1,0.806881543427433,1.07143838626414
C_1_to_0p8,O0 Mixed,E1 RLS,201,0.8,1,0.805942933100988,1.07004308506656
C_1_to_0p8,O0 Mixed,E1 RLS,202,0.8,1,0.805581044032754,1.06941048402142
C_1_to_0p8,O0 Mixed,E1 RLS,203,0.8,1,0.804360600904992,1.06699331129387
C_1_to_0p8,O0 Mixed,E1 RLS,204,0.8,1,0.80410366065335,1.06643251203926
C_1_to_0p8,O0 Mixed,E1 RLS,205,0.8,1,0.803394493225183,1.06476517880124
C_1_to_0p8,O0 Mixed,E1 RLS,206,0.8,1,0.80273624240523,1.06312910621219
C_1_to_0p8,O0 Mixed,E1 RLS,207,0.8,1,0.802142733398022,1.06159809711311
C_1_to_0p8,O0 Mixed,E1 RLS,208,0.8,1,0.802016815355731,1.06126744241155
C_1_to_0p8,O0 Mixed,E1 RLS,209,0.8,1,0.801633229818001,1.06026299619525
C_1_to_0p8,O0 Mixed,E1 RLS,210,0.8,1,0.801070802264891,1.05882745388496
C_1_to_0p8,O0 Mixed,E1 RLS,211,0.8,1,0.800666762363624,1.05784973835207
C_1_to_0p8,O0 Mixed,E1 RLS,212,0.8,1,0.800329462287287,1.05710217101432
C_1_to_0p8,O0 Mixed,E1 RLS,213,0.8,1,0.800117099580249,1.05668978313183
C_1_to_0p8,O0 Mixed,E1 RLS,214,0.8,1,0.799798956865757,1.05618029297903
C_1_to_0p8,O0 Mixed,E1 RLS,215,0.8,1,0.799499651173117,1.05581991697293
C_1_to_0p8,O0 Mixed,E1 RLS,216,0.8,1,0.799135707841678,1.05554250662348
C_1_to_0p8,O0 Mixed,E1 RLS,217,0.8,1,0.799030161480469,1.0555117608588
C_1_to_0p8,O0 Mixed,E1 RLS,218,0.8,1,0.798731850564241,1.05556890466357
C_1_to_0p8,O0 Mixed,E1 RLS,219,0.8,1,0.798432638279447,1.05576909917225
C_1_to_0p8,O0 Mixed,E1 RLS,220,0.8,1,0.797918262391347,1.05634741793957
C_1_to_0p8,O0 Mixed,E1 RLS,221,0.8,1,0.797688660053702,1.05670101208043
C_1_to_0p8,O0 Mixed,E1 RLS,222,0.8,1,0.797394714794315,1.05725923634515
C_1_to_0p8,O0 Mixed,E1 RLS,223,0.8,1,0.79710619722322,1.05788993655364
C_1_to_0p8,O0 Mixed,E1 RLS,224,0.8,1,0.796876659662614,1.05843763129849
C_1_to_0p8,O0 Mixed,E1 RLS,225,0.8,1,0.796681381679935,1.05892341283657
C_1_to_0p8,O0 Mixed,E1 RLS,226,0.8,1,0.7963345857113,1.05978502217317
C_1_to_0p8,O0 Mixed,E1 RLS,227,0.8,1,0.796124170207813,1.06028493564122
C_1_to_0p8,O0 Mixed,E1 RLS,228,0.8,1,0.796012837589551,1.06052630313283
C_1_to_0p8,O0 Mixed,E1 RLS,229,0.8,1,0.795664808218765,1.06117927249314
C_1_to_0p8,O0 Mixed,E1 RLS,230,0.8,1,0.795342681234015,1.06166890076805
C_1_to_0p8,O0 Mixed,E1 RLS,231,0.8,1,0.795063289801976,1.06198202295757
C_1_to_0p8,O0 Mixed,E1 RLS,232,0.8,1,0.79453838585817,1.06234960432338
C_1_to_0p8,O0 Mixed,E1 RLS,233,0.8,1,0.794177957392608,1.06244938158459
C_1_to_0p8,O0 Mixed,E1 RLS,234,0.8,1,0.793732860026971,1.06238908106633
C_1_to_0p8,O0 Mixed,E1 RLS,235,0.8,1,0.793410849394062,1.06221944691908
C_1_to_0p8,O0 Mixed,E1 RLS,236,0.8,1,0.793071085662133,1.06191665844199
C_1_to_0p8,O0 Mixed,E1 RLS,237,0.8,1,0.792294912680173,1.06096473699174
C_1_to_0p8,O0 Mixed,E1 RLS,238,0.8,1,0.792010749979758,1.06052967608292
C_1_to_0p8,O0 Mixed,E1 RLS,239,0.8,1,0.791465911350308,1.05954666852192
C_1_to_0p8,O0 Mixed,E1 RLS,240,0.8,1,0.790769070707516,1.05812009929943
C_1_to_0p8,O0 Mixed,E1 RLS,241,0.8,1,0.790362142790162,1.05720129799872
C_1_to_0p8,O0 Mixed,E1 RLS,242,0.8,1,0.790192497053727,1.05678853306194
C_1_to_0p8,O0 Mixed,E1 RLS,243,0.8,1,0.789722999570752,1.05558137689761
C_1_to_0p8,O0 Mixed,E1 RLS,244,0.8,1,0.789497958460285,1.05498110119267
C_1_to_0p8,O0 Mixed,E1 RLS,245,0.8,1,0.789147365247366,1.05402919087348
C_1_to_0p8,O0 Mixed,E1 RLS,246,0.8,1,0.788763382471134,1.05298925891324
C_1_to_0p8,O0 Mixed,E1 RLS,247,0.8,1,0.788371804166255,1.05195581086502
C_1_to_0p8,O0 Mixed,E1 RLS,248,0.8,1,0.788024199582211,1.0510863189466
C_1_to_0p8,O0 Mixed,E1 RLS,249,0.8,1,0.787751581586798,1.05046180087866
C_1_to_0p8,O0 Mixed,E1 RLS,250,0.8,1,0.787405272125376,1.04976648730643
C_1_to_0p8,O0 Mixed,E1 RLS,251,0.8,1,0.78715002863215,1.04934363689792
C_1_to_0p8,O0 Mixed,E1 RLS,252,0.8,1,0.78701839835872,1.0491796012093
C_1_to_0p8,O0 Mixed,E1 RLS,253,0.8,1,0.786739214719758,1.04895905217276
C_1_to_0p8,O0 Mixed,E1 RLS,254,0.8,1,0.78640963137133,1.04885889549408
C_1_to_0p8,O0 Mixed,E1 RLS,255,0.8,1,0.786252852410436,1.04888946557726
C_1_to_0p8,O0 Mixed,E1 RLS,256,0.8,1,0.786060172823712,1.04902211022339
C_1_to_0p8,O0 Mixed,E1 RLS,257,0.8,1,0.785872230311195,1.04923982161343
C_1_to_0p8,O0 Mixed,E1 RLS,258,0.8,1,0.785729673398158,1.04946606416068
C_1_to_0p8,O0 Mixed,E1 RLS,259,0.8,1,0.785632402100271,1.04965640903506
C_1_to_0p8,O0 Mixed,E1 RLS,260,0.8,1,0.785561743456003,1.04981548546307
C_1_to_0p8,O0 Mixed,E1 RLS,261,0.8,1,0.785443102949523,1.05010687616208
C_1_to_0p8,O0 Mixed,E1 RLS,262,0.8,1,0.78531480319406,1.05043528990999
C_1_to_0p8,O0 Mixed,E1 RLS,263,0.8,1,0.785287341409955,1.05050546251304
C_1_to_0p8,O0 Mixed,E1 RLS,264,0.8,1,0.785106047488505,1.05094840227046
C_1_to_0p8,O0 Mixed,E1 RLS,265,0.8,1,0.784963860014324,1.05126564791319
C_1_to_0p8,O0 Mixed,E1 RLS,266,0.8,1,0.78503651111386,1.05112523593841
C_1_to_0p8,O0 Mixed,E1 RLS,267,0.8,1,0.784889766562616,1.05135538527255
C_1_to_0p8,O0 Mixed,E1 RLS,268,0.8,1,0.784641768561767,1.05164328670808
C_1_to_0p8,O0 Mixed,E1 RLS,269,0.8,1,0.784595955801353,1.05167677683393
C_1_to_0p8,O0 Mixed,E1 RLS,270,0.8,1,0.784385512085998,1.05173940800623
C_1_to_0p8,O0 Mixed,E1 RLS,271,0.8,1,0.78430978855137,1.05172995823947
C_1_to_0p8,O0 Mixed,E1 RLS,272,0.8,1,0.783969761211279,1.05155100356583
C_1_to_0p8,O0 Mixed,E1 RLS,273,0.8,1,0.783708100414928,1.05131524338054
C_1_to_0p8,O0 Mixed,E1 RLS,274,0.8,1,0.78333425283386,1.05084952617464
C_1_to_0p8,O0 Mixed,E1 RLS,275,0.8,1,0.783198688499382,1.05063820570613
C_1_to_0p8,O0 Mixed,E1 RLS,276,0.8,1,0.782644494652321,1.0496182975441
C_1_to_0p8,O0 Mixed,E1 RLS,277,0.8,1,0.782509190559523,1.04933556488601
C_1_to_0p8,O0 Mixed,E1 RLS,278,0.8,1,0.7823121663657,1.04888150474495
C_1_to_0p8,O0 Mixed,E1 RLS,279,0.8,1,0.781902664758577,1.04786386903554
C_1_to_0p8,O0 Mixed,E1 RLS,280,0.8,1,0.781610405102333,1.04709601793602
C_1_to_0p8,O0 Mixed,E1 RLS,281,0.8,1,0.781322210834044,1.04631046141862
C_1_to_0p8,O0 Mixed,E1 RLS,282,0.8,1,0.781067584759206,1.04560395974973
C_1_to_0p8,O0 Mixed,E1 RLS,283,0.8,1,0.781040051825802,1.04552780235774
C_1_to_0p8,O0 Mixed,E1 RLS,284,0.8,1,0.780697635548562,1.04460533094763
C_1_to_0p8,O0 Mixed,E1 RLS,285,0.8,1,0.780472971555446,1.04403182047746
C_1_to_0p8,O0 Mixed,E1 RLS,286,0.8,1,0.78025281881774,1.0435172241862
C_1_to_0p8,O0 Mixed,E1 RLS,287,0.8,1,0.779867272398313,1.04272726113817
C_1_to_0p8,O0 Mixed,E1 RLS,288,0.8,1,0.779540492872673,1.04217454443442
C_1_to_0p8,O0 Mixed,E1 RLS,289,0.8,1,0.779467197673163,1.04208123238105
C_1_to_0p8,O0 Mixed,E1 RLS,290,0.8,1,0.779548541679499,1.04214692520309
C_1_to_0p8,O0 Mixed,E1 RLS,291,0.8,1,0.779109500921377,1.04200993740433
C_1_to_0p8,O0 Mixed,E1 RLS,292,0.8,1,0.779104602486218,1.0420109002331
C_1_to_0p8,O0 Mixed,E1 RLS,293,0.8,1,0.778919776143505,1.04214020826962
C_1_to_0p8,O0 Mixed,E1 RLS,294,0.8,1,0.778915407142678,1.04214535760731
C_1_to_0p8,O0 Mixed,E1 RLS,295,0.8,1,0.778838305378231,1.04226988259746
C_1_to_0p8,O0 Mixed,E1 RLS,296,0.8,1,0.778610689648278,1.0427232847962
C_1_to_0p8,O0 Mixed,E1 RLS,297,0.8,1,0.778541377318787,1.04288215727594
C_1_to_0p8,O0 Mixed,E1 RLS,298,0.8,1,0.77838575330601,1.04327128969906
C_1_to_0p8,O0 Mixed,E1 RLS,299,0.8,1,0.778326381408807,1.04342599208576
C_1_to_0p8,O0 Mixed,E1 RLS,300,0.8,1,0.778305239676786,1.0434809793136
C_1_to_0p8,O0 Mixed,E1 RLS,301,0.8,1,0.778260367661206,1.0435925724549
C_1_to_0p8,O0 Mixed,E1 RLS,302,0.8,1,0.77811624311428,1.04392002213937
C_1_to_0p8,O0 Mixed,E1 RLS,303,0.8,1,0.777850819548306,1.04444316924488
C_1_to_0p8,O0 Mixed,E1 RLS,304,0.8,1,0.777730768475802,1.04463560618681
C_1_to_0p8,O0 Mixed,E1 RLS,305,0.8,1,0.777512167495763,1.04489575600827
C_1_to_0p8,O0 Mixed,E1 RLS,306,0.8,1,0.777197376149247,1.04513318701619
C_1_to_0p8,O0 Mixed,E1 RLS,307,0.8,1,0.77703406472414,1.04518444096904
C_1_to_0p8,O0 Mixed,E1 RLS,308,0.8,1,0.776797078233367,1.04515685128893
C_1_to_0p8,O0 Mixed,E1 RLS,309,0.8,1,0.776645368521759,1.04507702354623
C_1_to_0p8,O0 Mixed,E1 RLS,310,0.8,1,0.77647588831606,1.04492297036495
C_1_to_0p8,O0 Mixed,E1 RLS,311,0.8,1,0.77636050865024,1.04477744675058
C_1_to_0p8,O0 Mixed,E1 RLS,312,0.8,1,0.776035310308547,1.04426304701041
C_1_to_0p8,O0 Mixed,E1 RLS,313,0.8,1,0.775731027399113,1.04369397466727
C_1_to_0p8,O0 Mixed,E1 RLS,314,0.8,1,0.775566084629957,1.04334344634169
C_1_to_0p8,O0 Mixed,E1 RLS,315,0.8,1,0.775413106088144,1.04298464604132
C_1_to_0p8,O0 Mixed,E1 RLS,316,0.8,1,0.775250144785353,1.04257245914348
C_1_to_0p8,O0 Mixed,E1 RLS,317,0.8,1,0.774760536656496,1.04126288515197
C_1_to_0p8,O0 Mixed,E1 RLS,318,0.8,1,0.774607421912474,1.0408378891972
C_1_to_0p8,O0 Mixed,E1 RLS,319,0.8,1,0.774325110362426,1.04004029921517
C_1_to_0p8,O0 Mixed,E1 RLS,320,0.8,1,0.774379531816368,1.04019356256802
C_1_to_0p8,O0 Mixed,E1 RLS,321,0.8,1,0.774345763488214,1.04010098908228
C_1_to_0p8,O0 Mixed,E1 RLS,322,0.8,1,0.774228544837624,1.03979665851866
C_1_to_0p8,O0 Mixed,E1 RLS,323,0.8,1,0.774055911303751,1.03938632408559
C_1_to_0p8,O0 Mixed,E1 RLS,324,0.8,1,0.774010410621245,1.03929155781957
C_1_to_0p8,O0 Mixed,E1 RLS,325,0.8,1,0.773686897539765,1.03873544792337
C_1_to_0p8,O0 Mixed,E1 RLS,326,0.8,1,0.773583743537444,1.03860191736883
C_1_to_0p8,O0 Mixed,E1 RLS,327,0.8,1,0.773544786603539,1.03856989173883
C_1_to_0p8,O0 Mixed,E1 RLS,328,0.8,1,0.773390820980221,1.03852082724051
C_1_to_0p8,O0 Mixed,E1 RLS,329,0.8,1,0.773365111707918,1.03852591443782
C_1_to_0p8,O0 Mixed,E1 RLS,330,0.8,1,0.77326121064978,1.03859956053199
C_1_to_0p8,O0 Mixed,E1 RLS,331,0.8,1,0.773283029924248,1.03857348169496
C_1_to_0p8,O0 Mixed,E1 RLS,332,0.8,1,0.773178505543387,1.03874474590957
C_1_to_0p8,O0 Mixed,E1 RLS,333,0.8,1,0.77310170227469,1.03889995327085
C_1_to_0p8,O0 Mixed,E1 RLS,334,0.8,1,0.772915567041496,1.03933276611668
C_1_to_0p8,O0 Mixed,E1 RLS,335,0.8,1,0.772718866293237,1.03983178707909
C_1_to_0p8,O0 Mixed,E1 RLS,336,0.8,1,0.772723712217767,1.03981897731622
C_1_to_0p8,O0 Mixed,E1 RLS,337,0.8,1,0.772630905712962,1.04006385820538
C_1_to_0p8,O0 Mixed,E1 RLS,338,0.8,1,0.772625291196088,1.04007802665665
C_1_to_0p8,O0 Mixed,E1 RLS,339,0.8,1,0.772668463203089,1.03997848176879
C_1_to_0p8,O0 Mixed,E1 RLS,340,0.8,1,0.772552964467602,1.04020960175927
C_1_to_0p8,O0 Mixed,E1 RLS,341,0.8,1,0.772562178696963,1.04019459108797
C_1_to_0p8,O0 Mixed,E1 RLS,342,0.8,1,0.772393323174945,1.04039924830046
C_1_to_0p8,O0 Mixed,E1 RLS,343,0.8,1,0.772588069156456,1.04024905502908
C_1_to_0p8,O0 Mixed,E1 RLS,344,0.8,1,0.772360897793031,1.04032309267202
C_1_to_0p8,O0 Mixed,E1 RLS,345,0.8,1,0.772344530882578,1.04032130343973
C_1_to_0p8,O0 Mixed,E1 RLS,346,0.8,1,0.772030677699241,1.04015673988815
C_1_to_0p8,O0 Mixed,E1 RLS,347,0.8,1,0.771820969251224,1.03996531772197
C_1_to_0p8,O0 Mixed,E1 RLS,348,0.8,1,0.771571880801938,1.03964875239108
C_1_to_0p8,O0 Mixed,E1 RLS,349,0.8,1,0.771413948847315,1.03939657267896
C_1_to_0p8,O0 Mixed,E1 RLS,350,0.8,1,0.771094921189073,1.03879367340831
C_1_to_0p8,O0 Mixed,E1 RLS,351,0.8,1,0.770857355776683,1.03828304228678
C_1_to_0p8,O0 Mixed,E1 RLS,352,0.8,1,0.770584935438808,1.03763627337504
C_1_to_0p8,O0 Mixed,E1 RLS,353,0.8,1,0.770537906199238,1.03751581730028
C_1_to_0p8,O0 Mixed,E1 RLS,354,0.8,1,0.770514421201156,1.03745224104112
C_1_to_0p8,O0 Mixed,E1 RLS,355,0.8,1,0.770431623308036,1.03721977435913
C_1_to_0p8,O0 Mixed,E1 RLS,356,0.8,1,0.7703167958966,1.03689171282542
C_1_to_0p8,O0 Mixed,E1 RLS,357,0.8,1,0.77014945719991,1.03641511488973
C_1_to_0p8,O0 Mixed,E1 RLS,358,0.8,1,0.770095261268072,1.03626481528902
C_1_to_0p8,O0 Mixed,E1 RLS,359,0.8,1,0.76991174109371,1.03578276674881
C_1_to_0p8,O0 Mixed,E1 RLS,360,0.8,1,0.769900914809614,1.03575673469019
C_1_to_0p8,O0 Mixed,E1 RLS,361,0.8,1,0.769785908938068,1.03551443081392
C_1_to_0p8,O0 Mixed,E1 RLS,362,0.8,1,0.769668624185394,1.03531048195278
C_1_to_0p8,O0 Mixed,E1 RLS,363,0.8,1,0.76959413411292,1.03521293227857
C_1_to_0p8,O0 Mixed,E1 RLS,364,0.8,1,0.769522845087766,1.03515360036087
C_1_to_0p8,O0 Mixed,E1 RLS,365,0.8,1,0.76935483826351,1.03509924363132
C_1_to_0p8,O0 Mixed,E1 RLS,366,0.8,1,0.769309713631863,1.03510820895559
C_1_to_0p8,O0 Mixed,E1 RLS,367,0.8,1,0.769248699902091,1.03515185443165
C_1_to_0p8,O0 Mixed,E1 RLS,368,0.8,1,0.769173465312614,1.03524268871415
C_1_to_0p8,O0 Mixed,E1 RLS,369,0.8,1,0.769159365196623,1.03526603404046
C_1_to_0p8,O0 Mixed,E1 RLS,370,0.8,1,0.769086680180143,1.03541445740867
C_1_to_0p8,O0 Mixed,E1 RLS,371,0.8,1,0.769244192217994,1.03504453173675
C_1_to_0p8,O0 Mixed,E1 RLS,372,0.8,1,0.769162737507352,1.03525311313453
C_1_to_0p8,O0 Mixed,E1 RLS,373,0.8,1,0.769114559314422,1.03538164240914
C_1_to_0p8,O0 Mixed,E1 RLS,374,0.8,1,0.769262228241876,1.03498850086304
C_1_to_0p8,O0 Mixed,E1 RLS,375,0.8,1,0.769098644637131,1.03540503012391
C_1_to_0p8,O0 Mixed,E1 RLS,376,0.8,1,0.769068743147147,1.03547464221241
C_1_to_0p8,O0 Mixed,E1 RLS,377,0.8,1,0.769139188462591,1.03533224435911
C_1_to_0p8,O0 Mixed,E1 RLS,378,0.8,1,0.769018839166746,1.0355304959039
C_1_to_0p8,O0 Mixed,E1 RLS,379,0.8,1,0.769008635102585,1.03554302460676
C_1_to_0p8,O0 Mixed,E1 RLS,380,0.8,1,0.768901942452319,1.03562670415857
C_1_to_0p8,O0 Mixed,E1 RLS,381,0.8,1,0.768746310976995,1.03567894463682
C_1_to_0p8,O0 Mixed,E1 RLS,382,0.8,1,0.768602910969292,1.03566409591734
C_1_to_0p8,O0 Mixed,E1 RLS,383,0.8,1,0.768402835903177,1.03555947988424
C_1_to_0p8,O0 Mixed,E1 RLS,384,0.8,1,0.768090049675719,1.0352730248968
C_1_to_0p8,O0 Mixed,E2 Dual EKF,1,1,1,1.10681511756599,1.25227603198163
C_1_to_0p8,O0 Mixed,E2 Dual EKF,2,1,1,1.10681511756599,1.25227603198163
C_1_to_0p8,O0 Mixed,E2 Dual EKF,3,1,1,1.1079439289738,1.21317845869984
C_1_to_0p8,O0 Mixed,E2 Dual EKF,4,1,1,1.10810517795124,1.20829214960086
C_1_to_0p8,O0 Mixed,E2 Dual EKF,5,1,1,1.10675854488111,1.21478549420449
C_1_to_0p8,O0 Mixed,E2 Dual EKF,6,1,1,1.10045145060734,1.22065799695521
C_1_to_0p8,O0 Mixed,E2 Dual EKF,7,1,1,1.10195536830237,1.22078661869288
C_1_to_0p8,O0 Mixed,E2 Dual EKF,8,1,1,1.096838432258,1.21839522335316
C_1_to_0p8,O0 Mixed,E2 Dual EKF,9,1,1,1.10735799071566,1.22518400680646
C_1_to_0p8,O0 Mixed,E2 Dual EKF,10,1,1,1.07647502327798,1.20158707506164
C_1_to_0p8,O0 Mixed,E2 Dual EKF,11,1,1,1.02703505972894,1.15689921607579
C_1_to_0p8,O0 Mixed,E2 Dual EKF,12,1,1,1.00456787589645,1.13355714025667
C_1_to_0p8,O0 Mixed,E2 Dual EKF,13,1,1,0.97099661646523,1.09433875921887
C_1_to_0p8,O0 Mixed,E2 Dual EKF,14,1,1,0.940974135602031,1.05464043167787
C_1_to_0p8,O0 Mixed,E2 Dual EKF,15,1,1,0.943432545961905,1.05818938647979
C_1_to_0p8,O0 Mixed,E2 Dual EKF,16,1,1,0.93649398571081,1.04749134573723
C_1_to_0p8,O0 Mixed,E2 Dual EKF,17,1,1,0.931008496632578,1.0383566003296
C_1_to_0p8,O0 Mixed,E2 Dual EKF,18,1,1,0.927126849418915,1.03137968183655
C_1_to_0p8,O0 Mixed,E2 Dual EKF,19,1,1,0.929920933054502,1.03676135985376
C_1_to_0p8,O0 Mixed,E2 Dual EKF,20,1,1,0.927747764014209,1.03228460609994
C_1_to_0p8,O0 Mixed,E2 Dual EKF,21,1,1,0.925098541793064,1.02643037216242
C_1_to_0p8,O0 Mixed,E2 Dual EKF,22,1,1,0.926784053356666,1.03038156591327
C_1_to_0p8,O0 Mixed,E2 Dual EKF,23,1,1,0.92575098793191,1.02784907531762
C_1_to_0p8,O0 Mixed,E2 Dual EKF,24,1,1,0.923682677490048,1.02263021925149
C_1_to_0p8,O0 Mixed,E2 Dual EKF,25,1,1,0.924372554968568,1.02436738148115
C_1_to_0p8,O0 Mixed,E2 Dual EKF,26,1,1,0.924297833820007,1.02418738633233
C_1_to_0p8,O0 Mixed,E2 Dual EKF,27,1,1,0.92458945092075,1.02482465493889
C_1_to_0p8,O0 Mixed,E2 Dual EKF,28,1,1,0.924566655429279,1.02478257945429
C_1_to_0p8,O0 Mixed,E2 Dual EKF,29,1,1,0.922955991499853,1.02250858318612
C_1_to_0p8,O0 Mixed,E2 Dual EKF,30,1,1,0.922432409641731,1.0220318336877
C_1_to_0p8,O0 Mixed,E2 Dual EKF,31,1,1,0.920606820186451,1.02134673912423
C_1_to_0p8,O0 Mixed,E2 Dual EKF,32,1,1,0.919354385456991,1.02155456372078
C_1_to_0p8,O0 Mixed,E2 Dual EKF,33,1,1,0.91761767192522,1.02276191061679
C_1_to_0p8,O0 Mixed,E2 Dual EKF,34,1,1,0.918028099417179,1.02226882295671
C_1_to_0p8,O0 Mixed,E2 Dual EKF,35,1,1,0.917349523182317,1.02340942779704
C_1_to_0p8,O0 Mixed,E2 Dual EKF,36,1,1,0.917600726589331,1.02287295505169
C_1_to_0p8,O0 Mixed,E2 Dual EKF,37,1,1,0.918970899059107,1.01936660535776
C_1_to_0p8,O0 Mixed,E2 Dual EKF,38,1,1,0.917817858978152,1.02277189463269
C_1_to_0p8,O0 Mixed,E2 Dual EKF,39,1,1,0.917449870766125,1.02398806790217
C_1_to_0p8,O0 Mixed,E2 Dual EKF,40,1,1,0.917813805410805,1.02268778963612
C_1_to_0p8,O0 Mixed,E2 Dual EKF,41,1,1,0.918248940061576,1.02107093010748
C_1_to_0p8,O0 Mixed,E2 Dual EKF,42,1,1,0.918696761392342,1.01941861812078
C_1_to_0p8,O0 Mixed,E2 Dual EKF,43,1,1,0.918419006438139,1.0203810969528
C_1_to_0p8,O0 Mixed,E2 Dual EKF,44,1,1,0.919412676538677,1.01736131642387
C_1_to_0p8,O0 Mixed,E2 Dual EKF,45,1,1,0.919549780709407,1.01702478702082
C_1_to_0p8,O0 Mixed,E2 Dual EKF,46,1,1,0.919781833403708,1.0166109511206
C_1_to_0p8,O0 Mixed,E2 Dual EKF,47,1,1,0.919763275460185,1.01663120841374
C_1_to_0p8,O0 Mixed,E2 Dual EKF,48,1,1,0.920726871285969,1.01621901820234
C_1_to_0p8,O0 Mixed,E2 Dual EKF,49,1,1,0.92112684235047,1.01629161204669
C_1_to_0p8,O0 Mixed,E2 Dual EKF,50,1,1,0.922785846508694,1.01750205193814
C_1_to_0p8,O0 Mixed,E2 Dual EKF,51,1,1,0.92127001878938,1.01564499709091
C_1_to_0p8,O0 Mixed,E2 Dual EKF,52,1,1,0.922139931652365,1.01710672684775
C_1_to_0p8,O0 Mixed,E2 Dual EKF,53,1,1,0.921972210986531,1.01675383795277
C_1_to_0p8,O0 Mixed,E2 Dual EKF,54,1,1,0.923134299539252,1.01966925592731
C_1_to_0p8,O0 Mixed,E2 Dual EKF,55,1,1,0.922652073128123,1.01826839304413
C_1_to_0p8,O0 Mixed,E2 Dual EKF,56,1,1,0.922467648793427,1.01765948437475
C_1_to_0p8,O0 Mixed,E2 Dual EKF,57,1,1,0.924318152991088,1.02447864766088
C_1_to_0p8,O0 Mixed,E2 Dual EKF,58,1,1,0.924807215044888,1.02645971814791
C_1_to_0p8,O0 Mixed,E2 Dual EKF,59,1,1,0.925390237778322,1.02901808908102
C_1_to_0p8,O0 Mixed,E2 Dual EKF,60,1,1,0.925987889234105,1.03180289049454
C_1_to_0p8,O0 Mixed,E2 Dual EKF,61,1,1,0.925842983677079,1.03110371871004
C_1_to_0p8,O0 Mixed,E2 Dual EKF,62,1,1,0.925349480291423,1.02871777856931
C_1_to_0p8,O0 Mixed,E2 Dual EKF,63,1,1,0.925171540793443,1.02789300323471
C_1_to_0p8,O0 Mixed,E2 Dual EKF,64,1,1,0.925373047915905,1.02873848580657
C_1_to_0p8,O0 Mixed,E2 Dual EKF,65,1,1,0.924988725643467,1.0273822303352
C_1_to_0p8,O0 Mixed,E2 Dual EKF,66,1,1,0.925158207537144,1.02783599154763
C_1_to_0p8,O0 Mixed,E2 Dual EKF,67,1,1,0.924595624169534,1.02687542062931
C_1_to_0p8,O0 Mixed,E2 Dual EKF,68,1,1,0.924831471563594,1.02703748128353
C_1_to_0p8,O0 Mixed,E2 Dual EKF,69,1,1,0.924053422534996,1.02729301819816
C_1_to_0p8,O0 Mixed,E2 Dual EKF,70,1,1,0.924461145036331,1.02676104905735
C_1_to_0p8,O0 Mixed,E2 Dual EKF,71,1,1,0.924159465836488,1.02743206626679
C_1_to_0p8,O0 Mixed,E2 Dual EKF,72,1,1,0.923296005186552,1.03009829666757
C_1_to_0p8,O0 Mixed,E2 Dual EKF,73,1,1,0.922823788152066,1.03193800751781
C_1_to_0p8,O0 Mixed,E2 Dual EKF,74,1,1,0.923031818881687,1.03097220116438
C_1_to_0p8,O0 Mixed,E2 Dual EKF,75,1,1,0.922678802879637,1.03285120986796
C_1_to_0p8,O0 Mixed,E2 Dual EKF,76,1,1,0.923061367327934,1.03058922774498
C_1_to_0p8,O0 Mixed,E2 Dual EKF,77,1,1,0.922981699270874,1.03109662357484
C_1_to_0p8,O0 Mixed,E2 Dual EKF,78,1,1,0.923228468189287,1.02945999270308
C_1_to_0p8,O0 Mixed,E2 Dual EKF,79,1,1,0.923309416294931,1.02892320902022
C_1_to_0p8,O0 Mixed,E2 Dual EKF,80,1,1,0.923279811515358,1.02911018928469
C_1_to_0p8,O0 Mixed,E2 Dual EKF,81,1,1,0.922716373528556,1.0323108858281
C_1_to_0p8,O0 Mixed,E2 Dual EKF,82,1,1,0.923181876922021,1.03009035584673
C_1_to_0p8,O0 Mixed,E2 Dual EKF,83,1,1,0.923145406300947,1.03022470387097
C_1_to_0p8,O0 Mixed,E2 Dual EKF,84,1,1,0.922930237747135,1.03077022238544
C_1_to_0p8,O0 Mixed,E2 Dual EKF,85,1,1,0.923278814644083,1.03027948223716
C_1_to_0p8,O0 Mixed,E2 Dual EKF,86,1,1,0.922637076487396,1.03050705098875
C_1_to_0p8,O0 Mixed,E2 Dual EKF,87,1,1,0.922695331686217,1.03054238380822
C_1_to_0p8,O0 Mixed,E2 Dual EKF,88,1,1,0.923871978211883,1.03227897306065
C_1_to_0p8,O0 Mixed,E2 Dual EKF,89,1,1,0.923875647929871,1.03228729590639
C_1_to_0p8,O0 Mixed,E2 Dual EKF,90,1,1,0.923138493161442,1.03006973671842
C_1_to_0p8,O0 Mixed,E2 Dual EKF,91,1,1,0.921810073380441,1.02513134254736
C_1_to_0p8,O0 Mixed,E2 Dual EKF,92,1,1,0.921563103327225,1.02404347209001
C_1_to_0p8,O0 Mixed,E2 Dual EKF,93,1,1,0.921497441653459,1.02371032084024
C_1_to_0p8,O0 Mixed,E2 Dual EKF,94,1,1,0.920871493256373,1.02012290913383
C_1_to_0p8,O0 Mixed,E2 Dual EKF,95,1,1,0.921057769996313,1.02130762618626
C_1_to_0p8,O0 Mixed,E2 Dual EKF,96,1,1,0.921065792583253,1.02136318905452
C_1_to_0p8,O0 Mixed,E2 Dual EKF,97,1,1,0.920954350416542,1.02054040142498
C_1_to_0p8,O0 Mixed,E2 Dual EKF,98,1,1,0.921080854408825,1.02150897757503
C_1_to_0p8,O0 Mixed,E2 Dual EKF,99,1,1,0.92094964401619,1.02050344391446
C_1_to_0p8,O0 Mixed,E2 Dual EKF,100,1,1,0.920725029510468,1.01885649748227
C_1_to_0p8,O0 Mixed,E2 Dual EKF,101,1,1,0.920420489609106,1.016839627461
C_1_to_0p8,O0 Mixed,E2 Dual EKF,102,1,1,0.920326328079321,1.01631693575587
C_1_to_0p8,O0 Mixed,E2 Dual EKF,103,1,1,0.919959231783043,1.01477702959639
C_1_to_0p8,O0 Mixed,E2 Dual EKF,104,1,1,0.919670250405921,1.014007149533
C_1_to_0p8,O0 Mixed,E2 Dual EKF,105,1,1,0.919351329764417,1.01366655392487
C_1_to_0p8,O0 Mixed,E2 Dual EKF,106,1,1,0.91848750338053,1.01410524505605
C_1_to_0p8,O0 Mixed,E2 Dual EKF,107,1,1,0.918620453937926,1.01383782753212
C_1_to_0p8,O0 Mixed,E2 Dual EKF,108,1,1,0.918178334990285,1.01534875413084
C_1_to_0p8,O0 Mixed,E2 Dual EKF,109,1,1,0.918238632730833,1.01506397114272
C_1_to_0p8,O0 Mixed,E2 Dual EKF,110,1,1,0.917587678005256,1.01892642083949
C_1_to_0p8,O0 Mixed,E2 Dual EKF,111,1,1,0.917775281599546,1.01760390103502
C_1_to_0p8,O0 Mixed,E2 Dual EKF,112,1,1,0.9171144668611,1.02293124330863
C_1_to_0p8,O0 Mixed,E2 Dual EKF,113,1,1,0.917654220839815,1.01810843150854
C_1_to_0p8,O0 Mixed,E2 Dual EKF,114,1,1,0.917849973709715,1.01622846914907
C_1_to_0p8,O0 Mixed,E2 Dual EKF,115,1,1,0.917665349694735,1.01807397034025
C_1_to_0p8,O0 Mixed,E2 Dual EKF,116,1,1,0.917767447835259,1.01705230963348
C_1_to_0p8,O0 Mixed,E2 Dual EKF,117,1,1,0.918077960906102,1.01408604619451
C_1_to_0p8,O0 Mixed,E2 Dual EKF,118,1,1,0.918226241677175,1.01280674672887
C_1_to_0p8,O0 Mixed,E2 Dual EKF,119,1,1,0.918085979421928,1.0138319652237
C_1_to_0p8,O0 Mixed,E2 Dual EKF,120,1,1,0.917751463790471,1.01575105830199
C_1_to_0p8,O0 Mixed,E2 Dual EKF,121,1,1,0.917946857377237,1.01495732485236
C_1_to_0p8,O0 Mixed,E2 Dual EKF,122,1,1,0.917357846831908,1.01638103524888
C_1_to_0p8,O0 Mixed,E2 Dual EKF,123,1,1,0.917422045194368,1.01632466877841
C_1_to_0p8,O0 Mixed,E2 Dual EKF,124,1,1,0.917363918231674,1.01629415418936
C_1_to_0p8,O0 Mixed,E2 Dual EKF,125,1,1,0.917919683992369,1.01729015042112
C_1_to_0p8,O0 Mixed,E2 Dual EKF,126,1,1,0.917936157648579,1.01733864006622
C_1_to_0p8,O0 Mixed,E2 Dual EKF,127,1,1,0.918107872442372,1.01802690603751
C_1_to_0p8,O0 Mixed,E2 Dual EKF,128,0.8,1,0.915729919271335,1.00607618813635
C_1_to_0p8,O0 Mixed,E2 Dual EKF,129,0.8,1,0.913951651443147,0.995366379024867
C_1_to_0p8,O0 Mixed,E2 Dual EKF,130,0.8,1,0.912673295492129,0.986424075707866
C_1_to_0p8,O0 Mixed,E2 Dual EKF,131,0.8,1,0.911986161279604,0.980968331006732
C_1_to_0p8,O0 Mixed,E2 Dual EKF,132,0.8,1,0.910496780231476,0.967791082469725
C_1_to_0p8,O0 Mixed,E2 Dual EKF,133,0.8,1,0.909533304280253,0.958468594472057
C_1_to_0p8,O0 Mixed,E2 Dual EKF,134,0.8,1,0.909258169822127,0.955624987682474
C_1_to_0p8,O0 Mixed,E2 Dual EKF,135,0.8,1,0.908682384040679,0.949446325420991
C_1_to_0p8,O0 Mixed,E2 Dual EKF,136,0.8,1,0.908302951006016,0.945367452604487
C_1_to_0p8,O0 Mixed,E2 Dual EKF,137,0.8,1,0.90797323506154,0.94197674853915
C_1_to_0p8,O0 Mixed,E2 Dual EKF,138,0.8,1,0.907571304799275,0.938245708831938
C_1_to_0p8,O0 Mixed,E2 Dual EKF,139,0.8,1,0.907060563274693,0.934273487196605
C_1_to_0p8,O0 Mixed,E2 Dual EKF,140,0.8,1,0.906581505264012,0.931458973423137
C_1_to_0p8,O0 Mixed,E2 Dual EKF,141,0.8,1,0.906013769932723,0.929340586536649
C_1_to_0p8,O0 Mixed,E2 Dual EKF,142,0.8,1,0.905164593242997,0.928065559381782
C_1_to_0p8,O0 Mixed,E2 Dual EKF,143,0.8,1,0.904124950996192,0.928790138396725
C_1_to_0p8,O0 Mixed,E2 Dual EKF,144,0.8,1,0.902740108130189,0.932660137973431
C_1_to_0p8,O0 Mixed,E2 Dual EKF,145,0.8,1,0.901266672710812,0.93967705343696
C_1_to_0p8,O0 Mixed,E2 Dual EKF,146,0.8,1,0.899482786191765,0.951445949151669
C_1_to_0p8,O0 Mixed,E2 Dual EKF,147,0.8,1,0.897490795879931,0.967997631835131
C_1_to_0p8,O0 Mixed,E2 Dual EKF,148,0.8,1,0.895720026484657,0.985523588769801
C_1_to_0p8,O0 Mixed,E2 Dual EKF,149,0.8,1,0.894198221286251,1.00278392336784
C_1_to_0p8,O0 Mixed,E2 Dual EKF,150,0.8,1,0.892495832314159,1.0242381067024
C_1_to_0p8,O0 Mixed,E2 Dual EKF,151,0.8,1,0.891184082226056,1.04206736540179
C_1_to_0p8,O0 Mixed,E2 Dual EKF,152,0.8,1,0.890077467759635,1.05775940512729
C_1_to_0p8,O0 Mixed,E2 Dual EKF,153,0.8,1,0.889147530052363,1.07099104193555
C_1_to_0p8,O0 Mixed,E2 Dual EKF,154,0.8,1,0.888280472954464,1.08280798425467
C_1_to_0p8,O0 Mixed,E2 Dual EKF,155,0.8,1,0.887653877716528,1.09055261313101
C_1_to_0p8,O0 Mixed,E2 Dual EKF,156,0.8,1,0.886970993770977,1.0977398463948
C_1_to_0p8,O0 Mixed,E2 Dual EKF,157,0.8,1,0.886031267307137,1.10556330874829
C_1_to_0p8,O0 Mixed,E2 Dual EKF,158,0.8,1,0.885104029010561,1.11110827754138
C_1_to_0p8,O0 Mixed,E2 Dual EKF,159,0.8,1,0.884057608599258,1.11494719440611
C_1_to_0p8,O0 Mixed,E2 Dual EKF,160,0.8,1,0.882582971594263,1.11716211271299
C_1_to_0p8,O0 Mixed,E2 Dual EKF,161,0.8,1,0.881236411085034,1.1165174148567
C_1_to_0p8,O0 Mixed,E2 Dual EKF,162,0.8,1,0.879584586723561,1.11275614555848
C_1_to_0p8,O0 Mixed,E2 Dual EKF,163,0.8,1,0.877964772157427,1.10640399508646
C_1_to_0p8,O0 Mixed,E2 Dual EKF,164,0.8,1,0.875985135516462,1.09561214713014
C_1_to_0p8,O0 Mixed,E2 Dual EKF,165,0.8,1,0.874204872217063,1.08332025127827
C_1_to_0p8,O0 Mixed,E2 Dual EKF,166,0.8,1,0.872987417161513,1.07321070184929
C_1_to_0p8,O0 Mixed,E2 Dual EKF,167,0.8,1,0.871609466817585,1.05988776116916
C_1_to_0p8,O0 Mixed,E2 Dual EKF,168,0.8,1,0.870568294847836,1.04843405660863
C_1_to_0p8,O0 Mixed,E2 Dual EKF,169,0.8,1,0.869717207577167,1.03799185474637
C_1_to_0p8,O0 Mixed,E2 Dual EKF,170,0.8,1,0.868653992381868,1.02372312591545
C_1_to_0p8,O0 Mixed,E2 Dual EKF,171,0.8,1,0.868269843523229,1.01821274060806
C_1_to_0p8,O0 Mixed,E2 Dual EKF,172,0.8,1,0.867868413591105,1.01223356394721
C_1_to_0p8,O0 Mixed,E2 Dual EKF,173,0.8,1,0.867375114040237,1.0048734499776
C_1_to_0p8,O0 Mixed,E2 Dual EKF,174,0.8,1,0.86688223033217,0.997837185445098
C_1_to_0p8,O0 Mixed,E2 Dual EKF,175,0.8,1,0.866462056447036,0.99242275711234
C_1_to_0p8,O0 Mixed,E2 Dual EKF,176,0.8,1,0.866196539329011,0.989557534635974
C_1_to_0p8,O0 Mixed,E2 Dual EKF,177,0.8,1,0.865909592997193,0.987219882729448
C_1_to_0p8,O0 Mixed,E2 Dual EKF,178,0.8,1,0.865580807604896,0.985519049816529
C_1_to_0p8,O0 Mixed,E2 Dual EKF,179,0.8,1,0.864986984862805,0.984279962976897
C_1_to_0p8,O0 Mixed,E2 Dual EKF,180,0.8,1,0.864202243537449,0.985025147773164
C_1_to_0p8,O0 Mixed,E2 Dual EKF,181,0.8,1,0.863551798715,0.987521418445915
C_1_to_0p8,O0 Mixed,E2 Dual EKF,182,0.8,1,0.862722966618231,0.992937641588171
C_1_to_0p8,O0 Mixed,E2 Dual EKF,183,0.8,1,0.861593637476409,1.00314579004131
C_1_to_0p8,O0 Mixed,E2 Dual EKF,184,0.8,1,0.860890524980697,1.01113051185266
C_1_to_0p8,O0 Mixed,E2 Dual EKF,185,0.8,1,0.860030733906746,1.02272742450453
C_1_to_0p8,O0 Mixed,E2 Dual EKF,186,0.8,1,0.859089234259166,1.03724940679801
C_1_to_0p8,O0 Mixed,E2 Dual EKF,187,0.8,1,0.858533327916605,1.04675432026137
C_1_to_0p8,O0 Mixed,E2 Dual EKF,188,0.8,1,0.858162119613117,1.05358120902457
C_1_to_0p8,O0 Mixed,E2 Dual EKF,189,0.8,1,0.857420869444836,1.06778007946607
C_1_to_0p8,O0 Mixed,E2 Dual EKF,190,0.8,1,0.857017917053848,1.07551784331532
C_1_to_0p8,O0 Mixed,E2 Dual EKF,191,0.8,1,0.8565391986412,1.08431794417291
C_1_to_0p8,O0 Mixed,E2 Dual EKF,192,0.8,1,0.856149048145172,1.09082434191429
C_1_to_0p8,O0 Mixed,E2 Dual EKF,193,0.8,1,0.85569172225181,1.097328122383
C_1_to_0p8,O0 Mixed,E2 Dual EKF,194,0.8,1,0.855084818031668,1.10417578424554
C_1_to_0p8,O0 Mixed,E2 Dual EKF,195,0.8,1,0.854438169396595,1.10944970847354
C_1_to_0p8,O0 Mixed,E2 Dual EKF,196,0.8,1,0.853609954713223,1.11365763972279
C_1_to_0p8,O0 Mixed,E2 Dual EKF,197,0.8,1,0.852655488329091,1.11576111484477
C_1_to_0p8,O0 Mixed,E2 Dual EKF,198,0.8,1,0.852004137194255,1.11548852114306
C_1_to_0p8,O0 Mixed,E2 Dual EKF,199,0.8,1,0.850811327805578,1.11216177529814
C_1_to_0p8,O0 Mixed,E2 Dual EKF,200,0.8,1,0.849931058964254,1.10780754153735
C_1_to_0p8,O0 Mixed,E2 Dual EKF,201,0.8,1,0.848517336902411,1.09799253941276
C_1_to_0p8,O0 Mixed,E2 Dual EKF,202,0.8,1,0.847723249429417,1.09098403169653
C_1_to_0p8,O0 Mixed,E2 Dual EKF,203,0.8,1,0.846155864386344,1.07430732428177
C_1_to_0p8,O0 Mixed,E2 Dual EKF,204,0.8,1,0.845641442518908,1.06792610576065
C_1_to_0p8,O0 Mixed,E2 Dual EKF,205,0.8,1,0.844806705851413,1.05614565538233
C_1_to_0p8,O0 Mixed,E2 Dual EKF,206,0.8,1,0.84412841741284,1.04546613947531
C_1_to_0p8,O0 Mixed,E2 Dual EKF,207,0.8,1,0.843591650048235,1.03622526730335
C_1_to_0p8,O0 Mixed,E2 Dual EKF,208,0.8,1,0.843463977720256,1.033877512824
C_1_to_0p8,O0 Mixed,E2 Dual EKF,209,0.8,1,0.843169137863178,1.02824955421314
C_1_to_0p8,O0 Mixed,E2 Dual EKF,210,0.8,1,0.842770690898825,1.02063258899134
C_1_to_0p8,O0 Mixed,E2 Dual EKF,211,0.8,1,0.842489881359907,1.01549839390296
C_1_to_0p8,O0 Mixed,E2 Dual EKF,212,0.8,1,0.84224738997533,1.01149847846776
C_1_to_0p8,O0 Mixed,E2 Dual EKF,213,0.8,1,0.842073933968365,1.00910341590358
C_1_to_0p8,O0 Mixed,E2 Dual EKF,214,0.8,1,0.841794198039633,1.00618771442625
C_1_to_0p8,O0 Mixed,E2 Dual EKF,215,0.8,1,0.841486785125789,1.00415247916783
C_1_to_0p8,O0 Mixed,E2 Dual EKF,216,0.8,1,0.841069509694592,1.00303600761338
C_1_to_0p8,O0 Mixed,E2 Dual EKF,217,0.8,1,0.840823616854536,1.00333113412457
C_1_to_0p8,O0 Mixed,E2 Dual EKF,218,0.8,1,0.840327471180982,1.00575161524866
C_1_to_0p8,O0 Mixed,E2 Dual EKF,219,0.8,1,0.839762589803184,1.01044447676994
C_1_to_0p8,O0 Mixed,E2 Dual EKF,220,0.8,1,0.838912824263034,1.02020348459583
C_1_to_0p8,O0 Mixed,E2 Dual EKF,221,0.8,1,0.838352635938112,1.0282806914104
C_1_to_0p8,O0 Mixed,E2 Dual EKF,222,0.8,1,0.837729353641126,1.03894725813961
C_1_to_0p8,O0 Mixed,E2 Dual EKF,223,0.8,1,0.837151765841463,1.05023975874626
C_1_to_0p8,O0 Mixed,E2 Dual EKF,224,0.8,1,0.836689556753711,1.06024903010415
C_1_to_0p8,O0 Mixed,E2 Dual EKF,225,0.8,1,0.836315484720958,1.0689593346032
C_1_to_0p8,O0 Mixed,E2 Dual EKF,226,0.8,1,0.835869480632828,1.07977107964309
C_1_to_0p8,O0 Mixed,E2 Dual EKF,227,0.8,1,0.835582314269557,1.08674641672836
C_1_to_0p8,O0 Mixed,E2 Dual EKF,228,0.8,1,0.835392802891361,1.09115216562321
C_1_to_0p8,O0 Mixed,E2 Dual EKF,229,0.8,1,0.835048220660187,1.09842134009503
C_1_to_0p8,O0 Mixed,E2 Dual EKF,230,0.8,1,0.834726724868431,1.10421095166162
C_1_to_0p8,O0 Mixed,E2 Dual EKF,231,0.8,1,0.834422223783705,1.10856936795701
C_1_to_0p8,O0 Mixed,E2 Dual EKF,232,0.8,1,0.833908594199579,1.11390470534383
C_1_to_0p8,O0 Mixed,E2 Dual EKF,233,0.8,1,0.833468782129467,1.11677790853838
C_1_to_0p8,O0 Mixed,E2 Dual EKF,234,0.8,1,0.832895139722202,1.11846017710307
C_1_to_0p8,O0 Mixed,E2 Dual EKF,235,0.8,1,0.83235053027715,1.11827482279533
C_1_to_0p8,O0 Mixed,E2 Dual EKF,236,0.8,1,0.831717631319947,1.11619168218372
C_1_to_0p8,O0 Mixed,E2 Dual EKF,237,0.8,1,0.830612423490785,1.10959177206038
C_1_to_0p8,O0 Mixed,E2 Dual EKF,238,0.8,1,0.82995074186671,1.10400467557116
C_1_to_0p8,O0 Mixed,E2 Dual EKF,239,0.8,1,0.829047732551253,1.09428130796884
C_1_to_0p8,O0 Mixed,E2 Dual EKF,240,0.8,1,0.828059381667271,1.08143084726394
C_1_to_0p8,O0 Mixed,E2 Dual EKF,241,0.8,1,0.827425907692388,1.0718209567183
C_1_to_0p8,O0 Mixed,E2 Dual EKF,242,0.8,1,0.827075306326019,1.06576767190574
C_1_to_0p8,O0 Mixed,E2 Dual EKF,243,0.8,1,0.826544731572176,1.05555031245695
C_1_to_0p8,O0 Mixed,E2 Dual EKF,244,0.8,1,0.826270724959697,1.04978184676471
C_1_to_0p8,O0 Mixed,E2 Dual EKF,245,0.8,1,0.825948608164458,1.04253788469466
C_1_to_0p8,O0 Mixed,E2 Dual EKF,246,0.8,1,0.825640418940876,1.03534128160679
C_1_to_0p8,O0 Mixed,E2 Dual EKF,247,0.8,1,0.825351755017057,1.02859126260277
C_1_to_0p8,O0 Mixed,E2 Dual EKF,248,0.8,1,0.82510295274234,1.02302797652388
C_1_to_0p8,O0 Mixed,E2 Dual EKF,249,0.8,1,0.824901702297979,1.01896867978359
C_1_to_0p8,O0 Mixed,E2 Dual EKF,250,0.8,1,0.824639903409292,1.01454824610416
C_1_to_0p8,O0 Mixed,E2 Dual EKF,251,0.8,1,0.824419680494482,1.01174115983989
C_1_to_0p8,O0 Mixed,E2 Dual EKF,252,0.8,1,0.824263341816674,1.01047537468809
C_1_to_0p8,O0 Mixed,E2 Dual EKF,253,0.8,1,0.823954701066478,1.00946420422224
C_1_to_0p8,O0 Mixed,E2 Dual EKF,254,0.8,1,0.823553446518965,1.01004818172392
C_1_to_0p8,O0 Mixed,E2 Dual EKF,255,0.8,1,0.823260563339307,1.0117889844834
C_1_to_0p8,O0 Mixed,E2 Dual EKF,256,0.8,1,0.82288884256013,1.01555117355505
C_1_to_0p8,O0 Mixed,E2 Dual EKF,257,0.8,1,0.822487146613337,1.02116707648007
C_1_to_0p8,O0 Mixed,E2 Dual EKF,258,0.8,1,0.82211526803245,1.02768878076788
C_1_to_0p8,O0 Mixed,E2 Dual EKF,259,0.8,1,0.821791178800213,1.03442950093258
C_1_to_0p8,O0 Mixed,E2 Dual EKF,260,0.8,1,0.821509169933673,1.04112434408313
C_1_to_0p8,O0 Mixed,E2 Dual EKF,261,0.8,1,0.82120961714621,1.04899515891891
C_1_to_0p8,O0 Mixed,E2 Dual EKF,262,0.8,1,0.820938563576287,1.05664947587216
C_1_to_0p8,O0 Mixed,E2 Dual EKF,263,0.8,1,0.820779840626831,1.06131309405046
C_1_to_0p8,O0 Mixed,E2 Dual EKF,264,0.8,1,0.820530459009062,1.06865241928807
C_1_to_0p8,O0 Mixed,E2 Dual EKF,265,0.8,1,0.82033242748596,1.07423121238426
C_1_to_0p8,O0 Mixed,E2 Dual EKF,266,0.8,1,0.820285292133109,1.07543624780293
C_1_to_0p8,O0 Mixed,E2 Dual EKF,267,0.8,1,0.820090376095816,1.07969162264125
C_1_to_0p8,O0 Mixed,E2 Dual EKF,268,0.8,1,0.819820806591341,1.08437595449579
C_1_to_0p8,O0 Mixed,E2 Dual EKF,269,0.8,1,0.819671871114976,1.08625917736992
C_1_to_0p8,O0 Mixed,E2 Dual EKF,270,0.8,1,0.819377559059855,1.08861463758349
C_1_to_0p8,O0 Mixed,E2 Dual EKF,271,0.8,1,0.819149320832489,1.08945366987246
C_1_to_0p8,O0 Mixed,E2 Dual EKF,272,0.8,1,0.818664111486819,1.08933215851488
C_1_to_0p8,O0 Mixed,E2 Dual EKF,273,0.8,1,0.818198271187295,1.08756888480354
C_1_to_0p8,O0 Mixed,E2 Dual EKF,274,0.8,1,0.817596584137994,1.0833651566848
C_1_to_0p8,O0 Mixed,E2 Dual EKF,275,0.8,1,0.817199538168483,1.07942256791536
C_1_to_0p8,O0 Mixed,E2 Dual EKF,276,0.8,1,0.816429010952148,1.06964188852229
C_1_to_0p8,O0 Mixed,E2 Dual EKF,277,0.8,1,0.816082291235296,1.06432403793759
C_1_to_0p8,O0 Mixed,E2 Dual EKF,278,0.8,1,0.815724741883798,1.05792656161255
C_1_to_0p8,O0 Mixed,E2 Dual EKF,279,0.8,1,0.815247177339414,1.04819752456755
C_1_to_0p8,O0 Mixed,E2 Dual EKF,280,0.8,1,0.814925354580225,1.04088304461316
C_1_to_0p8,O0 Mixed,E2 Dual EKF,281,0.8,1,0.81465364318892,1.03413211396749
C_1_to_0p8,O0 Mixed,E2 Dual EKF,282,0.8,1,0.814440548566144,1.02847645280776
C_1_to_0p8,O0 Mixed,E2 Dual EKF,283,0.8,1,0.814395545224977,1.02723672191071
C_1_to_0p8,O0 Mixed,E2 Dual EKF,284,0.8,1,0.814160286221376,1.02074938577026
C_1_to_0p8,O0 Mixed,E2 Dual EKF,285,0.8,1,0.814006076027047,1.01668391454426
C_1_to_0p8,O0 Mixed,E2 Dual EKF,286,0.8,1,0.813852819769129,1.01304003803648
C_1_to_0p8,O0 Mixed,E2 Dual EKF,287,0.8,1,0.813585259921352,1.00771505771087
C_1_to_0p8,O0 Mixed,E2 Dual EKF,288,0.8,1,0.813336214475931,1.0039730674354
C_1_to_0p8,O0 Mixed,E2 Dual EKF,289,0.8,1,0.813240565363605,1.00306006192549
C_1_to_0p8,O0 Mixed,E2 Dual EKF,290,0.8,1,0.813241325323109,1.0030629993784
C_1_to_0p8,O0 Mixed,E2 Dual EKF,291,0.8,1,0.812785388320727,1.00383989136346
C_1_to_0p8,O0 Mixed,E2 Dual EKF,292,0.8,1,0.812665776917733,1.00467512613888
C_1_to_0p8,O0 Mixed,E2 Dual EKF,293,0.8,1,0.812345626422324,1.00848209142528
C_1_to_0p8,O0 Mixed,E2 Dual EKF,294,0.8,1,0.812172556281478,1.01132392846161
C_1_to_0p8,O0 Mixed,E2 Dual EKF,295,0.8,1,0.811909694018692,1.01673549482695
C_1_to_0p8,O0 Mixed,E2 Dual EKF,296,0.8,1,0.811500327148093,1.02672900840315
C_1_to_0p8,O0 Mixed,E2 Dual EKF,297,0.8,1,0.811262497705178,1.03335519252374
C_1_to_0p8,O0 Mixed,E2 Dual EKF,298,0.8,1,0.810972713412221,1.042289248244
C_1_to_0p8,O0 Mixed,E2 Dual EKF,299,0.8,1,0.810794893031725,1.04817974202294
C_1_to_0p8,O0 Mixed,E2 Dual EKF,300,0.8,1,0.810667331515644,1.05257537796594
C_1_to_0p8,O0 Mixed,E2 Dual EKF,301,0.8,1,0.810538351319307,1.05702633670329
C_1_to_0p8,O0 Mixed,E2 Dual EKF,302,0.8,1,0.810358178761247,1.06297768758196
C_1_to_0p8,O0 Mixed,E2 Dual EKF,303,0.8,1,0.810114873386714,1.07027498039942
C_1_to_0p8,O0 Mixed,E2 Dual EKF,304,0.8,1,0.809967176144017,1.07406096336209
C_1_to_0p8,O0 Mixed,E2 Dual EKF,305,0.8,1,0.809750512305354,1.0784863303108
C_1_to_0p8,O0 Mixed,E2 Dual EKF,306,0.8,1,0.80945418036847,1.08290130477641
C_1_to_0p8,O0 Mixed,E2 Dual EKF,307,0.8,1,0.809233636683858,1.08499196778741
C_1_to_0p8,O0 Mixed,E2 Dual EKF,308,0.8,1,0.808924835917962,1.08635943136946
C_1_to_0p8,O0 Mixed,E2 Dual EKF,309,0.8,1,0.808641187209833,1.08631608009473
C_1_to_0p8,O0 Mixed,E2 Dual EKF,310,0.8,1,0.808304694935437,1.08487867620553
C_1_to_0p8,O0 Mixed,E2 Dual EKF,311,0.8,1,0.807984090957258,1.08231531609306
C_1_to_0p8,O0 Mixed,E2 Dual EKF,312,0.8,1,0.807464061766881,1.07637883292704
C_1_to_0p8,O0 Mixed,E2 Dual EKF,313,0.8,1,0.80697101606607,1.06916895717599
C_1_to_0p8,O0 Mixed,E2 Dual EKF,314,0.8,1,0.806628319719157,1.06310833127715
C_1_to_0p8,O0 Mixed,E2 Dual EKF,315,0.8,1,0.806332959295287,1.0570107130013
C_1_to_0p8,O0 Mixed,E2 Dual EKF,316,0.8,1,0.806071511671463,1.0508645331281
C_1_to_0p8,O0 Mixed,E2 Dual EKF,317,0.8,1,0.805614432756112,1.03887454629141
C_1_to_0p8,O0 Mixed,E2 Dual EKF,318,0.8,1,0.805447491948352,1.03408640245999
C_1_to_0p8,O0 Mixed,E2 Dual EKF,319,0.8,1,0.80522241894504,1.02719080567892
C_1_to_0p8,O0 Mixed,E2 Dual EKF,320,0.8,1,0.805227288212104,1.027345644201
C_1_to_0p8,O0 Mixed,E2 Dual EKF,321,0.8,1,0.80518114382185,1.02587724441099
C_1_to_0p8,O0 Mixed,E2 Dual EKF,322,0.8,1,0.805088548646954,1.02306113509645
C_1_to_0p8,O0 Mixed,E2 Dual EKF,323,0.8,1,0.804963336891211,1.01962717784912
C_1_to_0p8,O0 Mixed,E2 Dual EKF,324,0.8,1,0.804910071806478,1.01840479682878
C_1_to_0p8,O0 Mixed,E2 Dual EKF,325,0.8,1,0.804671051055844,1.0142646495119
C_1_to_0p8,O0 Mixed,E2 Dual EKF,326,0.8,1,0.804560328598551,1.01304607208587
C_1_to_0p8,O0 Mixed,E2 Dual EKF,327,0.8,1,0.804478462951199,1.01268085546897
C_1_to_0p8,O0 Mixed,E2 Dual EKF,328,0.8,1,0.80428546008996,1.01305817595103
C_1_to_0p8,O0 Mixed,E2 Dual EKF,329,0.8,1,0.804174565576446,1.01394882936289
C_1_to_0p8,O0 Mixed,E2 Dual EKF,330,0.8,1,0.803971764914556,1.01672276760753
C_1_to_0p8,O0 Mixed,E2 Dual EKF,331,0.8,1,0.80386713659239,1.01869851042874
C_1_to_0p8,O0 Mixed,E2 Dual EKF,332,0.8,1,0.803631661268617,1.02427242638596
C_1_to_0p8,O0 Mixed,E2 Dual EKF,333,0.8,1,0.803423989530187,1.03009928329715
C_1_to_0p8,O0 Mixed,E2 Dual EKF,334,0.8,1,0.803132818250871,1.03942038577833
C_1_to_0p8,O0 Mixed,E2 Dual EKF,335,0.8,1,0.802864806129999,1.04891367012376
C_1_to_0p8,O0 Mixed,E2 Dual EKF,336,0.8,1,0.802783337708061,1.0520135285859
C_1_to_0p8,O0 Mixed,E2 Dual EKF,337,0.8,1,0.802644134241926,1.05752239230603
C_1_to_0p8,O0 Mixed,E2 Dual EKF,338,0.8,1,0.802577604037986,1.06015891746007
C_1_to_0p8,O0 Mixed,E2 Dual EKF,339,0.8,1,0.802545031505428,1.0613942675726
C_1_to_0p8,O0 Mixed,E2 Dual EKF,340,0.8,1,0.802417921503768,1.06577118436541
C_1_to_0p8,O0 Mixed,E2 Dual EKF,341,0.8,1,0.802364546231547,1.06734237090144
C_1_to_0p8,O0 Mixed,E2 Dual EKF,342,0.8,1,0.80219767337437,1.0712593950907
C_1_to_0p8,O0 Mixed,E2 Dual EKF,343,0.8,1,0.802244855768274,1.07045047931444
C_1_to_0p8,O0 Mixed,E2 Dual EKF,344,0.8,1,0.802001750187329,1.0731118023378
C_1_to_0p8,O0 Mixed,E2 Dual EKF,345,0.8,1,0.801878722570775,1.07374884385591
C_1_to_0p8,O0 Mixed,E2 Dual EKF,346,0.8,1,0.801507435541756,1.07373033543508
C_1_to_0p8,O0 Mixed,E2 Dual EKF,347,0.8,1,0.801182635220161,1.07218829101009
C_1_to_0p8,O0 Mixed,E2 Dual EKF,348,0.8,1,0.800800738754532,1.06875400640671
C_1_to_0p8,O0 Mixed,E2 Dual EKF,349,0.8,1,0.800484946741209,1.06468449884323
C_1_to_0p8,O0 Mixed,E2 Dual EKF,350,0.8,1,0.800040530035162,1.05733735708211
C_1_to_0p8,O0 Mixed,E2 Dual EKF,351,0.8,1,0.799692108445344,1.05036453566626
C_1_to_0p8,O0 Mixed,E2 Dual EKF,352,0.8,1,0.799353788617544,1.04245570578993
C_1_to_0p8,O0 Mixed,E2 Dual EKF,353,0.8,1,0.799226462497165,1.03906553884927
C_1_to_0p8,O0 Mixed,E2 Dual EKF,354,0.8,1,0.799138858221058,1.03646383267253
C_1_to_0p8,O0 Mixed,E2 Dual EKF,355,0.8,1,0.799030191852195,1.03293663623019
C_1_to_0p8,O0 Mixed,E2 Dual EKF,356,0.8,1,0.79891929125046,1.02909205967833
C_1_to_0p8,O0 Mixed,E2 Dual EKF,357,0.8,1,0.798791918887212,1.02450875534164
C_1_to_0p8,O0 Mixed,E2 Dual EKF,358,0.8,1,0.798739341682855,1.02261516406375
C_1_to_0p8,O0 Mixed,E2 Dual EKF,359,0.8,1,0.798617356557065,1.01841617973584
C_1_to_0p8,O0 Mixed,E2 Dual EKF,360,0.8,1,0.798592864609228,1.01765602584799
C_1_to_0p8,O0 Mixed,E2 Dual EKF,361,0.8,1,0.798504498498961,1.01536127315297
C_1_to_0p8,O0 Mixed,E2 Dual EKF,362,0.8,1,0.798406541612723,1.01344149660196
C_1_to_0p8,O0 Mixed,E2 Dual EKF,363,0.8,1,0.798324074803135,1.01241468096137
C_1_to_0p8,O0 Mixed,E2 Dual EKF,364,0.8,1,0.798229307566897,1.01193604492256
C_1_to_0p8,O0 Mixed,E2 Dual EKF,365,0.8,1,0.798042820263281,1.01234692678447
C_1_to_0p8,O0 Mixed,E2 Dual EKF,366,0.8,1,0.797932318104287,1.01334937187769
C_1_to_0p8,O0 Mixed,E2 Dual EKF,367,0.8,1,0.797789963662441,1.01554896348815
C_1_to_0p8,O0 Mixed,E2 Dual EKF,368,0.8,1,0.797619673650047,1.01918156098298
C_1_to_0p8,O0 Mixed,E2 Dual EKF,369,0.8,1,0.797496191268785,1.02248309348322
C_1_to_0p8,O0 Mixed,E2 Dual EKF,370,0.8,1,0.797319311598435,1.02808731928332
C_1_to_0p8,O0 Mixed,E2 Dual EKF,371,0.8,1,0.797344152294795,1.02718982165665
C_1_to_0p8,O0 Mixed,E2 Dual EKF,372,0.8,1,0.797174436280786,1.03397045398949
C_1_to_0p8,O0 Mixed,E2 Dual EKF,373,0.8,1,0.797049265547063,1.03934172061067
C_1_to_0p8,O0 Mixed,E2 Dual EKF,374,0.8,1,0.797068653547279,1.03847658950829
C_1_to_0p8,O0 Mixed,E2 Dual EKF,375,0.8,1,0.796892820494163,1.04633298479123
C_1_to_0p8,O0 Mixed,E2 Dual EKF,376,0.8,1,0.796812911862101,1.04975089341324
C_1_to_0p8,O0 Mixed,E2 Dual EKF,377,0.8,1,0.796793036584043,1.05052283355165
C_1_to_0p8,O0 Mixed,E2 Dual EKF,378,0.8,1,0.796664002194698,1.05480861209068
C_1_to_0p8,O0 Mixed,E2 Dual EKF,379,0.8,1,0.796594728956711,1.05664465200679
C_1_to_0p8,O0 Mixed,E2 Dual EKF,380,0.8,1,0.796459942785775,1.05925788489928
C_1_to_0p8,O0 Mixed,E2 Dual EKF,381,0.8,1,0.796279779392374,1.06149556026165
C_1_to_0p8,O0 Mixed,E2 Dual EKF,382,0.8,1,0.796086808468018,1.06264048080765
C_1_to_0p8,O0 Mixed,E2 Dual EKF,383,0.8,1,0.795829262393992,1.06265505917211
C_1_to_0p8,O0 Mixed,E2 Dual EKF,384,0.8,1,0.795460438411891,1.06072939383983
C_1_to_0p8,O0 Mixed,E3 LTV/Joseph,1,1,1,1.10134258646894,1.22264102697183
C_1_to_0p8,O0 Mixed,E3 LTV/Joseph,2,1,1,1.10215532545786,1.24872759892974
C_1_to_0p8,O0 Mixed,E3 LTV/Joseph,3,1,1,1.09801540761674,1.21638015460664
C_1_to_0p8,O0 Mixed,E3 LTV/Joseph,4,1,1,1.09705472675734,1.20841906297479
C_1_to_0p8,O0 Mixed,E3 LTV/Joseph,5,1,1,1.09648547281033,1.212269602947
C_1_to_0p8,O0 Mixed,E3 LTV/Joseph,6,1,1,1.08960241503965,1.21489727017564
C_1_to_0p8,O0 Mixed,E3 LTV/Joseph,7,1,1,1.09290090852132,1.21614507448307
C_1_to_0p8,O0 Mixed,E3 LTV/Joseph,8,1,1,1.08768067915869,1.21287365161851
C_1_to_0p8,O0 Mixed,E3 LTV/Joseph,9,1,1,1.10438736077074,1.22513457633286
C_1_to_0p8,O0 Mixed,E3 LTV/Joseph,10,1,1,1.06708286216193,1.19465395821295
C_1_to_0p8,O0 Mixed,E3 LTV/Joseph,11,1,1,1.012814326374,1.14330855022391
C_1_to_0p8,O0 Mixed,E3 LTV/Joseph,12,1,1,0.993018447838738,1.12216975560631
C_1_to_0p8,O0 Mixed,E3 LTV/Joseph,13,1,1,0.961385603087119,1.08494814382744
C_1_to_0p8,O0 Mixed,E3 LTV/Joseph,14,1,1,0.933253570206969,1.0481475053068
C_1_to_0p8,O0 Mixed,E3 LTV/Joseph,15,1,1,0.937763539689681,1.05446793236271
C_1_to_0p8,O0 Mixed,E3 LTV/Joseph,16,1,1,0.931816750697738,1.04574081024727
C_1_to_0p8,O0 Mixed,E3 LTV/Joseph,17,1,1,0.926859274328278,1.03804208624834
C_1_to_0p8,O0 Mixed,E3 LTV/Joseph,18,1,1,0.923226065082259,1.03208783555839
C_1_to_0p8,O0 Mixed,E3 LTV/Joseph,19,1,1,0.926373567555325,1.03747669060132
C_1_to_0p8,O0 Mixed,E3 LTV/Joseph,20,1,1,0.924204712288298,1.03361460766171
C_1_to_0p8,O0 Mixed,E3 LTV/Joseph,21,1,1,0.921420629007593,1.02845067299986
C_1_to_0p8,O0 Mixed,E3 LTV/Joseph,22,1,1,0.923292346737086,1.03202349064661
C_1_to_0p8,O0 Mixed,E3 LTV/Joseph,23,1,1,0.922177202117709,1.0298613187175
C_1_to_0p8,O0 Mixed,E3 LTV/Joseph,24,1,1,0.919883110594308,1.02539427379339
C_1_to_0p8,O0 Mixed,E3 LTV/Joseph,25,1,1,0.920653559737755,1.0268655299736
C_1_to_0p8,O0 Mixed,E3 LTV/Joseph,26,1,1,0.920581270473406,1.02673433718131
C_1_to_0p8,O0 Mixed,E3 LTV/Joseph,27,1,1,0.920914496203893,1.02728771095574
C_1_to_0p8,O0 Mixed,E3 LTV/Joseph,28,1,1,0.920915520837765,1.02728919009501
C_1_to_0p8,O0 Mixed,E3 LTV/Joseph,29,1,1,0.919317874994809,1.02541920906011
C_1_to_0p8,O0 Mixed,E3 LTV/Joseph,30,1,1,0.918853607623169,1.02502525489351
C_1_to_0p8,O0 Mixed,E3 LTV/Joseph,31,1,1,0.917226562974163,1.02422534824155
C_1_to_0p8,O0 Mixed,E3 LTV/Joseph,32,1,1,0.916190806291893,1.02410574342908
C_1_to_0p8,O0 Mixed,E3 LTV/Joseph,33,1,1,0.914796165897101,1.02447674356123
C_1_to_0p8,O0 Mixed,E3 LTV/Joseph,34,1,1,0.915210442908981,1.02421161615475
C_1_to_0p8,O0 Mixed,E3 LTV/Joseph,35,1,1,0.914747870346241,1.02467233065353
C_1_to_0p8,O0 Mixed,E3 LTV/Joseph,36,1,1,0.915034075122428,1.02429266352638
C_1_to_0p8,O0 Mixed,E3 LTV/Joseph,37,1,1,0.916253466806582,1.02231723763882
C_1_to_0p8,O0 Mixed,E3 LTV/Joseph,38,1,1,0.915402265136791,1.0239085419068
C_1_to_0p8,O0 Mixed,E3 LTV/Joseph,39,1,1,0.915162115391176,1.02440362979416
C_1_to_0p8,O0 Mixed,E3 LTV/Joseph,40,1,1,0.91555994763655,1.02353958359401
C_1_to_0p8,O0 Mixed,E3 LTV/Joseph,41,1,1,0.916047401892029,1.0224758802332
C_1_to_0p8,O0 Mixed,E3 LTV/Joseph,42,1,1,0.916572394575627,1.02138360285939
C_1_to_0p8,O0 Mixed,E3 LTV/Joseph,43,1,1,0.916380223794169,1.02174264425973
C_1_to_0p8,O0 Mixed,E3 LTV/Joseph,44,1,1,0.917483789582743,1.02002218676843
C_1_to_0p8,O0 Mixed,E3 LTV/Joseph,45,1,1,0.917722191318112,1.01974000840685
C_1_to_0p8,O0 Mixed,E3 LTV/Joseph,46,1,1,0.918052554914808,1.0194824364598
C_1_to_0p8,O0 Mixed,E3 LTV/Joseph,47,1,1,0.918120876900221,1.01945663880982
C_1_to_0p8,O0 Mixed,E3 LTV/Joseph,48,1,1,0.919146851642404,1.0194575950828
C_1_to_0p8,O0 Mixed,E3 LTV/Joseph,49,1,1,0.919598317770719,1.019612920585
C_1_to_0p8,O0 Mixed,E3 LTV/Joseph,50,1,1,0.921206960822516,1.0206560544156
C_1_to_0p8,O0 Mixed,E3 LTV/Joseph,51,1,1,0.919841553423275,1.01940211674825
C_1_to_0p8,O0 Mixed,E3 LTV/Joseph,52,1,1,0.920647546185671,1.0203358952648
C_1_to_0p8,O0 Mixed,E3 LTV/Joseph,53,1,1,0.920490100411043,1.02011997098927
C_1_to_0p8,O0 Mixed,E3 LTV/Joseph,54,1,1,0.921557255683917,1.0217867928257
C_1_to_0p8,O0 Mixed,E3 LTV/Joseph,55,1,1,0.921089146896939,1.02097516446529
C_1_to_0p8,O0 Mixed,E3 LTV/Joseph,56,1,1,0.920882279419836,1.0205840903702
C_1_to_0p8,O0 Mixed,E3 LTV/Joseph,57,1,1,0.922753130283806,1.02436988886566
C_1_to_0p8,O0 Mixed,E3 LTV/Joseph,58,1,1,0.92330078232242,1.0255379892238
C_1_to_0p8,O0 Mixed,E3 LTV/Joseph,59,1,1,0.923983049560545,1.02705110141606
C_1_to_0p8,O0 Mixed,E3 LTV/Joseph,60,1,1,0.924715186261771,1.02871125393402
C_1_to_0p8,O0 Mixed,E3 LTV/Joseph,61,1,1,0.924600321518806,1.02844990077458
C_1_to_0p8,O0 Mixed,E3 LTV/Joseph,62,1,1,0.924055047646351,1.02723288247829
C_1_to_0p8,O0 Mixed,E3 LTV/Joseph,63,1,1,0.923868661,1.02683687477956
C_1_to_0p8,O0 Mixed,E3 LTV/Joseph,64,1,1,0.924123024904926,1.02733151755864
C_1_to_0p8,O0 Mixed,E3 LTV/Joseph,65,1,1,0.923706717351174,1.02662697773663
C_1_to_0p8,O0 Mixed,E3 LTV/Joseph,66,1,1,0.923903026052936,1.02689626060228
C_1_to_0p8,O0 Mixed,E3 LTV/Joseph,67,1,1,0.923342070732646,1.02633911820257
C_1_to_0p8,O0 Mixed,E3 LTV/Joseph,68,1,1,0.92357954333687,1.02647480087955
C_1_to_0p8,O0 Mixed,E3 LTV/Joseph,69,1,1,0.922886997187008,1.02638941875945
C_1_to_0p8,O0 Mixed,E3 LTV/Joseph,70,1,1,0.923246145741493,1.02626936723598
C_1_to_0p8,O0 Mixed,E3 LTV/Joseph,71,1,1,0.9230076507428,1.02645670642973
C_1_to_0p8,O0 Mixed,E3 LTV/Joseph,72,1,1,0.922317051060028,1.02729801278384
C_1_to_0p8,O0 Mixed,E3 LTV/Joseph,73,1,1,0.921925927035757,1.02793156467456
C_1_to_0p8,O0 Mixed,E3 LTV/Joseph,74,1,1,0.922069379033683,1.02764814042195
C_1_to_0p8,O0 Mixed,E3 LTV/Joseph,75,1,1,0.921747347551685,1.0283801465132
C_1_to_0p8,O0 Mixed,E3 LTV/Joseph,76,1,1,0.922047180649915,1.02763179882028
C_1_to_0p8,O0 Mixed,E3 LTV/Joseph,77,1,1,0.921950740766996,1.02788514775694
C_1_to_0p8,O0 Mixed,E3 LTV/Joseph,78,1,1,0.922169172255826,1.02730589045171
C_1_to_0p8,O0 Mixed,E3 LTV/Joseph,79,1,1,0.922241697031646,1.02712023246219
C_1_to_0p8,O0 Mixed,E3 LTV/Joseph,80,1,1,0.922203960665016,1.02720900493069
C_1_to_0p8,O0 Mixed,E3 LTV/Joseph,81,1,1,0.921581686598295,1.02848033243455
C_1_to_0p8,O0 Mixed,E3 LTV/Joseph,82,1,1,0.922069860665145,1.02767341127991
C_1_to_0p8,O0 Mixed,E3 LTV/Joseph,83,1,1,0.922025781636384,1.02772689770547
C_1_to_0p8,O0 Mixed,E3 LTV/Joseph,84,1,1,0.921798772553017,1.02789870449676
C_1_to_0p8,O0 Mixed,E3 LTV/Joseph,85,1,1,0.922155267758538,1.02778945332497
C_1_to_0p8,O0 Mixed,E3 LTV/Joseph,86,1,1,0.921539728003094,1.02771518346336
C_1_to_0p8,O0 Mixed,E3 LTV/Joseph,87,1,1,0.921612026369441,1.02775251034114
C_1_to_0p8,O0 Mixed,E3 LTV/Joseph,88,1,1,0.922715094541755,1.02871894999835
C_1_to_0p8,O0 Mixed,E3 LTV/Joseph,89,1,1,0.922755796544261,1.02876785812754
C_1_to_0p8,O0 Mixed,E3 LTV/Joseph,90,1,1,0.92213756226926,1.02784153234874
C_1_to_0p8,O0 Mixed,E3 LTV/Joseph,91,1,1,0.920964609004752,1.02576552454605
C_1_to_0p8,O0 Mixed,E3 LTV/Joseph,92,1,1,0.920737960029797,1.02530864105483
C_1_to_0p8,O0 Mixed,E3 LTV/Joseph,93,1,1,0.920668940403791,1.02515441486593
C_1_to_0p8,O0 Mixed,E3 LTV/Joseph,94,1,1,0.92002813683455,1.02359873690854
C_1_to_0p8,O0 Mixed,E3 LTV/Joseph,95,1,1,0.920192260215325,1.02402376755608
C_1_to_0p8,O0 Mixed,E3 LTV/Joseph,96,1,1,0.920178435892156,1.02398626978494
C_1_to_0p8,O0 Mixed,E3 LTV/Joseph,97,1,1,0.920030482527766,1.02357361351587
C_1_to_0p8,O0 Mixed,E3 LTV/Joseph,98,1,1,0.920159817627325,1.02393661301928
C_1_to_0p8,O0 Mixed,E3 LTV/Joseph,99,1,1,0.919987898501807,1.02346331262964
C_1_to_0p8,O0 Mixed,E3 LTV/Joseph,100,1,1,0.919701615565936,1.02271386572429
C_1_to_0p8,O0 Mixed,E3 LTV/Joseph,101,1,1,0.919322780737196,1.02180753164204
C_1_to_0p8,O0 Mixed,E3 LTV/Joseph,102,1,1,0.919198706524638,1.02155021397812
C_1_to_0p8,O0 Mixed,E3 LTV/Joseph,103,1,1,0.918784174739302,1.0208585273904
C_1_to_0p8,O0 Mixed,E3 LTV/Joseph,104,1,1,0.918478446335058,1.02049476174053
C_1_to_0p8,O0 Mixed,E3 LTV/Joseph,105,1,1,0.918169194340237,1.02029196321461
C_1_to_0p8,O0 Mixed,E3 LTV/Joseph,106,1,1,0.917388527089189,1.02022324997524
C_1_to_0p8,O0 Mixed,E3 LTV/Joseph,107,1,1,0.917520522464911,1.02015825124112
C_1_to_0p8,O0 Mixed,E3 LTV/Joseph,108,1,1,0.917178844173456,1.02052213568845
C_1_to_0p8,O0 Mixed,E3 LTV/Joseph,109,1,1,0.917256718961772,1.02039659839547
C_1_to_0p8,O0 Mixed,E3 LTV/Joseph,110,1,1,0.916765577282723,1.0214366757367
C_1_to_0p8,O0 Mixed,E3 LTV/Joseph,111,1,1,0.916943464861247,1.02098031769437
C_1_to_0p8,O0 Mixed,E3 LTV/Joseph,112,1,1,0.916409502801063,1.02254946615428
C_1_to_0p8,O0 Mixed,E3 LTV/Joseph,113,1,1,0.916899340692685,1.020973235782
C_1_to_0p8,O0 Mixed,E3 LTV/Joseph,114,1,1,0.917117393842256,1.02023574953689
C_1_to_0p8,O0 Mixed,E3 LTV/Joseph,115,1,1,0.916971671853388,1.02073408024194
C_1_to_0p8,O0 Mixed,E3 LTV/Joseph,116,1,1,0.917110142122505,1.02027461721154
C_1_to_0p8,O0 Mixed,E3 LTV/Joseph,117,1,1,0.917487865433015,1.01911294196552
C_1_to_0p8,O0 Mixed,E3 LTV/Joseph,118,1,1,0.917701505416356,1.01853453447132
C_1_to_0p8,O0 Mixed,E3 LTV/Joseph,119,1,1,0.917590065840912,1.01878436725713
C_1_to_0p8,O0 Mixed,E3 LTV/Joseph,120,1,1,0.917255445943207,1.01935732703413
C_1_to_0p8,O0 Mixed,E3 LTV/Joseph,121,1,1,0.917490786036236,1.01908636712271
C_1_to_0p8,O0 Mixed,E3 LTV/Joseph,122,1,1,0.916903878909742,1.01943259492531
C_1_to_0p8,O0 Mixed,E3 LTV/Joseph,123,1,1,0.916979729028063,1.01942888286397
C_1_to_0p8,O0 Mixed,E3 LTV/Joseph,124,1,1,0.916931208184076,1.0194066222154
C_1_to_0p8,O0 Mixed,E3 LTV/Joseph,125,1,1,0.917440484271496,1.0198787003976
C_1_to_0p8,O0 Mixed,E3 LTV/Joseph,126,1,1,0.917451545356117,1.01989368648837
C_1_to_0p8,O0 Mixed,E3 LTV/Joseph,127,1,1,0.917596098090058,1.020145947065
C_1_to_0p8,O0 Mixed,E3 LTV/Joseph,128,0.8,1,0.91544934082402,1.01562719907092
C_1_to_0p8,O0 Mixed,E3 LTV/Joseph,129,0.8,1,0.913740340170996,1.01146118417481
C_1_to_0p8,O0 Mixed,E3 LTV/Joseph,130,0.8,1,0.912389066301072,1.00776230294528
C_1_to_0p8,O0 Mixed,E3 LTV/Joseph,131,0.8,1,0.911527777971298,1.00517821768511
C_1_to_0p8,O0 Mixed,E3 LTV/Joseph,132,0.8,1,0.909777343125208,0.999533917869921
C_1_to_0p8,O0 Mixed,E3 LTV/Joseph,133,0.8,1,0.90848491301335,0.995137953915939
C_1_to_0p8,O0 Mixed,E3 LTV/Joseph,134,0.8,1,0.907922206473316,0.993161804068644
C_1_to_0p8,O0 Mixed,E3 LTV/Joseph,135,0.8,1,0.90701708435973,0.989954526325347
C_1_to_0p8,O0 Mixed,E3 LTV/Joseph,136,0.8,1,0.906349832776036,0.987631458886506
C_1_to_0p8,O0 Mixed,E3 LTV/Joseph,137,0.8,1,0.905766112818263,0.985699615338774
C_1_to_0p8,O0 Mixed,E3 LTV/Joseph,138,0.8,1,0.905130270718351,0.983780242308286
C_1_to_0p8,O0 Mixed,E3 LTV/Joseph,139,0.8,1,0.904413063152623,0.981910170353939
C_1_to_0p8,O0 Mixed,E3 LTV/Joseph,140,0.8,1,0.903789765489999,0.980611613324504
C_1_to_0p8,O0 Mixed,E3 LTV/Joseph,141,0.8,1,0.903140529084738,0.979661250809608
C_1_to_0p8,O0 Mixed,E3 LTV/Joseph,142,0.8,1,0.902293241714302,0.979005736275399
C_1_to_0p8,O0 Mixed,E3 LTV/Joseph,143,0.8,1,0.901365044987683,0.978968418936898
C_1_to_0p8,O0 Mixed,E3 LTV/Joseph,144,0.8,1,0.900231965337598,0.97977233752561
C_1_to_0p8,O0 Mixed,E3 LTV/Joseph,145,0.8,1,0.89911179890512,0.981397046034443
C_1_to_0p8,O0 Mixed,E3 LTV/Joseph,146,0.8,1,0.897790308777,0.984251580189292
C_1_to_0p8,O0 Mixed,E3 LTV/Joseph,147,0.8,1,0.897790308777,0.984251580189292
C_1_to_0p8,O0 Mixed,E3 LTV/Joseph,148,0.8,1,0.897790308777,0.984251580189292
C_1_to_0p8,O0 Mixed,E3 LTV/Joseph,149,0.8,1,0.89638040357152,0.989662600124015
C_1_to_0p8,O0 Mixed,E3 LTV/Joseph,150,0.8,1,0.89638040357152,0.989662600124015
C_1_to_0p8,O0 Mixed,E3 LTV/Joseph,151,0.8,1,0.89638040357152,0.989662600124015
C_1_to_0p8,O0 Mixed,E3 LTV/Joseph,152,0.8,1,0.89638040357152,0.989662600124015
C_1_to_0p8,O0 Mixed,E3 LTV/Joseph,153,0.8,1,0.89638040357152,0.989662600124015
C_1_to_0p8,O0 Mixed,E3 LTV/Joseph,154,0.8,1,0.89638040357152,0.989662600124015
C_1_to_0p8,O0 Mixed,E3 LTV/Joseph,155,0.8,1,0.89476792221887,0.995630834016892
C_1_to_0p8,O0 Mixed,E3 LTV/Joseph,156,0.8,1,0.893171289784426,1.00074643209206
C_1_to_0p8,O0 Mixed,E3 LTV/Joseph,157,0.8,1,0.893171289784426,1.00074643209206
C_1_to_0p8,O0 Mixed,E3 LTV/Joseph,158,0.8,1,0.891479763214614,1.00399522407897
C_1_to_0p8,O0 Mixed,E3 LTV/Joseph,159,0.8,1,0.889867023395191,1.00593406806444
C_1_to_0p8,O0 Mixed,E3 LTV/Joseph,160,0.8,1,0.889867023395191,1.00593406806444
C_1_to_0p8,O0 Mixed,E3 LTV/Joseph,161,0.8,1,0.888396164802273,1.00553927802618
C_1_to_0p8,O0 Mixed,E3 LTV/Joseph,162,0.8,1,0.886882488747407,1.004053988219
C_1_to_0p8,O0 Mixed,E3 LTV/Joseph,163,0.8,1,0.885618185108493,1.00194529281961
C_1_to_0p8,O0 Mixed,E3 LTV/Joseph,164,0.8,1,0.884190202093244,0.998628280543922
C_1_to_0p8,O0 Mixed,E3 LTV/Joseph,165,0.8,1,0.88301646155838,0.995173953061556
C_1_to_0p8,O0 Mixed,E3 LTV/Joseph,166,0.8,1,0.88234418454101,0.992805976738295
C_1_to_0p8,O0 Mixed,E3 LTV/Joseph,167,0.8,1,0.881490513130055,0.989343529714029
C_1_to_0p8,O0 Mixed,E3 LTV/Joseph,168,0.8,1,0.880861737284416,0.98649198371436
C_1_to_0p8,O0 Mixed,E3 LTV/Joseph,169,0.8,1,0.880323892283979,0.983833670933832
C_1_to_0p8,O0 Mixed,E3 LTV/Joseph,170,0.8,1,0.879481891387446,0.979405839773761
C_1_to_0p8,O0 Mixed,E3 LTV/Joseph,171,0.8,1,0.879243393093174,0.978105564722697
C_1_to_0p8,O0 Mixed,E3 LTV/Joseph,172,0.8,1,0.878936300353763,0.976420130852516
C_1_to_0p8,O0 Mixed,E3 LTV/Joseph,173,0.8,1,0.878481657553102,0.97399115076959
C_1_to_0p8,O0 Mixed,E3 LTV/Joseph,174,0.8,1,0.877986645352861,0.971518903995669
C_1_to_0p8,O0 Mixed,E3 LTV/Joseph,175,0.8,1,0.877545537420128,0.969560473830356
C_1_to_0p8,O0 Mixed,E3 LTV/Joseph,176,0.8,1,0.877262619548009,0.968514210492435
C_1_to_0p8,O0 Mixed,E3 LTV/Joseph,177,0.8,1,0.876945622771356,0.96762328104247
C_1_to_0p8,O0 Mixed,E3 LTV/Joseph,178,0.8,1,0.876576474892338,0.966947424969142
C_1_to_0p8,O0 Mixed,E3 LTV/Joseph,179,0.8,1,0.875924509035292,0.966416794848587
C_1_to_0p8,O0 Mixed,E3 LTV/Joseph,180,0.8,1,0.875079960564495,0.966580372976585
C_1_to_0p8,O0 Mixed,E3 LTV/Joseph,181,0.8,1,0.874369005161653,0.967402636936783
C_1_to_0p8,O0 Mixed,E3 LTV/Joseph,182,0.8,1,0.87346832033667,0.969249182955839
C_1_to_0p8,O0 Mixed,E3 LTV/Joseph,183,0.8,1,0.87346832033667,0.969249182955839
C_1_to_0p8,O0 Mixed,E3 LTV/Joseph,184,0.8,1,0.872563277535738,0.972467235078713
C_1_to_0p8,O0 Mixed,E3 LTV/Joseph,185,0.8,1,0.871415493291362,0.977236401181311
C_1_to_0p8,O0 Mixed,E3 LTV/Joseph,186,0.8,1,0.871415493291362,0.977236401181311
C_1_to_0p8,O0 Mixed,E3 LTV/Joseph,187,0.8,1,0.870310219776172,0.982744118884996
C_1_to_0p8,O0 Mixed,E3 LTV/Joseph,188,0.8,1,0.869359642188471,0.987686720824651
C_1_to_0p8,O0 Mixed,E3 LTV/Joseph,189,0.8,1,0.869359642188471,0.987686720824651
C_1_to_0p8,O0 Mixed,E3 LTV/Joseph,190,0.8,1,0.868166605322101,0.993845124709476
C_1_to_0p8,O0 Mixed,E3 LTV/Joseph,191,0.8,1,0.866869259428247,1.00020974582071
C_1_to_0p8,O0 Mixed,E3 LTV/Joseph,192,0.8,1,0.865738062345508,1.00528064862966
C_1_to_0p8,O0 Mixed,E3 LTV/Joseph,193,0.8,1,0.864575739077917,1.00981853772749
C_1_to_0p8,O0 Mixed,E3 LTV/Joseph,194,0.8,1,0.863300897769445,1.01389227252172
C_1_to_0p8,O0 Mixed,E3 LTV/Joseph,195,0.8,1,0.862099504354153,1.01676278804633
C_1_to_0p8,O0 Mixed,E3 LTV/Joseph,196,0.8,1,0.860829157300604,1.01869642302758
C_1_to_0p8,O0 Mixed,E3 LTV/Joseph,197,0.8,1,0.85959289463143,1.01947306522283
C_1_to_0p8,O0 Mixed,E3 LTV/Joseph,198,0.8,1,0.858849378270793,1.01927630780275
C_1_to_0p8,O0 Mixed,E3 LTV/Joseph,199,0.8,1,0.857736183784957,1.01801196805613
C_1_to_0p8,O0 Mixed,E3 LTV/Joseph,200,0.8,1,0.857062111455244,1.01668204145793
C_1_to_0p8,O0 Mixed,E3 LTV/Joseph,201,0.8,1,0.856014513251689,1.01378073409234
C_1_to_0p8,O0 Mixed,E3 LTV/Joseph,202,0.8,1,0.855569571766537,1.01221425501648
C_1_to_0p8,O0 Mixed,E3 LTV/Joseph,203,0.8,1,0.854451635100666,1.00749266547643
C_1_to_0p8,O0 Mixed,E3 LTV/Joseph,204,0.8,1,0.854231592246551,1.00642105836728
C_1_to_0p8,O0 Mixed,E3 LTV/Joseph,205,0.8,1,0.853677414333114,1.00340298939445
C_1_to_0p8,O0 Mixed,E3 LTV/Joseph,206,0.8,1,0.853202697940174,1.00058414493893
C_1_to_0p8,O0 Mixed,E3 LTV/Joseph,207,0.8,1,0.85280232794104,0.998054997120604
C_1_to_0p8,O0 Mixed,E3 LTV/Joseph,208,0.8,1,0.852776939510217,0.997888770277865
C_1_to_0p8,O0 Mixed,E3 LTV/Joseph,209,0.8,1,0.852543604913398,0.996350311145466
C_1_to_0p8,O0 Mixed,E3 LTV/Joseph,210,0.8,1,0.852160079144187,0.99388658964638
C_1_to_0p8,O0 Mixed,E3 LTV/Joseph,211,0.8,1,0.851880379363454,0.992204992302507
C_1_to_0p8,O0 Mixed,E3 LTV/Joseph,212,0.8,1,0.851626741616363,0.990847297238501
C_1_to_0p8,O0 Mixed,E3 LTV/Joseph,213,0.8,1,0.851441036252431,0.990017519395788
C_1_to_0p8,O0 Mixed,E3 LTV/Joseph,214,0.8,1,0.851129234415984,0.988955832907207
C_1_to_0p8,O0 Mixed,E3 LTV/Joseph,215,0.8,1,0.850785104824741,0.988190285279505
C_1_to_0p8,O0 Mixed,E3 LTV/Joseph,216,0.8,1,0.850325611994376,0.987734821741986
C_1_to_0p8,O0 Mixed,E3 LTV/Joseph,217,0.8,1,0.850043451481514,0.987801897070505
C_1_to_0p8,O0 Mixed,E3 LTV/Joseph,218,0.8,1,0.849507266806852,0.988561686413409
C_1_to_0p8,O0 Mixed,E3 LTV/Joseph,219,0.8,1,0.848895666379075,0.990100495021665
C_1_to_0p8,O0 Mixed,E3 LTV/Joseph,220,0.8,1,0.847984800495681,0.993302306728179
C_1_to_0p8,O0 Mixed,E3 LTV/Joseph,221,0.8,1,0.847312376657622,0.99626051094538
C_1_to_0p8,O0 Mixed,E3 LTV/Joseph,222,0.8,1,0.846519600474682,1.00034750645048
C_1_to_0p8,O0 Mixed,E3 LTV/Joseph,223,0.8,1,0.845700187763738,1.00507650895467
C_1_to_0p8,O0 Mixed,E3 LTV/Joseph,224,0.8,1,0.844931176486416,1.00986726622001
C_1_to_0p8,O0 Mixed,E3 LTV/Joseph,225,0.8,1,0.844201116347381,1.01462071504123
C_1_to_0p8,O0 Mixed,E3 LTV/Joseph,226,0.8,1,0.843329338414427,1.02037115192722
C_1_to_0p8,O0 Mixed,E3 LTV/Joseph,227,0.8,1,0.842625888676093,1.02492067375974
C_1_to_0p8,O0 Mixed,E3 LTV/Joseph,228,0.8,1,0.842048143176997,1.02845363296142
C_1_to_0p8,O0 Mixed,E3 LTV/Joseph,229,0.8,1,0.841269907333269,1.03277204458608
C_1_to_0p8,O0 Mixed,E3 LTV/Joseph,230,0.8,1,0.840548364727936,1.03623075633843
C_1_to_0p8,O0 Mixed,E3 LTV/Joseph,231,0.8,1,0.839893928498471,1.03877405578753
C_1_to_0p8,O0 Mixed,E3 LTV/Joseph,232,0.8,1,0.839042121026929,1.04122451824085
C_1_to_0p8,O0 Mixed,E3 LTV/Joseph,233,0.8,1,0.83836261364767,1.04245678954536
C_1_to_0p8,O0 Mixed,E3 LTV/Joseph,234,0.8,1,0.837631157481581,1.04299719916669
C_1_to_0p8,O0 Mixed,E3 LTV/Joseph,235,0.8,1,0.837034198449959,1.04280939395589
C_1_to_0p8,O0 Mixed,E3 LTV/Joseph,236,0.8,1,0.836450939899185,1.04203628911481
C_1_to_0p8,O0 Mixed,E3 LTV/Joseph,237,0.8,1,0.835519817581014,1.03991026539233
C_1_to_0p8,O0 Mixed,E3 LTV/Joseph,238,0.8,1,0.83505832754623,1.03844161638397
C_1_to_0p8,O0 Mixed,E3 LTV/Joseph,239,0.8,1,0.834413945836083,1.0358514027577
C_1_to_0p8,O0 Mixed,E3 LTV/Joseph,240,0.8,1,0.833686092287496,1.0323610473171
C_1_to_0p8,O0 Mixed,E3 LTV/Joseph,241,0.8,1,0.833246573057101,1.029942722304
C_1_to_0p8,O0 Mixed,E3 LTV/Joseph,242,0.8,1,0.833037279476107,1.02866036606263
C_1_to_0p8,O0 Mixed,E3 LTV/Joseph,243,0.8,1,0.832611457458596,1.02582618647755
C_1_to_0p8,O0 Mixed,E3 LTV/Joseph,244,0.8,1,0.832402432339366,1.02434978321263
C_1_to_0p8,O0 Mixed,E3 LTV/Joseph,245,0.8,1,0.832107820679151,1.0221945350992
C_1_to_0p8,O0 Mixed,E3 LTV/Joseph,246,0.8,1,0.831795439027248,1.01989018412354
C_1_to_0p8,O0 Mixed,E3 LTV/Joseph,247,0.8,1,0.831479252191641,1.01761092251412
C_1_to_0p8,O0 Mixed,E3 LTV/Joseph,248,0.8,1,0.831192535202091,1.01566643155437
C_1_to_0p8,O0 Mixed,E3 LTV/Joseph,249,0.8,1,0.830953535872014,1.01421206194594
C_1_to_0p8,O0 Mixed,E3 LTV/Joseph,250,0.8,1,0.830641761430161,1.01261180003224
C_1_to_0p8,O0 Mixed,E3 LTV/Joseph,251,0.8,1,0.830381477971742,1.01158029582515
C_1_to_0p8,O0 Mixed,E3 LTV/Joseph,252,0.8,1,0.830197992476076,1.01109708388285
C_1_to_0p8,O0 Mixed,E3 LTV/Joseph,253,0.8,1,0.829861863322768,1.01068959453067
C_1_to_0p8,O0 Mixed,E3 LTV/Joseph,254,0.8,1,0.829445976735033,1.01078770415869
C_1_to_0p8,O0 Mixed,E3 LTV/Joseph,255,0.8,1,0.829147310269808,1.01128229368823
C_1_to_0p8,O0 Mixed,E3 LTV/Joseph,256,0.8,1,0.828778596502851,1.01238994263728
C_1_to_0p8,O0 Mixed,E3 LTV/Joseph,257,0.8,1,0.828378272225154,1.01409050332435
C_1_to_0p8,O0 Mixed,E3 LTV/Joseph,258,0.8,1,0.82799011304014,1.01617181595641
C_1_to_0p8,O0 Mixed,E3 LTV/Joseph,259,0.8,1,0.827621186261624,1.01850471477461
C_1_to_0p8,O0 Mixed,E3 LTV/Joseph,260,0.8,1,0.827261004688537,1.02106535549197
C_1_to_0p8,O0 Mixed,E3 LTV/Joseph,261,0.8,1,0.826845517452751,1.02426235578449
C_1_to_0p8,O0 Mixed,E3 LTV/Joseph,262,0.8,1,0.826421121985595,1.02767946165426
C_1_to_0p8,O0 Mixed,E3 LTV/Joseph,263,0.8,1,0.826096832156085,1.03032312493803
C_1_to_0p8,O0 Mixed,E3 LTV/Joseph,264,0.8,1,0.825640536683831,1.03396299452486
C_1_to_0p8,O0 Mixed,E3 LTV/Joseph,265,0.8,1,0.82523293474091,1.03702850323707
C_1_to_0p8,O0 Mixed,E3 LTV/Joseph,266,0.8,1,0.825022807960855,1.03845641773163
C_1_to_0p8,O0 Mixed,E3 LTV/Joseph,267,0.8,1,0.824631383526453,1.0407425578559
C_1_to_0p8,O0 Mixed,E3 LTV/Joseph,268,0.8,1,0.824163447470239,1.04294803279696
C_1_to_0p8,O0 Mixed,E3 LTV/Joseph,269,0.8,1,0.823871557598888,1.04396236252815
C_1_to_0p8,O0 Mixed,E3 LTV/Joseph,270,0.8,1,0.823447605247471,1.04489036997071
C_1_to_0p8,O0 Mixed,E3 LTV/Joseph,271,0.8,1,0.82314170087152,1.04516778095042
C_1_to_0p8,O0 Mixed,E3 LTV/Joseph,272,0.8,1,0.822622979240699,1.04499435111277
C_1_to_0p8,O0 Mixed,E3 LTV/Joseph,273,0.8,1,0.822180528891075,1.04432505189955
C_1_to_0p8,O0 Mixed,E3 LTV/Joseph,274,0.8,1,0.821659621216941,1.04296156717281
C_1_to_0p8,O0 Mixed,E3 LTV/Joseph,275,0.8,1,0.82135853318762,1.04186419564856
C_1_to_0p8,O0 Mixed,E3 LTV/Joseph,276,0.8,1,0.820733947284356,1.03899424697919
C_1_to_0p8,O0 Mixed,E3 LTV/Joseph,277,0.8,1,0.820484361070526,1.03762970544376
C_1_to_0p8,O0 Mixed,E3 LTV/Joseph,278,0.8,1,0.820210527489609,1.03591682063867
C_1_to_0p8,O0 Mixed,E3 LTV/Joseph,279,0.8,1,0.819792571747798,1.03301086052093
C_1_to_0p8,O0 Mixed,E3 LTV/Joseph,280,0.8,1,0.819492809859078,1.03075012290584
C_1_to_0p8,O0 Mixed,E3 LTV/Joseph,281,0.8,1,0.819215771178571,1.02853536457503
C_1_to_0p8,O0 Mixed,E3 LTV/Joseph,282,0.8,1,0.818978893426402,1.02657483015863
C_1_to_0p8,O0 Mixed,E3 LTV/Joseph,283,0.8,1,0.818921147541766,1.02609288316815
C_1_to_0p8,O0 Mixed,E3 LTV/Joseph,284,0.8,1,0.81863172410738,1.02372991506318
C_1_to_0p8,O0 Mixed,E3 LTV/Joseph,285,0.8,1,0.818430721266625,1.02218231434058
C_1_to_0p8,O0 Mixed,E3 LTV/Joseph,286,0.8,1,0.818229313335563,1.02078598878889
C_1_to_0p8,O0 Mixed,E3 LTV/Joseph,287,0.8,1,0.81789552868638,1.01882478451067
C_1_to_0p8,O0 Mixed,E3 LTV/Joseph,288,0.8,1,0.817593240019091,1.01744527538186
C_1_to_0p8,O0 Mixed,E3 LTV/Joseph,289,0.8,1,0.817472785701762,1.01707743506442
C_1_to_0p8,O0 Mixed,E3 LTV/Joseph,290,0.8,1,0.8174611747869,1.01706095802275
C_1_to_0p8,O0 Mixed,E3 LTV/Joseph,291,0.8,1,0.817003058826793,1.01718277027413
C_1_to_0p8,O0 Mixed,E3 LTV/Joseph,292,0.8,1,0.816885858393025,1.01740981553262
C_1_to_0p8,O0 Mixed,E3 LTV/Joseph,293,0.8,1,0.816591681425668,1.0184513109548
C_1_to_0p8,O0 Mixed,E3 LTV/Joseph,294,0.8,1,0.816435005359527,1.01923981100925
C_1_to_0p8,O0 Mixed,E3 LTV/Joseph,295,0.8,1,0.816194582851714,1.0207733508851
C_1_to_0p8,O0 Mixed,E3 LTV/Joseph,296,0.8,1,0.815803799062098,1.02372323826755
C_1_to_0p8,O0 Mixed,E3 LTV/Joseph,297,0.8,1,0.815546760637192,1.02591051034705
C_1_to_0p8,O0 Mixed,E3 LTV/Joseph,298,0.8,1,0.81520866635691,1.02902961190411
C_1_to_0p8,O0 Mixed,E3 LTV/Joseph,299,0.8,1,0.814956482258592,1.0314658279162
C_1_to_0p8,O0 Mixed,E3 LTV/Joseph,300,0.8,1,0.814739580594935,1.03358684895208
C_1_to_0p8,O0 Mixed,E3 LTV/Joseph,301,0.8,1,0.814506437080622,1.0358151580015
C_1_to_0p8,O0 Mixed,E3 LTV/Joseph,302,0.8,1,0.814197601049248,1.03859292746371
C_1_to_0p8,O0 Mixed,E3 LTV/Joseph,303,0.8,1,0.813798990437161,1.04182627410809
C_1_to_0p8,O0 Mixed,E3 LTV/Joseph,304,0.8,1,0.813521774802564,1.04375490278599
C_1_to_0p8,O0 Mixed,E3 LTV/Joseph,305,0.8,1,0.813169307619948,1.04572958955132
C_1_to_0p8,O0 Mixed,E3 LTV/Joseph,306,0.8,1,0.81274200767502,1.04749387473961
C_1_to_0p8,O0 Mixed,E3 LTV/Joseph,307,0.8,1,0.812431358624066,1.04830481986348
C_1_to_0p8,O0 Mixed,E3 LTV/Joseph,308,0.8,1,0.812060212626361,1.04871614132994
C_1_to_0p8,O0 Mixed,E3 LTV/Joseph,309,0.8,1,0.811754815699012,1.04861370072184
C_1_to_0p8,O0 Mixed,E3 LTV/Joseph,310,0.8,1,0.811436484199927,1.04807376628077
C_1_to_0p8,O0 Mixed,E3 LTV/Joseph,311,0.8,1,0.811166641966971,1.04727420014734
C_1_to_0p8,O0 Mixed,E3 LTV/Joseph,312,0.8,1,0.810738317053119,1.0455031492054
C_1_to_0p8,O0 Mixed,E3 LTV/Joseph,313,0.8,1,0.810341954317611,1.0434367111095
C_1_to_0p8,O0 Mixed,E3 LTV/Joseph,314,0.8,1,0.810075437263401,1.04178474260813
C_1_to_0p8,O0 Mixed,E3 LTV/Joseph,315,0.8,1,0.809838160124204,1.04010341448747
C_1_to_0p8,O0 Mixed,E3 LTV/Joseph,316,0.8,1,0.809612988887694,1.03833191303614
C_1_to_0p8,O0 Mixed,E3 LTV/Joseph,317,0.8,1,0.809159119288911,1.03446171390036
C_1_to_0p8,O0 Mixed,E3 LTV/Joseph,318,0.8,1,0.808978920253495,1.03283366247936
C_1_to_0p8,O0 Mixed,E3 LTV/Joseph,319,0.8,1,0.808716578531139,1.0303805590896
C_1_to_0p8,O0 Mixed,E3 LTV/Joseph,320,0.8,1,0.808709237163249,1.03031132413976
C_1_to_0p8,O0 Mixed,E3 LTV/Joseph,321,0.8,1,0.808641658742555,1.02968764809251
C_1_to_0p8,O0 Mixed,E3 LTV/Joseph,322,0.8,1,0.808516200941586,1.02859478160475
C_1_to_0p8,O0 Mixed,E3 LTV/Joseph,323,0.8,1,0.808350670498889,1.02729422459565
C_1_to_0p8,O0 Mixed,E3 LTV/Joseph,324,0.8,1,0.808273834077313,1.02678158785144
C_1_to_0p8,O0 Mixed,E3 LTV/Joseph,325,0.8,1,0.807987677386365,1.02529536649002
C_1_to_0p8,O0 Mixed,E3 LTV/Joseph,326,0.8,1,0.807855492269281,1.02483480471044
C_1_to_0p8,O0 Mixed,E3 LTV/Joseph,327,0.8,1,0.807762147754838,1.02468354181408
C_1_to_0p8,O0 Mixed,E3 LTV/Joseph,328,0.8,1,0.807567331590087,1.02474483074838
C_1_to_0p8,O0 Mixed,E3 LTV/Joseph,329,0.8,1,0.807461125831039,1.02498337533153
C_1_to_0p8,O0 Mixed,E3 LTV/Joseph,330,0.8,1,0.807277844871187,1.0257366628857
C_1_to_0p8,O0 Mixed,E3 LTV/Joseph,331,0.8,1,0.807185859049399,1.02627515377146
C_1_to_0p8,O0 Mixed,E3 LTV/Joseph,332,0.8,1,0.806976361189545,1.0278326716906
C_1_to_0p8,O0 Mixed,E3 LTV/Joseph,333,0.8,1,0.806781421411264,1.0295505064335
C_1_to_0p8,O0 Mixed,E3 LTV/Joseph,334,0.8,1,0.806489667443941,1.0324523690229
C_1_to_0p8,O0 Mixed,E3 LTV/Joseph,335,0.8,1,0.806189844432678,1.0356886263512
C_1_to_0p8,O0 Mixed,E3 LTV/Joseph,336,0.8,1,0.806057408947353,1.03718597658366
C_1_to_0p8,O0 Mixed,E3 LTV/Joseph,337,0.8,1,0.805847996998296,1.03958224618794
C_1_to_0p8,O0 Mixed,E3 LTV/Joseph,338,0.8,1,0.805710089149683,1.04112369421521
C_1_to_0p8,O0 Mixed,E3 LTV/Joseph,339,0.8,1,0.805610254947491,1.0421724868557
C_1_to_0p8,O0 Mixed,E3 LTV/Joseph,340,0.8,1,0.805391496780483,1.04424174620584
C_1_to_0p8,O0 Mixed,E3 LTV/Joseph,341,0.8,1,0.805265799917091,1.04525998600267
C_1_to_0p8,O0 Mixed,E3 LTV/Joseph,342,0.8,1,0.80500699823105,1.04694669858717
C_1_to_0p8,O0 Mixed,E3 LTV/Joseph,343,0.8,1,0.805012724935552,1.04691918946817
C_1_to_0p8,O0 Mixed,E3 LTV/Joseph,344,0.8,1,0.804702274039166,1.04786596020786
C_1_to_0p8,O0 Mixed,E3 LTV/Joseph,345,0.8,1,0.804543762243995,1.04807602870644
C_1_to_0p8,O0 Mixed,E3 LTV/Joseph,346,0.8,1,0.804157110381519,1.04795100821668
C_1_to_0p8,O0 Mixed,E3 LTV/Joseph,347,0.8,1,0.803846059554537,1.04736919867434
C_1_to_0p8,O0 Mixed,E3 LTV/Joseph,348,0.8,1,0.803505383377824,1.04624305950936
C_1_to_0p8,O0 Mixed,E3 LTV/Joseph,349,0.8,1,0.803239930036453,1.04501465417776
C_1_to_0p8,O0 Mixed,E3 LTV/Joseph,350,0.8,1,0.802860463806413,1.04279864472932
C_1_to_0p8,O0 Mixed,E3 LTV/Joseph,351,0.8,1,0.80255805957322,1.04069854028417
C_1_to_0p8,O0 Mixed,E3 LTV/Joseph,352,0.8,1,0.802246449523317,1.03822464918903
C_1_to_0p8,O0 Mixed,E3 LTV/Joseph,353,0.8,1,0.802121015117602,1.03711935462693
C_1_to_0p8,O0 Mixed,E3 LTV/Joseph,354,0.8,1,0.802026497427504,1.03621743671278
C_1_to_0p8,O0 Mixed,E3 LTV/Joseph,355,0.8,1,0.801900951919166,1.03494907775608
C_1_to_0p8,O0 Mixed,E3 LTV/Joseph,356,0.8,1,0.801763402981137,1.03351129847723
C_1_to_0p8,O0 Mixed,E3 LTV/Joseph,357,0.8,1,0.801597959806537,1.03176689327877
C_1_to_0p8,O0 Mixed,E3 LTV/Joseph,358,0.8,1,0.80151737811723,1.03093496894521
C_1_to_0p8,O0 Mixed,E3 LTV/Joseph,359,0.8,1,0.801350771974965,1.0293103178074
C_1_to_0p8,O0 Mixed,E3 LTV/Joseph,360,0.8,1,0.801304258563451,1.02890089246544
C_1_to_0p8,O0 Mixed,E3 LTV/Joseph,361,0.8,1,0.801184246101897,1.02800297103821
C_1_to_0p8,O0 Mixed,E3 LTV/Joseph,362,0.8,1,0.801058998408841,1.02727282414748
C_1_to_0p8,O0 Mixed,E3 LTV/Joseph,363,0.8,1,0.800958636604601,1.02688024348407
C_1_to_0p8,O0 Mixed,E3 LTV/Joseph,364,0.8,1,0.800853643770905,1.02668982115741
C_1_to_0p8,O0 Mixed,E3 LTV/Joseph,365,0.8,1,0.800667916402297,1.02675918497464
C_1_to_0p8,O0 Mixed,E3 LTV/Joseph,366,0.8,1,0.800565207723154,1.02702265546575
C_1_to_0p8,O0 Mixed,E3 LTV/Joseph,367,0.8,1,0.80044079688809,1.02760588239691
C_1_to_0p8,O0 Mixed,E3 LTV/Joseph,368,0.8,1,0.800295994553765,1.02857328414448
C_1_to_0p8,O0 Mixed,E3 LTV/Joseph,369,0.8,1,0.800191835369894,1.02945775209817
C_1_to_0p8,O0 Mixed,E3 LTV/Joseph,370,0.8,1,0.800034801329929,1.03103939230832
C_1_to_0p8,O0 Mixed,E3 LTV/Joseph,371,0.8,1,0.800055671442535,1.03080206817637
C_1_to_0p8,O0 Mixed,E3 LTV/Joseph,372,0.8,1,0.799884634642764,1.03291265752829
C_1_to_0p8,O0 Mixed,E3 LTV/Joseph,373,0.8,1,0.799740262466929,1.03477895104031
C_1_to_0p8,O0 Mixed,E3 LTV/Joseph,374,0.8,1,0.799743219673123,1.03474027258429
C_1_to_0p8,O0 Mixed,E3 LTV/Joseph,375,0.8,1,0.799515932669873,1.0376427787802
C_1_to_0p8,O0 Mixed,E3 LTV/Joseph,376,0.8,1,0.799389081786345,1.03916476439454
C_1_to_0p8,O0 Mixed,E3 LTV/Joseph,377,0.8,1,0.799333149344732,1.03976857085809
C_1_to_0p8,O0 Mixed,E3 LTV/Joseph,378,0.8,1,0.79914206848036,1.04153411410713
C_1_to_0p8,O0 Mixed,E3 LTV/Joseph,379,0.8,1,0.799026177423909,1.04239557201931
C_1_to_0p8,O0 Mixed,E3 LTV/Joseph,380,0.8,1,0.798839518232241,1.04341959807557
C_1_to_0p8,O0 Mixed,E3 LTV/Joseph,381,0.8,1,0.798613796254323,1.04420957352792
C_1_to_0p8,O0 Mixed,E3 LTV/Joseph,382,0.8,1,0.798391174359309,1.04455520430735
C_1_to_0p8,O0 Mixed,E3 LTV/Joseph,383,0.8,1,0.798122535124975,1.04447372612171
C_1_to_0p8,O0 Mixed,E3 LTV/Joseph,384,0.8,1,0.797767677885831,1.04374990967088
C_1_to_0p8,O1 Proposed,E1 RLS,1,1,1,0.983900534050895,0.7
C_1_to_0p8,O1 Proposed,E1 RLS,2,1,1,0.983900534050895,1.0798969674292
C_1_to_0p8,O1 Proposed,E1 RLS,3,1,1,1.00817721349634,1.0798969674292
C_1_to_0p8,O1 Proposed,E1 RLS,4,1,1,1.00817721349634,1.05677706400423
C_1_to_0p8,O1 Proposed,E1 RLS,5,1,1,0.975176336331465,1.05677706400423
C_1_to_0p8,O1 Proposed,E1 RLS,6,1,1,0.975176336331465,1.06327015252412
C_1_to_0p8,O1 Proposed,E1 RLS,7,1,1,0.990525621826686,1.06327015252412
C_1_to_0p8,O1 Proposed,E1 RLS,8,1,1,0.990525621826686,1.05343984411822
C_1_to_0p8,O1 Proposed,E1 RLS,9,1,1,1.00212666251681,1.05343984411822
C_1_to_0p8,O1 Proposed,E1 RLS,10,1,1,1.00212666251681,1.04493907989288
C_1_to_0p8,O1 Proposed,E1 RLS,11,1,1,0.999142640140043,1.04493907989288
C_1_to_0p8,O1 Proposed,E1 RLS,12,1,1,0.999142640140043,1.03825513430502
C_1_to_0p8,O1 Proposed,E1 RLS,13,1,1,0.997064673655688,1.03825513430502
C_1_to_0p8,O1 Proposed,E1 RLS,14,1,1,0.997064673655688,1.03599128405095
C_1_to_0p8,O1 Proposed,E1 RLS,15,1,1,1.00326448087638,1.03599128405095
C_1_to_0p8,O1 Proposed,E1 RLS,16,1,1,1.00326448087638,1.03128982402206
C_1_to_0p8,O1 Proposed,E1 RLS,17,1,1,1.00377969896551,1.03128982402206
C_1_to_0p8,O1 Proposed,E1 RLS,18,1,1,1.00377969896551,1.02687076161003
C_1_to_0p8,O1 Proposed,E1 RLS,19,1,1,1.00822840102363,1.02687076161003
C_1_to_0p8,O1 Proposed,E1 RLS,20,1,1,1.00822840102363,1.02159021827936
C_1_to_0p8,O1 Proposed,E1 RLS,21,1,1,1.00595924838612,1.02159021827936
C_1_to_0p8,O1 Proposed,E1 RLS,22,1,1,1.00595924838612,1.01402019285068
C_1_to_0p8,O1 Proposed,E1 RLS,23,1,1,1.00619748680794,1.01402019285068
C_1_to_0p8,O1 Proposed,E1 RLS,24,1,1,1.00619748680794,1.01258332839981
C_1_to_0p8,O1 Proposed,E1 RLS,25,1,1,1.00844896878867,1.01258332839981
C_1_to_0p8,O1 Proposed,E1 RLS,26,1,1,1.00844896878867,1.00893176226351
C_1_to_0p8,O1 Proposed,E1 RLS,27,1,1,1.01049495373005,1.00893176226351
C_1_to_0p8,O1 Proposed,E1 RLS,28,1,1,1.01049495373005,1.00713007136654
C_1_to_0p8,O1 Proposed,E1 RLS,29,1,1,1.00753593709976,1.00713007136654
C_1_to_0p8,O1 Proposed,E1 RLS,30,1,1,1.00753593709976,1.00527293314566
C_1_to_0p8,O1 Proposed,E1 RLS,31,1,1,1.00283028999255,1.00527293314566
C_1_to_0p8,O1 Proposed,E1 RLS,32,1,1,1.00283028999255,1.00735837389643
C_1_to_0p8,O1 Proposed,E1 RLS,33,1,1,1.00272469148155,1.00735837389643
C_1_to_0p8,O1 Proposed,E1 RLS,34,1,1,1.00272469148155,1.00716193031048
C_1_to_0p8,O1 Proposed,E1 RLS,35,1,1,1.00206608994106,1.00716193031048
C_1_to_0p8,O1 Proposed,E1 RLS,36,1,1,1.00206608994106,1.00811189806403
C_1_to_0p8,O1 Proposed,E1 RLS,37,1,1,1.00721172035738,1.00811189806403
C_1_to_0p8,O1 Proposed,E1 RLS,38,1,1,1.00721172035738,1.01129025940007
C_1_to_0p8,O1 Proposed,E1 RLS,39,1,1,1.00356390232332,1.01129025940007
C_1_to_0p8,O1 Proposed,E1 RLS,40,1,1,1.00356390232332,1.01330186154758
C_1_to_0p8,O1 Proposed,E1 RLS,41,1,1,1.00571229848313,1.01330186154758
C_1_to_0p8,O1 Proposed,E1 RLS,42,1,1,1.00571229848313,1.01457717218172
C_1_to_0p8,O1 Proposed,E1 RLS,43,1,1,1.00379142173684,1.01457717218172
C_1_to_0p8,O1 Proposed,E1 RLS,44,1,1,1.00379142173684,1.01340722960614
C_1_to_0p8,O1 Proposed,E1 RLS,45,1,1,1.00422765058728,1.01340722960614
C_1_to_0p8,O1 Proposed,E1 RLS,46,1,1,1.00422765058728,1.01396996888193
C_1_to_0p8,O1 Proposed,E1 RLS,47,1,1,1.00463303033683,1.01396996888193
C_1_to_0p8,O1 Proposed,E1 RLS,48,1,1,1.00463303033683,1.01242234903456
C_1_to_0p8,O1 Proposed,E1 RLS,49,1,1,1.00601533984128,1.01242234903456
C_1_to_0p8,O1 Proposed,E1 RLS,50,1,1,1.00601533984128,1.01052136345757
C_1_to_0p8,O1 Proposed,E1 RLS,51,1,1,1.00274760825399,1.01052136345757
C_1_to_0p8,O1 Proposed,E1 RLS,52,1,1,1.00274760825399,1.00885011477053
C_1_to_0p8,O1 Proposed,E1 RLS,53,1,1,1.00135216305914,1.00885011477053
C_1_to_0p8,O1 Proposed,E1 RLS,54,1,1,1.00135216305914,1.00588408730249
C_1_to_0p8,O1 Proposed,E1 RLS,55,1,1,1.00131697582042,1.00588408730249
C_1_to_0p8,O1 Proposed,E1 RLS,56,1,1,1.00131697582042,1.00562974407213
C_1_to_0p8,O1 Proposed,E1 RLS,57,1,1,1.00388196492696,1.00562974407213
C_1_to_0p8,O1 Proposed,E1 RLS,58,1,1,1.00388196492696,1.00357943600569
C_1_to_0p8,O1 Proposed,E1 RLS,59,1,1,1.00530387046259,1.00357943600569
C_1_to_0p8,O1 Proposed,E1 RLS,60,1,1,1.00530387046259,1.00134398553792
C_1_to_0p8,O1 Proposed,E1 RLS,61,1,1,1.00466662860583,1.00134398553792
C_1_to_0p8,O1 Proposed,E1 RLS,62,1,1,1.00466662860583,1.0010876525667
C_1_to_0p8,O1 Proposed,E1 RLS,63,1,1,1.00551540294605,1.0010876525667
C_1_to_0p8,O1 Proposed,E1 RLS,64,1,1,1.00551540294605,0.999677161710514
C_1_to_0p8,O1 Proposed,E1 RLS,65,1,1,1.00498822690819,0.999677161710514
C_1_to_0p8,O1 Proposed,E1 RLS,66,1,1,1.00498822690819,0.998431058092849
C_1_to_0p8,O1 Proposed,E1 RLS,67,1,1,1.00447538173899,0.998431058092849
C_1_to_0p8,O1 Proposed,E1 RLS,68,1,1,1.00447538173899,0.998063507379139
C_1_to_0p8,O1 Proposed,E1 RLS,69,1,1,1.00303029916439,0.998063507379139
C_1_to_0p8,O1 Proposed,E1 RLS,70,1,1,1.00303029916439,0.997216428020733
C_1_to_0p8,O1 Proposed,E1 RLS,71,1,1,1.00293077650472,0.997216428020733
C_1_to_0p8,O1 Proposed,E1 RLS,72,1,1,1.00293077650472,0.997656889684046
C_1_to_0p8,O1 Proposed,E1 RLS,73,1,1,1.00297241330128,0.997656889684046
C_1_to_0p8,O1 Proposed,E1 RLS,74,1,1,1.00297241330128,0.997315403370258
C_1_to_0p8,O1 Proposed,E1 RLS,75,1,1,1.00224392758201,0.997315403370258
C_1_to_0p8,O1 Proposed,E1 RLS,76,1,1,1.00224392758201,0.998420381515971
C_1_to_0p8,O1 Proposed,E1 RLS,77,1,1,1.002585927067,0.998420381515971
C_1_to_0p8,O1 Proposed,E1 RLS,78,1,1,1.002585927067,0.999997664973745
C_1_to_0p8,O1 Proposed,E1 RLS,79,1,1,1.00239924352188,0.999997664973745
C_1_to_0p8,O1 Proposed,E1 RLS,80,1,1,1.00239924352188,1.00114225370695
C_1_to_0p8,O1 Proposed,E1 RLS,81,1,1,0.998694074480479,1.00114225370695
C_1_to_0p8,O1 Proposed,E1 RLS,82,1,1,0.998694074480479,1.00148238509624
C_1_to_0p8,O1 Proposed,E1 RLS,83,1,1,0.999249788885517,1.00148238509624
C_1_to_0p8,O1 Proposed,E1 RLS,84,1,1,0.999249788885517,1.00234725394354
C_1_to_0p8,O1 Proposed,E1 RLS,85,1,1,1.00046056942991,1.00234725394354
C_1_to_0p8,O1 Proposed,E1 RLS,86,1,1,1.00046056942991,1.00267047920832
C_1_to_0p8,O1 Proposed,E1 RLS,87,1,1,1.00094809196963,1.00267047920832
C_1_to_0p8,O1 Proposed,E1 RLS,88,1,1,1.00094809196963,1.00151464998154
C_1_to_0p8,O1 Proposed,E1 RLS,89,1,1,1.00259135037524,1.00151464998154
C_1_to_0p8,O1 Proposed,E1 RLS,90,1,1,1.00259135037524,1.00124345048337
C_1_to_0p8,O1 Proposed,E1 RLS,91,1,1,1.0012069749215,1.00124345048337
C_1_to_0p8,O1 Proposed,E1 RLS,92,1,1,1.0012069749215,1.00067016753575
C_1_to_0p8,O1 Proposed,E1 RLS,93,1,1,1.00085181647663,1.00067016753575
C_1_to_0p8,O1 Proposed,E1 RLS,94,1,1,1.00085181647663,1.00053395750028
C_1_to_0p8,O1 Proposed,E1 RLS,95,1,1,1.00194067781041,1.00053395750028
C_1_to_0p8,O1 Proposed,E1 RLS,96,1,1,1.00194067781041,0.999322960646391
C_1_to_0p8,O1 Proposed,E1 RLS,97,1,1,1.00228143078578,0.999322960646391
C_1_to_0p8,O1 Proposed,E1 RLS,98,1,1,1.00228143078578,0.997725033927567
C_1_to_0p8,O1 Proposed,E1 RLS,99,1,1,1.00175760127499,0.997725033927567
C_1_to_0p8,O1 Proposed,E1 RLS,100,1,1,1.00175760127499,0.996574090596297
C_1_to_0p8,O1 Proposed,E1 RLS,101,1,1,1.00098214001442,0.996574090596297
C_1_to_0p8,O1 Proposed,E1 RLS,102,1,1,1.00098214001442,0.996021547204779
C_1_to_0p8,O1 Proposed,E1 RLS,103,1,1,1.00041537698947,0.996021547204779
C_1_to_0p8,O1 Proposed,E1 RLS,104,1,1,1.00041537698947,0.996118566674465
C_1_to_0p8,O1 Proposed,E1 RLS,105,1,1,0.999713893664743,0.996118566674465
C_1_to_0p8,O1 Proposed,E1 RLS,106,1,1,0.999713893664743,0.996498809282399
C_1_to_0p8,O1 Proposed,E1 RLS,107,1,1,1.00057188905871,0.996498809282399
C_1_to_0p8,O1 Proposed,E1 RLS,108,1,1,1.00057188905871,0.997311088405126
C_1_to_0p8,O1 Proposed,E1 RLS,109,1,1,1.00149680632468,0.997311088405126
C_1_to_0p8,O1 Proposed,E1 RLS,110,1,1,1.00149680632468,0.998767836988455
C_1_to_0p8,O1 Proposed,E1 RLS,111,1,1,1.00219678611874,0.998767836988455
C_1_to_0p8,O1 Proposed,E1 RLS,112,1,1,1.00219678611874,1.00073929338836
C_1_to_0p8,O1 Proposed,E1 RLS,113,1,1,1.00388974704354,1.00073929338836
C_1_to_0p8,O1 Proposed,E1 RLS,114,1,1,1.00388974704354,1.00139427583515
C_1_to_0p8,O1 Proposed,E1 RLS,115,1,1,1.00251720130446,1.00139427583515
C_1_to_0p8,O1 Proposed,E1 RLS,116,1,1,1.00251720130446,1.00246594815049
C_1_to_0p8,O1 Proposed,E1 RLS,117,1,1,1.00406891603177,1.00246594815049
C_1_to_0p8,O1 Proposed,E1 RLS,118,1,1,1.00406891603177,1.00305244800767
C_1_to_0p8,O1 Proposed,E1 RLS,119,1,1,1.0037438460824,1.00305244800767
C_1_to_0p8,O1 Proposed,E1 RLS,120,1,1,1.0037438460824,1.00448674340964
C_1_to_0p8,O1 Proposed,E1 RLS,121,1,1,1.00353451784605,1.00448674340964
C_1_to_0p8,O1 Proposed,E1 RLS,122,1,1,1.00353451784605,1.00564795256152
C_1_to_0p8,O1 Proposed,E1 RLS,123,1,1,1.00342937903909,1.00564795256152
C_1_to_0p8,O1 Proposed,E1 RLS,124,1,1,1.00342937903909,1.00580120362814
C_1_to_0p8,O1 Proposed,E1 RLS,125,1,1,1.00536818182638,1.00580120362814
C_1_to_0p8,O1 Proposed,E1 RLS,126,1,1,1.00536818182638,1.00563677980123
C_1_to_0p8,O1 Proposed,E1 RLS,127,1,1,1.00496945780165,1.00563677980123
C_1_to_0p8,O1 Proposed,E1 RLS,128,0.8,1,1.00496945780165,1.00532863569406
C_1_to_0p8,O1 Proposed,E1 RLS,129,0.8,1,1.00126428567237,1.00532863569406
C_1_to_0p8,O1 Proposed,E1 RLS,130,0.8,1,1.00126428567237,1.00487269334254
C_1_to_0p8,O1 Proposed,E1 RLS,131,0.8,1,0.999667077059625,1.00487269334254
C_1_to_0p8,O1 Proposed,E1 RLS,132,0.8,1,0.999667077059625,1.0044285737269
C_1_to_0p8,O1 Proposed,E1 RLS,133,0.8,1,0.996875817900463,1.0044285737269
C_1_to_0p8,O1 Proposed,E1 RLS,134,0.8,1,0.996875817900463,1.00349835542273
C_1_to_0p8,O1 Proposed,E1 RLS,135,0.8,1,0.995280477306994,1.00349835542273
C_1_to_0p8,O1 Proposed,E1 RLS,136,0.8,1,0.995280477306994,1.00286414779734
C_1_to_0p8,O1 Proposed,E1 RLS,137,0.8,1,0.993809353594893,1.00286414779734
C_1_to_0p8,O1 Proposed,E1 RLS,138,0.8,1,0.993809353594893,1.00244125777285
C_1_to_0p8,O1 Proposed,E1 RLS,139,0.8,1,0.991993339351243,1.00244125777285
C_1_to_0p8,O1 Proposed,E1 RLS,140,0.8,1,0.991993339351243,1.00179898038554
C_1_to_0p8,O1 Proposed,E1 RLS,141,0.8,1,0.990593523443268,1.00179898038554
C_1_to_0p8,O1 Proposed,E1 RLS,142,0.8,1,0.990593523443268,1.00156445463999
C_1_to_0p8,O1 Proposed,E1 RLS,143,0.8,1,0.988322295811617,1.00156445463999
C_1_to_0p8,O1 Proposed,E1 RLS,144,0.8,1,0.988322295811617,1.00211934790201
C_1_to_0p8,O1 Proposed,E1 RLS,145,0.8,1,0.985420476962412,1.00211934790201
C_1_to_0p8,O1 Proposed,E1 RLS,146,0.8,1,0.985420476962412,1.00240682992031
C_1_to_0p8,O1 Proposed,E1 RLS,147,0.8,1,0.981818710751706,1.00240682992031
C_1_to_0p8,O1 Proposed,E1 RLS,148,0.8,1,0.981818710751706,1.00296400869355
C_1_to_0p8,O1 Proposed,E1 RLS,149,0.8,1,0.977554140611417,1.00296400869355
C_1_to_0p8,O1 Proposed,E1 RLS,150,0.8,1,0.977554140611417,1.00368122601053
C_1_to_0p8,O1 Proposed,E1 RLS,151,0.8,1,0.972779833910055,1.00368122601053
C_1_to_0p8,O1 Proposed,E1 RLS,152,0.8,1,0.972779833910055,1.00460017162232
C_1_to_0p8,O1 Proposed,E1 RLS,153,0.8,1,0.967104169194948,1.00460017162232
C_1_to_0p8,O1 Proposed,E1 RLS,154,0.8,1,0.967104169194948,1.00538899620085
C_1_to_0p8,O1 Proposed,E1 RLS,155,0.8,1,0.962905053496448,1.00538899620085
C_1_to_0p8,O1 Proposed,E1 RLS,156,0.8,1,0.962905053496448,1.00605263207947
C_1_to_0p8,O1 Proposed,E1 RLS,157,0.8,1,0.958268952976308,1.00605263207947
C_1_to_0p8,O1 Proposed,E1 RLS,158,0.8,1,0.958268952976308,1.00618017479145
C_1_to_0p8,O1 Proposed,E1 RLS,159,0.8,1,0.954875515070657,1.00618017479145
C_1_to_0p8,O1 Proposed,E1 RLS,160,0.8,1,0.954875515070657,1.00680139122222
C_1_to_0p8,O1 Proposed,E1 RLS,161,0.8,1,0.951619467856247,1.00680139122222
C_1_to_0p8,O1 Proposed,E1 RLS,162,0.8,1,0.951619467856247,1.00680098382952
C_1_to_0p8,O1 Proposed,E1 RLS,163,0.8,1,0.949157088786953,1.00680098382952
C_1_to_0p8,O1 Proposed,E1 RLS,164,0.8,1,0.949157088786953,1.00646140251827
C_1_to_0p8,O1 Proposed,E1 RLS,165,0.8,1,0.946057675123485,1.00646140251827
C_1_to_0p8,O1 Proposed,E1 RLS,166,0.8,1,0.946057675123485,1.00618897432482
C_1_to_0p8,O1 Proposed,E1 RLS,167,0.8,1,0.944396803854462,1.00618897432482
C_1_to_0p8,O1 Proposed,E1 RLS,168,0.8,1,0.944396803854462,1.00562302163476
C_1_to_0p8,O1 Proposed,E1 RLS,169,0.8,1,0.942828386874683,1.00562302163476
C_1_to_0p8,O1 Proposed,E1 RLS,170,0.8,1,0.942828386874683,1.00543847568443
C_1_to_0p8,O1 Proposed,E1 RLS,171,0.8,1,0.942244285496679,1.00543847568443
C_1_to_0p8,O1 Proposed,E1 RLS,172,0.8,1,0.942244285496679,1.00479647767924
C_1_to_0p8,O1 Proposed,E1 RLS,173,0.8,1,0.940984773384396,1.00479647767924
C_1_to_0p8,O1 Proposed,E1 RLS,174,0.8,1,0.940984773384396,1.00428512906586
C_1_to_0p8,O1 Proposed,E1 RLS,175,0.8,1,0.939994562362039,1.00428512906586
C_1_to_0p8,O1 Proposed,E1 RLS,176,0.8,1,0.939994562362039,1.00370553974919
C_1_to_0p8,O1 Proposed,E1 RLS,177,0.8,1,0.939629963413621,1.00370553974919
C_1_to_0p8,O1 Proposed,E1 RLS,178,0.8,1,0.939629963413621,1.00333360804335
C_1_to_0p8,O1 Proposed,E1 RLS,179,0.8,1,0.937520782379817,1.00333360804335
C_1_to_0p8,O1 Proposed,E1 RLS,180,0.8,1,0.937520782379817,1.00371570450945
C_1_to_0p8,O1 Proposed,E1 RLS,181,0.8,1,0.935966919314956,1.00371570450945
C_1_to_0p8,O1 Proposed,E1 RLS,182,0.8,1,0.935966919314956,1.00409180766314
C_1_to_0p8,O1 Proposed,E1 RLS,183,0.8,1,0.933228627779355,1.00409180766314
C_1_to_0p8,O1 Proposed,E1 RLS,184,0.8,1,0.933228627779355,1.00420614229407
C_1_to_0p8,O1 Proposed,E1 RLS,185,0.8,1,0.930791622921502,1.00420614229407
C_1_to_0p8,O1 Proposed,E1 RLS,186,0.8,1,0.930791622921502,1.004774075841
C_1_to_0p8,O1 Proposed,E1 RLS,187,0.8,1,0.928397385183671,1.004774075841
C_1_to_0p8,O1 Proposed,E1 RLS,188,0.8,1,0.928397385183671,1.00495086177648
C_1_to_0p8,O1 Proposed,E1 RLS,189,0.8,1,0.923877376244131,1.00495086177648
C_1_to_0p8,O1 Proposed,E1 RLS,190,0.8,1,0.923877376244131,1.00526806849936
C_1_to_0p8,O1 Proposed,E1 RLS,191,0.8,1,0.920427003144556,1.00526806849936
C_1_to_0p8,O1 Proposed,E1 RLS,192,0.8,1,0.920427003144556,1.00585493246963
C_1_to_0p8,O1 Proposed,E1 RLS,193,0.8,1,0.917807469079597,1.00585493246963
C_1_to_0p8,O1 Proposed,E1 RLS,194,0.8,1,0.917807469079597,1.00648883162709
C_1_to_0p8,O1 Proposed,E1 RLS,195,0.8,1,0.915018375740169,1.00648883162709
C_1_to_0p8,O1 Proposed,E1 RLS,196,0.8,1,0.915018375740169,1.00669272009271
C_1_to_0p8,O1 Proposed,E1 RLS,197,0.8,1,0.91245200038608,1.00669272009271
C_1_to_0p8,O1 Proposed,E1 RLS,198,0.8,1,0.91245200038608,1.00606186989437
C_1_to_0p8,O1 Proposed,E1 RLS,199,0.8,1,0.91037457744108,1.00606186989437
C_1_to_0p8,O1 Proposed,E1 RLS,200,0.8,1,0.91037457744108,1.00567575356355
C_1_to_0p8,O1 Proposed,E1 RLS,201,0.8,1,0.908667146158411,1.00567575356355
C_1_to_0p8,O1 Proposed,E1 RLS,202,0.8,1,0.908667146158411,1.00456813234177
C_1_to_0p8,O1 Proposed,E1 RLS,203,0.8,1,0.906711072712501,1.00456813234177
C_1_to_0p8,O1 Proposed,E1 RLS,204,0.8,1,0.906711072712501,1.00391856407839
C_1_to_0p8,O1 Proposed,E1 RLS,205,0.8,1,0.905324836745939,1.00391856407839
C_1_to_0p8,O1 Proposed,E1 RLS,206,0.8,1,0.905324836745939,1.00357739597476
C_1_to_0p8,O1 Proposed,E1 RLS,207,0.8,1,0.904650104248921,1.00357739597476
C_1_to_0p8,O1 Proposed,E1 RLS,208,0.8,1,0.904650104248921,1.00261085190841
C_1_to_0p8,O1 Proposed,E1 RLS,209,0.8,1,0.904020133387856,1.00261085190841
C_1_to_0p8,O1 Proposed,E1 RLS,210,0.8,1,0.904020133387856,1.0021716519277
C_1_to_0p8,O1 Proposed,E1 RLS,211,0.8,1,0.903372034590764,1.0021716519277
C_1_to_0p8,O1 Proposed,E1 RLS,212,0.8,1,0.903372034590764,1.00171741621965
C_1_to_0p8,O1 Proposed,E1 RLS,213,0.8,1,0.903067235756292,1.00171741621965
C_1_to_0p8,O1 Proposed,E1 RLS,214,0.8,1,0.903067235756292,1.00152766397214
C_1_to_0p8,O1 Proposed,E1 RLS,215,0.8,1,0.90257312053833,1.00152766397214
C_1_to_0p8,O1 Proposed,E1 RLS,216,0.8,1,0.90257312053833,1.00167759600467
C_1_to_0p8,O1 Proposed,E1 RLS,217,0.8,1,0.902434845968867,1.00167759600467
C_1_to_0p8,O1 Proposed,E1 RLS,218,0.8,1,0.902434845968867,1.00156324784648
C_1_to_0p8,O1 Proposed,E1 RLS,219,0.8,1,0.901190773997241,1.00156324784648
C_1_to_0p8,O1 Proposed,E1 RLS,220,0.8,1,0.901190773997241,1.00256458798643
C_1_to_0p8,O1 Proposed,E1 RLS,221,0.8,1,0.899899009628446,1.00256458798643
C_1_to_0p8,O1 Proposed,E1 RLS,222,0.8,1,0.899899009628446,1.00275762817766
C_1_to_0p8,O1 Proposed,E1 RLS,223,0.8,1,0.897780357680614,1.00275762817766
C_1_to_0p8,O1 Proposed,E1 RLS,224,0.8,1,0.897780357680614,1.00311897060916
C_1_to_0p8,O1 Proposed,E1 RLS,225,0.8,1,0.8959994582151,1.00311897060916
C_1_to_0p8,O1 Proposed,E1 RLS,226,0.8,1,0.8959994582151,1.00382503620291
C_1_to_0p8,O1 Proposed,E1 RLS,227,0.8,1,0.894110485362824,1.00382503620291
C_1_to_0p8,O1 Proposed,E1 RLS,228,0.8,1,0.894110485362824,1.00406330880151
C_1_to_0p8,O1 Proposed,E1 RLS,229,0.8,1,0.891219667102788,1.00406330880151
C_1_to_0p8,O1 Proposed,E1 RLS,230,0.8,1,0.891219667102788,1.00473381667947
C_1_to_0p8,O1 Proposed,E1 RLS,231,0.8,1,0.889061659598375,1.00473381667947
C_1_to_0p8,O1 Proposed,E1 RLS,232,0.8,1,0.889061659598375,1.0056397330342
C_1_to_0p8,O1 Proposed,E1 RLS,233,0.8,1,0.88733352732935,1.0056397330342
C_1_to_0p8,O1 Proposed,E1 RLS,234,0.8,1,0.88733352732935,1.00589121733786
C_1_to_0p8,O1 Proposed,E1 RLS,235,0.8,1,0.88625139760987,1.00589121733786
C_1_to_0p8,O1 Proposed,E1 RLS,236,0.8,1,0.88625139760987,1.00595447992272
C_1_to_0p8,O1 Proposed,E1 RLS,237,0.8,1,0.884553319591095,1.00595447992272
C_1_to_0p8,O1 Proposed,E1 RLS,238,0.8,1,0.884553319591095,1.00555390280007
C_1_to_0p8,O1 Proposed,E1 RLS,239,0.8,1,0.883567099123522,1.00555390280007
C_1_to_0p8,O1 Proposed,E1 RLS,240,0.8,1,0.883567099123522,1.00554511527106
C_1_to_0p8,O1 Proposed,E1 RLS,241,0.8,1,0.883240848208161,1.00554511527106
C_1_to_0p8,O1 Proposed,E1 RLS,242,0.8,1,0.883240848208161,1.00517605071149
C_1_to_0p8,O1 Proposed,E1 RLS,243,0.8,1,0.882493599167751,1.00517605071149
C_1_to_0p8,O1 Proposed,E1 RLS,244,0.8,1,0.882493599167751,1.0045602644714
C_1_to_0p8,O1 Proposed,E1 RLS,245,0.8,1,0.882105470980121,1.0045602644714
C_1_to_0p8,O1 Proposed,E1 RLS,246,0.8,1,0.882105470980121,1.00429643622284
C_1_to_0p8,O1 Proposed,E1 RLS,247,0.8,1,0.881415171830575,1.00429643622284
C_1_to_0p8,O1 Proposed,E1 RLS,248,0.8,1,0.881415171830575,1.00390593137597
C_1_to_0p8,O1 Proposed,E1 RLS,249,0.8,1,0.881041496786491,1.00390593137597
C_1_to_0p8,O1 Proposed,E1 RLS,250,0.8,1,0.881041496786491,1.0038951234149
C_1_to_0p8,O1 Proposed,E1 RLS,251,0.8,1,0.880688787404403,1.0038951234149
C_1_to_0p8,O1 Proposed,E1 RLS,252,0.8,1,0.880688787404403,1.00363041474981
C_1_to_0p8,O1 Proposed,E1 RLS,253,0.8,1,0.879963218367393,1.00363041474981
C_1_to_0p8,O1 Proposed,E1 RLS,254,0.8,1,0.879963218367393,1.00382199597047
C_1_to_0p8,O1 Proposed,E1 RLS,255,0.8,1,0.879656092339623,1.00382199597047
C_1_to_0p8,O1 Proposed,E1 RLS,256,0.8,1,0.879656092339623,1.0040171147273
C_1_to_0p8,O1 Proposed,E1 RLS,257,0.8,1,0.878591244830836,1.0040171147273
C_1_to_0p8,O1 Proposed,E1 RLS,258,0.8,1,0.878591244830836,1.00443333724602
C_1_to_0p8,O1 Proposed,E1 RLS,259,0.8,1,0.877724833627431,1.00443333724602
C_1_to_0p8,O1 Proposed,E1 RLS,260,0.8,1,0.877724833627431,1.00455689574966
C_1_to_0p8,O1 Proposed,E1 RLS,261,0.8,1,0.876356097822529,1.00455689574966
C_1_to_0p8,O1 Proposed,E1 RLS,262,0.8,1,0.876356097822529,1.00491349982105
C_1_to_0p8,O1 Proposed,E1 RLS,263,0.8,1,0.8754152997025,1.00491349982105
C_1_to_0p8,O1 Proposed,E1 RLS,264,0.8,1,0.8754152997025,1.00534869355504
C_1_to_0p8,O1 Proposed,E1 RLS,265,0.8,1,0.873860834372721,1.00534869355504
C_1_to_0p8,O1 Proposed,E1 RLS,266,0.8,1,0.873860834372721,1.00534709708479
C_1_to_0p8,O1 Proposed,E1 RLS,267,0.8,1,0.872017676038566,1.00534709708479
C_1_to_0p8,O1 Proposed,E1 RLS,268,0.8,1,0.872017676038566,1.00555651929376
C_1_to_0p8,O1 Proposed,E1 RLS,269,0.8,1,0.870646614278062,1.00555651929376
C_1_to_0p8,O1 Proposed,E1 RLS,270,0.8,1,0.870646614278062,1.0058789362845
C_1_to_0p8,O1 Proposed,E1 RLS,271,0.8,1,0.870037033073659,1.0058789362845
C_1_to_0p8,O1 Proposed,E1 RLS,272,0.8,1,0.870037033073659,1.00574941543598
C_1_to_0p8,O1 Proposed,E1 RLS,273,0.8,1,0.869237569594704,1.00574941543598
C_1_to_0p8,O1 Proposed,E1 RLS,274,0.8,1,0.869237569594704,1.00577593684505
C_1_to_0p8,O1 Proposed,E1 RLS,275,0.8,1,0.868765956386144,1.00577593684505
C_1_to_0p8,O1 Proposed,E1 RLS,276,0.8,1,0.868765956386144,1.00579253024286
C_1_to_0p8,O1 Proposed,E1 RLS,277,0.8,1,0.868458393618897,1.00579253024286
C_1_to_0p8,O1 Proposed,E1 RLS,278,0.8,1,0.868458393618897,1.00531371933393
C_1_to_0p8,O1 Proposed,E1 RLS,279,0.8,1,0.867991312201277,1.00531371933393
C_1_to_0p8,O1 Proposed,E1 RLS,280,0.8,1,0.867991312201277,1.00510778131758
C_1_to_0p8,O1 Proposed,E1 RLS,281,0.8,1,0.867592313157486,1.00510778131758
C_1_to_0p8,O1 Proposed,E1 RLS,282,0.8,1,0.867592313157486,1.00468965931683
C_1_to_0p8,O1 Proposed,E1 RLS,283,0.8,1,0.867481446575432,1.00468965931683
C_1_to_0p8,O1 Proposed,E1 RLS,284,0.8,1,0.867481446575432,1.00432587795561
C_1_to_0p8,O1 Proposed,E1 RLS,285,0.8,1,0.867185122472417,1.00432587795561
C_1_to_0p8,O1 Proposed,E1 RLS,286,0.8,1,0.867185122472417,1.00394901560431
C_1_to_0p8,O1 Proposed,E1 RLS,287,0.8,1,0.866624448628487,1.00394901560431
C_1_to_0p8,O1 Proposed,E1 RLS,288,0.8,1,0.866624448628487,1.00390159539174
C_1_to_0p8,O1 Proposed,E1 RLS,289,0.8,1,0.866369849403712,1.00390159539174
C_1_to_0p8,O1 Proposed,E1 RLS,290,0.8,1,0.866369849403712,1.00328679666329
C_1_to_0p8,O1 Proposed,E1 RLS,291,0.8,1,0.86529288669441,1.00328679666329
C_1_to_0p8,O1 Proposed,E1 RLS,292,0.8,1,0.86529288669441,1.00284938083069
C_1_to_0p8,O1 Proposed,E1 RLS,293,0.8,1,0.864650596020857,1.00284938083069
C_1_to_0p8,O1 Proposed,E1 RLS,294,0.8,1,0.864650596020857,1.00282619590377
C_1_to_0p8,O1 Proposed,E1 RLS,295,0.8,1,0.86373583222307,1.00282619590377
C_1_to_0p8,O1 Proposed,E1 RLS,296,0.8,1,0.86373583222307,1.00308546602448
C_1_to_0p8,O1 Proposed,E1 RLS,297,0.8,1,0.862626883308615,1.00308546602448
C_1_to_0p8,O1 Proposed,E1 RLS,298,0.8,1,0.862626883308615,1.00351687186203
C_1_to_0p8,O1 Proposed,E1 RLS,299,0.8,1,0.861737454909843,1.00351687186203
C_1_to_0p8,O1 Proposed,E1 RLS,300,0.8,1,0.861737454909843,1.00391835477672
C_1_to_0p8,O1 Proposed,E1 RLS,301,0.8,1,0.8610412904922,1.00391835477672
C_1_to_0p8,O1 Proposed,E1 RLS,302,0.8,1,0.8610412904922,1.00433788494528
C_1_to_0p8,O1 Proposed,E1 RLS,303,0.8,1,0.859665300807656,1.00433788494528
C_1_to_0p8,O1 Proposed,E1 RLS,304,0.8,1,0.859665300807656,1.0046427633475
C_1_to_0p8,O1 Proposed,E1 RLS,305,0.8,1,0.858496264931383,1.0046427633475
C_1_to_0p8,O1 Proposed,E1 RLS,306,0.8,1,0.858496264931383,1.00499073201822
C_1_to_0p8,O1 Proposed,E1 RLS,307,0.8,1,0.857401381479522,1.00499073201822
C_1_to_0p8,O1 Proposed,E1 RLS,308,0.8,1,0.857401381479522,1.00535754101461
C_1_to_0p8,O1 Proposed,E1 RLS,309,0.8,1,0.856787128446979,1.00535754101461
C_1_to_0p8,O1 Proposed,E1 RLS,310,0.8,1,0.856787128446979,1.00511427556319
C_1_to_0p8,O1 Proposed,E1 RLS,311,0.8,1,0.856278032803739,1.00511427556319
C_1_to_0p8,O1 Proposed,E1 RLS,312,0.8,1,0.856278032803739,1.00470397471155
C_1_to_0p8,O1 Proposed,E1 RLS,313,0.8,1,0.855696083233268,1.00470397471155
C_1_to_0p8,O1 Proposed,E1 RLS,314,0.8,1,0.855696083233268,1.00409629012427
C_1_to_0p8,O1 Proposed,E1 RLS,315,0.8,1,0.855511900654024,1.00409629012427
C_1_to_0p8,O1 Proposed,E1 RLS,316,0.8,1,0.855511900654024,1.0035596449317
C_1_to_0p8,O1 Proposed,E1 RLS,317,0.8,1,0.854726868404486,1.0035596449317
C_1_to_0p8,O1 Proposed,E1 RLS,318,0.8,1,0.854726868404486,1.00322004963413
C_1_to_0p8,O1 Proposed,E1 RLS,319,0.8,1,0.854245297351219,1.00322004963413
C_1_to_0p8,O1 Proposed,E1 RLS,320,0.8,1,0.854245297351219,1.0024938954299
C_1_to_0p8,O1 Proposed,E1 RLS,321,0.8,1,0.854227226615525,1.0024938954299
C_1_to_0p8,O1 Proposed,E1 RLS,322,0.8,1,0.854227226615525,1.00206180021514
C_1_to_0p8,O1 Proposed,E1 RLS,323,0.8,1,0.853966676848996,1.00206180021514
C_1_to_0p8,O1 Proposed,E1 RLS,324,0.8,1,0.853966676848996,1.00179759812729
C_1_to_0p8,O1 Proposed,E1 RLS,325,0.8,1,0.853290651554579,1.00179759812729
C_1_to_0p8,O1 Proposed,E1 RLS,326,0.8,1,0.853290651554579,1.00155154362358
C_1_to_0p8,O1 Proposed,E1 RLS,327,0.8,1,0.853227754173299,1.00155154362358
C_1_to_0p8,O1 Proposed,E1 RLS,328,0.8,1,0.853227754173299,1.00147662011167
C_1_to_0p8,O1 Proposed,E1 RLS,329,0.8,1,0.853219585068396,1.00147662011167
C_1_to_0p8,O1 Proposed,E1 RLS,330,0.8,1,0.853219585068396,1.00157913727364
C_1_to_0p8,O1 Proposed,E1 RLS,331,0.8,1,0.852854891152462,1.00157913727364
C_1_to_0p8,O1 Proposed,E1 RLS,332,0.8,1,0.852854891152462,1.00167830118783
C_1_to_0p8,O1 Proposed,E1 RLS,333,0.8,1,0.852176819498659,1.00167830118783
C_1_to_0p8,O1 Proposed,E1 RLS,334,0.8,1,0.852176819498659,1.00196096821457
C_1_to_0p8,O1 Proposed,E1 RLS,335,0.8,1,0.851158233789059,1.00196096821457
C_1_to_0p8,O1 Proposed,E1 RLS,336,0.8,1,0.851158233789059,1.00195475974866
C_1_to_0p8,O1 Proposed,E1 RLS,337,0.8,1,0.850360291479089,1.00195475974866
C_1_to_0p8,O1 Proposed,E1 RLS,338,0.8,1,0.850360291479089,1.00231051376972
C_1_to_0p8,O1 Proposed,E1 RLS,339,0.8,1,0.850301862294664,1.00231051376972
C_1_to_0p8,O1 Proposed,E1 RLS,340,0.8,1,0.850301862294664,1.0029014010398
C_1_to_0p8,O1 Proposed,E1 RLS,341,0.8,1,0.849931161946825,1.0029014010398
C_1_to_0p8,O1 Proposed,E1 RLS,342,0.8,1,0.849931161946825,1.00333881049128
C_1_to_0p8,O1 Proposed,E1 RLS,343,0.8,1,0.849633679003609,1.00333881049128
C_1_to_0p8,O1 Proposed,E1 RLS,344,0.8,1,0.849633679003609,1.00372060678773
C_1_to_0p8,O1 Proposed,E1 RLS,345,0.8,1,0.849322163720037,1.00372060678773
C_1_to_0p8,O1 Proposed,E1 RLS,346,0.8,1,0.849322163720037,1.00412208203845
C_1_to_0p8,O1 Proposed,E1 RLS,347,0.8,1,0.848766476727566,1.00412208203845
C_1_to_0p8,O1 Proposed,E1 RLS,348,0.8,1,0.848766476727566,1.00411169483474
C_1_to_0p8,O1 Proposed,E1 RLS,349,0.8,1,0.848438211285939,1.00411169483474
C_1_to_0p8,O1 Proposed,E1 RLS,350,0.8,1,0.848438211285939,1.00414145677109
C_1_to_0p8,O1 Proposed,E1 RLS,351,0.8,1,0.84802192557647,1.00414145677109
C_1_to_0p8,O1 Proposed,E1 RLS,352,0.8,1,0.84802192557647,1.00393246058228
C_1_to_0p8,O1 Proposed,E1 RLS,353,0.8,1,0.848008917614761,1.00393246058228
C_1_to_0p8,O1 Proposed,E1 RLS,354,0.8,1,0.848008917614761,1.00339081522135
C_1_to_0p8,O1 Proposed,E1 RLS,355,0.8,1,0.847866899330386,1.00339081522135
C_1_to_0p8,O1 Proposed,E1 RLS,356,0.8,1,0.847866899330386,1.00292834362454
C_1_to_0p8,O1 Proposed,E1 RLS,357,0.8,1,0.847813743037761,1.00292834362454
C_1_to_0p8,O1 Proposed,E1 RLS,358,0.8,1,0.847813743037761,1.00261919233668
C_1_to_0p8,O1 Proposed,E1 RLS,359,0.8,1,0.847401392415586,1.00261919233668
C_1_to_0p8,O1 Proposed,E1 RLS,360,0.8,1,0.847401392415586,1.00234356488481
C_1_to_0p8,O1 Proposed,E1 RLS,361,0.8,1,0.847280139172149,1.00234356488481
C_1_to_0p8,O1 Proposed,E1 RLS,362,0.8,1,0.847280139172149,1.00225117768516
C_1_to_0p8,O1 Proposed,E1 RLS,363,0.8,1,0.847251740450367,1.00225117768516
C_1_to_0p8,O1 Proposed,E1 RLS,364,0.8,1,0.847251740450367,1.00211044181846
C_1_to_0p8,O1 Proposed,E1 RLS,365,0.8,1,0.846953469031261,1.00211044181846
C_1_to_0p8,O1 Proposed,E1 RLS,366,0.8,1,0.846953469031261,1.00211371332579
C_1_to_0p8,O1 Proposed,E1 RLS,367,0.8,1,0.846728459658044,1.00211371332579
C_1_to_0p8,O1 Proposed,E1 RLS,368,0.8,1,0.846728459658044,1.00219637483933
C_1_to_0p8,O1 Proposed,E1 RLS,369,0.8,1,0.846509004383814,1.00219637483933
C_1_to_0p8,O1 Proposed,E1 RLS,370,0.8,1,0.846509004383814,1.00250209967639
C_1_to_0p8,O1 Proposed,E1 RLS,371,0.8,1,0.846894062721111,1.00250209967639
C_1_to_0p8,O1 Proposed,E1 RLS,372,0.8,1,0.846894062721111,1.00298559036404
C_1_to_0p8,O1 Proposed,E1 RLS,373,0.8,1,0.846470607987369,1.00298559036404
C_1_to_0p8,O1 Proposed,E1 RLS,374,0.8,1,0.846470607987369,1.002909335951
C_1_to_0p8,O1 Proposed,E1 RLS,375,0.8,1,0.845466414598255,1.002909335951
C_1_to_0p8,O1 Proposed,E1 RLS,376,0.8,1,0.845466414598255,1.00316152596189
C_1_to_0p8,O1 Proposed,E1 RLS,377,0.8,1,0.845047835937924,1.00316152596189
C_1_to_0p8,O1 Proposed,E1 RLS,378,0.8,1,0.845047835937924,1.00335171478426
C_1_to_0p8,O1 Proposed,E1 RLS,379,0.8,1,0.844750216576003,1.00335171478426
C_1_to_0p8,O1 Proposed,E1 RLS,380,0.8,1,0.844750216576003,1.00353522032161
C_1_to_0p8,O1 Proposed,E1 RLS,381,0.8,1,0.844109621741171,1.00353522032161
C_1_to_0p8,O1 Proposed,E1 RLS,382,0.8,1,0.844109621741171,1.00377269045216
C_1_to_0p8,O1 Proposed,E1 RLS,383,0.8,1,0.843241820745764,1.00377269045216
C_1_to_0p8,O1 Proposed,E1 RLS,384,0.8,1,0.843241820745764,1.00414209225335
C_1_to_0p8,O1 Proposed,E2 Dual EKF,1,1,1,1.15,1.07710100308114
C_1_to_0p8,O1 Proposed,E2 Dual EKF,2,1,1,1.15,1.07710100308114
C_1_to_0p8,O1 Proposed,E2 Dual EKF,3,1,1,1.05586937898834,1.07710100308114
C_1_to_0p8,O1 Proposed,E2 Dual EKF,4,1,1,1.05586937898834,1.05511054844646
C_1_to_0p8,O1 Proposed,E2 Dual EKF,5,1,1,0.991652638125835,1.05511054844646
C_1_to_0p8,O1 Proposed,E2 Dual EKF,6,1,1,0.991652638125835,1.062550469233
C_1_to_0p8,O1 Proposed,E2 Dual EKF,7,1,1,1.00418106514031,1.062550469233
C_1_to_0p8,O1 Proposed,E2 Dual EKF,8,1,1,1.00418106514031,1.05187717711439
C_1_to_0p8,O1 Proposed,E2 Dual EKF,9,1,1,1.01390694156018,1.05187717711439
C_1_to_0p8,O1 Proposed,E2 Dual EKF,10,1,1,1.01390694156018,1.04218880178565
C_1_to_0p8,O1 Proposed,E2 Dual EKF,11,1,1,1.00845171422819,1.04218880178565
C_1_to_0p8,O1 Proposed,E2 Dual EKF,12,1,1,1.00845171422819,1.03421248082552
C_1_to_0p8,O1 Proposed,E2 Dual EKF,13,1,1,1.00492012570691,1.03421248082552
C_1_to_0p8,O1 Proposed,E2 Dual EKF,14,1,1,1.00492012570691,1.03184493701423
C_1_to_0p8,O1 Proposed,E2 Dual EKF,15,1,1,1.01073782911802,1.03184493701423
C_1_to_0p8,O1 Proposed,E2 Dual EKF,16,1,1,1.01073782911802,1.02537276338764
C_1_to_0p8,O1 Proposed,E2 Dual EKF,17,1,1,1.01072995542131,1.02537276338764
C_1_to_0p8,O1 Proposed,E2 Dual EKF,18,1,1,1.01072995542131,1.01890549578096
C_1_to_0p8,O1 Proposed,E2 Dual EKF,19,1,1,1.01503094798777,1.01890549578096
C_1_to_0p8,O1 Proposed,E2 Dual EKF,20,1,1,1.01503094798777,1.01037237143732
C_1_to_0p8,O1 Proposed,E2 Dual EKF,21,1,1,1.01239842185884,1.01037237143732
C_1_to_0p8,O1 Proposed,E2 Dual EKF,22,1,1,1.01239842185884,0.996706758107858
C_1_to_0p8,O1 Proposed,E2 Dual EKF,23,1,1,1.01245133792762,0.996706758107858
C_1_to_0p8,O1 Proposed,E2 Dual EKF,24,1,1,1.01245133792762,0.99593039207053
C_1_to_0p8,O1 Proposed,E2 Dual EKF,25,1,1,1.01461116407192,0.99593039207053
C_1_to_0p8,O1 Proposed,E2 Dual EKF,26,1,1,1.01461116407192,0.989515739570409
C_1_to_0p8,O1 Proposed,E2 Dual EKF,27,1,1,1.0165536588461,0.989515739570409
C_1_to_0p8,O1 Proposed,E2 Dual EKF,28,1,1,1.0165536588461,0.987568173475823
C_1_to_0p8,O1 Proposed,E2 Dual EKF,29,1,1,1.01336799837052,0.987568173475823
C_1_to_0p8,O1 Proposed,E2 Dual EKF,30,1,1,1.01336799837052,0.985298378596965
C_1_to_0p8,O1 Proposed,E2 Dual EKF,31,1,1,1.00839983431453,0.985298378596965
C_1_to_0p8,O1 Proposed,E2 Dual EKF,32,1,1,1.00839983431453,0.99413581509895
C_1_to_0p8,O1 Proposed,E2 Dual EKF,33,1,1,1.0080559514739,0.99413581509895
C_1_to_0p8,O1 Proposed,E2 Dual EKF,34,1,1,1.0080559514739,0.995631272190361
C_1_to_0p8,O1 Proposed,E2 Dual EKF,35,1,1,1.00711258294741,0.995631272190361
C_1_to_0p8,O1 Proposed,E2 Dual EKF,36,1,1,1.00711258294741,1.00043882196101
C_1_to_0p8,O1 Proposed,E2 Dual EKF,37,1,1,1.01192918904312,1.00043882196101
C_1_to_0p8,O1 Proposed,E2 Dual EKF,38,1,1,1.01192918904312,1.01165725579424
C_1_to_0p8,O1 Proposed,E2 Dual EKF,39,1,1,1.00796682860986,1.01165725579424
C_1_to_0p8,O1 Proposed,E2 Dual EKF,40,1,1,1.00796682860986,1.01795385781034
C_1_to_0p8,O1 Proposed,E2 Dual EKF,41,1,1,1.00975823363237,1.01795385781034
C_1_to_0p8,O1 Proposed,E2 Dual EKF,42,1,1,1.00975823363237,1.02118376896281
C_1_to_0p8,O1 Proposed,E2 Dual EKF,43,1,1,1.00755723290791,1.02118376896281
C_1_to_0p8,O1 Proposed,E2 Dual EKF,44,1,1,1.00755723290791,1.01605460664589
C_1_to_0p8,O1 Proposed,E2 Dual EKF,45,1,1,1.00771607068222,1.01605460664589
C_1_to_0p8,O1 Proposed,E2 Dual EKF,46,1,1,1.00771607068222,1.01746000142036
C_1_to_0p8,O1 Proposed,E2 Dual EKF,47,1,1,1.00788999165106,1.01746000142036
C_1_to_0p8,O1 Proposed,E2 Dual EKF,48,1,1,1.00788999165106,1.01137735222786
C_1_to_0p8,O1 Proposed,E2 Dual EKF,49,1,1,1.00906191945024,1.01137735222786
C_1_to_0p8,O1 Proposed,E2 Dual EKF,50,1,1,1.00906191945024,1.00460634139559
C_1_to_0p8,O1 Proposed,E2 Dual EKF,51,1,1,1.00575320349007,1.00460634139559
C_1_to_0p8,O1 Proposed,E2 Dual EKF,52,1,1,1.00575320349007,0.999193533212638
C_1_to_0p8,O1 Proposed,E2 Dual EKF,53,1,1,1.00430047957436,0.999193533212638
C_1_to_0p8,O1 Proposed,E2 Dual EKF,54,1,1,1.00430047957436,0.988729682096577
C_1_to_0p8,O1 Proposed,E2 Dual EKF,55,1,1,1.00419173647502,0.988729682096577
C_1_to_0p8,O1 Proposed,E2 Dual EKF,56,1,1,1.00419173647502,0.990224986591933
C_1_to_0p8,O1 Proposed,E2 Dual EKF,57,1,1,1.00660045968754,0.990224986591933
C_1_to_0p8,O1 Proposed,E2 Dual EKF,58,1,1,1.00660045968754,0.98310668082436
C_1_to_0p8,O1 Proposed,E2 Dual EKF,59,1,1,1.00792055143394,0.98310668082436
C_1_to_0p8,O1 Proposed,E2 Dual EKF,60,1,1,1.00792055143394,0.975144705286126
C_1_to_0p8,O1 Proposed,E2 Dual EKF,61,1,1,1.0072831983794,0.975144705286126
C_1_to_0p8,O1 Proposed,E2 Dual EKF,62,1,1,1.0072831983794,0.97731826023436
C_1_to_0p8,O1 Proposed,E2 Dual EKF,63,1,1,1.00805884523077,0.97731826023436
C_1_to_0p8,O1 Proposed,E2 Dual EKF,64,1,1,1.00805884523077,0.972961110201661
C_1_to_0p8,O1 Proposed,E2 Dual EKF,65,1,1,1.00753206639926,0.972961110201661
C_1_to_0p8,O1 Proposed,E2 Dual EKF,66,1,1,1.00753206639926,0.969687971620671
C_1_to_0p8,O1 Proposed,E2 Dual EKF,67,1,1,1.00701518560953,0.969687971620671
C_1_to_0p8,O1 Proposed,E2 Dual EKF,68,1,1,1.00701518560953,0.971673084385781
C_1_to_0p8,O1 Proposed,E2 Dual EKF,69,1,1,1.00561792324755,0.971673084385781
C_1_to_0p8,O1 Proposed,E2 Dual EKF,70,1,1,1.00561792324755,0.970740129428009
C_1_to_0p8,O1 Proposed,E2 Dual EKF,71,1,1,1.00546669121176,0.970740129428009
C_1_to_0p8,O1 Proposed,E2 Dual EKF,72,1,1,1.00546669121176,0.977588492364822
C_1_to_0p8,O1 Proposed,E2 Dual EKF,73,1,1,1.00543330012156,0.977588492364822
C_1_to_0p8,O1 Proposed,E2 Dual EKF,74,1,1,1.00543330012156,0.979041298722602
C_1_to_0p8,O1 Proposed,E2 Dual EKF,75,1,1,1.00467257329608,0.979041298722602
C_1_to_0p8,O1 Proposed,E2 Dual EKF,76,1,1,1.00467257329608,0.988773507273998
C_1_to_0p8,O1 Proposed,E2 Dual EKF,77,1,1,1.00489487958063,0.988773507273998
C_1_to_0p8,O1 Proposed,E2 Dual EKF,78,1,1,1.00489487958063,0.999683639539083
C_1_to_0p8,O1 Proposed,E2 Dual EKF,79,1,1,1.0046258897774,0.999683639539083
C_1_to_0p8,O1 Proposed,E2 Dual EKF,80,1,1,1.0046258897774,1.00631019580641
C_1_to_0p8,O1 Proposed,E2 Dual EKF,81,1,1,1.00110747503183,1.00631019580641
C_1_to_0p8,O1 Proposed,E2 Dual EKF,82,1,1,1.00110747503183,1.00727238245027
C_1_to_0p8,O1 Proposed,E2 Dual EKF,83,1,1,1.00152506686876,1.00727238245027
C_1_to_0p8,O1 Proposed,E2 Dual EKF,84,1,1,1.00152506686876,1.01118497208998
C_1_to_0p8,O1 Proposed,E2 Dual EKF,85,1,1,1.00256044526041,1.01118497208998
C_1_to_0p8,O1 Proposed,E2 Dual EKF,86,1,1,1.00256044526041,1.01147580472353
C_1_to_0p8,O1 Proposed,E2 Dual EKF,87,1,1,1.00294614354197,1.01147580472353
C_1_to_0p8,O1 Proposed,E2 Dual EKF,88,1,1,1.00294614354197,1.00295676496148
C_1_to_0p8,O1 Proposed,E2 Dual EKF,89,1,1,1.00440444674367,1.00295676496148
C_1_to_0p8,O1 Proposed,E2 Dual EKF,90,1,1,1.00440444674367,1.00102211515322
C_1_to_0p8,O1 Proposed,E2 Dual EKF,91,1,1,1.00310668160156,1.00102211515322
C_1_to_0p8,O1 Proposed,E2 Dual EKF,92,1,1,1.00310668160156,0.997318429968803
C_1_to_0p8,O1 Proposed,E2 Dual EKF,93,1,1,1.00275726432225,0.997318429968803
C_1_to_0p8,O1 Proposed,E2 Dual EKF,94,1,1,1.00275726432225,0.996879317238313
C_1_to_0p8,O1 Proposed,E2 Dual EKF,95,1,1,1.00372473311135,0.996879317238313
C_1_to_0p8,O1 Proposed,E2 Dual EKF,96,1,1,1.00372473311135,0.988721712812842
C_1_to_0p8,O1 Proposed,E2 Dual EKF,97,1,1,1.004017760204,0.988721712812842
C_1_to_0p8,O1 Proposed,E2 Dual EKF,98,1,1,1.004017760204,0.978167925364
C_1_to_0p8,O1 Proposed,E2 Dual EKF,99,1,1,1.00353443580821,0.978167925364
C_1_to_0p8,O1 Proposed,E2 Dual EKF,100,1,1,1.00353443580821,0.971754678352144
C_1_to_0p8,O1 Proposed,E2 Dual EKF,101,1,1,1.00282747244708,0.971754678352144
C_1_to_0p8,O1 Proposed,E2 Dual EKF,102,1,1,1.00282747244708,0.97059371673185
C_1_to_0p8,O1 Proposed,E2 Dual EKF,103,1,1,1.00230711435819,0.97059371673185
C_1_to_0p8,O1 Proposed,E2 Dual EKF,104,1,1,1.00230711435819,0.974917232250005
C_1_to_0p8,O1 Proposed,E2 Dual EKF,105,1,1,1.00166474849299,0.974917232250005
C_1_to_0p8,O1 Proposed,E2 Dual EKF,106,1,1,1.00166474849299,0.981225776864556
C_1_to_0p8,O1 Proposed,E2 Dual EKF,107,1,1,1.00239949179193,0.981225776864556
C_1_to_0p8,O1 Proposed,E2 Dual EKF,108,1,1,1.00239949179193,0.990498700010145
C_1_to_0p8,O1 Proposed,E2 Dual EKF,109,1,1,1.00318578745701,0.990498700010145
C_1_to_0p8,O1 Proposed,E2 Dual EKF,110,1,1,1.00318578745701,1.00392490915811
C_1_to_0p8,O1 Proposed,E2 Dual EKF,111,1,1,1.00376728453885,1.00392490915811
C_1_to_0p8,O1 Proposed,E2 Dual EKF,112,1,1,1.00376728453885,1.01943276920544
C_1_to_0p8,O1 Proposed,E2 Dual EKF,113,1,1,1.00521743799142,1.01943276920544
C_1_to_0p8,O1 Proposed,E2 Dual EKF,114,1,1,1.00521743799142,1.02134122889221
C_1_to_0p8,O1 Proposed,E2 Dual EKF,115,1,1,1.00397469008088,1.02134122889221
C_1_to_0p8,O1 Proposed,E2 Dual EKF,116,1,1,1.00397469008088,1.02618110066713
C_1_to_0p8,O1 Proposed,E2 Dual EKF,117,1,1,1.00529449830462,1.02618110066713
C_1_to_0p8,O1 Proposed,E2 Dual EKF,118,1,1,1.00529449830462,1.02629558036569
C_1_to_0p8,O1 Proposed,E2 Dual EKF,119,1,1,1.00497423425217,1.02629558036569
C_1_to_0p8,O1 Proposed,E2 Dual EKF,120,1,1,1.00497423425217,1.03321769089484
C_1_to_0p8,O1 Proposed,E2 Dual EKF,121,1,1,1.00475808314446,1.03321769089484
C_1_to_0p8,O1 Proposed,E2 Dual EKF,122,1,1,1.00475808314446,1.03710476980395
C_1_to_0p8,O1 Proposed,E2 Dual EKF,123,1,1,1.00463761597286,1.03710476980395
C_1_to_0p8,O1 Proposed,E2 Dual EKF,124,1,1,1.00463761597286,1.03272314600084
C_1_to_0p8,O1 Proposed,E2 Dual EKF,125,1,1,1.00630627190554,1.03272314600084
C_1_to_0p8,O1 Proposed,E2 Dual EKF,126,1,1,1.00630627190554,1.02679862073656
C_1_to_0p8,O1 Proposed,E2 Dual EKF,127,1,1,1.00594505394317,1.02679862073656
C_1_to_0p8,O1 Proposed,E2 Dual EKF,128,0.8,1,1.00594505394317,1.02078774284299
C_1_to_0p8,O1 Proposed,E2 Dual EKF,129,0.8,1,1.00271823858188,1.02078774284299
C_1_to_0p8,O1 Proposed,E2 Dual EKF,130,0.8,1,1.00271823858188,1.01442720527494
C_1_to_0p8,O1 Proposed,E2 Dual EKF,131,0.8,1,1.00132350371455,1.01442720527494
C_1_to_0p8,O1 Proposed,E2 Dual EKF,132,0.8,1,1.00132350371455,1.00897267302577
C_1_to_0p8,O1 Proposed,E2 Dual EKF,133,0.8,1,0.998905098176441,1.00897267302577
C_1_to_0p8,O1 Proposed,E2 Dual EKF,134,0.8,1,0.998905098176441,0.999406148705117
C_1_to_0p8,O1 Proposed,E2 Dual EKF,135,0.8,1,0.997522745153245,0.999406148705117
C_1_to_0p8,O1 Proposed,E2 Dual EKF,136,0.8,1,0.997522745153245,0.993597081614346
C_1_to_0p8,O1 Proposed,E2 Dual EKF,137,0.8,1,0.99625149543461,0.993597081614346
C_1_to_0p8,O1 Proposed,E2 Dual EKF,138,0.8,1,0.99625149543461,0.9904366693129
C_1_to_0p8,O1 Proposed,E2 Dual EKF,139,0.8,1,0.994688575544782,0.9904366693129
C_1_to_0p8,O1 Proposed,E2 Dual EKF,140,0.8,1,0.994688575544782,0.985217189851992
C_1_to_0p8,O1 Proposed,E2 Dual EKF,141,0.8,1,0.993480453566974,0.985217189851992
C_1_to_0p8,O1 Proposed,E2 Dual EKF,142,0.8,1,0.993480453566974,0.985026932887389
C_1_to_0p8,O1 Proposed,E2 Dual EKF,143,0.8,1,0.991530249702364,0.985026932887389
C_1_to_0p8,O1 Proposed,E2 Dual EKF,144,0.8,1,0.991530249702364,0.993576055955462
C_1_to_0p8,O1 Proposed,E2 Dual EKF,145,0.8,1,0.989039647001508,0.993576055955462
C_1_to_0p8,O1 Proposed,E2 Dual EKF,146,0.8,1,0.989039647001508,0.998075739992909
C_1_to_0p8,O1 Proposed,E2 Dual EKF,147,0.8,1,0.985945120283032,0.998075739992909
C_1_to_0p8,O1 Proposed,E2 Dual EKF,148,0.8,1,0.985945120283032,1.00478515773051
C_1_to_0p8,O1 Proposed,E2 Dual EKF,149,0.8,1,0.982271851072704,1.00478515773051
C_1_to_0p8,O1 Proposed,E2 Dual EKF,150,0.8,1,0.982271851072704,1.01198022097451
C_1_to_0p8,O1 Proposed,E2 Dual EKF,151,0.8,1,0.978143621491495,1.01198022097451
C_1_to_0p8,O1 Proposed,E2 Dual EKF,152,0.8,1,0.978143621491495,1.01985039161477
C_1_to_0p8,O1 Proposed,E2 Dual EKF,153,0.8,1,0.97322691120106,1.01985039161477
C_1_to_0p8,O1 Proposed,E2 Dual EKF,154,0.8,1,0.97322691120106,1.02486453306155
C_1_to_0p8,O1 Proposed,E2 Dual EKF,155,0.8,1,0.969535682428652,1.02486453306155
C_1_to_0p8,O1 Proposed,E2 Dual EKF,156,0.8,1,0.969535682428652,1.02771468318822
C_1_to_0p8,O1 Proposed,E2 Dual EKF,157,0.8,1,0.96546667472145,1.02771468318822
C_1_to_0p8,O1 Proposed,E2 Dual EKF,158,0.8,1,0.96546667472145,1.02489324087624
C_1_to_0p8,O1 Proposed,E2 Dual EKF,159,0.8,1,0.962452209667423,1.02489324087624
C_1_to_0p8,O1 Proposed,E2 Dual EKF,160,0.8,1,0.962452209667423,1.02763131047392
C_1_to_0p8,O1 Proposed,E2 Dual EKF,161,0.8,1,0.959570250204038,1.02763131047392
C_1_to_0p8,O1 Proposed,E2 Dual EKF,162,0.8,1,0.959570250204038,1.02399709577447
C_1_to_0p8,O1 Proposed,E2 Dual EKF,163,0.8,1,0.95738185491993,1.02399709577447
C_1_to_0p8,O1 Proposed,E2 Dual EKF,164,0.8,1,0.95738185491993,1.01766529234174
C_1_to_0p8,O1 Proposed,E2 Dual EKF,165,0.8,1,0.954681903190927,1.01766529234174
C_1_to_0p8,O1 Proposed,E2 Dual EKF,166,0.8,1,0.954681903190927,1.01303007423925
C_1_to_0p8,O1 Proposed,E2 Dual EKF,167,0.8,1,0.953216580220872,1.01303007423925
C_1_to_0p8,O1 Proposed,E2 Dual EKF,168,0.8,1,0.953216580220872,1.00578617033103
C_1_to_0p8,O1 Proposed,E2 Dual EKF,169,0.8,1,0.951848759555109,1.00578617033103
C_1_to_0p8,O1 Proposed,E2 Dual EKF,170,0.8,1,0.951848759555109,1.00364504511397
C_1_to_0p8,O1 Proposed,E2 Dual EKF,171,0.8,1,0.9513178391959,1.00364504511397
C_1_to_0p8,O1 Proposed,E2 Dual EKF,172,0.8,1,0.9513178391959,0.996219630781305
C_1_to_0p8,O1 Proposed,E2 Dual EKF,173,0.8,1,0.95023206437687,0.996219630781305
C_1_to_0p8,O1 Proposed,E2 Dual EKF,174,0.8,1,0.95023206437687,0.991023939443825
C_1_to_0p8,O1 Proposed,E2 Dual EKF,175,0.8,1,0.949372774025549,0.991023939443825
C_1_to_0p8,O1 Proposed,E2 Dual EKF,176,0.8,1,0.949372774025549,0.985408703790323
C_1_to_0p8,O1 Proposed,E2 Dual EKF,177,0.8,1,0.949027284581925,0.985408703790323
C_1_to_0p8,O1 Proposed,E2 Dual EKF,178,0.8,1,0.949027284581925,0.983103651810831
C_1_to_0p8,O1 Proposed,E2 Dual EKF,179,0.8,1,0.947235452604191,0.983103651810831
C_1_to_0p8,O1 Proposed,E2 Dual EKF,180,0.8,1,0.947235452604191,0.991074699986837
C_1_to_0p8,O1 Proposed,E2 Dual EKF,181,0.8,1,0.94588467403416,0.991074699986837
C_1_to_0p8,O1 Proposed,E2 Dual EKF,182,0.8,1,0.94588467403416,0.997973545388975
C_1_to_0p8,O1 Proposed,E2 Dual EKF,183,0.8,1,0.943540980636615,0.997973545388975
C_1_to_0p8,O1 Proposed,E2 Dual EKF,184,0.8,1,0.943540980636615,1.00047274776554
C_1_to_0p8,O1 Proposed,E2 Dual EKF,185,0.8,1,0.941415486568144,1.00047274776554
C_1_to_0p8,O1 Proposed,E2 Dual EKF,186,0.8,1,0.941415486568144,1.00833269153293
C_1_to_0p8,O1 Proposed,E2 Dual EKF,187,0.8,1,0.939295431121432,1.00833269153293
C_1_to_0p8,O1 Proposed,E2 Dual EKF,188,0.8,1,0.939295431121432,1.00986155370875
C_1_to_0p8,O1 Proposed,E2 Dual EKF,189,0.8,1,0.935408906273451,1.00986155370875
C_1_to_0p8,O1 Proposed,E2 Dual EKF,190,0.8,1,0.935408906273451,1.012755958633
C_1_to_0p8,O1 Proposed,E2 Dual EKF,191,0.8,1,0.932372342255543,1.012755958633
C_1_to_0p8,O1 Proposed,E2 Dual EKF,192,0.8,1,0.932372342255543,1.01825583901479
C_1_to_0p8,O1 Proposed,E2 Dual EKF,193,0.8,1,0.930008492439552,1.01825583901479
C_1_to_0p8,O1 Proposed,E2 Dual EKF,194,0.8,1,0.930008492439552,1.02328992195066
C_1_to_0p8,O1 Proposed,E2 Dual EKF,195,0.8,1,0.927514875781196,1.02328992195066
C_1_to_0p8,O1 Proposed,E2 Dual EKF,196,0.8,1,0.927514875781196,1.02254069048623
C_1_to_0p8,O1 Proposed,E2 Dual EKF,197,0.8,1,0.925224674488367,1.02254069048623
C_1_to_0p8,O1 Proposed,E2 Dual EKF,198,0.8,1,0.925224674488367,1.01233027486685
C_1_to_0p8,O1 Proposed,E2 Dual EKF,199,0.8,1,0.923364695312915,1.01233027486685
C_1_to_0p8,O1 Proposed,E2 Dual EKF,200,0.8,1,0.923364695312915,1.00667062204174
C_1_to_0p8,O1 Proposed,E2 Dual EKF,201,0.8,1,0.921841038656572,1.00667062204174
C_1_to_0p8,O1 Proposed,E2 Dual EKF,202,0.8,1,0.921841038656572,0.992979493392636
C_1_to_0p8,O1 Proposed,E2 Dual EKF,203,0.8,1,0.920147231188275,0.992979493392636
C_1_to_0p8,O1 Proposed,E2 Dual EKF,204,0.8,1,0.920147231188275,0.986524275224135
C_1_to_0p8,O1 Proposed,E2 Dual EKF,205,0.8,1,0.918944136300992,0.986524275224135
C_1_to_0p8,O1 Proposed,E2 Dual EKF,206,0.8,1,0.918944136300992,0.984530395929823
C_1_to_0p8,O1 Proposed,E2 Dual EKF,207,0.8,1,0.918337776132883,0.984530395929823
C_1_to_0p8,O1 Proposed,E2 Dual EKF,208,0.8,1,0.918337776132883,0.973961642957961
C_1_to_0p8,O1 Proposed,E2 Dual EKF,209,0.8,1,0.917779695944377,0.973961642957961
C_1_to_0p8,O1 Proposed,E2 Dual EKF,210,0.8,1,0.917779695944377,0.97155772032063
C_1_to_0p8,O1 Proposed,E2 Dual EKF,211,0.8,1,0.917212189372687,0.97155772032063
C_1_to_0p8,O1 Proposed,E2 Dual EKF,212,0.8,1,0.917212189372687,0.968989100096195
C_1_to_0p8,O1 Proposed,E2 Dual EKF,213,0.8,1,0.916917904992802,0.968989100096195
C_1_to_0p8,O1 Proposed,E2 Dual EKF,214,0.8,1,0.916917904992802,0.9705923666192
C_1_to_0p8,O1 Proposed,E2 Dual EKF,215,0.8,1,0.916463419644366,0.9705923666192
C_1_to_0p8,O1 Proposed,E2 Dual EKF,216,0.8,1,0.916463419644366,0.977249169490034
C_1_to_0p8,O1 Proposed,E2 Dual EKF,217,0.8,1,0.916275509212047,0.977249169490034
C_1_to_0p8,O1 Proposed,E2 Dual EKF,218,0.8,1,0.916275509212047,0.97920215390445
C_1_to_0p8,O1 Proposed,E2 Dual EKF,219,0.8,1,0.915187675689762,0.97920215390445
C_1_to_0p8,O1 Proposed,E2 Dual EKF,220,0.8,1,0.915187675689762,0.997848344336792
C_1_to_0p8,O1 Proposed,E2 Dual EKF,221,0.8,1,0.91403325506517,0.997848344336792
C_1_to_0p8,O1 Proposed,E2 Dual EKF,222,0.8,1,0.91403325506517,1.00150492664403
C_1_to_0p8,O1 Proposed,E2 Dual EKF,223,0.8,1,0.912193758002015,1.00150492664403
C_1_to_0p8,O1 Proposed,E2 Dual EKF,224,0.8,1,0.912193758002015,1.00692781956165
C_1_to_0p8,O1 Proposed,E2 Dual EKF,225,0.8,1,0.910590058789171,1.00692781956165
C_1_to_0p8,O1 Proposed,E2 Dual EKF,226,0.8,1,0.910590058789171,1.01609265691585
C_1_to_0p8,O1 Proposed,E2 Dual EKF,227,0.8,1,0.908878733154162,1.01609265691585
C_1_to_0p8,O1 Proposed,E2 Dual EKF,228,0.8,1,0.908878733154162,1.01699631111862
C_1_to_0p8,O1 Proposed,E2 Dual EKF,229,0.8,1,0.906364917141515,1.01699631111862
C_1_to_0p8,O1 Proposed,E2 Dual EKF,230,0.8,1,0.906364917141515,1.02349343446046
C_1_to_0p8,O1 Proposed,E2 Dual EKF,231,0.8,1,0.904431015972075,1.02349343446046
C_1_to_0p8,O1 Proposed,E2 Dual EKF,232,0.8,1,0.904431015972075,1.03195613688128
C_1_to_0p8,O1 Proposed,E2 Dual EKF,233,0.8,1,0.902854481661116,1.03195613688128
C_1_to_0p8,O1 Proposed,E2 Dual EKF,234,0.8,1,0.902854481661116,1.03048654233367
C_1_to_0p8,O1 Proposed,E2 Dual EKF,235,0.8,1,0.901817425138956,1.03048654233367
C_1_to_0p8,O1 Proposed,E2 Dual EKF,236,0.8,1,0.901817425138956,1.02704622456847
C_1_to_0p8,O1 Proposed,E2 Dual EKF,237,0.8,1,0.900329667895365,1.02704622456847
C_1_to_0p8,O1 Proposed,E2 Dual EKF,238,0.8,1,0.900329667895365,1.01810068180403
C_1_to_0p8,O1 Proposed,E2 Dual EKF,239,0.8,1,0.899436397292263,1.01810068180403
C_1_to_0p8,O1 Proposed,E2 Dual EKF,240,0.8,1,0.899436397292263,1.01602844637763
C_1_to_0p8,O1 Proposed,E2 Dual EKF,241,0.8,1,0.899091143012608,1.01602844637763
C_1_to_0p8,O1 Proposed,E2 Dual EKF,242,0.8,1,0.899091143012608,1.00913361717029
C_1_to_0p8,O1 Proposed,E2 Dual EKF,243,0.8,1,0.898439417807106,1.00913361717029
C_1_to_0p8,O1 Proposed,E2 Dual EKF,244,0.8,1,0.898439417807106,0.999302652362273
C_1_to_0p8,O1 Proposed,E2 Dual EKF,245,0.8,1,0.898083112492809,0.999302652362273
C_1_to_0p8,O1 Proposed,E2 Dual EKF,246,0.8,1,0.898083112492809,0.995881973717402
C_1_to_0p8,O1 Proposed,E2 Dual EKF,247,0.8,1,0.897500263342393,0.995881973717402
C_1_to_0p8,O1 Proposed,E2 Dual EKF,248,0.8,1,0.897500263342393,0.990680816000368
C_1_to_0p8,O1 Proposed,E2 Dual EKF,249,0.8,1,0.897163883809583,0.990680816000368
C_1_to_0p8,O1 Proposed,E2 Dual EKF,250,0.8,1,0.897163883809583,0.992266565577887
C_1_to_0p8,O1 Proposed,E2 Dual EKF,251,0.8,1,0.896837989006201,0.992266565577887
C_1_to_0p8,O1 Proposed,E2 Dual EKF,252,0.8,1,0.896837989006201,0.989401728899971
C_1_to_0p8,O1 Proposed,E2 Dual EKF,253,0.8,1,0.896213141890895,0.989401728899971
C_1_to_0p8,O1 Proposed,E2 Dual EKF,254,0.8,1,0.896213141890895,0.99474061335284
C_1_to_0p8,O1 Proposed,E2 Dual EKF,255,0.8,1,0.895888588452232,0.99474061335284
C_1_to_0p8,O1 Proposed,E2 Dual EKF,256,0.8,1,0.895888588452232,0.999461853434837
C_1_to_0p8,O1 Proposed,E2 Dual EKF,257,0.8,1,0.894959115960832,0.999461853434837
C_1_to_0p8,O1 Proposed,E2 Dual EKF,258,0.8,1,0.894959115960832,1.00716320801881
C_1_to_0p8,O1 Proposed,E2 Dual EKF,259,0.8,1,0.894150022290042,1.00716320801881
C_1_to_0p8,O1 Proposed,E2 Dual EKF,260,0.8,1,0.894150022290042,1.00869367732629
C_1_to_0p8,O1 Proposed,E2 Dual EKF,261,0.8,1,0.892928048124773,1.00869367732629
C_1_to_0p8,O1 Proposed,E2 Dual EKF,262,0.8,1,0.892928048124773,1.01357827120616
C_1_to_0p8,O1 Proposed,E2 Dual EKF,263,0.8,1,0.892005890003685,1.01357827120616
C_1_to_0p8,O1 Proposed,E2 Dual EKF,264,0.8,1,0.892005890003685,1.01863427215948
C_1_to_0p8,O1 Proposed,E2 Dual EKF,265,0.8,1,0.890602390551273,1.01863427215948
C_1_to_0p8,O1 Proposed,E2 Dual EKF,266,0.8,1,0.890602390551273,1.01606169793908
C_1_to_0p8,O1 Proposed,E2 Dual EKF,267,0.8,1,0.888976139749534,1.01606169793908
C_1_to_0p8,O1 Proposed,E2 Dual EKF,268,0.8,1,0.888976139749534,1.01711904997267
C_1_to_0p8,O1 Proposed,E2 Dual EKF,269,0.8,1,0.887719654611595,1.01711904997267
C_1_to_0p8,O1 Proposed,E2 Dual EKF,270,0.8,1,0.887719654611595,1.01970558361268
C_1_to_0p8,O1 Proposed,E2 Dual EKF,271,0.8,1,0.887066365606049,1.01970558361268
C_1_to_0p8,O1 Proposed,E2 Dual EKF,272,0.8,1,0.887066365606049,1.01532911046761
C_1_to_0p8,O1 Proposed,E2 Dual EKF,273,0.8,1,0.886300937498361,1.01532911046761
C_1_to_0p8,O1 Proposed,E2 Dual EKF,274,0.8,1,0.886300937498361,1.01409957312442
C_1_to_0p8,O1 Proposed,E2 Dual EKF,275,0.8,1,0.885817482481566,1.01409957312442
C_1_to_0p8,O1 Proposed,E2 Dual EKF,276,0.8,1,0.885817482481566,1.01302058148413
C_1_to_0p8,O1 Proposed,E2 Dual EKF,277,0.8,1,0.885488631238064,1.01302058148413
C_1_to_0p8,O1 Proposed,E2 Dual EKF,278,0.8,1,0.885488631238064,1.00437978468145
C_1_to_0p8,O1 Proposed,E2 Dual EKF,279,0.8,1,0.885064128087665,1.00437978468145
C_1_to_0p8,O1 Proposed,E2 Dual EKF,280,0.8,1,0.885064128087665,1.00114915699256
C_1_to_0p8,O1 Proposed,E2 Dual EKF,281,0.8,1,0.884708450734192,1.00114915699256
C_1_to_0p8,O1 Proposed,E2 Dual EKF,282,0.8,1,0.884708450734192,0.994605592177632
C_1_to_0p8,O1 Proposed,E2 Dual EKF,283,0.8,1,0.884578891451132,0.994605592177632
C_1_to_0p8,O1 Proposed,E2 Dual EKF,284,0.8,1,0.884578891451132,0.989563810531521
C_1_to_0p8,O1 Proposed,E2 Dual EKF,285,0.8,1,0.884314753640633,0.989563810531521
C_1_to_0p8,O1 Proposed,E2 Dual EKF,286,0.8,1,0.884314753640633,0.984710245624115
C_1_to_0p8,O1 Proposed,E2 Dual EKF,287,0.8,1,0.883852194984687,0.984710245624115
C_1_to_0p8,O1 Proposed,E2 Dual EKF,288,0.8,1,0.883852194984687,0.986441486938233
C_1_to_0p8,O1 Proposed,E2 Dual EKF,289,0.8,1,0.883607672827492,0.986441486938233
C_1_to_0p8,O1 Proposed,E2 Dual EKF,290,0.8,1,0.883607672827492,0.97743715026357
C_1_to_0p8,O1 Proposed,E2 Dual EKF,291,0.8,1,0.882741331513925,0.97743715026357
C_1_to_0p8,O1 Proposed,E2 Dual EKF,292,0.8,1,0.882741331513925,0.973166147519832
C_1_to_0p8,O1 Proposed,E2 Dual EKF,293,0.8,1,0.882172649703011,0.973166147519832
C_1_to_0p8,O1 Proposed,E2 Dual EKF,294,0.8,1,0.882172649703011,0.97752702085519
C_1_to_0p8,O1 Proposed,E2 Dual EKF,295,0.8,1,0.88137644443592,0.97752702085519
C_1_to_0p8,O1 Proposed,E2 Dual EKF,296,0.8,1,0.88137644443592,0.986567658477407
C_1_to_0p8,O1 Proposed,E2 Dual EKF,297,0.8,1,0.880407931501126,0.986567658477407
C_1_to_0p8,O1 Proposed,E2 Dual EKF,298,0.8,1,0.880407931501126,0.997156272419183
C_1_to_0p8,O1 Proposed,E2 Dual EKF,299,0.8,1,0.879572520790084,0.997156272419183
C_1_to_0p8,O1 Proposed,E2 Dual EKF,300,0.8,1,0.879572520790084,1.0052143074915
C_1_to_0p8,O1 Proposed,E2 Dual EKF,301,0.8,1,0.878859296129589,1.0052143074915
C_1_to_0p8,O1 Proposed,E2 Dual EKF,302,0.8,1,0.878859296129589,1.01194163153477
C_1_to_0p8,O1 Proposed,E2 Dual EKF,303,0.8,1,0.877640652113345,1.01194163153477
C_1_to_0p8,O1 Proposed,E2 Dual EKF,304,0.8,1,0.877640652113345,1.01544486127051
C_1_to_0p8,O1 Proposed,E2 Dual EKF,305,0.8,1,0.876577418313828,1.01544486127051
C_1_to_0p8,O1 Proposed,E2 Dual EKF,306,0.8,1,0.876577418313828,1.0189966570625
C_1_to_0p8,O1 Proposed,E2 Dual EKF,307,0.8,1,0.875585331914631,1.0189966570625
C_1_to_0p8,O1 Proposed,E2 Dual EKF,308,0.8,1,0.875585331914631,1.0223147974679
C_1_to_0p8,O1 Proposed,E2 Dual EKF,309,0.8,1,0.874971275255452,1.0223147974679
C_1_to_0p8,O1 Proposed,E2 Dual EKF,310,0.8,1,0.874971275255452,1.01543394057871
C_1_to_0p8,O1 Proposed,E2 Dual EKF,311,0.8,1,0.874465218774194,1.01543394057871
C_1_to_0p8,O1 Proposed,E2 Dual EKF,312,0.8,1,0.874465218774194,1.00698942769542
C_1_to_0p8,O1 Proposed,E2 Dual EKF,313,0.8,1,0.873936529910333,1.00698942769542
C_1_to_0p8,O1 Proposed,E2 Dual EKF,314,0.8,1,0.873936529910333,0.996381032833992
C_1_to_0p8,O1 Proposed,E2 Dual EKF,315,0.8,1,0.873723280821519,0.996381032833992
C_1_to_0p8,O1 Proposed,E2 Dual EKF,316,0.8,1,0.873723280821519,0.988157217760453
C_1_to_0p8,O1 Proposed,E2 Dual EKF,317,0.8,1,0.873094511899941,0.988157217760453
C_1_to_0p8,O1 Proposed,E2 Dual EKF,318,0.8,1,0.873094511899941,0.984165347074993
C_1_to_0p8,O1 Proposed,E2 Dual EKF,319,0.8,1,0.872698706803547,0.984165347074993
C_1_to_0p8,O1 Proposed,E2 Dual EKF,320,0.8,1,0.872698706803547,0.973135014797674
C_1_to_0p8,O1 Proposed,E2 Dual EKF,321,0.8,1,0.872643315468503,0.973135014797674
C_1_to_0p8,O1 Proposed,E2 Dual EKF,322,0.8,1,0.872643315468503,0.968666498239741
C_1_to_0p8,O1 Proposed,E2 Dual EKF,323,0.8,1,0.872414468538814,0.968666498239741
C_1_to_0p8,O1 Proposed,E2 Dual EKF,324,0.8,1,0.872414468538814,0.967890055752071
C_1_to_0p8,O1 Proposed,E2 Dual EKF,325,0.8,1,0.871883840288978,0.967890055752071
C_1_to_0p8,O1 Proposed,E2 Dual EKF,326,0.8,1,0.871883840288978,0.96762528406045
C_1_to_0p8,O1 Proposed,E2 Dual EKF,327,0.8,1,0.871778169349879,0.96762528406045
C_1_to_0p8,O1 Proposed,E2 Dual EKF,328,0.8,1,0.871778169349879,0.971065880625346
C_1_to_0p8,O1 Proposed,E2 Dual EKF,329,0.8,1,0.871692848038709,0.971065880625346
C_1_to_0p8,O1 Proposed,E2 Dual EKF,330,0.8,1,0.871692848038709,0.977873292669966
C_1_to_0p8,O1 Proposed,E2 Dual EKF,331,0.8,1,0.871331482965806,0.977873292669966
C_1_to_0p8,O1 Proposed,E2 Dual EKF,332,0.8,1,0.871331482965806,0.983787095756996
C_1_to_0p8,O1 Proposed,E2 Dual EKF,333,0.8,1,0.870721667367072,0.983787095756996
C_1_to_0p8,O1 Proposed,E2 Dual EKF,334,0.8,1,0.870721667367072,0.992403067264159
C_1_to_0p8,O1 Proposed,E2 Dual EKF,335,0.8,1,0.869844282150042,0.992403067264159
C_1_to_0p8,O1 Proposed,E2 Dual EKF,336,0.8,1,0.869844282150042,0.994053392678521
C_1_to_0p8,O1 Proposed,E2 Dual EKF,337,0.8,1,0.869099219912176,0.994053392678521
C_1_to_0p8,O1 Proposed,E2 Dual EKF,338,0.8,1,0.869099219912176,1.00201953590003
C_1_to_0p8,O1 Proposed,E2 Dual EKF,339,0.8,1,0.868862477114908,1.00201953590003
C_1_to_0p8,O1 Proposed,E2 Dual EKF,340,0.8,1,0.868862477114908,1.01253570395804
C_1_to_0p8,O1 Proposed,E2 Dual EKF,341,0.8,1,0.868406465297049,1.01253570395804
C_1_to_0p8,O1 Proposed,E2 Dual EKF,342,0.8,1,0.868406465297049,1.01830255906418
C_1_to_0p8,O1 Proposed,E2 Dual EKF,343,0.8,1,0.868013958923813,1.01830255906418
C_1_to_0p8,O1 Proposed,E2 Dual EKF,344,0.8,1,0.868013958923813,1.02209959728925
C_1_to_0p8,O1 Proposed,E2 Dual EKF,345,0.8,1,0.867633120430285,1.02209959728925
C_1_to_0p8,O1 Proposed,E2 Dual EKF,346,0.8,1,0.867633120430285,1.02574517120339
C_1_to_0p8,O1 Proposed,E2 Dual EKF,347,0.8,1,0.867107585702871,1.02574517120339
C_1_to_0p8,O1 Proposed,E2 Dual EKF,348,0.8,1,0.867107585702871,1.02189386256376
C_1_to_0p8,O1 Proposed,E2 Dual EKF,349,0.8,1,0.866769711745957,1.02189386256376
C_1_to_0p8,O1 Proposed,E2 Dual EKF,350,0.8,1,0.866769711745957,1.0195779335652
C_1_to_0p8,O1 Proposed,E2 Dual EKF,351,0.8,1,0.866396015632779,1.0195779335652
C_1_to_0p8,O1 Proposed,E2 Dual EKF,352,0.8,1,0.866396015632779,1.01340933865521
C_1_to_0p8,O1 Proposed,E2 Dual EKF,353,0.8,1,0.866324569209424,1.01340933865521
C_1_to_0p8,O1 Proposed,E2 Dual EKF,354,0.8,1,0.866324569209424,1.00175990035384
C_1_to_0p8,O1 Proposed,E2 Dual EKF,355,0.8,1,0.866177893994473,1.00175990035384
C_1_to_0p8,O1 Proposed,E2 Dual EKF,356,0.8,1,0.866177893994473,0.992871847880732
C_1_to_0p8,O1 Proposed,E2 Dual EKF,357,0.8,1,0.866101326714697,0.992871847880732
C_1_to_0p8,O1 Proposed,E2 Dual EKF,358,0.8,1,0.866101326714697,0.987907716620309
C_1_to_0p8,O1 Proposed,E2 Dual EKF,359,0.8,1,0.865779989410995,0.987907716620309
C_1_to_0p8,O1 Proposed,E2 Dual EKF,360,0.8,1,0.865779989410995,0.984076786496266
C_1_to_0p8,O1 Proposed,E2 Dual EKF,361,0.8,1,0.865656854840705,0.984076786496266
C_1_to_0p8,O1 Proposed,E2 Dual EKF,362,0.8,1,0.865656854840705,0.984574523958845
C_1_to_0p8,O1 Proposed,E2 Dual EKF,363,0.8,1,0.865589496088301,0.984574523958845
C_1_to_0p8,O1 Proposed,E2 Dual EKF,364,0.8,1,0.865589496088301,0.984038780988238
C_1_to_0p8,O1 Proposed,E2 Dual EKF,365,0.8,1,0.865324423690413,0.984038780988238
C_1_to_0p8,O1 Proposed,E2 Dual EKF,366,0.8,1,0.865324423690413,0.98683619471754
C_1_to_0p8,O1 Proposed,E2 Dual EKF,367,0.8,1,0.865090219563928,0.98683619471754
C_1_to_0p8,O1 Proposed,E2 Dual EKF,368,0.8,1,0.865090219563928,0.99106582959371
C_1_to_0p8,O1 Proposed,E2 Dual EKF,369,0.8,1,0.864836550903878,0.99106582959371
C_1_to_0p8,O1 Proposed,E2 Dual EKF,370,0.8,1,0.864836550903878,0.999363842238658
C_1_to_0p8,O1 Proposed,E2 Dual EKF,371,0.8,1,0.864968096501254,0.999363842238658
C_1_to_0p8,O1 Proposed,E2 Dual EKF,372,0.8,1,0.864968096501254,1.00974450192736
C_1_to_0p8,O1 Proposed,E2 Dual EKF,373,0.8,1,0.864531515144852,1.00974450192736
C_1_to_0p8,O1 Proposed,E2 Dual EKF,374,0.8,1,0.864531515144852,1.00697490674304
C_1_to_0p8,O1 Proposed,E2 Dual EKF,375,0.8,1,0.863685909431287,1.00697490674304
C_1_to_0p8,O1 Proposed,E2 Dual EKF,376,0.8,1,0.863685909431287,1.01101481479692
C_1_to_0p8,O1 Proposed,E2 Dual EKF,377,0.8,1,0.863228951917289,1.01101481479692
C_1_to_0p8,O1 Proposed,E2 Dual EKF,378,0.8,1,0.863228951917289,1.0130603631521
C_1_to_0p8,O1 Proposed,E2 Dual EKF,379,0.8,1,0.862858691002387,1.0130603631521
C_1_to_0p8,O1 Proposed,E2 Dual EKF,380,0.8,1,0.862858691002387,1.01460675539067
C_1_to_0p8,O1 Proposed,E2 Dual EKF,381,0.8,1,0.862271094696391,1.01460675539067
C_1_to_0p8,O1 Proposed,E2 Dual EKF,382,0.8,1,0.862271094696391,1.01693642966161
C_1_to_0p8,O1 Proposed,E2 Dual EKF,383,0.8,1,0.861550833746772,1.01693642966161
C_1_to_0p8,O1 Proposed,E2 Dual EKF,384,0.8,1,0.861550833746772,1.02145189565906
C_1_to_0p8,O1 Proposed,E3 LTV/Joseph,1,1,1,1.01232350986414,0.7
C_1_to_0p8,O1 Proposed,E3 LTV/Joseph,2,1,1,1.01232350986414,1.07783765062993
C_1_to_0p8,O1 Proposed,E3 LTV/Joseph,3,1,1,1.02065078526538,1.07783765062993
C_1_to_0p8,O1 Proposed,E3 LTV/Joseph,4,1,1,1.02065078526538,1.05585927697783
C_1_to_0p8,O1 Proposed,E3 LTV/Joseph,5,1,1,0.984928610607746,1.05585927697783
C_1_to_0p8,O1 Proposed,E3 LTV/Joseph,6,1,1,0.984928610607746,1.06267469165786
C_1_to_0p8,O1 Proposed,E3 LTV/Joseph,7,1,1,0.997007418336221,1.06267469165786
C_1_to_0p8,O1 Proposed,E3 LTV/Joseph,8,1,1,0.997007418336221,1.052961875084
C_1_to_0p8,O1 Proposed,E3 LTV/Joseph,9,1,1,1.00681706397858,1.052961875084
C_1_to_0p8,O1 Proposed,E3 LTV/Joseph,10,1,1,1.00681706397858,1.04446390217425
C_1_to_0p8,O1 Proposed,E3 LTV/Joseph,11,1,1,1.00317304158658,1.04446390217425
C_1_to_0p8,O1 Proposed,E3 LTV/Joseph,12,1,1,1.00317304158658,1.03771792990971
C_1_to_0p8,O1 Proposed,E3 LTV/Joseph,13,1,1,1.00066709106619,1.03771792990971
C_1_to_0p8,O1 Proposed,E3 LTV/Joseph,14,1,1,1.00066709106619,1.03545482282873
C_1_to_0p8,O1 Proposed,E3 LTV/Joseph,15,1,1,1.00631108421651,1.03545482282873
C_1_to_0p8,O1 Proposed,E3 LTV/Joseph,16,1,1,1.00631108421651,1.03058454483163
C_1_to_0p8,O1 Proposed,E3 LTV/Joseph,17,1,1,1.00660084812618,1.03058454483163
C_1_to_0p8,O1 Proposed,E3 LTV/Joseph,18,1,1,1.00660084812618,1.02593909369873
C_1_to_0p8,O1 Proposed,E3 LTV/Joseph,19,1,1,1.01072882552492,1.02593909369873
C_1_to_0p8,O1 Proposed,E3 LTV/Joseph,20,1,1,1.01072882552492,1.02027631322341
C_1_to_0p8,O1 Proposed,E3 LTV/Joseph,21,1,1,1.0084704721134,1.02027631322341
C_1_to_0p8,O1 Proposed,E3 LTV/Joseph,22,1,1,1.0084704721134,1.01197194505711
C_1_to_0p8,O1 Proposed,E3 LTV/Joseph,23,1,1,1.00862757534807,1.01197194505711
C_1_to_0p8,O1 Proposed,E3 LTV/Joseph,24,1,1,1.00862757534807,1.01048667254656
C_1_to_0p8,O1 Proposed,E3 LTV/Joseph,25,1,1,1.01070590987692,1.01048667254656
C_1_to_0p8,O1 Proposed,E3 LTV/Joseph,26,1,1,1.01070590987692,1.00638740302993
C_1_to_0p8,O1 Proposed,E3 LTV/Joseph,27,1,1,1.01258714102317,1.00638740302993
C_1_to_0p8,O1 Proposed,E3 LTV/Joseph,28,1,1,1.01258714102317,1.00441004501025
C_1_to_0p8,O1 Proposed,E3 LTV/Joseph,29,1,1,1.00974547765827,1.00441004501025
C_1_to_0p8,O1 Proposed,E3 LTV/Joseph,30,1,1,1.00974547765827,1.00232738426965
C_1_to_0p8,O1 Proposed,E3 LTV/Joseph,31,1,1,1.00525366908884,1.00232738426965
C_1_to_0p8,O1 Proposed,E3 LTV/Joseph,32,1,1,1.00525366908884,1.00510416261521
C_1_to_0p8,O1 Proposed,E3 LTV/Joseph,33,1,1,1.00505824867455,1.00510416261521
C_1_to_0p8,O1 Proposed,E3 LTV/Joseph,34,1,1,1.00505824867455,1.00500756811342
C_1_to_0p8,O1 Proposed,E3 LTV/Joseph,35,1,1,1.00432550827093,1.00500756811342
C_1_to_0p8,O1 Proposed,E3 LTV/Joseph,36,1,1,1.00432550827093,1.00638904281659
C_1_to_0p8,O1 Proposed,E3 LTV/Joseph,37,1,1,1.00900598019835,1.00638904281659
C_1_to_0p8,O1 Proposed,E3 LTV/Joseph,38,1,1,1.00900598019835,1.01070630722383
C_1_to_0p8,O1 Proposed,E3 LTV/Joseph,39,1,1,1.00547157965439,1.01070630722383
C_1_to_0p8,O1 Proposed,E3 LTV/Joseph,40,1,1,1.00547157965439,1.01345245244762
C_1_to_0p8,O1 Proposed,E3 LTV/Joseph,41,1,1,1.00734518148835,1.01345245244762
C_1_to_0p8,O1 Proposed,E3 LTV/Joseph,42,1,1,1.00734518148835,1.01518422957815
C_1_to_0p8,O1 Proposed,E3 LTV/Joseph,43,1,1,1.00542842680379,1.01518422957815
C_1_to_0p8,O1 Proposed,E3 LTV/Joseph,44,1,1,1.00542842680379,1.01350459930178
C_1_to_0p8,O1 Proposed,E3 LTV/Joseph,45,1,1,1.00572497121253,1.01350459930178
C_1_to_0p8,O1 Proposed,E3 LTV/Joseph,46,1,1,1.00572497121253,1.01429682472446
C_1_to_0p8,O1 Proposed,E3 LTV/Joseph,47,1,1,1.00601274699267,1.01429682472446
C_1_to_0p8,O1 Proposed,E3 LTV/Joseph,48,1,1,1.00601274699267,1.01202416260454
C_1_to_0p8,O1 Proposed,E3 LTV/Joseph,49,1,1,1.007233208785,1.01202416260454
C_1_to_0p8,O1 Proposed,E3 LTV/Joseph,50,1,1,1.007233208785,1.00922777458572
C_1_to_0p8,O1 Proposed,E3 LTV/Joseph,51,1,1,1.00413257744187,1.00922777458572
C_1_to_0p8,O1 Proposed,E3 LTV/Joseph,52,1,1,1.00413257744187,1.00676827959966
C_1_to_0p8,O1 Proposed,E3 LTV/Joseph,53,1,1,1.00278805255012,1.00676827959966
C_1_to_0p8,O1 Proposed,E3 LTV/Joseph,54,1,1,1.00278805255012,1.00225489836454
C_1_to_0p8,O1 Proposed,E3 LTV/Joseph,55,1,1,1.00272025446022,1.00225489836454
C_1_to_0p8,O1 Proposed,E3 LTV/Joseph,56,1,1,1.00272025446022,1.00205087737184
C_1_to_0p8,O1 Proposed,E3 LTV/Joseph,57,1,1,1.00506746853505,1.00205087737184
C_1_to_0p8,O1 Proposed,E3 LTV/Joseph,58,1,1,1.00506746853505,0.998837385950933
C_1_to_0p8,O1 Proposed,E3 LTV/Joseph,59,1,1,1.00636098696351,0.998837385950933
C_1_to_0p8,O1 Proposed,E3 LTV/Joseph,60,1,1,1.00636098696351,0.995247621918562
C_1_to_0p8,O1 Proposed,E3 LTV/Joseph,61,1,1,1.0057641913471,0.995247621918562
C_1_to_0p8,O1 Proposed,E3 LTV/Joseph,62,1,1,1.0057641913471,0.995076927553832
C_1_to_0p8,O1 Proposed,E3 LTV/Joseph,63,1,1,1.0065283572468,0.995076927553832
C_1_to_0p8,O1 Proposed,E3 LTV/Joseph,64,1,1,1.0065283572468,0.992791992674227
C_1_to_0p8,O1 Proposed,E3 LTV/Joseph,65,1,1,1.00603708315115,0.992791992674227
C_1_to_0p8,O1 Proposed,E3 LTV/Joseph,66,1,1,1.00603708315115,0.99078490191222
C_1_to_0p8,O1 Proposed,E3 LTV/Joseph,67,1,1,1.00555785894542,0.99078490191222
C_1_to_0p8,O1 Proposed,E3 LTV/Joseph,68,1,1,1.00555785894542,0.990446532784581
C_1_to_0p8,O1 Proposed,E3 LTV/Joseph,69,1,1,1.0042324100918,0.990446532784581
C_1_to_0p8,O1 Proposed,E3 LTV/Joseph,70,1,1,1.0042324100918,0.989177444559122
C_1_to_0p8,O1 Proposed,E3 LTV/Joseph,71,1,1,1.00411634997108,0.989177444559122
C_1_to_0p8,O1 Proposed,E3 LTV/Joseph,72,1,1,1.00411634997108,0.990498635709692
C_1_to_0p8,O1 Proposed,E3 LTV/Joseph,73,1,1,1.00412116666597,0.990498635709692
C_1_to_0p8,O1 Proposed,E3 LTV/Joseph,74,1,1,1.00412116666597,0.990232619821155
C_1_to_0p8,O1 Proposed,E3 LTV/Joseph,75,1,1,1.00342750154077,0.990232619821155
C_1_to_0p8,O1 Proposed,E3 LTV/Joseph,76,1,1,1.00342750154077,0.992963051711779
C_1_to_0p8,O1 Proposed,E3 LTV/Joseph,77,1,1,1.00369024136219,0.992963051711779
C_1_to_0p8,O1 Proposed,E3 LTV/Joseph,78,1,1,1.00369024136219,0.996623945905173
C_1_to_0p8,O1 Proposed,E3 LTV/Joseph,79,1,1,1.0034776341366,0.996623945905173
C_1_to_0p8,O1 Proposed,E3 LTV/Joseph,80,1,1,1.0034776341366,0.999277119619523
C_1_to_0p8,O1 Proposed,E3 LTV/Joseph,81,1,1,1.00010163743603,0.999277119619523
C_1_to_0p8,O1 Proposed,E3 LTV/Joseph,82,1,1,1.00010163743603,1.00013633125463
C_1_to_0p8,O1 Proposed,E3 LTV/Joseph,83,1,1,1.0005470459719,1.00013633125463
C_1_to_0p8,O1 Proposed,E3 LTV/Joseph,84,1,1,1.0005470459719,1.00210163619411
C_1_to_0p8,O1 Proposed,E3 LTV/Joseph,85,1,1,1.00158993787825,1.00210163619411
C_1_to_0p8,O1 Proposed,E3 LTV/Joseph,86,1,1,1.00158993787825,1.00282767899021
C_1_to_0p8,O1 Proposed,E3 LTV/Joseph,87,1,1,1.00199431681998,1.00282767899021
C_1_to_0p8,O1 Proposed,E3 LTV/Joseph,88,1,1,1.00199431681998,1.00023769113769
C_1_to_0p8,O1 Proposed,E3 LTV/Joseph,89,1,1,1.00343993098455,1.00023769113769
C_1_to_0p8,O1 Proposed,E3 LTV/Joseph,90,1,1,1.00343993098455,0.999697091476529
C_1_to_0p8,O1 Proposed,E3 LTV/Joseph,91,1,1,1.00218977880188,0.999697091476529
C_1_to_0p8,O1 Proposed,E3 LTV/Joseph,92,1,1,1.00218977880188,0.998449203566559
C_1_to_0p8,O1 Proposed,E3 LTV/Joseph,93,1,1,1.00186070939728,0.998449203566559
C_1_to_0p8,O1 Proposed,E3 LTV/Joseph,94,1,1,1.00186070939728,0.998238161373227
C_1_to_0p8,O1 Proposed,E3 LTV/Joseph,95,1,1,1.00281523700093,0.998238161373227
C_1_to_0p8,O1 Proposed,E3 LTV/Joseph,96,1,1,1.00281523700093,0.995388482640127
C_1_to_0p8,O1 Proposed,E3 LTV/Joseph,97,1,1,1.00310892659284,0.995388482640127
C_1_to_0p8,O1 Proposed,E3 LTV/Joseph,98,1,1,1.00310892659284,0.991559018982383
C_1_to_0p8,O1 Proposed,E3 LTV/Joseph,99,1,1,1.00264273531275,0.991559018982383
C_1_to_0p8,O1 Proposed,E3 LTV/Joseph,100,1,1,1.00264273531275,0.988867131724323
C_1_to_0p8,O1 Proposed,E3 LTV/Joseph,101,1,1,1.00195759365111,0.988867131724323
C_1_to_0p8,O1 Proposed,E3 LTV/Joseph,102,1,1,1.00195759365111,0.987746005539283
C_1_to_0p8,O1 Proposed,E3 LTV/Joseph,103,1,1,1.00145545603074,0.987746005539283
C_1_to_0p8,O1 Proposed,E3 LTV/Joseph,104,1,1,1.00145545603074,0.988378451339471
C_1_to_0p8,O1 Proposed,E3 LTV/Joseph,105,1,1,1.00083529452063,0.988378451339471
C_1_to_0p8,O1 Proposed,E3 LTV/Joseph,106,1,1,1.00083529452063,0.98979126952968
C_1_to_0p8,O1 Proposed,E3 LTV/Joseph,107,1,1,1.00156489761745,0.98979126952968
C_1_to_0p8,O1 Proposed,E3 LTV/Joseph,108,1,1,1.00156489761745,0.992404236141577
C_1_to_0p8,O1 Proposed,E3 LTV/Joseph,109,1,1,1.00234839543229,0.992404236141577
C_1_to_0p8,O1 Proposed,E3 LTV/Joseph,110,1,1,1.00234839543229,0.99679888858534
C_1_to_0p8,O1 Proposed,E3 LTV/Joseph,111,1,1,1.0029351055731,0.99679888858534
C_1_to_0p8,O1 Proposed,E3 LTV/Joseph,112,1,1,1.0029351055731,1.00254693979741
C_1_to_0p8,O1 Proposed,E3 LTV/Joseph,113,1,1,1.00437647665828,1.00254693979741
C_1_to_0p8,O1 Proposed,E3 LTV/Joseph,114,1,1,1.00437647665828,1.00431205433919
C_1_to_0p8,O1 Proposed,E3 LTV/Joseph,115,1,1,1.00318068758414,1.00431205433919
C_1_to_0p8,O1 Proposed,E3 LTV/Joseph,116,1,1,1.00318068758414,1.00720775492692
C_1_to_0p8,O1 Proposed,E3 LTV/Joseph,117,1,1,1.00449833064816,1.00720775492692
C_1_to_0p8,O1 Proposed,E3 LTV/Joseph,118,1,1,1.00449833064816,1.00857659588409
C_1_to_0p8,O1 Proposed,E3 LTV/Joseph,119,1,1,1.00420633438236,1.00857659588409
C_1_to_0p8,O1 Proposed,E3 LTV/Joseph,120,1,1,1.00420633438236,1.01236790993636
C_1_to_0p8,O1 Proposed,E3 LTV/Joseph,121,1,1,1.00401408742006,1.01236790993636
C_1_to_0p8,O1 Proposed,E3 LTV/Joseph,122,1,1,1.00401408742006,1.01523267172456
C_1_to_0p8,O1 Proposed,E3 LTV/Joseph,123,1,1,1.00391271990172,1.01523267172456
C_1_to_0p8,O1 Proposed,E3 LTV/Joseph,124,1,1,1.00391271990172,1.01505729509439
C_1_to_0p8,O1 Proposed,E3 LTV/Joseph,125,1,1,1.00556691057396,1.01505729509439
C_1_to_0p8,O1 Proposed,E3 LTV/Joseph,126,1,1,1.00556691057396,1.01399387801538
C_1_to_0p8,O1 Proposed,E3 LTV/Joseph,127,1,1,1.00522274658216,1.01399387801538
C_1_to_0p8,O1 Proposed,E3 LTV/Joseph,128,0.8,1,1.00522274658216,1.01257824514318
C_1_to_0p8,O1 Proposed,E3 LTV/Joseph,129,0.8,1,1.00522274658216,1.01257824514318
C_1_to_0p8,O1 Proposed,E3 LTV/Joseph,130,0.8,1,1.00522274658216,1.0107831959061
C_1_to_0p8,O1 Proposed,E3 LTV/Joseph,131,0.8,1,1.00380432398796,1.0107831959061
C_1_to_0p8,O1 Proposed,E3 LTV/Joseph,132,0.8,1,1.00380432398796,1.00909063708629
C_1_to_0p8,O1 Proposed,E3 LTV/Joseph,133,0.8,1,1.00380432398796,1.00909063708629
C_1_to_0p8,O1 Proposed,E3 LTV/Joseph,134,0.8,1,1.00380432398796,1.00587230311279
C_1_to_0p8,O1 Proposed,E3 LTV/Joseph,135,0.8,1,1.00237668290333,1.00587230311279
C_1_to_0p8,O1 Proposed,E3 LTV/Joseph,136,0.8,1,1.00237668290333,1.0036736425407
C_1_to_0p8,O1 Proposed,E3 LTV/Joseph,137,0.8,1,1.00106378505426,1.0036736425407
C_1_to_0p8,O1 Proposed,E3 LTV/Joseph,138,0.8,1,1.00106378505426,1.00221142785778
C_1_to_0p8,O1 Proposed,E3 LTV/Joseph,139,0.8,1,0.999454037411858,1.00221142785778
C_1_to_0p8,O1 Proposed,E3 LTV/Joseph,140,0.8,1,0.999454037411858,1.0000097415732
C_1_to_0p8,O1 Proposed,E3 LTV/Joseph,141,0.8,1,0.998198817341526,1.0000097415732
C_1_to_0p8,O1 Proposed,E3 LTV/Joseph,142,0.8,1,0.998198817341526,0.999269872089954
C_1_to_0p8,O1 Proposed,E3 LTV/Joseph,143,0.8,1,0.996183590531126,0.999269872089954
C_1_to_0p8,O1 Proposed,E3 LTV/Joseph,144,0.8,1,0.996183590531126,1.00135545438356
C_1_to_0p8,O1 Proposed,E3 LTV/Joseph,145,0.8,1,0.996183590531126,1.00135545438356
C_1_to_0p8,O1 Proposed,E3 LTV/Joseph,146,0.8,1,0.996183590531126,1.0024292231225
C_1_to_0p8,O1 Proposed,E3 LTV/Joseph,147,0.8,1,0.996183590531126,1.0024292231225
C_1_to_0p8,O1 Proposed,E3 LTV/Joseph,148,0.8,1,0.996183590531126,1.00444371240931
C_1_to_0p8,O1 Proposed,E3 LTV/Joseph,149,0.8,1,0.996183590531126,1.00444371240931
C_1_to_0p8,O1 Proposed,E3 LTV/Joseph,150,0.8,1,0.996183590531126,1.00695468958018
C_1_to_0p8,O1 Proposed,E3 LTV/Joseph,151,0.8,1,0.996183590531126,1.00695468958018
C_1_to_0p8,O1 Proposed,E3 LTV/Joseph,152,0.8,1,0.996183590531126,1.01007588654509
C_1_to_0p8,O1 Proposed,E3 LTV/Joseph,153,0.8,1,0.996183590531126,1.01007588654509
C_1_to_0p8,O1 Proposed,E3 LTV/Joseph,154,0.8,1,0.996183590531126,1.01256221572048
C_1_to_0p8,O1 Proposed,E3 LTV/Joseph,155,0.8,1,0.996183590531126,1.01256221572048
C_1_to_0p8,O1 Proposed,E3 LTV/Joseph,156,0.8,1,0.996183590531126,1.01446834406008
C_1_to_0p8,O1 Proposed,E3 LTV/Joseph,157,0.8,1,0.996183590531126,1.01446834406008
C_1_to_0p8,O1 Proposed,E3 LTV/Joseph,158,0.8,1,0.996183590531126,1.01434766574794
C_1_to_0p8,O1 Proposed,E3 LTV/Joseph,159,0.8,1,0.996183590531126,1.01434766574794
C_1_to_0p8,O1 Proposed,E3 LTV/Joseph,160,0.8,1,0.996183590531126,1.01606411313572
C_1_to_0p8,O1 Proposed,E3 LTV/Joseph,161,0.8,1,0.996183590531126,1.01606411313572
C_1_to_0p8,O1 Proposed,E3 LTV/Joseph,162,0.8,1,0.996183590531126,1.0154729009762
C_1_to_0p8,O1 Proposed,E3 LTV/Joseph,163,0.8,1,0.996183590531126,1.0154729009762
C_1_to_0p8,O1 Proposed,E3 LTV/Joseph,164,0.8,1,0.996183590531126,1.01369852594675
C_1_to_0p8,O1 Proposed,E3 LTV/Joseph,165,0.8,1,0.996183590531126,1.01369852594675
C_1_to_0p8,O1 Proposed,E3 LTV/Joseph,166,0.8,1,0.996183590531126,1.01227710828834
C_1_to_0p8,O1 Proposed,E3 LTV/Joseph,167,0.8,1,0.996183590531126,1.01227710828834
C_1_to_0p8,O1 Proposed,E3 LTV/Joseph,168,0.8,1,0.996183590531126,1.00980627309452
C_1_to_0p8,O1 Proposed,E3 LTV/Joseph,169,0.8,1,0.996183590531126,1.00980627309452
C_1_to_0p8,O1 Proposed,E3 LTV/Joseph,170,0.8,1,0.996183590531126,1.00889092609807
C_1_to_0p8,O1 Proposed,E3 LTV/Joseph,171,0.8,1,0.995199318948567,1.00889092609807
C_1_to_0p8,O1 Proposed,E3 LTV/Joseph,172,0.8,1,0.995199318948567,1.00618874716283
C_1_to_0p8,O1 Proposed,E3 LTV/Joseph,173,0.8,1,0.995199318948567,1.00618874716283
C_1_to_0p8,O1 Proposed,E3 LTV/Joseph,174,0.8,1,0.995199318948567,1.00405824930594
C_1_to_0p8,O1 Proposed,E3 LTV/Joseph,175,0.8,1,0.993798375554229,1.00405824930594
C_1_to_0p8,O1 Proposed,E3 LTV/Joseph,176,0.8,1,0.993798375554229,1.00167692063872
C_1_to_0p8,O1 Proposed,E3 LTV/Joseph,177,0.8,1,0.99306377376462,1.00167692063872
C_1_to_0p8,O1 Proposed,E3 LTV/Joseph,178,0.8,1,0.99306377376462,1.00020714425474
C_1_to_0p8,O1 Proposed,E3 LTV/Joseph,179,0.8,1,0.99306377376462,1.00020714425474
C_1_to_0p8,O1 Proposed,E3 LTV/Joseph,180,0.8,1,0.99306377376462,1.00198037164921
C_1_to_0p8,O1 Proposed,E3 LTV/Joseph,181,0.8,1,0.99306377376462,1.00198037164921
C_1_to_0p8,O1 Proposed,E3 LTV/Joseph,182,0.8,1,0.99306377376462,1.00368513174618
C_1_to_0p8,O1 Proposed,E3 LTV/Joseph,183,0.8,1,0.99306377376462,1.00368513174618
C_1_to_0p8,O1 Proposed,E3 LTV/Joseph,184,0.8,1,0.99306377376462,1.00420206610268
C_1_to_0p8,O1 Proposed,E3 LTV/Joseph,185,0.8,1,0.99306377376462,1.00420206610268
C_1_to_0p8,O1 Proposed,E3 LTV/Joseph,186,0.8,1,0.99306377376462,1.00666327745069
C_1_to_0p8,O1 Proposed,E3 LTV/Joseph,187,0.8,1,0.99306377376462,1.00666327745069
C_1_to_0p8,O1 Proposed,E3 LTV/Joseph,188,0.8,1,0.99306377376462,1.00730643598797
C_1_to_0p8,O1 Proposed,E3 LTV/Joseph,189,0.8,1,0.99306377376462,1.00730643598797
C_1_to_0p8,O1 Proposed,E3 LTV/Joseph,190,0.8,1,0.99306377376462,1.00851557256684
C_1_to_0p8,O1 Proposed,E3 LTV/Joseph,191,0.8,1,0.99306377376462,1.00851557256684
C_1_to_0p8,O1 Proposed,E3 LTV/Joseph,192,0.8,1,0.99306377376462,1.01081287213335
C_1_to_0p8,O1 Proposed,E3 LTV/Joseph,193,0.8,1,0.99306377376462,1.01081287213335
C_1_to_0p8,O1 Proposed,E3 LTV/Joseph,194,0.8,1,0.99306377376462,1.01318443175813
C_1_to_0p8,O1 Proposed,E3 LTV/Joseph,195,0.8,1,0.99306377376462,1.01318443175813
C_1_to_0p8,O1 Proposed,E3 LTV/Joseph,196,0.8,1,0.99306377376462,1.01359980628461
C_1_to_0p8,O1 Proposed,E3 LTV/Joseph,197,0.8,1,0.99306377376462,1.01359980628461
C_1_to_0p8,O1 Proposed,E3 LTV/Joseph,198,0.8,1,0.99306377376462,1.01043796970724
C_1_to_0p8,O1 Proposed,E3 LTV/Joseph,199,0.8,1,0.99306377376462,1.01043796970724
C_1_to_0p8,O1 Proposed,E3 LTV/Joseph,200,0.8,1,0.99306377376462,1.00850032142751
C_1_to_0p8,O1 Proposed,E3 LTV/Joseph,201,0.8,1,0.99306377376462,1.00850032142751
C_1_to_0p8,O1 Proposed,E3 LTV/Joseph,202,0.8,1,0.99306377376462,1.00350729212494
C_1_to_0p8,O1 Proposed,E3 LTV/Joseph,203,0.8,1,0.99306377376462,1.00350729212494
C_1_to_0p8,O1 Proposed,E3 LTV/Joseph,204,0.8,1,0.99306377376462,1.00069249025315
C_1_to_0p8,O1 Proposed,E3 LTV/Joseph,205,0.8,1,0.99306377376462,1.00069249025315
C_1_to_0p8,O1 Proposed,E3 LTV/Joseph,206,0.8,1,0.99306377376462,0.999318075293812
C_1_to_0p8,O1 Proposed,E3 LTV/Joseph,207,0.8,1,0.991521323913831,0.999318075293812
C_1_to_0p8,O1 Proposed,E3 LTV/Joseph,208,0.8,1,0.991521323913831,0.995095804120844
C_1_to_0p8,O1 Proposed,E3 LTV/Joseph,209,0.8,1,0.990158182415153,0.995095804120844
C_1_to_0p8,O1 Proposed,E3 LTV/Joseph,210,0.8,1,0.990158182415153,0.993379990562642
C_1_to_0p8,O1 Proposed,E3 LTV/Joseph,211,0.8,1,0.98881543633231,0.993379990562642
C_1_to_0p8,O1 Proposed,E3 LTV/Joseph,212,0.8,1,0.98881543633231,0.991605761942089
C_1_to_0p8,O1 Proposed,E3 LTV/Joseph,213,0.8,1,0.987916104851231,0.991605761942089
C_1_to_0p8,O1 Proposed,E3 LTV/Joseph,214,0.8,1,0.987916104851231,0.991134027482934
C_1_to_0p8,O1 Proposed,E3 LTV/Joseph,215,0.8,1,0.986673378300655,0.991134027482934
C_1_to_0p8,O1 Proposed,E3 LTV/Joseph,216,0.8,1,0.986673378300655,0.992342786783166
C_1_to_0p8,O1 Proposed,E3 LTV/Joseph,217,0.8,1,0.985752976548649,0.992342786783166
C_1_to_0p8,O1 Proposed,E3 LTV/Joseph,218,0.8,1,0.985752976548649,0.992237127322051
C_1_to_0p8,O1 Proposed,E3 LTV/Joseph,219,0.8,1,0.985752976548649,0.992237127322051
C_1_to_0p8,O1 Proposed,E3 LTV/Joseph,220,0.8,1,0.985752976548649,0.997709757344478
C_1_to_0p8,O1 Proposed,E3 LTV/Joseph,221,0.8,1,0.985752976548649,0.997709757344478
C_1_to_0p8,O1 Proposed,E3 LTV/Joseph,222,0.8,1,0.985752976548649,0.998953049274757
C_1_to_0p8,O1 Proposed,E3 LTV/Joseph,223,0.8,1,0.985752976548649,0.998953049274757
C_1_to_0p8,O1 Proposed,E3 LTV/Joseph,224,0.8,1,0.985752976548649,1.00098867859411
C_1_to_0p8,O1 Proposed,E3 LTV/Joseph,225,0.8,1,0.985752976548649,1.00098867859411
C_1_to_0p8,O1 Proposed,E3 LTV/Joseph,226,0.8,1,0.985752976548649,1.00462804837537
C_1_to_0p8,O1 Proposed,E3 LTV/Joseph,227,0.8,1,0.985752976548649,1.00462804837537
C_1_to_0p8,O1 Proposed,E3 LTV/Joseph,228,0.8,1,0.985752976548649,1.00574640503352
C_1_to_0p8,O1 Proposed,E3 LTV/Joseph,229,0.8,1,0.985752976548649,1.00574640503352
C_1_to_0p8,O1 Proposed,E3 LTV/Joseph,230,0.8,1,0.985752976548649,1.00891349557848
C_1_to_0p8,O1 Proposed,E3 LTV/Joseph,231,0.8,1,0.985752976548649,1.00891349557848
C_1_to_0p8,O1 Proposed,E3 LTV/Joseph,232,0.8,1,0.985752976548649,1.01304412493095
C_1_to_0p8,O1 Proposed,E3 LTV/Joseph,233,0.8,1,0.985752976548649,1.01304412493095
C_1_to_0p8,O1 Proposed,E3 LTV/Joseph,234,0.8,1,0.985752976548649,1.0137726588008
C_1_to_0p8,O1 Proposed,E3 LTV/Joseph,235,0.8,1,0.985752976548649,1.0137726588008
C_1_to_0p8,O1 Proposed,E3 LTV/Joseph,236,0.8,1,0.985752976548649,1.01357997699343
C_1_to_0p8,O1 Proposed,E3 LTV/Joseph,237,0.8,1,0.985752976548649,1.01357997699343
C_1_to_0p8,O1 Proposed,E3 LTV/Joseph,238,0.8,1,0.985752976548649,1.01115805377859
C_1_to_0p8,O1 Proposed,E3 LTV/Joseph,239,0.8,1,0.985752976548649,1.01115805377859
C_1_to_0p8,O1 Proposed,E3 LTV/Joseph,240,0.8,1,0.985752976548649,1.01080660368925
C_1_to_0p8,O1 Proposed,E3 LTV/Joseph,241,0.8,1,0.984214141285323,1.01080660368925
C_1_to_0p8,O1 Proposed,E3 LTV/Joseph,242,0.8,1,0.984214141285323,1.00868342218126
C_1_to_0p8,O1 Proposed,E3 LTV/Joseph,243,0.8,1,0.984214141285323,1.00868342218126
C_1_to_0p8,O1 Proposed,E3 LTV/Joseph,244,0.8,1,0.984214141285323,1.00537174509431
C_1_to_0p8,O1 Proposed,E3 LTV/Joseph,245,0.8,1,0.982996205791112,1.00537174509431
C_1_to_0p8,O1 Proposed,E3 LTV/Joseph,246,0.8,1,0.982996205791112,1.0039643786609
C_1_to_0p8,O1 Proposed,E3 LTV/Joseph,247,0.8,1,0.982996205791112,1.0039643786609
C_1_to_0p8,O1 Proposed,E3 LTV/Joseph,248,0.8,1,0.982996205791112,1.00191374808653
C_1_to_0p8,O1 Proposed,E3 LTV/Joseph,249,0.8,1,0.981883474751136,1.00191374808653
C_1_to_0p8,O1 Proposed,E3 LTV/Joseph,250,0.8,1,0.981883474751136,1.00194174066997
C_1_to_0p8,O1 Proposed,E3 LTV/Joseph,251,0.8,1,0.980737653192871,1.00194174066997
C_1_to_0p8,O1 Proposed,E3 LTV/Joseph,252,0.8,1,0.980737653192871,1.0005856725071
C_1_to_0p8,O1 Proposed,E3 LTV/Joseph,253,0.8,1,0.980737653192871,1.0005856725071
C_1_to_0p8,O1 Proposed,E3 LTV/Joseph,254,0.8,1,0.980737653192871,1.00178615079539
C_1_to_0p8,O1 Proposed,E3 LTV/Joseph,255,0.8,1,0.979275586186517,1.00178615079539
C_1_to_0p8,O1 Proposed,E3 LTV/Joseph,256,0.8,1,0.979275586186517,1.00297412487928
C_1_to_0p8,O1 Proposed,E3 LTV/Joseph,257,0.8,1,0.979275586186517,1.00297412487928
C_1_to_0p8,O1 Proposed,E3 LTV/Joseph,258,0.8,1,0.979275586186517,1.00535165705392
C_1_to_0p8,O1 Proposed,E3 LTV/Joseph,259,0.8,1,0.979275586186517,1.00535165705392
C_1_to_0p8,O1 Proposed,E3 LTV/Joseph,260,0.8,1,0.979275586186517,1.00598417511965
C_1_to_0p8,O1 Proposed,E3 LTV/Joseph,261,0.8,1,0.979275586186517,1.00598417511965
C_1_to_0p8,O1 Proposed,E3 LTV/Joseph,262,0.8,1,0.979275586186517,1.00786917369678
C_1_to_0p8,O1 Proposed,E3 LTV/Joseph,263,0.8,1,0.979275586186517,1.00786917369678
C_1_to_0p8,O1 Proposed,E3 LTV/Joseph,264,0.8,1,0.979275586186517,1.01006592975538
C_1_to_0p8,O1 Proposed,E3 LTV/Joseph,265,0.8,1,0.979275586186517,1.01006592975538
C_1_to_0p8,O1 Proposed,E3 LTV/Joseph,266,0.8,1,0.979275586186517,1.00972792676219
C_1_to_0p8,O1 Proposed,E3 LTV/Joseph,267,0.8,1,0.979275586186517,1.00972792676219
C_1_to_0p8,O1 Proposed,E3 LTV/Joseph,268,0.8,1,0.979275586186517,1.01055972384247
C_1_to_0p8,O1 Proposed,E3 LTV/Joseph,269,0.8,1,0.979275586186517,1.01055972384247
C_1_to_0p8,O1 Proposed,E3 LTV/Joseph,270,0.8,1,0.979275586186517,1.01196235862276
C_1_to_0p8,O1 Proposed,E3 LTV/Joseph,271,0.8,1,0.979275586186517,1.01196235862276
C_1_to_0p8,O1 Proposed,E3 LTV/Joseph,272,0.8,1,0.979275586186517,1.01086337858387
C_1_to_0p8,O1 Proposed,E3 LTV/Joseph,273,0.8,1,0.979275586186517,1.01086337858387
C_1_to_0p8,O1 Proposed,E3 LTV/Joseph,274,0.8,1,0.979275586186517,1.01069220378668
C_1_to_0p8,O1 Proposed,E3 LTV/Joseph,275,0.8,1,0.976872514720778,1.01069220378668
C_1_to_0p8,O1 Proposed,E3 LTV/Joseph,276,0.8,1,0.976872514720778,1.0105017609396
C_1_to_0p8,O1 Proposed,E3 LTV/Joseph,277,0.8,1,0.975155744614384,1.0105017609396
C_1_to_0p8,O1 Proposed,E3 LTV/Joseph,278,0.8,1,0.975155744614384,1.00761016375331
C_1_to_0p8,O1 Proposed,E3 LTV/Joseph,279,0.8,1,0.973495705919548,1.00761016375331
C_1_to_0p8,O1 Proposed,E3 LTV/Joseph,280,0.8,1,0.973495705919548,1.00634566275119
C_1_to_0p8,O1 Proposed,E3 LTV/Joseph,281,0.8,1,0.972167211074291,1.00634566275119
C_1_to_0p8,O1 Proposed,E3 LTV/Joseph,282,0.8,1,0.972167211074291,1.00391235177006
C_1_to_0p8,O1 Proposed,E3 LTV/Joseph,283,0.8,1,0.971430438384924,1.00391235177006
C_1_to_0p8,O1 Proposed,E3 LTV/Joseph,284,0.8,1,0.971430438384924,1.00184400464217
C_1_to_0p8,O1 Proposed,E3 LTV/Joseph,285,0.8,1,0.970441022569557,1.00184400464217
C_1_to_0p8,O1 Proposed,E3 LTV/Joseph,286,0.8,1,0.970441022569557,0.999737325792709
C_1_to_0p8,O1 Proposed,E3 LTV/Joseph,287,0.8,1,0.969005376198843,0.999737325792709
C_1_to_0p8,O1 Proposed,E3 LTV/Joseph,288,0.8,1,0.969005376198843,0.999638935930067
C_1_to_0p8,O1 Proposed,E3 LTV/Joseph,289,0.8,1,0.967955372931888,0.999638935930067
C_1_to_0p8,O1 Proposed,E3 LTV/Joseph,290,0.8,1,0.967955372931888,0.996125427950112
C_1_to_0p8,O1 Proposed,E3 LTV/Joseph,291,0.8,1,0.967955372931888,0.996125427950112
C_1_to_0p8,O1 Proposed,E3 LTV/Joseph,292,0.8,1,0.967955372931888,0.993815870168714
C_1_to_0p8,O1 Proposed,E3 LTV/Joseph,293,0.8,1,0.967955372931888,0.993815870168714
C_1_to_0p8,O1 Proposed,E3 LTV/Joseph,294,0.8,1,0.967955372931888,0.994156323239782
C_1_to_0p8,O1 Proposed,E3 LTV/Joseph,295,0.8,1,0.967955372931888,0.994156323239782
C_1_to_0p8,O1 Proposed,E3 LTV/Joseph,296,0.8,1,0.967955372931888,0.996244764066562
C_1_to_0p8,O1 Proposed,E3 LTV/Joseph,297,0.8,1,0.967955372931888,0.996244764066562
C_1_to_0p8,O1 Proposed,E3 LTV/Joseph,298,0.8,1,0.967955372931888,0.999301142452317
C_1_to_0p8,O1 Proposed,E3 LTV/Joseph,299,0.8,1,0.967955372931888,0.999301142452317
C_1_to_0p8,O1 Proposed,E3 LTV/Joseph,300,0.8,1,0.967955372931888,1.00201115004596
C_1_to_0p8,O1 Proposed,E3 LTV/Joseph,301,0.8,1,0.967955372931888,1.00201115004596
C_1_to_0p8,O1 Proposed,E3 LTV/Joseph,302,0.8,1,0.967955372931888,1.00466137581527
C_1_to_0p8,O1 Proposed,E3 LTV/Joseph,303,0.8,1,0.967955372931888,1.00466137581527
C_1_to_0p8,O1 Proposed,E3 LTV/Joseph,304,0.8,1,0.967955372931888,1.006454169031
C_1_to_0p8,O1 Proposed,E3 LTV/Joseph,305,0.8,1,0.967955372931888,1.006454169031
C_1_to_0p8,O1 Proposed,E3 LTV/Joseph,306,0.8,1,0.967955372931888,1.00838704541504
C_1_to_0p8,O1 Proposed,E3 LTV/Joseph,307,0.8,1,0.967955372931888,1.00838704541504
C_1_to_0p8,O1 Proposed,E3 LTV/Joseph,308,0.8,1,0.967955372931888,1.01032107823656
C_1_to_0p8,O1 Proposed,E3 LTV/Joseph,309,0.8,1,0.967955372931888,1.01032107823656
C_1_to_0p8,O1 Proposed,E3 LTV/Joseph,310,0.8,1,0.967955372931888,1.00857123272355
C_1_to_0p8,O1 Proposed,E3 LTV/Joseph,311,0.8,1,0.967955372931888,1.00857123272355
C_1_to_0p8,O1 Proposed,E3 LTV/Joseph,312,0.8,1,0.967955372931888,1.0059374154226
C_1_to_0p8,O1 Proposed,E3 LTV/Joseph,313,0.8,1,0.967955372931888,1.0059374154226
C_1_to_0p8,O1 Proposed,E3 LTV/Joseph,314,0.8,1,0.967955372931888,1.00224379851591
C_1_to_0p8,O1 Proposed,E3 LTV/Joseph,315,0.8,1,0.966577752486608,1.00224379851591
C_1_to_0p8,O1 Proposed,E3 LTV/Joseph,316,0.8,1,0.966577752486608,0.999098560347671
C_1_to_0p8,O1 Proposed,E3 LTV/Joseph,317,0.8,1,0.966577752486608,0.999098560347671
C_1_to_0p8,O1 Proposed,E3 LTV/Joseph,318,0.8,1,0.966577752486608,0.997229823804306
C_1_to_0p8,O1 Proposed,E3 LTV/Joseph,319,0.8,1,0.966577752486608,0.997229823804306
C_1_to_0p8,O1 Proposed,E3 LTV/Joseph,320,0.8,1,0.966577752486608,0.992981361849615
C_1_to_0p8,O1 Proposed,E3 LTV/Joseph,321,0.8,1,0.965985662445778,0.992981361849615
C_1_to_0p8,O1 Proposed,E3 LTV/Joseph,322,0.8,1,0.965985662445778,0.990662317157427
C_1_to_0p8,O1 Proposed,E3 LTV/Joseph,323,0.8,1,0.96498252126892,0.990662317157427
C_1_to_0p8,O1 Proposed,E3 LTV/Joseph,324,0.8,1,0.96498252126892,0.989460472110284
C_1_to_0p8,O1 Proposed,E3 LTV/Joseph,325,0.8,1,0.96498252126892,0.989460472110284
C_1_to_0p8,O1 Proposed,E3 LTV/Joseph,326,0.8,1,0.96498252126892,0.988412443746864
C_1_to_0p8,O1 Proposed,E3 LTV/Joseph,327,0.8,1,0.964082651766314,0.988412443746864
C_1_to_0p8,O1 Proposed,E3 LTV/Joseph,328,0.8,1,0.964082651766314,0.988543042781459
C_1_to_0p8,O1 Proposed,E3 LTV/Joseph,329,0.8,1,0.963044807637895,0.988543042781459
C_1_to_0p8,O1 Proposed,E3 LTV/Joseph,330,0.8,1,0.963044807637895,0.989881464545493
C_1_to_0p8,O1 Proposed,E3 LTV/Joseph,331,0.8,1,0.961118757767468,0.989881464545493
C_1_to_0p8,O1 Proposed,E3 LTV/Joseph,332,0.8,1,0.961118757767468,0.991188552607191
C_1_to_0p8,O1 Proposed,E3 LTV/Joseph,333,0.8,1,0.961118757767468,0.991188552607191
C_1_to_0p8,O1 Proposed,E3 LTV/Joseph,334,0.8,1,0.961118757767468,0.993686234767024
C_1_to_0p8,O1 Proposed,E3 LTV/Joseph,335,0.8,1,0.961118757767468,0.993686234767024
C_1_to_0p8,O1 Proposed,E3 LTV/Joseph,336,0.8,1,0.961118757767468,0.994180868453416
C_1_to_0p8,O1 Proposed,E3 LTV/Joseph,337,0.8,1,0.961118757767468,0.994180868453416
C_1_to_0p8,O1 Proposed,E3 LTV/Joseph,338,0.8,1,0.961118757767468,0.997021928593635
C_1_to_0p8,O1 Proposed,E3 LTV/Joseph,339,0.8,1,0.958508240464309,0.997021928593635
C_1_to_0p8,O1 Proposed,E3 LTV/Joseph,340,0.8,1,0.958508240464309,1.00119730172947
C_1_to_0p8,O1 Proposed,E3 LTV/Joseph,341,0.8,1,0.958508240464309,1.00119730172947
C_1_to_0p8,O1 Proposed,E3 LTV/Joseph,342,0.8,1,0.958508240464309,1.00411070184819
C_1_to_0p8,O1 Proposed,E3 LTV/Joseph,343,0.8,1,0.958508240464309,1.00411070184819
C_1_to_0p8,O1 Proposed,E3 LTV/Joseph,344,0.8,1,0.958508240464309,1.00648204905282
C_1_to_0p8,O1 Proposed,E3 LTV/Joseph,345,0.8,1,0.958508240464309,1.00648204905282
C_1_to_0p8,O1 Proposed,E3 LTV/Joseph,346,0.8,1,0.958508240464309,1.00884338458255
C_1_to_0p8,O1 Proposed,E3 LTV/Joseph,347,0.8,1,0.958508240464309,1.00884338458255
C_1_to_0p8,O1 Proposed,E3 LTV/Joseph,348,0.8,1,0.958508240464309,1.00848669121799
C_1_to_0p8,O1 Proposed,E3 LTV/Joseph,349,0.8,1,0.956496261429855,1.00848669121799
C_1_to_0p8,O1 Proposed,E3 LTV/Joseph,350,0.8,1,0.956496261429855,1.00842631341243
C_1_to_0p8,O1 Proposed,E3 LTV/Joseph,351,0.8,1,0.954698617514013,1.00842631341243
C_1_to_0p8,O1 Proposed,E3 LTV/Joseph,352,0.8,1,0.954698617514013,1.00685538875168
C_1_to_0p8,O1 Proposed,E3 LTV/Joseph,353,0.8,1,0.95387310385074,1.00685538875168
C_1_to_0p8,O1 Proposed,E3 LTV/Joseph,354,0.8,1,0.95387310385074,1.00318374925066
C_1_to_0p8,O1 Proposed,E3 LTV/Joseph,355,0.8,1,0.953019498369814,1.00318374925066
C_1_to_0p8,O1 Proposed,E3 LTV/Joseph,356,0.8,1,0.953019498369814,1.00013598539281
C_1_to_0p8,O1 Proposed,E3 LTV/Joseph,357,0.8,1,0.952426481163518,1.00013598539281
C_1_to_0p8,O1 Proposed,E3 LTV/Joseph,358,0.8,1,0.952426481163518,0.998182488474243
C_1_to_0p8,O1 Proposed,E3 LTV/Joseph,359,0.8,1,0.951272923480751,0.998182488474243
C_1_to_0p8,O1 Proposed,E3 LTV/Joseph,360,0.8,1,0.951272923480751,0.996494641272127
C_1_to_0p8,O1 Proposed,E3 LTV/Joseph,361,0.8,1,0.95057818197441,0.996494641272127
C_1_to_0p8,O1 Proposed,E3 LTV/Joseph,362,0.8,1,0.95057818197441,0.996112113786387
C_1_to_0p8,O1 Proposed,E3 LTV/Joseph,363,0.8,1,0.949942427820946,0.996112113786387
C_1_to_0p8,O1 Proposed,E3 LTV/Joseph,364,0.8,1,0.949942427820946,0.995410224663244
C_1_to_0p8,O1 Proposed,E3 LTV/Joseph,365,0.8,1,0.948704841069768,0.995410224663244
C_1_to_0p8,O1 Proposed,E3 LTV/Joseph,366,0.8,1,0.948704841069768,0.995762533917253
C_1_to_0p8,O1 Proposed,E3 LTV/Joseph,367,0.8,1,0.947368079749518,0.995762533917253
C_1_to_0p8,O1 Proposed,E3 LTV/Joseph,368,0.8,1,0.947368079749518,0.996685299051765
C_1_to_0p8,O1 Proposed,E3 LTV/Joseph,369,0.8,1,0.945782808888838,0.996685299051765
C_1_to_0p8,O1 Proposed,E3 LTV/Joseph,370,0.8,1,0.945782808888838,0.999162169160833
C_1_to_0p8,O1 Proposed,E3 LTV/Joseph,371,0.8,1,0.944894840576097,0.999162169160833
C_1_to_0p8,O1 Proposed,E3 LTV/Joseph,372,0.8,1,0.944894840576097,1.00276544569398
C_1_to_0p8,O1 Proposed,E3 LTV/Joseph,373,0.8,1,0.944894840576097,1.00276544569398
C_1_to_0p8,O1 Proposed,E3 LTV/Joseph,374,0.8,1,0.944894840576097,1.00224903793742
C_1_to_0p8,O1 Proposed,E3 LTV/Joseph,375,0.8,1,0.944894840576097,1.00224903793742
C_1_to_0p8,O1 Proposed,E3 LTV/Joseph,376,0.8,1,0.944894840576097,1.00403416748905
C_1_to_0p8,O1 Proposed,E3 LTV/Joseph,377,0.8,1,0.944894840576097,1.00403416748905
C_1_to_0p8,O1 Proposed,E3 LTV/Joseph,378,0.8,1,0.944894840576097,1.00527230801063
C_1_to_0p8,O1 Proposed,E3 LTV/Joseph,379,0.8,1,0.944894840576097,1.00527230801063
C_1_to_0p8,O1 Proposed,E3 LTV/Joseph,380,0.8,1,0.944894840576097,1.00638264745302
C_1_to_0p8,O1 Proposed,E3 LTV/Joseph,381,0.8,1,0.944894840576097,1.00638264745302
C_1_to_0p8,O1 Proposed,E3 LTV/Joseph,382,0.8,1,0.944894840576097,1.00779257062775
C_1_to_0p8,O1 Proposed,E3 LTV/Joseph,383,0.8,1,0.944894840576097,1.00779257062775
C_1_to_0p8,O1 Proposed,E3 LTV/Joseph,384,0.8,1,0.944894840576097,1.01002395851499
ESR_1_to_2,O0 Mixed,E1 RLS,1,1,1,1.14810027191396,1.25677760988362
ESR_1_to_2,O0 Mixed,E1 RLS,2,1,1,1.35,1.4222277640353
ESR_1_to_2,O0 Mixed,E1 RLS,3,1,1,0.65,0.35
ESR_1_to_2,O0 Mixed,E1 RLS,4,1,1,1.35,2.11080141974181
ESR_1_to_2,O0 Mixed,E1 RLS,5,1,1,1.35,2.5
ESR_1_to_2,O0 Mixed,E1 RLS,6,1,1,1.35,2.5
ESR_1_to_2,O0 Mixed,E1 RLS,7,1,1,1.35,2.5
ESR_1_to_2,O0 Mixed,E1 RLS,8,1,1,1.35,2.5
ESR_1_to_2,O0 Mixed,E1 RLS,9,1,1,1.35,2.5
ESR_1_to_2,O0 Mixed,E1 RLS,10,1,1,1.35,2.5
ESR_1_to_2,O0 Mixed,E1 RLS,11,1,1,1.35,2.5
ESR_1_to_2,O0 Mixed,E1 RLS,12,1,1,1.33665438443872,2.49191735532259
ESR_1_to_2,O0 Mixed,E1 RLS,13,1,1,1.18417842997822,2.38313211536743
ESR_1_to_2,O0 Mixed,E1 RLS,14,1,1,1.02081727003805,2.22492872950981
ESR_1_to_2,O0 Mixed,E1 RLS,15,1,1,0.911324241184918,2.08172105102445
ESR_1_to_2,O0 Mixed,E1 RLS,16,1,1,0.83363283194778,1.95214227229396
ESR_1_to_2,O0 Mixed,E1 RLS,17,1,1,0.784238015593133,1.85233866340169
ESR_1_to_2,O0 Mixed,E1 RLS,18,1,1,0.749194149620223,1.7701989152092
ESR_1_to_2,O0 Mixed,E1 RLS,19,1,1,0.725084511650765,1.70655820154949
ESR_1_to_2,O0 Mixed,E1 RLS,20,1,1,0.705935166628244,1.65086608564401
ESR_1_to_2,O0 Mixed,E1 RLS,21,1,1,0.689579595048505,1.59920500793281
ESR_1_to_2,O0 Mixed,E1 RLS,22,1,1,0.678773824365015,1.56282790432069
ESR_1_to_2,O0 Mixed,E1 RLS,23,1,1,0.670829418285661,1.53497489824874
ESR_1_to_2,O0 Mixed,E1 RLS,24,1,1,0.665859275755711,1.51726359351309
ESR_1_to_2,O0 Mixed,E1 RLS,25,1,1,0.663023414739985,1.50728722858317
ESR_1_to_2,O0 Mixed,E1 RLS,26,1,1,0.66038063683887,1.49839993456642
ESR_1_to_2,O0 Mixed,E1 RLS,27,1,1,0.658972190013404,1.49404963650186
ESR_1_to_2,O0 Mixed,E1 RLS,28,1,1,0.658839851113449,1.49369395417302
ESR_1_to_2,O0 Mixed,E1 RLS,29,1,1,0.659492526395354,1.49511285012118
ESR_1_to_2,O0 Mixed,E1 RLS,30,1,1,0.661001203842224,1.4974874018326
ESR_1_to_2,O0 Mixed,E1 RLS,31,1,1,0.663462009926883,1.49975078860761
ESR_1_to_2,O0 Mixed,E1 RLS,32,1,1,0.667607007798406,1.5007704995217
ESR_1_to_2,O0 Mixed,E1 RLS,33,1,1,0.672593571558082,1.49870783274055
ESR_1_to_2,O0 Mixed,E1 RLS,34,1,1,0.678975732800269,1.49211712755241
ESR_1_to_2,O0 Mixed,E1 RLS,35,1,1,0.685877733002864,1.48112809928836
ESR_1_to_2,O0 Mixed,E1 RLS,36,1,1,0.694283259835834,1.46366857823176
ESR_1_to_2,O0 Mixed,E1 RLS,37,1,1,0.703533717661914,1.44079201637503
ESR_1_to_2,O0 Mixed,E1 RLS,38,1,1,0.713102934911044,1.41428995635558
ESR_1_to_2,O0 Mixed,E1 RLS,39,1,1,0.722570332614325,1.38631669493612
ESR_1_to_2,O0 Mixed,E1 RLS,40,1,1,0.73220760626975,1.35728724097768
ESR_1_to_2,O0 Mixed,E1 RLS,41,1,1,0.741715042950403,1.32945189504213
ESR_1_to_2,O0 Mixed,E1 RLS,42,1,1,0.75031614608929,1.30622056120632
ESR_1_to_2,O0 Mixed,E1 RLS,43,1,1,0.758326021889366,1.28743759195467
ESR_1_to_2,O0 Mixed,E1 RLS,44,1,1,0.764932155427276,1.27494868944869
ESR_1_to_2,O0 Mixed,E1 RLS,45,1,1,0.772200538742066,1.2649417597627
ESR_1_to_2,O0 Mixed,E1 RLS,46,1,1,0.778725290783657,1.25940256890907
ESR_1_to_2,O0 Mixed,E1 RLS,47,1,1,0.786243194508612,1.25680636167386
ESR_1_to_2,O0 Mixed,E1 RLS,48,1,1,0.79226858270908,1.25746688807641
ESR_1_to_2,O0 Mixed,E1 RLS,49,1,1,0.797320827354132,1.2600326253824
ESR_1_to_2,O0 Mixed,E1 RLS,50,1,1,0.800082315028473,1.26238849560104
ESR_1_to_2,O0 Mixed,E1 RLS,51,1,1,0.802399447162848,1.265060388949
ESR_1_to_2,O0 Mixed,E1 RLS,52,1,1,0.803646681747853,1.26682485792478
ESR_1_to_2,O0 Mixed,E1 RLS,53,1,1,0.804268166856725,1.26784766805303
ESR_1_to_2,O0 Mixed,E1 RLS,54,1,1,0.803068176765824,1.26562257239796
ESR_1_to_2,O0 Mixed,E1 RLS,55,1,1,0.801517265874024,1.262451737599
ESR_1_to_2,O0 Mixed,E1 RLS,56,1,1,0.800097180480445,1.25930816297823
ESR_1_to_2,O0 Mixed,E1 RLS,57,1,1,0.797468790121314,1.2530963348826
ESR_1_to_2,O0 Mixed,E1 RLS,58,1,1,0.796398594329377,1.25043539200925
ESR_1_to_2,O0 Mixed,E1 RLS,59,1,1,0.79424549188423,1.24488771405137
ESR_1_to_2,O0 Mixed,E1 RLS,60,1,1,0.792985473302141,1.24157620241357
ESR_1_to_2,O0 Mixed,E1 RLS,61,1,1,0.790366918564898,1.2346830016865
ESR_1_to_2,O0 Mixed,E1 RLS,62,1,1,0.789197662030078,1.23166954852018
ESR_1_to_2,O0 Mixed,E1 RLS,63,1,1,0.788192969786297,1.22920983637679
ESR_1_to_2,O0 Mixed,E1 RLS,64,1,1,0.787628528269334,1.22794393878745
ESR_1_to_2,O0 Mixed,E1 RLS,65,1,1,0.787575688223401,1.22784041819687
ESR_1_to_2,O0 Mixed,E1 RLS,66,1,1,0.788111728834118,1.22869976930071
ESR_1_to_2,O0 Mixed,E1 RLS,67,1,1,0.788740423910591,1.22944672310268
ESR_1_to_2,O0 Mixed,E1 RLS,68,1,1,0.7895904317778,1.23006819188345
ESR_1_to_2,O0 Mixed,E1 RLS,69,1,1,0.790430556038929,1.2302788333895
ESR_1_to_2,O0 Mixed,E1 RLS,70,1,1,0.791708343026318,1.22997893782716
ESR_1_to_2,O0 Mixed,E1 RLS,71,1,1,0.793602704144208,1.22863938890619
ESR_1_to_2,O0 Mixed,E1 RLS,72,1,1,0.796592199247473,1.22520514138152
ESR_1_to_2,O0 Mixed,E1 RLS,73,1,1,0.799151600966651,1.22125002322693
ESR_1_to_2,O0 Mixed,E1 RLS,74,1,1,0.801664879967264,1.21651123023144
ESR_1_to_2,O0 Mixed,E1 RLS,75,1,1,0.805144287045698,1.20902127952271
ESR_1_to_2,O0 Mixed,E1 RLS,76,1,1,0.807896193072083,1.20259774618327
ESR_1_to_2,O0 Mixed,E1 RLS,77,1,1,0.810832136069349,1.19549393891636
ESR_1_to_2,O0 Mixed,E1 RLS,78,1,1,0.814260907017488,1.18727968021996
ESR_1_to_2,O0 Mixed,E1 RLS,79,1,1,0.817372023819397,1.18024456745035
ESR_1_to_2,O0 Mixed,E1 RLS,80,1,1,0.820482357396379,1.17394657524981
ESR_1_to_2,O0 Mixed,E1 RLS,81,1,1,0.823286833765488,1.16916859667152
ESR_1_to_2,O0 Mixed,E1 RLS,82,1,1,0.826545606891989,1.16485931554538
ESR_1_to_2,O0 Mixed,E1 RLS,83,1,1,0.829089683745451,1.16254317840316
ESR_1_to_2,O0 Mixed,E1 RLS,84,1,1,0.831806718204316,1.16120032073349
ESR_1_to_2,O0 Mixed,E1 RLS,85,1,1,0.833752948611072,1.16101810941857
ESR_1_to_2,O0 Mixed,E1 RLS,86,1,1,0.836095094910215,1.16167158710072
ESR_1_to_2,O0 Mixed,E1 RLS,87,1,1,0.837051921231982,1.16226293640197
ESR_1_to_2,O0 Mixed,E1 RLS,88,1,1,0.838569950691752,1.16366357398224
ESR_1_to_2,O0 Mixed,E1 RLS,89,1,1,0.839230038744084,1.16445179391431
ESR_1_to_2,O0 Mixed,E1 RLS,90,1,1,0.839152604033427,1.16434050266825
ESR_1_to_2,O0 Mixed,E1 RLS,91,1,1,0.838931265248617,1.16397433661105
ESR_1_to_2,O0 Mixed,E1 RLS,92,1,1,0.839091351722435,1.16426973739325
ESR_1_to_2,O0 Mixed,E1 RLS,93,1,1,0.837947198123908,1.16196636078383
ESR_1_to_2,O0 Mixed,E1 RLS,94,1,1,0.837323081147428,1.16061999519143
ESR_1_to_2,O0 Mixed,E1 RLS,95,1,1,0.835969040068624,1.15754157240003
ESR_1_to_2,O0 Mixed,E1 RLS,96,1,1,0.835292678434771,1.15594735404692
ESR_1_to_2,O0 Mixed,E1 RLS,97,1,1,0.834777314126655,1.15471096538978
ESR_1_to_2,O0 Mixed,E1 RLS,98,1,1,0.834388917768307,1.15378129828137
ESR_1_to_2,O0 Mixed,E1 RLS,99,1,1,0.833739715017825,1.15226595449219
ESR_1_to_2,O0 Mixed,E1 RLS,100,1,1,0.833179484147181,1.15102563926616
ESR_1_to_2,O0 Mixed,E1 RLS,101,1,1,0.832830767160146,1.15031871750198
ESR_1_to_2,O0 Mixed,E1 RLS,102,1,1,0.832756945021168,1.15018781549193
ESR_1_to_2,O0 Mixed,E1 RLS,103,1,1,0.832980044626107,1.15051276334195
ESR_1_to_2,O0 Mixed,E1 RLS,104,1,1,0.83313539463141,1.15068168197884
ESR_1_to_2,O0 Mixed,E1 RLS,105,1,1,0.833761616322073,1.1511067351313
ESR_1_to_2,O0 Mixed,E1 RLS,106,1,1,0.83400571743036,1.15116693519885
ESR_1_to_2,O0 Mixed,E1 RLS,107,1,1,0.834517426574666,1.15106811815423
ESR_1_to_2,O0 Mixed,E1 RLS,108,1,1,0.835595733423259,1.15039482618348
ESR_1_to_2,O0 Mixed,E1 RLS,109,1,1,0.836767318554066,1.14918634268483
ESR_1_to_2,O0 Mixed,E1 RLS,110,1,1,0.838008159488792,1.14744868886351
ESR_1_to_2,O0 Mixed,E1 RLS,111,1,1,0.839692810684059,1.14455674168549
ESR_1_to_2,O0 Mixed,E1 RLS,112,1,1,0.841326825934216,1.14134299825437
ESR_1_to_2,O0 Mixed,E1 RLS,113,1,1,0.843326527376693,1.13706752839049
ESR_1_to_2,O0 Mixed,E1 RLS,114,1,1,0.845242202407406,1.1328155780186
ESR_1_to_2,O0 Mixed,E1 RLS,115,1,1,0.846979507353308,1.12898389884025
ESR_1_to_2,O0 Mixed,E1 RLS,116,1,1,0.848401383728368,1.12600466830214
ESR_1_to_2,O0 Mixed,E1 RLS,117,1,1,0.850368771702992,1.12227979394328
ESR_1_to_2,O0 Mixed,E1 RLS,118,1,1,0.851835137497318,1.11991237902309
ESR_1_to_2,O0 Mixed,E1 RLS,119,1,1,0.853436090063573,1.1178632543619
ESR_1_to_2,O0 Mixed,E1 RLS,120,1,1,0.854872140493284,1.11655353431815
ESR_1_to_2,O0 Mixed,E1 RLS,121,1,1,0.856197849421886,1.1158471175335
ESR_1_to_2,O0 Mixed,E1 RLS,122,1,1,0.857743130223354,1.11559990140059
ESR_1_to_2,O0 Mixed,E1 RLS,123,1,1,0.858803250752586,1.1158054657305
ESR_1_to_2,O0 Mixed,E1 RLS,124,1,1,0.859969571442357,1.11641398010637
ESR_1_to_2,O0 Mixed,E1 RLS,125,1,1,0.860728577817544,1.11703675803012
ESR_1_to_2,O0 Mixed,E1 RLS,126,1,1,0.86090698790976,1.11723137001951
ESR_1_to_2,O0 Mixed,E1 RLS,127,1,1,0.860710970671767,1.11696982859691
ESR_1_to_2,O0 Mixed,E1 RLS,128,1,2,0.867599072595248,1.12757167154586
ESR_1_to_2,O0 Mixed,E1 RLS,129,1,2,0.875538033924935,1.14106397853487
ESR_1_to_2,O0 Mixed,E1 RLS,130,1,2,0.883453703367935,1.15552967227742
ESR_1_to_2,O0 Mixed,E1 RLS,131,1,2,0.891576537929435,1.1711662166238
ESR_1_to_2,O0 Mixed,E1 RLS,132,1,2,0.899327394695731,1.18660631758507
ESR_1_to_2,O0 Mixed,E1 RLS,133,1,2,0.906960272680906,1.20208047613284
ESR_1_to_2,O0 Mixed,E1 RLS,134,1,2,0.913952950761381,1.21626316351714
ESR_1_to_2,O0 Mixed,E1 RLS,135,1,2,0.920389415741193,1.2290835266491
ESR_1_to_2,O0 Mixed,E1 RLS,136,1,2,0.925753815373472,1.23935555434174
ESR_1_to_2,O0 Mixed,E1 RLS,137,1,2,0.930220674872044,1.24737015105429
ESR_1_to_2,O0 Mixed,E1 RLS,138,1,2,0.933522275823078,1.25274452460017
ESR_1_to_2,O0 Mixed,E1 RLS,139,1,2,0.936068307035765,1.25634798365476
ESR_1_to_2,O0 Mixed,E1 RLS,140,1,2,0.938142619634663,1.25875186980022
ESR_1_to_2,O0 Mixed,E1 RLS,141,1,2,0.93916015560532,1.25963231431089
ESR_1_to_2,O0 Mixed,E1 RLS,142,1,2,0.93955189560244,1.2598451186239
ESR_1_to_2,O0 Mixed,E1 RLS,143,1,2,0.938640056156163,1.25966022495489
ESR_1_to_2,O0 Mixed,E1 RLS,144,1,2,0.937274597971705,1.25985932080368
ESR_1_to_2,O0 Mixed,E1 RLS,145,1,2,0.935325771274851,1.26081748004921
ESR_1_to_2,O0 Mixed,E1 RLS,146,1,2,0.932065657943069,1.26350525627152
ESR_1_to_2,O0 Mixed,E1 RLS,147,1,2,0.9282737293846,1.26780503658788
ESR_1_to_2,O0 Mixed,E1 RLS,148,1,2,0.9235509402989,1.27445946363985
ESR_1_to_2,O0 Mixed,E1 RLS,149,1,2,0.918584853191119,1.28259290715747
ESR_1_to_2,O0 Mixed,E1 RLS,150,1,2,0.91353988458769,1.29170874278545
ESR_1_to_2,O0 Mixed,E1 RLS,151,1,2,0.908051736818113,1.30216651979822
ESR_1_to_2,O0 Mixed,E1 RLS,152,1,2,0.902463677960785,1.31292400825101
ESR_1_to_2,O0 Mixed,E1 RLS,153,1,2,0.897180851174782,1.32274967511702
ESR_1_to_2,O0 Mixed,E1 RLS,154,1,2,0.892198088086896,1.33127729437843
ESR_1_to_2,O0 Mixed,E1 RLS,155,1,2,0.887397035763798,1.33842607161196
ESR_1_to_2,O0 Mixed,E1 RLS,156,1,2,0.883748331414648,1.34282801640319
ESR_1_to_2,O0 Mixed,E1 RLS,157,1,2,0.879847664531454,1.34627366986851
ESR_1_to_2,O0 Mixed,E1 RLS,158,1,2,0.877160438938629,1.34772157922204
ESR_1_to_2,O0 Mixed,E1 RLS,159,1,2,0.87550394379613,1.34803549039027
ESR_1_to_2,O0 Mixed,E1 RLS,160,1,2,0.874705207176315,1.34791571343633
ESR_1_to_2,O0 Mixed,E1 RLS,161,1,2,0.875136198252531,1.34811804189451
ESR_1_to_2,O0 Mixed,E1 RLS,162,1,2,0.876920298076764,1.34947775592779
ESR_1_to_2,O0 Mixed,E1 RLS,163,1,2,0.879096501302281,1.35170848117688
ESR_1_to_2,O0 Mixed,E1 RLS,164,1,2,0.882401988643108,1.35586451132379
ESR_1_to_2,O0 Mixed,E1 RLS,165,1,2,0.886062198961597,1.36120410171938
ESR_1_to_2,O0 Mixed,E1 RLS,166,1,2,0.890044528846796,1.36769976610908
ESR_1_to_2,O0 Mixed,E1 RLS,167,1,2,0.895503036723096,1.3773727180565
ESR_1_to_2,O0 Mixed,E1 RLS,168,1,2,0.90054128798053,1.38685541926823
ESR_1_to_2,O0 Mixed,E1 RLS,169,1,2,0.905848715747807,1.39726975166743
ESR_1_to_2,O0 Mixed,E1 RLS,170,1,2,0.91087470350472,1.40736954075578
ESR_1_to_2,O0 Mixed,E1 RLS,171,1,2,0.915176420299892,1.41607062393384
ESR_1_to_2,O0 Mixed,E1 RLS,172,1,2,0.9187565820842,1.42322549504262
ESR_1_to_2,O0 Mixed,E1 RLS,173,1,2,0.922276825228877,1.43002253593102
ESR_1_to_2,O0 Mixed,E1 RLS,174,1,2,0.924901429670163,1.43478957043609
ESR_1_to_2,O0 Mixed,E1 RLS,175,1,2,0.927300415136599,1.43875472990743
ESR_1_to_2,O0 Mixed,E1 RLS,176,1,2,0.929248150202685,1.44155948676972
ESR_1_to_2,O0 Mixed,E1 RLS,177,1,2,0.930165195790717,1.4426437883616
ESR_1_to_2,O0 Mixed,E1 RLS,178,1,2,0.930899331436939,1.44329401375319
ESR_1_to_2,O0 Mixed,E1 RLS,179,1,2,0.9309233794366,1.44330744368827
ESR_1_to_2,O0 Mixed,E1 RLS,180,1,2,0.930463704175165,1.4432102457412
ESR_1_to_2,O0 Mixed,E1 RLS,181,1,2,0.929980077335818,1.44327991149706
ESR_1_to_2,O0 Mixed,E1 RLS,182,1,2,0.92887602933053,1.44382745234534
ESR_1_to_2,O0 Mixed,E1 RLS,183,1,2,0.926931015707792,1.4454477433979
ESR_1_to_2,O0 Mixed,E1 RLS,184,1,2,0.924773560194009,1.44791568109818
ESR_1_to_2,O0 Mixed,E1 RLS,185,1,2,0.922169632114075,1.45160402823936
ESR_1_to_2,O0 Mixed,E1 RLS,186,1,2,0.918797476409611,1.45713392800381
ESR_1_to_2,O0 Mixed,E1 RLS,187,1,2,0.915265690995852,1.46350036122033
ESR_1_to_2,O0 Mixed,E1 RLS,188,1,2,0.911435060389868,1.47075499449846
ESR_1_to_2,O0 Mixed,E1 RLS,189,1,2,0.907821465727785,1.47764117923408
ESR_1_to_2,O0 Mixed,E1 RLS,190,1,2,0.90411495041857,1.4844426071511
ESR_1_to_2,O0 Mixed,E1 RLS,191,1,2,0.900407077061193,1.49069315805458
ESR_1_to_2,O0 Mixed,E1 RLS,192,1,2,0.897515242312626,1.49493197288017
ESR_1_to_2,O0 Mixed,E1 RLS,193,1,2,0.894730549238318,1.49824565683678
ESR_1_to_2,O0 Mixed,E1 RLS,194,1,2,0.892342621013155,1.50033905353559
ESR_1_to_2,O0 Mixed,E1 RLS,195,1,2,0.890207180452248,1.5014995302695
ESR_1_to_2,O0 Mixed,E1 RLS,196,1,2,0.889343123168444,1.50167732220412
ESR_1_to_2,O0 Mixed,E1 RLS,197,1,2,0.88899837274405,1.50163487935896
ESR_1_to_2,O0 Mixed,E1 RLS,198,1,2,0.889038275084175,1.50165219536588
ESR_1_to_2,O0 Mixed,E1 RLS,199,1,2,0.890210425570496,1.50249727785049
ESR_1_to_2,O0 Mixed,E1 RLS,200,1,2,0.891816918592391,1.50407287457226
ESR_1_to_2,O0 Mixed,E1 RLS,201,1,2,0.893614925090339,1.50625390562161
ESR_1_to_2,O0 Mixed,E1 RLS,202,1,2,0.89654078030271,1.51039867469874
ESR_1_to_2,O0 Mixed,E1 RLS,203,1,2,0.899613903270044,1.51528861884357
ESR_1_to_2,O0 Mixed,E1 RLS,204,1,2,0.903451442363309,1.52195407613602
ESR_1_to_2,O0 Mixed,E1 RLS,205,1,2,0.907053568824408,1.52863037425257
ESR_1_to_2,O0 Mixed,E1 RLS,206,1,2,0.910463757690579,1.53524942505659
ESR_1_to_2,O0 Mixed,E1 RLS,207,1,2,0.913250667860442,1.540816733608
ESR_1_to_2,O0 Mixed,E1 RLS,208,1,2,0.915920732730993,1.54620930361115
ESR_1_to_2,O0 Mixed,E1 RLS,209,1,2,0.918641173149832,1.55165256350311
ESR_1_to_2,O0 Mixed,E1 RLS,210,1,2,0.920788455798746,1.55581338865012
ESR_1_to_2,O0 Mixed,E1 RLS,211,1,2,0.922579366383152,1.55908544867122
ESR_1_to_2,O0 Mixed,E1 RLS,212,1,2,0.924452913902896,1.56220527675754
ESR_1_to_2,O0 Mixed,E1 RLS,213,1,2,0.925710536708056,1.56403270528761
ESR_1_to_2,O0 Mixed,E1 RLS,214,1,2,0.926616444232206,1.56511502820451
ESR_1_to_2,O0 Mixed,E1 RLS,215,1,2,0.926978675330672,1.56543970854224
ESR_1_to_2,O0 Mixed,E1 RLS,216,1,2,0.927295242086626,1.56561906013561
ESR_1_to_2,O0 Mixed,E1 RLS,217,1,2,0.927143290720221,1.56558618515828
ESR_1_to_2,O0 Mixed,E1 RLS,218,1,2,0.926347090487158,1.56569952063669
ESR_1_to_2,O0 Mixed,E1 RLS,219,1,2,0.925378807901607,1.56618149157788
ESR_1_to_2,O0 Mixed,E1 RLS,220,1,2,0.924184730787925,1.56718157771343
ESR_1_to_2,O0 Mixed,E1 RLS,221,1,2,0.922591617151686,1.56901304446871
ESR_1_to_2,O0 Mixed,E1 RLS,222,1,2,0.920871702126967,1.57145843023195
ESR_1_to_2,O0 Mixed,E1 RLS,223,1,2,0.918989453165048,1.57454878015057
ESR_1_to_2,O0 Mixed,E1 RLS,224,1,2,0.916602625895946,1.57884336780088
ESR_1_to_2,O0 Mixed,E1 RLS,225,1,2,0.913986954172043,1.58377426154269
ESR_1_to_2,O0 Mixed,E1 RLS,226,1,2,0.911384551540177,1.58869861742611
ESR_1_to_2,O0 Mixed,E1 RLS,227,1,2,0.90897165443016,1.59308574525725
ESR_1_to_2,O0 Mixed,E1 RLS,228,1,2,0.906383462642209,1.59740184405175
ESR_1_to_2,O0 Mixed,E1 RLS,229,1,2,0.903846862288292,1.60108120461776
ESR_1_to_2,O0 Mixed,E1 RLS,230,1,2,0.90207438503129,1.60317226843196
ESR_1_to_2,O0 Mixed,E1 RLS,231,1,2,0.900320475655717,1.60470273703037
ESR_1_to_2,O0 Mixed,E1 RLS,232,1,2,0.899147284650966,1.60534384473565
ESR_1_to_2,O0 Mixed,E1 RLS,233,1,2,0.89823639061521,1.6055408562386
ESR_1_to_2,O0 Mixed,E1 RLS,234,1,2,0.897848176763973,1.60549974735471
ESR_1_to_2,O0 Mixed,E1 RLS,235,1,2,0.898407293462116,1.60572970182214
ESR_1_to_2,O0 Mixed,E1 RLS,236,1,2,0.89857896496368,1.60584894712079
ESR_1_to_2,O0 Mixed,E1 RLS,237,1,2,0.899731376337283,1.60694739637355
ESR_1_to_2,O0 Mixed,E1 RLS,238,1,2,0.901568052832871,1.60912271171867
ESR_1_to_2,O0 Mixed,E1 RLS,239,1,2,0.903052156664326,1.61118431546801
ESR_1_to_2,O0 Mixed,E1 RLS,240,1,2,0.905598149077414,1.6151731866482
ESR_1_to_2,O0 Mixed,E1 RLS,241,1,2,0.907687911255958,1.61876079236382
ESR_1_to_2,O0 Mixed,E1 RLS,242,1,2,0.910137228917614,1.62326605967076
ESR_1_to_2,O0 Mixed,E1 RLS,243,1,2,0.912845282658845,1.62849593215441
ESR_1_to_2,O0 Mixed,E1 RLS,244,1,2,0.915076156544857,1.63293748983803
ESR_1_to_2,O0 Mixed,E1 RLS,245,1,2,0.916955233067722,1.63672575828179
ESR_1_to_2,O0 Mixed,E1 RLS,246,1,2,0.918885635106206,1.64058797113455
ESR_1_to_2,O0 Mixed,E1 RLS,247,1,2,0.920518858291766,1.64375680328575
ESR_1_to_2,O0 Mixed,E1 RLS,248,1,2,0.922046311664397,1.646553421806
ESR_1_to_2,O0 Mixed,E1 RLS,249,1,2,0.922863857280428,1.6479197056945
ESR_1_to_2,O0 Mixed,E1 RLS,250,1,2,0.923572143146844,1.6489546192241
ESR_1_to_2,O0 Mixed,E1 RLS,251,1,2,0.92442911825979,1.64998527033741
ESR_1_to_2,O0 Mixed,E1 RLS,252,1,2,0.924843576338637,1.65035952194266
ESR_1_to_2,O0 Mixed,E1 RLS,253,1,2,0.92489521745806,1.65038905209681
ESR_1_to_2,O0 Mixed,E1 RLS,254,1,2,0.924710724554925,1.65034849419205
ESR_1_to_2,O0 Mixed,E1 RLS,255,1,2,0.92436247850289,1.6503976141397
ESR_1_to_2,O0 Mixed,E1 RLS,256,1,2,0.923829599212873,1.6506631154732
ESR_1_to_2,O0 Mixed,E1 RLS,257,1,2,0.92300894118372,1.6513518126451
ESR_1_to_2,O0 Mixed,E1 RLS,258,1,2,0.921963822290674,1.65255534288771
ESR_1_to_2,O0 Mixed,E1 RLS,259,1,2,0.920397441229661,1.65478509795048
ESR_1_to_2,O0 Mixed,E1 RLS,260,1,2,0.918998042004744,1.6570838486942
ESR_1_to_2,O0 Mixed,E1 RLS,261,1,2,0.917445732594918,1.65987395703969
ESR_1_to_2,O0 Mixed,E1 RLS,262,1,2,0.915445435036696,1.66363437199677
ESR_1_to_2,O0 Mixed,E1 RLS,263,1,2,0.913599678102227,1.66711211372799
ESR_1_to_2,O0 Mixed,E1 RLS,264,1,2,0.911768011261432,1.67042437459907
ESR_1_to_2,O0 Mixed,E1 RLS,265,1,2,0.909994005645151,1.67336435488944
ESR_1_to_2,O0 Mixed,E1 RLS,266,1,2,0.907956333302237,1.67630154684993
ESR_1_to_2,O0 Mixed,E1 RLS,267,1,2,0.90650049971645,1.67801087318944
ESR_1_to_2,O0 Mixed,E1 RLS,268,1,2,0.905017952405797,1.67930286291382
ESR_1_to_2,O0 Mixed,E1 RLS,269,1,2,0.904362268115411,1.67966339419937
ESR_1_to_2,O0 Mixed,E1 RLS,270,1,2,0.903492687330028,1.67985832167897
ESR_1_to_2,O0 Mixed,E1 RLS,271,1,2,0.903064122816234,1.67981799612085
ESR_1_to_2,O0 Mixed,E1 RLS,272,1,2,0.903417188003427,1.67995803999403
ESR_1_to_2,O0 Mixed,E1 RLS,273,1,2,0.903856219494621,1.68025568145369
ESR_1_to_2,O0 Mixed,E1 RLS,274,1,2,0.904774177365913,1.6811141262325
ESR_1_to_2,O0 Mixed,E1 RLS,275,1,2,0.906352740226848,1.68295506616835
ESR_1_to_2,O0 Mixed,E1 RLS,276,1,2,0.907808750796448,1.68495128783276
ESR_1_to_2,O0 Mixed,E1 RLS,277,1,2,0.909593391881974,1.6877171354533
ESR_1_to_2,O0 Mixed,E1 RLS,278,1,2,0.911701538454506,1.69130358041467
ESR_1_to_2,O0 Mixed,E1 RLS,279,1,2,0.913382079049063,1.69437128361152
ESR_1_to_2,O0 Mixed,E1 RLS,280,1,2,0.915222086901369,1.69790548964999
ESR_1_to_2,O0 Mixed,E1 RLS,281,1,2,0.916743241628574,1.70092343785223
ESR_1_to_2,O0 Mixed,E1 RLS,282,1,2,0.918243490943549,1.70394121359426
ESR_1_to_2,O0 Mixed,E1 RLS,283,1,2,0.919559159542166,1.70657045507084
ESR_1_to_2,O0 Mixed,E1 RLS,284,1,2,0.920799825666919,1.70897739196672
ESR_1_to_2,O0 Mixed,E1 RLS,285,1,2,0.921844578199822,1.71089182027542
ESR_1_to_2,O0 Mixed,E1 RLS,286,1,2,0.92272362974421,1.71236284769671
ESR_1_to_2,O0 Mixed,E1 RLS,287,1,2,0.923358600311736,1.71329202308602
ESR_1_to_2,O0 Mixed,E1 RLS,288,1,2,0.923922293453558,1.71397145201155
ESR_1_to_2,O0 Mixed,E1 RLS,289,1,2,0.924202797974617,1.71422557027445
ESR_1_to_2,O0 Mixed,E1 RLS,290,1,2,0.923945357453967,1.71407762649616
ESR_1_to_2,O0 Mixed,E1 RLS,291,1,2,0.92387923663475,1.71406294753091
ESR_1_to_2,O0 Mixed,E1 RLS,292,1,2,0.923673885739766,1.71409165855589
ESR_1_to_2,O0 Mixed,E1 RLS,293,1,2,0.923053382236354,1.71440065174174
ESR_1_to_2,O0 Mixed,E1 RLS,294,1,2,0.922198759341178,1.71511857073376
ESR_1_to_2,O0 Mixed,E1 RLS,295,1,2,0.92133043406581,1.71611988934539
ESR_1_to_2,O0 Mixed,E1 RLS,296,1,2,0.920093627305765,1.71788228504905
ESR_1_to_2,O0 Mixed,E1 RLS,297,1,2,0.918945678491028,1.71976871594893
ESR_1_to_2,O0 Mixed,E1 RLS,298,1,2,0.917502848876738,1.72236179151566
ESR_1_to_2,O0 Mixed,E1 RLS,299,1,2,0.915974945639274,1.72523176280181
ESR_1_to_2,O0 Mixed,E1 RLS,300,1,2,0.914725038061119,1.72758213535372
ESR_1_to_2,O0 Mixed,E1 RLS,301,1,2,0.913256581056927,1.73023011505756
ESR_1_to_2,O0 Mixed,E1 RLS,302,1,2,0.911908797776078,1.73245676459052
ESR_1_to_2,O0 Mixed,E1 RLS,303,1,2,0.910617830573966,1.73431137543709
ESR_1_to_2,O0 Mixed,E1 RLS,304,1,2,0.909470935887577,1.73565428437058
ESR_1_to_2,O0 Mixed,E1 RLS,305,1,2,0.908420164459742,1.73656953611848
ESR_1_to_2,O0 Mixed,E1 RLS,306,1,2,0.907405773642207,1.73713041640493
ESR_1_to_2,O0 Mixed,E1 RLS,307,1,2,0.90695209051396,1.7372349001967
ESR_1_to_2,O0 Mixed,E1 RLS,308,1,2,0.906921180075919,1.73723225947894
ESR_1_to_2,O0 Mixed,E1 RLS,309,1,2,0.907062995729741,1.73728698475781
ESR_1_to_2,O0 Mixed,E1 RLS,310,1,2,0.907486539598536,1.73756903285684
ESR_1_to_2,O0 Mixed,E1 RLS,311,1,2,0.908353541425573,1.73836872073524
ESR_1_to_2,O0 Mixed,E1 RLS,312,1,2,0.909463412338062,1.73964907354936
ESR_1_to_2,O0 Mixed,E1 RLS,313,1,2,0.910561475354196,1.74114192063493
ESR_1_to_2,O0 Mixed,E1 RLS,314,1,2,0.911600829928051,1.74274284036249
ESR_1_to_2,O0 Mixed,E1 RLS,315,1,2,0.912800365607471,1.7447761657375
ESR_1_to_2,O0 Mixed,E1 RLS,316,1,2,0.914047317873162,1.74704859321877
ESR_1_to_2,O0 Mixed,E1 RLS,317,1,2,0.915754102431612,1.75032442749263
ESR_1_to_2,O0 Mixed,E1 RLS,318,1,2,0.916571480739373,1.75194659173469
ESR_1_to_2,O0 Mixed,E1 RLS,319,1,2,0.917690955564174,1.75420190866904
ESR_1_to_2,O0 Mixed,E1 RLS,320,1,2,0.918691098620991,1.75620518820502
ESR_1_to_2,O0 Mixed,E1 RLS,321,1,2,0.919697758259927,1.75816373462447
ESR_1_to_2,O0 Mixed,E1 RLS,322,1,2,0.920434210898989,1.75951786319488
ESR_1_to_2,O0 Mixed,E1 RLS,323,1,2,0.920899608280714,1.76029998286302
ESR_1_to_2,O0 Mixed,E1 RLS,324,1,2,0.921450532913812,1.76111012807351
ESR_1_to_2,O0 Mixed,E1 RLS,325,1,2,0.921868854879182,1.76161706079203
ESR_1_to_2,O0 Mixed,E1 RLS,326,1,2,0.921957200431296,1.76169759343131
ESR_1_to_2,O0 Mixed,E1 RLS,327,1,2,0.92190329313383,1.76166639324807
ESR_1_to_2,O0 Mixed,E1 RLS,328,1,2,0.921803712545016,1.76164405346532
ESR_1_to_2,O0 Mixed,E1 RLS,329,1,2,0.921540781514847,1.76168068551493
ESR_1_to_2,O0 Mixed,E1 RLS,330,1,2,0.921083755666991,1.76190891283493
ESR_1_to_2,O0 Mixed,E1 RLS,331,1,2,0.920462013131737,1.76243301771807
ESR_1_to_2,O0 Mixed,E1 RLS,332,1,2,0.920005703447506,1.76296089208202
ESR_1_to_2,O0 Mixed,E1 RLS,333,1,2,0.919273700291109,1.76400639828036
ESR_1_to_2,O0 Mixed,E1 RLS,334,1,2,0.918165822190975,1.76583015228217
ESR_1_to_2,O0 Mixed,E1 RLS,335,1,2,0.917212692948075,1.76754500554194
ESR_1_to_2,O0 Mixed,E1 RLS,336,1,2,0.916312207658398,1.76923612113259
ESR_1_to_2,O0 Mixed,E1 RLS,337,1,2,0.915257987198399,1.77121635841462
ESR_1_to_2,O0 Mixed,E1 RLS,338,1,2,0.914063597238331,1.77336704531167
ESR_1_to_2,O0 Mixed,E1 RLS,339,1,2,0.913257638052061,1.77469603665787
ESR_1_to_2,O0 Mixed,E1 RLS,340,1,2,0.912285815937821,1.77608933549046
ESR_1_to_2,O0 Mixed,E1 RLS,341,1,2,0.91107735293469,1.77750301182661
ESR_1_to_2,O0 Mixed,E1 RLS,342,1,2,0.910236814088088,1.77823605893162
ESR_1_to_2,O0 Mixed,E1 RLS,343,1,2,0.909552744251644,1.77861632417828
ESR_1_to_2,O0 Mixed,E1 RLS,344,1,2,0.909198343427711,1.7786996683959
ESR_1_to_2,O0 Mixed,E1 RLS,345,1,2,0.908738795608278,1.77866339699066
ESR_1_to_2,O0 Mixed,E1 RLS,346,1,2,0.908720201473731,1.77865635720455
ESR_1_to_2,O0 Mixed,E1 RLS,347,1,2,0.908980933289572,1.77882804384586
ESR_1_to_2,O0 Mixed,E1 RLS,348,1,2,0.909489674384519,1.77929378755889
ESR_1_to_2,O0 Mixed,E1 RLS,349,1,2,0.910352268925767,1.78028394320287
ESR_1_to_2,O0 Mixed,E1 RLS,350,1,2,0.911621433240916,1.782003060852
ESR_1_to_2,O0 Mixed,E1 RLS,351,1,2,0.912419036222234,1.78322819553987
ESR_1_to_2,O0 Mixed,E1 RLS,352,1,2,0.91374177593793,1.78546568356431
ESR_1_to_2,O0 Mixed,E1 RLS,353,1,2,0.91467026471539,1.78715520571625
ESR_1_to_2,O0 Mixed,E1 RLS,354,1,2,0.915685076769259,1.78910260112279
ESR_1_to_2,O0 Mixed,E1 RLS,355,1,2,0.916457491850413,1.79063668316331
ESR_1_to_2,O0 Mixed,E1 RLS,356,1,2,0.917626621268019,1.7929938887534
ESR_1_to_2,O0 Mixed,E1 RLS,357,1,2,0.918316668613202,1.79437752067585
ESR_1_to_2,O0 Mixed,E1 RLS,358,1,2,0.918973523998249,1.79565774154232
ESR_1_to_2,O0 Mixed,E1 RLS,359,1,2,0.91941414716083,1.7964699088325
ESR_1_to_2,O0 Mixed,E1 RLS,360,1,2,0.920098896231284,1.79762360282736
ESR_1_to_2,O0 Mixed,E1 RLS,361,1,2,0.92045027425254,1.79814166859068
ESR_1_to_2,O0 Mixed,E1 RLS,362,1,2,0.920627241310125,1.79835682869439
ESR_1_to_2,O0 Mixed,E1 RLS,363,1,2,0.920955893780627,1.79865751053927
ESR_1_to_2,O0 Mixed,E1 RLS,364,1,2,0.921131006182563,1.79875925379909
ESR_1_to_2,O0 Mixed,E1 RLS,365,1,2,0.921231324141411,1.79878189832288
ESR_1_to_2,O0 Mixed,E1 RLS,366,1,2,0.920886224500191,1.79882973379587
ESR_1_to_2,O0 Mixed,E1 RLS,367,1,2,0.920367313931026,1.79908891589389
ESR_1_to_2,O0 Mixed,E1 RLS,368,1,2,0.919834767688402,1.79953829162716
ESR_1_to_2,O0 Mixed,E1 RLS,369,1,2,0.919239835409335,1.80022749400197
ESR_1_to_2,O0 Mixed,E1 RLS,370,1,2,0.918525223420831,1.80124984349613
ESR_1_to_2,O0 Mixed,E1 RLS,371,1,2,0.917720767204583,1.802575835797
ESR_1_to_2,O0 Mixed,E1 RLS,372,1,2,0.916831408925111,1.80417730481308
ESR_1_to_2,O0 Mixed,E1 RLS,373,1,2,0.915879976654648,1.80596548240925
ESR_1_to_2,O0 Mixed,E1 RLS,374,1,2,0.914949558151513,1.80771439411404
ESR_1_to_2,O0 Mixed,E1 RLS,375,1,2,0.913999559425576,1.80942575688785
ESR_1_to_2,O0 Mixed,E1 RLS,376,1,2,0.913184710201639,1.81077010480764
ESR_1_to_2,O0 Mixed,E1 RLS,377,1,2,0.912120382650182,1.8122979731667
ESR_1_to_2,O0 Mixed,E1 RLS,378,1,2,0.911604942441221,1.81290196964694
ESR_1_to_2,O0 Mixed,E1 RLS,379,1,2,0.911121077024284,1.81332497215544
ESR_1_to_2,O0 Mixed,E1 RLS,380,1,2,0.910731442931353,1.81354273187231
ESR_1_to_2,O0 Mixed,E1 RLS,381,1,2,0.909971968228111,1.81372455900092
ESR_1_to_2,O0 Mixed,E1 RLS,382,1,2,0.910024345748728,1.8137284288035
ESR_1_to_2,O0 Mixed,E1 RLS,383,1,2,0.910344889614527,1.81384791693328
ESR_1_to_2,O0 Mixed,E1 RLS,384,1,2,0.910474017018488,1.81393212520789
ESR_1_to_2,O0 Mixed,E2 Dual EKF,1,1,1,1.10964434830589,1.21477813970079
ESR_1_to_2,O0 Mixed,E2 Dual EKF,2,1,1,1.10964434830589,1.21477813970079
ESR_1_to_2,O0 Mixed,E2 Dual EKF,3,1,1,1.11042985263032,1.18772317645867
ESR_1_to_2,O0 Mixed,E2 Dual EKF,4,1,1,1.1102372027592,1.19353307091627
ESR_1_to_2,O0 Mixed,E2 Dual EKF,5,1,1,1.11125976464269,1.18862994873724
ESR_1_to_2,O0 Mixed,E2 Dual EKF,6,1,1,1.11089923273656,1.18896141594628
ESR_1_to_2,O0 Mixed,E2 Dual EKF,7,1,1,1.10042935263688,1.18807684672647
ESR_1_to_2,O0 Mixed,E2 Dual EKF,8,1,1,1.07785142733012,1.17732835096997
ESR_1_to_2,O0 Mixed,E2 Dual EKF,9,1,1,1.03054279128096,1.1439489953408
ESR_1_to_2,O0 Mixed,E2 Dual EKF,10,1,1,1.01884772446806,1.13380460114146
ESR_1_to_2,O0 Mixed,E2 Dual EKF,11,1,1,0.979285908923031,1.09418200061783
ESR_1_to_2,O0 Mixed,E2 Dual EKF,12,1,1,0.961700204028026,1.07416687852833
ESR_1_to_2,O0 Mixed,E2 Dual EKF,13,1,1,0.964816416813654,1.07799387168977
ESR_1_to_2,O0 Mixed,E2 Dual EKF,14,1,1,0.955147892771784,1.065318425065
ESR_1_to_2,O0 Mixed,E2 Dual EKF,15,1,1,0.949452345240094,1.05726976671375
ESR_1_to_2,O0 Mixed,E2 Dual EKF,16,1,1,0.940857141075621,1.04416269279641
ESR_1_to_2,O0 Mixed,E2 Dual EKF,17,1,1,0.938845210233882,1.04085573920048
ESR_1_to_2,O0 Mixed,E2 Dual EKF,18,1,1,0.937034428499646,1.03766239171445
ESR_1_to_2,O0 Mixed,E2 Dual EKF,19,1,1,0.937257581322748,1.03808431723906
ESR_1_to_2,O0 Mixed,E2 Dual EKF,20,1,1,0.935026659839908,1.03356028468643
ESR_1_to_2,O0 Mixed,E2 Dual EKF,21,1,1,0.929669784095284,1.02187334320072
ESR_1_to_2,O0 Mixed,E2 Dual EKF,22,1,1,0.927640320426412,1.01714398920348
ESR_1_to_2,O0 Mixed,E2 Dual EKF,23,1,1,0.926150458133163,1.01349697943997
ESR_1_to_2,O0 Mixed,E2 Dual EKF,24,1,1,0.926391144834793,1.01410218956413
ESR_1_to_2,O0 Mixed,E2 Dual EKF,25,1,1,0.927683386526332,1.01733467835124
ESR_1_to_2,O0 Mixed,E2 Dual EKF,26,1,1,0.927237192114251,1.01626720518961
ESR_1_to_2,O0 Mixed,E2 Dual EKF,27,1,1,0.927060638786183,1.01588367853331
ESR_1_to_2,O0 Mixed,E2 Dual EKF,28,1,1,0.92738525768585,1.01647937596585
ESR_1_to_2,O0 Mixed,E2 Dual EKF,29,1,1,0.927356957639322,1.01643973476898
ESR_1_to_2,O0 Mixed,E2 Dual EKF,30,1,1,0.926988476856608,1.0161074599069
ESR_1_to_2,O0 Mixed,E2 Dual EKF,31,1,1,0.926264685193396,1.01583879429192
ESR_1_to_2,O0 Mixed,E2 Dual EKF,32,1,1,0.926463614279551,1.0158062609782
ESR_1_to_2,O0 Mixed,E2 Dual EKF,33,1,1,0.925664708341095,1.01635245906044
ESR_1_to_2,O0 Mixed,E2 Dual EKF,34,1,1,0.92502153236743,1.01711251344956
ESR_1_to_2,O0 Mixed,E2 Dual EKF,35,1,1,0.922910205777046,1.02061274545245
ESR_1_to_2,O0 Mixed,E2 Dual EKF,36,1,1,0.921982152375404,1.02257308532169
ESR_1_to_2,O0 Mixed,E2 Dual EKF,37,1,1,0.921507679890591,1.02377799792018
ESR_1_to_2,O0 Mixed,E2 Dual EKF,38,1,1,0.921173132217466,1.02475955257838
ESR_1_to_2,O0 Mixed,E2 Dual EKF,39,1,1,0.92084772090188,1.02582695741115
ESR_1_to_2,O0 Mixed,E2 Dual EKF,40,1,1,0.921391662613615,1.02389858810208
ESR_1_to_2,O0 Mixed,E2 Dual EKF,41,1,1,0.922401362255464,1.02017890615842
ESR_1_to_2,O0 Mixed,E2 Dual EKF,42,1,1,0.922749472553744,1.01890616188335
ESR_1_to_2,O0 Mixed,E2 Dual EKF,43,1,1,0.922924885539276,1.01830407852364
ESR_1_to_2,O0 Mixed,E2 Dual EKF,44,1,1,0.921825096817568,1.02162055438169
ESR_1_to_2,O0 Mixed,E2 Dual EKF,45,1,1,0.922116729111853,1.02090876276891
ESR_1_to_2,O0 Mixed,E2 Dual EKF,46,1,1,0.921938764782364,1.02122443347933
ESR_1_to_2,O0 Mixed,E2 Dual EKF,47,1,1,0.923581744387263,1.01944311449507
ESR_1_to_2,O0 Mixed,E2 Dual EKF,48,1,1,0.924054589416492,1.01924249451669
ESR_1_to_2,O0 Mixed,E2 Dual EKF,49,1,1,0.924289366338624,1.01928482045565
ESR_1_to_2,O0 Mixed,E2 Dual EKF,50,1,1,0.922831899741581,1.0182251916488
ESR_1_to_2,O0 Mixed,E2 Dual EKF,51,1,1,0.922338895355388,1.01762201046437
ESR_1_to_2,O0 Mixed,E2 Dual EKF,52,1,1,0.922072447734687,1.01717484407953
ESR_1_to_2,O0 Mixed,E2 Dual EKF,53,1,1,0.92253449716283,1.01814633373102
ESR_1_to_2,O0 Mixed,E2 Dual EKF,54,1,1,0.921877348819896,1.01649673739787
ESR_1_to_2,O0 Mixed,E2 Dual EKF,55,1,1,0.921708615519105,1.0160054885696
ESR_1_to_2,O0 Mixed,E2 Dual EKF,56,1,1,0.922240654632141,1.0177639897115
ESR_1_to_2,O0 Mixed,E2 Dual EKF,57,1,1,0.921499653923139,1.01502493792111
ESR_1_to_2,O0 Mixed,E2 Dual EKF,58,1,1,0.922582052381106,1.01943247662527
ESR_1_to_2,O0 Mixed,E2 Dual EKF,59,1,1,0.922222397598911,1.01784541856478
ESR_1_to_2,O0 Mixed,E2 Dual EKF,60,1,1,0.922598603118402,1.01961039981344
ESR_1_to_2,O0 Mixed,E2 Dual EKF,61,1,1,0.921245315160278,1.01302586521093
ESR_1_to_2,O0 Mixed,E2 Dual EKF,62,1,1,0.921141951068191,1.01252148474284
ESR_1_to_2,O0 Mixed,E2 Dual EKF,63,1,1,0.920904112409307,1.01140921576531
ESR_1_to_2,O0 Mixed,E2 Dual EKF,64,1,1,0.920816229262608,1.01103703755289
ESR_1_to_2,O0 Mixed,E2 Dual EKF,65,1,1,0.920955115814059,1.01153161384824
ESR_1_to_2,O0 Mixed,E2 Dual EKF,66,1,1,0.921416722729037,1.01277764698193
ESR_1_to_2,O0 Mixed,E2 Dual EKF,67,1,1,0.921613637387898,1.01311625379143
ESR_1_to_2,O0 Mixed,E2 Dual EKF,68,1,1,0.921649180234175,1.01314083815632
ESR_1_to_2,O0 Mixed,E2 Dual EKF,69,1,1,0.92114727758077,1.01330667669263
ESR_1_to_2,O0 Mixed,E2 Dual EKF,70,1,1,0.920673395870214,1.01392927821502
ESR_1_to_2,O0 Mixed,E2 Dual EKF,71,1,1,0.920500436888616,1.01431700320068
ESR_1_to_2,O0 Mixed,E2 Dual EKF,72,1,1,0.921404257857249,1.01150998040037
ESR_1_to_2,O0 Mixed,E2 Dual EKF,73,1,1,0.921074913540715,1.01279784830585
ESR_1_to_2,O0 Mixed,E2 Dual EKF,74,1,1,0.920263951403997,1.01658045260317
ESR_1_to_2,O0 Mixed,E2 Dual EKF,75,1,1,0.920610381671115,1.01472722995066
ESR_1_to_2,O0 Mixed,E2 Dual EKF,76,1,1,0.9197873374273,1.01962074501967
ESR_1_to_2,O0 Mixed,E2 Dual EKF,77,1,1,0.919256852203159,1.02302424924245
ESR_1_to_2,O0 Mixed,E2 Dual EKF,78,1,1,0.919404034010604,1.02204033026572
ESR_1_to_2,O0 Mixed,E2 Dual EKF,79,1,1,0.919269007939913,1.02294314519472
ESR_1_to_2,O0 Mixed,E2 Dual EKF,80,1,1,0.919255004944028,1.02303233887039
ESR_1_to_2,O0 Mixed,E2 Dual EKF,81,1,1,0.919057994348023,1.02416053708553
ESR_1_to_2,O0 Mixed,E2 Dual EKF,82,1,1,0.919462346066775,1.02221676414809
ESR_1_to_2,O0 Mixed,E2 Dual EKF,83,1,1,0.919306583950357,1.02279510831336
ESR_1_to_2,O0 Mixed,E2 Dual EKF,84,1,1,0.919538472205876,1.02220274328143
ESR_1_to_2,O0 Mixed,E2 Dual EKF,85,1,1,0.919228467538673,1.02264257943517
ESR_1_to_2,O0 Mixed,E2 Dual EKF,86,1,1,0.919695094817957,1.02247593272796
ESR_1_to_2,O0 Mixed,E2 Dual EKF,87,1,1,0.919022996917407,1.02206538696572
ESR_1_to_2,O0 Mixed,E2 Dual EKF,88,1,1,0.919491321988716,1.02276252956998
ESR_1_to_2,O0 Mixed,E2 Dual EKF,89,1,1,0.919464690524769,1.02270156262101
ESR_1_to_2,O0 Mixed,E2 Dual EKF,90,1,1,0.919059865803784,1.02147271579485
ESR_1_to_2,O0 Mixed,E2 Dual EKF,91,1,1,0.9189375392895,1.02101461816915
ESR_1_to_2,O0 Mixed,E2 Dual EKF,92,1,1,0.91960124249544,1.02395288972006
ESR_1_to_2,O0 Mixed,E2 Dual EKF,93,1,1,0.918994170425765,1.0208584939917
ESR_1_to_2,O0 Mixed,E2 Dual EKF,94,1,1,0.919108802588778,1.02151836074496
ESR_1_to_2,O0 Mixed,E2 Dual EKF,95,1,1,0.918514919637175,1.01772453773536
ESR_1_to_2,O0 Mixed,E2 Dual EKF,96,1,1,0.91859807106037,1.018303415326
ESR_1_to_2,O0 Mixed,E2 Dual EKF,97,1,1,0.918758266193606,1.01949182016638
ESR_1_to_2,O0 Mixed,E2 Dual EKF,98,1,1,0.91893381784867,1.02084188484548
ESR_1_to_2,O0 Mixed,E2 Dual EKF,99,1,1,0.918777551251227,1.01963906697787
ESR_1_to_2,O0 Mixed,E2 Dual EKF,100,1,1,0.918596436338484,1.01830526321375
ESR_1_to_2,O0 Mixed,E2 Dual EKF,101,1,1,0.918486186522585,1.01757210484935
ESR_1_to_2,O0 Mixed,E2 Dual EKF,102,1,1,0.918496956416548,1.01763211625856
ESR_1_to_2,O0 Mixed,E2 Dual EKF,103,1,1,0.91865169197123,1.0182832453144
ESR_1_to_2,O0 Mixed,E2 Dual EKF,104,1,1,0.918588711291454,1.018115061931
ESR_1_to_2,O0 Mixed,E2 Dual EKF,105,1,1,0.918853369372774,1.01839814481427
ESR_1_to_2,O0 Mixed,E2 Dual EKF,106,1,1,0.918480552048713,1.01858749679254
ESR_1_to_2,O0 Mixed,E2 Dual EKF,107,1,1,0.918184606319515,1.01918287750833
ESR_1_to_2,O0 Mixed,E2 Dual EKF,108,1,1,0.91836550728213,1.01856464861981
ESR_1_to_2,O0 Mixed,E2 Dual EKF,109,1,1,0.918420783939867,1.01830374948214
ESR_1_to_2,O0 Mixed,E2 Dual EKF,110,1,1,0.918331826007642,1.01883092310492
ESR_1_to_2,O0 Mixed,E2 Dual EKF,111,1,1,0.918628253305516,1.01674538031426
ESR_1_to_2,O0 Mixed,E2 Dual EKF,112,1,1,0.918681326263947,1.01631874868052
ESR_1_to_2,O0 Mixed,E2 Dual EKF,113,1,1,0.919054528242767,1.01299571165395
ESR_1_to_2,O0 Mixed,E2 Dual EKF,114,1,1,0.919231276478816,1.01130384287885
ESR_1_to_2,O0 Mixed,E2 Dual EKF,115,1,1,0.919186477270117,1.01175012043387
ESR_1_to_2,O0 Mixed,E2 Dual EKF,116,1,1,0.918860977804363,1.01499709646252
ESR_1_to_2,O0 Mixed,E2 Dual EKF,117,1,1,0.91908989805406,1.01281591645706
ESR_1_to_2,O0 Mixed,E2 Dual EKF,118,1,1,0.91891120779226,1.01435427459822
ESR_1_to_2,O0 Mixed,E2 Dual EKF,119,1,1,0.918920259677433,1.01428824054781
ESR_1_to_2,O0 Mixed,E2 Dual EKF,120,1,1,0.918866940505202,1.01459339083406
ESR_1_to_2,O0 Mixed,E2 Dual EKF,121,1,1,0.918821461186628,1.01477768462467
ESR_1_to_2,O0 Mixed,E2 Dual EKF,122,1,1,0.919122076505589,1.01405336175921
ESR_1_to_2,O0 Mixed,E2 Dual EKF,123,1,1,0.919135740242633,1.01404141457729
ESR_1_to_2,O0 Mixed,E2 Dual EKF,124,1,1,0.919480182154066,1.01422147075888
ESR_1_to_2,O0 Mixed,E2 Dual EKF,125,1,1,0.919650975946156,1.01452621694904
ESR_1_to_2,O0 Mixed,E2 Dual EKF,126,1,1,0.919450240061306,1.01393756151214
ESR_1_to_2,O0 Mixed,E2 Dual EKF,127,1,1,0.919090092473994,1.01249824497016
ESR_1_to_2,O0 Mixed,E2 Dual EKF,128,1,2,0.926772285992554,1.05059692532479
ESR_1_to_2,O0 Mixed,E2 Dual EKF,129,1,2,0.935319435573407,1.10028632481599
ESR_1_to_2,O0 Mixed,E2 Dual EKF,130,1,2,0.943272748408179,1.15287385668019
ESR_1_to_2,O0 Mixed,E2 Dual EKF,131,1,2,0.950736616492186,1.2078625120069
ESR_1_to_2,O0 Mixed,E2 Dual EKF,132,1,2,0.957140990586776,1.25955303036616
ESR_1_to_2,O0 Mixed,E2 Dual EKF,133,1,2,0.962838397848706,1.30907689395467
ESR_1_to_2,O0 Mixed,E2 Dual EKF,134,1,2,0.96753858791858,1.35218874994946
ESR_1_to_2,O0 Mixed,E2 Dual EKF,135,1,2,0.971510889798331,1.38964520064945
ESR_1_to_2,O0 Mixed,E2 Dual EKF,136,1,2,0.974538626976621,1.41801023565606
ESR_1_to_2,O0 Mixed,E2 Dual EKF,137,1,2,0.976912711983226,1.43915281906239
ESR_1_to_2,O0 Mixed,E2 Dual EKF,138,1,2,0.978532095367743,1.45210719196508
ESR_1_to_2,O0 Mixed,E2 Dual EKF,139,1,2,0.979752044498401,1.46025177746709
ESR_1_to_2,O0 Mixed,E2 Dual EKF,140,1,2,0.980808604555771,1.46556219554462
ESR_1_to_2,O0 Mixed,E2 Dual EKF,141,1,2,0.981197827730653,1.46680140954136
ESR_1_to_2,O0 Mixed,E2 Dual EKF,142,1,2,0.981231872511013,1.46684494246142
ESR_1_to_2,O0 Mixed,E2 Dual EKF,143,1,2,0.980177585572851,1.46746992135161
ESR_1_to_2,O0 Mixed,E2 Dual EKF,144,1,2,0.978800582268525,1.4707426904898
ESR_1_to_2,O0 Mixed,E2 Dual EKF,145,1,2,0.976949517160762,1.47824119327407
ESR_1_to_2,O0 Mixed,E2 Dual EKF,146,1,2,0.97379836925124,1.49595186656711
ESR_1_to_2,O0 Mixed,E2 Dual EKF,147,1,2,0.9703360239527,1.52052450156094
ESR_1_to_2,O0 Mixed,E2 Dual EKF,148,1,2,0.966234962509503,1.55531879251421
ESR_1_to_2,O0 Mixed,E2 Dual EKF,149,1,2,0.962430588573624,1.5924740166596
ESR_1_to_2,O0 Mixed,E2 Dual EKF,150,1,2,0.959126796220864,1.62846134732103
ESR_1_to_2,O0 Mixed,E2 Dual EKF,151,1,2,0.955905467951791,1.66643518043869
ESR_1_to_2,O0 Mixed,E2 Dual EKF,152,1,2,0.953033984873617,1.70187903358394
ESR_1_to_2,O0 Mixed,E2 Dual EKF,153,1,2,0.950721851984887,1.73060585313934
ESR_1_to_2,O0 Mixed,E2 Dual EKF,154,1,2,0.94877554806381,1.75382504966207
ESR_1_to_2,O0 Mixed,E2 Dual EKF,155,1,2,0.946938564206236,1.7737454558731
ESR_1_to_2,O0 Mixed,E2 Dual EKF,156,1,2,0.94584294601341,1.78387891535841
ESR_1_to_2,O0 Mixed,E2 Dual EKF,157,1,2,0.944218276407263,1.79577770706822
ESR_1_to_2,O0 Mixed,E2 Dual EKF,158,1,2,0.943161590025451,1.80134076724165
ESR_1_to_2,O0 Mixed,E2 Dual EKF,159,1,2,0.942446558456538,1.80364929047333
ESR_1_to_2,O0 Mixed,E2 Dual EKF,160,1,2,0.941861083595943,1.80442203168151
ESR_1_to_2,O0 Mixed,E2 Dual EKF,161,1,2,0.941740789773602,1.80437153183478
ESR_1_to_2,O0 Mixed,E2 Dual EKF,162,1,2,0.942248730362864,1.80538164891523
ESR_1_to_2,O0 Mixed,E2 Dual EKF,163,1,2,0.942423541234086,1.80597768819305
ESR_1_to_2,O0 Mixed,E2 Dual EKF,164,1,2,0.943140520957245,1.80935890636189
ESR_1_to_2,O0 Mixed,E2 Dual EKF,165,1,2,0.94367941616502,1.8125596418783
ESR_1_to_2,O0 Mixed,E2 Dual EKF,166,1,2,0.944166036459483,1.81601995779915
ESR_1_to_2,O0 Mixed,E2 Dual EKF,167,1,2,0.945881193359025,1.83014564029292
ESR_1_to_2,O0 Mixed,E2 Dual EKF,168,1,2,0.947012317133758,1.84068356955119
ESR_1_to_2,O0 Mixed,E2 Dual EKF,169,1,2,0.948348115586173,1.85449694436023
ESR_1_to_2,O0 Mixed,E2 Dual EKF,170,1,2,0.949489216460928,1.86734189765341
ESR_1_to_2,O0 Mixed,E2 Dual EKF,171,1,2,0.950197497460116,1.87583286246514
ESR_1_to_2,O0 Mixed,E2 Dual EKF,172,1,2,0.95058478409596,1.88064385098852
ESR_1_to_2,O0 Mixed,E2 Dual EKF,173,1,2,0.951169500755858,1.88790481296729
ESR_1_to_2,O0 Mixed,E2 Dual EKF,174,1,2,0.951388037281065,1.89049621491221
ESR_1_to_2,O0 Mixed,E2 Dual EKF,175,1,2,0.951718190426338,1.89402435402862
ESR_1_to_2,O0 Mixed,E2 Dual EKF,176,1,2,0.952009001995178,1.89662308601506
ESR_1_to_2,O0 Mixed,E2 Dual EKF,177,1,2,0.951836179147487,1.89545804728248
ESR_1_to_2,O0 Mixed,E2 Dual EKF,178,1,2,0.951815883798957,1.89537121227973
ESR_1_to_2,O0 Mixed,E2 Dual EKF,179,1,2,0.951524694728498,1.89486902164669
ESR_1_to_2,O0 Mixed,E2 Dual EKF,180,1,2,0.951135174919871,1.89517442023092
ESR_1_to_2,O0 Mixed,E2 Dual EKF,181,1,2,0.951096438281995,1.89529702866212
ESR_1_to_2,O0 Mixed,E2 Dual EKF,182,1,2,0.950838337601678,1.89668613876321
ESR_1_to_2,O0 Mixed,E2 Dual EKF,183,1,2,0.95010467789734,1.90214133039865
ESR_1_to_2,O0 Mixed,E2 Dual EKF,184,1,2,0.949562239436482,1.90720465556502
ESR_1_to_2,O0 Mixed,E2 Dual EKF,185,1,2,0.948936284009071,1.91414033112463
ESR_1_to_2,O0 Mixed,E2 Dual EKF,186,1,2,0.947873278046708,1.92760509546673
ESR_1_to_2,O0 Mixed,E2 Dual EKF,187,1,2,0.946984111043801,1.94009390940025
ESR_1_to_2,O0 Mixed,E2 Dual EKF,188,1,2,0.946064703238484,1.95399537550436
ESR_1_to_2,O0 Mixed,E2 Dual EKF,189,1,2,0.945490044744927,1.96304777734255
ESR_1_to_2,O0 Mixed,E2 Dual EKF,190,1,2,0.944886342912862,1.97258027398605
ESR_1_to_2,O0 Mixed,E2 Dual EKF,191,1,2,0.944253179309341,1.98215363718075
ESR_1_to_2,O0 Mixed,E2 Dual EKF,192,1,2,0.944109022193762,1.98413061299374
ESR_1_to_2,O0 Mixed,E2 Dual EKF,193,1,2,0.943831872253787,1.98737010101368
ESR_1_to_2,O0 Mixed,E2 Dual EKF,194,1,2,0.943563297057957,1.98985908783423
ESR_1_to_2,O0 Mixed,E2 Dual EKF,195,1,2,0.94311014534744,1.99289257080622
ESR_1_to_2,O0 Mixed,E2 Dual EKF,196,1,2,0.943218370943064,1.99244186017652
ESR_1_to_2,O0 Mixed,E2 Dual EKF,197,1,2,0.943222607062446,1.99243422498916
ESR_1_to_2,O0 Mixed,E2 Dual EKF,198,1,2,0.942938339096721,1.99233705016377
ESR_1_to_2,O0 Mixed,E2 Dual EKF,199,1,2,0.94305465510292,1.99260144629537
ESR_1_to_2,O0 Mixed,E2 Dual EKF,200,1,2,0.94293059890059,1.99210253762436
ESR_1_to_2,O0 Mixed,E2 Dual EKF,201,1,2,0.942395481394681,1.9890880746041
ESR_1_to_2,O0 Mixed,E2 Dual EKF,202,1,2,0.942530326309016,1.99005163367233
ESR_1_to_2,O0 Mixed,E2 Dual EKF,203,1,2,0.942477606758755,1.98959879718996
ESR_1_to_2,O0 Mixed,E2 Dual EKF,204,1,2,0.942968235691033,1.99449769967828
ESR_1_to_2,O0 Mixed,E2 Dual EKF,205,1,2,0.943172551396595,1.99681326769339
ESR_1_to_2,O0 Mixed,E2 Dual EKF,206,1,2,0.943272464118618,1.9980738693685
ESR_1_to_2,O0 Mixed,E2 Dual EKF,207,1,2,0.943035242554987,1.99480548508016
ESR_1_to_2,O0 Mixed,E2 Dual EKF,208,1,2,0.942925574138402,1.99319223590711
ESR_1_to_2,O0 Mixed,E2 Dual EKF,209,1,2,0.943060881288998,1.99525721173505
ESR_1_to_2,O0 Mixed,E2 Dual EKF,210,1,2,0.94302057417227,1.9946417255401
ESR_1_to_2,O0 Mixed,E2 Dual EKF,211,1,2,0.942962202588129,1.99378983989046
ESR_1_to_2,O0 Mixed,E2 Dual EKF,212,1,2,0.943165379083159,1.99646292183649
ESR_1_to_2,O0 Mixed,E2 Dual EKF,213,1,2,0.943173393787325,1.99655112654133
ESR_1_to_2,O0 Mixed,E2 Dual EKF,214,1,2,0.943157709786588,1.996420898416
ESR_1_to_2,O0 Mixed,E2 Dual EKF,215,1,2,0.942972748797558,1.99544585383546
ESR_1_to_2,O0 Mixed,E2 Dual EKF,216,1,2,0.94299684861627,1.99549716457676
ESR_1_to_2,O0 Mixed,E2 Dual EKF,217,1,2,0.942901725122961,1.99558793732622
ESR_1_to_2,O0 Mixed,E2 Dual EKF,218,1,2,0.942512354411569,1.99709780043971
ESR_1_to_2,O0 Mixed,E2 Dual EKF,219,1,2,0.942266178765455,1.99872245012623
ESR_1_to_2,O0 Mixed,E2 Dual EKF,220,1,2,0.942123469899272,2.0000227484355
ESR_1_to_2,O0 Mixed,E2 Dual EKF,221,1,2,0.941897797518848,2.00260104309782
ESR_1_to_2,O0 Mixed,E2 Dual EKF,222,1,2,0.94184312817573,2.00334154536886
ESR_1_to_2,O0 Mixed,E2 Dual EKF,223,1,2,0.941868607885983,2.00294781579481
ESR_1_to_2,O0 Mixed,E2 Dual EKF,224,1,2,0.94160269668484,2.00749455424716
ESR_1_to_2,O0 Mixed,E2 Dual EKF,225,1,2,0.941282808115296,2.01337361234296
ESR_1_to_2,O0 Mixed,E2 Dual EKF,226,1,2,0.941060409854144,2.01762703654631
ESR_1_to_2,O0 Mixed,E2 Dual EKF,227,1,2,0.940995111173843,2.01887768104529
ESR_1_to_2,O0 Mixed,E2 Dual EKF,228,1,2,0.940758729174489,2.02320964855825
ESR_1_to_2,O0 Mixed,E2 Dual EKF,229,1,2,0.940473544262508,2.02795170935637
ESR_1_to_2,O0 Mixed,E2 Dual EKF,230,1,2,0.940566780669341,2.02662904054146
ESR_1_to_2,O0 Mixed,E2 Dual EKF,231,1,2,0.940466028649334,2.02776422161616
ESR_1_to_2,O0 Mixed,E2 Dual EKF,232,1,2,0.940516385686152,2.02735284122504
ESR_1_to_2,O0 Mixed,E2 Dual EKF,233,1,2,0.940433124089108,2.0277801437806
ESR_1_to_2,O0 Mixed,E2 Dual EKF,234,1,2,0.940365769340066,2.02793515017934
ESR_1_to_2,O0 Mixed,E2 Dual EKF,235,1,2,0.94065190349363,2.0280114807959
ESR_1_to_2,O0 Mixed,E2 Dual EKF,236,1,2,0.940099851867824,2.02658930529853
ESR_1_to_2,O0 Mixed,E2 Dual EKF,237,1,2,0.93996471836142,2.02595856565153
ESR_1_to_2,O0 Mixed,E2 Dual EKF,238,1,2,0.940042752647408,2.02647250968589
ESR_1_to_2,O0 Mixed,E2 Dual EKF,239,1,2,0.939436064976882,2.02138382123176
ESR_1_to_2,O0 Mixed,E2 Dual EKF,240,1,2,0.939602579565002,2.02306721407287
ESR_1_to_2,O0 Mixed,E2 Dual EKF,241,1,2,0.93923334183815,2.01871950292774
ESR_1_to_2,O0 Mixed,E2 Dual EKF,242,1,2,0.93917377120354,2.01792178080617
ESR_1_to_2,O0 Mixed,E2 Dual EKF,243,1,2,0.939368172205527,2.02082180640505
ESR_1_to_2,O0 Mixed,E2 Dual EKF,244,1,2,0.939296321592012,2.01965134882572
ESR_1_to_2,O0 Mixed,E2 Dual EKF,245,1,2,0.939124052933808,2.01665502541073
ESR_1_to_2,O0 Mixed,E2 Dual EKF,246,1,2,0.939142855969146,2.01699441003054
ESR_1_to_2,O0 Mixed,E2 Dual EKF,247,1,2,0.939123096129622,2.01663752119469
ESR_1_to_2,O0 Mixed,E2 Dual EKF,248,1,2,0.939187324032707,2.01774601482988
ESR_1_to_2,O0 Mixed,E2 Dual EKF,249,1,2,0.938964465877858,2.01427774593471
ESR_1_to_2,O0 Mixed,E2 Dual EKF,250,1,2,0.938821890788757,2.01242062458741
ESR_1_to_2,O0 Mixed,E2 Dual EKF,251,1,2,0.938930154664901,2.01348463239697
ESR_1_to_2,O0 Mixed,E2 Dual EKF,252,1,2,0.938899111698932,2.01329094583982
ESR_1_to_2,O0 Mixed,E2 Dual EKF,253,1,2,0.938772275704944,2.01297083494343
ESR_1_to_2,O0 Mixed,E2 Dual EKF,254,1,2,0.938643627763069,2.01311496811668
ESR_1_to_2,O0 Mixed,E2 Dual EKF,255,1,2,0.938583316399646,2.01339076718011
ESR_1_to_2,O0 Mixed,E2 Dual EKF,256,1,2,0.938584087547324,2.01338476672671
ESR_1_to_2,O0 Mixed,E2 Dual EKF,257,1,2,0.938547504678375,2.0137776238243
ESR_1_to_2,O0 Mixed,E2 Dual EKF,258,1,2,0.938523929023019,2.0140949304444
ESR_1_to_2,O0 Mixed,E2 Dual EKF,259,1,2,0.938209727705621,2.01910787926087
ESR_1_to_2,O0 Mixed,E2 Dual EKF,260,1,2,0.93824607481601,2.01844627666025
ESR_1_to_2,O0 Mixed,E2 Dual EKF,261,1,2,0.938271915789955,2.01792608301101
ESR_1_to_2,O0 Mixed,E2 Dual EKF,262,1,2,0.938017932702845,2.02341852190335
ESR_1_to_2,O0 Mixed,E2 Dual EKF,263,1,2,0.937950169598849,2.02494293404911
ESR_1_to_2,O0 Mixed,E2 Dual EKF,264,1,2,0.937899997287549,2.02607303164154
ESR_1_to_2,O0 Mixed,E2 Dual EKF,265,1,2,0.937857519571017,2.02698847262655
ESR_1_to_2,O0 Mixed,E2 Dual EKF,266,1,2,0.937582677991646,2.0323639233996
ESR_1_to_2,O0 Mixed,E2 Dual EKF,267,1,2,0.937585096078017,2.03232353650901
ESR_1_to_2,O0 Mixed,E2 Dual EKF,268,1,2,0.937424964475772,2.03445148824152
ESR_1_to_2,O0 Mixed,E2 Dual EKF,269,1,2,0.937633119336043,2.03243981763062
ESR_1_to_2,O0 Mixed,E2 Dual EKF,270,1,2,0.937454752129835,2.03353025970664
ESR_1_to_2,O0 Mixed,E2 Dual EKF,271,1,2,0.937313042040823,2.03392807215061
ESR_1_to_2,O0 Mixed,E2 Dual EKF,272,1,2,0.93746711961806,2.03395752697772
ESR_1_to_2,O0 Mixed,E2 Dual EKF,273,1,2,0.93734417180728,2.03360285981032
ESR_1_to_2,O0 Mixed,E2 Dual EKF,274,1,2,0.937289020377303,2.03330953501153
ESR_1_to_2,O0 Mixed,E2 Dual EKF,275,1,2,0.937511628504161,2.03498988380473
ESR_1_to_2,O0 Mixed,E2 Dual EKF,276,1,2,0.937362375361678,2.0335518626331
ESR_1_to_2,O0 Mixed,E2 Dual EKF,277,1,2,0.937332770765591,2.03320762120242
ESR_1_to_2,O0 Mixed,E2 Dual EKF,278,1,2,0.93748068348394,2.03521205203763
ESR_1_to_2,O0 Mixed,E2 Dual EKF,279,1,2,0.937257522210965,2.03177208029224
ESR_1_to_2,O0 Mixed,E2 Dual EKF,280,1,2,0.937210758447237,2.0309684280786
ESR_1_to_2,O0 Mixed,E2 Dual EKF,281,1,2,0.937022627643972,2.02743582924959
ESR_1_to_2,O0 Mixed,E2 Dual EKF,282,1,2,0.936934305983295,2.02566482102208
ESR_1_to_2,O0 Mixed,E2 Dual EKF,283,1,2,0.936844489107814,2.02379576220709
ESR_1_to_2,O0 Mixed,E2 Dual EKF,284,1,2,0.936823481892512,2.02335827096335
ESR_1_to_2,O0 Mixed,E2 Dual EKF,285,1,2,0.936797026143325,2.02283175497625
ESR_1_to_2,O0 Mixed,E2 Dual EKF,286,1,2,0.936782260434933,2.02256681357892
ESR_1_to_2,O0 Mixed,E2 Dual EKF,287,1,2,0.936730734976166,2.02179327998688
ESR_1_to_2,O0 Mixed,E2 Dual EKF,288,1,2,0.936747621331108,2.02198455876631
ESR_1_to_2,O0 Mixed,E2 Dual EKF,289,1,2,0.936697394650348,2.0216232540163
ESR_1_to_2,O0 Mixed,E2 Dual EKF,290,1,2,0.936384643995208,2.02071196122871
ESR_1_to_2,O0 Mixed,E2 Dual EKF,291,1,2,0.936348363311728,2.02075855092381
ESR_1_to_2,O0 Mixed,E2 Dual EKF,292,1,2,0.936354892992049,2.02072420923407
ESR_1_to_2,O0 Mixed,E2 Dual EKF,293,1,2,0.936163596185306,2.02243691879031
ESR_1_to_2,O0 Mixed,E2 Dual EKF,294,1,2,0.935929606480101,2.02532934364911
ESR_1_to_2,O0 Mixed,E2 Dual EKF,295,1,2,0.935859268235366,2.02641923680333
ESR_1_to_2,O0 Mixed,E2 Dual EKF,296,1,2,0.935611868095866,2.03096273517341
ESR_1_to_2,O0 Mixed,E2 Dual EKF,297,1,2,0.935593759859489,2.03134207953657
ESR_1_to_2,O0 Mixed,E2 Dual EKF,298,1,2,0.935433996523902,2.03504382911842
ESR_1_to_2,O0 Mixed,E2 Dual EKF,299,1,2,0.935295396370701,2.03849346717445
ESR_1_to_2,O0 Mixed,E2 Dual EKF,300,1,2,0.935401564065449,2.03574569518234
ESR_1_to_2,O0 Mixed,E2 Dual EKF,301,1,2,0.935353659174313,2.03698685531457
ESR_1_to_2,O0 Mixed,E2 Dual EKF,302,1,2,0.935361581058114,2.03679046378509
ESR_1_to_2,O0 Mixed,E2 Dual EKF,303,1,2,0.935353327706182,2.0369761501414
ESR_1_to_2,O0 Mixed,E2 Dual EKF,304,1,2,0.935355301174707,2.03693822123284
ESR_1_to_2,O0 Mixed,E2 Dual EKF,305,1,2,0.935309612887691,2.037637626671
ESR_1_to_2,O0 Mixed,E2 Dual EKF,306,1,2,0.935145067121889,2.03947426311591
ESR_1_to_2,O0 Mixed,E2 Dual EKF,307,1,2,0.935175712657578,2.03925672750168
ESR_1_to_2,O0 Mixed,E2 Dual EKF,308,1,2,0.935297882134899,2.03885195022723
ESR_1_to_2,O0 Mixed,E2 Dual EKF,309,1,2,0.935311654617683,2.03885352506172
ESR_1_to_2,O0 Mixed,E2 Dual EKF,310,1,2,0.935288018859814,2.03877810108463
ESR_1_to_2,O0 Mixed,E2 Dual EKF,311,1,2,0.935373378532498,2.03928748250213
ESR_1_to_2,O0 Mixed,E2 Dual EKF,312,1,2,0.935428550592431,2.03975699928533
ESR_1_to_2,O0 Mixed,E2 Dual EKF,313,1,2,0.935279867698304,2.03813806835865
ESR_1_to_2,O0 Mixed,E2 Dual EKF,314,1,2,0.934959381029433,2.03392003666884
ESR_1_to_2,O0 Mixed,E2 Dual EKF,315,1,2,0.93472345600728,2.03029606467233
ESR_1_to_2,O0 Mixed,E2 Dual EKF,316,1,2,0.934531389964492,2.0269373877383
ESR_1_to_2,O0 Mixed,E2 Dual EKF,317,1,2,0.934706338146885,2.03034813313363
ESR_1_to_2,O0 Mixed,E2 Dual EKF,318,1,2,0.934330937421743,2.02235047115201
ESR_1_to_2,O0 Mixed,E2 Dual EKF,319,1,2,0.934249946644947,2.02050739964779
ESR_1_to_2,O0 Mixed,E2 Dual EKF,320,1,2,0.934181304168191,2.01888629037428
ESR_1_to_2,O0 Mixed,E2 Dual EKF,321,1,2,0.934198398258541,2.01929028305019
ESR_1_to_2,O0 Mixed,E2 Dual EKF,322,1,2,0.934142696088899,2.01803229313135
ESR_1_to_2,O0 Mixed,E2 Dual EKF,323,1,2,0.934015456529181,2.0154411899466
ESR_1_to_2,O0 Mixed,E2 Dual EKF,324,1,2,0.934016465381225,2.01545837973617
ESR_1_to_2,O0 Mixed,E2 Dual EKF,325,1,2,0.934020708454809,2.01551292862124
ESR_1_to_2,O0 Mixed,E2 Dual EKF,326,1,2,0.933900558128793,2.01453176621803
ESR_1_to_2,O0 Mixed,E2 Dual EKF,327,1,2,0.933769734371549,2.01409869368387
ESR_1_to_2,O0 Mixed,E2 Dual EKF,328,1,2,0.933702212542224,2.01419662590136
ESR_1_to_2,O0 Mixed,E2 Dual EKF,329,1,2,0.933615356359586,2.01471407556865
ESR_1_to_2,O0 Mixed,E2 Dual EKF,330,1,2,0.933483605166525,2.01605063856912
ESR_1_to_2,O0 Mixed,E2 Dual EKF,331,1,2,0.933332511015424,2.01816658697472
ESR_1_to_2,O0 Mixed,E2 Dual EKF,332,1,2,0.933457589312679,2.015971747429
ESR_1_to_2,O0 Mixed,E2 Dual EKF,333,1,2,0.933447126070304,2.01618923558757
ESR_1_to_2,O0 Mixed,E2 Dual EKF,334,1,2,0.933217789245052,2.02162605101184
ESR_1_to_2,O0 Mixed,E2 Dual EKF,335,1,2,0.933208401747868,2.0218721835347
ESR_1_to_2,O0 Mixed,E2 Dual EKF,336,1,2,0.933285151686239,2.01971164120349
ESR_1_to_2,O0 Mixed,E2 Dual EKF,337,1,2,0.933272534324005,2.02008092361903
ESR_1_to_2,O0 Mixed,E2 Dual EKF,338,1,2,0.933178442720784,2.02283817279739
ESR_1_to_2,O0 Mixed,E2 Dual EKF,339,1,2,0.933306795819448,2.01923915117978
ESR_1_to_2,O0 Mixed,E2 Dual EKF,340,1,2,0.93329535996275,2.0195301927523
ESR_1_to_2,O0 Mixed,E2 Dual EKF,341,1,2,0.93309660988321,2.02385427441374
ESR_1_to_2,O0 Mixed,E2 Dual EKF,342,1,2,0.93303857924629,2.02486104296584
ESR_1_to_2,O0 Mixed,E2 Dual EKF,343,1,2,0.932972594866342,2.0256971507632
ESR_1_to_2,O0 Mixed,E2 Dual EKF,344,1,2,0.932986712322801,2.02558294780669
ESR_1_to_2,O0 Mixed,E2 Dual EKF,345,1,2,0.932770553118553,2.02640984422376
ESR_1_to_2,O0 Mixed,E2 Dual EKF,346,1,2,0.932683289728759,2.02640662323288
ESR_1_to_2,O0 Mixed,E2 Dual EKF,347,1,2,0.932612770015781,2.02615950756073
ESR_1_to_2,O0 Mixed,E2 Dual EKF,348,1,2,0.932546282349239,2.02571852913883
ESR_1_to_2,O0 Mixed,E2 Dual EKF,349,1,2,0.932595488896549,2.02618580891158
ESR_1_to_2,O0 Mixed,E2 Dual EKF,350,1,2,0.932834798280497,2.02909754610329
ESR_1_to_2,O0 Mixed,E2 Dual EKF,351,1,2,0.932588500958566,2.02547346803609
ESR_1_to_2,O0 Mixed,E2 Dual EKF,352,1,2,0.932708771106605,2.02753912820511
ESR_1_to_2,O0 Mixed,E2 Dual EKF,353,1,2,0.932521481977968,2.02387723309482
ESR_1_to_2,O0 Mixed,E2 Dual EKF,354,1,2,0.932431073990396,2.02190555257035
ESR_1_to_2,O0 Mixed,E2 Dual EKF,355,1,2,0.932237476695876,2.01729077999479
ESR_1_to_2,O0 Mixed,E2 Dual EKF,356,1,2,0.932348102633066,2.02010657865723
ESR_1_to_2,O0 Mixed,E2 Dual EKF,357,1,2,0.932235795424701,2.01714033137543
ESR_1_to_2,O0 Mixed,E2 Dual EKF,358,1,2,0.932172461811518,2.01546616077234
ESR_1_to_2,O0 Mixed,E2 Dual EKF,359,1,2,0.932056233335892,2.01252976879483
ESR_1_to_2,O0 Mixed,E2 Dual EKF,360,1,2,0.932131943699133,2.01425416936638
ESR_1_to_2,O0 Mixed,E2 Dual EKF,361,1,2,0.93208445710476,2.01334936399653
ESR_1_to_2,O0 Mixed,E2 Dual EKF,362,1,2,0.931996952478818,2.01209116775296
ESR_1_to_2,O0 Mixed,E2 Dual EKF,363,1,2,0.932066649253856,2.0127277372893
ESR_1_to_2,O0 Mixed,E2 Dual EKF,364,1,2,0.932112682933661,2.01289822990249
ESR_1_to_2,O0 Mixed,E2 Dual EKF,365,1,2,0.932190258636214,2.01277296331683
ESR_1_to_2,O0 Mixed,E2 Dual EKF,366,1,2,0.932015287560993,2.01393603323552
ESR_1_to_2,O0 Mixed,E2 Dual EKF,367,1,2,0.931784013327117,2.01655485475057
ESR_1_to_2,O0 Mixed,E2 Dual EKF,368,1,2,0.931635608267814,2.01887488878246
ESR_1_to_2,O0 Mixed,E2 Dual EKF,369,1,2,0.931533215807001,2.02088099627996
ESR_1_to_2,O0 Mixed,E2 Dual EKF,370,1,2,0.931424614765613,2.02340204639878
ESR_1_to_2,O0 Mixed,E2 Dual EKF,371,1,2,0.931328739800697,2.02594006509903
ESR_1_to_2,O0 Mixed,E2 Dual EKF,372,1,2,0.931238266089943,2.02858852973847
ESR_1_to_2,O0 Mixed,E2 Dual EKF,373,1,2,0.931156280961121,2.03116573257795
ESR_1_to_2,O0 Mixed,E2 Dual EKF,374,1,2,0.931120077909201,2.03234911826313
ESR_1_to_2,O0 Mixed,E2 Dual EKF,375,1,2,0.931081066263223,2.03362583572856
ESR_1_to_2,O0 Mixed,E2 Dual EKF,376,1,2,0.931110217586874,2.03271284778685
ESR_1_to_2,O0 Mixed,E2 Dual EKF,377,1,2,0.930974579140483,2.03657018451853
ESR_1_to_2,O0 Mixed,E2 Dual EKF,378,1,2,0.931099505117776,2.03353254496608
ESR_1_to_2,O0 Mixed,E2 Dual EKF,379,1,2,0.931178487437233,2.03200073420395
ESR_1_to_2,O0 Mixed,E2 Dual EKF,380,1,2,0.931232254153026,2.03123824284964
ESR_1_to_2,O0 Mixed,E2 Dual EKF,381,1,2,0.930956650079085,2.03374169382334
ESR_1_to_2,O0 Mixed,E2 Dual EKF,382,1,2,0.931073537793693,2.03323465096369
ESR_1_to_2,O0 Mixed,E2 Dual EKF,383,1,2,0.931241567999085,2.03322771858624
ESR_1_to_2,O0 Mixed,E2 Dual EKF,384,1,2,0.931120944752412,2.03276802595619
ESR_1_to_2,O0 Mixed,E3 LTV/Joseph,1,1,1,1.10321019335608,1.20172979979199
ESR_1_to_2,O0 Mixed,E3 LTV/Joseph,2,1,1,1.10369925742442,1.21740838519558
ESR_1_to_2,O0 Mixed,E3 LTV/Joseph,3,1,1,1.10043542605115,1.19197851804454
ESR_1_to_2,O0 Mixed,E3 LTV/Joseph,4,1,1,1.10060865427722,1.19340738807183
ESR_1_to_2,O0 Mixed,E3 LTV/Joseph,5,1,1,1.10147161945113,1.18761387241394
ESR_1_to_2,O0 Mixed,E3 LTV/Joseph,6,1,1,1.10208090337754,1.18738458866601
ESR_1_to_2,O0 Mixed,E3 LTV/Joseph,7,1,1,1.08950888564908,1.18267084229186
ESR_1_to_2,O0 Mixed,E3 LTV/Joseph,8,1,1,1.06069406391473,1.16409944363951
ESR_1_to_2,O0 Mixed,E3 LTV/Joseph,9,1,1,1.00240744475208,1.11577634618436
ESR_1_to_2,O0 Mixed,E3 LTV/Joseph,10,1,1,0.995005906319055,1.10863111382222
ESR_1_to_2,O0 Mixed,E3 LTV/Joseph,11,1,1,0.957026825979785,1.06784924966448
ESR_1_to_2,O0 Mixed,E3 LTV/Joseph,12,1,1,0.945254647417448,1.05387359310546
ESR_1_to_2,O0 Mixed,E3 LTV/Joseph,13,1,1,0.953964722884943,1.06472412807867
ESR_1_to_2,O0 Mixed,E3 LTV/Joseph,14,1,1,0.947375757596705,1.05616727030678
ESR_1_to_2,O0 Mixed,E3 LTV/Joseph,15,1,1,0.943722935021943,1.05115622036894
ESR_1_to_2,O0 Mixed,E3 LTV/Joseph,16,1,1,0.936280234422556,1.04035447006121
ESR_1_to_2,O0 Mixed,E3 LTV/Joseph,17,1,1,0.935054593078646,1.03847677668869
ESR_1_to_2,O0 Mixed,E3 LTV/Joseph,18,1,1,0.933699263624843,1.03629976390701
ESR_1_to_2,O0 Mixed,E3 LTV/Joseph,19,1,1,0.93426070153175,1.03724220108697
ESR_1_to_2,O0 Mixed,E3 LTV/Joseph,20,1,1,0.932098523859203,1.03345683911633
ESR_1_to_2,O0 Mixed,E3 LTV/Joseph,21,1,1,0.926440363830772,1.02310731366855
ESR_1_to_2,O0 Mixed,E3 LTV/Joseph,22,1,1,0.924266825004386,1.0189852062842
ESR_1_to_2,O0 Mixed,E3 LTV/Joseph,23,1,1,0.92263399239005,1.01582419734727
ESR_1_to_2,O0 Mixed,E3 LTV/Joseph,24,1,1,0.9229056322921,1.01635113694747
ESR_1_to_2,O0 Mixed,E3 LTV/Joseph,25,1,1,0.924357578892191,1.01910361123468
ESR_1_to_2,O0 Mixed,E3 LTV/Joseph,26,1,1,0.923882274555848,1.01824754781548
ESR_1_to_2,O0 Mixed,E3 LTV/Joseph,27,1,1,0.923710417263113,1.01796403471408
ESR_1_to_2,O0 Mixed,E3 LTV/Joseph,28,1,1,0.924077837830766,1.01849101588627
ESR_1_to_2,O0 Mixed,E3 LTV/Joseph,29,1,1,0.924082083228782,1.0184959423954
ESR_1_to_2,O0 Mixed,E3 LTV/Joseph,30,1,1,0.923766740451242,1.01823115324185
ESR_1_to_2,O0 Mixed,E3 LTV/Joseph,31,1,1,0.923150222218939,1.01793159436691
ESR_1_to_2,O0 Mixed,E3 LTV/Joseph,32,1,1,0.923386200571665,1.01795846242897
ESR_1_to_2,O0 Mixed,E3 LTV/Joseph,33,1,1,0.922782315890931,1.01811646016144
ESR_1_to_2,O0 Mixed,E3 LTV/Joseph,34,1,1,0.922330322914441,1.01840099250865
ESR_1_to_2,O0 Mixed,E3 LTV/Joseph,35,1,1,0.920691685497479,1.02000992493588
ESR_1_to_2,O0 Mixed,E3 LTV/Joseph,36,1,1,0.91997956642053,1.02094341127451
ESR_1_to_2,O0 Mixed,E3 LTV/Joseph,37,1,1,0.919606341342461,1.0215425735821
ESR_1_to_2,O0 Mixed,E3 LTV/Joseph,38,1,1,0.919323983141627,1.02206624793355
ESR_1_to_2,O0 Mixed,E3 LTV/Joseph,39,1,1,0.919026009573516,1.02267532705479
ESR_1_to_2,O0 Mixed,E3 LTV/Joseph,40,1,1,0.919501201455881,1.02165205399629
ESR_1_to_2,O0 Mixed,E3 LTV/Joseph,41,1,1,0.920462860282571,1.01957267832433
ESR_1_to_2,O0 Mixed,E3 LTV/Joseph,42,1,1,0.92084159473831,1.01879215638617
ESR_1_to_2,O0 Mixed,E3 LTV/Joseph,43,1,1,0.921064253199322,1.01838021182295
ESR_1_to_2,O0 Mixed,E3 LTV/Joseph,44,1,1,0.919974737973745,1.02006544235948
ESR_1_to_2,O0 Mixed,E3 LTV/Joseph,45,1,1,0.920297708454809,1.01968529602605
ESR_1_to_2,O0 Mixed,E3 LTV/Joseph,46,1,1,0.920144931870145,1.0198037962558
ESR_1_to_2,O0 Mixed,E3 LTV/Joseph,47,1,1,0.921834100352467,1.0191700800402
ESR_1_to_2,O0 Mixed,E3 LTV/Joseph,48,1,1,0.922348945350402,1.01917057116288
ESR_1_to_2,O0 Mixed,E3 LTV/Joseph,49,1,1,0.92262625279824,1.01926533744038
ESR_1_to_2,O0 Mixed,E3 LTV/Joseph,50,1,1,0.921309286306323,1.01841425047805
ESR_1_to_2,O0 Mixed,E3 LTV/Joseph,51,1,1,0.920899555247168,1.01803845341211
ESR_1_to_2,O0 Mixed,E3 LTV/Joseph,52,1,1,0.920693536148575,1.01780006570522
ESR_1_to_2,O0 Mixed,E3 LTV/Joseph,53,1,1,0.921148951521153,1.01842412747651
ESR_1_to_2,O0 Mixed,E3 LTV/Joseph,54,1,1,0.92056386297815,1.01750997129435
ESR_1_to_2,O0 Mixed,E3 LTV/Joseph,55,1,1,0.920411803695692,1.01724585894554
ESR_1_to_2,O0 Mixed,E3 LTV/Joseph,56,1,1,0.920939649357686,1.018244344139
ESR_1_to_2,O0 Mixed,E3 LTV/Joseph,57,1,1,0.920189577114142,1.01672247972777
ESR_1_to_2,O0 Mixed,E3 LTV/Joseph,58,1,1,0.92133381062902,1.01917490564907
ESR_1_to_2,O0 Mixed,E3 LTV/Joseph,59,1,1,0.920954689474641,1.01832959565707
ESR_1_to_2,O0 Mixed,E3 LTV/Joseph,60,1,1,0.921392330400468,1.01932874525936
ESR_1_to_2,O0 Mixed,E3 LTV/Joseph,61,1,1,0.919817117103914,1.0157132946286
ESR_1_to_2,O0 Mixed,E3 LTV/Joseph,62,1,1,0.919674433057234,1.01539167755888
ESR_1_to_2,O0 Mixed,E3 LTV/Joseph,63,1,1,0.919374679132151,1.0147486944612
ESR_1_to_2,O0 Mixed,E3 LTV/Joseph,64,1,1,0.919256390568147,1.01451633815878
ESR_1_to_2,O0 Mixed,E3 LTV/Joseph,65,1,1,0.919402830305142,1.01476662481406
ESR_1_to_2,O0 Mixed,E3 LTV/Joseph,66,1,1,0.919897351838325,1.015451070549
ESR_1_to_2,O0 Mixed,E3 LTV/Joseph,67,1,1,0.920102026969371,1.01565594741765
ESR_1_to_2,O0 Mixed,E3 LTV/Joseph,68,1,1,0.920145567509669,1.0156810052509
ESR_1_to_2,O0 Mixed,E3 LTV/Joseph,69,1,1,0.919706927081552,1.0156265186746
ESR_1_to_2,O0 Mixed,E3 LTV/Joseph,70,1,1,0.919319885288306,1.0157568607328
ESR_1_to_2,O0 Mixed,E3 LTV/Joseph,71,1,1,0.919199246053505,1.01585240593437
ESR_1_to_2,O0 Mixed,E3 LTV/Joseph,72,1,1,0.919953044909501,1.01492807219262
ESR_1_to_2,O0 Mixed,E3 LTV/Joseph,73,1,1,0.919732586251071,1.01528689813403
ESR_1_to_2,O0 Mixed,E3 LTV/Joseph,74,1,1,0.919109404307402,1.01652489083168
ESR_1_to_2,O0 Mixed,E3 LTV/Joseph,75,1,1,0.919417048806463,1.01582165056934
ESR_1_to_2,O0 Mixed,E3 LTV/Joseph,76,1,1,0.918716132692324,1.01758161119341
ESR_1_to_2,O0 Mixed,E3 LTV/Joseph,77,1,1,0.91821023148355,1.01892068969857
ESR_1_to_2,O0 Mixed,E3 LTV/Joseph,78,1,1,0.918320038047048,1.01862712408451
ESR_1_to_2,O0 Mixed,E3 LTV/Joseph,79,1,1,0.918154319092317,1.01905496368463
ESR_1_to_2,O0 Mixed,E3 LTV/Joseph,80,1,1,0.9181097659058,1.01916069201395
ESR_1_to_2,O0 Mixed,E3 LTV/Joseph,81,1,1,0.91786796130972,1.01965883688736
ESR_1_to_2,O0 Mixed,E3 LTV/Joseph,82,1,1,0.918283248857114,1.01896689305743
ESR_1_to_2,O0 Mixed,E3 LTV/Joseph,83,1,1,0.918103907875226,1.01918629834724
ESR_1_to_2,O0 Mixed,E3 LTV/Joseph,84,1,1,0.918340015649982,1.01900620645216
ESR_1_to_2,O0 Mixed,E3 LTV/Joseph,85,1,1,0.918027755199002,1.0191026600022
ESR_1_to_2,O0 Mixed,E3 LTV/Joseph,86,1,1,0.918492491224006,1.01915919550223
ESR_1_to_2,O0 Mixed,E3 LTV/Joseph,87,1,1,0.917878123091284,1.01883966188355
ESR_1_to_2,O0 Mixed,E3 LTV/Joseph,88,1,1,0.918334156092721,1.01924272115038
ESR_1_to_2,O0 Mixed,E3 LTV/Joseph,89,1,1,0.918347174869537,1.01925851336796
ESR_1_to_2,O0 Mixed,E3 LTV/Joseph,90,1,1,0.91802682589568,1.01877410720326
ESR_1_to_2,O0 Mixed,E3 LTV/Joseph,91,1,1,0.917956290215098,1.01864831030847
ESR_1_to_2,O0 Mixed,E3 LTV/Joseph,92,1,1,0.918614382693845,1.01998217160361
ESR_1_to_2,O0 Mixed,E3 LTV/Joseph,93,1,1,0.918085293717442,1.01879398973148
ESR_1_to_2,O0 Mixed,E3 LTV/Joseph,94,1,1,0.918234668013079,1.01915830826026
ESR_1_to_2,O0 Mixed,E3 LTV/Joseph,95,1,1,0.917641909273149,1.01761617926618
ESR_1_to_2,O0 Mixed,E3 LTV/Joseph,96,1,1,0.917741669392348,1.01788820706255
ESR_1_to_2,O0 Mixed,E3 LTV/Joseph,97,1,1,0.917935810639039,1.01843228186334
ESR_1_to_2,O0 Mixed,E3 LTV/Joseph,98,1,1,0.918158353976544,1.01905957965932
ESR_1_to_2,O0 Mixed,E3 LTV/Joseph,99,1,1,0.917986976527628,1.01858578474035
ESR_1_to_2,O0 Mixed,E3 LTV/Joseph,100,1,1,0.917778080980732,1.01803667157086
ESR_1_to_2,O0 Mixed,E3 LTV/Joseph,101,1,1,0.917651833552103,1.01773349655264
ESR_1_to_2,O0 Mixed,E3 LTV/Joseph,102,1,1,0.917667683852893,1.01776647839854
ESR_1_to_2,O0 Mixed,E3 LTV/Joseph,103,1,1,0.917841832401069,1.01805780553811
ESR_1_to_2,O0 Mixed,E3 LTV/Joseph,104,1,1,0.917781065270726,1.01798538202577
ESR_1_to_2,O0 Mixed,E3 LTV/Joseph,105,1,1,0.918043459364953,1.0181575969166
ESR_1_to_2,O0 Mixed,E3 LTV/Joseph,106,1,1,0.917706917599019,1.01812795890033
ESR_1_to_2,O0 Mixed,E3 LTV/Joseph,107,1,1,0.91745463923718,1.01825211199699
ESR_1_to_2,O0 Mixed,E3 LTV/Joseph,108,1,1,0.917607522069113,1.01808939833518
ESR_1_to_2,O0 Mixed,E3 LTV/Joseph,109,1,1,0.917656176742523,1.01801105329866
ESR_1_to_2,O0 Mixed,E3 LTV/Joseph,110,1,1,0.917588662944971,1.01815380497251
ESR_1_to_2,O0 Mixed,E3 LTV/Joseph,111,1,1,0.917835359864934,1.01752223245751
ESR_1_to_2,O0 Mixed,E3 LTV/Joseph,112,1,1,0.917893548638619,1.01735171052608
ESR_1_to_2,O0 Mixed,E3 LTV/Joseph,113,1,1,0.91824526229457,1.01622365912549
ESR_1_to_2,O0 Mixed,E3 LTV/Joseph,114,1,1,0.918448765717119,1.01553752793907
ESR_1_to_2,O0 Mixed,E3 LTV/Joseph,115,1,1,0.918447225726422,1.01554277711804
ESR_1_to_2,O0 Mixed,E3 LTV/Joseph,116,1,1,0.918139670158123,1.01656028710296
ESR_1_to_2,O0 Mixed,E3 LTV/Joseph,117,1,1,0.918413792096665,1.01571921508323
ESR_1_to_2,O0 Mixed,E3 LTV/Joseph,118,1,1,0.918241668999767,1.01618436978339
ESR_1_to_2,O0 Mixed,E3 LTV/Joseph,119,1,1,0.918272491762066,1.01611537765075
ESR_1_to_2,O0 Mixed,E3 LTV/Joseph,120,1,1,0.918232229421251,1.01618417581044
ESR_1_to_2,O0 Mixed,E3 LTV/Joseph,121,1,1,0.918199087778046,1.01622225303101
ESR_1_to_2,O0 Mixed,E3 LTV/Joseph,122,1,1,0.918522656079233,1.01603192382423
ESR_1_to_2,O0 Mixed,E3 LTV/Joseph,123,1,1,0.91854788987068,1.01603069561828
ESR_1_to_2,O0 Mixed,E3 LTV/Joseph,124,1,1,0.918882105784618,1.01618344042051
ESR_1_to_2,O0 Mixed,E3 LTV/Joseph,125,1,1,0.919042483888191,1.01633151421261
ESR_1_to_2,O0 Mixed,E3 LTV/Joseph,126,1,1,0.918863137793167,1.01608935709711
ESR_1_to_2,O0 Mixed,E3 LTV/Joseph,127,1,1,0.918537377654944,1.0155224115625
ESR_1_to_2,O0 Mixed,E3 LTV/Joseph,128,1,2,0.918537377654944,1.0155224115625
ESR_1_to_2,O0 Mixed,E3 LTV/Joseph,129,1,2,0.918537377654944,1.0155224115625
ESR_1_to_2,O0 Mixed,E3 LTV/Joseph,130,1,2,0.918537377654944,1.0155224115625
ESR_1_to_2,O0 Mixed,E3 LTV/Joseph,131,1,2,0.918537377654944,1.0155224115625
ESR_1_to_2,O0 Mixed,E3 LTV/Joseph,132,1,2,0.918537377654944,1.0155224115625
ESR_1_to_2,O0 Mixed,E3 LTV/Joseph,133,1,2,0.918537377654944,1.0155224115625
ESR_1_to_2,O0 Mixed,E3 LTV/Joseph,134,1,2,0.918537377654944,1.0155224115625
ESR_1_to_2,O0 Mixed,E3 LTV/Joseph,135,1,2,0.918537377654944,1.0155224115625
ESR_1_to_2,O0 Mixed,E3 LTV/Joseph,136,1,2,0.918537377654944,1.0155224115625
ESR_1_to_2,O0 Mixed,E3 LTV/Joseph,137,1,2,0.918537377654944,1.0155224115625
ESR_1_to_2,O0 Mixed,E3 LTV/Joseph,138,1,2,0.918537377654944,1.0155224115625
ESR_1_to_2,O0 Mixed,E3 LTV/Joseph,139,1,2,0.918537377654944,1.0155224115625
ESR_1_to_2,O0 Mixed,E3 LTV/Joseph,140,1,2,0.918537377654944,1.0155224115625
ESR_1_to_2,O0 Mixed,E3 LTV/Joseph,141,1,2,0.920038218215267,1.01802902823838
ESR_1_to_2,O0 Mixed,E3 LTV/Joseph,142,1,2,0.920662416325829,1.01866893031923
ESR_1_to_2,O0 Mixed,E3 LTV/Joseph,143,1,2,0.919867556455534,1.01845022064588
ESR_1_to_2,O0 Mixed,E3 LTV/Joseph,144,1,2,0.918494532670179,1.0192380037834
ESR_1_to_2,O0 Mixed,E3 LTV/Joseph,145,1,2,0.918494532670179,1.0192380037834
ESR_1_to_2,O0 Mixed,E3 LTV/Joseph,146,1,2,0.918494532670179,1.0192380037834
ESR_1_to_2,O0 Mixed,E3 LTV/Joseph,147,1,2,0.918494532670179,1.0192380037834
ESR_1_to_2,O0 Mixed,E3 LTV/Joseph,148,1,2,0.918494532670179,1.0192380037834
ESR_1_to_2,O0 Mixed,E3 LTV/Joseph,149,1,2,0.918494532670179,1.0192380037834
ESR_1_to_2,O0 Mixed,E3 LTV/Joseph,150,1,2,0.918494532670179,1.0192380037834
ESR_1_to_2,O0 Mixed,E3 LTV/Joseph,151,1,2,0.918494532670179,1.0192380037834
ESR_1_to_2,O0 Mixed,E3 LTV/Joseph,152,1,2,0.918494532670179,1.0192380037834
ESR_1_to_2,O0 Mixed,E3 LTV/Joseph,153,1,2,0.918494532670179,1.0192380037834
ESR_1_to_2,O0 Mixed,E3 LTV/Joseph,154,1,2,0.918494532670179,1.0192380037834
ESR_1_to_2,O0 Mixed,E3 LTV/Joseph,155,1,2,0.918494532670179,1.0192380037834
ESR_1_to_2,O0 Mixed,E3 LTV/Joseph,156,1,2,0.918494532670179,1.0192380037834
ESR_1_to_2,O0 Mixed,E3 LTV/Joseph,157,1,2,0.918494532670179,1.0192380037834
ESR_1_to_2,O0 Mixed,E3 LTV/Joseph,158,1,2,0.918494532670179,1.0192380037834
ESR_1_to_2,O0 Mixed,E3 LTV/Joseph,159,1,2,0.918494532670179,1.0192380037834
ESR_1_to_2,O0 Mixed,E3 LTV/Joseph,160,1,2,0.916433332889186,1.02008278802486
ESR_1_to_2,O0 Mixed,E3 LTV/Joseph,161,1,2,0.916294365097035,1.02002999429932
ESR_1_to_2,O0 Mixed,E3 LTV/Joseph,162,1,2,0.918249724767035,1.02219602619706
ESR_1_to_2,O0 Mixed,E3 LTV/Joseph,163,1,2,0.918249724767035,1.02219602619706
ESR_1_to_2,O0 Mixed,E3 LTV/Joseph,164,1,2,0.918249724767035,1.02219602619706
ESR_1_to_2,O0 Mixed,E3 LTV/Joseph,165,1,2,0.918249724767035,1.02219602619706
ESR_1_to_2,O0 Mixed,E3 LTV/Joseph,166,1,2,0.918249724767035,1.02219602619706
ESR_1_to_2,O0 Mixed,E3 LTV/Joseph,167,1,2,0.918249724767035,1.02219602619706
ESR_1_to_2,O0 Mixed,E3 LTV/Joseph,168,1,2,0.918249724767035,1.02219602619706
ESR_1_to_2,O0 Mixed,E3 LTV/Joseph,169,1,2,0.918249724767035,1.02219602619706
ESR_1_to_2,O0 Mixed,E3 LTV/Joseph,170,1,2,0.918249724767035,1.02219602619706
ESR_1_to_2,O0 Mixed,E3 LTV/Joseph,171,1,2,0.918249724767035,1.02219602619706
ESR_1_to_2,O0 Mixed,E3 LTV/Joseph,172,1,2,0.918249724767035,1.02219602619706
ESR_1_to_2,O0 Mixed,E3 LTV/Joseph,173,1,2,0.918249724767035,1.02219602619706
ESR_1_to_2,O0 Mixed,E3 LTV/Joseph,174,1,2,0.918249724767035,1.02219602619706
ESR_1_to_2,O0 Mixed,E3 LTV/Joseph,175,1,2,0.918249724767035,1.02219602619706
ESR_1_to_2,O0 Mixed,E3 LTV/Joseph,176,1,2,0.918249724767035,1.02219602619706
ESR_1_to_2,O0 Mixed,E3 LTV/Joseph,177,1,2,0.918249724767035,1.02219602619706
ESR_1_to_2,O0 Mixed,E3 LTV/Joseph,178,1,2,0.918249724767035,1.02219602619706
ESR_1_to_2,O0 Mixed,E3 LTV/Joseph,179,1,2,0.918617383520495,1.02265919745939
ESR_1_to_2,O0 Mixed,E3 LTV/Joseph,180,1,2,0.918077492879951,1.02256193604479
ESR_1_to_2,O0 Mixed,E3 LTV/Joseph,181,1,2,0.917159348971733,1.0235149971575
ESR_1_to_2,O0 Mixed,E3 LTV/Joseph,182,1,2,0.917159348971733,1.0235149971575
ESR_1_to_2,O0 Mixed,E3 LTV/Joseph,183,1,2,0.917159348971733,1.0235149971575
ESR_1_to_2,O0 Mixed,E3 LTV/Joseph,184,1,2,0.917159348971733,1.0235149971575
ESR_1_to_2,O0 Mixed,E3 LTV/Joseph,185,1,2,0.917159348971733,1.0235149971575
ESR_1_to_2,O0 Mixed,E3 LTV/Joseph,186,1,2,0.917159348971733,1.0235149971575
ESR_1_to_2,O0 Mixed,E3 LTV/Joseph,187,1,2,0.917159348971733,1.0235149971575
ESR_1_to_2,O0 Mixed,E3 LTV/Joseph,188,1,2,0.917159348971733,1.0235149971575
ESR_1_to_2,O0 Mixed,E3 LTV/Joseph,189,1,2,0.917159348971733,1.0235149971575
ESR_1_to_2,O0 Mixed,E3 LTV/Joseph,190,1,2,0.917159348971733,1.0235149971575
ESR_1_to_2,O0 Mixed,E3 LTV/Joseph,191,1,2,0.917159348971733,1.0235149971575
ESR_1_to_2,O0 Mixed,E3 LTV/Joseph,192,1,2,0.917159348971733,1.0235149971575
ESR_1_to_2,O0 Mixed,E3 LTV/Joseph,193,1,2,0.917159348971733,1.0235149971575
ESR_1_to_2,O0 Mixed,E3 LTV/Joseph,194,1,2,0.917159348971733,1.0235149971575
ESR_1_to_2,O0 Mixed,E3 LTV/Joseph,195,1,2,0.917159348971733,1.0235149971575
ESR_1_to_2,O0 Mixed,E3 LTV/Joseph,196,1,2,0.917159348971733,1.0235149971575
ESR_1_to_2,O0 Mixed,E3 LTV/Joseph,197,1,2,0.915488995720568,1.02477313413095
ESR_1_to_2,O0 Mixed,E3 LTV/Joseph,198,1,2,0.915079855907256,1.02463559536575
ESR_1_to_2,O0 Mixed,E3 LTV/Joseph,199,1,2,0.916867307452342,1.02701863859109
ESR_1_to_2,O0 Mixed,E3 LTV/Joseph,200,1,2,0.916867307452342,1.02701863859109
ESR_1_to_2,O0 Mixed,E3 LTV/Joseph,201,1,2,0.916867307452342,1.02701863859109
ESR_1_to_2,O0 Mixed,E3 LTV/Joseph,202,1,2,0.916867307452342,1.02701863859109
ESR_1_to_2,O0 Mixed,E3 LTV/Joseph,203,1,2,0.916867307452342,1.02701863859109
ESR_1_to_2,O0 Mixed,E3 LTV/Joseph,204,1,2,0.916867307452342,1.02701863859109
ESR_1_to_2,O0 Mixed,E3 LTV/Joseph,205,1,2,0.916867307452342,1.02701863859109
ESR_1_to_2,O0 Mixed,E3 LTV/Joseph,206,1,2,0.916867307452342,1.02701863859109
ESR_1_to_2,O0 Mixed,E3 LTV/Joseph,207,1,2,0.916867307452342,1.02701863859109
ESR_1_to_2,O0 Mixed,E3 LTV/Joseph,208,1,2,0.916867307452342,1.02701863859109
ESR_1_to_2,O0 Mixed,E3 LTV/Joseph,209,1,2,0.916867307452342,1.02701863859109
ESR_1_to_2,O0 Mixed,E3 LTV/Joseph,210,1,2,0.916867307452342,1.02701863859109
ESR_1_to_2,O0 Mixed,E3 LTV/Joseph,211,1,2,0.916867307452342,1.02701863859109
ESR_1_to_2,O0 Mixed,E3 LTV/Joseph,212,1,2,0.916867307452342,1.02701863859109
ESR_1_to_2,O0 Mixed,E3 LTV/Joseph,213,1,2,0.916867307452342,1.02701863859109
ESR_1_to_2,O0 Mixed,E3 LTV/Joseph,214,1,2,0.916867307452342,1.02701863859109
ESR_1_to_2,O0 Mixed,E3 LTV/Joseph,215,1,2,0.918222318097679,1.03072826928905
ESR_1_to_2,O0 Mixed,E3 LTV/Joseph,216,1,2,0.91898423691512,1.03187010328737
ESR_1_to_2,O0 Mixed,E3 LTV/Joseph,217,1,2,0.918701947270528,1.0318510372237
ESR_1_to_2,O0 Mixed,E3 LTV/Joseph,218,1,2,0.918701947270528,1.0318510372237
ESR_1_to_2,O0 Mixed,E3 LTV/Joseph,219,1,2,0.918701947270528,1.0318510372237
ESR_1_to_2,O0 Mixed,E3 LTV/Joseph,220,1,2,0.918701947270528,1.0318510372237
ESR_1_to_2,O0 Mixed,E3 LTV/Joseph,221,1,2,0.918701947270528,1.0318510372237
ESR_1_to_2,O0 Mixed,E3 LTV/Joseph,222,1,2,0.918701947270528,1.0318510372237
ESR_1_to_2,O0 Mixed,E3 LTV/Joseph,223,1,2,0.918701947270528,1.0318510372237
ESR_1_to_2,O0 Mixed,E3 LTV/Joseph,224,1,2,0.918701947270528,1.0318510372237
ESR_1_to_2,O0 Mixed,E3 LTV/Joseph,225,1,2,0.918701947270528,1.0318510372237
ESR_1_to_2,O0 Mixed,E3 LTV/Joseph,226,1,2,0.918701947270528,1.0318510372237
ESR_1_to_2,O0 Mixed,E3 LTV/Joseph,227,1,2,0.918701947270528,1.0318510372237
ESR_1_to_2,O0 Mixed,E3 LTV/Joseph,228,1,2,0.918701947270528,1.0318510372237
ESR_1_to_2,O0 Mixed,E3 LTV/Joseph,229,1,2,0.918701947270528,1.0318510372237
ESR_1_to_2,O0 Mixed,E3 LTV/Joseph,230,1,2,0.918701947270528,1.0318510372237
ESR_1_to_2,O0 Mixed,E3 LTV/Joseph,231,1,2,0.918701947270528,1.0318510372237
ESR_1_to_2,O0 Mixed,E3 LTV/Joseph,232,1,2,0.918701947270528,1.0318510372237
ESR_1_to_2,O0 Mixed,E3 LTV/Joseph,233,1,2,0.918701947270528,1.0318510372237
ESR_1_to_2,O0 Mixed,E3 LTV/Joseph,234,1,2,0.916892647324241,1.03389094690162
ESR_1_to_2,O0 Mixed,E3 LTV/Joseph,235,1,2,0.917213166368683,1.03397745830653
ESR_1_to_2,O0 Mixed,E3 LTV/Joseph,236,1,2,0.918011864745874,1.03521382631431
ESR_1_to_2,O0 Mixed,E3 LTV/Joseph,237,1,2,0.918011864745874,1.03521382631431
ESR_1_to_2,O0 Mixed,E3 LTV/Joseph,238,1,2,0.918011864745874,1.03521382631431
ESR_1_to_2,O0 Mixed,E3 LTV/Joseph,239,1,2,0.918011864745874,1.03521382631431
ESR_1_to_2,O0 Mixed,E3 LTV/Joseph,240,1,2,0.918011864745874,1.03521382631431
ESR_1_to_2,O0 Mixed,E3 LTV/Joseph,241,1,2,0.918011864745874,1.03521382631431
ESR_1_to_2,O0 Mixed,E3 LTV/Joseph,242,1,2,0.918011864745874,1.03521382631431
ESR_1_to_2,O0 Mixed,E3 LTV/Joseph,243,1,2,0.918011864745874,1.03521382631431
ESR_1_to_2,O0 Mixed,E3 LTV/Joseph,244,1,2,0.918011864745874,1.03521382631431
ESR_1_to_2,O0 Mixed,E3 LTV/Joseph,245,1,2,0.918011864745874,1.03521382631431
ESR_1_to_2,O0 Mixed,E3 LTV/Joseph,246,1,2,0.918011864745874,1.03521382631431
ESR_1_to_2,O0 Mixed,E3 LTV/Joseph,247,1,2,0.918011864745874,1.03521382631431
ESR_1_to_2,O0 Mixed,E3 LTV/Joseph,248,1,2,0.918011864745874,1.03521382631431
ESR_1_to_2,O0 Mixed,E3 LTV/Joseph,249,1,2,0.918011864745874,1.03521382631431
ESR_1_to_2,O0 Mixed,E3 LTV/Joseph,250,1,2,0.918011864745874,1.03521382631431
ESR_1_to_2,O0 Mixed,E3 LTV/Joseph,251,1,2,0.918011864745874,1.03521382631431
ESR_1_to_2,O0 Mixed,E3 LTV/Joseph,252,1,2,0.918011864745874,1.03521382631431
ESR_1_to_2,O0 Mixed,E3 LTV/Joseph,253,1,2,0.918489129060468,1.03605180858346
ESR_1_to_2,O0 Mixed,E3 LTV/Joseph,254,1,2,0.918126850535143,1.03606801771063
ESR_1_to_2,O0 Mixed,E3 LTV/Joseph,255,1,2,0.917076003500999,1.03823868320504
ESR_1_to_2,O0 Mixed,E3 LTV/Joseph,256,1,2,0.917076003500999,1.03823868320504
ESR_1_to_2,O0 Mixed,E3 LTV/Joseph,257,1,2,0.917076003500999,1.03823868320504
ESR_1_to_2,O0 Mixed,E3 LTV/Joseph,258,1,2,0.917076003500999,1.03823868320504
ESR_1_to_2,O0 Mixed,E3 LTV/Joseph,259,1,2,0.917076003500999,1.03823868320504
ESR_1_to_2,O0 Mixed,E3 LTV/Joseph,260,1,2,0.917076003500999,1.03823868320504
ESR_1_to_2,O0 Mixed,E3 LTV/Joseph,261,1,2,0.917076003500999,1.03823868320504
ESR_1_to_2,O0 Mixed,E3 LTV/Joseph,262,1,2,0.917076003500999,1.03823868320504
ESR_1_to_2,O0 Mixed,E3 LTV/Joseph,263,1,2,0.917076003500999,1.03823868320504
ESR_1_to_2,O0 Mixed,E3 LTV/Joseph,264,1,2,0.917076003500999,1.03823868320504
ESR_1_to_2,O0 Mixed,E3 LTV/Joseph,265,1,2,0.917076003500999,1.03823868320504
ESR_1_to_2,O0 Mixed,E3 LTV/Joseph,266,1,2,0.917076003500999,1.03823868320504
ESR_1_to_2,O0 Mixed,E3 LTV/Joseph,267,1,2,0.917076003500999,1.03823868320504
ESR_1_to_2,O0 Mixed,E3 LTV/Joseph,268,1,2,0.917076003500999,1.03823868320504
ESR_1_to_2,O0 Mixed,E3 LTV/Joseph,269,1,2,0.917076003500999,1.03823868320504
ESR_1_to_2,O0 Mixed,E3 LTV/Joseph,270,1,2,0.917076003500999,1.03823868320504
ESR_1_to_2,O0 Mixed,E3 LTV/Joseph,271,1,2,0.915197036196599,1.04108974733588
ESR_1_to_2,O0 Mixed,E3 LTV/Joseph,272,1,2,0.915343560824292,1.04112258002392
ESR_1_to_2,O0 Mixed,E3 LTV/Joseph,273,1,2,0.91664597962034,1.04347352474277
ESR_1_to_2,O0 Mixed,E3 LTV/Joseph,274,1,2,0.91664597962034,1.04347352474277
ESR_1_to_2,O0 Mixed,E3 LTV/Joseph,275,1,2,0.91664597962034,1.04347352474277
ESR_1_to_2,O0 Mixed,E3 LTV/Joseph,276,1,2,0.91664597962034,1.04347352474277
ESR_1_to_2,O0 Mixed,E3 LTV/Joseph,277,1,2,0.91664597962034,1.04347352474277
ESR_1_to_2,O0 Mixed,E3 LTV/Joseph,278,1,2,0.91664597962034,1.04347352474277
ESR_1_to_2,O0 Mixed,E3 LTV/Joseph,279,1,2,0.91664597962034,1.04347352474277
ESR_1_to_2,O0 Mixed,E3 LTV/Joseph,280,1,2,0.91664597962034,1.04347352474277
ESR_1_to_2,O0 Mixed,E3 LTV/Joseph,281,1,2,0.91664597962034,1.04347352474277
ESR_1_to_2,O0 Mixed,E3 LTV/Joseph,282,1,2,0.91664597962034,1.04347352474277
ESR_1_to_2,O0 Mixed,E3 LTV/Joseph,283,1,2,0.91664597962034,1.04347352474277
ESR_1_to_2,O0 Mixed,E3 LTV/Joseph,284,1,2,0.91664597962034,1.04347352474277
ESR_1_to_2,O0 Mixed,E3 LTV/Joseph,285,1,2,0.91664597962034,1.04347352474277
ESR_1_to_2,O0 Mixed,E3 LTV/Joseph,286,1,2,0.91664597962034,1.04347352474277
ESR_1_to_2,O0 Mixed,E3 LTV/Joseph,287,1,2,0.91664597962034,1.04347352474277
ESR_1_to_2,O0 Mixed,E3 LTV/Joseph,288,1,2,0.91664597962034,1.04347352474277
ESR_1_to_2,O0 Mixed,E3 LTV/Joseph,289,1,2,0.91664597962034,1.04347352474277
ESR_1_to_2,O0 Mixed,E3 LTV/Joseph,290,1,2,0.916721871367322,1.04362849016113
ESR_1_to_2,O0 Mixed,E3 LTV/Joseph,291,1,2,0.916498174147896,1.04366306353291
ESR_1_to_2,O0 Mixed,E3 LTV/Joseph,292,1,2,0.915580246265932,1.046077474177
ESR_1_to_2,O0 Mixed,E3 LTV/Joseph,293,1,2,0.915580246265932,1.046077474177
ESR_1_to_2,O0 Mixed,E3 LTV/Joseph,294,1,2,0.915580246265932,1.046077474177
ESR_1_to_2,O0 Mixed,E3 LTV/Joseph,295,1,2,0.915580246265932,1.046077474177
ESR_1_to_2,O0 Mixed,E3 LTV/Joseph,296,1,2,0.915580246265932,1.046077474177
ESR_1_to_2,O0 Mixed,E3 LTV/Joseph,297,1,2,0.915580246265932,1.046077474177
ESR_1_to_2,O0 Mixed,E3 LTV/Joseph,298,1,2,0.915580246265932,1.046077474177
ESR_1_to_2,O0 Mixed,E3 LTV/Joseph,299,1,2,0.915580246265932,1.046077474177
ESR_1_to_2,O0 Mixed,E3 LTV/Joseph,300,1,2,0.915580246265932,1.046077474177
ESR_1_to_2,O0 Mixed,E3 LTV/Joseph,301,1,2,0.915580246265932,1.046077474177
ESR_1_to_2,O0 Mixed,E3 LTV/Joseph,302,1,2,0.915580246265932,1.046077474177
ESR_1_to_2,O0 Mixed,E3 LTV/Joseph,303,1,2,0.915580246265932,1.046077474177
ESR_1_to_2,O0 Mixed,E3 LTV/Joseph,304,1,2,0.915580246265932,1.046077474177
ESR_1_to_2,O0 Mixed,E3 LTV/Joseph,305,1,2,0.915580246265932,1.046077474177
ESR_1_to_2,O0 Mixed,E3 LTV/Joseph,306,1,2,0.915580246265932,1.046077474177
ESR_1_to_2,O0 Mixed,E3 LTV/Joseph,307,1,2,0.915580246265932,1.046077474177
ESR_1_to_2,O0 Mixed,E3 LTV/Joseph,308,1,2,0.914242065407802,1.04865927233567
ESR_1_to_2,O0 Mixed,E3 LTV/Joseph,309,1,2,0.914158272350461,1.048644471734
ESR_1_to_2,O0 Mixed,E3 LTV/Joseph,310,1,2,0.915544057227341,1.05151861843985
ESR_1_to_2,O0 Mixed,E3 LTV/Joseph,311,1,2,0.915544057227341,1.05151861843985
ESR_1_to_2,O0 Mixed,E3 LTV/Joseph,312,1,2,0.915544057227341,1.05151861843985
ESR_1_to_2,O0 Mixed,E3 LTV/Joseph,313,1,2,0.915544057227341,1.05151861843985
ESR_1_to_2,O0 Mixed,E3 LTV/Joseph,314,1,2,0.915544057227341,1.05151861843985
ESR_1_to_2,O0 Mixed,E3 LTV/Joseph,315,1,2,0.915544057227341,1.05151861843985
ESR_1_to_2,O0 Mixed,E3 LTV/Joseph,316,1,2,0.915544057227341,1.05151861843985
ESR_1_to_2,O0 Mixed,E3 LTV/Joseph,317,1,2,0.915544057227341,1.05151861843985
ESR_1_to_2,O0 Mixed,E3 LTV/Joseph,318,1,2,0.915544057227341,1.05151861843985
ESR_1_to_2,O0 Mixed,E3 LTV/Joseph,319,1,2,0.915544057227341,1.05151861843985
ESR_1_to_2,O0 Mixed,E3 LTV/Joseph,320,1,2,0.915544057227341,1.05151861843985
ESR_1_to_2,O0 Mixed,E3 LTV/Joseph,321,1,2,0.915544057227341,1.05151861843985
ESR_1_to_2,O0 Mixed,E3 LTV/Joseph,322,1,2,0.915544057227341,1.05151861843985
ESR_1_to_2,O0 Mixed,E3 LTV/Joseph,323,1,2,0.915544057227341,1.05151861843985
ESR_1_to_2,O0 Mixed,E3 LTV/Joseph,324,1,2,0.915544057227341,1.05151861843985
ESR_1_to_2,O0 Mixed,E3 LTV/Joseph,325,1,2,0.915544057227341,1.05151861843985
ESR_1_to_2,O0 Mixed,E3 LTV/Joseph,326,1,2,0.916710117613786,1.05684277144172
ESR_1_to_2,O0 Mixed,E3 LTV/Joseph,327,1,2,0.917055224856354,1.05764277603387
ESR_1_to_2,O0 Mixed,E3 LTV/Joseph,328,1,2,0.916770521392922,1.05772368248459
ESR_1_to_2,O0 Mixed,E3 LTV/Joseph,329,1,2,0.915751379978208,1.06099600595315
ESR_1_to_2,O0 Mixed,E3 LTV/Joseph,330,1,2,0.915751379978208,1.06099600595315
ESR_1_to_2,O0 Mixed,E3 LTV/Joseph,331,1,2,0.915751379978208,1.06099600595315
ESR_1_to_2,O0 Mixed,E3 LTV/Joseph,332,1,2,0.915751379978208,1.06099600595315
ESR_1_to_2,O0 Mixed,E3 LTV/Joseph,333,1,2,0.915751379978208,1.06099600595315
ESR_1_to_2,O0 Mixed,E3 LTV/Joseph,334,1,2,0.915751379978208,1.06099600595315
ESR_1_to_2,O0 Mixed,E3 LTV/Joseph,335,1,2,0.915751379978208,1.06099600595315
ESR_1_to_2,O0 Mixed,E3 LTV/Joseph,336,1,2,0.915751379978208,1.06099600595315
ESR_1_to_2,O0 Mixed,E3 LTV/Joseph,337,1,2,0.915751379978208,1.06099600595315
ESR_1_to_2,O0 Mixed,E3 LTV/Joseph,338,1,2,0.915751379978208,1.06099600595315
ESR_1_to_2,O0 Mixed,E3 LTV/Joseph,339,1,2,0.915751379978208,1.06099600595315
ESR_1_to_2,O0 Mixed,E3 LTV/Joseph,340,1,2,0.915751379978208,1.06099600595315
ESR_1_to_2,O0 Mixed,E3 LTV/Joseph,341,1,2,0.915751379978208,1.06099600595315
ESR_1_to_2,O0 Mixed,E3 LTV/Joseph,342,1,2,0.915751379978208,1.06099600595315
ESR_1_to_2,O0 Mixed,E3 LTV/Joseph,343,1,2,0.915751379978208,1.06099600595315
ESR_1_to_2,O0 Mixed,E3 LTV/Joseph,344,1,2,0.915751379978208,1.06099600595315
ESR_1_to_2,O0 Mixed,E3 LTV/Joseph,345,1,2,0.915751379978208,1.06099600595315
ESR_1_to_2,O0 Mixed,E3 LTV/Joseph,346,1,2,0.915447469207242,1.06096929558779
ESR_1_to_2,O0 Mixed,E3 LTV/Joseph,347,1,2,0.916630386779283,1.06369435952509
ESR_1_to_2,O0 Mixed,E3 LTV/Joseph,348,1,2,0.916630386779283,1.06369435952509
ESR_1_to_2,O0 Mixed,E3 LTV/Joseph,349,1,2,0.916630386779283,1.06369435952509
ESR_1_to_2,O0 Mixed,E3 LTV/Joseph,350,1,2,0.916630386779283,1.06369435952509
ESR_1_to_2,O0 Mixed,E3 LTV/Joseph,351,1,2,0.916630386779283,1.06369435952509
ESR_1_to_2,O0 Mixed,E3 LTV/Joseph,352,1,2,0.916630386779283,1.06369435952509
ESR_1_to_2,O0 Mixed,E3 LTV/Joseph,353,1,2,0.916630386779283,1.06369435952509
ESR_1_to_2,O0 Mixed,E3 LTV/Joseph,354,1,2,0.916630386779283,1.06369435952509
ESR_1_to_2,O0 Mixed,E3 LTV/Joseph,355,1,2,0.916630386779283,1.06369435952509
ESR_1_to_2,O0 Mixed,E3 LTV/Joseph,356,1,2,0.916630386779283,1.06369435952509
ESR_1_to_2,O0 Mixed,E3 LTV/Joseph,357,1,2,0.916630386779283,1.06369435952509
ESR_1_to_2,O0 Mixed,E3 LTV/Joseph,358,1,2,0.916630386779283,1.06369435952509
ESR_1_to_2,O0 Mixed,E3 LTV/Joseph,359,1,2,0.916630386779283,1.06369435952509
ESR_1_to_2,O0 Mixed,E3 LTV/Joseph,360,1,2,0.916630386779283,1.06369435952509
ESR_1_to_2,O0 Mixed,E3 LTV/Joseph,361,1,2,0.916630386779283,1.06369435952509
ESR_1_to_2,O0 Mixed,E3 LTV/Joseph,362,1,2,0.916630386779283,1.06369435952509
ESR_1_to_2,O0 Mixed,E3 LTV/Joseph,363,1,2,0.916630386779283,1.06369435952509
ESR_1_to_2,O0 Mixed,E3 LTV/Joseph,364,1,2,0.917314169161198,1.06547226886413
ESR_1_to_2,O0 Mixed,E3 LTV/Joseph,365,1,2,0.917302395663452,1.06547720890816
ESR_1_to_2,O0 Mixed,E3 LTV/Joseph,366,1,2,0.917302395663452,1.06547720890816
ESR_1_to_2,O0 Mixed,E3 LTV/Joseph,367,1,2,0.917302395663452,1.06547720890816
ESR_1_to_2,O0 Mixed,E3 LTV/Joseph,368,1,2,0.917302395663452,1.06547720890816
ESR_1_to_2,O0 Mixed,E3 LTV/Joseph,369,1,2,0.917302395663452,1.06547720890816
ESR_1_to_2,O0 Mixed,E3 LTV/Joseph,370,1,2,0.917302395663452,1.06547720890816
ESR_1_to_2,O0 Mixed,E3 LTV/Joseph,371,1,2,0.917302395663452,1.06547720890816
ESR_1_to_2,O0 Mixed,E3 LTV/Joseph,372,1,2,0.917302395663452,1.06547720890816
ESR_1_to_2,O0 Mixed,E3 LTV/Joseph,373,1,2,0.917302395663452,1.06547720890816
ESR_1_to_2,O0 Mixed,E3 LTV/Joseph,374,1,2,0.917302395663452,1.06547720890816
ESR_1_to_2,O0 Mixed,E3 LTV/Joseph,375,1,2,0.917302395663452,1.06547720890816
ESR_1_to_2,O0 Mixed,E3 LTV/Joseph,376,1,2,0.917302395663452,1.06547720890816
ESR_1_to_2,O0 Mixed,E3 LTV/Joseph,377,1,2,0.917302395663452,1.06547720890816
ESR_1_to_2,O0 Mixed,E3 LTV/Joseph,378,1,2,0.917302395663452,1.06547720890816
ESR_1_to_2,O0 Mixed,E3 LTV/Joseph,379,1,2,0.917302395663452,1.06547720890816
ESR_1_to_2,O0 Mixed,E3 LTV/Joseph,380,1,2,0.917302395663452,1.06547720890816
ESR_1_to_2,O0 Mixed,E3 LTV/Joseph,381,1,2,0.917302395663452,1.06547720890816
ESR_1_to_2,O0 Mixed,E3 LTV/Joseph,382,1,2,0.916075784010769,1.0689115331057
ESR_1_to_2,O0 Mixed,E3 LTV/Joseph,383,1,2,0.91628190887255,1.06891663629761
ESR_1_to_2,O0 Mixed,E3 LTV/Joseph,384,1,2,0.917293902150631,1.07152273683148
ESR_1_to_2,O1 Proposed,E1 RLS,1,1,1,0.992509616014727,0.7
ESR_1_to_2,O1 Proposed,E1 RLS,2,1,1,0.992509616014727,1.0576833157776
ESR_1_to_2,O1 Proposed,E1 RLS,3,1,1,1.02582564440874,1.0576833157776
ESR_1_to_2,O1 Proposed,E1 RLS,4,1,1,1.02582564440874,1.053345549478
ESR_1_to_2,O1 Proposed,E1 RLS,5,1,1,1.03540614046701,1.053345549478
ESR_1_to_2,O1 Proposed,E1 RLS,6,1,1,1.03540614046701,1.04641016905854
ESR_1_to_2,O1 Proposed,E1 RLS,7,1,1,1.02952200925693,1.04641016905854
ESR_1_to_2,O1 Proposed,E1 RLS,8,1,1,1.02952200925693,1.04645815362234
ESR_1_to_2,O1 Proposed,E1 RLS,9,1,1,1.00586603630419,1.04645815362234
ESR_1_to_2,O1 Proposed,E1 RLS,10,1,1,1.00586603630419,1.03976413242545
ESR_1_to_2,O1 Proposed,E1 RLS,11,1,1,0.99385670449641,1.03976413242545
ESR_1_to_2,O1 Proposed,E1 RLS,12,1,1,0.99385670449641,1.03440152261381
ESR_1_to_2,O1 Proposed,E1 RLS,13,1,1,1.00313041571919,1.03440152261381
ESR_1_to_2,O1 Proposed,E1 RLS,14,1,1,1.00313041571919,1.02833476636116
ESR_1_to_2,O1 Proposed,E1 RLS,15,1,1,1.00696664214725,1.02833476636116
ESR_1_to_2,O1 Proposed,E1 RLS,16,1,1,1.00696664214725,1.02550280689995
ESR_1_to_2,O1 Proposed,E1 RLS,17,1,1,1.00587999574035,1.02550280689995
ESR_1_to_2,O1 Proposed,E1 RLS,18,1,1,1.00587999574035,1.01853720647133
ESR_1_to_2,O1 Proposed,E1 RLS,19,1,1,1.00896219957435,1.01853720647133
ESR_1_to_2,O1 Proposed,E1 RLS,20,1,1,1.00896219957435,1.01325300114206
ESR_1_to_2,O1 Proposed,E1 RLS,21,1,1,1.00335172726405,1.01325300114206
ESR_1_to_2,O1 Proposed,E1 RLS,22,1,1,1.00335172726405,1.00709615871967
ESR_1_to_2,O1 Proposed,E1 RLS,23,1,1,1.0003104288407,1.00709615871967
ESR_1_to_2,O1 Proposed,E1 RLS,24,1,1,1.0003104288407,1.00341485334675
ESR_1_to_2,O1 Proposed,E1 RLS,25,1,1,1.00296560249829,1.00341485334675
ESR_1_to_2,O1 Proposed,E1 RLS,26,1,1,1.00296560249829,1.00047770027284
ESR_1_to_2,O1 Proposed,E1 RLS,27,1,1,1.00454306574487,1.00047770027284
ESR_1_to_2,O1 Proposed,E1 RLS,28,1,1,1.00454306574487,0.998224274890321
ESR_1_to_2,O1 Proposed,E1 RLS,29,1,1,1.00603904990231,0.998224274890321
ESR_1_to_2,O1 Proposed,E1 RLS,30,1,1,1.00603904990231,0.996159146132126
ESR_1_to_2,O1 Proposed,E1 RLS,31,1,1,1.00929186710002,0.996159146132126
ESR_1_to_2,O1 Proposed,E1 RLS,32,1,1,1.00929186710002,0.995889048779123
ESR_1_to_2,O1 Proposed,E1 RLS,33,1,1,1.00858229120903,0.995889048779123
ESR_1_to_2,O1 Proposed,E1 RLS,34,1,1,1.00858229120903,0.995345584886299
ESR_1_to_2,O1 Proposed,E1 RLS,35,1,1,1.00414835561882,0.995345584886299
ESR_1_to_2,O1 Proposed,E1 RLS,36,1,1,1.00414835561882,0.99763168685598
ESR_1_to_2,O1 Proposed,E1 RLS,37,1,1,1.00388730434123,0.99763168685598
ESR_1_to_2,O1 Proposed,E1 RLS,38,1,1,1.00388730434123,0.999281367176837
ESR_1_to_2,O1 Proposed,E1 RLS,39,1,1,1.00261436518807,0.999281367176837
ESR_1_to_2,O1 Proposed,E1 RLS,40,1,1,1.00261436518807,0.999652782824204
ESR_1_to_2,O1 Proposed,E1 RLS,41,1,1,1.00479511026297,0.999652782824204
ESR_1_to_2,O1 Proposed,E1 RLS,42,1,1,1.00479511026297,1.0017896824808
ESR_1_to_2,O1 Proposed,E1 RLS,43,1,1,1.00540892047564,1.0017896824808
ESR_1_to_2,O1 Proposed,E1 RLS,44,1,1,1.00540892047564,1.00531155349278
ESR_1_to_2,O1 Proposed,E1 RLS,45,1,1,1.0067089889632,1.00531155349278
ESR_1_to_2,O1 Proposed,E1 RLS,46,1,1,1.0067089889632,1.00784810733869
ESR_1_to_2,O1 Proposed,E1 RLS,47,1,1,1.01157365764897,1.00784810733869
ESR_1_to_2,O1 Proposed,E1 RLS,48,1,1,1.01157365764897,1.00756024955289
ESR_1_to_2,O1 Proposed,E1 RLS,49,1,1,1.01089071764859,1.00756024955289
ESR_1_to_2,O1 Proposed,E1 RLS,50,1,1,1.01089071764859,1.00941452150126
ESR_1_to_2,O1 Proposed,E1 RLS,51,1,1,1.00944041389906,1.00941452150126
ESR_1_to_2,O1 Proposed,E1 RLS,52,1,1,1.00944041389906,1.00929809769224
ESR_1_to_2,O1 Proposed,E1 RLS,53,1,1,1.01051767199924,1.00929809769224
ESR_1_to_2,O1 Proposed,E1 RLS,54,1,1,1.01051767199924,1.00861268706514
ESR_1_to_2,O1 Proposed,E1 RLS,55,1,1,1.00952983327734,1.00861268706514
ESR_1_to_2,O1 Proposed,E1 RLS,56,1,1,1.00952983327734,1.00613045756585
ESR_1_to_2,O1 Proposed,E1 RLS,57,1,1,1.00858733960071,1.00613045756585
ESR_1_to_2,O1 Proposed,E1 RLS,58,1,1,1.00858733960071,1.0037078863002
ESR_1_to_2,O1 Proposed,E1 RLS,59,1,1,1.00809391300024,1.0037078863002
ESR_1_to_2,O1 Proposed,E1 RLS,60,1,1,1.00809391300024,1.00156963469924
ESR_1_to_2,O1 Proposed,E1 RLS,61,1,1,1.0064419090584,1.00156963469924
ESR_1_to_2,O1 Proposed,E1 RLS,62,1,1,1.0064419090584,0.999771843265869
ESR_1_to_2,O1 Proposed,E1 RLS,63,1,1,1.00644962499464,0.999771843265869
ESR_1_to_2,O1 Proposed,E1 RLS,64,1,1,1.00644962499464,0.99869164998069
ESR_1_to_2,O1 Proposed,E1 RLS,65,1,1,1.00738414996783,0.99869164998069
ESR_1_to_2,O1 Proposed,E1 RLS,66,1,1,1.00738414996783,0.997535155333332
ESR_1_to_2,O1 Proposed,E1 RLS,67,1,1,1.00781814355262,0.997535155333332
ESR_1_to_2,O1 Proposed,E1 RLS,68,1,1,1.00781814355262,0.99658254820551
ESR_1_to_2,O1 Proposed,E1 RLS,69,1,1,1.00747548948374,0.99658254820551
ESR_1_to_2,O1 Proposed,E1 RLS,70,1,1,1.00747548948374,0.996564743580734
ESR_1_to_2,O1 Proposed,E1 RLS,71,1,1,1.00714542868932,0.996564743580734
ESR_1_to_2,O1 Proposed,E1 RLS,72,1,1,1.00714542868932,0.995900889111878
ESR_1_to_2,O1 Proposed,E1 RLS,73,1,1,1.00728766048862,0.995900889111878
ESR_1_to_2,O1 Proposed,E1 RLS,74,1,1,1.00728766048862,0.997214186801339
ESR_1_to_2,O1 Proposed,E1 RLS,75,1,1,1.00987627153723,0.997214186801339
ESR_1_to_2,O1 Proposed,E1 RLS,76,1,1,1.00987627153723,0.999201029372642
ESR_1_to_2,O1 Proposed,E1 RLS,77,1,1,1.00783168467494,0.999201029372642
ESR_1_to_2,O1 Proposed,E1 RLS,78,1,1,1.00783168467494,0.999950103674969
ESR_1_to_2,O1 Proposed,E1 RLS,79,1,1,1.00776642035278,0.999950103674969
ESR_1_to_2,O1 Proposed,E1 RLS,80,1,1,1.00776642035278,1.00129385707625
ESR_1_to_2,O1 Proposed,E1 RLS,81,1,1,1.0054280124276,1.00129385707625
ESR_1_to_2,O1 Proposed,E1 RLS,82,1,1,1.0054280124276,1.00144443137978
ESR_1_to_2,O1 Proposed,E1 RLS,83,1,1,1.00610001023136,1.00144443137978
ESR_1_to_2,O1 Proposed,E1 RLS,84,1,1,1.00610001023136,1.00216800418796
ESR_1_to_2,O1 Proposed,E1 RLS,85,1,1,1.00503455292556,1.00216800418796
ESR_1_to_2,O1 Proposed,E1 RLS,86,1,1,1.00503455292556,1.00142594392464
ESR_1_to_2,O1 Proposed,E1 RLS,87,1,1,1.00379597694115,1.00142594392464
ESR_1_to_2,O1 Proposed,E1 RLS,88,1,1,1.00379597694115,1.00143801986983
ESR_1_to_2,O1 Proposed,E1 RLS,89,1,1,1.00414291179464,1.00143801986983
ESR_1_to_2,O1 Proposed,E1 RLS,90,1,1,1.00414291179464,1.00153957052267
ESR_1_to_2,O1 Proposed,E1 RLS,91,1,1,1.00477870528002,1.00153957052267
ESR_1_to_2,O1 Proposed,E1 RLS,92,1,1,1.00477870528002,1.00035051699833
ESR_1_to_2,O1 Proposed,E1 RLS,93,1,1,1.00488281560933,1.00035051699833
ESR_1_to_2,O1 Proposed,E1 RLS,94,1,1,1.00488281560933,0.999814577076137
ESR_1_to_2,O1 Proposed,E1 RLS,95,1,1,1.00354856955154,0.999814577076137
ESR_1_to_2,O1 Proposed,E1 RLS,96,1,1,1.00354856955154,0.998514303471811
ESR_1_to_2,O1 Proposed,E1 RLS,97,1,1,1.00351187095726,0.998514303471811
ESR_1_to_2,O1 Proposed,E1 RLS,98,1,1,1.00351187095726,0.997179632503939
ESR_1_to_2,O1 Proposed,E1 RLS,99,1,1,1.00315914258252,0.997179632503939
ESR_1_to_2,O1 Proposed,E1 RLS,100,1,1,1.00315914258252,0.996228181847975
ESR_1_to_2,O1 Proposed,E1 RLS,101,1,1,1.00236671797837,0.996228181847975
ESR_1_to_2,O1 Proposed,E1 RLS,102,1,1,1.00236671797837,0.995472080946778
ESR_1_to_2,O1 Proposed,E1 RLS,103,1,1,1.00237188353532,0.995472080946778
ESR_1_to_2,O1 Proposed,E1 RLS,104,1,1,1.00237188353532,0.995578999304438
ESR_1_to_2,O1 Proposed,E1 RLS,105,1,1,1.00327256650841,0.995578999304438
ESR_1_to_2,O1 Proposed,E1 RLS,106,1,1,1.00327256650841,0.995875784593953
ESR_1_to_2,O1 Proposed,E1 RLS,107,1,1,1.00240838536812,0.995875784593953
ESR_1_to_2,O1 Proposed,E1 RLS,108,1,1,1.00240838536812,0.995679247784295
ESR_1_to_2,O1 Proposed,E1 RLS,109,1,1,1.00292936492886,0.995679247784295
ESR_1_to_2,O1 Proposed,E1 RLS,110,1,1,1.00292936492886,0.995860165469815
ESR_1_to_2,O1 Proposed,E1 RLS,111,1,1,1.0041544788192,0.995860165469815
ESR_1_to_2,O1 Proposed,E1 RLS,112,1,1,1.0041544788192,0.996636269229426
ESR_1_to_2,O1 Proposed,E1 RLS,113,1,1,1.00615198467189,0.996636269229426
ESR_1_to_2,O1 Proposed,E1 RLS,114,1,1,1.00615198467189,0.997121765867637
ESR_1_to_2,O1 Proposed,E1 RLS,115,1,1,1.00641008884646,0.997121765867637
ESR_1_to_2,O1 Proposed,E1 RLS,116,1,1,1.00641008884646,0.998353773585747
ESR_1_to_2,O1 Proposed,E1 RLS,117,1,1,1.00763987312277,0.998353773585747
ESR_1_to_2,O1 Proposed,E1 RLS,118,1,1,1.00763987312277,0.999657612086387
ESR_1_to_2,O1 Proposed,E1 RLS,119,1,1,1.0082585721854,0.999657612086387
ESR_1_to_2,O1 Proposed,E1 RLS,120,1,1,1.0082585721854,1.00038764224655
ESR_1_to_2,O1 Proposed,E1 RLS,121,1,1,1.00787904763159,1.00038764224655
ESR_1_to_2,O1 Proposed,E1 RLS,122,1,1,1.00787904763159,0.999847406560059
ESR_1_to_2,O1 Proposed,E1 RLS,123,1,1,1.00825879902267,0.999847406560059
ESR_1_to_2,O1 Proposed,E1 RLS,124,1,1,1.00825879902267,0.999344318636407
ESR_1_to_2,O1 Proposed,E1 RLS,125,1,1,1.00808376231452,0.999344318636407
ESR_1_to_2,O1 Proposed,E1 RLS,126,1,1,1.00808376231452,0.999619647634345
ESR_1_to_2,O1 Proposed,E1 RLS,127,1,1,1.00753727180565,0.999619647634345
ESR_1_to_2,O1 Proposed,E1 RLS,128,1,2,1.00753727180565,1.01776839965723
ESR_1_to_2,O1 Proposed,E1 RLS,129,1,2,1.00795686350441,1.01776839965723
ESR_1_to_2,O1 Proposed,E1 RLS,130,1,2,1.00795686350441,1.034134407541
ESR_1_to_2,O1 Proposed,E1 RLS,131,1,2,1.00732888072761,1.034134407541
ESR_1_to_2,O1 Proposed,E1 RLS,132,1,2,1.00732888072761,1.04896737806758
ESR_1_to_2,O1 Proposed,E1 RLS,133,1,2,1.00735939707731,1.04896737806758
ESR_1_to_2,O1 Proposed,E1 RLS,134,1,2,1.00735939707731,1.06165661736466
ESR_1_to_2,O1 Proposed,E1 RLS,135,1,2,1.0079864069302,1.06165661736466
ESR_1_to_2,O1 Proposed,E1 RLS,136,1,2,1.0079864069302,1.07344326703625
ESR_1_to_2,O1 Proposed,E1 RLS,137,1,2,1.00794163821141,1.07344326703625
ESR_1_to_2,O1 Proposed,E1 RLS,138,1,2,1.00794163821141,1.08491811731106
ESR_1_to_2,O1 Proposed,E1 RLS,139,1,2,1.00749022266713,1.08491811731106
ESR_1_to_2,O1 Proposed,E1 RLS,140,1,2,1.00749022266713,1.09652722212793
ESR_1_to_2,O1 Proposed,E1 RLS,141,1,2,1.00692332999873,1.09652722212793
ESR_1_to_2,O1 Proposed,E1 RLS,142,1,2,1.00692332999873,1.10810098810669
ESR_1_to_2,O1 Proposed,E1 RLS,143,1,2,1.00561829502322,1.10810098810669
ESR_1_to_2,O1 Proposed,E1 RLS,144,1,2,1.00561829502322,1.1204931462478
ESR_1_to_2,O1 Proposed,E1 RLS,145,1,2,1.00632946049279,1.1204931462478
ESR_1_to_2,O1 Proposed,E1 RLS,146,1,2,1.00632946049279,1.13426279057843
ESR_1_to_2,O1 Proposed,E1 RLS,147,1,2,1.00658259827054,1.13426279057843
ESR_1_to_2,O1 Proposed,E1 RLS,148,1,2,1.00658259827054,1.14926550218641
ESR_1_to_2,O1 Proposed,E1 RLS,149,1,2,1.00620007761974,1.14926550218641
ESR_1_to_2,O1 Proposed,E1 RLS,150,1,2,1.00620007761974,1.16408984144675
ESR_1_to_2,O1 Proposed,E1 RLS,151,1,2,1.00623767059748,1.16408984144675
ESR_1_to_2,O1 Proposed,E1 RLS,152,1,2,1.00623767059748,1.18070885926918
ESR_1_to_2,O1 Proposed,E1 RLS,153,1,2,1.00636896843359,1.18070885926918
ESR_1_to_2,O1 Proposed,E1 RLS,154,1,2,1.00636896843359,1.19675340110215
ESR_1_to_2,O1 Proposed,E1 RLS,155,1,2,1.00549614825408,1.19675340110215
ESR_1_to_2,O1 Proposed,E1 RLS,156,1,2,1.00549614825408,1.21168787185129
ESR_1_to_2,O1 Proposed,E1 RLS,157,1,2,1.00371927865494,1.21168787185129
ESR_1_to_2,O1 Proposed,E1 RLS,158,1,2,1.00371927865494,1.2268000291991
ESR_1_to_2,O1 Proposed,E1 RLS,159,1,2,1.00415939328776,1.2268000291991
ESR_1_to_2,O1 Proposed,E1 RLS,160,1,2,1.00415939328776,1.24135333545533
ESR_1_to_2,O1 Proposed,E1 RLS,161,1,2,1.00383666624788,1.24135333545533
ESR_1_to_2,O1 Proposed,E1 RLS,162,1,2,1.00383666624788,1.25440051454781
ESR_1_to_2,O1 Proposed,E1 RLS,163,1,2,1.00409181625375,1.25440051454781
ESR_1_to_2,O1 Proposed,E1 RLS,164,1,2,1.00409181625375,1.26589267099196
ESR_1_to_2,O1 Proposed,E1 RLS,165,1,2,1.00393165998468,1.26589267099196
ESR_1_to_2,O1 Proposed,E1 RLS,166,1,2,1.00393165998468,1.27690917723165
ESR_1_to_2,O1 Proposed,E1 RLS,167,1,2,1.0044916559137,1.27690917723165
ESR_1_to_2,O1 Proposed,E1 RLS,168,1,2,1.0044916559137,1.28607212020629
ESR_1_to_2,O1 Proposed,E1 RLS,169,1,2,1.00487507521016,1.28607212020629
ESR_1_to_2,O1 Proposed,E1 RLS,170,1,2,1.00487507521016,1.29383638751064
ESR_1_to_2,O1 Proposed,E1 RLS,171,1,2,1.00471902333796,1.29383638751064
ESR_1_to_2,O1 Proposed,E1 RLS,172,1,2,1.00471902333796,1.30121730807372
ESR_1_to_2,O1 Proposed,E1 RLS,173,1,2,1.00537835141738,1.30121730807372
ESR_1_to_2,O1 Proposed,E1 RLS,174,1,2,1.00537835141738,1.30809852292124
ESR_1_to_2,O1 Proposed,E1 RLS,175,1,2,1.00563691060578,1.30809852292124
ESR_1_to_2,O1 Proposed,E1 RLS,176,1,2,1.00563691060578,1.3147910159579
ESR_1_to_2,O1 Proposed,E1 RLS,177,1,2,1.00464411481194,1.3147910159579
ESR_1_to_2,O1 Proposed,E1 RLS,178,1,2,1.00464411481194,1.32202064867042
ESR_1_to_2,O1 Proposed,E1 RLS,179,1,2,1.00427336730247,1.32202064867042
ESR_1_to_2,O1 Proposed,E1 RLS,180,1,2,1.00427336730247,1.32974416462759
ESR_1_to_2,O1 Proposed,E1 RLS,181,1,2,1.00507237208303,1.32974416462759
ESR_1_to_2,O1 Proposed,E1 RLS,182,1,2,1.00507237208303,1.33730886211355
ESR_1_to_2,O1 Proposed,E1 RLS,183,1,2,1.00518605124137,1.33730886211355
ESR_1_to_2,O1 Proposed,E1 RLS,184,1,2,1.00518605124137,1.34633690123171
ESR_1_to_2,O1 Proposed,E1 RLS,185,1,2,1.00538239492407,1.34633690123171
ESR_1_to_2,O1 Proposed,E1 RLS,186,1,2,1.00538239492407,1.35626952614614
ESR_1_to_2,O1 Proposed,E1 RLS,187,1,2,1.00449748012918,1.35626952614614
ESR_1_to_2,O1 Proposed,E1 RLS,188,1,2,1.00449748012918,1.36692372097769
ESR_1_to_2,O1 Proposed,E1 RLS,189,1,2,1.00410211951745,1.36692372097769
ESR_1_to_2,O1 Proposed,E1 RLS,190,1,2,1.00410211951745,1.37759377303187
ESR_1_to_2,O1 Proposed,E1 RLS,191,1,2,1.00337984297479,1.37759377303187
ESR_1_to_2,O1 Proposed,E1 RLS,192,1,2,1.00337984297479,1.38791109720746
ESR_1_to_2,O1 Proposed,E1 RLS,193,1,2,1.00360112729745,1.38791109720746
ESR_1_to_2,O1 Proposed,E1 RLS,194,1,2,1.00360112729745,1.39849255985812
ESR_1_to_2,O1 Proposed,E1 RLS,195,1,2,1.0028206134592,1.39849255985812
ESR_1_to_2,O1 Proposed,E1 RLS,196,1,2,1.0028206134592,1.40810180987032
ESR_1_to_2,O1 Proposed,E1 RLS,197,1,2,1.0033873627064,1.40810180987032
ESR_1_to_2,O1 Proposed,E1 RLS,198,1,2,1.0033873627064,1.4171397725058
ESR_1_to_2,O1 Proposed,E1 RLS,199,1,2,1.00438562971367,1.4171397725058
ESR_1_to_2,O1 Proposed,E1 RLS,200,1,2,1.00438562971367,1.42491619554584
ESR_1_to_2,O1 Proposed,E1 RLS,201,1,2,1.00360416648021,1.42491619554584
ESR_1_to_2,O1 Proposed,E1 RLS,202,1,2,1.00360416648021,1.43223780462406
ESR_1_to_2,O1 Proposed,E1 RLS,203,1,2,1.00343153163572,1.43223780462406
ESR_1_to_2,O1 Proposed,E1 RLS,204,1,2,1.00343153163572,1.43799022284509
ESR_1_to_2,O1 Proposed,E1 RLS,205,1,2,1.00371671554111,1.43799022284509
ESR_1_to_2,O1 Proposed,E1 RLS,206,1,2,1.00371671554111,1.44366747536256
ESR_1_to_2,O1 Proposed,E1 RLS,207,1,2,1.00317252776881,1.44366747536256
ESR_1_to_2,O1 Proposed,E1 RLS,208,1,2,1.00317252776881,1.44877552977551
ESR_1_to_2,O1 Proposed,E1 RLS,209,1,2,1.00377256200602,1.44877552977551
ESR_1_to_2,O1 Proposed,E1 RLS,210,1,2,1.00377256200602,1.45332153339289
ESR_1_to_2,O1 Proposed,E1 RLS,211,1,2,1.00378908800205,1.45332153339289
ESR_1_to_2,O1 Proposed,E1 RLS,212,1,2,1.00378908800205,1.45715076157946
ESR_1_to_2,O1 Proposed,E1 RLS,213,1,2,1.00413652360916,1.45715076157946
ESR_1_to_2,O1 Proposed,E1 RLS,214,1,2,1.00413652360916,1.46209902928572
ESR_1_to_2,O1 Proposed,E1 RLS,215,1,2,1.00368255292009,1.46209902928572
ESR_1_to_2,O1 Proposed,E1 RLS,216,1,2,1.00368255292009,1.46689792355448
ESR_1_to_2,O1 Proposed,E1 RLS,217,1,2,1.00348576008042,1.46689792355448
ESR_1_to_2,O1 Proposed,E1 RLS,218,1,2,1.00348576008042,1.47256080707678
ESR_1_to_2,O1 Proposed,E1 RLS,219,1,2,1.00334612690819,1.47256080707678
ESR_1_to_2,O1 Proposed,E1 RLS,220,1,2,1.00334612690819,1.47852826377585
ESR_1_to_2,O1 Proposed,E1 RLS,221,1,2,1.00334120700996,1.47852826377585
ESR_1_to_2,O1 Proposed,E1 RLS,222,1,2,1.00334120700996,1.48477504612079
ESR_1_to_2,O1 Proposed,E1 RLS,223,1,2,1.00400493986354,1.48477504612079
ESR_1_to_2,O1 Proposed,E1 RLS,224,1,2,1.00400493986354,1.49163500142968
ESR_1_to_2,O1 Proposed,E1 RLS,225,1,2,1.00308184415554,1.49163500142968
ESR_1_to_2,O1 Proposed,E1 RLS,226,1,2,1.00308184415554,1.4993005675386
ESR_1_to_2,O1 Proposed,E1 RLS,227,1,2,1.00338574218967,1.4993005675386
ESR_1_to_2,O1 Proposed,E1 RLS,228,1,2,1.00338574218967,1.50694903553779
ESR_1_to_2,O1 Proposed,E1 RLS,229,1,2,1.00259764796307,1.50694903553779
ESR_1_to_2,O1 Proposed,E1 RLS,230,1,2,1.00259764796307,1.51428001543026
ESR_1_to_2,O1 Proposed,E1 RLS,231,1,2,1.00202464091085,1.51428001543026
ESR_1_to_2,O1 Proposed,E1 RLS,232,1,2,1.00202464091085,1.52173448210604
ESR_1_to_2,O1 Proposed,E1 RLS,233,1,2,1.00280764716718,1.52173448210604
ESR_1_to_2,O1 Proposed,E1 RLS,234,1,2,1.00280764716718,1.52841045021925
ESR_1_to_2,O1 Proposed,E1 RLS,235,1,2,1.00356534544913,1.52841045021925
ESR_1_to_2,O1 Proposed,E1 RLS,236,1,2,1.00356534544913,1.53478249142916
ESR_1_to_2,O1 Proposed,E1 RLS,237,1,2,1.00357877948415,1.53478249142916
ESR_1_to_2,O1 Proposed,E1 RLS,238,1,2,1.00357877948415,1.53970941616535
ESR_1_to_2,O1 Proposed,E1 RLS,239,1,2,1.00294263896858,1.53970941616535
ESR_1_to_2,O1 Proposed,E1 RLS,240,1,2,1.00294263896858,1.54431722818081
ESR_1_to_2,O1 Proposed,E1 RLS,241,1,2,1.00228414694443,1.54431722818081
ESR_1_to_2,O1 Proposed,E1 RLS,242,1,2,1.00228414694443,1.54859648808846
ESR_1_to_2,O1 Proposed,E1 RLS,243,1,2,1.00263770734323,1.54859648808846
ESR_1_to_2,O1 Proposed,E1 RLS,244,1,2,1.00263770734323,1.55243794264979
ESR_1_to_2,O1 Proposed,E1 RLS,245,1,2,1.00242107093707,1.55243794264979
ESR_1_to_2,O1 Proposed,E1 RLS,246,1,2,1.00242107093707,1.55572562499164
ESR_1_to_2,O1 Proposed,E1 RLS,247,1,2,1.0023274642601,1.55572562499164
ESR_1_to_2,O1 Proposed,E1 RLS,248,1,2,1.0023274642601,1.55865440011857
ESR_1_to_2,O1 Proposed,E1 RLS,249,1,2,1.00181582913731,1.55865440011857
ESR_1_to_2,O1 Proposed,E1 RLS,250,1,2,1.00181582913731,1.56185447951751
ESR_1_to_2,O1 Proposed,E1 RLS,251,1,2,1.00253183708892,1.56185447951751
ESR_1_to_2,O1 Proposed,E1 RLS,252,1,2,1.00253183708892,1.56512741627553
ESR_1_to_2,O1 Proposed,E1 RLS,253,1,2,1.00228476932627,1.56512741627553
ESR_1_to_2,O1 Proposed,E1 RLS,254,1,2,1.00228476932627,1.56871893466481
ESR_1_to_2,O1 Proposed,E1 RLS,255,1,2,1.00240683091982,1.56871893466481
ESR_1_to_2,O1 Proposed,E1 RLS,256,1,2,1.00240683091982,1.57265890309772
ESR_1_to_2,O1 Proposed,E1 RLS,257,1,2,1.00278496780851,1.57265890309772
ESR_1_to_2,O1 Proposed,E1 RLS,258,1,2,1.00278496780851,1.57694050250482
ESR_1_to_2,O1 Proposed,E1 RLS,259,1,2,1.00209994506537,1.57694050250482
ESR_1_to_2,O1 Proposed,E1 RLS,260,1,2,1.00209994506537,1.5818024651918
ESR_1_to_2,O1 Proposed,E1 RLS,261,1,2,1.00285519509843,1.5818024651918
ESR_1_to_2,O1 Proposed,E1 RLS,262,1,2,1.00285519509843,1.58741434578273
ESR_1_to_2,O1 Proposed,E1 RLS,263,1,2,1.00286751882177,1.58741434578273
ESR_1_to_2,O1 Proposed,E1 RLS,264,1,2,1.00286751882177,1.59303217473893
ESR_1_to_2,O1 Proposed,E1 RLS,265,1,2,1.00347239375713,1.59303217473893
ESR_1_to_2,O1 Proposed,E1 RLS,266,1,2,1.00347239375713,1.59925537220888
ESR_1_to_2,O1 Proposed,E1 RLS,267,1,2,1.00315799206861,1.59925537220888
ESR_1_to_2,O1 Proposed,E1 RLS,268,1,2,1.00315799206861,1.60520274157456
ESR_1_to_2,O1 Proposed,E1 RLS,269,1,2,1.00450235788848,1.60520274157456
ESR_1_to_2,O1 Proposed,E1 RLS,270,1,2,1.00450235788848,1.61082162127619
ESR_1_to_2,O1 Proposed,E1 RLS,271,1,2,1.0044867664908,1.61082162127619
ESR_1_to_2,O1 Proposed,E1 RLS,272,1,2,1.0044867664908,1.61535461619614
ESR_1_to_2,O1 Proposed,E1 RLS,273,1,2,1.00463781876575,1.61535461619614
ESR_1_to_2,O1 Proposed,E1 RLS,274,1,2,1.00463781876575,1.61961003338038
ESR_1_to_2,O1 Proposed,E1 RLS,275,1,2,1.00531925602377,1.61961003338038
ESR_1_to_2,O1 Proposed,E1 RLS,276,1,2,1.00531925602377,1.62327958355292
ESR_1_to_2,O1 Proposed,E1 RLS,277,1,2,1.00576582809892,1.62327958355292
ESR_1_to_2,O1 Proposed,E1 RLS,278,1,2,1.00576582809892,1.62648507077277
ESR_1_to_2,O1 Proposed,E1 RLS,279,1,2,1.00563003079267,1.62648507077277
ESR_1_to_2,O1 Proposed,E1 RLS,280,1,2,1.00563003079267,1.62919725694432
ESR_1_to_2,O1 Proposed,E1 RLS,281,1,2,1.00564017100372,1.62919725694432
ESR_1_to_2,O1 Proposed,E1 RLS,282,1,2,1.00564017100372,1.6321447862629
ESR_1_to_2,O1 Proposed,E1 RLS,283,1,2,1.00539104275582,1.6321447862629
ESR_1_to_2,O1 Proposed,E1 RLS,284,1,2,1.00539104275582,1.63438102818785
ESR_1_to_2,O1 Proposed,E1 RLS,285,1,2,1.00543046832938,1.63438102818785
ESR_1_to_2,O1 Proposed,E1 RLS,286,1,2,1.00543046832938,1.63651554298082
ESR_1_to_2,O1 Proposed,E1 RLS,287,1,2,1.00555088385294,1.63651554298082
ESR_1_to_2,O1 Proposed,E1 RLS,288,1,2,1.00555088385294,1.63875672526546
ESR_1_to_2,O1 Proposed,E1 RLS,289,1,2,1.00602308537521,1.63875672526546
ESR_1_to_2,O1 Proposed,E1 RLS,290,1,2,1.00602308537521,1.64178336862864
ESR_1_to_2,O1 Proposed,E1 RLS,291,1,2,1.00627731423467,1.64178336862864
ESR_1_to_2,O1 Proposed,E1 RLS,292,1,2,1.00627731423467,1.64457097937392
ESR_1_to_2,O1 Proposed,E1 RLS,293,1,2,1.00599465344113,1.64457097937392
ESR_1_to_2,O1 Proposed,E1 RLS,294,1,2,1.00599465344113,1.6478130521193
ESR_1_to_2,O1 Proposed,E1 RLS,295,1,2,1.00622436725409,1.6478130521193
ESR_1_to_2,O1 Proposed,E1 RLS,296,1,2,1.00622436725409,1.65129137018211
ESR_1_to_2,O1 Proposed,E1 RLS,297,1,2,1.00644036032364,1.65129137018211
ESR_1_to_2,O1 Proposed,E1 RLS,298,1,2,1.00644036032364,1.65532502384994
ESR_1_to_2,O1 Proposed,E1 RLS,299,1,2,1.00580616482212,1.65532502384994
ESR_1_to_2,O1 Proposed,E1 RLS,300,1,2,1.00580616482212,1.6596314438066
ESR_1_to_2,O1 Proposed,E1 RLS,301,1,2,1.00517540493628,1.6596314438066
ESR_1_to_2,O1 Proposed,E1 RLS,302,1,2,1.00517540493628,1.66397545735753
ESR_1_to_2,O1 Proposed,E1 RLS,303,1,2,1.00476134485472,1.66397545735753
ESR_1_to_2,O1 Proposed,E1 RLS,304,1,2,1.00476134485472,1.66811340585731
ESR_1_to_2,O1 Proposed,E1 RLS,305,1,2,1.00423521110707,1.66811340585731
ESR_1_to_2,O1 Proposed,E1 RLS,306,1,2,1.00423521110707,1.67269050427609
ESR_1_to_2,O1 Proposed,E1 RLS,307,1,2,1.00424982862887,1.67269050427609
ESR_1_to_2,O1 Proposed,E1 RLS,308,1,2,1.00424982862887,1.67604395060289
ESR_1_to_2,O1 Proposed,E1 RLS,309,1,2,1.00446936848354,1.67604395060289
ESR_1_to_2,O1 Proposed,E1 RLS,310,1,2,1.00446936848354,1.67915947093268
ESR_1_to_2,O1 Proposed,E1 RLS,311,1,2,1.0051410256762,1.67915947093268
ESR_1_to_2,O1 Proposed,E1 RLS,312,1,2,1.0051410256762,1.6821047402633
ESR_1_to_2,O1 Proposed,E1 RLS,313,1,2,1.00502600996588,1.6821047402633
ESR_1_to_2,O1 Proposed,E1 RLS,314,1,2,1.00502600996588,1.68469879822722
ESR_1_to_2,O1 Proposed,E1 RLS,315,1,2,1.00477243530595,1.68469879822722
ESR_1_to_2,O1 Proposed,E1 RLS,316,1,2,1.00477243530595,1.68725074063204
ESR_1_to_2,O1 Proposed,E1 RLS,317,1,2,1.00508235260621,1.68725074063204
ESR_1_to_2,O1 Proposed,E1 RLS,318,1,2,1.00508235260621,1.6897408669938
ESR_1_to_2,O1 Proposed,E1 RLS,319,1,2,1.00495069210255,1.6897408669938
ESR_1_to_2,O1 Proposed,E1 RLS,320,1,2,1.00495069210255,1.69158101514884
ESR_1_to_2,O1 Proposed,E1 RLS,321,1,2,1.00508199432088,1.69158101514884
ESR_1_to_2,O1 Proposed,E1 RLS,322,1,2,1.00508199432088,1.69322063095631
ESR_1_to_2,O1 Proposed,E1 RLS,323,1,2,1.00471452056168,1.69322063095631
ESR_1_to_2,O1 Proposed,E1 RLS,324,1,2,1.00471452056168,1.69500793649147
ESR_1_to_2,O1 Proposed,E1 RLS,325,1,2,1.00474834803131,1.69500793649147
ESR_1_to_2,O1 Proposed,E1 RLS,326,1,2,1.00474834803131,1.69717888143778
ESR_1_to_2,O1 Proposed,E1 RLS,327,1,2,1.0045132207007,1.69717888143778
ESR_1_to_2,O1 Proposed,E1 RLS,328,1,2,1.0045132207007,1.69917088886368
ESR_1_to_2,O1 Proposed,E1 RLS,329,1,2,1.00457009383404,1.69917088886368
ESR_1_to_2,O1 Proposed,E1 RLS,330,1,2,1.00457009383404,1.70155847836175
ESR_1_to_2,O1 Proposed,E1 RLS,331,1,2,1.00439687880807,1.70155847836175
ESR_1_to_2,O1 Proposed,E1 RLS,332,1,2,1.00439687880807,1.70387000120844
ESR_1_to_2,O1 Proposed,E1 RLS,333,1,2,1.00472256886646,1.70387000120844
ESR_1_to_2,O1 Proposed,E1 RLS,334,1,2,1.00472256886646,1.70683242714681
ESR_1_to_2,O1 Proposed,E1 RLS,335,1,2,1.00472935132423,1.70683242714681
ESR_1_to_2,O1 Proposed,E1 RLS,336,1,2,1.00472935132423,1.70954289464076
ESR_1_to_2,O1 Proposed,E1 RLS,337,1,2,1.00497855750717,1.70954289464076
ESR_1_to_2,O1 Proposed,E1 RLS,338,1,2,1.00497855750717,1.71298004154376
ESR_1_to_2,O1 Proposed,E1 RLS,339,1,2,1.00571205259283,1.71298004154376
ESR_1_to_2,O1 Proposed,E1 RLS,340,1,2,1.00571205259283,1.71657439859257
ESR_1_to_2,O1 Proposed,E1 RLS,341,1,2,1.00471672183028,1.71657439859257
ESR_1_to_2,O1 Proposed,E1 RLS,342,1,2,1.00471672183028,1.72010344574814
ESR_1_to_2,O1 Proposed,E1 RLS,343,1,2,1.00502638697408,1.72010344574814
ESR_1_to_2,O1 Proposed,E1 RLS,344,1,2,1.00502638697408,1.72317594783564
ESR_1_to_2,O1 Proposed,E1 RLS,345,1,2,1.00450895065239,1.72317594783564
ESR_1_to_2,O1 Proposed,E1 RLS,346,1,2,1.00450895065239,1.72605766778744
ESR_1_to_2,O1 Proposed,E1 RLS,347,1,2,1.00420395422711,1.72605766778744
ESR_1_to_2,O1 Proposed,E1 RLS,348,1,2,1.00420395422711,1.72853493871884
ESR_1_to_2,O1 Proposed,E1 RLS,349,1,2,1.0046125985557,1.72853493871884
ESR_1_to_2,O1 Proposed,E1 RLS,350,1,2,1.0046125985557,1.73050215933762
ESR_1_to_2,O1 Proposed,E1 RLS,351,1,2,1.00418830319088,1.73050215933762
ESR_1_to_2,O1 Proposed,E1 RLS,352,1,2,1.00418830319088,1.73214508511499
ESR_1_to_2,O1 Proposed,E1 RLS,353,1,2,1.00393534418122,1.73214508511499
ESR_1_to_2,O1 Proposed,E1 RLS,354,1,2,1.00393534418122,1.73394422491877
ESR_1_to_2,O1 Proposed,E1 RLS,355,1,2,1.00348822916764,1.73394422491877
ESR_1_to_2,O1 Proposed,E1 RLS,356,1,2,1.00348822916764,1.73506755972593
ESR_1_to_2,O1 Proposed,E1 RLS,357,1,2,1.00323301470433,1.73506755972593
ESR_1_to_2,O1 Proposed,E1 RLS,358,1,2,1.00323301470433,1.73663510476548
ESR_1_to_2,O1 Proposed,E1 RLS,359,1,2,1.00313959653356,1.73663510476548
ESR_1_to_2,O1 Proposed,E1 RLS,360,1,2,1.00313959653356,1.73796520271526
ESR_1_to_2,O1 Proposed,E1 RLS,361,1,2,1.00302986653064,1.73796520271526
ESR_1_to_2,O1 Proposed,E1 RLS,362,1,2,1.00302986653064,1.7392829765844
ESR_1_to_2,O1 Proposed,E1 RLS,363,1,2,1.00372053686577,1.7392829765844
ESR_1_to_2,O1 Proposed,E1 RLS,364,1,2,1.00372053686577,1.74073725255706
ESR_1_to_2,O1 Proposed,E1 RLS,365,1,2,1.00406040005437,1.74073725255706
ESR_1_to_2,O1 Proposed,E1 RLS,366,1,2,1.00406040005437,1.7425872547832
ESR_1_to_2,O1 Proposed,E1 RLS,367,1,2,1.00345260609492,1.7425872547832
ESR_1_to_2,O1 Proposed,E1 RLS,368,1,2,1.00345260609492,1.74462029163123
ESR_1_to_2,O1 Proposed,E1 RLS,369,1,2,1.0032531781253,1.74462029163123
ESR_1_to_2,O1 Proposed,E1 RLS,370,1,2,1.0032531781253,1.74691613311652
ESR_1_to_2,O1 Proposed,E1 RLS,371,1,2,1.00335446757146,1.74691613311652
ESR_1_to_2,O1 Proposed,E1 RLS,372,1,2,1.00335446757146,1.74956587739533
ESR_1_to_2,O1 Proposed,E1 RLS,373,1,2,1.00293840035207,1.74956587739533
ESR_1_to_2,O1 Proposed,E1 RLS,374,1,2,1.00293840035207,1.75227079518407
ESR_1_to_2,O1 Proposed,E1 RLS,375,1,2,1.00333550770526,1.75227079518407
ESR_1_to_2,O1 Proposed,E1 RLS,376,1,2,1.00333550770526,1.75499205047568
ESR_1_to_2,O1 Proposed,E1 RLS,377,1,2,1.00275278279153,1.75499205047568
ESR_1_to_2,O1 Proposed,E1 RLS,378,1,2,1.00275278279153,1.75748397046196
ESR_1_to_2,O1 Proposed,E1 RLS,379,1,2,1.00336399062,1.75748397046196
ESR_1_to_2,O1 Proposed,E1 RLS,380,1,2,1.00336399062,1.76018615162288
ESR_1_to_2,O1 Proposed,E1 RLS,381,1,2,1.00204363585268,1.76018615162288
ESR_1_to_2,O1 Proposed,E1 RLS,382,1,2,1.00204363585268,1.76252069279379
ESR_1_to_2,O1 Proposed,E1 RLS,383,1,2,1.00280852256307,1.76252069279379
ESR_1_to_2,O1 Proposed,E1 RLS,384,1,2,1.00280852256307,1.76479012822047
ESR_1_to_2,O1 Proposed,E2 Dual EKF,1,1,1,1.15,1.05504812829772
ESR_1_to_2,O1 Proposed,E2 Dual EKF,2,1,1,1.15,1.05504812829772
ESR_1_to_2,O1 Proposed,E2 Dual EKF,3,1,1,1.07665541317789,1.05504812829772
ESR_1_to_2,O1 Proposed,E2 Dual EKF,4,1,1,1.07665541317789,1.05203468596994
ESR_1_to_2,O1 Proposed,E2 Dual EKF,5,1,1,1.06496346635939,1.05203468596994
ESR_1_to_2,O1 Proposed,E2 Dual EKF,6,1,1,1.06496346635939,1.04524053154716
ESR_1_to_2,O1 Proposed,E2 Dual EKF,7,1,1,1.04821094747883,1.04524053154716
ESR_1_to_2,O1 Proposed,E2 Dual EKF,8,1,1,1.04821094747883,1.04564165417776
ESR_1_to_2,O1 Proposed,E2 Dual EKF,9,1,1,1.01690583637426,1.04564165417776
ESR_1_to_2,O1 Proposed,E2 Dual EKF,10,1,1,1.01690583637426,1.03790899874908
ESR_1_to_2,O1 Proposed,E2 Dual EKF,11,1,1,1.00169399625978,1.03790899874908
ESR_1_to_2,O1 Proposed,E2 Dual EKF,12,1,1,1.00169399625978,1.03143274499039
ESR_1_to_2,O1 Proposed,E2 Dual EKF,13,1,1,1.0106145326221,1.03143274499039
ESR_1_to_2,O1 Proposed,E2 Dual EKF,14,1,1,1.0106145326221,1.02352075344666
ESR_1_to_2,O1 Proposed,E2 Dual EKF,15,1,1,1.01394356529115,1.02352075344666
ESR_1_to_2,O1 Proposed,E2 Dual EKF,16,1,1,1.01394356529115,1.0200428650026
ESR_1_to_2,O1 Proposed,E2 Dual EKF,17,1,1,1.01227916548462,1.0200428650026
ESR_1_to_2,O1 Proposed,E2 Dual EKF,18,1,1,1.01227916548462,1.00921156020639
ESR_1_to_2,O1 Proposed,E2 Dual EKF,19,1,1,1.01517117350758,1.00921156020639
ESR_1_to_2,O1 Proposed,E2 Dual EKF,20,1,1,1.01517117350758,1.00088355859016
ESR_1_to_2,O1 Proposed,E2 Dual EKF,21,1,1,1.00908366974274,1.00088355859016
ESR_1_to_2,O1 Proposed,E2 Dual EKF,22,1,1,1.00908366974274,0.990239942770788
ESR_1_to_2,O1 Proposed,E2 Dual EKF,23,1,1,1.00576246608068,0.990239942770788
ESR_1_to_2,O1 Proposed,E2 Dual EKF,24,1,1,1.00576246608068,0.984479094352536
ESR_1_to_2,O1 Proposed,E2 Dual EKF,25,1,1,1.00835514294297,0.984479094352536
ESR_1_to_2,O1 Proposed,E2 Dual EKF,26,1,1,1.00835514294297,0.980066106462214
ESR_1_to_2,O1 Proposed,E2 Dual EKF,27,1,1,1.00983454071568,0.980066106462214
ESR_1_to_2,O1 Proposed,E2 Dual EKF,28,1,1,1.00983454071568,0.977108046376193
ESR_1_to_2,O1 Proposed,E2 Dual EKF,29,1,1,1.01120992383282,0.977108046376193
ESR_1_to_2,O1 Proposed,E2 Dual EKF,30,1,1,1.01120992383282,0.974496447102409
ESR_1_to_2,O1 Proposed,E2 Dual EKF,31,1,1,1.01432849880312,0.974496447102409
ESR_1_to_2,O1 Proposed,E2 Dual EKF,32,1,1,1.01432849880312,0.976918742276922
ESR_1_to_2,O1 Proposed,E2 Dual EKF,33,1,1,1.01339922055965,0.976918742276922
ESR_1_to_2,O1 Proposed,E2 Dual EKF,34,1,1,1.01339922055965,0.978294240289138
ESR_1_to_2,O1 Proposed,E2 Dual EKF,35,1,1,1.00870070212617,0.978294240289138
ESR_1_to_2,O1 Proposed,E2 Dual EKF,36,1,1,1.00870070212617,0.988069549850623
ESR_1_to_2,O1 Proposed,E2 Dual EKF,37,1,1,1.00815211351337,0.988069549850623
ESR_1_to_2,O1 Proposed,E2 Dual EKF,38,1,1,1.00815211351337,0.994877739022537
ESR_1_to_2,O1 Proposed,E2 Dual EKF,39,1,1,1.00658322713849,0.994877739022537
ESR_1_to_2,O1 Proposed,E2 Dual EKF,40,1,1,1.00658322713849,0.996867274395489
ESR_1_to_2,O1 Proposed,E2 Dual EKF,41,1,1,1.00843805093447,0.996867274395489
ESR_1_to_2,O1 Proposed,E2 Dual EKF,42,1,1,1.00843805093447,1.00428876131388
ESR_1_to_2,O1 Proposed,E2 Dual EKF,43,1,1,1.00876608851566,1.00428876131388
ESR_1_to_2,O1 Proposed,E2 Dual EKF,44,1,1,1.00876608851566,1.01542637262948
ESR_1_to_2,O1 Proposed,E2 Dual EKF,45,1,1,1.009801844595,1.01542637262948
ESR_1_to_2,O1 Proposed,E2 Dual EKF,46,1,1,1.009801844595,1.02210438573563
ESR_1_to_2,O1 Proposed,E2 Dual EKF,47,1,1,1.01436195820707,1.02210438573563
ESR_1_to_2,O1 Proposed,E2 Dual EKF,48,1,1,1.01436195820707,1.01844805738183
ESR_1_to_2,O1 Proposed,E2 Dual EKF,49,1,1,1.01354560617288,1.01844805738183
ESR_1_to_2,O1 Proposed,E2 Dual EKF,50,1,1,1.01354560617288,1.02328841878706
ESR_1_to_2,O1 Proposed,E2 Dual EKF,51,1,1,1.01202140422354,1.02328841878706
ESR_1_to_2,O1 Proposed,E2 Dual EKF,52,1,1,1.01202140422354,1.02048765229352
ESR_1_to_2,O1 Proposed,E2 Dual EKF,53,1,1,1.01297622847025,1.02048765229352
ESR_1_to_2,O1 Proposed,E2 Dual EKF,54,1,1,1.01297622847025,1.01592246400522
ESR_1_to_2,O1 Proposed,E2 Dual EKF,55,1,1,1.01196214742265,1.01592246400522
ESR_1_to_2,O1 Proposed,E2 Dual EKF,56,1,1,1.01196214742265,1.00418887150034
ESR_1_to_2,O1 Proposed,E2 Dual EKF,57,1,1,1.01101197187115,1.00418887150034
ESR_1_to_2,O1 Proposed,E2 Dual EKF,58,1,1,1.01101197187115,0.993467976636706
ESR_1_to_2,O1 Proposed,E2 Dual EKF,59,1,1,1.01050566953854,0.993467976636706
ESR_1_to_2,O1 Proposed,E2 Dual EKF,60,1,1,1.01050566953854,0.984584985677421
ESR_1_to_2,O1 Proposed,E2 Dual EKF,61,1,1,1.00890558558561,0.984584985677421
ESR_1_to_2,O1 Proposed,E2 Dual EKF,62,1,1,1.00890558558561,0.977721374541745
ESR_1_to_2,O1 Proposed,E2 Dual EKF,63,1,1,1.00888600345062,0.977721374541745
ESR_1_to_2,O1 Proposed,E2 Dual EKF,64,1,1,1.00888600345062,0.97489506702151
ESR_1_to_2,O1 Proposed,E2 Dual EKF,65,1,1,1.00973919695583,0.97489506702151
ESR_1_to_2,O1 Proposed,E2 Dual EKF,66,1,1,1.00973919695583,0.971723693289732
ESR_1_to_2,O1 Proposed,E2 Dual EKF,67,1,1,1.01011440360258,0.971723693289732
ESR_1_to_2,O1 Proposed,E2 Dual EKF,68,1,1,1.01011440360258,0.969961380819714
ESR_1_to_2,O1 Proposed,E2 Dual EKF,69,1,1,1.00975366436547,0.969961380819714
ESR_1_to_2,O1 Proposed,E2 Dual EKF,70,1,1,1.00975366436547,0.973872833709535
ESR_1_to_2,O1 Proposed,E2 Dual EKF,71,1,1,1.00939448675477,0.973872833709535
ESR_1_to_2,O1 Proposed,E2 Dual EKF,72,1,1,1.00939448675477,0.973650889742576
ESR_1_to_2,O1 Proposed,E2 Dual EKF,73,1,1,1.00946280458496,0.973650889742576
ESR_1_to_2,O1 Proposed,E2 Dual EKF,74,1,1,1.00946280458496,0.985149055363262
ESR_1_to_2,O1 Proposed,E2 Dual EKF,75,1,1,1.01178982585741,0.985149055363262
ESR_1_to_2,O1 Proposed,E2 Dual EKF,76,1,1,1.01178982585741,0.998876362727355
ESR_1_to_2,O1 Proposed,E2 Dual EKF,77,1,1,1.00982181603678,0.998876362727355
ESR_1_to_2,O1 Proposed,E2 Dual EKF,78,1,1,1.00982181603678,1.00325622855911
ESR_1_to_2,O1 Proposed,E2 Dual EKF,79,1,1,1.00967854630332,1.00325622855911
ESR_1_to_2,O1 Proposed,E2 Dual EKF,80,1,1,1.00967854630332,1.01032951584926
ESR_1_to_2,O1 Proposed,E2 Dual EKF,81,1,1,1.00743838452062,1.01032951584926
ESR_1_to_2,O1 Proposed,E2 Dual EKF,82,1,1,1.00743838452062,1.0094639712554
ESR_1_to_2,O1 Proposed,E2 Dual EKF,83,1,1,1.00797880354155,1.0094639712554
ESR_1_to_2,O1 Proposed,E2 Dual EKF,84,1,1,1.00797880354155,1.01213828002478
ESR_1_to_2,O1 Proposed,E2 Dual EKF,85,1,1,1.00693153291679,1.01213828002478
ESR_1_to_2,O1 Proposed,E2 Dual EKF,86,1,1,1.00693153291679,1.00595612785425
ESR_1_to_2,O1 Proposed,E2 Dual EKF,87,1,1,1.00573708249563,1.00595612785425
ESR_1_to_2,O1 Proposed,E2 Dual EKF,88,1,1,1.00573708249563,1.00523993291742
ESR_1_to_2,O1 Proposed,E2 Dual EKF,89,1,1,1.00600877741983,1.00523993291742
ESR_1_to_2,O1 Proposed,E2 Dual EKF,90,1,1,1.00600877741983,1.00524810572059
ESR_1_to_2,O1 Proposed,E2 Dual EKF,91,1,1,1.00655530402738,1.00524810572059
ESR_1_to_2,O1 Proposed,E2 Dual EKF,92,1,1,1.00655530402738,0.996922896878946
ESR_1_to_2,O1 Proposed,E2 Dual EKF,93,1,1,1.00662561712788,0.996922896878946
ESR_1_to_2,O1 Proposed,E2 Dual EKF,94,1,1,1.00662561712788,0.993768307654558
ESR_1_to_2,O1 Proposed,E2 Dual EKF,95,1,1,1.00539798996733,0.993768307654558
ESR_1_to_2,O1 Proposed,E2 Dual EKF,96,1,1,1.00539798996733,0.985308459825355
ESR_1_to_2,O1 Proposed,E2 Dual EKF,97,1,1,1.0053497097176,0.985308459825355
ESR_1_to_2,O1 Proposed,E2 Dual EKF,98,1,1,1.0053497097176,0.977080527324932
ESR_1_to_2,O1 Proposed,E2 Dual EKF,99,1,1,1.00501943170553,0.977080527324932
ESR_1_to_2,O1 Proposed,E2 Dual EKF,100,1,1,1.00501943170553,0.97230045830539
ESR_1_to_2,O1 Proposed,E2 Dual EKF,101,1,1,1.0042965717062,0.97230045830539
ESR_1_to_2,O1 Proposed,E2 Dual EKF,102,1,1,1.0042965717062,0.969373898773002
ESR_1_to_2,O1 Proposed,E2 Dual EKF,103,1,1,1.00428567631475,0.969373898773002
ESR_1_to_2,O1 Proposed,E2 Dual EKF,104,1,1,1.00428567631475,0.97387009231303
ESR_1_to_2,O1 Proposed,E2 Dual EKF,105,1,1,1.0050669310384,0.97387009231303
ESR_1_to_2,O1 Proposed,E2 Dual EKF,106,1,1,1.0050669310384,0.979545278662788
ESR_1_to_2,O1 Proposed,E2 Dual EKF,107,1,1,1.00427826348902,0.979545278662788
ESR_1_to_2,O1 Proposed,E2 Dual EKF,108,1,1,1.00427826348902,0.980425487601321
ESR_1_to_2,O1 Proposed,E2 Dual EKF,109,1,1,1.00470714732787,0.980425487601321
ESR_1_to_2,O1 Proposed,E2 Dual EKF,110,1,1,1.00470714732787,0.984492694345803
ESR_1_to_2,O1 Proposed,E2 Dual EKF,111,1,1,1.0057496308208,0.984492694345803
ESR_1_to_2,O1 Proposed,E2 Dual EKF,112,1,1,1.0057496308208,0.992961643668446
ESR_1_to_2,O1 Proposed,E2 Dual EKF,113,1,1,1.00746705330277,0.992961643668446
ESR_1_to_2,O1 Proposed,E2 Dual EKF,114,1,1,1.00746705330277,0.997614394733151
ESR_1_to_2,O1 Proposed,E2 Dual EKF,115,1,1,1.00765733738231,0.997614394733151
ESR_1_to_2,O1 Proposed,E2 Dual EKF,116,1,1,1.00765733738231,1.00743770956478
ESR_1_to_2,O1 Proposed,E2 Dual EKF,117,1,1,1.00870024822111,1.00743770956478
ESR_1_to_2,O1 Proposed,E2 Dual EKF,118,1,1,1.00870024822111,1.01605927055151
ESR_1_to_2,O1 Proposed,E2 Dual EKF,119,1,1,1.00921218768817,1.01605927055151
ESR_1_to_2,O1 Proposed,E2 Dual EKF,120,1,1,1.00921218768817,1.0187116298872
ESR_1_to_2,O1 Proposed,E2 Dual EKF,121,1,1,1.00885447963741,1.0187116298872
ESR_1_to_2,O1 Proposed,E2 Dual EKF,122,1,1,1.00885447963741,1.0110243764318
ESR_1_to_2,O1 Proposed,E2 Dual EKF,123,1,1,1.00916376920012,1.0110243764318
ESR_1_to_2,O1 Proposed,E2 Dual EKF,124,1,1,1.00916376920012,1.00498140629284
ESR_1_to_2,O1 Proposed,E2 Dual EKF,125,1,1,1.00899362553155,1.00498140629284
ESR_1_to_2,O1 Proposed,E2 Dual EKF,126,1,1,1.00899362553155,1.00629364776241
ESR_1_to_2,O1 Proposed,E2 Dual EKF,127,1,1,1.0085042757471,1.00629364776241
ESR_1_to_2,O1 Proposed,E2 Dual EKF,128,1,2,1.0085042757471,1.15959985498123
ESR_1_to_2,O1 Proposed,E2 Dual EKF,129,1,2,1.00885702021964,1.15959985498123
ESR_1_to_2,O1 Proposed,E2 Dual EKF,130,1,2,1.00885702021964,1.28285581433862
ESR_1_to_2,O1 Proposed,E2 Dual EKF,131,1,2,1.00830646575416,1.28285581433862
ESR_1_to_2,O1 Proposed,E2 Dual EKF,132,1,2,1.00830646575416,1.38412271468119
ESR_1_to_2,O1 Proposed,E2 Dual EKF,133,1,2,1.00832620591367,1.38412271468119
ESR_1_to_2,O1 Proposed,E2 Dual EKF,134,1,2,1.00832620591367,1.46052536360879
ESR_1_to_2,O1 Proposed,E2 Dual EKF,135,1,2,1.00885844052841,1.46052536360879
ESR_1_to_2,O1 Proposed,E2 Dual EKF,136,1,2,1.00885844052841,1.52565121502746
ESR_1_to_2,O1 Proposed,E2 Dual EKF,137,1,2,1.00881574311079,1.52565121502746
ESR_1_to_2,O1 Proposed,E2 Dual EKF,138,1,2,1.00881574311079,1.58481386119604
ESR_1_to_2,O1 Proposed,E2 Dual EKF,139,1,2,1.00842707695645,1.58481386119604
ESR_1_to_2,O1 Proposed,E2 Dual EKF,140,1,2,1.00842707695645,1.64079554196566
ESR_1_to_2,O1 Proposed,E2 Dual EKF,141,1,2,1.00794060983964,1.64079554196566
ESR_1_to_2,O1 Proposed,E2 Dual EKF,142,1,2,1.00794060983964,1.68904486137226
ESR_1_to_2,O1 Proposed,E2 Dual EKF,143,1,2,1.00682978400065,1.68904486137226
ESR_1_to_2,O1 Proposed,E2 Dual EKF,144,1,2,1.00682978400065,1.73656465923923
ESR_1_to_2,O1 Proposed,E2 Dual EKF,145,1,2,1.00741546143598,1.73656465923923
ESR_1_to_2,O1 Proposed,E2 Dual EKF,146,1,2,1.00741546143598,1.78664108825734
ESR_1_to_2,O1 Proposed,E2 Dual EKF,147,1,2,1.0076128906175,1.78664108825734
ESR_1_to_2,O1 Proposed,E2 Dual EKF,148,1,2,1.0076128906175,1.83509534026575
ESR_1_to_2,O1 Proposed,E2 Dual EKF,149,1,2,1.00727426791284,1.83509534026575
ESR_1_to_2,O1 Proposed,E2 Dual EKF,150,1,2,1.00727426791284,1.86641006983885
ESR_1_to_2,O1 Proposed,E2 Dual EKF,151,1,2,1.00728431034721,1.86641006983885
ESR_1_to_2,O1 Proposed,E2 Dual EKF,152,1,2,1.00728431034721,1.90499911355533
ESR_1_to_2,O1 Proposed,E2 Dual EKF,153,1,2,1.00737144740904,1.90499911355533
ESR_1_to_2,O1 Proposed,E2 Dual EKF,154,1,2,1.00737144740904,1.92773453840939
ESR_1_to_2,O1 Proposed,E2 Dual EKF,155,1,2,1.00661841874105,1.92773453840939
ESR_1_to_2,O1 Proposed,E2 Dual EKF,156,1,2,1.00661841874105,1.93583249838565
ESR_1_to_2,O1 Proposed,E2 Dual EKF,157,1,2,1.00510726065866,1.93583249838565
ESR_1_to_2,O1 Proposed,E2 Dual EKF,158,1,2,1.00510726065866,1.94843962688364
ESR_1_to_2,O1 Proposed,E2 Dual EKF,159,1,2,1.00544821813412,1.94843962688364
ESR_1_to_2,O1 Proposed,E2 Dual EKF,160,1,2,1.00544821813412,1.96093533165319
ESR_1_to_2,O1 Proposed,E2 Dual EKF,161,1,2,1.00515736317537,1.96093533165319
ESR_1_to_2,O1 Proposed,E2 Dual EKF,162,1,2,1.00515736317537,1.96660600597545
ESR_1_to_2,O1 Proposed,E2 Dual EKF,163,1,2,1.00535206215433,1.96660600597545
ESR_1_to_2,O1 Proposed,E2 Dual EKF,164,1,2,1.00535206215433,1.96739972605448
ESR_1_to_2,O1 Proposed,E2 Dual EKF,165,1,2,1.00520586849107,1.96739972605448
ESR_1_to_2,O1 Proposed,E2 Dual EKF,166,1,2,1.00520586849107,1.97549747563864
ESR_1_to_2,O1 Proposed,E2 Dual EKF,167,1,2,1.00565931377655,1.97549747563864
ESR_1_to_2,O1 Proposed,E2 Dual EKF,168,1,2,1.00565931377655,1.97433406600041
ESR_1_to_2,O1 Proposed,E2 Dual EKF,169,1,2,1.00596846062215,1.97433406600041
ESR_1_to_2,O1 Proposed,E2 Dual EKF,170,1,2,1.00596846062215,1.96783006420113
ESR_1_to_2,O1 Proposed,E2 Dual EKF,171,1,2,1.0058351307551,1.96783006420113
ESR_1_to_2,O1 Proposed,E2 Dual EKF,172,1,2,1.0058351307551,1.96566778967643
ESR_1_to_2,O1 Proposed,E2 Dual EKF,173,1,2,1.00636970157789,1.96566778967643
ESR_1_to_2,O1 Proposed,E2 Dual EKF,174,1,2,1.00636970157789,1.96310230627647
ESR_1_to_2,O1 Proposed,E2 Dual EKF,175,1,2,1.00657616757804,1.96310230627647
ESR_1_to_2,O1 Proposed,E2 Dual EKF,176,1,2,1.00657616757804,1.96095555564088
ESR_1_to_2,O1 Proposed,E2 Dual EKF,177,1,2,1.0057663223149,1.96095555564088
ESR_1_to_2,O1 Proposed,E2 Dual EKF,178,1,2,1.0057663223149,1.96557658643322
ESR_1_to_2,O1 Proposed,E2 Dual EKF,179,1,2,1.00545996565488,1.96557658643322
ESR_1_to_2,O1 Proposed,E2 Dual EKF,180,1,2,1.00545996565488,1.97290035032054
ESR_1_to_2,O1 Proposed,E2 Dual EKF,181,1,2,1.00609487359564,1.97290035032054
ESR_1_to_2,O1 Proposed,E2 Dual EKF,182,1,2,1.00609487359564,1.97165276801562
ESR_1_to_2,O1 Proposed,E2 Dual EKF,183,1,2,1.00617608431464,1.97165276801562
ESR_1_to_2,O1 Proposed,E2 Dual EKF,184,1,2,1.00617608431464,1.98271184023557
ESR_1_to_2,O1 Proposed,E2 Dual EKF,185,1,2,1.00632120632935,1.98271184023557
ESR_1_to_2,O1 Proposed,E2 Dual EKF,186,1,2,1.00632120632935,1.996154219944
ESR_1_to_2,O1 Proposed,E2 Dual EKF,187,1,2,1.00559797739792,1.996154219944
ESR_1_to_2,O1 Proposed,E2 Dual EKF,188,1,2,1.00559797739792,2.00965574141269
ESR_1_to_2,O1 Proposed,E2 Dual EKF,189,1,2,1.0052626286306,2.00965574141269
ESR_1_to_2,O1 Proposed,E2 Dual EKF,190,1,2,1.0052626286306,2.01627119475689
ESR_1_to_2,O1 Proposed,E2 Dual EKF,191,1,2,1.00466328763388,2.01627119475689
ESR_1_to_2,O1 Proposed,E2 Dual EKF,192,1,2,1.00466328763388,2.01569672956451
ESR_1_to_2,O1 Proposed,E2 Dual EKF,193,1,2,1.00481739706221,2.01569672956451
ESR_1_to_2,O1 Proposed,E2 Dual EKF,194,1,2,1.00481739706221,2.01967307113892
ESR_1_to_2,O1 Proposed,E2 Dual EKF,195,1,2,1.00417242006398,2.01967307113892
ESR_1_to_2,O1 Proposed,E2 Dual EKF,196,1,2,1.00417242006398,2.01603938166256
ESR_1_to_2,O1 Proposed,E2 Dual EKF,197,1,2,1.00460529137222,2.01603938166256
ESR_1_to_2,O1 Proposed,E2 Dual EKF,198,1,2,1.00460529137222,2.01326504518643
ESR_1_to_2,O1 Proposed,E2 Dual EKF,199,1,2,1.00538633525466,2.01326504518643
ESR_1_to_2,O1 Proposed,E2 Dual EKF,200,1,2,1.00538633525466,2.00465495222622
ESR_1_to_2,O1 Proposed,E2 Dual EKF,201,1,2,1.00475484135825,2.00465495222622
ESR_1_to_2,O1 Proposed,E2 Dual EKF,202,1,2,1.00475484135825,2.00127403558433
ESR_1_to_2,O1 Proposed,E2 Dual EKF,203,1,2,1.00460926206022,2.00127403558433
ESR_1_to_2,O1 Proposed,E2 Dual EKF,204,1,2,1.00460926206022,1.98816026160055
ESR_1_to_2,O1 Proposed,E2 Dual EKF,205,1,2,1.00482804191502,1.98816026160055
ESR_1_to_2,O1 Proposed,E2 Dual EKF,206,1,2,1.00482804191502,1.98421652999637
ESR_1_to_2,O1 Proposed,E2 Dual EKF,207,1,2,1.00439463779872,1.98421652999637
ESR_1_to_2,O1 Proposed,E2 Dual EKF,208,1,2,1.00439463779872,1.98019783941792
ESR_1_to_2,O1 Proposed,E2 Dual EKF,209,1,2,1.00486088278468,1.98019783941792
ESR_1_to_2,O1 Proposed,E2 Dual EKF,210,1,2,1.00486088278468,1.97394061200363
ESR_1_to_2,O1 Proposed,E2 Dual EKF,211,1,2,1.0048701370427,1.97394061200363
ESR_1_to_2,O1 Proposed,E2 Dual EKF,212,1,2,1.0048701370427,1.960862889616
ESR_1_to_2,O1 Proposed,E2 Dual EKF,213,1,2,1.00513654308556,1.960862889616
ESR_1_to_2,O1 Proposed,E2 Dual EKF,214,1,2,1.00513654308556,1.96643855073277
ESR_1_to_2,O1 Proposed,E2 Dual EKF,215,1,2,1.00478038223597,1.96643855073277
ESR_1_to_2,O1 Proposed,E2 Dual EKF,216,1,2,1.00478038223597,1.96744033423133
ESR_1_to_2,O1 Proposed,E2 Dual EKF,217,1,2,1.00462226407505,1.96744033423133
ESR_1_to_2,O1 Proposed,E2 Dual EKF,218,1,2,1.00462226407505,1.97772829529747
ESR_1_to_2,O1 Proposed,E2 Dual EKF,219,1,2,1.00450643345277,1.97772829529747
ESR_1_to_2,O1 Proposed,E2 Dual EKF,220,1,2,1.00450643345277,1.98583887720614
ESR_1_to_2,O1 Proposed,E2 Dual EKF,221,1,2,1.0044918210474,1.98583887720614
ESR_1_to_2,O1 Proposed,E2 Dual EKF,222,1,2,1.0044918210474,1.99072953461835
ESR_1_to_2,O1 Proposed,E2 Dual EKF,223,1,2,1.00498805076024,1.99072953461835
ESR_1_to_2,O1 Proposed,E2 Dual EKF,224,1,2,1.00498805076024,1.99774227502074
ESR_1_to_2,O1 Proposed,E2 Dual EKF,225,1,2,1.00426683559358,1.99774227502074
ESR_1_to_2,O1 Proposed,E2 Dual EKF,226,1,2,1.00426683559358,2.00994315263241
ESR_1_to_2,O1 Proposed,E2 Dual EKF,227,1,2,1.00448235238175,2.00994315263241
ESR_1_to_2,O1 Proposed,E2 Dual EKF,228,1,2,1.00448235238175,2.01658607220787
ESR_1_to_2,O1 Proposed,E2 Dual EKF,229,1,2,1.00386143352437,2.01658607220787
ESR_1_to_2,O1 Proposed,E2 Dual EKF,230,1,2,1.00386143352437,2.0171231955878
ESR_1_to_2,O1 Proposed,E2 Dual EKF,231,1,2,1.00340349480074,2.0171231955878
ESR_1_to_2,O1 Proposed,E2 Dual EKF,232,1,2,1.00340349480074,2.02114566231536
ESR_1_to_2,O1 Proposed,E2 Dual EKF,233,1,2,1.0039846499081,2.02114566231536
ESR_1_to_2,O1 Proposed,E2 Dual EKF,234,1,2,1.0039846499081,2.01845270720163
ESR_1_to_2,O1 Proposed,E2 Dual EKF,235,1,2,1.00455036565726,2.01845270720163
ESR_1_to_2,O1 Proposed,E2 Dual EKF,236,1,2,1.00455036565726,2.01826502006506
ESR_1_to_2,O1 Proposed,E2 Dual EKF,237,1,2,1.00455134684182,2.01826502006506
ESR_1_to_2,O1 Proposed,E2 Dual EKF,238,1,2,1.00455134684182,2.0057462271121
ESR_1_to_2,O1 Proposed,E2 Dual EKF,239,1,2,1.00406014312559,2.0057462271121
ESR_1_to_2,O1 Proposed,E2 Dual EKF,240,1,2,1.00406014312559,1.99804588702812
ESR_1_to_2,O1 Proposed,E2 Dual EKF,241,1,2,1.00355431399023,1.99804588702812
ESR_1_to_2,O1 Proposed,E2 Dual EKF,242,1,2,1.00355431399023,1.99380243821597
ESR_1_to_2,O1 Proposed,E2 Dual EKF,243,1,2,1.00381629300843,1.99380243821597
ESR_1_to_2,O1 Proposed,E2 Dual EKF,244,1,2,1.00381629300843,1.98984000813009
ESR_1_to_2,O1 Proposed,E2 Dual EKF,245,1,2,1.0036492130172,1.98984000813009
ESR_1_to_2,O1 Proposed,E2 Dual EKF,246,1,2,1.0036492130172,1.98264937497378
ESR_1_to_2,O1 Proposed,E2 Dual EKF,247,1,2,1.00357541346151,1.98264937497378
ESR_1_to_2,O1 Proposed,E2 Dual EKF,248,1,2,1.00357541346151,1.97363033046793
ESR_1_to_2,O1 Proposed,E2 Dual EKF,249,1,2,1.00318945930882,1.97363033046793
ESR_1_to_2,O1 Proposed,E2 Dual EKF,250,1,2,1.00318945930882,1.97137253693356
ESR_1_to_2,O1 Proposed,E2 Dual EKF,251,1,2,1.00371785827694,1.97137253693356
ESR_1_to_2,O1 Proposed,E2 Dual EKF,252,1,2,1.00371785827694,1.97003874061975
ESR_1_to_2,O1 Proposed,E2 Dual EKF,253,1,2,1.00352970620811,1.97003874061975
ESR_1_to_2,O1 Proposed,E2 Dual EKF,254,1,2,1.00352970620811,1.97197740795631
ESR_1_to_2,O1 Proposed,E2 Dual EKF,255,1,2,1.00361320545493,1.97197740795631
ESR_1_to_2,O1 Proposed,E2 Dual EKF,256,1,2,1.00361320545493,1.97578737078337
ESR_1_to_2,O1 Proposed,E2 Dual EKF,257,1,2,1.00388353524812,1.97578737078337
ESR_1_to_2,O1 Proposed,E2 Dual EKF,258,1,2,1.00388353524812,1.97999581399448
ESR_1_to_2,O1 Proposed,E2 Dual EKF,259,1,2,1.00336938152231,1.97999581399448
ESR_1_to_2,O1 Proposed,E2 Dual EKF,260,1,2,1.00336938152231,1.98796386718935
ESR_1_to_2,O1 Proposed,E2 Dual EKF,261,1,2,1.00391115535011,1.98796386718935
ESR_1_to_2,O1 Proposed,E2 Dual EKF,262,1,2,1.00391115535011,2.00178793072137
ESR_1_to_2,O1 Proposed,E2 Dual EKF,263,1,2,1.00390731304827,2.00178793072137
ESR_1_to_2,O1 Proposed,E2 Dual EKF,264,1,2,1.00390731304827,2.00956713870805
ESR_1_to_2,O1 Proposed,E2 Dual EKF,265,1,2,1.00433810916427,2.00956713870805
ESR_1_to_2,O1 Proposed,E2 Dual EKF,266,1,2,1.00433810916427,2.02320853551811
ESR_1_to_2,O1 Proposed,E2 Dual EKF,267,1,2,1.00409589348508,2.02320853551811
ESR_1_to_2,O1 Proposed,E2 Dual EKF,268,1,2,1.00409589348508,2.0304657059995
ESR_1_to_2,O1 Proposed,E2 Dual EKF,269,1,2,1.00507095804776,2.0304657059995
ESR_1_to_2,O1 Proposed,E2 Dual EKF,270,1,2,1.00507095804776,2.03400764317312
ESR_1_to_2,O1 Proposed,E2 Dual EKF,271,1,2,1.00505333759732,2.03400764317312
ESR_1_to_2,O1 Proposed,E2 Dual EKF,272,1,2,1.00505333759732,2.02525144645253
ESR_1_to_2,O1 Proposed,E2 Dual EKF,273,1,2,1.00515870041396,2.02525144645253
ESR_1_to_2,O1 Proposed,E2 Dual EKF,274,1,2,1.00515870041396,2.01927697486044
ESR_1_to_2,O1 Proposed,E2 Dual EKF,275,1,2,1.00565228129451,2.01927697486044
ESR_1_to_2,O1 Proposed,E2 Dual EKF,276,1,2,1.00565228129451,2.01141760832483
ESR_1_to_2,O1 Proposed,E2 Dual EKF,277,1,2,1.00597532574791,2.01141760832483
ESR_1_to_2,O1 Proposed,E2 Dual EKF,278,1,2,1.00597532574791,2.00348603681801
ESR_1_to_2,O1 Proposed,E2 Dual EKF,279,1,2,1.00587599709076,2.00348603681801
ESR_1_to_2,O1 Proposed,E2 Dual EKF,280,1,2,1.00587599709076,1.99410597383347
ESR_1_to_2,O1 Proposed,E2 Dual EKF,281,1,2,1.00588252747071,1.99410597383347
ESR_1_to_2,O1 Proposed,E2 Dual EKF,282,1,2,1.00588252747071,1.99436342655714
ESR_1_to_2,O1 Proposed,E2 Dual EKF,283,1,2,1.00570262956473,1.99436342655714
ESR_1_to_2,O1 Proposed,E2 Dual EKF,284,1,2,1.00570262956473,1.98555435131718
ESR_1_to_2,O1 Proposed,E2 Dual EKF,285,1,2,1.00573010799705,1.98555435131718
ESR_1_to_2,O1 Proposed,E2 Dual EKF,286,1,2,1.00573010799705,1.97764628526231
ESR_1_to_2,O1 Proposed,E2 Dual EKF,287,1,2,1.00581526595297,1.97764628526231
ESR_1_to_2,O1 Proposed,E2 Dual EKF,288,1,2,1.00581526595297,1.97280100077446
ESR_1_to_2,O1 Proposed,E2 Dual EKF,289,1,2,1.00615019566253,1.97280100077446
ESR_1_to_2,O1 Proposed,E2 Dual EKF,290,1,2,1.00615019566253,1.98192162576194
ESR_1_to_2,O1 Proposed,E2 Dual EKF,291,1,2,1.00632981904623,1.98192162576194
ESR_1_to_2,O1 Proposed,E2 Dual EKF,292,1,2,1.00632981904623,1.98267488468577
ESR_1_to_2,O1 Proposed,E2 Dual EKF,293,1,2,1.0061297841769,1.98267488468577
ESR_1_to_2,O1 Proposed,E2 Dual EKF,294,1,2,1.0061297841769,1.98802029220184
ESR_1_to_2,O1 Proposed,E2 Dual EKF,295,1,2,1.00629084445734,1.98802029220184
ESR_1_to_2,O1 Proposed,E2 Dual EKF,296,1,2,1.00629084445734,1.99248746297944
ESR_1_to_2,O1 Proposed,E2 Dual EKF,297,1,2,1.00644237554722,1.99248746297944
ESR_1_to_2,O1 Proposed,E2 Dual EKF,298,1,2,1.00644237554722,2.00172656737352
ESR_1_to_2,O1 Proposed,E2 Dual EKF,299,1,2,1.00599599555669,2.00172656737352
ESR_1_to_2,O1 Proposed,E2 Dual EKF,300,1,2,1.00599599555669,2.01027716564534
ESR_1_to_2,O1 Proposed,E2 Dual EKF,301,1,2,1.00554987243426,2.01027716564534
ESR_1_to_2,O1 Proposed,E2 Dual EKF,302,1,2,1.00554987243426,2.0154024391185
ESR_1_to_2,O1 Proposed,E2 Dual EKF,303,1,2,1.00525400445142,2.0154024391185
ESR_1_to_2,O1 Proposed,E2 Dual EKF,304,1,2,1.00525400445142,2.01542689729955
ESR_1_to_2,O1 Proposed,E2 Dual EKF,305,1,2,1.00487798415501,2.01542689729955
ESR_1_to_2,O1 Proposed,E2 Dual EKF,306,1,2,1.00487798415501,2.02350235081292
ESR_1_to_2,O1 Proposed,E2 Dual EKF,307,1,2,1.00488166063089,2.02350235081292
ESR_1_to_2,O1 Proposed,E2 Dual EKF,308,1,2,1.00488166063089,2.01322551055178
ESR_1_to_2,O1 Proposed,E2 Dual EKF,309,1,2,1.00503038469699,2.01322551055178
ESR_1_to_2,O1 Proposed,E2 Dual EKF,310,1,2,1.00503038469699,2.00474327364216
ESR_1_to_2,O1 Proposed,E2 Dual EKF,311,1,2,1.00549744496241,2.00474327364216
ESR_1_to_2,O1 Proposed,E2 Dual EKF,312,1,2,1.00549744496241,1.9994339619604
ESR_1_to_2,O1 Proposed,E2 Dual EKF,313,1,2,1.00541498464353,1.9994339619604
ESR_1_to_2,O1 Proposed,E2 Dual EKF,314,1,2,1.00541498464353,1.99391553568892
ESR_1_to_2,O1 Proposed,E2 Dual EKF,315,1,2,1.00523648297664,1.99391553568892
ESR_1_to_2,O1 Proposed,E2 Dual EKF,316,1,2,1.00523648297664,1.99313972417898
ESR_1_to_2,O1 Proposed,E2 Dual EKF,317,1,2,1.00545034433899,1.99313972417898
ESR_1_to_2,O1 Proposed,E2 Dual EKF,318,1,2,1.00545034433899,1.99559874661849
ESR_1_to_2,O1 Proposed,E2 Dual EKF,319,1,2,1.00535826235601,1.99559874661849
ESR_1_to_2,O1 Proposed,E2 Dual EKF,320,1,2,1.00535826235601,1.98904755980394
ESR_1_to_2,O1 Proposed,E2 Dual EKF,321,1,2,1.00544787226485,1.98904755980394
ESR_1_to_2,O1 Proposed,E2 Dual EKF,322,1,2,1.00544787226485,1.98144299295765
ESR_1_to_2,O1 Proposed,E2 Dual EKF,323,1,2,1.00519467690801,1.98144299295765
ESR_1_to_2,O1 Proposed,E2 Dual EKF,324,1,2,1.00519467690801,1.97838104337747
ESR_1_to_2,O1 Proposed,E2 Dual EKF,325,1,2,1.00521659293135,1.97838104337747
ESR_1_to_2,O1 Proposed,E2 Dual EKF,326,1,2,1.00521659293135,1.98289936909667
ESR_1_to_2,O1 Proposed,E2 Dual EKF,327,1,2,1.00505475645454,1.98289936909667
ESR_1_to_2,O1 Proposed,E2 Dual EKF,328,1,2,1.00505475645454,1.98148028519446
ESR_1_to_2,O1 Proposed,E2 Dual EKF,329,1,2,1.00509115044322,1.98148028519446
ESR_1_to_2,O1 Proposed,E2 Dual EKF,330,1,2,1.00509115044322,1.98547995142778
ESR_1_to_2,O1 Proposed,E2 Dual EKF,331,1,2,1.00497079865334,1.98547995142778
ESR_1_to_2,O1 Proposed,E2 Dual EKF,332,1,2,1.00497079865334,1.9838883686967
ESR_1_to_2,O1 Proposed,E2 Dual EKF,333,1,2,1.00518735450179,1.9838883686967
ESR_1_to_2,O1 Proposed,E2 Dual EKF,334,1,2,1.00518735450179,1.991551467786
ESR_1_to_2,O1 Proposed,E2 Dual EKF,335,1,2,1.00518804717375,1.991551467786
ESR_1_to_2,O1 Proposed,E2 Dual EKF,336,1,2,1.00518804717375,1.98968752663568
ESR_1_to_2,O1 Proposed,E2 Dual EKF,337,1,2,1.00535216945317,1.98968752663568
ESR_1_to_2,O1 Proposed,E2 Dual EKF,338,1,2,1.00535216945317,1.99891094162556
ESR_1_to_2,O1 Proposed,E2 Dual EKF,339,1,2,1.00584412935929,1.99891094162556
ESR_1_to_2,O1 Proposed,E2 Dual EKF,340,1,2,1.00584412935929,2.00768702254177
ESR_1_to_2,O1 Proposed,E2 Dual EKF,341,1,2,1.00516996457553,2.00768702254177
ESR_1_to_2,O1 Proposed,E2 Dual EKF,342,1,2,1.00516996457553,2.01361552104807
ESR_1_to_2,O1 Proposed,E2 Dual EKF,343,1,2,1.00537488088664,2.01361552104807
ESR_1_to_2,O1 Proposed,E2 Dual EKF,344,1,2,1.00537488088664,2.01204445382304
ESR_1_to_2,O1 Proposed,E2 Dual EKF,345,1,2,1.00502239594207,2.01204445382304
ESR_1_to_2,O1 Proposed,E2 Dual EKF,346,1,2,1.00502239594207,2.01019532287838
ESR_1_to_2,O1 Proposed,E2 Dual EKF,347,1,2,1.00481294232999,2.01019532287838
ESR_1_to_2,O1 Proposed,E2 Dual EKF,348,1,2,1.00481294232999,2.00525167085817
ESR_1_to_2,O1 Proposed,E2 Dual EKF,349,1,2,1.00508450641777,2.00525167085817
ESR_1_to_2,O1 Proposed,E2 Dual EKF,350,1,2,1.00508450641777,1.99607430300554
ESR_1_to_2,O1 Proposed,E2 Dual EKF,351,1,2,1.00479763518771,1.99607430300554
ESR_1_to_2,O1 Proposed,E2 Dual EKF,352,1,2,1.00479763518771,1.98626360106908
ESR_1_to_2,O1 Proposed,E2 Dual EKF,353,1,2,1.00462634738733,1.98626360106908
ESR_1_to_2,O1 Proposed,E2 Dual EKF,354,1,2,1.00462634738733,1.98429181775095
ESR_1_to_2,O1 Proposed,E2 Dual EKF,355,1,2,1.00432643317961,1.98429181775095
ESR_1_to_2,O1 Proposed,E2 Dual EKF,356,1,2,1.00432643317961,1.9723500841163
ESR_1_to_2,O1 Proposed,E2 Dual EKF,357,1,2,1.00415509462131,1.9723500841163
ESR_1_to_2,O1 Proposed,E2 Dual EKF,358,1,2,1.00415509462131,1.97282057742199
ESR_1_to_2,O1 Proposed,E2 Dual EKF,359,1,2,1.00409143953766,1.97282057742199
ESR_1_to_2,O1 Proposed,E2 Dual EKF,360,1,2,1.00409143953766,1.96945198581543
ESR_1_to_2,O1 Proposed,E2 Dual EKF,361,1,2,1.00401707433125,1.96945198581543
ESR_1_to_2,O1 Proposed,E2 Dual EKF,362,1,2,1.00401707433125,1.96629175675405
ESR_1_to_2,O1 Proposed,E2 Dual EKF,363,1,2,1.00446814805974,1.96629175675405
ESR_1_to_2,O1 Proposed,E2 Dual EKF,364,1,2,1.00446814805974,1.96553515747603
ESR_1_to_2,O1 Proposed,E2 Dual EKF,365,1,2,1.00468808949649,1.96553515747603
ESR_1_to_2,O1 Proposed,E2 Dual EKF,366,1,2,1.00468808949649,1.97159441798003
ESR_1_to_2,O1 Proposed,E2 Dual EKF,367,1,2,1.0042886652358,1.97159441798003
ESR_1_to_2,O1 Proposed,E2 Dual EKF,368,1,2,1.0042886652358,1.97804425123198
ESR_1_to_2,O1 Proposed,E2 Dual EKF,369,1,2,1.00415404929313,1.97804425123198
ESR_1_to_2,O1 Proposed,E2 Dual EKF,370,1,2,1.00415404929313,1.98586432737763
ESR_1_to_2,O1 Proposed,E2 Dual EKF,371,1,2,1.00421373477266,1.98586432737763
ESR_1_to_2,O1 Proposed,E2 Dual EKF,372,1,2,1.00421373477266,1.99636166783439
ESR_1_to_2,O1 Proposed,E2 Dual EKF,373,1,2,1.00393609979742,1.99636166783439
ESR_1_to_2,O1 Proposed,E2 Dual EKF,374,1,2,1.00393609979742,2.00321506409688
ESR_1_to_2,O1 Proposed,E2 Dual EKF,375,1,2,1.00418543308161,2.00321506409688
ESR_1_to_2,O1 Proposed,E2 Dual EKF,376,1,2,1.00418543308161,2.00718094102518
ESR_1_to_2,O1 Proposed,E2 Dual EKF,377,1,2,1.003798420725,2.00718094102518
ESR_1_to_2,O1 Proposed,E2 Dual EKF,378,1,2,1.003798420725,2.00540106757819
ESR_1_to_2,O1 Proposed,E2 Dual EKF,379,1,2,1.00418650617707,2.00540106757819
ESR_1_to_2,O1 Proposed,E2 Dual EKF,380,1,2,1.00418650617707,2.00840981614635
ESR_1_to_2,O1 Proposed,E2 Dual EKF,381,1,2,1.0033209394814,2.00840981614635
ESR_1_to_2,O1 Proposed,E2 Dual EKF,382,1,2,1.0033209394814,2.00590069976577
ESR_1_to_2,O1 Proposed,E2 Dual EKF,383,1,2,1.00380877751413,2.00590069976577
ESR_1_to_2,O1 Proposed,E2 Dual EKF,384,1,2,1.00380877751413,2.00532092941314
ESR_1_to_2,O1 Proposed,E3 LTV/Joseph,1,1,1,1.01965456927145,0.7
ESR_1_to_2,O1 Proposed,E3 LTV/Joseph,2,1,1,1.01965456927145,1.05574226236471
ESR_1_to_2,O1 Proposed,E3 LTV/Joseph,3,1,1,1.03689528692372,1.05574226236471
ESR_1_to_2,O1 Proposed,E3 LTV/Joseph,4,1,1,1.03689528692372,1.05242338649307
ESR_1_to_2,O1 Proposed,E3 LTV/Joseph,5,1,1,1.04200777499333,1.05242338649307
ESR_1_to_2,O1 Proposed,E3 LTV/Joseph,6,1,1,1.04200777499333,1.04581873847325
ESR_1_to_2,O1 Proposed,E3 LTV/Joseph,7,1,1,1.03459577043275,1.04581873847325
ESR_1_to_2,O1 Proposed,E3 LTV/Joseph,8,1,1,1.03459577043275,1.04602651940458
ESR_1_to_2,O1 Proposed,E3 LTV/Joseph,9,1,1,1.01076238540907,1.04602651940458
ESR_1_to_2,O1 Proposed,E3 LTV/Joseph,10,1,1,1.01076238540907,1.03934678213884
ESR_1_to_2,O1 Proposed,E3 LTV/Joseph,11,1,1,0.998366910441793,1.03934678213884
ESR_1_to_2,O1 Proposed,E3 LTV/Joseph,12,1,1,0.998366910441793,1.0339410020825
ESR_1_to_2,O1 Proposed,E3 LTV/Joseph,13,1,1,1.00676401400524,1.0339410020825
ESR_1_to_2,O1 Proposed,E3 LTV/Joseph,14,1,1,1.00676401400524,1.02773239807004
ESR_1_to_2,O1 Proposed,E3 LTV/Joseph,15,1,1,1.01012686419212,1.02773239807004
ESR_1_to_2,O1 Proposed,E3 LTV/Joseph,16,1,1,1.01012686419212,1.02483352066222
ESR_1_to_2,O1 Proposed,E3 LTV/Joseph,17,1,1,1.00886800805735,1.02483352066222
ESR_1_to_2,O1 Proposed,E3 LTV/Joseph,18,1,1,1.00886800805735,1.01746525940991
ESR_1_to_2,O1 Proposed,E3 LTV/Joseph,19,1,1,1.01167853954489,1.01746525940991
ESR_1_to_2,O1 Proposed,E3 LTV/Joseph,20,1,1,1.01167853954489,1.01181179454094
ESR_1_to_2,O1 Proposed,E3 LTV/Joseph,21,1,1,1.00621610274576,1.01181179454094
ESR_1_to_2,O1 Proposed,E3 LTV/Joseph,22,1,1,1.00621610274576,1.00508805470326
ESR_1_to_2,O1 Proposed,E3 LTV/Joseph,23,1,1,1.00323746740192,1.00508805470326
ESR_1_to_2,O1 Proposed,E3 LTV/Joseph,24,1,1,1.00323746740192,1.00105337456927
ESR_1_to_2,O1 Proposed,E3 LTV/Joseph,25,1,1,1.00568941169412,1.00105337456927
ESR_1_to_2,O1 Proposed,E3 LTV/Joseph,26,1,1,1.00568941169412,0.997801110285003
ESR_1_to_2,O1 Proposed,E3 LTV/Joseph,27,1,1,1.00711836427753,0.997801110285003
ESR_1_to_2,O1 Proposed,E3 LTV/Joseph,28,1,1,1.00711836427753,0.995296500248174
ESR_1_to_2,O1 Proposed,E3 LTV/Joseph,29,1,1,1.00846190605654,0.995296500248174
ESR_1_to_2,O1 Proposed,E3 LTV/Joseph,30,1,1,1.00846190605654,0.992975006067639
ESR_1_to_2,O1 Proposed,E3 LTV/Joseph,31,1,1,1.0114421467645,0.992975006067639
ESR_1_to_2,O1 Proposed,E3 LTV/Joseph,32,1,1,1.0114421467645,0.992845478984121
ESR_1_to_2,O1 Proposed,E3 LTV/Joseph,33,1,1,1.01069145821956,0.992845478984121
ESR_1_to_2,O1 Proposed,E3 LTV/Joseph,34,1,1,1.01069145821956,0.992362743288281
ESR_1_to_2,O1 Proposed,E3 LTV/Joseph,35,1,1,1.00643461765073,0.992362743288281
ESR_1_to_2,O1 Proposed,E3 LTV/Joseph,36,1,1,1.00643461765073,0.995529330405129
ESR_1_to_2,O1 Proposed,E3 LTV/Joseph,37,1,1,1.00605407384158,0.995529330405129
ESR_1_to_2,O1 Proposed,E3 LTV/Joseph,38,1,1,1.00605407384158,0.997860399596065
ESR_1_to_2,O1 Proposed,E3 LTV/Joseph,39,1,1,1.00471595856791,0.997860399596065
ESR_1_to_2,O1 Proposed,E3 LTV/Joseph,40,1,1,1.00471595856791,0.99847040695002
ESR_1_to_2,O1 Proposed,E3 LTV/Joseph,41,1,1,1.00660657335644,0.99847040695002
ESR_1_to_2,O1 Proposed,E3 LTV/Joseph,42,1,1,1.00660657335644,1.00148690605333
ESR_1_to_2,O1 Proposed,E3 LTV/Joseph,43,1,1,1.00705044417015,1.00148690605333
ESR_1_to_2,O1 Proposed,E3 LTV/Joseph,44,1,1,1.00705044417015,1.00641792250872
ESR_1_to_2,O1 Proposed,E3 LTV/Joseph,45,1,1,1.00815559744407,1.00641792250872
ESR_1_to_2,O1 Proposed,E3 LTV/Joseph,46,1,1,1.00815559744407,1.00993450363621
ESR_1_to_2,O1 Proposed,E3 LTV/Joseph,47,1,1,1.01261845844588,1.00993450363621
ESR_1_to_2,O1 Proposed,E3 LTV/Joseph,48,1,1,1.01261845844588,1.00935643643129
ESR_1_to_2,O1 Proposed,E3 LTV/Joseph,49,1,1,1.01192610585404,1.00935643643129
ESR_1_to_2,O1 Proposed,E3 LTV/Joseph,50,1,1,1.01192610585404,1.01198111245312
ESR_1_to_2,O1 Proposed,E3 LTV/Joseph,51,1,1,1.01052982911663,1.01198111245312
ESR_1_to_2,O1 Proposed,E3 LTV/Joseph,52,1,1,1.01052982911663,1.01163093172768
ESR_1_to_2,O1 Proposed,E3 LTV/Joseph,53,1,1,1.01149673220913,1.01163093172768
ESR_1_to_2,O1 Proposed,E3 LTV/Joseph,54,1,1,1.01149673220913,1.0104142324415
ESR_1_to_2,O1 Proposed,E3 LTV/Joseph,55,1,1,1.01055639605866,1.0104142324415
ESR_1_to_2,O1 Proposed,E3 LTV/Joseph,56,1,1,1.01055639605866,1.0063173297658
ESR_1_to_2,O1 Proposed,E3 LTV/Joseph,57,1,1,1.00966628813856,1.0063173297658
ESR_1_to_2,O1 Proposed,E3 LTV/Joseph,58,1,1,1.00966628813856,1.00229249253432
ESR_1_to_2,O1 Proposed,E3 LTV/Joseph,59,1,1,1.0091967484196,1.00229249253432
ESR_1_to_2,O1 Proposed,E3 LTV/Joseph,60,1,1,1.0091967484196,0.998709432346477
ESR_1_to_2,O1 Proposed,E3 LTV/Joseph,61,1,1,1.00766802043543,0.998709432346477
ESR_1_to_2,O1 Proposed,E3 LTV/Joseph,62,1,1,1.00766802043543,0.995677984500533
ESR_1_to_2,O1 Proposed,E3 LTV/Joseph,63,1,1,1.0076621422475,0.995677984500533
ESR_1_to_2,O1 Proposed,E3 LTV/Joseph,64,1,1,1.0076621422475,0.993905971776066
ESR_1_to_2,O1 Proposed,E3 LTV/Joseph,65,1,1,1.00849959993685,0.993905971776066
ESR_1_to_2,O1 Proposed,E3 LTV/Joseph,66,1,1,1.00849959993685,0.991970922966611
ESR_1_to_2,O1 Proposed,E3 LTV/Joseph,67,1,1,1.00887850418874,0.991970922966611
ESR_1_to_2,O1 Proposed,E3 LTV/Joseph,68,1,1,1.00887850418874,0.990416129961174
ESR_1_to_2,O1 Proposed,E3 LTV/Joseph,69,1,1,1.00855067249951,0.990416129961174
ESR_1_to_2,O1 Proposed,E3 LTV/Joseph,70,1,1,1.00855067249951,0.99069475029073
ESR_1_to_2,O1 Proposed,E3 LTV/Joseph,71,1,1,1.00822942612354,0.99069475029073
ESR_1_to_2,O1 Proposed,E3 LTV/Joseph,72,1,1,1.00822942612354,0.989693774393419
ESR_1_to_2,O1 Proposed,E3 LTV/Joseph,73,1,1,1.00832762641045,0.989693774393419
ESR_1_to_2,O1 Proposed,E3 LTV/Joseph,74,1,1,1.00832762641045,0.992728372199815
ESR_1_to_2,O1 Proposed,E3 LTV/Joseph,75,1,1,1.01062090738596,0.992728372199815
ESR_1_to_2,O1 Proposed,E3 LTV/Joseph,76,1,1,1.01062090738596,0.997106352353081
ESR_1_to_2,O1 Proposed,E3 LTV/Joseph,77,1,1,1.00875513582391,0.997106352353081
ESR_1_to_2,O1 Proposed,E3 LTV/Joseph,78,1,1,1.00875513582391,0.998810363026969
ESR_1_to_2,O1 Proposed,E3 LTV/Joseph,79,1,1,1.00865905560973,0.998810363026969
ESR_1_to_2,O1 Proposed,E3 LTV/Joseph,80,1,1,1.00865905560973,1.00172519356173
ESR_1_to_2,O1 Proposed,E3 LTV/Joseph,81,1,1,1.00652082050743,1.00172519356173
ESR_1_to_2,O1 Proposed,E3 LTV/Joseph,82,1,1,1.00652082050743,1.00201585617643
ESR_1_to_2,O1 Proposed,E3 LTV/Joseph,83,1,1,1.00708255722758,1.00201585617643
ESR_1_to_2,O1 Proposed,E3 LTV/Joseph,84,1,1,1.00708255722758,1.00353983863954
ESR_1_to_2,O1 Proposed,E3 LTV/Joseph,85,1,1,1.00609216800705,1.00353983863954
ESR_1_to_2,O1 Proposed,E3 LTV/Joseph,86,1,1,1.00609216800705,1.00181888979762
ESR_1_to_2,O1 Proposed,E3 LTV/Joseph,87,1,1,1.00495085396608,1.00181888979762
ESR_1_to_2,O1 Proposed,E3 LTV/Joseph,88,1,1,1.00495085396608,1.00182054843707
ESR_1_to_2,O1 Proposed,E3 LTV/Joseph,89,1,1,1.00523442614352,1.00182054843707
ESR_1_to_2,O1 Proposed,E3 LTV/Joseph,90,1,1,1.00523442614352,1.00202861218794
ESR_1_to_2,O1 Proposed,E3 LTV/Joseph,91,1,1,1.00578218705194,1.00202861218794
ESR_1_to_2,O1 Proposed,E3 LTV/Joseph,92,1,1,1.00578218705194,0.999236911584002
ESR_1_to_2,O1 Proposed,E3 LTV/Joseph,93,1,1,1.0058612796249,0.999236911584002
ESR_1_to_2,O1 Proposed,E3 LTV/Joseph,94,1,1,1.0058612796249,0.998017629064481
ESR_1_to_2,O1 Proposed,E3 LTV/Joseph,95,1,1,1.0046689419471,0.998017629064481
ESR_1_to_2,O1 Proposed,E3 LTV/Joseph,96,1,1,1.0046689419471,0.994927766482264
ESR_1_to_2,O1 Proposed,E3 LTV/Joseph,97,1,1,1.00462756397056,0.994927766482264
ESR_1_to_2,O1 Proposed,E3 LTV/Joseph,98,1,1,1.00462756397056,0.991744330847726
ESR_1_to_2,O1 Proposed,E3 LTV/Joseph,99,1,1,1.00430957981469,0.991744330847726
ESR_1_to_2,O1 Proposed,E3 LTV/Joseph,100,1,1,1.00430957981469,0.989534893128818
ESR_1_to_2,O1 Proposed,E3 LTV/Joseph,101,1,1,1.00360737900123,0.989534893128818
ESR_1_to_2,O1 Proposed,E3 LTV/Joseph,102,1,1,1.00360737900123,0.987834306859512
ESR_1_to_2,O1 Proposed,E3 LTV/Joseph,103,1,1,1.00360212904838,0.987834306859512
ESR_1_to_2,O1 Proposed,E3 LTV/Joseph,104,1,1,1.00360212904838,0.988464483574655
ESR_1_to_2,O1 Proposed,E3 LTV/Joseph,105,1,1,1.00437340991125,0.988464483574655
ESR_1_to_2,O1 Proposed,E3 LTV/Joseph,106,1,1,1.00437340991125,0.989617610443142
ESR_1_to_2,O1 Proposed,E3 LTV/Joseph,107,1,1,1.00361009556075,0.989617610443142
ESR_1_to_2,O1 Proposed,E3 LTV/Joseph,108,1,1,1.00361009556075,0.989390315377774
ESR_1_to_2,O1 Proposed,E3 LTV/Joseph,109,1,1,1.00404108335416,0.989390315377774
ESR_1_to_2,O1 Proposed,E3 LTV/Joseph,110,1,1,1.00404108335416,0.990253029138215
ESR_1_to_2,O1 Proposed,E3 LTV/Joseph,111,1,1,1.00507616477274,0.990253029138215
ESR_1_to_2,O1 Proposed,E3 LTV/Joseph,112,1,1,1.00507616477274,0.992807243745701
ESR_1_to_2,O1 Proposed,E3 LTV/Joseph,113,1,1,1.00677612654362,0.992807243745701
ESR_1_to_2,O1 Proposed,E3 LTV/Joseph,114,1,1,1.00677612654362,0.994450018288438
ESR_1_to_2,O1 Proposed,E3 LTV/Joseph,115,1,1,1.00698153572409,0.994450018288438
ESR_1_to_2,O1 Proposed,E3 LTV/Joseph,116,1,1,1.00698153572409,0.998187547276026
ESR_1_to_2,O1 Proposed,E3 LTV/Joseph,117,1,1,1.00802436308468,0.998187547276026
ESR_1_to_2,O1 Proposed,E3 LTV/Joseph,118,1,1,1.00802436308468,1.00197756121933
ESR_1_to_2,O1 Proposed,E3 LTV/Joseph,119,1,1,1.00854610972511,1.00197756121933
ESR_1_to_2,O1 Proposed,E3 LTV/Joseph,120,1,1,1.00854610972511,1.00394071213031
ESR_1_to_2,O1 Proposed,E3 LTV/Joseph,121,1,1,1.00821208118852,1.00394071213031
ESR_1_to_2,O1 Proposed,E3 LTV/Joseph,122,1,1,1.00821208118852,1.00211396182112
ESR_1_to_2,O1 Proposed,E3 LTV/Joseph,123,1,1,1.00853079217167,1.00211396182112
ESR_1_to_2,O1 Proposed,E3 LTV/Joseph,124,1,1,1.00853079217167,1.00047734355912
ESR_1_to_2,O1 Proposed,E3 LTV/Joseph,125,1,1,1.0083754818143,1.00047734355912
ESR_1_to_2,O1 Proposed,E3 LTV/Joseph,126,1,1,1.0083754818143,1.0012318365813
ESR_1_to_2,O1 Proposed,E3 LTV/Joseph,127,1,1,1.00790338710027,1.0012318365813
ESR_1_to_2,O1 Proposed,E3 LTV/Joseph,128,1,2,1.00790338710027,1.0012318365813
ESR_1_to_2,O1 Proposed,E3 LTV/Joseph,129,1,2,1.00825727951306,1.0012318365813
ESR_1_to_2,O1 Proposed,E3 LTV/Joseph,130,1,2,1.00825727951306,1.0012318365813
ESR_1_to_2,O1 Proposed,E3 LTV/Joseph,131,1,2,1.00772062723305,1.0012318365813
ESR_1_to_2,O1 Proposed,E3 LTV/Joseph,132,1,2,1.00772062723305,1.0012318365813
ESR_1_to_2,O1 Proposed,E3 LTV/Joseph,133,1,2,1.00774390768323,1.0012318365813
ESR_1_to_2,O1 Proposed,E3 LTV/Joseph,134,1,2,1.00774390768323,1.0012318365813
ESR_1_to_2,O1 Proposed,E3 LTV/Joseph,135,1,2,1.00827098362469,1.0012318365813
ESR_1_to_2,O1 Proposed,E3 LTV/Joseph,136,1,2,1.00827098362469,1.0012318365813
ESR_1_to_2,O1 Proposed,E3 LTV/Joseph,137,1,2,1.00823191566403,1.0012318365813
ESR_1_to_2,O1 Proposed,E3 LTV/Joseph,138,1,2,1.00823191566403,1.0012318365813
ESR_1_to_2,O1 Proposed,E3 LTV/Joseph,139,1,2,1.00785236562038,1.0012318365813
ESR_1_to_2,O1 Proposed,E3 LTV/Joseph,140,1,2,1.00785236562038,1.0012318365813
ESR_1_to_2,O1 Proposed,E3 LTV/Joseph,141,1,2,1.00737699904291,1.0012318365813
ESR_1_to_2,O1 Proposed,E3 LTV/Joseph,142,1,2,1.00737699904291,1.0012318365813
ESR_1_to_2,O1 Proposed,E3 LTV/Joseph,143,1,2,1.0062874868272,1.0012318365813
ESR_1_to_2,O1 Proposed,E3 LTV/Joseph,144,1,2,1.0062874868272,1.0012318365813
ESR_1_to_2,O1 Proposed,E3 LTV/Joseph,145,1,2,1.00687038067649,1.0012318365813
ESR_1_to_2,O1 Proposed,E3 LTV/Joseph,146,1,2,1.00687038067649,1.0012318365813
ESR_1_to_2,O1 Proposed,E3 LTV/Joseph,147,1,2,1.00707248757697,1.0012318365813
ESR_1_to_2,O1 Proposed,E3 LTV/Joseph,148,1,2,1.00707248757697,1.0012318365813
ESR_1_to_2,O1 Proposed,E3 LTV/Joseph,149,1,2,1.00674784493742,1.0012318365813
ESR_1_to_2,O1 Proposed,E3 LTV/Joseph,150,1,2,1.00674784493742,1.0012318365813
ESR_1_to_2,O1 Proposed,E3 LTV/Joseph,151,1,2,1.00676811428692,1.0012318365813
ESR_1_to_2,O1 Proposed,E3 LTV/Joseph,152,1,2,1.00676811428692,1.0012318365813
ESR_1_to_2,O1 Proposed,E3 LTV/Joseph,153,1,2,1.00686517056186,1.0012318365813
ESR_1_to_2,O1 Proposed,E3 LTV/Joseph,154,1,2,1.00686517056186,1.0012318365813
ESR_1_to_2,O1 Proposed,E3 LTV/Joseph,155,1,2,1.00613318815835,1.0012318365813
ESR_1_to_2,O1 Proposed,E3 LTV/Joseph,156,1,2,1.00613318815835,1.0012318365813
ESR_1_to_2,O1 Proposed,E3 LTV/Joseph,157,1,2,1.00465161614471,1.0012318365813
ESR_1_to_2,O1 Proposed,E3 LTV/Joseph,158,1,2,1.00465161614471,1.0012318365813
ESR_1_to_2,O1 Proposed,E3 LTV/Joseph,159,1,2,1.0049970905872,1.0012318365813
ESR_1_to_2,O1 Proposed,E3 LTV/Joseph,160,1,2,1.0049970905872,1.0012318365813
ESR_1_to_2,O1 Proposed,E3 LTV/Joseph,161,1,2,1.00471718808144,1.0012318365813
ESR_1_to_2,O1 Proposed,E3 LTV/Joseph,162,1,2,1.00471718808144,1.0012318365813
ESR_1_to_2,O1 Proposed,E3 LTV/Joseph,163,1,2,1.00491542355642,1.0012318365813
ESR_1_to_2,O1 Proposed,E3 LTV/Joseph,164,1,2,1.00491542355642,1.0012318365813
ESR_1_to_2,O1 Proposed,E3 LTV/Joseph,165,1,2,1.00477545680737,1.0012318365813
ESR_1_to_2,O1 Proposed,E3 LTV/Joseph,166,1,2,1.00477545680737,1.0012318365813
ESR_1_to_2,O1 Proposed,E3 LTV/Joseph,167,1,2,1.00522700243264,1.0012318365813
ESR_1_to_2,O1 Proposed,E3 LTV/Joseph,168,1,2,1.00522700243264,1.0012318365813
ESR_1_to_2,O1 Proposed,E3 LTV/Joseph,169,1,2,1.00553515842909,1.0012318365813
ESR_1_to_2,O1 Proposed,E3 LTV/Joseph,170,1,2,1.00553515842909,1.0012318365813
ESR_1_to_2,O1 Proposed,E3 LTV/Joseph,171,1,2,1.00540536860815,1.0012318365813
ESR_1_to_2,O1 Proposed,E3 LTV/Joseph,172,1,2,1.00540536860815,1.0012318365813
ESR_1_to_2,O1 Proposed,E3 LTV/Joseph,173,1,2,1.0059356960764,1.0012318365813
ESR_1_to_2,O1 Proposed,E3 LTV/Joseph,174,1,2,1.0059356960764,1.0012318365813
ESR_1_to_2,O1 Proposed,E3 LTV/Joseph,175,1,2,1.00614163650913,1.0012318365813
ESR_1_to_2,O1 Proposed,E3 LTV/Joseph,176,1,2,1.00614163650913,1.0012318365813
ESR_1_to_2,O1 Proposed,E3 LTV/Joseph,177,1,2,1.00534270288535,1.0012318365813
ESR_1_to_2,O1 Proposed,E3 LTV/Joseph,178,1,2,1.00534270288535,1.0012318365813
ESR_1_to_2,O1 Proposed,E3 LTV/Joseph,179,1,2,1.005042121367,1.0012318365813
ESR_1_to_2,O1 Proposed,E3 LTV/Joseph,180,1,2,1.005042121367,1.0012318365813
ESR_1_to_2,O1 Proposed,E3 LTV/Joseph,181,1,2,1.00567340047068,1.0012318365813
ESR_1_to_2,O1 Proposed,E3 LTV/Joseph,182,1,2,1.00567340047068,1.0012318365813
ESR_1_to_2,O1 Proposed,E3 LTV/Joseph,183,1,2,1.00575789965213,1.0012318365813
ESR_1_to_2,O1 Proposed,E3 LTV/Joseph,184,1,2,1.00575789965213,1.0012318365813
ESR_1_to_2,O1 Proposed,E3 LTV/Joseph,185,1,2,1.00590670200877,1.0012318365813
ESR_1_to_2,O1 Proposed,E3 LTV/Joseph,186,1,2,1.00590670200877,1.0012318365813
ESR_1_to_2,O1 Proposed,E3 LTV/Joseph,187,1,2,1.00519691643258,1.0012318365813
ESR_1_to_2,O1 Proposed,E3 LTV/Joseph,188,1,2,1.00519691643258,1.0012318365813
ESR_1_to_2,O1 Proposed,E3 LTV/Joseph,189,1,2,1.00487159186811,1.0012318365813
ESR_1_to_2,O1 Proposed,E3 LTV/Joseph,190,1,2,1.00487159186811,1.0012318365813
ESR_1_to_2,O1 Proposed,E3 LTV/Joseph,191,1,2,1.00428495507159,1.0012318365813
ESR_1_to_2,O1 Proposed,E3 LTV/Joseph,192,1,2,1.00428495507159,1.0012318365813
ESR_1_to_2,O1 Proposed,E3 LTV/Joseph,193,1,2,1.00444435408728,1.0012318365813
ESR_1_to_2,O1 Proposed,E3 LTV/Joseph,194,1,2,1.00444435408728,1.0012318365813
ESR_1_to_2,O1 Proposed,E3 LTV/Joseph,195,1,2,1.00381144876266,1.0012318365813
ESR_1_to_2,O1 Proposed,E3 LTV/Joseph,196,1,2,1.00381144876266,1.0012318365813
ESR_1_to_2,O1 Proposed,E3 LTV/Joseph,197,1,2,1.00424579104842,1.0012318365813
ESR_1_to_2,O1 Proposed,E3 LTV/Joseph,198,1,2,1.00424579104842,1.0012318365813
ESR_1_to_2,O1 Proposed,E3 LTV/Joseph,199,1,2,1.00502446098829,1.0012318365813
ESR_1_to_2,O1 Proposed,E3 LTV/Joseph,200,1,2,1.00502446098829,1.0012318365813
ESR_1_to_2,O1 Proposed,E3 LTV/Joseph,201,1,2,1.00440186441171,1.0012318365813
ESR_1_to_2,O1 Proposed,E3 LTV/Joseph,202,1,2,1.00440186441171,1.0012318365813
ESR_1_to_2,O1 Proposed,E3 LTV/Joseph,203,1,2,1.00426012626216,1.0012318365813
ESR_1_to_2,O1 Proposed,E3 LTV/Joseph,204,1,2,1.00426012626216,1.0012318365813
ESR_1_to_2,O1 Proposed,E3 LTV/Joseph,205,1,2,1.00447906080561,1.0012318365813
ESR_1_to_2,O1 Proposed,E3 LTV/Joseph,206,1,2,1.00447906080561,1.0012318365813
ESR_1_to_2,O1 Proposed,E3 LTV/Joseph,207,1,2,1.00405067732229,1.0012318365813
ESR_1_to_2,O1 Proposed,E3 LTV/Joseph,208,1,2,1.00405067732229,1.0012318365813
ESR_1_to_2,O1 Proposed,E3 LTV/Joseph,209,1,2,1.00451442451697,1.0012318365813
ESR_1_to_2,O1 Proposed,E3 LTV/Joseph,210,1,2,1.00451442451697,1.0012318365813
ESR_1_to_2,O1 Proposed,E3 LTV/Joseph,211,1,2,1.00452475906928,1.0012318365813
ESR_1_to_2,O1 Proposed,E3 LTV/Joseph,212,1,2,1.00452475906928,1.0012318365813
ESR_1_to_2,O1 Proposed,E3 LTV/Joseph,213,1,2,1.00479032346931,1.0012318365813
ESR_1_to_2,O1 Proposed,E3 LTV/Joseph,214,1,2,1.00479032346931,1.0012318365813
ESR_1_to_2,O1 Proposed,E3 LTV/Joseph,215,1,2,1.00443836627169,1.0012318365813
ESR_1_to_2,O1 Proposed,E3 LTV/Joseph,216,1,2,1.00443836627169,1.0012318365813
ESR_1_to_2,O1 Proposed,E3 LTV/Joseph,217,1,2,1.00428331549799,1.0012318365813
ESR_1_to_2,O1 Proposed,E3 LTV/Joseph,218,1,2,1.00428331549799,1.0012318365813
ESR_1_to_2,O1 Proposed,E3 LTV/Joseph,219,1,2,1.0041707788797,1.0012318365813
ESR_1_to_2,O1 Proposed,E3 LTV/Joseph,220,1,2,1.0041707788797,1.0012318365813
ESR_1_to_2,O1 Proposed,E3 LTV/Joseph,221,1,2,1.00415937965602,1.0012318365813
ESR_1_to_2,O1 Proposed,E3 LTV/Joseph,222,1,2,1.00415937965602,1.0012318365813
ESR_1_to_2,O1 Proposed,E3 LTV/Joseph,223,1,2,1.00465590789235,1.0012318365813
ESR_1_to_2,O1 Proposed,E3 LTV/Joseph,224,1,2,1.00465590789235,1.0012318365813
ESR_1_to_2,O1 Proposed,E3 LTV/Joseph,225,1,2,1.0039440731148,1.0012318365813
ESR_1_to_2,O1 Proposed,E3 LTV/Joseph,226,1,2,1.0039440731148,1.0012318365813
ESR_1_to_2,O1 Proposed,E3 LTV/Joseph,227,1,2,1.00416288457793,1.0012318365813
ESR_1_to_2,O1 Proposed,E3 LTV/Joseph,228,1,2,1.00416288457793,1.0012318365813
ESR_1_to_2,O1 Proposed,E3 LTV/Joseph,229,1,2,1.0035508210758,1.0012318365813
ESR_1_to_2,O1 Proposed,E3 LTV/Joseph,230,1,2,1.0035508210758,1.0012318365813
ESR_1_to_2,O1 Proposed,E3 LTV/Joseph,231,1,2,1.00310031549011,1.0012318365813
ESR_1_to_2,O1 Proposed,E3 LTV/Joseph,232,1,2,1.00310031549011,1.0012318365813
ESR_1_to_2,O1 Proposed,E3 LTV/Joseph,233,1,2,1.00368197906151,1.0012318365813
ESR_1_to_2,O1 Proposed,E3 LTV/Joseph,234,1,2,1.00368197906151,1.0012318365813
ESR_1_to_2,O1 Proposed,E3 LTV/Joseph,235,1,2,1.00424781073753,1.0012318365813
ESR_1_to_2,O1 Proposed,E3 LTV/Joseph,236,1,2,1.00424781073753,1.0012318365813
ESR_1_to_2,O1 Proposed,E3 LTV/Joseph,237,1,2,1.00425161444875,1.0012318365813
ESR_1_to_2,O1 Proposed,E3 LTV/Joseph,238,1,2,1.00425161444875,1.0012318365813
ESR_1_to_2,O1 Proposed,E3 LTV/Joseph,239,1,2,1.00376536469881,1.0012318365813
ESR_1_to_2,O1 Proposed,E3 LTV/Joseph,240,1,2,1.00376536469881,1.0012318365813
ESR_1_to_2,O1 Proposed,E3 LTV/Joseph,241,1,2,1.00326394603417,1.0012318365813
ESR_1_to_2,O1 Proposed,E3 LTV/Joseph,242,1,2,1.00326394603417,1.0012318365813
ESR_1_to_2,O1 Proposed,E3 LTV/Joseph,243,1,2,1.00352572589185,1.0012318365813
ESR_1_to_2,O1 Proposed,E3 LTV/Joseph,244,1,2,1.00352572589185,1.0012318365813
ESR_1_to_2,O1 Proposed,E3 LTV/Joseph,245,1,2,1.00336048933663,1.0012318365813
ESR_1_to_2,O1 Proposed,E3 LTV/Joseph,246,1,2,1.00336048933663,1.0012318365813
ESR_1_to_2,O1 Proposed,E3 LTV/Joseph,247,1,2,1.00328790680465,1.0012318365813
ESR_1_to_2,O1 Proposed,E3 LTV/Joseph,248,1,2,1.00328790680465,1.0012318365813
ESR_1_to_2,O1 Proposed,E3 LTV/Joseph,249,1,2,1.00290472687469,1.0012318365813
ESR_1_to_2,O1 Proposed,E3 LTV/Joseph,250,1,2,1.00290472687469,1.0012318365813
ESR_1_to_2,O1 Proposed,E3 LTV/Joseph,251,1,2,1.0034314675744,1.0012318365813
ESR_1_to_2,O1 Proposed,E3 LTV/Joseph,252,1,2,1.0034314675744,1.0012318365813
ESR_1_to_2,O1 Proposed,E3 LTV/Joseph,253,1,2,1.00324539905122,1.0012318365813
ESR_1_to_2,O1 Proposed,E3 LTV/Joseph,254,1,2,1.00324539905122,1.0012318365813
ESR_1_to_2,O1 Proposed,E3 LTV/Joseph,255,1,2,1.00333004155135,1.0012318365813
ESR_1_to_2,O1 Proposed,E3 LTV/Joseph,256,1,2,1.00333004155135,1.0012318365813
ESR_1_to_2,O1 Proposed,E3 LTV/Joseph,257,1,2,1.00360113828318,1.0012318365813
ESR_1_to_2,O1 Proposed,E3 LTV/Joseph,258,1,2,1.00360113828318,1.0012318365813
ESR_1_to_2,O1 Proposed,E3 LTV/Joseph,259,1,2,1.00309175073476,1.0012318365813
ESR_1_to_2,O1 Proposed,E3 LTV/Joseph,260,1,2,1.00309175073476,1.0012318365813
ESR_1_to_2,O1 Proposed,E3 LTV/Joseph,261,1,2,1.00363420134955,1.0012318365813
ESR_1_to_2,O1 Proposed,E3 LTV/Joseph,262,1,2,1.00363420134955,1.0012318365813
ESR_1_to_2,O1 Proposed,E3 LTV/Joseph,263,1,2,1.00363374143508,1.0012318365813
ESR_1_to_2,O1 Proposed,E3 LTV/Joseph,264,1,2,1.00363374143508,1.0012318365813
ESR_1_to_2,O1 Proposed,E3 LTV/Joseph,265,1,2,1.00406639793521,1.0012318365813
ESR_1_to_2,O1 Proposed,E3 LTV/Joseph,266,1,2,1.00406639793521,1.0012318365813
ESR_1_to_2,O1 Proposed,E3 LTV/Joseph,267,1,2,1.00382862892331,1.0012318365813
ESR_1_to_2,O1 Proposed,E3 LTV/Joseph,268,1,2,1.00382862892331,1.0012318365813
ESR_1_to_2,O1 Proposed,E3 LTV/Joseph,269,1,2,1.00480344477701,1.0012318365813
ESR_1_to_2,O1 Proposed,E3 LTV/Joseph,270,1,2,1.00480344477701,1.0012318365813
ESR_1_to_2,O1 Proposed,E3 LTV/Joseph,271,1,2,1.00478878828263,1.0012318365813
ESR_1_to_2,O1 Proposed,E3 LTV/Joseph,272,1,2,1.00478878828263,1.0012318365813
ESR_1_to_2,O1 Proposed,E3 LTV/Joseph,273,1,2,1.00489620252759,1.0012318365813
ESR_1_to_2,O1 Proposed,E3 LTV/Joseph,274,1,2,1.00489620252759,1.0012318365813
ESR_1_to_2,O1 Proposed,E3 LTV/Joseph,275,1,2,1.00539010544146,1.0012318365813
ESR_1_to_2,O1 Proposed,E3 LTV/Joseph,276,1,2,1.00539010544146,1.0012318365813
ESR_1_to_2,O1 Proposed,E3 LTV/Joseph,277,1,2,1.00571361169093,1.0012318365813
ESR_1_to_2,O1 Proposed,E3 LTV/Joseph,278,1,2,1.00571361169093,1.0012318365813
ESR_1_to_2,O1 Proposed,E3 LTV/Joseph,279,1,2,1.00561566588716,1.0012318365813
ESR_1_to_2,O1 Proposed,E3 LTV/Joseph,280,1,2,1.00561566588716,1.0012318365813
ESR_1_to_2,O1 Proposed,E3 LTV/Joseph,281,1,2,1.00562301593011,1.0012318365813
ESR_1_to_2,O1 Proposed,E3 LTV/Joseph,282,1,2,1.00562301593011,1.0012318365813
ESR_1_to_2,O1 Proposed,E3 LTV/Joseph,283,1,2,1.0054442924043,1.0012318365813
ESR_1_to_2,O1 Proposed,E3 LTV/Joseph,284,1,2,1.0054442924043,1.0012318365813
ESR_1_to_2,O1 Proposed,E3 LTV/Joseph,285,1,2,1.00547234297657,1.0012318365813
ESR_1_to_2,O1 Proposed,E3 LTV/Joseph,286,1,2,1.00547234297657,1.0012318365813
ESR_1_to_2,O1 Proposed,E3 LTV/Joseph,287,1,2,1.00555797935673,1.0012318365813
ESR_1_to_2,O1 Proposed,E3 LTV/Joseph,288,1,2,1.00555797935673,1.0012318365813
ESR_1_to_2,O1 Proposed,E3 LTV/Joseph,289,1,2,1.00589295811687,1.0012318365813
ESR_1_to_2,O1 Proposed,E3 LTV/Joseph,290,1,2,1.00589295811687,1.0012318365813
ESR_1_to_2,O1 Proposed,E3 LTV/Joseph,291,1,2,1.00607324844646,1.0012318365813
ESR_1_to_2,O1 Proposed,E3 LTV/Joseph,292,1,2,1.00607324844646,1.0012318365813
ESR_1_to_2,O1 Proposed,E3 LTV/Joseph,293,1,2,1.00587501159182,1.0012318365813
ESR_1_to_2,O1 Proposed,E3 LTV/Joseph,294,1,2,1.00587501159182,1.0012318365813
ESR_1_to_2,O1 Proposed,E3 LTV/Joseph,295,1,2,1.00603753796367,1.0012318365813
ESR_1_to_2,O1 Proposed,E3 LTV/Joseph,296,1,2,1.00603753796367,1.0012318365813
ESR_1_to_2,O1 Proposed,E3 LTV/Joseph,297,1,2,1.00619098199231,1.0012318365813
ESR_1_to_2,O1 Proposed,E3 LTV/Joseph,298,1,2,1.00619098199231,1.0012318365813
ESR_1_to_2,O1 Proposed,E3 LTV/Joseph,299,1,2,1.00574787786015,1.0012318365813
ESR_1_to_2,O1 Proposed,E3 LTV/Joseph,300,1,2,1.00574787786015,1.0012318365813
ESR_1_to_2,O1 Proposed,E3 LTV/Joseph,301,1,2,1.00530519325157,1.0012318365813
ESR_1_to_2,O1 Proposed,E3 LTV/Joseph,302,1,2,1.00530519325157,1.0012318365813
ESR_1_to_2,O1 Proposed,E3 LTV/Joseph,303,1,2,1.00501255576389,1.0012318365813
ESR_1_to_2,O1 Proposed,E3 LTV/Joseph,304,1,2,1.00501255576389,1.0012318365813
ESR_1_to_2,O1 Proposed,E3 LTV/Joseph,305,1,2,1.00463971017697,1.0012318365813
ESR_1_to_2,O1 Proposed,E3 LTV/Joseph,306,1,2,1.00463971017697,1.0012318365813
ESR_1_to_2,O1 Proposed,E3 LTV/Joseph,307,1,2,1.00464582995143,1.0012318365813
ESR_1_to_2,O1 Proposed,E3 LTV/Joseph,308,1,2,1.00464582995143,1.0012318365813
ESR_1_to_2,O1 Proposed,E3 LTV/Joseph,309,1,2,1.00479649835219,1.0012318365813
ESR_1_to_2,O1 Proposed,E3 LTV/Joseph,310,1,2,1.00479649835219,1.0012318365813
ESR_1_to_2,O1 Proposed,E3 LTV/Joseph,311,1,2,1.0052648624011,1.0012318365813
ESR_1_to_2,O1 Proposed,E3 LTV/Joseph,312,1,2,1.0052648624011,1.0012318365813
ESR_1_to_2,O1 Proposed,E3 LTV/Joseph,313,1,2,1.00518376653482,1.0012318365813
ESR_1_to_2,O1 Proposed,E3 LTV/Joseph,314,1,2,1.00518376653482,1.0012318365813
ESR_1_to_2,O1 Proposed,E3 LTV/Joseph,315,1,2,1.00500634919342,1.0012318365813
ESR_1_to_2,O1 Proposed,E3 LTV/Joseph,316,1,2,1.00500634919342,1.0012318365813
ESR_1_to_2,O1 Proposed,E3 LTV/Joseph,317,1,2,1.00522086446539,1.0012318365813
ESR_1_to_2,O1 Proposed,E3 LTV/Joseph,318,1,2,1.00522086446539,1.0012318365813
ESR_1_to_2,O1 Proposed,E3 LTV/Joseph,319,1,2,1.00512939916672,1.0012318365813
ESR_1_to_2,O1 Proposed,E3 LTV/Joseph,320,1,2,1.00512939916672,1.0012318365813
ESR_1_to_2,O1 Proposed,E3 LTV/Joseph,321,1,2,1.00521950960249,1.0012318365813
ESR_1_to_2,O1 Proposed,E3 LTV/Joseph,322,1,2,1.00521950960249,1.0012318365813
ESR_1_to_2,O1 Proposed,E3 LTV/Joseph,323,1,2,1.00496683431151,1.0012318365813
ESR_1_to_2,O1 Proposed,E3 LTV/Joseph,324,1,2,1.00496683431151,1.0012318365813
ESR_1_to_2,O1 Proposed,E3 LTV/Joseph,325,1,2,1.00498933625014,1.0012318365813
ESR_1_to_2,O1 Proposed,E3 LTV/Joseph,326,1,2,1.00498933625014,1.0012318365813
ESR_1_to_2,O1 Proposed,E3 LTV/Joseph,327,1,2,1.00482819088064,1.0012318365813
ESR_1_to_2,O1 Proposed,E3 LTV/Joseph,328,1,2,1.00482819088064,1.0012318365813
ESR_1_to_2,O1 Proposed,E3 LTV/Joseph,329,1,2,1.00486554957821,1.0012318365813
ESR_1_to_2,O1 Proposed,E3 LTV/Joseph,330,1,2,1.00486554957821,1.0012318365813
ESR_1_to_2,O1 Proposed,E3 LTV/Joseph,331,1,2,1.00474637565451,1.0012318365813
ESR_1_to_2,O1 Proposed,E3 LTV/Joseph,332,1,2,1.00474637565451,1.0012318365813
ESR_1_to_2,O1 Proposed,E3 LTV/Joseph,333,1,2,1.00496462734827,1.0012318365813
ESR_1_to_2,O1 Proposed,E3 LTV/Joseph,334,1,2,1.00496462734827,1.0012318365813
ESR_1_to_2,O1 Proposed,E3 LTV/Joseph,335,1,2,1.00496718816378,1.0012318365813
ESR_1_to_2,O1 Proposed,E3 LTV/Joseph,336,1,2,1.00496718816378,1.0012318365813
ESR_1_to_2,O1 Proposed,E3 LTV/Joseph,337,1,2,1.00513356489093,1.0012318365813
ESR_1_to_2,O1 Proposed,E3 LTV/Joseph,338,1,2,1.00513356489093,1.0012318365813
ESR_1_to_2,O1 Proposed,E3 LTV/Joseph,339,1,2,1.00562825841689,1.0012318365813
ESR_1_to_2,O1 Proposed,E3 LTV/Joseph,340,1,2,1.00562825841689,1.0012318365813
ESR_1_to_2,O1 Proposed,E3 LTV/Joseph,341,1,2,1.00495554339209,1.0012318365813
ESR_1_to_2,O1 Proposed,E3 LTV/Joseph,342,1,2,1.00495554339209,1.0012318365813
ESR_1_to_2,O1 Proposed,E3 LTV/Joseph,343,1,2,1.0051627997244,1.0012318365813
ESR_1_to_2,O1 Proposed,E3 LTV/Joseph,344,1,2,1.0051627997244,1.0012318365813
ESR_1_to_2,O1 Proposed,E3 LTV/Joseph,345,1,2,1.00481164928478,1.0012318365813
ESR_1_to_2,O1 Proposed,E3 LTV/Joseph,346,1,2,1.00481164928478,1.0012318365813
ESR_1_to_2,O1 Proposed,E3 LTV/Joseph,347,1,2,1.00460339721856,1.0012318365813
ESR_1_to_2,O1 Proposed,E3 LTV/Joseph,348,1,2,1.00460339721856,1.0012318365813
ESR_1_to_2,O1 Proposed,E3 LTV/Joseph,349,1,2,1.00487661796131,1.0012318365813
ESR_1_to_2,O1 Proposed,E3 LTV/Joseph,350,1,2,1.00487661796131,1.0012318365813
ESR_1_to_2,O1 Proposed,E3 LTV/Joseph,351,1,2,1.00459014696536,1.0012318365813
ESR_1_to_2,O1 Proposed,E3 LTV/Joseph,352,1,2,1.00459014696536,1.0012318365813
ESR_1_to_2,O1 Proposed,E3 LTV/Joseph,353,1,2,1.00441921813323,1.0012318365813
ESR_1_to_2,O1 Proposed,E3 LTV/Joseph,354,1,2,1.00441921813323,1.0012318365813
ESR_1_to_2,O1 Proposed,E3 LTV/Joseph,355,1,2,1.00411921332063,1.0012318365813
ESR_1_to_2,O1 Proposed,E3 LTV/Joseph,356,1,2,1.00411921332063,1.0012318365813
ESR_1_to_2,O1 Proposed,E3 LTV/Joseph,357,1,2,1.00394793638275,1.0012318365813
ESR_1_to_2,O1 Proposed,E3 LTV/Joseph,358,1,2,1.00394793638275,1.0012318365813
ESR_1_to_2,O1 Proposed,E3 LTV/Joseph,359,1,2,1.0038845430063,1.0012318365813
ESR_1_to_2,O1 Proposed,E3 LTV/Joseph,360,1,2,1.0038845430063,1.0012318365813
ESR_1_to_2,O1 Proposed,E3 LTV/Joseph,361,1,2,1.00381043213432,1.0012318365813
ESR_1_to_2,O1 Proposed,E3 LTV/Joseph,362,1,2,1.00381043213432,1.0012318365813
ESR_1_to_2,O1 Proposed,E3 LTV/Joseph,363,1,2,1.00426322702628,1.0012318365813
ESR_1_to_2,O1 Proposed,E3 LTV/Joseph,364,1,2,1.00426322702628,1.0012318365813
ESR_1_to_2,O1 Proposed,E3 LTV/Joseph,365,1,2,1.00448445681963,1.0012318365813
ESR_1_to_2,O1 Proposed,E3 LTV/Joseph,366,1,2,1.00448445681963,1.0012318365813
ESR_1_to_2,O1 Proposed,E3 LTV/Joseph,367,1,2,1.00408475002077,1.0012318365813
ESR_1_to_2,O1 Proposed,E3 LTV/Joseph,368,1,2,1.00408475002077,1.0012318365813
ESR_1_to_2,O1 Proposed,E3 LTV/Joseph,369,1,2,1.00395086545003,1.0012318365813
ESR_1_to_2,O1 Proposed,E3 LTV/Joseph,370,1,2,1.00395086545003,1.0012318365813
ESR_1_to_2,O1 Proposed,E3 LTV/Joseph,371,1,2,1.00401215009647,1.0012318365813
ESR_1_to_2,O1 Proposed,E3 LTV/Joseph,372,1,2,1.00401215009647,1.0012318365813
ESR_1_to_2,O1 Proposed,E3 LTV/Joseph,373,1,2,1.00373524141846,1.0012318365813
ESR_1_to_2,O1 Proposed,E3 LTV/Joseph,374,1,2,1.00373524141846,1.0012318365813
ESR_1_to_2,O1 Proposed,E3 LTV/Joseph,375,1,2,1.00398723622857,1.0012318365813
ESR_1_to_2,O1 Proposed,E3 LTV/Joseph,376,1,2,1.00398723622857,1.0012318365813
ESR_1_to_2,O1 Proposed,E3 LTV/Joseph,377,1,2,1.00360070807117,1.0012318365813
ESR_1_to_2,O1 Proposed,E3 LTV/Joseph,378,1,2,1.00360070807117,1.0012318365813
ESR_1_to_2,O1 Proposed,E3 LTV/Joseph,379,1,2,1.00399201667136,1.0012318365813
ESR_1_to_2,O1 Proposed,E3 LTV/Joseph,380,1,2,1.00399201667136,1.0012318365813
ESR_1_to_2,O1 Proposed,E3 LTV/Joseph,381,1,2,1.00312480090265,1.0012318365813
ESR_1_to_2,O1 Proposed,E3 LTV/Joseph,382,1,2,1.00312480090265,1.0012318365813
ESR_1_to_2,O1 Proposed,E3 LTV/Joseph,383,1,2,1.00361595999999,1.0012318365813
ESR_1_to_2,O1 Proposed,E3 LTV/Joseph,384,1,2,1.00361595999999,1.0012318365813
