jitter_mode,jitter_rms_ns,seed,pre_projection_C_F,pre_projection_ESR_Ohm,C_est_F,C_MAPE_percent,ESR_est_Ohm,ESR_MAPE_percent,status,edge_fit_rejection_rate,samples_per_cycle
common,0,1,9.99981792467471e-05,0.049821823568226,0.000100000546593981,0.000546593981343158,0.0498297885952956,0.340422809408714,PASS,0,40
common,0,2,9.99981792467471e-05,0.049821823568226,0.000100000546593981,0.000546593981343158,0.0498297885952956,0.340422809408714,PASS,0,40
common,0,3,9.99981792467471e-05,0.049821823568226,0.000100000546593981,0.000546593981343158,0.0498297885952956,0.340422809408714,PASS,0,40
common,0,4,9.99981792467471e-05,0.049821823568226,0.000100000546593981,0.000546593981343158,0.0498297885952956,0.340422809408714,PASS,0,40
common,0,5,9.99981792467471e-05,0.049821823568226,0.000100000546593981,0.000546593981343158,0.0498297885952956,0.340422809408714,PASS,0,40
common,0,6,9.99981792467471e-05,0.049821823568226,0.000100000546593981,0.000546593981343158,0.0498297885952956,0.340422809408714,PASS,0,40
common,0,7,9.99981792467471e-05,0.049821823568226,0.000100000546593981,0.000546593981343158,0.0498297885952956,0.340422809408714,PASS,0,40
common,0,8,9.99981792467471e-05,0.049821823568226,0.000100000546593981,0.000546593981343158,0.0498297885952956,0.340422809408714,PASS,0,40
common,0,9,9.99981792467471e-05,0.049821823568226,0.000100000546593981,0.000546593981343158,0.0498297885952956,0.340422809408714,PASS,0,40
common,0,10,9.99981792467471e-05,0.049821823568226,0.000100000546593981,0.000546593981343158,0.0498297885952956,0.340422809408714,PASS,0,40
common,0,11,9.99981792467471e-05,0.049821823568226,0.000100000546593981,0.000546593981343158,0.0498297885952956,0.340422809408714,PASS,0,40
common,0,12,9.99981792467471e-05,0.049821823568226,0.000100000546593981,0.000546593981343158,0.0498297885952956,0.340422809408714,PASS,0,40
common,0,13,9.99981792467471e-05,0.049821823568226,0.000100000546593981,0.000546593981343158,0.0498297885952956,0.340422809408714,PASS,0,40
common,0,14,9.99981792467471e-05,0.049821823568226,0.000100000546593981,0.000546593981343158,0.0498297885952956,0.340422809408714,PASS,0,40
common,0,15,9.99981792467471e-05,0.049821823568226,0.000100000546593981,0.000546593981343158,0.0498297885952956,0.340422809408714,PASS,0,40
common,0,16,9.99981792467471e-05,0.049821823568226,0.000100000546593981,0.000546593981343158,0.0498297885952956,0.340422809408714,PASS,0,40
common,0,17,9.99981792467471e-05,0.049821823568226,0.000100000546593981,0.000546593981343158,0.0498297885952956,0.340422809408714,PASS,0,40
common,0,18,9.99981792467471e-05,0.049821823568226,0.000100000546593981,0.000546593981343158,0.0498297885952956,0.340422809408714,PASS,0,40
common,0,19,9.99981792467471e-05,0.049821823568226,0.000100000546593981,0.000546593981343158,0.0498297885952956,0.340422809408714,PASS,0,40
common,0,20,9.99981792467471e-05,0.049821823568226,0.000100000546593981,0.000546593981343158,0.0498297885952956,0.340422809408714,PASS,0,40
common,0,21,9.99981792467471e-05,0.049821823568226,0.000100000546593981,0.000546593981343158,0.0498297885952956,0.340422809408714,PASS,0,40
common,0,22,9.99981792467471e-05,0.049821823568226,0.000100000546593981,0.000546593981343158,0.0498297885952956,0.340422809408714,PASS,0,40
common,0,23,9.99981792467471e-05,0.049821823568226,0.000100000546593981,0.000546593981343158,0.0498297885952956,0.340422809408714,PASS,0,40
common,0,24,9.99981792467471e-05,0.049821823568226,0.000100000546593981,0.000546593981343158,0.0498297885952956,0.340422809408714,PASS,0,40
common,0,25,9.99981792467471e-05,0.049821823568226,0.000100000546593981,0.000546593981343158,0.0498297885952956,0.340422809408714,PASS,0,40
common,0,26,9.99981792467471e-05,0.049821823568226,0.000100000546593981,0.000546593981343158,0.0498297885952956,0.340422809408714,PASS,0,40
common,0,27,9.99981792467471e-05,0.049821823568226,0.000100000546593981,0.000546593981343158,0.0498297885952956,0.340422809408714,PASS,0,40
common,0,28,9.99981792467471e-05,0.049821823568226,0.000100000546593981,0.000546593981343158,0.0498297885952956,0.340422809408714,PASS,0,40
common,0,29,9.99981792467471e-05,0.049821823568226,0.000100000546593981,0.000546593981343158,0.0498297885952956,0.340422809408714,PASS,0,40
common,0,30,9.99981792467471e-05,0.049821823568226,0.000100000546593981,0.000546593981343158,0.0498297885952956,0.340422809408714,PASS,0,40
common,0,31,9.99981792467471e-05,0.049821823568226,0.000100000546593981,0.000546593981343158,0.0498297885952956,0.340422809408714,PASS,0,40
common,0,32,9.99981792467471e-05,0.049821823568226,0.000100000546593981,0.000546593981343158,0.0498297885952956,0.340422809408714,PASS,0,40
common,0,33,9.99981792467471e-05,0.049821823568226,0.000100000546593981,0.000546593981343158,0.0498297885952956,0.340422809408714,PASS,0,40
common,0,34,9.99981792467471e-05,0.049821823568226,0.000100000546593981,0.000546593981343158,0.0498297885952956,0.340422809408714,PASS,0,40
common,0,35,9.99981792467471e-05,0.049821823568226,0.000100000546593981,0.000546593981343158,0.0498297885952956,0.340422809408714,PASS,0,40
common,0,36,9.99981792467471e-05,0.049821823568226,0.000100000546593981,0.000546593981343158,0.0498297885952956,0.340422809408714,PASS,0,40
common,0,37,9.99981792467471e-05,0.049821823568226,0.000100000546593981,0.000546593981343158,0.0498297885952956,0.340422809408714,PASS,0,40
common,0,38,9.99981792467471e-05,0.049821823568226,0.000100000546593981,0.000546593981343158,0.0498297885952956,0.340422809408714,PASS,0,40
common,0,39,9.99981792467471e-05,0.049821823568226,0.000100000546593981,0.000546593981343158,0.0498297885952956,0.340422809408714,PASS,0,40
common,0,40,9.99981792467471e-05,0.049821823568226,0.000100000546593981,0.000546593981343158,0.0498297885952956,0.340422809408714,PASS,0,40
common,0,41,9.99981792467471e-05,0.049821823568226,0.000100000546593981,0.000546593981343158,0.0498297885952956,0.340422809408714,PASS,0,40
common,0,42,9.99981792467471e-05,0.049821823568226,0.000100000546593981,0.000546593981343158,0.0498297885952956,0.340422809408714,PASS,0,40
common,0,43,9.99981792467471e-05,0.049821823568226,0.000100000546593981,0.000546593981343158,0.0498297885952956,0.340422809408714,PASS,0,40
common,0,44,9.99981792467471e-05,0.049821823568226,0.000100000546593981,0.000546593981343158,0.0498297885952956,0.340422809408714,PASS,0,40
common,0,45,9.99981792467471e-05,0.049821823568226,0.000100000546593981,0.000546593981343158,0.0498297885952956,0.340422809408714,PASS,0,40
common,0,46,9.99981792467471e-05,0.049821823568226,0.000100000546593981,0.000546593981343158,0.0498297885952956,0.340422809408714,PASS,0,40
common,0,47,9.99981792467471e-05,0.049821823568226,0.000100000546593981,0.000546593981343158,0.0498297885952956,0.340422809408714,PASS,0,40
common,0,48,9.99981792467471e-05,0.049821823568226,0.000100000546593981,0.000546593981343158,0.0498297885952956,0.340422809408714,PASS,0,40
common,0,49,9.99981792467471e-05,0.049821823568226,0.000100000546593981,0.000546593981343158,0.0498297885952956,0.340422809408714,PASS,0,40
common,0,50,9.99981792467471e-05,0.049821823568226,0.000100000546593981,0.000546593981343158,0.0498297885952956,0.340422809408714,PASS,0,40
common,5,1,0.000100090643735523,0.0498286992159389,0.000100005854701564,0.00585470156446721,0.0498387153429614,0.322569314077148,PASS,0,40
common,5,2,9.97874798967526e-05,0.0498279684522682,0.000100002611800287,0.00261180028651165,0.0498390643300415,0.321871339917057,PASS,0,40
common,5,3,0.0001000814170826,0.0498195097449399,0.000100007372488526,0.00737248852602512,0.0498333420078869,0.333315984226112,PASS,0,40
common,5,4,9.99592448280163e-05,0.0498075257805858,9.99972127091613e-05,0.00278729083871276,0.0498225504013462,0.354899197307623,PASS,0,40
common,5,5,9.99471775141228e-05,0.0498248278067074,9.99932489545169e-05,0.00675104548314431,0.0498377523687834,0.324495262433233,PASS,0,40
common,5,6,9.98253852063914e-05,0.0498165511090511,0.000100006011015182,0.00601101518178382,0.0498225419795642,0.354916040871567,PASS,0,40
common,5,7,9.98558759536005e-05,0.0498197377876052,9.99856991384767e-05,0.0143008615233087,0.049827133369685,0.345733260629932,PASS,0,40
common,5,8,9.98714345897794e-05,0.0498143116849166,9.99983752896995e-05,0.00162471030049627,0.0498305012945781,0.338997410843778,PASS,0,40
common,5,9,9.99157776212924e-05,0.0498050084521364,9.99953676064473e-05,0.00463239355266154,0.0498157921418907,0.368415716218506,PASS,0,40
common,5,10,0.00010007937230042,0.0498058947706056,9.99953553790421e-05,0.00464462095792761,0.0498269601190716,0.346079761856766,PASS,0,40
common,5,11,9.98135017574977e-05,0.0498280158464331,9.99992746093005e-05,0.000725390699496398,0.049837469397934,0.325061204132004,PASS,0,40
common,5,12,9.98252369188548e-05,0.0498259934369776,9.99936769067312e-05,0.00632309326881186,0.0498365975484154,0.326804903169109,PASS,0,40
common,5,13,0.000100055888442019,0.0498055211586924,0.000100003453041764,0.00345304176392336,0.0498218415807984,0.356316838403203,PASS,0,40
common,5,14,0.000100026784601621,0.049817107049057,9.99982200748091e-05,0.00177992519087011,0.0498284878619694,0.343024276061143,PASS,0,40
common,5,15,0.000100239656234662,0.049804470544209,9.99954812346616e-05,0.00451876533844597,0.0498130018202797,0.373996359440587,PASS,0,40
common,5,16,9.9907588108133e-05,0.0498207826329464,9.999952836505e-05,0.000471634949983368,0.0498412868653417,0.317426269316645,PASS,0,40
common,5,17,9.990952686995e-05,0.049824015589052,0.000100001773449752,0.00177344975225147,0.0498404552214427,0.319089557114649,PASS,0,40
common,5,18,9.98178809180007e-05,0.0498162672408573,9.99916069005331e-05,0.00839309946688571,0.0498332379667588,0.333524066482405,PASS,0,40
common,5,19,0.000100136987094575,0.0498141822209715,9.99956169919856e-05,0.00438300801441915,0.0498318710311328,0.33625793773433,PASS,0,40
common,5,20,0.000100211914353804,0.0498145048714895,9.99978297723061e-05,0.00217022769395392,0.0498271518963611,0.345696207277779,PASS,0,40
common,5,21,0.00010015126074371,0.0498073820691652,9.99973735245443e-05,0.0026264754557026,0.0498303147041007,0.33937059179866,PASS,0,40
common,5,22,0.000100081136472221,0.0498188956488552,0.00010000409934331,0.004099343309516,0.0498411266858123,0.31774662837547,PASS,0,40
common,5,23,0.000100214594748091,0.0498216646703041,9.99993139374121e-05,0.000686062587951231,0.0498336982715635,0.33260345687296,PASS,0,40
common,5,24,0.000100299220382539,0.0498103212263531,0.000100007538131603,0.00753813160287997,0.0498272563625541,0.345487274891831,PASS,0,40
common,5,25,9.99233170100175e-05,0.0498239071717083,9.99979788523435e-05,0.00202114765646133,0.0498382797257522,0.323440548495668,PASS,0,40
common,5,26,0.000100241367597348,0.0498223998261658,9.99981568547881e-05,0.00184314521187723,0.0498353370830735,0.329325833853022,PASS,0,40
common,5,27,0.000100096791239421,0.0498286564876,9.99976379613136e-05,0.00236203868636542,0.0498384815264188,0.323036947162403,PASS,0,40
common,5,28,9.99271766776688e-05,0.0498178640809685,9.99941419264759e-05,0.00585807352410095,0.0498318362026833,0.336327594633312,PASS,0,40
common,5,29,9.99599842096687e-05,0.0498263806059494,0.000100005695470415,0.0056954704145129,0.0498333061748391,0.333387650321781,PASS,0,40
common,5,30,9.98245984601981e-05,0.0498150964530279,0.000100012468878976,0.0124688789759464,0.0498280293240686,0.343941351862853,PASS,0,40
common,5,31,0.000100125335143327,0.0498355269518038,0.000100001423145456,0.00142314545628075,0.0498495397138019,0.300920572396191,PASS,0,40
common,5,32,9.99654356533143e-05,0.0498153438255799,0.000100001344747806,0.00134474780628668,0.0498310107321873,0.337978535625438,PASS,0,40
common,5,33,9.99265255953036e-05,0.0498129652582551,9.99941009221106e-05,0.00589907788941524,0.0498274489433898,0.345102113220386,PASS,0,40
common,5,34,9.99478720029475e-05,0.0498166619360629,0.000100007073790659,0.00707379065933988,0.0498315827418275,0.33683451634503,PASS,0,40
common,5,35,9.99265772340635e-05,0.0498062708347565,0.000100001752754229,0.00175275422853449,0.0498229129440603,0.354174111879435,PASS,0,40
common,5,36,9.98905413177687e-05,0.0498129774916873,9.99984269850384e-05,0.00157301496160889,0.049828742751263,0.342514497473989,PASS,0,40
common,5,37,9.98734454665898e-05,0.0498227744937029,9.99935651571567e-05,0.00643484284328366,0.0498335249696254,0.332950060749149,PASS,0,40
common,5,38,9.99380183173393e-05,0.0498144675516475,0.000100001424654468,0.00142465446844042,0.0498268131293151,0.346373741369832,PASS,0,40
common,5,39,0.000100020453216851,0.0498166527135991,0.000100002349066012,0.00234906601215279,0.0498354849523028,0.329030095394478,PASS,0,40
common,5,40,9.98630646359016e-05,0.0498253342275973,9.99876989897584e-05,0.0123010102415777,0.0498366991307919,0.326601738416166,PASS,0,40
common,5,41,9.99314280055538e-05,0.0498231612409256,9.99887256048715e-05,0.0112743951285132,0.049833817015366,0.332365969267989,PASS,0,40
common,5,42,0.000100051469706171,0.0498225403362096,9.99974476832161e-05,0.00255231678386592,0.0498287353671977,0.34252926560453,PASS,0,40
common,5,43,0.000100044562900765,0.0498096482179409,9.99951573523773e-05,0.00484264762269371,0.0498220659772514,0.355868045497132,PASS,0,40
common,5,44,9.99545766141063e-05,0.049814500531424,9.9989390616624e-05,0.0106093833759591,0.0498237058809402,0.352588238119689,PASS,0,40
common,5,45,0.000100084784144008,0.0498151864507701,9.99903157692818e-05,0.00968423071818769,0.0498232569628109,0.353486074378151,PASS,0,40
common,5,46,9.99071006127161e-05,0.0498112163839695,9.99972582800044e-05,0.00274171999558037,0.0498249176155717,0.350164768856676,PASS,0,40
common,5,47,0.000100181244402578,0.0498135219553624,9.9995093954494e-05,0.00490604550598128,0.0498238089061943,0.352382187611489,PASS,0,40
common,5,48,0.000100075774400675,0.0498214472029033,0.000100006263379048,0.0062633790482991,0.0498367666199231,0.326466760153732,PASS,0,40
common,5,49,0.000100039165243117,0.0498088503372707,9.99956369441346e-05,0.00436305586535291,0.0498208604173472,0.358279165305575,PASS,0,40
common,5,50,9.99695700211847e-05,0.0498163788582767,0.000100002228878451,0.00222887845149344,0.0498266307832133,0.346738433573479,PASS,0,40
common,10,1,0.000100183249337667,0.0498265998817228,0.000100011194217001,0.0111942170010204,0.0498486769109329,0.302646178134303,PASS,0,40
common,10,2,9.95776111265974e-05,0.0498221935067646,0.000100004646999884,0.00464699988405037,0.0498497301415645,0.300539716870984,PASS,0,40
common,10,3,0.000100164781557221,0.0498154009539714,0.000100014227278519,0.0142272785191189,0.0498369895707644,0.326020858471232,PASS,0,40
common,10,4,9.99189405487021e-05,0.0497912281279686,9.99938719454003e-05,0.00612805459969668,0.0498160157632628,0.367968473474478,PASS,0,40
common,10,5,9.9896226821906e-05,0.049827379904164,9.99859258086771e-05,0.0140741913228659,0.0498454770475215,0.309045904956939,PASS,0,40
common,10,6,9.9653238832181e-05,0.0498067112818669,0.000100011481356715,0.0114813567147598,0.0498173937546874,0.365212490625277,PASS,0,40
common,10,7,9.9713950005168e-05,0.0498127524774403,9.99708431003755e-05,0.0291568996245495,0.0498248008695289,0.350398260942186,PASS,0,40
common,10,8,9.97449979350414e-05,0.0498064524827612,9.99962285783145e-05,0.00377142168550559,0.0498327227707295,0.334554458540914,PASS,0,40
common,10,9,9.98321340528854e-05,0.0497879677197519,9.99902553590494e-05,0.00974464095061522,0.0498018708206369,0.396258358726254,PASS,0,40
common,10,10,0.000100160701694495,0.0497899618200279,9.99902787314855e-05,0.00972126851455091,0.049818999160837,0.362001678325952,PASS,0,40
common,10,11,9.96294743361832e-05,0.0498270546586273,9.9997978935145e-05,0.00202106485502895,0.0498476875961507,0.304624807698517,PASS,0,40
common,10,12,9.96529106233346e-05,0.0498304968131863,9.99869195086873e-05,0.0130804913126559,0.0498414245452576,0.31715090948472,PASS,0,40
common,10,13,0.000100113655549677,0.0497894165601784,0.000100006403354521,0.0064033545214448,0.0498148894365495,0.370221126900983,PASS,0,40
common,10,14,0.000100054841471823,0.0498113679102556,9.9995937973746e-05,0.00406202625395924,0.0498269334816104,0.346133036779117,PASS,0,40
common,10,15,0.000100482205912228,0.0497872889012363,9.99904984132193e-05,0.00950158678070245,0.0497971084032044,0.40578319359118,PASS,0,40
common,10,16,9.98171595246646e-05,0.0498115144751124,9.99984192029626e-05,0.00158079703744818,0.0498533140836867,0.293371832626643,PASS,0,40
common,10,17,9.98210160223313e-05,0.0498219553602846,0.000100002824659402,0.00282465940157905,0.0498501995893481,0.29960082130388,PASS,0,40
common,10,18,9.96381822478753e-05,0.0498050147122762,9.99826286789144e-05,0.0173713210856019,0.0498352167246023,0.32956655079549,PASS,0,40
common,10,19,0.000100274855448081,0.0497994770222164,9.99908363621649e-05,0.00916363783511898,0.0498346467843125,0.330706431374905,PASS,0,40
common,10,20,0.000100426497733743,0.0498061617059142,9.99953144114603e-05,0.00468558853965462,0.0498252458210501,0.349508357899841,PASS,0,40
common,10,21,0.000100304766463344,0.0497925486942868,9.99941108303355e-05,0.00588916966448583,0.0498345232405993,0.33095351880138,PASS,0,40
common,10,22,0.000100162306042665,0.0498159929999918,0.000100007628673302,0.00762867330215133,0.0498525900862405,0.294819827518955,PASS,0,40
common,10,23,0.0001004318431851,0.0498174687243848,9.99981751099198e-05,0.00182489008024866,0.0498360307099467,0.327938580106557,PASS,0,40
common,10,24,0.000100602071214949,0.0497969275100005,0.000100014507523906,0.0145075239063042,0.049824573218182,0.350853563635956,PASS,0,40
common,10,25,9.98485585570919e-05,0.0498263382082869,9.99953154433601e-05,0.00468455663992229,0.0498501923878722,0.299615224255645,PASS,0,40
common,10,26,0.000100485679988115,0.0498227225547295,9.99956858749354e-05,0.00431412506459727,0.0498404625677357,0.319074864528546,PASS,0,40
common,10,27,0.00010019555330242,0.0498287264241482,9.99948573260335e-05,0.00514267396648505,0.0498486008748066,0.302798250386882,PASS,0,40
common,10,28,9.98548797359804e-05,0.0498140405528413,9.99878517195424e-05,0.0121482804576134,0.0498319442721143,0.336111455771348,PASS,0,40
common,10,29,9.9920120962167e-05,0.0498272867185944,0.000100010800524384,0.0108005243843801,0.0498385691863896,0.322861627220783,PASS,0,40
common,10,30,9.96515831988211e-05,0.0498082040742677,0.000100024605179895,0.0246051798946434,0.049825280547015,0.349438905969912,PASS,0,40
common,10,31,0.000100252774582717,0.0501723893561351,0.000100002302307647,0.0023023076468176,0.0498720276596602,0.255944680679532,PASS,0,40
common,10,32,9.99327190180563e-05,0.0498063512718852,0.000100002052759569,0.00205275956852713,0.0498341065440153,0.331786911969467,PASS,0,40
common,10,33,9.98530944614732e-05,0.0498038529274278,9.99877911325069e-05,0.012208867493102,0.0498264809213006,0.347038157398849,PASS,0,40
common,10,34,9.98957073968887e-05,0.0498108111019702,0.000100013695227629,0.0136952276291735,0.0498324133770134,0.335173245973119,PASS,0,40
common,10,35,9.98550791623328e-05,0.0497868474842763,0.000100003111267021,0.00311126702134956,0.0498174589652333,0.365082069533473,PASS,0,40
common,10,36,9.97831059514256e-05,0.0498031972817038,9.99963127545924e-05,0.00368724540760201,0.0498311545597004,0.337690880599195,PASS,0,40
common,10,37,9.97489933022359e-05,0.0498169994622858,9.9986336844252e-05,0.0136631557480338,0.0498392034495064,0.321593100987128,PASS,0,40
common,10,38,9.98760096235028e-05,0.0498049418488295,0.000100002272228892,0.00227222889226386,0.0498243280372098,0.351343925580361,PASS,0,40
common,10,39,0.00010004081888879,0.0498115253637541,0.000100004197564026,0.00419756402565419,0.0498403797448356,0.319240510328833,PASS,0,40
common,10,40,9.97282303325069e-05,0.0498083290804578,9.99746931696349e-05,0.0253068303651349,0.0498434797627235,0.313040474552984,PASS,0,40
common,10,41,9.98633644873174e-05,0.0498225192337415,9.99770390338725e-05,0.0229609661274943,0.0498387499211015,0.322500157797023,PASS,0,40
common,10,42,0.000100104821115412,0.049815742942139,9.99943509901738e-05,0.00564900982622518,0.0498282448082288,0.343510383542456,PASS,0,40
common,10,43,0.000100089027960737,0.0497938862228876,9.99895970757831e-05,0.0104029242169124,0.0498108132135942,0.378373572811697,PASS,0,40
common,10,44,9.99089520038862e-05,0.0498035644480398,9.99782294284371e-05,0.0217705715629402,0.0498184361896648,0.363127620670445,PASS,0,40
common,10,45,0.000100169622201874,0.0498014402827418,9.99800802957828e-05,0.019919704217175,0.0498165856908385,0.366828618323045,PASS,0,40
common,10,46,9.9814485779126e-05,0.0497982227216317,9.99938738395735e-05,0.00612616042653391,0.0498205420396534,0.358915920693226,PASS,0,40
common,10,47,0.000100364980258003,0.049802676144803,9.99896274271481e-05,0.01037257285188,0.0498172923641273,0.365415271745384,PASS,0,40
common,10,48,0.000100151670957567,0.0498042487346625,0.000100012189819239,0.0121898192393388,0.049843633139044,0.312733721912029,PASS,0,40
common,10,49,0.000100080181813986,0.0497935552872394,9.999059736573e-05,0.00940263427001709,0.0498143319362255,0.371336127549049,PASS,0,40
common,10,50,9.99393652390585e-05,0.0498089291212094,0.000100003801672093,0.00380167209337312,0.0498217541476069,0.356491704786122,PASS,0,40
common,20,1,0.000100368883883322,0.0498194179730996,0.000100021875766481,0.0218757664810498,0.0498648370347578,0.27032593048445,PASS,0,40
common,20,2,9.91603466491443e-05,0.0497325734524221,0.00010000882631709,0.00882631709013815,0.049868099463044,0.263801073911951,PASS,0,40
common,20,3,0.000100331891572943,0.0498061219046174,0.000100027920433094,0.0279204330944305,0.0498434601860765,0.313079627846946,PASS,0,40
common,20,4,9.98383561940511e-05,0.0497543069112283,9.99872137488158e-05,0.0127862511841936,0.0497984075044686,0.403184991062755,PASS,0,40
common,20,5,9.97944782332862e-05,0.0498260775685775,9.99713867783766e-05,0.0286132216234414,0.0498586952467871,0.282609506425791,PASS,0,40
common,20,6,9.93108737285167e-05,0.0497811892024506,0.000100022305999864,0.0223059998643249,0.0498097817255572,0.380436548885665,PASS,0,40
common,20,7,9.94312258031966e-05,0.0497883434299934,9.99411511373166e-05,0.058848862683436,0.0498200541341719,0.359891731656226,PASS,0,40
common,20,8,9.94930444445146e-05,0.0497898461987729,9.99917088416156e-05,0.00829115838444361,0.049832050317188,0.335899365624004,PASS,0,40
common,20,9,9.96652362284439e-05,0.0497542167790769,9.99800851852777e-05,0.0199148147223438,0.0497748901243358,0.450219751328429,PASS,0,40
common,20,10,0.000100323771097318,0.0497576666655963,9.9980132184154e-05,0.0198678158459753,0.049802711352977,0.394577294045984,PASS,0,40
common,20,11,9.92633576572118e-05,0.0498247664282044,9.99953824952658e-05,0.00461750473423894,0.0498626030871902,0.274793825619679,PASS,0,40
common,20,12,9.93100750299486e-05,0.0498374399685926,9.99732351032167e-05,0.0267648967832823,0.049852513985873,0.294972028253948,PASS,0,40
common,20,13,0.000100229363112314,0.0497581165911309,0.000100012348650381,0.0123486503812664,0.049799867717209,0.400264565582076,PASS,0,40
common,20,14,0.000100111522839201,0.0497934830290861,9.99913500299082e-05,0.0086499700918452,0.0498272166651535,0.345566669692987,PASS,0,40
common,20,15,0.000100970550810383,0.0497499077384187,9.9980470879466e-05,0.0195291205340453,0.0497638824094482,0.472235181103686,PASS,0,40
common,20,16,9.96367882363511e-05,0.0497936582190975,9.99961848482484e-05,0.00381515175156277,0.0498785099699606,0.242980060078779,PASS,0,40
common,20,17,9.96444178155192e-05,0.0496975394425053,0.000100005056507028,0.00505650702820049,0.0498680979943834,0.263804011233215,PASS,0,40
common,20,18,9.92805723580673e-05,0.0497312552356588,9.99647292261145e-05,0.0352707738855429,0.0498361770300624,0.327645939875298,PASS,0,40
common,20,19,0.000100551968798182,0.0503813712604817,9.99811194743928e-05,0.0188805256072011,0.0498435891689794,0.312821662041163,PASS,0,40
common,20,20,0.000100858227316393,0.0502721073857026,9.9990209435009e-05,0.00979056499096354,0.049819800524167,0.360398951665919,PASS,0,40
common,20,21,0.000100613056649594,0.04976282876214,9.99875787406494e-05,0.012421259350559,0.0498371468793122,0.325706241375556,PASS,0,40
common,20,22,0.000100325022923115,0.0497039658348086,0.000100014696461085,0.0146964610848066,0.0498717743977677,0.256451204464514,PASS,0,40
common,20,23,0.000100868893430486,0.0503075842408257,9.99958972740927e-05,0.00410272590726235,0.0498423666976351,0.315266604729902,PASS,0,40
common,20,24,0.000101212949715066,0.049771293314437,0.000100028455153861,0.028455153861362,0.0498175864424255,0.364827115149069,PASS,0,40
common,20,25,9.96993526783614e-05,0.0498131078716692,9.9989997218365e-05,0.0100027816349879,0.0498700160593535,0.259967881293,PASS,0,40
common,20,26,0.000100977651855016,0.0502028645884346,9.9990744585187e-05,0.00925541481302528,0.0498506077329393,0.298784534121466,PASS,0,40
common,20,27,0.00010039352654575,0.050219221070927,9.9989295492955e-05,0.0107045070450229,0.0498713801687048,0.257239662590303,PASS,0,40
common,20,28,9.97105021458412e-05,0.0498033225052654,9.99752227408094e-05,0.024777259190556,0.0498311649440789,0.337670111842159,PASS,0,40
common,20,29,9.98404883650479e-05,0.0498267429793942,0.000100021041316888,0.0210413168880041,0.0498493291892014,0.301341621597218,PASS,0,40
common,20,30,9.93072388816721e-05,0.049778335068536,0.000100048907376622,0.0489073766221315,0.0498227442338616,0.354511532276824,PASS,0,40
common,20,31,0.000100508491168585,0.0503514343016575,0.000100003948534733,0.00394853473248968,0.0499145188260579,0.170962347884218,PASS,0,40
common,20,32,9.98673661527725e-05,0.0497885373504792,0.00010000346601852,0.00346601851959338,0.0498400916998119,0.319816600376288,PASS,0,40
common,20,33,9.97066378237909e-05,0.0497864764224876,9.99750490824002e-05,0.0249509175997975,0.0498241450078678,0.351709984264337,PASS,0,40
common,20,34,9.97915452741949e-05,0.0497885532476137,0.000100026836465867,0.0268364658670084,0.049833540682182,0.332918635636059,PASS,0,40
common,20,35,9.97123941034831e-05,0.0497455506104996,0.00010000587446037,0.00587446037023653,0.0498064381929208,0.387123614158336,PASS,0,40
common,20,36,9.95688407021778e-05,0.0497741523041868,9.99920809524566e-05,0.00791904754336992,0.049835629521183,0.328740957634088,PASS,0,40
common,20,37,9.95009313366387e-05,0.0497544763827674,9.99718659884724e-05,0.0281340115275586,0.0498534973905347,0.293005218930609,PASS,0,40
common,20,38,9.9752188143615e-05,0.0497778611852512,0.000100003963978506,0.00396397850579433,0.0498171642739108,0.365671452178329,PASS,0,40
common,20,39,0.000100081564868211,0.0498011358282314,0.000100007794123398,0.00779412339828589,0.0498526728287447,0.294654342510658,PASS,0,40
common,20,40,9.94594468391131e-05,0.0496233058932822,9.99489385750167e-05,0.0510614249832786,0.0498568346877716,0.286330624456888,PASS,0,40
common,20,41,9.97274294852774e-05,0.0498219378681096,9.99536717783678e-05,0.0463282216321526,0.0498497067126626,0.300586574674877,PASS,0,40
common,20,42,0.000100211707307657,0.0497830903159014,9.99881961599214e-05,0.0118038400786391,0.0498279623244023,0.344075351195361,PASS,0,40
common,20,43,0.00010017808585324,0.0497599608108953,9.99786324650687e-05,0.0213675349312603,0.0497943416971658,0.411316605668388,PASS,0,40
common,20,44,9.98177679921263e-05,0.0497813692737564,9.99559590425945e-05,0.0440409574054779,0.0498075269647803,0.384946070439318,PASS,0,40
common,20,45,0.000100339702382339,0.0497739034092962,9.99595505294332e-05,0.0404494705667613,0.0498041047709015,0.391790458196917,PASS,0,40
common,20,46,9.96297355689975e-05,0.049772962092393,9.99871086316041e-05,0.0128913683958731,0.0498115329285159,0.376934142968299,PASS,0,40
common,20,47,0.000100734478973836,0.0497799201940155,9.9978700830684e-05,0.0212991693160358,0.0498029965888052,0.394006822389503,PASS,0,40
common,20,48,0.000100303801476436,0.0497693081515687,0.000100023858780882,0.0238587808821356,0.0498577950921877,0.284409815624598,PASS,0,40
common,20,49,0.000100162306644067,0.0497641618321824,9.99805055407588e-05,0.0194944592412205,0.0497964468805335,0.407106238932964,PASS,0,40
common,20,50,9.98789871109388e-05,0.0497946946825633,0.000100006896319794,0.00689631979398087,0.0498166999031706,0.36660019365875,PASS,0,40
common,50,1,0.000100929946555885,0.050369353222657,0.000100053976854551,0.0539768545511077,0.0499126798381591,0.174640323681863,PASS,0,40
common,50,2,9.79274506998011e-05,0.0493412577810593,0.000100021070421486,0.0210704214863355,0.0499208935539197,0.15821289216057,PASS,0,40
common,50,3,0.000100836250517397,0.0497668513440459,0.000100068834417903,0.0688344179026634,0.0498668031998256,0.266393600348902,PASS,0,40
common,50,4,9.95970209081729e-05,0.0493769591822666,9.99673963553913e-05,0.0326036446087197,0.0497403595159606,0.519280968078761,PASS,0,40
common,50,5,9.94904142053749e-05,0.0501783689604654,9.99278145963158e-05,0.072185403684244,0.0499117303008827,0.176539398234588,PASS,0,40
common,50,6,9.82982025954069e-05,0.050414845305192,0.000100054763441795,0.0547634417954468,0.0497894270612854,0.421145877429163,PASS,0,40
common,50,7,9.85921002832077e-05,0.0495645902288636,9.98521086439647e-05,0.147891356035312,0.0498138778372348,0.372244325530446,PASS,0,40
common,50,8,9.8744769041084e-05,0.0496078442860091,9.99780544674555e-05,0.0219455325445095,0.0498447563623216,0.310487275356819,PASS,0,40
common,50,9,9.91671901489711e-05,0.0496659788484042,9.99496065548448e-05,0.0503934451552168,0.0496958588867858,0.608282226428403,PASS,0,40
common,50,10,0.000100816325728885,0.0496596821349636,9.99497703210372e-05,0.0502296789628431,0.0497499558643147,0.500088271370569,PASS,0,40
common,50,11,9.81812217211323e-05,0.0496895121012191,9.99876094555771e-05,0.0123905444228689,0.049905131244393,0.189737511214083,PASS,0,40
common,50,12,9.82941881633003e-05,0.0497427716785844,9.99320913866575e-05,0.0679086133425488,0.0498896078312659,0.220784337468127,PASS,0,40
common,50,13,0.000100577854318351,0.0496750794070468,0.000100030266665087,0.0302666650867645,0.0497542516378544,0.491496724291229,PASS,0,40
common,50,14,0.000100281963381774,0.0504569973227381,9.99775888900387e-05,0.0224111099613067,0.0498388124262991,0.322375147401899,PASS,0,40
common,50,15,0.000102462403048499,0.0505688106154534,9.99501705847794e-05,0.0498294152205592,0.0496694274554162,0.661145089167536,PASS,0,40
common,50,16,9.90988495106244e-05,0.0496904677054779,9.99892309160735e-05,0.0107690839264762,0.0499664923133348,0.0670153733303591,PASS,0,40
common,50,17,9.91183586090907e-05,0.0492543151519804,0.000100011563679353,0.0115636793530216,0.049924635406101,0.15072918779796,PASS,0,40
common,50,18,9.82222568984753e-05,0.0493374743433994,9.99113033367602e-05,0.0886966632398511,0.0498491496388885,0.301700722222953,PASS,0,40
common,50,19,0.000101394477465795,0.0509625090616718,9.9952025708205e-05,0.0479742917949721,0.0498533559517027,0.293288096594591,PASS,0,40
common,50,20,0.000102176354252844,0.0506899246821268,9.99747803821626e-05,0.0252196178374242,0.0498066172891461,0.386765421707802,PASS,0,40
common,50,21,0.000101548610704726,0.0505118532657697,9.99678918035285e-05,0.0321081964714698,0.0498500123275117,0.299975344976633,PASS,0,40
common,50,22,0.000100815794999199,0.0492695270550559,0.000100036145081279,0.0361450812790265,0.0499168648084202,0.166270383159572,PASS,0,40
common,50,23,0.000102202753551018,0.0507786358049919,9.99890082035548e-05,0.0109917964452033,0.049858379720468,0.283240559064035,PASS,0,40
common,50,24,0.000103088017849307,0.0497077596014013,0.00010007028260955,0.0702826095504649,0.0498059464625147,0.388107074970601,PASS,0,40
common,50,25,9.92542201862027e-05,0.0495488934140218,9.99741886109291e-05,0.0258113890708955,0.049926117822266,0.147764355468027,PASS,0,40
common,50,26,0.00010247931204356,0.0505165487601623,9.99759466098578e-05,0.0240533901422091,0.0498942474030601,0.211505193879902,PASS,0,40
common,50,27,0.000100992036987914,0.0505575645335067,9.99725660831351e-05,0.0274339168648718,0.049933042876359,0.133914247281919,PASS,0,40
common,50,28,9.92788003444501e-05,0.049521146248152,9.99370414322812e-05,0.0629585677188182,0.0498387536808431,0.322492638313809,PASS,0,40
common,50,29,9.96024770664393e-05,0.0498078833183592,0.000100051851393482,0.0518513934815168,0.0498757621003191,0.248475799361891,PASS,0,40
common,50,30,9.82871809646899e-05,0.0494558610700792,0.00010012196937647,0.121969376470421,0.0498202379265552,0.3595241468896,PASS,0,40
common,50,31,0.000101282453986861,0.0508880055177889,0.000100008658328848,0.00865832884762163,0.0500289233508886,0.0578467017771089,PASS,0,40
common,50,32,9.96718516393124e-05,0.0497141833021338,0.000100007758977221,0.00775897722058438,0.0498471764041871,0.305647191625702,PASS,0,40
common,50,33,9.92700501347208e-05,0.0494949431500456,9.99364217777972e-05,0.063578222202787,0.049816680902501,0.366638194998103,PASS,0,40
common,50,34,9.94801484268583e-05,0.0497272086127604,0.000100066158944673,0.0661589446731892,0.049827349663106,0.345300673788074,PASS,0,40
common,50,35,9.92867762268837e-05,0.0494934993640204,0.000100014217687618,0.0142176876177569,0.049777981523284,0.444036953432048,PASS,0,40
common,50,36,9.89311318679393e-05,0.0494446733270891,9.9979203015426e-05,0.0207969845739897,0.0498411709555935,0.317658088812967,PASS,0,40
common,50,37,9.87635333234715e-05,0.0493967722346771,9.9928900588947e-05,0.0710994110529661,0.0499000077717499,0.19998445650018,PASS,0,40
common,50,38,9.93821336150428e-05,0.0504731150490668,0.000100009026228213,0.00902622821279397,0.0497931307851452,0.413738429709509,PASS,0,40
common,50,39,0.000100203987171738,0.0496025347354666,0.000100018468978752,0.0184689787524839,0.0498713002475979,0.257399504804123,PASS,0,40
common,50,40,9.86619585546318e-05,0.0490689784046142,9.9871499718415e-05,0.128500281584998,0.0498897977901474,0.220404419705134,PASS,0,40
common,50,41,9.93210162519398e-05,0.0504321131862765,9.98836607966435e-05,0.116339203356519,0.0498933988237124,0.213202352575181,PASS,0,40
common,50,42,0.000100533639446959,0.0496628644170783,9.99700726354683e-05,0.0299273645317011,0.0498310377599379,0.337924480124263,PASS,0,40
common,50,43,0.000100446440814922,0.0494097166796574,9.99457431681658e-05,0.0542568318342429,0.0497573172779258,0.4853654441485,PASS,0,40
common,50,44,9.95444167437617e-05,0.0497182818555512,9.98893325097871e-05,0.110667490212868,0.0497775679495941,0.444864100811837,PASS,0,40
common,50,45,0.000100852803683728,0.0496394788019024,9.98982638301354e-05,0.101736169864564,0.0497691824840654,0.461635031869179,PASS,0,40
common,50,46,9.90792738828017e-05,0.0497036940896688,9.99668851166367e-05,0.0331148833633277,0.0497947294223751,0.410541155249788,PASS,0,40
common,50,47,0.000101859627925545,0.049707455187386,9.99459853050776e-05,0.0540146949223774,0.0497661131171599,0.467773765680157,PASS,0,40
common,50,48,0.000100762892641904,0.0496658253178815,0.000100058891322165,0.0588913221649445,0.0498851603809414,0.229679238117242,PASS,0,40
common,50,49,0.00010040953091775,0.0496887949512941,9.99500913835648e-05,0.0499086164351792,0.0497589275139411,0.482144972117904,PASS,0,40
common,50,50,9.96980327143121e-05,0.049604558689137,0.000100016653917387,0.0166539173868774,0.0497993572822148,0.401285435570442,PASS,0,40
common,100,1,0.000101879051314859,0.0507426720655873,0.000100107107747118,0.107107747118151,0.0499829226625076,0.0341546749847432,PASS,0,40
common,100,2,9.59344339639781e-05,0.0486890011190067,0.000100013432825729,0.0134328257290317,0.05002579405825,0.0515881165001009,PASS,0,40
common,100,3,0.000101687928848739,0.0503968998609132,0.000100136574976932,0.136574976932446,0.0498908023452386,0.218395309522901,PASS,0,40
common,100,4,9.91964673290998e-05,0.0486194334371868,9.9913379260742e-05,0.0866207392580032,0.0496055074121694,0.788985175661194,PASS,0,40
common,100,5,9.89867129007848e-05,0.0503137858159266,9.98555786611952e-05,0.144421338804834,0.050001227245014,0.00245449002791442,PASS,0,40
common,100,6,9.66573193179209e-05,0.0508368527903403,0.000100109434678153,0.109434678153164,0.0497654426436856,0.469114712628826,PASS,0,40
common,100,7,9.72234198696594e-05,0.0509056496261122,9.97033371229606e-05,0.296662877039444,0.0497935297079688,0.412940584062338,PASS,0,40
common,100,8,9.75228037462602e-05,0.0492465310873192,9.99550667806775e-05,0.0449332193224627,0.0498688317745133,0.262336450973333,PASS,0,40
common,100,9,9.83457079954808e-05,0.0495400668245292,9.98764110162312e-05,0.123588983768763,0.0496088651737684,0.782269652463197,PASS,0,40
common,100,10,0.000101648104019818,0.0494497627455578,9.9875511490474e-05,0.124488509525966,0.049659879929735,0.680240140530086,PASS,0,40
common,100,11,9.64297010632352e-05,0.0493696469663335,9.99958148508994e-05,0.00418514910063283,0.0499682748865335,0.0634502269329817,PASS,0,40
common,100,12,9.66435508279312e-05,0.0494981210193812,9.98633595172443e-05,0.136640482755712,0.0499602264107253,0.0795471785494328,PASS,0,40
common,100,13,0.0001011636429431,0.0506357834533379,0.000100087867874689,0.0878678746885075,0.0496926658174586,0.614668365082827,PASS,0,40
common,100,14,0.000100567090821548,0.0509204631846511,9.99543964409969e-05,0.0456035590031156,0.0498691257208435,0.261748558313069,PASS,0,40
common,100,15,0.000105041717979907,0.0511433298377592,9.98995115617048e-05,0.100488438295232,0.0495075359197384,0.984928160523157,PASS,0,40
common,100,16,9.82129979655565e-05,0.0494857389073909,9.99767939822973e-05,0.0232060177026927,0.0500979813558968,0.195962711793696,PASS,0,40
common,100,17,9.8254175138872e-05,0.0485102418669884,0.000100070036332053,0.0700363320532693,0.0500034480733558,0.00689614671149918,PASS,0,40
common,100,18,9.65046514267206e-05,0.0486795528602656,9.98231462420483e-05,0.176853757951712,0.049886251010095,0.227497979810021,PASS,0,40
common,100,19,0.000102835747697528,0.0519275045001579,9.99038600487886e-05,0.0961399512114158,0.0498771063183094,0.245787363381222,PASS,0,40
common,100,20,0.000104450353391946,0.0513838523246776,9.99490652068896e-05,0.050934793110391,0.0497771394439507,0.445721112098685,PASS,0,40
common,100,21,0.000103144337542159,0.051029836454877,9.99348458589466e-05,0.0651541410534029,0.0498460538650507,0.307892269898602,PASS,0,40
common,100,22,0.000101643105454306,0.0485446176711117,0.000100072795879372,0.0727958793723893,0.0499524074647833,0.0951850704334789,PASS,0,40
common,100,23,0.000104502389954186,0.0515614415918498,9.99773713552419e-05,0.0226286447580937,0.0498843705835159,0.231258832968306,PASS,0,40
common,100,24,0.000106362474361203,0.0505114020048724,0.000100140229368674,0.140229368674172,0.0498146685297785,0.370662940442912,PASS,0,40
common,100,25,9.85216066462075e-05,0.0491266376056939,9.99481285544653e-05,0.0518714455347125,0.0499983716163956,0.00325676720879242,PASS,0,40
common,100,26,0.000105072443130771,0.0510363525294841,9.99464410518077e-05,0.0535589481923449,0.0499739953504083,0.052009299183442,PASS,0,40
common,100,27,0.000102004616634594,0.0511189937324052,9.99445058301642e-05,0.0554941698358458,0.0500204407444004,0.0408814888008591,PASS,0,40
common,100,28,9.85636422897292e-05,0.0490370817149976,9.98874558079142e-05,0.112544192085828,0.0498255425372926,0.348914925414801,PASS,0,40
common,100,29,9.92086599281452e-05,0.0502953235163283,0.000100103616976261,0.103616976261223,0.0498987635314501,0.202472937099751,PASS,0,40
common,100,30,9.66297170484503e-05,0.0489188659560452,0.000100254369956824,0.254369956823508,0.0498256898084422,0.348620383115572,PASS,0,40
common,100,31,0.000102596313129221,0.0517801575717485,0.000100016459946419,0.0164599464187454,0.0501901709021449,0.380341804289785,PASS,0,40
common,100,32,9.93477746955858e-05,0.0494330058571376,0.000100015368966584,0.0153689665836731,0.0498252668113391,0.349466377321805,PASS,0,40
common,100,33,9.85518912125152e-05,0.0489965263098556,9.98720710762749e-05,0.127928923725096,0.0498481509205958,0.303698158808319,PASS,0,40
common,100,34,9.89647748073243e-05,0.0503785375546121,0.000100131468372937,0.13146837293716,0.0497826561984148,0.434687603170447,PASS,0,40
common,100,35,9.85846704013163e-05,0.048963685086717,0.000100009579112983,0.00957911298342662,0.0497539243626814,0.492151274637265,PASS,0,40
common,100,36,9.78852923899513e-05,0.0488935332578929,9.99574074069961e-05,0.0425925930039428,0.0498312230506292,0.337553898741594,PASS,0,40
common,100,37,9.75576073194351e-05,0.0488029920047165,9.98568200157682e-05,0.143179984231767,0.0499930925266342,0.0138149467315385,PASS,0,40
common,100,38,9.87699682315535e-05,0.0509496706392902,0.000100017492494071,0.0174924940705479,0.0497585720542265,0.482855891547063,PASS,0,40
common,100,39,0.000100408802585854,0.0492120852709099,0.000100060099249469,0.0600992494687036,0.0498691082381258,0.261783523748438,PASS,0,40
common,100,40,9.736008165257e-05,0.0481491301460174,9.97191280397564e-05,0.280871960243556,0.0499162561657376,0.167487668524879,PASS,0,40
common,100,41,9.86481645479622e-05,0.0508709325827977,9.97674093627775e-05,0.232590637222529,0.0499806434582171,0.0387130835658334,PASS,0,40
common,100,42,0.000101074084270604,0.0494546245237693,9.99407650712795e-05,0.0592349287205529,0.0498140764903354,0.371847019329263,PASS,0,40
common,100,43,0.000100897638518051,0.0488259442046787,9.98911976770978e-05,0.108802322902168,0.0497265421706456,0.546915658708791,PASS,0,40
common,100,44,9.90902141090564e-05,0.0495785799120415,9.97335186827622e-05,0.266481317237821,0.0497292685034187,0.541462993162534,PASS,0,40
common,100,45,0.000101717804574419,0.0492847880585074,9.97967228299777e-05,0.203277170022265,0.0496989703942982,0.602059211403505,PASS,0,40
common,100,46,9.81730512235798e-05,0.0505570193236806,9.99336106641073e-05,0.0663893358926915,0.0497817523244308,0.436495351138422,PASS,0,40
common,100,47,0.000103792016170398,0.049592436218196,9.98916581530887e-05,0.108341846911353,0.0496989440428577,0.602111914284598,PASS,0,40
common,100,48,0.000101536756449797,0.049509010245695,0.000100137950266894,0.137950266894005,0.0499067925806532,0.186414838693605,PASS,0,40
common,100,49,0.000100825296182047,0.0496069514206829,9.98989896666623e-05,0.101010333337737,0.0497436220963776,0.512755807244814,PASS,0,40
common,100,50,9.9397003870599e-05,0.0492153254233222,0.000100032927726041,0.0329277260411986,0.049774802429521,0.450395140957949,PASS,0,40
common,200,1,0.000103829252859394,0.0514763856947072,0.000100267897555895,0.267897555895424,0.050128803335759,0.25760667151804,PASS,0,40
common,200,2,9.21653142176184e-05,0.0473871363564418,9.96874862852106e-05,0.312513714789442,0.0502725237902628,0.545047580525559,PASS,0.0067567567567568,40
common,200,3,0.0001034335026826,0.0507941757889098,0.000100620039704484,0.620039704483721,0.0498621101052798,0.275779789440378,PASS,0,40
common,200,4,0.000102445500775874,0.0470307780959424,0.000100177580333131,0.177580333130978,0.049167941406396,1.66411718720796,PASS,0,40
common,200,5,9.79922740134383e-05,0.0493474228872149,9.96784818906518e-05,0.321518109348229,0.0501100818482684,0.220163696536702,PASS,0,40
common,200,6,9.35400472029785e-05,0.0516782967470277,0.000100117356732238,0.117356732238183,0.0496597350404494,0.68052991910118,PASS,0.0067567567567568,40
common,200,7,9.4594050258679e-05,0.0523078804517752,9.94951612296815e-05,0.504838770318505,0.04963568753097,0.728624938059919,PASS,0,40
common,200,8,9.51682187516497e-05,0.0485528665044636,9.98216902445183e-05,0.178309755481731,0.0499114502010502,0.177099597899544,PASS,0,40
common,200,9,9.67386221843295e-05,0.0492394981982524,9.95593875917776e-05,0.440612408222374,0.0497907461024483,0.418507795103429,PASS,0.0202702702702703,40
common,200,10,0.000103354851477615,0.0488066187131865,9.97596449754006e-05,0.240355024599415,0.0495070164161004,0.985967167799295,PASS,0.0067567567567568,40
common,200,11,9.31108522350843e-05,0.0487480658809688,0.000100065923409639,0.0659234096388239,0.0500600890049066,0.120178009813121,PASS,0.0135135135135135,40
common,200,12,9.88147311653235e-05,0.051027660776772,9.95340878018633e-05,0.465912198136709,0.0500905234440386,0.18104688807723,PASS,0,40
common,200,13,0.000102353322897209,0.0486548902049111,9.99925002214638e-05,0.00749977853621298,0.049561098009183,0.877803981634018,PASS,0,40
common,200,14,0.000101141332107675,0.051846185499558,9.99359770477766e-05,0.0640229522233748,0.0499275217818068,0.144956436386423,PASS,0,40
common,200,15,0.000110577387239077,0.052284812427747,0.000100266486940293,0.266486940293209,0.0491831826495657,1.63363470086866,PASS,0,40
common,200,16,9.64807144290106e-05,0.0508563289536555,9.97079271382001e-05,0.292072861799919,0.0500618769223537,0.123753844707397,PASS,0.0067567567567568,40
common,200,17,9.4835299357034e-05,0.0469872000723134,0.000100087671662102,0.0876716621023288,0.0501016874504879,0.203374900975817,PASS,0.0067567567567568,40
common,200,18,9.32343385482783e-05,0.047359327817603,9.93532527074028e-05,0.646747292597227,0.0498326389050941,0.334722189811754,PASS,0.0067567567567568,40
common,200,19,0.000103999115722832,0.0538373695370379,9.97431771771443e-05,0.256822822855729,0.0499460079360793,0.107984127841476,PASS,0,40
common,200,20,0.000109310062759203,0.0527552074373884,0.000100266118716587,0.266118716587438,0.0498120447821333,0.375910435733395,PASS,0.0067567567567568,40
common,200,21,0.000106478863442934,0.0520605642807597,0.00010043490968425,0.434909684249618,0.0497894788577799,0.421042284440121,PASS,0,40
common,200,22,0.000103333037215224,0.0470923212496401,0.00010023006070008,0.230060700079515,0.0499461421779344,0.107715644131279,PASS,0,40
common,200,23,0.000109410697664342,0.0531115089362134,0.000100456934131549,0.456934131548592,0.0496963754914213,0.607249017157419,PASS,0.0067567567567568,40
common,200,24,0.000113535089988268,0.0510601134289695,0.000100775969697188,0.775969697188095,0.0498442140233497,0.311571953300604,PASS,0,40
common,200,25,9.70898738137934e-05,0.0483058229272955,0.000100083647588668,0.0836475886683674,0.0501274575534875,0.254915106975062,PASS,0.0067567567567568,40
common,200,26,0.00011062466447118,0.0520597680774139,0.00010034962035806,0.349620358059988,0.0500940368996661,0.188073799332189,PASS,0,40
common,200,27,0.000104085213618214,0.0522246211956832,9.98582159920275e-05,0.141784007972556,0.0501814866781608,0.362973356321605,PASS,0.0067567567567568,40
common,200,28,9.72764632616445e-05,0.0480286356048227,9.99541811811439e-05,0.045818818856147,0.0498292075855381,0.341584828923713,PASS,0,40
common,200,29,0.000101314809673996,0.0505302534741359,0.000100151132048777,0.151132048776592,0.0498727968399568,0.254406320086431,PASS,0,40
common,200,30,9.34658935888006e-05,0.0478484240653131,0.000100246358467229,0.246358467228824,0.0499616682939804,0.076663412039224,PASS,0.0135135135135135,40
common,200,31,9.8123203825034e-05,0.0260360829495664,9.95683025378681e-05,0.431697462131941,0.0503897006613105,0.779401322621087,PASS,0.0067567567567568,40
common,200,32,9.87063539939167e-05,0.048719026858792,0.000100050835904333,0.0508359043329021,0.0498100324721353,0.379935055729363,PASS,0,40
common,200,33,9.71502144601873e-05,0.0480010546568325,9.99184820388424e-05,0.0815179611576511,0.049967119455846,0.0657610883079807,PASS,0.0067567567567568,40
common,200,34,9.7947926692649e-05,0.0507504921132265,0.000100254964144222,0.254964144221903,0.0496759197325689,0.648160534862285,PASS,0,40
common,200,35,9.7207834927487e-05,0.0478682546253868,0.000100206226100095,0.206226100094598,0.0496960669042475,0.607866191504958,PASS,0,40
common,200,36,9.58549246305309e-05,0.0477838291040266,0.000100055163783043,0.0551637830434215,0.0497576714497262,0.484657100547647,PASS,0,40
common,200,37,9.52286682719224e-05,0.0476282058772833,9.97028326894418e-05,0.297167310558244,0.0500085327892533,0.0170655785066032,PASS,0,40
common,200,38,9.75631006494234e-05,0.0518907661326905,0.000100177225257954,0.177225257953828,0.0499030770157293,0.193845968541462,PASS,0.0135135135135135,40
common,200,39,0.000100820865261207,0.0484335948973762,0.000100279256477383,0.279256477383005,0.0497643100773592,0.471379845281572,PASS,0.0067567567567568,40
common,200,40,6.5762970059346e-05,0.0307013192347271,6.5762970059346e-05,34.237029940654,0.0499971675303809,0.00566493923815914,FAIL,0.0067567567567568,40
common,200,41,0.000101454297336552,0.0517474620605385,9.96501934464626e-05,0.349806553537357,0.0501524688805012,0.304937761002333,PASS,0,40
common,200,42,0.000102171125939236,0.0489143310995096,0.000100207750661908,0.207750661908146,0.0497167550429943,0.566489914011381,PASS,0.0067567567567568,40
common,200,43,0.000101813403565742,0.0476615111458952,0.000100023063859774,0.0230638597735311,0.0496515082119502,0.696983576099641,PASS,0,40
common,200,44,0.00010109175827785,0.0490261217211175,9.96484090763573e-05,0.351590923642675,0.049591118149783,0.817763700433971,PASS,0,40
common,200,45,0.000103485704163326,0.0485679666809546,9.96954799885486e-05,0.304520011451448,0.0494893785732822,1.02124285343553,PASS,0,40
common,200,46,0.00010293650696782,0.0485100233682363,0.000100068378105005,0.0683781050053955,0.049590106018291,0.819787963417984,PASS,0.0067567567567568,40
common,200,47,0.00010788709319658,0.0491359988377102,0.000100120504312563,0.120504312562586,0.049683016865199,0.633966269602104,PASS,0.0067567567567568,40
common,200,48,0.000103119277875424,0.0510142782823945,0.00010042338975077,0.423389750770053,0.0498782268148604,0.243546370279146,PASS,0,40
common,200,49,0.000101669693372999,0.0510875976409859,9.97506425021842e-05,0.24935749781585,0.0498928877997028,0.214224400594321,PASS,0.0135135135135135,40
common,200,50,0.000101304804355985,0.0484363494100372,0.000100185826429393,0.185826429392999,0.0498317084521406,0.336583095718734,PASS,0.0067567567567568,40
common,500,1,0.000110118264327573,0.0535050815872841,0.000105156416177549,5.15641617754878,0.0498217434650683,0.35651306986334,FAIL,0.0067567567567568,40
common,500,2,0.00019704447663683,0.0188288929970493,0.000140393620846709,40.3936208467091,0.0503176837667119,0.635367533423725,FAIL,0.0135135135135135,40
common,500,3,0.000109032719773373,0.0523707606301402,0.000104594273088277,4.5942730882774,0.0497703544539167,0.459291092166625,FAIL,0.027027027027027,40
common,500,4,0.00010683175549101,0.0427344306156748,0.000104847420469561,4.84742046956088,0.0479442123980887,4.11157520382257,FAIL,0.027027027027027,40
common,500,5,9.86043063955508e-05,0.048638779823128,0.000100368240999793,0.36824099979349,0.0493755928110031,1.24881437799383,PASS,0.0202702702702703,40
common,500,6,0.000105690252328944,0.0260163950792195,0.000102503018647545,2.50301864754492,0.0488541398875803,2.2917202248395,PASS,0.0202702702702703,40
common,500,7,0.000116658044603505,0.0275407534087866,0.00010622434279465,6.22434279464974,0.0484613196919258,3.07736061614834,FAIL,0.0135135135135135,40
common,500,8,0.000117950097736543,0.0143517509029193,0.000111864681599683,11.8646815996829,0.0494449297719909,1.11014045601827,FAIL,0.027027027027027,40
common,500,9,9.36451935400591e-05,0.0480443228313258,9.81568838372747e-05,1.84311616272534,0.0498214211155278,0.357157768944505,PASS,0.0202702702702703,40
common,500,10,0.000108849003766144,0.0468778288337517,0.000101901317674721,1.90131767472106,0.0493108006078742,1.37839878425152,PASS,0.027027027027027,40
common,500,11,0.000104193314272713,0.0309877489370252,0.000102932915694898,2.93291569489822,0.0495874839560247,0.825032087950672,PASS,0.0202702702702703,40
common,500,12,9.71765010875881e-05,0.0529719466505977,9.78901492196514e-05,2.10985078034861,0.049656241072072,0.687517855855935,PASS,0.0067567567567568,40
common,500,13,0.00010606442323788,0.0533023972178087,0.000101179125838027,1.17912583802711,0.048249971097155,3.50005780568998,PASS,0.0405405405405406,40
common,500,14,0.000102895658733874,0.05460397120267,0.000100354364507072,0.354364507071714,0.0499063146389148,0.187370722170332,PASS,0.0135135135135135,40
common,500,15,0.000130954443599677,0.0555759244353878,0.000116871501447745,16.8715014477454,0.0481338398751193,3.73232024976141,FAIL,0.0067567567567568,40
common,500,16,0.000111452077628474,0.0476881202634213,0.000103687868490637,3.6878684906366,0.0493443755616259,1.31124887674822,FAIL,0.0202702702702703,40
common,500,17,0.000117977408909958,0.0100335370096236,0.000108217392497831,8.21739249783149,0.0493067918496655,1.38641630066906,FAIL,0.027027027027027,40
common,500,18,7.99517499069041e-05,0.0204982641982276,8.66176575831238e-05,13.3823424168762,0.0496940463111203,0.611907377759424,FAIL,0.027027027027027,40
common,500,19,0.000131612189732832,0.0301737765127274,0.000127918746002995,27.9187460029955,0.0496810998192974,0.637800361405261,FAIL,0.027027027027027,40
common,500,20,0.000126941594453892,0.0566006627061689,0.000112646652104602,12.6466521046025,0.049847653892411,0.304692215178082,FAIL,0.027027027027027,40
common,500,21,0.000117778052437778,0.0550506714749067,0.000109758283303593,9.75828330359323,0.0488707913610775,2.25841727784493,FAIL,0.0067567567567568,40
common,500,22,0.000103889856910863,0.0427327709520694,0.00010044680801134,0.446808011339539,0.0491493644036813,1.70127119263747,PASS,0.0202702702702703,40
common,500,23,0.000127146761111867,0.0575063686113921,0.000112111750610961,12.1117506109605,0.0486460462813391,2.70790743732184,FAIL,0.0135135135135135,40
common,500,24,0.00013197231076178,0.0157448067143553,0.000113503333251514,13.5033332515136,0.0491023721945427,1.79525561091454,FAIL,0.027027027027027,40
common,500,25,9.00261337537575e-05,0.0437303539298077,9.76222356083664e-05,2.37776439163359,0.0505718318424435,1.1436636848869,PASS,0.0202702702702703,40
common,500,26,0.000132465465538454,0.0549002065604408,0.000126258298993151,26.258298993151,0.0492734550616276,1.45308987674476,FAIL,0.0202702702702703,40
common,500,27,0.000103107142498523,0.027017796112005,9.95926610815383e-05,0.407338918461708,0.049682373514041,0.63525297191791,PASS,0.0067567567567568,40
common,500,28,9.38471873890365e-05,0.0446218226550663,9.99526747748446e-05,0.0473252251553924,0.049722568240745,0.554863518510051,PASS,0.027027027027027,40
common,500,29,9.8463089812248e-05,0.0488110497627779,0.000100171601531441,0.171601531441246,0.0501357977386963,0.271595477392572,PASS,0.0405405405405406,40
common,500,30,0.000103567501759721,0.0447073406775544,0.000101039296282597,1.0392962825972,0.0493261759288319,1.34764814233624,PASS,0.0202702702702703,40
common,500,31,0.000106241670950094,0.0212501636457471,0.000103702297289683,3.70229728968328,0.0494416042885651,1.11679142286987,FAIL,0.0202702702702703,40
common,500,32,8.98618322064763e-05,0.0235901472183875,9.72083061788583e-05,2.79169382114167,0.049035311373955,1.92937725209001,PASS,0.0405405405405406,40
common,500,33,9.78909730500627e-05,0.0450537489754295,9.98323880930636e-05,0.16761190693636,0.0492206135516995,1.55877289660091,PASS,0.0135135135135135,40
common,500,34,0.000103067983387989,0.0444180901606883,0.000102684197225286,2.6841972252859,0.0485648648103752,2.87027037924958,PASS,0.0202702702702703,40
common,500,35,0.000109990491611201,0.0444448013138683,0.000105640709144474,5.64070914447388,0.0491163465129777,1.76730697404465,FAIL,0.0067567567567568,40
common,500,36,0.000110688284413241,0.0102929567355114,0.000105599687220155,5.59968722015503,0.0489928062283863,2.01438754322742,FAIL,0.027027027027027,40
common,500,37,6.60089793824511e-05,0.0315547126421148,6.64695851360748e-05,33.5304148639252,0.0500267842887817,0.0535685775633343,FAIL,0.0067567567567568,40
common,500,38,0.000102991637105323,0.0384840546984051,0.000102105517180977,2.10551718097671,0.0501886653957623,0.377330791524599,PASS,0.0405405405405406,40
common,500,39,0.000102077641999947,0.0461409894211468,0.000101579139332271,1.57913933227105,0.0493944839135057,1.21103217298862,PASS,0.0067567567567568,40
common,500,40,8.91076512593889e-05,0.0251514555429961,9.36144327312476e-05,6.38556726875239,0.0498802148971082,0.239570205783546,FAIL,0,40
common,500,41,0.000107146094599863,0.0546241923485226,0.0001035979203674,3.59792036740012,0.0498633070698356,0.273385860328712,FAIL,0.0337837837837838,40
common,500,42,0.00010802178948444,0.0452589369877712,0.000103409031085419,3.4090310854193,0.0483043708824149,3.39125823517016,FAIL,0.0337837837837838,40
common,500,43,0.000107035040597809,0.0234608264143481,0.000103303023884125,3.30302388412496,0.0488350778516499,2.32984429670012,FAIL,0.0135135135135135,40
common,500,44,9.56516148534255e-05,0.0303825771727899,9.98238833252383e-05,0.176116674761673,0.0480106751283159,3.97864974336827,PASS,0.0067567567567568,40
common,500,45,0.000106662062195071,0.0472932744922968,0.000100903836470759,0.903836470759134,0.0489655917950481,2.06881640990382,PASS,0.0337837837837838,40
common,500,46,0.000101880261837137,0.0260830243737152,0.000101606553608953,1.60655360895312,0.0491198582979674,1.7602834040653,PASS,0.0337837837837838,40
common,500,47,0.000122386693958654,0.0442507139281633,0.000114299387303105,14.2993873031049,0.0491276881548177,1.74462369036456,FAIL,0.0337837837837838,40
common,500,48,0.000207658634573033,0.047267652801613,0.00014431121975495,44.3112197549499,0.0495666502352682,0.866699529463655,FAIL,0.027027027027027,40
common,500,49,0.00010585096903792,0.0538537664958639,0.000102669728181851,2.66972818185094,0.049298652210293,1.40269557941404,PASS,0.0337837837837838,40
common,500,50,9.07254066748849e-05,0.0408002785436103,9.69950926612606e-05,3.00490733873938,0.0498586643724781,0.282671255043743,FAIL,0.0135135135135135,40
independent,0,1,9.99981792467471e-05,0.049821823568226,0.000100000546593981,0.000546593981343158,0.0498297885952956,0.340422809408714,PASS,0,40
independent,0,2,9.99981792467471e-05,0.049821823568226,0.000100000546593981,0.000546593981343158,0.0498297885952956,0.340422809408714,PASS,0,40
independent,0,3,9.99981792467471e-05,0.049821823568226,0.000100000546593981,0.000546593981343158,0.0498297885952956,0.340422809408714,PASS,0,40
independent,0,4,9.99981792467471e-05,0.049821823568226,0.000100000546593981,0.000546593981343158,0.0498297885952956,0.340422809408714,PASS,0,40
independent,0,5,9.99981792467471e-05,0.049821823568226,0.000100000546593981,0.000546593981343158,0.0498297885952956,0.340422809408714,PASS,0,40
independent,0,6,9.99981792467471e-05,0.049821823568226,0.000100000546593981,0.000546593981343158,0.0498297885952956,0.340422809408714,PASS,0,40
independent,0,7,9.99981792467471e-05,0.049821823568226,0.000100000546593981,0.000546593981343158,0.0498297885952956,0.340422809408714,PASS,0,40
independent,0,8,9.99981792467471e-05,0.049821823568226,0.000100000546593981,0.000546593981343158,0.0498297885952956,0.340422809408714,PASS,0,40
independent,0,9,9.99981792467471e-05,0.049821823568226,0.000100000546593981,0.000546593981343158,0.0498297885952956,0.340422809408714,PASS,0,40
independent,0,10,9.99981792467471e-05,0.049821823568226,0.000100000546593981,0.000546593981343158,0.0498297885952956,0.340422809408714,PASS,0,40
independent,0,11,9.99981792467471e-05,0.049821823568226,0.000100000546593981,0.000546593981343158,0.0498297885952956,0.340422809408714,PASS,0,40
independent,0,12,9.99981792467471e-05,0.049821823568226,0.000100000546593981,0.000546593981343158,0.0498297885952956,0.340422809408714,PASS,0,40
independent,0,13,9.99981792467471e-05,0.049821823568226,0.000100000546593981,0.000546593981343158,0.0498297885952956,0.340422809408714,PASS,0,40
independent,0,14,9.99981792467471e-05,0.049821823568226,0.000100000546593981,0.000546593981343158,0.0498297885952956,0.340422809408714,PASS,0,40
independent,0,15,9.99981792467471e-05,0.049821823568226,0.000100000546593981,0.000546593981343158,0.0498297885952956,0.340422809408714,PASS,0,40
independent,0,16,9.99981792467471e-05,0.049821823568226,0.000100000546593981,0.000546593981343158,0.0498297885952956,0.340422809408714,PASS,0,40
independent,0,17,9.99981792467471e-05,0.049821823568226,0.000100000546593981,0.000546593981343158,0.0498297885952956,0.340422809408714,PASS,0,40
independent,0,18,9.99981792467471e-05,0.049821823568226,0.000100000546593981,0.000546593981343158,0.0498297885952956,0.340422809408714,PASS,0,40
independent,0,19,9.99981792467471e-05,0.049821823568226,0.000100000546593981,0.000546593981343158,0.0498297885952956,0.340422809408714,PASS,0,40
independent,0,20,9.99981792467471e-05,0.049821823568226,0.000100000546593981,0.000546593981343158,0.0498297885952956,0.340422809408714,PASS,0,40
independent,0,21,9.99981792467471e-05,0.049821823568226,0.000100000546593981,0.000546593981343158,0.0498297885952956,0.340422809408714,PASS,0,40
independent,0,22,9.99981792467471e-05,0.049821823568226,0.000100000546593981,0.000546593981343158,0.0498297885952956,0.340422809408714,PASS,0,40
independent,0,23,9.99981792467471e-05,0.049821823568226,0.000100000546593981,0.000546593981343158,0.0498297885952956,0.340422809408714,PASS,0,40
independent,0,24,9.99981792467471e-05,0.049821823568226,0.000100000546593981,0.000546593981343158,0.0498297885952956,0.340422809408714,PASS,0,40
independent,0,25,9.99981792467471e-05,0.049821823568226,0.000100000546593981,0.000546593981343158,0.0498297885952956,0.340422809408714,PASS,0,40
independent,0,26,9.99981792467471e-05,0.049821823568226,0.000100000546593981,0.000546593981343158,0.0498297885952956,0.340422809408714,PASS,0,40
independent,0,27,9.99981792467471e-05,0.049821823568226,0.000100000546593981,0.000546593981343158,0.0498297885952956,0.340422809408714,PASS,0,40
independent,0,28,9.99981792467471e-05,0.049821823568226,0.000100000546593981,0.000546593981343158,0.0498297885952956,0.340422809408714,PASS,0,40
independent,0,29,9.99981792467471e-05,0.049821823568226,0.000100000546593981,0.000546593981343158,0.0498297885952956,0.340422809408714,PASS,0,40
independent,0,30,9.99981792467471e-05,0.049821823568226,0.000100000546593981,0.000546593981343158,0.0498297885952956,0.340422809408714,PASS,0,40
independent,0,31,9.99981792467471e-05,0.049821823568226,0.000100000546593981,0.000546593981343158,0.0498297885952956,0.340422809408714,PASS,0,40
independent,0,32,9.99981792467471e-05,0.049821823568226,0.000100000546593981,0.000546593981343158,0.0498297885952956,0.340422809408714,PASS,0,40
independent,0,33,9.99981792467471e-05,0.049821823568226,0.000100000546593981,0.000546593981343158,0.0498297885952956,0.340422809408714,PASS,0,40
independent,0,34,9.99981792467471e-05,0.049821823568226,0.000100000546593981,0.000546593981343158,0.0498297885952956,0.340422809408714,PASS,0,40
independent,0,35,9.99981792467471e-05,0.049821823568226,0.000100000546593981,0.000546593981343158,0.0498297885952956,0.340422809408714,PASS,0,40
independent,0,36,9.99981792467471e-05,0.049821823568226,0.000100000546593981,0.000546593981343158,0.0498297885952956,0.340422809408714,PASS,0,40
independent,0,37,9.99981792467471e-05,0.049821823568226,0.000100000546593981,0.000546593981343158,0.0498297885952956,0.340422809408714,PASS,0,40
independent,0,38,9.99981792467471e-05,0.049821823568226,0.000100000546593981,0.000546593981343158,0.0498297885952956,0.340422809408714,PASS,0,40
independent,0,39,9.99981792467471e-05,0.049821823568226,0.000100000546593981,0.000546593981343158,0.0498297885952956,0.340422809408714,PASS,0,40
independent,0,40,9.99981792467471e-05,0.049821823568226,0.000100000546593981,0.000546593981343158,0.0498297885952956,0.340422809408714,PASS,0,40
independent,0,41,9.99981792467471e-05,0.049821823568226,0.000100000546593981,0.000546593981343158,0.0498297885952956,0.340422809408714,PASS,0,40
independent,0,42,9.99981792467471e-05,0.049821823568226,0.000100000546593981,0.000546593981343158,0.0498297885952956,0.340422809408714,PASS,0,40
independent,0,43,9.99981792467471e-05,0.049821823568226,0.000100000546593981,0.000546593981343158,0.0498297885952956,0.340422809408714,PASS,0,40
independent,0,44,9.99981792467471e-05,0.049821823568226,0.000100000546593981,0.000546593981343158,0.0498297885952956,0.340422809408714,PASS,0,40
independent,0,45,9.99981792467471e-05,0.049821823568226,0.000100000546593981,0.000546593981343158,0.0498297885952956,0.340422809408714,PASS,0,40
independent,0,46,9.99981792467471e-05,0.049821823568226,0.000100000546593981,0.000546593981343158,0.0498297885952956,0.340422809408714,PASS,0,40
independent,0,47,9.99981792467471e-05,0.049821823568226,0.000100000546593981,0.000546593981343158,0.0498297885952956,0.340422809408714,PASS,0,40
independent,0,48,9.99981792467471e-05,0.049821823568226,0.000100000546593981,0.000546593981343158,0.0498297885952956,0.340422809408714,PASS,0,40
independent,0,49,9.99981792467471e-05,0.049821823568226,0.000100000546593981,0.000546593981343158,0.0498297885952956,0.340422809408714,PASS,0,40
independent,0,50,9.99981792467471e-05,0.049821823568226,0.000100000546593981,0.000546593981343158,0.0498297885952956,0.340422809408714,PASS,0,40
independent,5,1,0.000100046044948629,0.0498081252597918,0.000100004969323307,0.00496932330724675,0.0498277017240849,0.344596551830134,PASS,0,40
independent,5,2,0.000100089479846134,0.049799398994114,9.99971070193458e-05,0.00289298065422328,0.0498113886433176,0.377222713364844,PASS,0,40
independent,5,3,0.000100030161810211,0.0498303529951281,0.000100003276247176,0.00327624717630925,0.0498401286707961,0.319742658407751,PASS,0,40
independent,5,4,0.000100093285744873,0.0498195804113612,0.000100009471816825,0.00947181682542375,0.0498398268822232,0.320346235553648,PASS,0,40
independent,5,5,0.000100038024052541,0.0498205210902748,9.99983010436446e-05,0.00169895635543371,0.0498289764478464,0.342047104307119,PASS,0,40
independent,5,6,0.000100033501262026,0.0498178784812486,0.000100001595939009,0.00159593900885824,0.0498330337862021,0.33393242759574,PASS,0,40
independent,5,7,9.98441868199039e-05,0.0498228929860168,0.000100003650025845,0.0036500258449701,0.0498455752145649,0.308849570870207,PASS,0,40
independent,5,8,0.000100072640781921,0.0498184835453008,0.000100006976526032,0.00697652603229848,0.0498283979820309,0.34320403593826,PASS,0,40
independent,5,9,0.000100062958410657,0.0498175833873781,9.99885132967512e-05,0.0114867032487975,0.0498292000797595,0.341599840481033,PASS,0,40
independent,5,10,9.99268260642682e-05,0.0498263906256359,0.000100008260372413,0.00826037241263844,0.0498385109187386,0.322978162522902,PASS,0,40
independent,5,11,0.00010006210691247,0.0498177848189074,0.000100002192264897,0.00219226489734936,0.0498345715386406,0.33085692271877,PASS,0,40
independent,5,12,0.000100141933672807,0.0498182349784556,0.000100005983055621,0.00598305562147239,0.0498323117204343,0.335376559131462,PASS,0,40
independent,5,13,9.98846115683184e-05,0.0498258134713955,9.99911682935752e-05,0.00883170642482778,0.049839081202996,0.32183759400799,PASS,0,40
independent,5,14,0.000100072849260988,0.0498141602425094,9.99961587041987e-05,0.0038412958013434,0.0498279853221758,0.344029355648467,PASS,0,40
independent,5,15,0.000100145050741526,0.0498250107183244,0.000100002852786663,0.00285278666296573,0.0498385515407042,0.322896918591664,PASS,0,40
independent,5,16,0.000100176465767249,0.0498180724460017,9.99985305598351e-05,0.00146944016490291,0.0498303325718238,0.339334856352402,PASS,0,40
independent,5,17,0.00010007339198477,0.0498084445148007,9.99952420173417e-05,0.00475798265832106,0.049822787251606,0.354425496788013,PASS,0,40
independent,5,18,0.000100034996911988,0.0498163203885134,9.99981441628555e-05,0.00185583714454873,0.0498238350991515,0.352329801696916,PASS,0,40
independent,5,19,0.000100301533866163,0.0498195179348212,0.000100000146851648,0.000146851647775392,0.0498325057744217,0.334988451156504,PASS,0,40
independent,5,20,9.99440600089512e-05,0.0498288484866826,9.99977411348965e-05,0.00225886510352158,0.049839353670556,0.321292658888039,PASS,0,40
independent,5,21,9.98523590957015e-05,0.0498117067792897,0.00010001533830065,0.0153383006496144,0.0498249381489254,0.350123702149308,PASS,0,40
independent,5,22,0.000100039175796984,0.0498174494024909,0.000100000966424484,0.000966424484305506,0.0498412502438886,0.317499512222708,PASS,0,40
independent,5,23,0.000100268439356211,0.0498240074219871,9.9995189217184e-05,0.00481078281603375,0.0498329172330803,0.334165533839315,PASS,0,40
independent,5,24,0.000100072007844072,0.0498131595243559,0.000100007858480709,0.00785848070929962,0.0498344322468459,0.331135506308211,PASS,0,40
independent,5,25,9.99097336362151e-05,0.0498229012052807,9.99993603943166e-05,0.000639605683427913,0.0498316439710293,0.336712057941346,PASS,0,40
independent,5,26,0.000100060217460855,0.0498204520337772,0.000100000344332171,0.000344332171464679,0.0498286370038744,0.342725992251181,PASS,0,40
independent,5,27,9.99433908507849e-05,0.0498221282576394,0.000100004643544193,0.00464354419269508,0.0498376410856139,0.324717828772259,PASS,0,40
independent,5,28,0.00010005566702723,0.0498296279117477,0.000100006934829958,0.00693482995766104,0.0498400855532096,0.319828893580809,PASS,0,40
independent,5,29,9.98587162089925e-05,0.0498014273873754,9.99987832571262e-05,0.0012167428738219,0.0498197544024462,0.360491195107682,PASS,0,40
independent,5,30,9.9839538366955e-05,0.0498092703671921,9.9994779726747e-05,0.00522027325295937,0.049830061800003,0.339876399993955,PASS,0,40
independent,5,31,0.00010007272933368,0.0498000040843473,9.99983389895188e-05,0.00166101048117984,0.0498182788309309,0.36344233813812,PASS,0,40
independent,5,32,0.000100120006711695,0.049808020910673,0.000100004209114203,0.0042091142031131,0.0498217096611643,0.356580677671425,PASS,0,40
independent,5,33,9.99025964016932e-05,0.0498036061152347,0.000100000203695743,0.000203695742806431,0.0498197563455321,0.360487308935842,PASS,0,40
independent,5,34,0.000100122343599606,0.0498184631758905,0.000100002668574828,0.00266857482795757,0.0498314144607579,0.337171078484244,PASS,0,40
independent,5,35,9.98434357775307e-05,0.0498349803772587,9.99880336709957e-05,0.0119663290043093,0.0498510004112151,0.297999177569852,PASS,0,40
independent,5,36,9.99391376405264e-05,0.0498116044844424,0.000100001673671358,0.00167367135799346,0.0498231549090781,0.35369018184378,PASS,0,40
independent,5,37,9.97869997579977e-05,0.0498112972941854,0.00010000180449401,0.00180449400950522,0.0498233393591572,0.353321281685537,PASS,0,40
independent,5,38,0.00010008709992641,0.049805243979649,0.000100000317127379,0.000317127378779425,0.0498150219979491,0.369956004101801,PASS,0,40
independent,5,39,9.99153689672211e-05,0.0498175233274648,0.00010000613213313,0.00613213312965488,0.0498298969751828,0.340206049634462,PASS,0,40
independent,5,40,0.000100056995120563,0.0498181612785171,9.99932039257488e-05,0.00679607425116968,0.0498326443930182,0.334711213963623,PASS,0,40
independent,5,41,9.96668818769675e-05,0.0498092726041113,9.99976590515741e-05,0.00234094842589405,0.0498232732604695,0.353453479061006,PASS,0,40
independent,5,42,9.99578087218288e-05,0.0498116603465585,9.99946649092983e-05,0.00533509070173022,0.0498194608953037,0.361078209392596,PASS,0,40
independent,5,43,0.000100041245171502,0.0498313019869072,0.000100004806456126,0.00480645612570552,0.0498422184113526,0.315563177294798,PASS,0,40
independent,5,44,0.000100111942604718,0.0498175984288842,0.000100002389892391,0.00238989239120801,0.0498288217958987,0.342356408202593,PASS,0,40
independent,5,45,9.99249902287242e-05,0.0498156546920135,9.99912694597481e-05,0.00873054025194442,0.0498280372868418,0.343925426316494,PASS,0,40
independent,5,46,0.000100079977897138,0.0498024727202719,9.99959382411816e-05,0.00406175881844106,0.0498277489059924,0.344502188015139,PASS,0,40
independent,5,47,0.000100070305500656,0.0498252853228882,9.9999784115149e-05,0.000215884850984782,0.0498382650174976,0.323469965004874,PASS,0,40
independent,5,48,0.000100042811373129,0.0498135082169145,0.000100004832695022,0.0048326950221167,0.0498218365413793,0.356326917241367,PASS,0,40
independent,5,49,0.000100060062146481,0.0498113365540436,9.99928848353602e-05,0.00711516463980377,0.0498265009488115,0.346998102377083,PASS,0,40
independent,5,50,9.99473769791268e-05,0.0498000883867972,9.99961914920925e-05,0.00380850790749898,0.0498168382078347,0.366323584330663,PASS,0,40
independent,10,1,0.000100092036006525,0.0497944735924858,0.00010000933692382,0.00933692381950291,0.0498229457110141,0.354108577971868,PASS,0,40
independent,10,2,0.000100180954650479,0.049774997495212,9.99936678435873e-05,0.00633215641268059,0.0497934041901553,0.413191619689357,PASS,0,40
independent,10,3,0.000100060252852102,0.0498317637829478,0.000100006120142931,0.00612014293062124,0.0498518596851684,0.296280629663304,PASS,0,40
independent,10,4,0.000100188577016697,0.0498174567675967,0.000100018409055288,0.0184090552879823,0.0498493582370192,0.301283525961604,PASS,0,40
independent,10,5,0.000100075990668473,0.0498128868311191,9.99960033685177e-05,0.00399663148230589,0.0498294539265588,0.341092146882327,PASS,0,40
independent,10,6,0.000100067034000462,0.049811749394505,0.000100002798844768,0.00279884476783732,0.0498351025251417,0.329794949716655,PASS,0,40
independent,10,7,9.96906574491234e-05,0.0498168650054532,0.000100006666421576,0.00666642157585162,0.0498598243473165,0.280351305366922,PASS,0,40
independent,10,8,0.00010014590627622,0.0497477958755609,0.000100013501341617,0.0135013416168173,0.0498264234226594,0.347153154681268,PASS,0,40
independent,10,9,0.000100127818315162,0.0498133877524406,9.99766886596605e-05,0.0233113403395491,0.049828257282966,0.343485434068047,PASS,0,40
independent,10,10,9.98555719318956e-05,0.0498240323658789,0.000100015970695865,0.0159706958648975,0.0498494874628662,0.301025074267536,PASS,0,40
independent,10,11,0.000100124123563546,0.0498096041608296,0.000100003916318637,0.00391631863649877,0.0498398978851924,0.320204229615262,PASS,0,40
independent,10,12,0.000100286110840007,0.0498081251818655,0.000100011611642713,0.0116116427131496,0.049836970134019,0.326059731962058,PASS,0,40
independent,10,13,9.97713031110461e-05,0.0498296655135972,9.99817110952058e-05,0.0182889047942392,0.0498487902396304,0.302419520739228,PASS,0,40
independent,10,14,0.000100147634607506,0.0498040838485414,9.99917278525944e-05,0.0082721474056302,0.0498260152395936,0.347969520812796,PASS,0,40
independent,10,15,0.000100292340531638,0.0498209018096162,0.000100005220328492,0.00522032849168408,0.0498473086772517,0.305382645496644,PASS,0,40
independent,10,16,0.000100355389308579,0.049813125025961,9.99964396722834e-05,0.00356032771658965,0.0498309681046852,0.338063790629661,PASS,0,40
independent,10,17,0.000100148701514414,0.0497931093376157,9.99899270869326e-05,0.0100729130674382,0.0498133911846578,0.373217630684397,PASS,0,40
independent,10,18,0.000100069937131398,0.0498070316348569,9.99957627426205e-05,0.00423725737948022,0.0498180628624333,0.363874275133358,PASS,0,40
independent,10,19,0.000100606668536784,0.0498169080646061,9.99996924623138e-05,0.00030753768625047,0.0498349764172283,0.330047165543434,PASS,0,40
independent,10,20,9.98886265072532e-05,0.0498355634253592,9.99948794337725e-05,0.00512056622751222,0.0498511829462632,0.297634107473688,PASS,0,40
independent,10,21,9.97069463203161e-05,0.0497939302449572,0.000100030211662287,0.0302116622872273,0.049820977642605,0.35804471478994,PASS,0,40
independent,10,22,0.000100080181206098,0.0497996057885193,0.000100001428010563,0.00142801056277619,0.0498534439040169,0.293112191966205,PASS,0,40
independent,10,23,0.000100540159511995,0.0498199798963516,9.99896232541306e-05,0.0103767458694448,0.0498376452423681,0.324709515263877,PASS,0,40
independent,10,24,0.000100145908457651,0.0497881948873781,0.000100015377490138,0.0153774901382686,0.0498396062175073,0.320787564985314,PASS,0,40
independent,10,25,9.98214318170886e-05,0.0498136168496104,9.9998179853386e-05,0.00182014661403995,0.0498319594667568,0.336081066486471,PASS,0,40
independent,10,26,0.000100120692510923,0.0498014239273836,0.000100000241673274,0.00024167327385971,0.0498283377951022,0.343324409795509,PASS,0,40
independent,10,27,9.98870600477385e-05,0.0498214578780722,0.000100008672929252,0.00867292925175178,0.0498464469807819,0.307106038436167,PASS,0,40
independent,10,28,0.000100111639736376,0.04983261481451,0.000100013375628608,0.0133756286079922,0.0498484517644527,0.303096471094555,PASS,0,40
independent,10,29,9.97196475842793e-05,0.0497813292647006,9.99970071656728e-05,0.00299283432722008,0.0498083856364108,0.383228727178342,PASS,0,40
independent,10,30,9.96813787348027e-05,0.049699909416149,9.99891103103347e-05,0.0108896896653277,0.0498304870043212,0.339025991357589,PASS,0,40
independent,10,31,0.000100147415416227,0.0497779672423848,9.99962817982176e-05,0.0037182017823767,0.0498102892034315,0.37942159313703,PASS,0,40
independent,10,32,0.000100240763698881,0.0497916855936168,0.00010000799870891,0.00799870891010634,0.0498134996465999,0.373000706800297,PASS,0,40
independent,10,33,9.98071939209442e-05,0.0497850473852105,9.99998190512156e-05,0.000180948784389567,0.0498090783967444,0.381843206511256,PASS,0,40
independent,10,34,0.0001002468195983,0.0498152869100148,0.000100004884898068,0.00488489806800274,0.049832371129639,0.335257740721973,PASS,0,40
independent,10,35,9.96891494679337e-05,0.0498413384441186,9.99753586720222e-05,0.0246413279778257,0.049873390904471,0.253218191057969,PASS,0,40
independent,10,36,9.98801617797589e-05,0.0498006624711453,0.000100002802715671,0.00280271567121293,0.0498182222236792,0.363555552641681,PASS,0,40
independent,10,37,9.95767335014566e-05,0.0497722287780407,0.000100003139946413,0.00313994641305548,0.0498149649765637,0.370070046872684,PASS,0,40
independent,10,38,0.000100174793175008,0.0497883307674562,0.000100000104294478,0.000104294478409095,0.049801953210391,0.396093579217993,PASS,0,40
independent,10,39,9.98312896081502e-05,0.0498112500384277,0.000100011600635944,0.0116006359437648,0.0498291064292689,0.341787141462202,PASS,0,40
independent,10,40,0.000100113921018902,0.0498141771219308,9.99857830968112e-05,0.0142169031888573,0.0498318613017087,0.336277396582507,PASS,0,40
independent,10,41,9.93377476746246e-05,0.0497898095945283,9.99946254814061e-05,0.00537451859391469,0.0498184461450569,0.363107709886246,PASS,0,40
independent,10,42,9.99175021928326e-05,0.0497970686889588,9.99888109761374e-05,0.0111890238626233,0.0498107522494654,0.378495501069209,PASS,0,40
independent,10,43,0.000100082385016902,0.0498328165317062,0.000100009321657813,0.00932165781306615,0.0498551939973871,0.28961200522587,PASS,0,40
independent,10,44,0.000100226008271448,0.0498112874794621,0.000100004276700083,0.00427670008309455,0.0498275681418703,0.344863716259469,PASS,0,40
independent,10,45,9.98503097582517e-05,0.0497986154248451,9.99820904678448e-05,0.0179095321551914,0.0498261797444707,0.347640511058567,PASS,0,40
independent,10,46,0.000100161937940469,0.0497833401308065,9.99913358707653e-05,0.00866412923468118,0.0498209634978121,0.358073004375803,PASS,0,40
independent,10,47,0.000100142554891799,0.049828317657381,9.99990192082738e-05,0.000980791726168384,0.0498499089731871,0.300182053625797,PASS,0,40
independent,10,48,0.000100085731855592,0.0498011962008657,0.000100008918058688,0.00891805868838969,0.0498139588542732,0.372082291453513,PASS,0,40
independent,10,49,0.000100120409291714,0.0497982626763153,9.99852993426326e-05,0.0147006573673614,0.0498223087876353,0.355382424729367,PASS,0,40
independent,10,50,9.98949348794844e-05,0.0497759407410793,9.99917858834065e-05,0.00821411659353011,0.0498044650294845,0.391069941030953,PASS,0,40
independent,20,1,0.00010018413392596,0.0497595865782104,0.000100018127926744,0.0181279267440937,0.0498149513438171,0.370097312365802,PASS,0,40
independent,20,2,0.00010036442682535,0.0497269598596221,9.99867922964386e-05,0.0132077035613687,0.0497575790960964,0.484841807807224,PASS,0,40
independent,20,3,0.000100120500024682,0.0497618025282409,0.000100011571976235,0.0115719762345368,0.0498729977394961,0.254004521007845,PASS,0,40
independent,20,4,0.000100379715441497,0.0498066342932756,0.000100036360783423,0.0363607834228175,0.0498706957719749,0.258608456050136,PASS,0,40
independent,20,5,0.000100152029019879,0.0497670891803289,9.99915198663541e-05,0.00848013364588285,0.0498308364862523,0.338327027495322,PASS,0,40
independent,20,6,0.000100134167149766,0.0497963398748054,0.000100005208972006,0.00520897200606552,0.0498379047209319,0.324190558136206,PASS,0,40
independent,20,7,9.93849795312868e-05,0.0498053408655541,0.000100012706925092,0.0127069250924539,0.0498916698544345,0.216660291130988,PASS,0,40
independent,20,8,0.000100293016029811,0.0495023750557743,0.000100026554650306,0.0265546503059211,0.0498223975335147,0.355204932970599,PASS,0,40
independent,20,9,0.00010025778097512,0.0497981260149508,9.9952945915185e-05,0.0470540848150458,0.0498278609295505,0.344278140899035,PASS,0,40
independent,20,10,9.97133573578695e-05,0.0498196655308699,0.000100031564675251,0.0315646752511389,0.049869408433214,0.261183133572096,PASS,0,40
independent,20,11,0.000100248340660316,0.049793683206563,0.000100007086778304,0.00708677830387749,0.0498481256094335,0.303748781132995,PASS,0,40
independent,20,12,0.000100575740870439,0.0497897614988824,0.00010002277773363,0.0227777336303081,0.0498428382399606,0.314323520078785,PASS,0,40
independent,20,13,9.95454572658196e-05,0.049838650248418,9.9962627120828e-05,0.0373728791719707,0.0498690922367532,0.261815526493625,PASS,0,40
independent,20,14,0.000100297552422445,0.0497825689402159,9.99827612950157e-05,0.0172387049842571,0.0498231605627754,0.353678874449193,PASS,0,40
independent,20,15,0.00010058818161717,0.0502487561797908,0.000100009829670912,0.00982967091229803,0.0498657145158087,0.268570968382553,PASS,0,40
independent,20,16,0.000100715107042306,0.0498032623715135,9.99924370358075e-05,0.00756296419250901,0.0498346075073598,0.330784985280452,PASS,0,40
independent,20,17,0.000100299611455693,0.0502584510593942,9.9979425805995e-05,0.0205741940049631,0.0497988439176431,0.402312164713714,PASS,0,40
independent,20,18,0.000100139924940575,0.0497325380178901,9.99911508535708e-05,0.00884914642916845,0.0498068441874118,0.386311625176461,PASS,0,40
independent,20,19,0.000101222369392546,0.0503136575176283,9.99989558056434e-05,0.00104419435659198,0.0498409344562651,0.31813108746972,PASS,0,40
independent,20,20,9.97779521078331e-05,0.0498401236330136,9.99892950650285e-05,0.0107049349715393,0.0498736499555141,0.252700088971824,PASS,0,40
independent,20,21,9.94173365303389e-05,0.0497567712895881,0.000100059974126172,0.0599741261718689,0.0498109162777515,0.378167444496935,PASS,0,40
independent,20,22,0.0001001622195607,0.050257910303353,0.000100002364060275,0.00236406027533942,0.0498750111714454,0.249977657109235,PASS,0,40
independent,20,23,0.00010108802685868,0.0498069436090973,9.99785294678338e-05,0.0214705321662456,0.0498482174678438,0.303565064312328,PASS,0,40
independent,20,24,0.000100293928152556,0.04958320638149,0.000100030413454902,0.0304134549016233,0.0498456545493878,0.308690901224373,PASS,0,40
independent,20,25,9.96452582387954e-05,0.049788066861071,9.99958210896381e-05,0.0041789103618628,0.0498352789945595,0.329442010881043,PASS,0,40
independent,20,26,0.000100241763575367,0.0497465638007784,0.000100000003839021,3.83902101219746e-06,0.0498244183520865,0.351163295826962,PASS,0,40
independent,20,27,9.97745940111675e-05,0.0498162009414864,0.000100016950162517,0.0169501625169488,0.0498616426079401,0.27671478411978,PASS,0,40
independent,20,28,0.000100223965875673,0.049840173090791,0.000100026305547993,0.026305547993366,0.0498721787969246,0.255642406150769,PASS,0,40
independent,20,29,9.94426863769249e-05,0.0497422969409495,9.99933476806335e-05,0.0066523193665291,0.0497900393934938,0.41992121301242,PASS,0,40
independent,20,30,9.93665897206955e-05,0.0494066671888312,9.99778174697858e-05,0.0221825302141765,0.0498320795836733,0.335840832653389,PASS,0,40
independent,20,31,0.000100297195225886,0.0503906279634718,9.99922295655203e-05,0.00777043447965919,0.0497894745471287,0.421050905742537,PASS,0,40
independent,20,32,0.000100483208543568,0.0497588842730288,0.000100015217094063,0.0152170940627805,0.0497953227329022,0.409354534195616,PASS,0,40
independent,20,33,9.96169271054749e-05,0.0497487205668966,9.999904554427e-05,0.000954455730040049,0.0497871977207365,0.425604558527093,PASS,0,40
independent,20,34,0.000100496710574354,0.0498075639821196,0.000100009248094746,0.00924809474598387,0.0498306242125163,0.338751574967378,PASS,0,40
independent,20,35,9.93819404067935e-05,0.0498557957281434,9.99500591373095e-05,0.0499408626904896,0.0499150976851145,0.169804629770998,PASS,0,40
independent,20,36,9.97624068565577e-05,0.0497750322595253,0.000100005280906694,0.00528090669442705,0.0498025479619957,0.394904076008662,PASS,0,40
independent,20,37,9.91589177796179e-05,0.0495511511295142,0.000100005975698611,0.00597569861133795,0.0498041016782135,0.391796643572973,PASS,0,40
independent,20,38,0.000100350625765697,0.0497542685826936,9.99997740942443e-05,0.000225905755735223,0.0497725416096068,0.454916780786341,PASS,0,40
independent,20,39,9.9663371920608e-05,0.049798128113592,0.000100022661216864,0.0226612168642282,0.0498291541986795,0.341691602641048,PASS,0,40
independent,20,40,0.000100227987537789,0.0498067222998468,9.99711275832058e-05,0.028872416794179,0.0498308384678637,0.33832306427255,PASS,0,40
independent,20,41,9.86858857665372e-05,0.0497519956573102,9.99885786511533e-05,0.011421348846663,0.0498086315085098,0.382736982980381,PASS,0,40
independent,20,42,9.98370790091014e-05,0.0502430915878904,9.99771222709188e-05,0.022877729081161,0.0497916425668146,0.416714866370849,PASS,0,40
independent,20,43,0.000100164768407431,0.0498122120176775,0.000100018051129704,0.0180511297038777,0.0498820424922692,0.235915015461707,PASS,0,40
independent,20,44,0.000100455048102994,0.0497916175840458,0.000100008053476537,0.00805347653729527,0.0498243580070216,0.351283985956796,PASS,0,40
independent,20,45,9.97013055020428e-05,0.0497539444066417,9.99637487658477e-05,0.0362512341523402,0.049822738556092,0.354522887815945,PASS,0,40
independent,20,46,0.000100326342542392,0.0497457896552351,9.99820025276853e-05,0.0179974723147014,0.0498094678469296,0.381064306140777,PASS,0,40
independent,20,47,0.000100287424994506,0.0498299275872276,9.99975690662992e-05,0.00243093370076997,0.0498683760442418,0.263247911516462,PASS,0,40
independent,20,48,0.0001001716759016,0.0497763028083947,0.000100017197443474,0.0171974434741706,0.0498013597117404,0.397280576519266,PASS,0,40
independent,20,49,0.000100241315464258,0.0497650068420094,9.99699794590443e-05,0.0300205409556775,0.0498147263745434,0.370547250913233,PASS,0,40
independent,20,50,9.97902465338272e-05,0.0497283828087379,9.99827771342031e-05,0.0172228657969287,0.0497761645198008,0.447670960398427,PASS,0,40
independent,50,1,0.000100461359046543,0.0496651603244591,0.000100044612690412,0.04461269041236,0.0497733943777569,0.453211244486218,PASS,0,40
independent,50,2,0.00010091884060989,0.0494451153992519,9.99662836818925e-05,0.0337163181074907,0.0496649328238277,0.670134352344653,PASS,0,40
independent,50,3,0.000100301764024897,0.0494463522818671,0.000100027881428172,0.0278814281716278,0.0499404840118003,0.119031976399409,PASS,0,40
independent,50,4,0.000100957341213223,0.0504472615987493,0.000100090191616146,0.0901916161456962,0.0499353438370009,0.129312325998299,PASS,0,40
independent,50,5,0.000100380977094293,0.0494253247326621,9.99775608949018e-05,0.0224391050981709,0.04982930060452,0.34139879096009,PASS,0,40
independent,50,6,0.000100336027918215,0.0496430985576187,0.000100012408879072,0.0124088790722787,0.0498378975584558,0.324204883088497,PASS,0,40
independent,50,7,9.84785729725619e-05,0.050487007328854,0.000100030964448764,0.030964448763493,0.0499963289994005,0.00734200119900663,PASS,0,40
independent,50,8,0.000100739266221764,0.0487661128381171,0.000100065737358449,0.0657373584489473,0.0498133125235607,0.373374952878591,PASS,0,40
independent,50,9,0.00010064960832044,0.0497515908749517,9.98816601690569e-05,0.118339830943126,0.0498180409608116,0.363918078376735,PASS,0,40
independent,50,10,9.92889485386867e-05,0.0502669260517734,0.000100078461642432,0.0784616424324369,0.0499253082377022,0.149383524595637,PASS,0,40
independent,50,11,0.000100622224534621,0.0497162321117479,0.000100016456065124,0.0164560651238821,0.0498793301540129,0.241339691974107,PASS,0,40
independent,50,12,0.000101454949267267,0.0497434459664562,0.000100056050625741,0.0560506257411664,0.0498656843771245,0.26863124575105,PASS,0,40
independent,50,13,9.88740101675262e-05,0.0497436121830305,9.99052886166059e-05,0.0947113833940638,0.0499468517892949,0.10629642141029,PASS,0,40
independent,50,14,0.000100750121900022,0.0497016311877162,9.99562669708856e-05,0.0437330291143789,0.049829249460044,0.341501079912054,PASS,0,40
independent,50,15,0.000101485946376739,0.0506317333403151,0.00010002367321521,0.0236732152097741,0.049922661878875,0.154676242250062,PASS,0,40
independent,50,16,0.000101808102812271,0.050249073237091,9.99803658367188e-05,0.0196341632812014,0.0498588121809854,0.282375638029175,PASS,0,40
independent,50,17,0.000100754715600751,0.0506177214093763,9.99484045968937e-05,0.0515954031062971,0.0497598297497732,0.480340500453691,PASS,0,40
independent,50,18,0.000100350657646594,0.0493476945401744,9.99774318443425e-05,0.0225681556575541,0.049764647341712,0.470705316576003,PASS,0,40
independent,50,19,0.000103116011733772,0.0507940340191187,9.9996866913146e-05,0.00313308685400138,0.0498647389907159,0.270522018568264,PASS,0,40
independent,50,20,9.94473704492485e-05,0.0503286909168963,9.99722654453489e-05,0.0277345546511376,0.0499372777704663,0.125444459067359,PASS,0,40
independent,50,21,9.85583631188812e-05,0.0495401080563788,0.000100149412941207,0.149412941207161,0.0497784955545541,0.443008890891761,PASS,0,40
independent,50,22,0.000100409105259294,0.0506543172084657,0.000100004768546841,0.00476854684052785,0.049922934185207,0.154131629585985,PASS,0,40
independent,50,23,0.000102767618901542,0.0504235268515016,9.99454503253856e-05,0.0545496746144014,0.0498848272252409,0.230345549518285,PASS,0,40
independent,50,24,0.000100738758982152,0.048969257897872,0.000100075491577379,0.0754915773787834,0.0498644860808591,0.27102783828189,PASS,0,40
independent,50,25,9.91200876444815e-05,0.0497096052676654,9.99887587722588e-05,0.0112412277412322,0.0498405935066321,0.318812986735828,PASS,0,40
independent,50,26,0.0001006058142331,0.0495757867517865,9.99993806131794e-05,0.000619386820599477,0.0498167674755215,0.366465048956954,PASS,0,40
independent,50,27,9.94388368891784e-05,0.0502882057430685,0.000100041538332592,0.0415383325918617,0.0499007082152822,0.198583569435606,PASS,0,40
independent,50,28,0.000100564164735828,0.0504149574840807,0.000100064534177835,0.064534177834652,0.0499500198089724,0.0999603820551309,PASS,0,40
independent,50,29,9.86214489853121e-05,0.0496352145148415,9.99821284731573e-05,0.0178715268426832,0.0497354583734646,0.529083253070894,PASS,0,40
independent,50,30,9.84357650877583e-05,0.0485287532531669,9.99440703109136e-05,0.0559296890863759,0.049847461448454,0.305077103092077,PASS,0,40
independent,50,31,0.00010075005450485,0.0509877088808021,9.99801807506157e-05,0.0198192493842564,0.049747316988128,0.505366023744003,PASS,0,40
independent,50,32,0.000101218151528907,0.0504433057130167,0.00010003710280089,0.0371028008895991,0.0497529971643317,0.494005671336584,PASS,0,40
independent,50,33,9.90495465490905e-05,0.0496505866164337,9.99967972977601e-05,0.00320270223990171,0.0497294867423408,0.54102651531841,PASS,0,40
independent,50,34,0.000101254430729987,0.0502883447660043,0.000100022291226799,0.0222912267991981,0.0498357701418215,0.328459716357088,PASS,0,40
independent,50,35,9.84708077212875e-05,0.0498232930126336,9.98745209940596e-05,0.125479005940421,0.0500304460396789,0.0608920793577994,PASS,0,40
independent,50,36,9.94107105681584e-05,0.0497048568445027,0.000100012185343174,0.012185343173976,0.0497667126437404,0.466574712519285,PASS,0,40
independent,50,37,9.79285155802206e-05,0.0488887383409119,0.000100014649060483,0.0146490604833183,0.0497740304103335,0.451939179333105,PASS,0,40
independent,50,38,0.000100881592597635,0.0496393554263917,9.9998327606924e-05,0.00167239307597988,0.0496833276864967,0.633344627006505,PASS,0,40
independent,50,39,9.91603689326543e-05,0.0504063073204411,0.000100056002848597,0.0560028485967923,0.049829378698024,0.341242603952097,PASS,0,40
independent,50,40,0.00010057199642186,0.0502899593367562,9.99270955130123e-05,0.072904486987746,0.0498311639585967,0.337672082806628,PASS,0,40
independent,50,41,9.67803086551184e-05,0.0495871065018317,9.99710422257478e-05,0.0289577742521807,0.0497773113141952,0.445377371609512,PASS,0,40
independent,50,42,9.95972245588758e-05,0.0506178203859812,9.99424995044465e-05,0.0575004955534975,0.049734678283017,0.530643433965938,PASS,0,40
independent,50,43,0.000100412875910594,0.049540730635461,0.000100044208788619,0.044208788618505,0.0499703240436412,0.0593519127175646,PASS,0,40
independent,50,44,0.000101150774449237,0.0503757748485084,0.000100019467314981,0.0194673149811919,0.049822884227932,0.354231544135941,PASS,0,40
independent,50,45,9.92572208882504e-05,0.0493736482493843,9.99088782697683e-05,0.0911217302317024,0.0498131690475703,0.373661904859313,PASS,0,40
independent,50,46,0.000100823437490431,0.0496336078014643,9.99539692818769e-05,0.0460307181231467,0.0497583001389772,0.483399722045696,PASS,0,40
independent,50,47,0.000100724119580823,0.0495847630303727,9.99929345149858e-05,0.00706548501417936,0.0499157918323535,0.168416335292909,PASS,0,40
independent,50,48,0.000100430251073673,0.0497004705282137,0.000100041982698089,0.04198269808946,0.0497571551074528,0.485689785094334,PASS,0,40
independent,50,49,0.00010060577503294,0.0495934228765253,9.99238467660402e-05,0.0761532339598303,0.0497922861841695,0.415427631661069,PASS,0,40
independent,50,50,9.94780090789879e-05,0.0506728322977565,9.99559290049003e-05,0.0440709950996654,0.0496986402064061,0.602719587187828,PASS,0,40
independent,100,1,0.000100926806428992,0.0495031874409725,0.0001000388305322,0.038830532199996,0.0496816871897794,0.636625620441222,PASS,0,40
independent,100,2,0.000101855908219186,0.0488635851327057,9.99326957011892e-05,0.0673042988107664,0.0495368642368833,0.926271526233491,PASS,0,40
independent,100,3,0.000100605686144768,0.049033289716546,0.000100030032100659,0.0300321006588167,0.0500297275303504,0.0594550607008637,PASS,0,40
independent,100,4,0.000101933997270197,0.0508442615567038,0.000100167989657524,0.167989657524004,0.0500258405622452,0.0516811244904103,PASS,0,40
independent,100,5,0.000100765508997241,0.0488442699738102,9.99593336554969e-05,0.0406663445031041,0.0498349142556401,0.330171488719733,PASS,0,40
independent,100,6,0.000100673959003853,0.049254881757336,0.000100049826105438,0.049826105437667,0.0498210507060273,0.357898587945493,PASS,0,40
independent,100,7,9.7002108086963e-05,0.0510464173188024,9.99892831402743e-05,0.0107168597257123,0.0502071541351256,0.414308270251129,PASS,0,40
independent,100,8,0.000101501863645806,0.0475409018189893,0.00010013109921943,0.131099219429909,0.0498290494378765,0.341901124247079,PASS,0,40
independent,100,9,0.000101309179658149,0.0504555349619009,9.97871894338874e-05,0.212810566112609,0.0498332517724419,0.333496455116222,PASS,0,40
independent,100,10,9.85885452945331e-05,0.0505498321582928,0.000100179850116273,0.179850116272995,0.0499943117672779,0.0113764654441018,PASS,0,40
independent,100,11,0.000101250184530579,0.0494690919677917,9.99877925361157e-05,0.0122074638843173,0.0499486928682361,0.1026142635278,PASS,0,40
independent,100,12,0.000102954650066731,0.0496669187310576,0.000100154633036507,0.154633036507135,0.0499010094517119,0.197981096576261,PASS,0,40
independent,100,13,9.77756833078161e-05,0.0494373345694402,9.9858813647047e-05,0.141186352952982,0.0500996333781087,0.199266756217331,PASS,0,40
independent,100,14,0.000101514823260239,0.0493890922995928,9.99123879151858e-05,0.0876120848142037,0.0498787367455049,0.242526508990171,PASS,0,40
independent,100,15,0.000103016728646571,0.0512694751689752,0.000100071557844716,0.0715578447164189,0.0500158400548681,0.0316801097362207,PASS,0,40
independent,100,16,0.000103679361652383,0.0505543409903365,9.99820577134939e-05,0.0179422865060674,0.0499170480620299,0.165903875940177,PASS,0,40
independent,100,17,0.000101522227320407,0.0510875597013696,9.98978682988442e-05,0.102131701155761,0.0497072761226295,0.585447754740964,PASS,0,40
independent,100,18,0.000100704741960566,0.048723366638665,9.99613174077102e-05,0.0386825922898404,0.0496910342381718,0.617931523656323,PASS,0,40
independent,100,19,0.000106433074692138,0.0515929156639264,0.000100021954799528,0.021954799528201,0.0498959319755512,0.208136048897645,PASS,0,40
independent,100,20,9.89011067247658e-05,0.0506455340029612,9.99635050430569e-05,0.0364949569430673,0.050038518182462,0.0770363649240657,PASS,0,40
independent,100,21,9.715913867458e-05,0.0490864112721715,0.000100324363056616,0.324363056616384,0.0497183217229428,0.563356554114502,PASS,0,40
independent,100,22,0.000100822136259175,0.0513128172685922,0.000100007613057967,0.00761305796708189,0.049938276053245,0.12344789350992,PASS,0,40
independent,100,23,0.000105693009801005,0.0508607435951024,9.98903343441936e-05,0.109665655806435,0.0499757853402739,0.0484293194522478,PASS,0,40
independent,100,24,0.000101484206392538,0.0479503095940547,0.000100150416982513,0.15041698251328,0.0499277964710449,0.144407057910201,PASS,0,40
independent,100,25,9.82551457009047e-05,0.0495685173764228,0.000100001749353636,0.00174935363621564,0.0498662223033943,0.267555393211338,PASS,0,40
independent,100,26,0.000101215677656501,0.0493535003865619,9.99988296949044e-05,0.00117030509562133,0.0498049655852013,0.390068829597312,PASS,0,40
independent,100,27,9.88842186487211e-05,0.0506163663769553,0.000100036155156055,0.0361551560551288,0.0499169618749996,0.166076250000824,PASS,0,40
independent,100,28,0.000101138135587773,0.050935313510457,0.000100127884464017,0.127884464017369,0.050131681948846,0.263363897691971,PASS,0,40
independent,100,29,9.72841383188443e-05,0.0494639293313742,9.99639402125845e-05,0.0360597874155211,0.0496628113517416,0.674377296516726,PASS,0,40
independent,100,30,9.69264784914669e-05,0.0470711666422916,9.98597859534919e-05,0.140214046508069,0.049874458584756,0.251082830487981,PASS,0,40
independent,100,31,0.000101516849639156,0.0519849873250799,9.99841145565117e-05,0.0158854434883504,0.0497037926204441,0.592414759111781,PASS,0,40
independent,100,32,0.000102468843250037,0.0508938016626708,0.000100018685110354,0.0186851103536112,0.0496859095985037,0.628180802992551,PASS,0,40
independent,100,33,9.81159949920003e-05,0.049126001939177,0.000100019988598324,0.019988598324483,0.0496393320977102,0.721335804579692,PASS,0,40
independent,100,34,0.000102544801840905,0.0505853960079675,0.000100018323965183,0.018323965182665,0.0498092543109852,0.381491378029619,PASS,0,40
independent,100,35,9.69863917719003e-05,0.050373093344818,9.97731137155028e-05,0.226886284497185,0.0501938757652453,0.387751530490554,PASS,0,40
independent,100,36,9.88293962168874e-05,0.0505918472417334,0.000100019060681426,0.0190606814260752,0.0497253457455786,0.549308508842816,PASS,0,40
independent,100,37,9.59503714013746e-05,0.0477871926047129,0.000100053710032895,0.0537100328951379,0.049759061209079,0.481877581841972,PASS,0,40
independent,100,38,0.000101778419424804,0.049439764557764,0.000100018021363682,0.0180213636818305,0.0495148816409896,0.970236718020767,PASS,0,40
independent,100,39,9.83253090088273e-05,0.05074819038414,0.000100112284717062,0.112284717061617,0.0498074954443155,0.385009111368984,PASS,0,40
independent,100,40,0.000101151799739785,0.0505491075710196,9.98797094312576e-05,0.120290568742409,0.0498375364690142,0.32492706197158,PASS,0,40
independent,100,41,9.37618551685808e-05,0.0491825940736383,9.99180330719921e-05,0.0819669280079038,0.0497130489078429,0.573902184314157,PASS,0,40
independent,100,42,9.92011178356291e-05,0.0512414213018908,9.98858233715171e-05,0.114176628482887,0.0496359423257237,0.728115348552516,PASS,0,40
independent,100,43,0.000100829625295008,0.0490892270181714,0.000100065892342185,0.0658923421850366,0.0501443999715518,0.288799943103513,PASS,0,40
independent,100,44,0.000102338381210605,0.0507587985591111,9.99731246328466e-05,0.0268753671534228,0.0498162671845724,0.367465630855202,PASS,0,40
independent,100,45,0.000101421735095004,0.0486669898016565,9.98708517995012e-05,0.12914820049883,0.0498055813606457,0.388837278708665,PASS,0,40
independent,100,46,0.000101665044984745,0.0506129648311735,9.99073457298851e-05,0.0926542701149446,0.0497028644577511,0.594271084497844,PASS,0,40
independent,100,47,0.000101460067023258,0.049176531703127,9.99337412166659e-05,0.0662587833341166,0.0499694158605277,0.0611682789446122,PASS,0,40
independent,100,48,0.000100863783307044,0.0494140946992366,0.000100081799683778,0.0817996837784607,0.0496760853214188,0.647829357162344,PASS,0,40
independent,100,49,0.000101218884547626,0.0492988100281808,9.98210986924726e-05,0.17890130752739,0.049729544990284,0.540910019432028,PASS,0,40
independent,100,50,9.91819405965326e-05,0.0513511590243957,9.98573958852419e-05,0.142604114758083,0.0495976808827501,0.804638234499777,PASS,0,40
independent,200,1,0.000101870236716513,0.0493671267955978,0.000100172689489105,0.17268948910476,0.0496287447233313,0.742510553337306,PASS,0.0135135135135135,40
independent,200,2,0.000103781791772311,0.0476584328028019,0.00010023382562597,0.23382562596963,0.0492829551882779,1.43408962344417,PASS,0.0067567567567568,40
independent,200,3,0.000101220304431425,0.0484222008468669,0.000100137766772184,0.137766772184222,0.0501362033507888,0.272406701577665,PASS,0,40
independent,200,4,0.000103942230100658,0.0515471151749787,0.000100288811843904,0.288811843903591,0.0501537278682519,0.307455736503792,PASS,0.0067567567567568,40
independent,200,5,0.000101545370950472,0.0476615628529035,9.98905967202667e-05,0.109403279733322,0.0496196137390605,0.76077252187905,PASS,0.0067567567567568,40
independent,200,6,0.000101363637537643,0.0484451269697603,0.000100153381695699,0.153381695698518,0.0497111484694699,0.577703061060186,PASS,0.0067567567567568,40
independent,200,7,9.41716409152217e-05,0.0523826085440472,0.000100244569763763,0.244569763762548,0.0504487226997021,0.897445399404129,PASS,0.0067567567567568,40
independent,200,8,0.000101021939903666,0.0451043271295558,0.000100301102908932,0.30110290893226,0.0499265036720295,0.146992655941058,PASS,0.0067567567567568,40
independent,200,9,0.000102653572720949,0.0509395562632036,9.97925338861483e-05,0.207466113851673,0.0496144170297836,0.771165940432739,PASS,0.0135135135135135,40
independent,200,10,9.72108320693686e-05,0.0511164325374201,0.000100539060303348,0.539060303348315,0.0499388888144685,0.122222371062963,PASS,0,40
independent,200,11,0.000102528464456663,0.0489449383936625,0.000100309432489827,0.309432489827155,0.0499467999610139,0.10640007797218,PASS,0.0067567567567568,40
independent,200,12,0.000106091151609329,0.050571917398037,0.00010025957982491,0.259579824909673,0.0498747464232489,0.250507153502222,PASS,0,40
independent,200,13,9.56529101047627e-05,0.0486522268329359,9.98378388122879e-05,0.162161187712095,0.0502699338153663,0.539867630732638,PASS,0.0202702702702703,40
independent,200,14,0.000103083848736522,0.0488936514732633,9.98512295640211e-05,0.148770435978907,0.0498107129089591,0.378574182081759,PASS,0.0202702702702703,40
independent,200,15,0.000106214775985959,0.0525408206799372,0.00010034961617174,0.349616171740408,0.050216381675399,0.432763350797982,PASS,0,40
independent,200,16,0.000107220509740226,0.0487780212931437,0.000100119258957519,0.119258957518853,0.0500656338515995,0.131267703199067,PASS,0.0067567567567568,40
independent,200,17,0.000103090831194018,0.0518586832066924,0.000100062018399239,0.0620183992392276,0.0495462963517956,0.907407296408724,PASS,0,40
independent,200,18,0.000101423261863599,0.0474951827741165,0.000100176339470254,0.176339470254305,0.0495250309625763,0.949938074847401,PASS,0,40
independent,200,19,0.000113745351482841,0.0531788808998319,0.000100386043387505,0.386043387505297,0.0499291185084927,0.14176298301467,PASS,0.0135135135135135,40
independent,200,20,9.78256027453589e-05,0.0512539297136147,9.95755882768889e-05,0.424411723111107,0.0502978331601862,0.595666320372379,PASS,0.0135135135135135,40
independent,200,21,9.44756594347847e-05,0.0481793790769941,0.000100527529547251,0.527529547251437,0.0496138402429239,0.77231951415212,PASS,0.0067567567567568,40
independent,200,22,0.000101653753212181,0.0526165117689717,0.000100236184158743,0.236184158742669,0.0496887133370976,0.622573325804898,PASS,0.0067567567567568,40
independent,200,23,0.000112067717140243,0.0517425223259835,0.000100033702473891,0.0337024738913616,0.0502845847289904,0.569169457980823,PASS,0.0067567567567568,40
independent,200,24,0.000102992461994244,0.0459351483854758,0.000100301753590175,0.301753590175302,0.049977282483377,0.0454350332460551,PASS,0.0067567567567568,40
independent,200,25,9.65639299022802e-05,0.0506454168014014,0.000100017886714049,0.0178867140484984,0.0495837277332223,0.832544533555357,PASS,0.0202702702702703,40
independent,200,26,0.000101585903188461,0.0490057153729846,0.000100112592319628,0.11259231962828,0.0496423850303432,0.715229939313566,PASS,0,40
independent,200,27,9.77930208265523e-05,0.0513253568038049,0.000100137841338572,0.137841338572087,0.0498553812023864,0.28923759522711,PASS,0.0067567567567568,40
independent,200,28,9.78986416350497e-05,0.0519489480734054,0.000100104017703378,0.104017703378334,0.0506012365497147,1.2024730994294,PASS,0,40
independent,200,29,9.47208366885529e-05,0.0491050968512063,9.9632715870188e-05,0.367284129812007,0.0494690355241508,1.06192895169842,PASS,0,40
independent,200,30,0.00011172002144636,0.0201058911690277,0.000100554656411789,0.554656411789356,0.0500012045903209,0.00240918064184914,PASS,0.0067567567567568,40
independent,200,31,0.000103094345744765,0.0539811126607847,0.000100129922948766,0.129922948765726,0.0496807549640134,0.638490071973197,PASS,0.0135135135135135,40
independent,200,32,0.000101753080702658,0.0517915067021474,9.99831205858245e-05,0.0168794141754969,0.04952505876236,0.949882475279962,PASS,0,40
independent,200,33,9.62919171984558e-05,0.0478349990927432,9.99823896151606e-05,0.0176103848393838,0.0493419971286686,1.31600574266287,PASS,0.0067567567567568,40
independent,200,34,0.0001052338139985,0.0511847499692292,9.9891118730521e-05,0.108881269479,0.0498720507384323,0.255898523135445,PASS,0.0067567567567568,40
independent,200,35,9.41395361790556e-05,0.0508492757950028,9.97420764691972e-05,0.257923530802762,0.0503310812829246,0.6621625658491,PASS,0.0135135135135135,40
independent,200,36,9.76845642744137e-05,0.0511402689287239,0.000100010789080823,0.0107890808226374,0.0497451179001866,0.509764199626728,PASS,0,40
independent,200,37,9.2246384578005e-05,0.0455958695930291,9.97377201972569e-05,0.262279802743159,0.0498179693316102,0.364061336779531,PASS,0.0067567567567568,40
independent,200,38,9.82363610294228e-05,0.0490841646694063,0.00010020433635673,0.204336356730184,0.0491981467441912,1.60370651161751,PASS,0,40
independent,200,39,0.00010177876537719,0.0512476507096979,0.000100286762831835,0.286762831834575,0.0498791329765778,0.241734046844488,PASS,0,40
independent,200,40,0.0001024225634029,0.051103953953569,9.97069857967111e-05,0.293014203288855,0.0497196662722297,0.56066745554052,PASS,0.0067567567567568,40
independent,200,41,8.82541994842323e-05,0.0483832613237723,9.89168531983578e-05,1.0831468016422,0.0495743150913214,0.851369817357195,PASS,0,40
independent,200,42,9.84214821437589e-05,0.0524796244623584,9.95643259913346e-05,0.435674008665377,0.0494463550419443,1.10728991611141,PASS,0,40
independent,200,43,0.000102094282769825,0.0481911484312207,0.000100067250186668,0.0672501866677111,0.0504182208391545,0.836441678309008,PASS,0,40
independent,200,44,0.000104821185155873,0.0515144741756841,0.000100332183033994,0.332183033993982,0.0497950429430014,0.409914113997256,PASS,0,40
independent,200,45,0.000102890669019176,0.0471210019600105,9.99535427947415e-05,0.0464572052585099,0.0497331414864186,0.533717027162817,PASS,0.0067567567567568,40
independent,200,46,0.000103398494757904,0.0512249242195379,0.00010008116357264,0.0811635726400972,0.049565459999069,0.86908000186191,PASS,0.0067567567567568,40
independent,200,47,0.000102963403374374,0.0483632194739547,0.000100059373932433,0.059373932433493,0.0499070078277483,0.185984344503354,PASS,0.0067567567567568,40
independent,200,48,0.000101221633964244,0.0488359503293921,9.99161476333129e-05,0.0838523666870761,0.0495068722157756,0.986255568448835,PASS,0,40
independent,200,49,0.000102467289505045,0.0487728080045543,9.98335858341076e-05,0.166414165892426,0.0500012382817524,0.00247656350478298,PASS,0.027027027027027,40
independent,200,50,9.83715471085644e-05,0.0526996173962752,9.96356710888836e-05,0.364328911116429,0.0494792989128736,1.0414021742528,PASS,0.0067567567567568,40
independent,500,1,0.000104805490933133,0.0516808871373447,0.00010152905743485,1.52905743484999,0.0504078705632286,0.815741126457192,PASS,0.0472972972972973,40
independent,500,2,0.0001077159634931,0.0440650651885971,0.000104502276048093,4.5022760480925,0.0486246366814122,2.75072663717553,FAIL,0.0405405405405406,40
independent,500,3,9.80608129104682e-05,0.0468105284002104,0.000100190509396371,0.190509396370975,0.0490299533324876,1.94009333502476,PASS,0.0135135135135135,40
independent,500,4,9.84565131159832e-05,0.0229260777409567,0.000101280344052858,1.2803440528576,0.0497156344098975,0.568731180204907,PASS,0.0202702702702703,40
independent,500,5,0.000103974050799518,0.0564493505904672,0.000100736509664158,0.736509664158036,0.0496901989759232,0.619602048153578,PASS,0.0405405405405406,40
independent,500,6,9.21375313935095e-05,0.0210781234988273,9.88967625189068e-05,1.10323748109318,0.0492550805919932,1.48983881601367,PASS,0.0540540540540541,40
independent,500,7,0.000104097062069983,0.0568881288580717,0.000102913731163975,2.91373116397549,0.0503116433732875,0.62328674657508,PASS,0.0337837837837838,40
independent,500,8,0.000107795597969037,0.0131892250327632,0.000103174850622912,3.17485062291187,0.0489906282500855,2.0187434998291,FAIL,0.027027027027027,40
independent,500,9,9.64879978205666e-05,0.0247906177269821,0.000101070749244558,1.07074924455834,0.0494256484111908,1.14870317761847,PASS,0.0202702702702703,40
independent,500,10,9.31907512297868e-05,0.0527577215567417,0.000100652104870519,0.652104870519099,0.0489722423415721,2.05551531685572,PASS,0.0337837837837838,40
independent,500,11,9.74125243642499e-05,0.0472556195985196,0.000100145612972799,0.145612972798559,0.0492818657992188,1.43626840156241,PASS,0.0135135135135135,40
independent,500,12,0.000113583229147469,0.0512096601145151,0.00010590459170534,5.90459170534003,0.0501252158249384,0.250431649876792,FAIL,0.0067567567567568,40
independent,500,13,8.86842359016258e-05,0.0447876332684059,9.60576997610956e-05,3.94230023890439,0.0498700473540703,0.259905291859375,FAIL,0.0472972972972973,40
independent,500,14,0.000108134441178011,0.0479312863897456,0.000102398894870546,2.39889487054616,0.049167133690978,1.66573261804404,PASS,0.027027027027027,40
independent,500,15,0.000117442401747702,0.056285735157882,0.000110364082532344,10.3640825323442,0.0501875820202363,0.375164040472642,FAIL,0.0472972972972973,40
independent,500,16,0.000107877064943999,0.0182787069180553,0.000103024743983653,3.02474398365333,0.0508133070747998,1.62661414959955,FAIL,0.0405405405405406,40
independent,500,17,0.000108726991248094,0.0532237161197668,0.000105196039509058,5.19603950905814,0.0486833464495386,2.63330710092287,FAIL,0.027027027027027,40
independent,500,18,0.000115225285702818,0.0212723099905336,0.000108895749009602,8.89574900960244,0.048607306471868,2.78538705626395,FAIL,0.0067567567567568,40
independent,500,19,0.000143142571730555,0.0577309914844614,0.000129951439643726,29.9514396437258,0.0488122968350295,2.37540632994095,FAIL,0.0337837837837838,40
independent,500,20,0.00010317103751532,0.0528635916264543,0.00010001382739479,0.0138273947900558,0.050878571414169,1.75714282833797,PASS,0.0202702702702703,40
independent,500,21,0.000104562271770605,0.0237824274859541,0.000102212343978543,2.21234397854333,0.0484961421107328,3.00771577853433,PASS,0.0202702702702703,40
independent,500,22,0.000161159161423998,0.0281378855385105,0.00015,50,0.0489140502728475,2.17189945430507,FAIL,0.0337837837837838,40
independent,500,23,0.000136729690927838,0.0541881761265842,0.000125631915971638,25.6319159716375,0.0498768620424675,0.246275915064931,FAIL,0.0337837837837838,40
independent,500,24,9.4241625034601e-05,0.0212291307761864,0.000100513499703472,0.513499703471942,0.0496259565701924,0.748086859615182,PASS,0.0067567567567568,40
independent,500,25,9.08537575054277e-05,0.0457754988935009,9.94866507268016e-05,0.513349273198416,0.0485882752268767,2.82344954624658,PASS,0.0608108108108109,40
independent,500,26,9.69188134707405e-05,0.0476030784284071,0.000100279760020912,0.279760020912412,0.0490804714506489,1.83905709870227,PASS,0.0135135135135135,40
independent,500,27,9.61548012734482e-05,0.0533518145191551,0.000100798086890888,0.798086890888361,0.0505393834665239,1.07876693304776,PASS,0.027027027027027,40
independent,500,28,9.20927521663621e-05,0.040200670013707,9.68146443380851e-05,3.18535566191487,0.0501137297349422,0.227459469884406,FAIL,0.0202702702702703,40
independent,500,29,0.000105402871991958,0.0219578669176811,0.000101841391421576,1.84139142157627,0.0496042392437106,0.791521512578885,PASS,0.0472972972972973,40
independent,500,30,0.000119988006419868,0.0141144447686733,0.00010999958641712,9.99958641711962,0.0488330083509689,2.33398329806219,FAIL,0.027027027027027,40
independent,500,31,0.000109767161498078,0.0589353026871973,0.000105063763274706,5.06376327470566,0.0510068412045944,2.01368240918889,FAIL,0.0675675675675675,40
independent,500,32,0.000104563068575607,0.0543369499933696,0.000101721173101775,1.72117310177498,0.0489198634404703,2.16027311905947,PASS,0.0135135135135135,40
independent,500,33,0.000101988287291993,0.0469550452470153,0.000101867701994239,1.86770199423931,0.0483544430967385,3.29111380652294,PASS,0.0202702702702703,40
independent,500,34,0.00011426869606818,0.052990014168851,0.000107429797064175,7.42979706417501,0.0495244641901995,0.951071619601107,FAIL,0.0202702702702703,40
independent,500,35,0.00010454832089811,0.0521986639597274,0.000102459912257029,2.4599122570294,0.0494603210615232,1.07935787695354,PASS,0.027027027027027,40
independent,500,36,9.43861121800824e-05,0.0525113590938128,0.000100814837217363,0.814837217362929,0.0490046861061174,1.99062778776526,PASS,0,40
independent,500,37,0.000115119003412628,0.0181344048072392,0.000102988996210134,2.98899621013358,0.0486915640535819,2.61687189283613,PASS,0.0202702702702703,40
independent,500,38,9.56867098658374e-05,0.0484368980100919,0.00010095291248985,0.952912489849678,0.048889467060935,2.22106587813004,PASS,0.027027027027027,40
independent,500,39,8.96602665764726e-05,-0.00340738382974171,9.05034005854936e-05,9.49659941450637,0.0403477459323771,19.3045081352458,FAIL,0.594594594594595,40
independent,500,40,9.84246425457738e-05,0.0533887762224506,9.92037985172888e-05,0.796201482711179,0.049043467231675,1.9130655366501,PASS,0.027027027027027,40
independent,500,41,0.00011491021149803,0.0253558804144876,0.000104338775080506,4.33877508050586,0.0488143014015741,2.37139719685178,FAIL,0,40
independent,500,42,0.000155635358006421,0.0275215943827644,0.000146689565128605,46.6895651286055,0.0486352538348816,2.72949233023673,FAIL,0.0067567567567568,40
independent,500,43,9.78633797515432e-05,0.045526652847096,0.000100517946588836,0.517946588836482,0.0491647964882603,1.67040702347938,PASS,0.0202702702702703,40
independent,500,44,0.000108198989338812,0.0452136702920609,0.000102990823959948,2.99082395994832,0.0480818206662921,3.83635866741573,PASS,0.027027027027027,40
independent,500,45,0.000107606931122144,0.0440775084928344,0.000102941688470741,2.94168847074061,0.0494445586576801,1.11088268463985,PASS,0.0405405405405406,40
independent,500,46,0.000107084397573144,0.052667422450654,0.000104063816741263,4.06381674126255,0.0491122708946173,1.77545821076546,FAIL,0.0337837837837838,40
independent,500,47,0.000114003576455547,0.0153134882241135,0.000107194816330922,7.19481633092243,0.049810629686552,0.378740626896035,FAIL,0.0405405405405406,40
independent,500,48,0.000102429604261787,0.0457510563098898,0.000101110551820612,1.11055182061219,0.0490044685992852,1.9910628014297,PASS,0,40
independent,500,49,0.000104605343299886,0.047840313261202,0.000102424865558204,2.42486555820445,0.0494026703955593,1.19465920888148,PASS,0.0337837837837838,40
independent,500,50,9.59885986367862e-05,0.0566060393644754,9.96821344512853e-05,0.317865548714724,0.0496160172178655,0.767965564269002,PASS,0.0540540540540541,40
pwm,0,1,9.99981792467471e-05,0.049821823568226,0.000100000546593981,0.000546593981343158,0.0498297885952956,0.340422809408714,PASS,0,40
pwm,0,2,9.99981792467471e-05,0.049821823568226,0.000100000546593981,0.000546593981343158,0.0498297885952956,0.340422809408714,PASS,0,40
pwm,0,3,9.99981792467471e-05,0.049821823568226,0.000100000546593981,0.000546593981343158,0.0498297885952956,0.340422809408714,PASS,0,40
pwm,0,4,9.99981792467471e-05,0.049821823568226,0.000100000546593981,0.000546593981343158,0.0498297885952956,0.340422809408714,PASS,0,40
pwm,0,5,9.99981792467471e-05,0.049821823568226,0.000100000546593981,0.000546593981343158,0.0498297885952956,0.340422809408714,PASS,0,40
pwm,0,6,9.99981792467471e-05,0.049821823568226,0.000100000546593981,0.000546593981343158,0.0498297885952956,0.340422809408714,PASS,0,40
pwm,0,7,9.99981792467471e-05,0.049821823568226,0.000100000546593981,0.000546593981343158,0.0498297885952956,0.340422809408714,PASS,0,40
pwm,0,8,9.99981792467471e-05,0.049821823568226,0.000100000546593981,0.000546593981343158,0.0498297885952956,0.340422809408714,PASS,0,40
pwm,0,9,9.99981792467471e-05,0.049821823568226,0.000100000546593981,0.000546593981343158,0.0498297885952956,0.340422809408714,PASS,0,40
pwm,0,10,9.99981792467471e-05,0.049821823568226,0.000100000546593981,0.000546593981343158,0.0498297885952956,0.340422809408714,PASS,0,40
pwm,0,11,9.99981792467471e-05,0.049821823568226,0.000100000546593981,0.000546593981343158,0.0498297885952956,0.340422809408714,PASS,0,40
pwm,0,12,9.99981792467471e-05,0.049821823568226,0.000100000546593981,0.000546593981343158,0.0498297885952956,0.340422809408714,PASS,0,40
pwm,0,13,9.99981792467471e-05,0.049821823568226,0.000100000546593981,0.000546593981343158,0.0498297885952956,0.340422809408714,PASS,0,40
pwm,0,14,9.99981792467471e-05,0.049821823568226,0.000100000546593981,0.000546593981343158,0.0498297885952956,0.340422809408714,PASS,0,40
pwm,0,15,9.99981792467471e-05,0.049821823568226,0.000100000546593981,0.000546593981343158,0.0498297885952956,0.340422809408714,PASS,0,40
pwm,0,16,9.99981792467471e-05,0.049821823568226,0.000100000546593981,0.000546593981343158,0.0498297885952956,0.340422809408714,PASS,0,40
pwm,0,17,9.99981792467471e-05,0.049821823568226,0.000100000546593981,0.000546593981343158,0.0498297885952956,0.340422809408714,PASS,0,40
pwm,0,18,9.99981792467471e-05,0.049821823568226,0.000100000546593981,0.000546593981343158,0.0498297885952956,0.340422809408714,PASS,0,40
pwm,0,19,9.99981792467471e-05,0.049821823568226,0.000100000546593981,0.000546593981343158,0.0498297885952956,0.340422809408714,PASS,0,40
pwm,0,20,9.99981792467471e-05,0.049821823568226,0.000100000546593981,0.000546593981343158,0.0498297885952956,0.340422809408714,PASS,0,40
pwm,0,21,9.99981792467471e-05,0.049821823568226,0.000100000546593981,0.000546593981343158,0.0498297885952956,0.340422809408714,PASS,0,40
pwm,0,22,9.99981792467471e-05,0.049821823568226,0.000100000546593981,0.000546593981343158,0.0498297885952956,0.340422809408714,PASS,0,40
pwm,0,23,9.99981792467471e-05,0.049821823568226,0.000100000546593981,0.000546593981343158,0.0498297885952956,0.340422809408714,PASS,0,40
pwm,0,24,9.99981792467471e-05,0.049821823568226,0.000100000546593981,0.000546593981343158,0.0498297885952956,0.340422809408714,PASS,0,40
pwm,0,25,9.99981792467471e-05,0.049821823568226,0.000100000546593981,0.000546593981343158,0.0498297885952956,0.340422809408714,PASS,0,40
pwm,0,26,9.99981792467471e-05,0.049821823568226,0.000100000546593981,0.000546593981343158,0.0498297885952956,0.340422809408714,PASS,0,40
pwm,0,27,9.99981792467471e-05,0.049821823568226,0.000100000546593981,0.000546593981343158,0.0498297885952956,0.340422809408714,PASS,0,40
pwm,0,28,9.99981792467471e-05,0.049821823568226,0.000100000546593981,0.000546593981343158,0.0498297885952956,0.340422809408714,PASS,0,40
pwm,0,29,9.99981792467471e-05,0.049821823568226,0.000100000546593981,0.000546593981343158,0.0498297885952956,0.340422809408714,PASS,0,40
pwm,0,30,9.99981792467471e-05,0.049821823568226,0.000100000546593981,0.000546593981343158,0.0498297885952956,0.340422809408714,PASS,0,40
pwm,0,31,9.99981792467471e-05,0.049821823568226,0.000100000546593981,0.000546593981343158,0.0498297885952956,0.340422809408714,PASS,0,40
pwm,0,32,9.99981792467471e-05,0.049821823568226,0.000100000546593981,0.000546593981343158,0.0498297885952956,0.340422809408714,PASS,0,40
pwm,0,33,9.99981792467471e-05,0.049821823568226,0.000100000546593981,0.000546593981343158,0.0498297885952956,0.340422809408714,PASS,0,40
pwm,0,34,9.99981792467471e-05,0.049821823568226,0.000100000546593981,0.000546593981343158,0.0498297885952956,0.340422809408714,PASS,0,40
pwm,0,35,9.99981792467471e-05,0.049821823568226,0.000100000546593981,0.000546593981343158,0.0498297885952956,0.340422809408714,PASS,0,40
pwm,0,36,9.99981792467471e-05,0.049821823568226,0.000100000546593981,0.000546593981343158,0.0498297885952956,0.340422809408714,PASS,0,40
pwm,0,37,9.99981792467471e-05,0.049821823568226,0.000100000546593981,0.000546593981343158,0.0498297885952956,0.340422809408714,PASS,0,40
pwm,0,38,9.99981792467471e-05,0.049821823568226,0.000100000546593981,0.000546593981343158,0.0498297885952956,0.340422809408714,PASS,0,40
pwm,0,39,9.99981792467471e-05,0.049821823568226,0.000100000546593981,0.000546593981343158,0.0498297885952956,0.340422809408714,PASS,0,40
pwm,0,40,9.99981792467471e-05,0.049821823568226,0.000100000546593981,0.000546593981343158,0.0498297885952956,0.340422809408714,PASS,0,40
pwm,0,41,9.99981792467471e-05,0.049821823568226,0.000100000546593981,0.000546593981343158,0.0498297885952956,0.340422809408714,PASS,0,40
pwm,0,42,9.99981792467471e-05,0.049821823568226,0.000100000546593981,0.000546593981343158,0.0498297885952956,0.340422809408714,PASS,0,40
pwm,0,43,9.99981792467471e-05,0.049821823568226,0.000100000546593981,0.000546593981343158,0.0498297885952956,0.340422809408714,PASS,0,40
pwm,0,44,9.99981792467471e-05,0.049821823568226,0.000100000546593981,0.000546593981343158,0.0498297885952956,0.340422809408714,PASS,0,40
pwm,0,45,9.99981792467471e-05,0.049821823568226,0.000100000546593981,0.000546593981343158,0.0498297885952956,0.340422809408714,PASS,0,40
pwm,0,46,9.99981792467471e-05,0.049821823568226,0.000100000546593981,0.000546593981343158,0.0498297885952956,0.340422809408714,PASS,0,40
pwm,0,47,9.99981792467471e-05,0.049821823568226,0.000100000546593981,0.000546593981343158,0.0498297885952956,0.340422809408714,PASS,0,40
pwm,0,48,9.99981792467471e-05,0.049821823568226,0.000100000546593981,0.000546593981343158,0.0498297885952956,0.340422809408714,PASS,0,40
pwm,0,49,9.99981792467471e-05,0.049821823568226,0.000100000546593981,0.000546593981343158,0.0498297885952956,0.340422809408714,PASS,0,40
pwm,0,50,9.99981792467471e-05,0.049821823568226,0.000100000546593981,0.000546593981343158,0.0498297885952956,0.340422809408714,PASS,0,40
pwm,5,1,9.9977107478797e-05,0.0498683699518601,0.000100001612290773,0.00161229077260128,0.0499324253616109,0.135149276778201,PASS,0,40
pwm,5,2,9.99681311048295e-05,0.049878417004012,0.000100001694596832,0.0016945968321691,0.0499017071363883,0.196585727223364,PASS,0,40
pwm,5,3,0.000100010136602706,0.0498890480041622,0.000100001269634855,0.00126963485524989,0.0499009628927727,0.19807421445468,PASS,0,40
pwm,5,4,9.99686888875447e-05,0.049880755107002,0.000100001526137925,0.0015261379245235,0.0499342089843481,0.131582031303856,PASS,0,40
pwm,5,5,9.99797138843232e-05,0.0498889054181184,0.000100001386926618,0.00138692661779682,0.0499154891959242,0.169021608151543,PASS,0,40
pwm,5,6,9.99938596229574e-05,0.0498891979850905,0.000100001634167361,0.00163416736060906,0.0499300697518056,0.139860496388744,PASS,0,40
pwm,5,7,0.000100014035825761,0.0499041422564066,0.000100001401389671,0.00140138967088532,0.0499251601911365,0.149679617727094,PASS,0,40
pwm,5,8,9.99957210394259e-05,0.0499131372784958,0.000100001372101422,0.0013721014224366,0.0499405819801795,0.11883603964109,PASS,0,40
pwm,5,9,9.99551696819466e-05,0.0498291670557187,0.000100001566030252,0.00156603025192048,0.0499218828397683,0.156234320463455,PASS,0,40
pwm,5,10,9.99936339711409e-05,0.0499115153547928,0.000100001142507499,0.00114250749874145,0.0499516364145756,0.0967271708488093,PASS,0,40
pwm,5,11,9.99665153021318e-05,0.0498724618453371,0.000100001605892596,0.00160589259572408,0.049932620101898,0.134759796203932,PASS,0,40
pwm,5,12,9.996565172828e-05,0.049855583965732,0.00010000193367863,0.00193367862959537,0.0499525471311257,0.0949057377485185,PASS,0,40
pwm,5,13,9.99934793142417e-05,0.0498937883339588,0.00010000159541955,0.00159541954969367,0.0499221453849164,0.155709230167222,PASS,0,40
pwm,5,14,9.99563424557014e-05,0.0498336428058029,0.000100001737411889,0.00173741188884691,0.0499270671900415,0.145865619916918,PASS,0,40
pwm,5,15,9.99732946133571e-05,0.0498655079624255,0.000100001318577803,0.00131857780285571,0.0499310996265507,0.137800746898586,PASS,0,40
pwm,5,16,9.99869223673513e-05,0.0499025629061748,0.000100001342900855,0.00134290085525013,0.0499307858442914,0.138428311417305,PASS,0,40
pwm,5,17,0.000100008679632266,0.0499090457860654,0.0001000012811737,0.00128117370048475,0.0499340086515883,0.131982696823363,PASS,0,40
pwm,5,18,9.99755722275023e-05,0.0499026672565717,0.000100001341259017,0.00134125901687376,0.0499233255862635,0.153348827473032,PASS,0,40
pwm,5,19,0.000100012034810776,0.0498736876551577,0.000100001683794341,0.00168379434117849,0.0499040683603059,0.191863279388205,PASS,0,40
pwm,5,20,9.99776659673281e-05,0.0498974270994442,0.000100001596825703,0.00159682570328723,0.0499288403417315,0.14231931653691,PASS,0,40
pwm,5,21,9.99966497630805e-05,0.0498958609080565,0.000100001356937267,0.00135693726690533,0.0499381505069509,0.12369898609822,PASS,0,40
pwm,5,22,9.99671620935941e-05,0.0498749296999389,0.00010000140995761,0.00140995760968821,0.0498997848844484,0.200430231103266,PASS,0,40
pwm,5,23,9.99815593190948e-05,0.0499008510380885,0.000100001608115603,0.00160811560276919,0.0499185852677221,0.162829464555869,PASS,0,40
pwm,5,24,9.99670164338992e-05,0.049874373933255,0.000100001941102743,0.00194110274325254,0.0498995287872377,0.200942425524508,PASS,0,40
pwm,5,25,9.9970746088245e-05,0.049867723523379,0.000100001497139754,0.00149713975372556,0.0499310452815378,0.137909436924322,PASS,0,40
pwm,5,26,0.000100009109430752,0.0499143613172878,0.000100001146555217,0.0011465552168799,0.0499287172371098,0.142565525780469,PASS,0,40
pwm,5,27,9.99631226420249e-05,0.0498595165133761,0.00010000155601274,0.00155601274032247,0.0499361357231479,0.127728553704154,PASS,0,40
pwm,5,28,0.000100012362898815,0.0498781432732493,0.000100001383567932,0.00138356793244476,0.0499304078344401,0.139184331119813,PASS,0,40
pwm,5,29,9.99946506482114e-05,0.0498796950661223,0.000100001697851032,0.00169785103190101,0.0499117424611984,0.176515077603157,PASS,0,40
pwm,5,30,9.99804356905814e-05,0.0498878011328378,0.000100001534094626,0.00153409462630982,0.049933107143186,0.133785713627943,PASS,0,40
pwm,5,31,9.99551649201605e-05,0.0498291488827201,0.000100001535696902,0.00153569690226618,0.0499096411772282,0.180717645543671,PASS,0,40
pwm,5,32,9.99593744213124e-05,0.049837745894778,0.000100001804168493,0.00180416849273612,0.0499194308126364,0.161138374727188,PASS,0,40
pwm,5,33,9.99663126430531e-05,0.0498598920281806,0.000100001548354139,0.00154835413943566,0.0499343990362081,0.131201927583768,PASS,0,40
pwm,5,34,9.99932334243784e-05,0.0499018180128802,0.00010000146619838,0.00146619838006234,0.0499272048878454,0.145590224309256,PASS,0,40
pwm,5,35,0.000100010540708915,0.0499044391211232,0.000100001171452166,0.00117145216569359,0.049930391546112,0.139216907776019,PASS,0,40
pwm,5,36,0.000100002036809907,0.0498982948666112,0.000100001211438599,0.00121143859930228,0.0499521292042078,0.0957415915844306,PASS,0,40
pwm,5,37,9.9997843151557e-05,0.0499113058894979,0.000100001413517319,0.00141351731923756,0.0499515757558733,0.0968484882534759,PASS,0,40
pwm,5,38,9.99884743434883e-05,0.0498900644639241,0.000100000931465339,0.000931465338704918,0.0499050270284905,0.18994594301891,PASS,0,40
pwm,5,39,9.99605431423826e-05,0.0498496733598773,0.000100001242016,0.00124201600044671,0.0499206333488876,0.158733302224767,PASS,0,40
pwm,5,40,9.99645736514077e-05,0.0498618134540703,0.000100001492586836,0.00149258683610487,0.0499450858805326,0.109828238934895,PASS,0,40
pwm,5,41,9.99614499875652e-05,0.0498531338626617,0.000100001250215485,0.00125021548518234,0.0499121099530356,0.175780093928812,PASS,0,40
pwm,5,42,9.99640523611987e-05,0.0498630641189395,0.000100001407535442,0.00140753544155547,0.0499275431422106,0.144913715578832,PASS,0,40
pwm,5,43,9.99577643845035e-05,0.0498390692853165,0.000100001185576982,0.00118557698183253,0.0499124894584778,0.175021083044413,PASS,0,40
pwm,5,44,9.99977269150588e-05,0.049876924757622,0.000100001582626249,0.00158262624920802,0.0498941786327013,0.211642734597339,PASS,0,40
pwm,5,45,0.000100007042103363,0.0498886459283323,0.000100001325210818,0.00132521081843695,0.0499066767709762,0.186646458047679,PASS,0,40
pwm,5,46,0.000100002162602398,0.0498990272500533,0.000100001617644224,0.00161764422379473,0.0499166053793153,0.166789241369358,PASS,0,40
pwm,5,47,9.99786762438655e-05,0.0498914894506016,0.000100001727379455,0.00172737945458579,0.049937850630086,0.124298739828022,PASS,0,40
pwm,5,48,9.9957960101029e-05,0.0498398161824373,0.00010000154801441,0.00154801441036856,0.0498997489700353,0.200502059929497,PASS,0,40
pwm,5,49,9.99587724564095e-05,0.0498429162772017,0.000100001321221821,0.00132122182054939,0.0499212191620305,0.157561675939055,PASS,0,40
pwm,5,50,9.9963958217589e-05,0.0498627048904636,0.000100001824310722,0.00182431072235367,0.0499208014432729,0.158397113454167,PASS,0,40
pwm,10,1,9.99965924626674e-05,0.0499079001026034,0.000100001336218306,0.00133621830555875,0.0499291020004712,0.141795999057581,PASS,0,40
pwm,10,2,9.99811543237591e-05,0.0498907415302566,0.000100001768146575,0.00176814657459889,0.0498983938942576,0.203212211484727,PASS,0,40
pwm,10,3,0.000100006116634086,0.0498936936746745,0.000100001252479063,0.00125247906332948,0.0499039733952446,0.192053209510867,PASS,0,40
pwm,10,4,9.99822701225628e-05,0.0498965216697476,0.00010000150564421,0.00150564421022015,0.0499303876513452,0.139224697309615,PASS,0,40
pwm,10,5,0.000100004326738174,0.0498980408513427,0.000100001273617267,0.00127361726676156,0.0499175430132557,0.164913973488656,PASS,0,40
pwm,10,6,9.99859237315452e-05,0.0498662594155911,0.000100001679476429,0.00167947642879529,0.0499343251637919,0.131349672416281,PASS,0,40
pwm,10,7,0.000100013914825774,0.0499059167088829,0.00010000156748129,0.00156748129021,0.049918785961842,0.16242807631599,PASS,0,40
pwm,10,8,9.99896040856539e-05,0.0499096517560477,0.000100001408378927,0.00140837892725898,0.0499300969565482,0.139806086903671,PASS,0,40
pwm,10,9,9.995522881141e-05,0.0498293927187231,0.000100001519454116,0.00151945411617227,0.0499241657524556,0.151668495088786,PASS,0,40
pwm,10,10,9.9993421983649e-05,0.0499136113342001,0.000100001190928455,0.00119092845469737,0.0499464048152988,0.107190369402455,PASS,0,40
pwm,10,11,9.99779220975806e-05,0.0499017175205105,0.000100001744095363,0.0017440953625103,0.04993271515617,0.13456968766008,PASS,0,40
pwm,10,12,9.99761946517664e-05,0.0498824236726869,0.000100001670365595,0.00167036559499678,0.0499456583103954,0.108683379209107,PASS,0,40
pwm,10,13,9.99931126838744e-05,0.0498838236491554,0.00010000167798512,0.00167798511987449,0.0499234617683568,0.153076463286494,PASS,0,40
pwm,10,14,9.9957574382743e-05,0.0498383441941921,0.000100001928257629,0.0019282576289914,0.0499213799484868,0.157240103026379,PASS,0,40
pwm,10,15,9.99914838753895e-05,0.0498932014939214,0.000100001506505945,0.00150650594452628,0.0499126217333131,0.174756533373777,PASS,0,40
pwm,10,16,9.99596995931109e-05,0.0498485138730107,0.00010000154465438,0.00154465438040319,0.0499227597181676,0.154480563664738,PASS,0,40
pwm,10,17,0.000100003202911204,0.0499115602426114,0.000100001328837957,0.00132883795698202,0.0499401103562304,0.119779287539257,PASS,0,40
pwm,10,18,9.99960404883363e-05,0.0499097461216709,0.000100001233439538,0.00123343953848387,0.0499250907051593,0.149818589681316,PASS,0,40
pwm,10,19,0.00010000991286651,0.0498934447936251,0.00010000147048601,0.00147048601013555,0.0499085829302125,0.182834139574928,PASS,0,40
pwm,10,20,9.99971973201228e-05,0.0499084842475173,0.000100001323512526,0.00132351252619678,0.0499298900850852,0.140219829829702,PASS,0,40
pwm,10,21,9.99916917977815e-05,0.0499104507480012,0.000100001294581376,0.00129458137598792,0.049930615076494,0.138769847012021,PASS,0,40
pwm,10,22,9.99792159191473e-05,0.049894104699186,0.000100001305832246,0.0013058322463344,0.0499088343627716,0.182331274456726,PASS,0,40
pwm,10,23,9.99489785508243e-05,0.0498081460085586,0.000100001766896971,0.00176689697126697,0.0499078009442361,0.184398111527817,PASS,0,40
pwm,10,24,9.99789245448514e-05,0.0498421671145198,0.000100002104379028,0.00210437902787852,0.0498942701901885,0.211459619623011,PASS,0,40
pwm,10,25,9.99863854693293e-05,0.0498875823732045,0.00010000144516019,0.00144516018951713,0.0499297723534304,0.140455293139286,PASS,0,40
pwm,10,26,0.000100004062436915,0.049923768284562,0.000100001010703586,0.00101070358580202,0.0499328407446957,0.134318510608544,PASS,0,40
pwm,10,27,9.99711357411869e-05,0.0498900905853879,0.00010000135674801,0.00135674800965102,0.0499393335496328,0.121332900734461,PASS,0,40
pwm,10,28,0.00010001056902234,0.0499068286157326,0.000100001398117593,0.0013981175929878,0.0499253774667356,0.149245066528747,PASS,0,40
pwm,10,29,9.99782983425522e-05,0.0498748859056772,0.000100001748563923,0.00174856392269884,0.0499104648151246,0.1790703697507,PASS,0,40
pwm,10,30,9.99467324674936e-05,0.0497996877496948,0.000100001651156494,0.00165115649377601,0.0499265449327578,0.146910134484313,PASS,0,40
pwm,10,31,9.99552192878299e-05,0.0498293563727374,0.000100001648622567,0.00164862256670784,0.0499187655791472,0.16246884170561,PASS,0,40
pwm,10,32,9.99636385760421e-05,0.0498467828925017,0.00010000154972679,0.00154972678996224,0.0499186686385088,0.162662722982454,PASS,0,40
pwm,10,33,9.99775167073422e-05,0.0498770772677249,0.000100001553003707,0.00155300370727751,0.0499361512061654,0.127697587669195,PASS,0,40
pwm,10,34,0.000100037737226684,0.05014401978118,0.000100001235851253,0.00123585125286763,0.0499371084870816,0.125783025836779,PASS,0,40
pwm,10,35,0.000100006924797884,0.0499102268604022,0.000100001139650029,0.00113965002870309,0.0499311141636493,0.137771672701403,PASS,0,40
pwm,10,36,9.99892627350271e-05,0.0499228198785706,0.000100001102940887,0.00110294088702112,0.0499446779723078,0.110644055384357,PASS,0,40
pwm,10,37,9.99815336699764e-05,0.049913493047916,0.000100001428992385,0.00142899238519956,0.0499467836115783,0.106432776843479,PASS,0,40
pwm,10,38,9.99628022517823e-05,0.0498601946761481,0.000100001390385808,0.00139038580786455,0.0499005399511961,0.198920097607824,PASS,0,40
pwm,10,39,9.99659761964185e-05,0.0498704048449343,0.000100001323304182,0.00132330418203264,0.0499258865888104,0.148226822379149,PASS,0,40
pwm,10,40,9.99740381587846e-05,0.0498949168092122,0.000100001557117435,0.00155711743474729,0.0499410457422735,0.11790851545298,PASS,0,40
pwm,10,41,9.99677900546888e-05,0.0498773256760862,0.000100001142186588,0.00114218658791021,0.0499259326402377,0.148134719524529,PASS,0,40
pwm,10,42,9.99729954274754e-05,0.0498971855390819,0.000100001336164919,0.00133616491910793,0.0499242542215665,0.151491556867078,PASS,0,40
pwm,10,43,9.9960418327249e-05,0.0498491970629489,0.000100001202952771,0.0012029527711066,0.0499224475394577,0.155104921084548,PASS,0,40
pwm,10,44,9.99813012569422e-05,0.0498867676479365,0.000100001631171519,0.00163117151876779,0.0499017400456704,0.196519908659176,PASS,0,40
pwm,10,45,9.99974670589513e-05,0.0498909762767604,0.000100001335122116,0.00133512211637488,0.0499060155472511,0.187968905497848,PASS,0,40
pwm,10,46,9.9981913561015e-05,0.0499062883658743,0.000100001426336629,0.00142633662922886,0.0499247657805827,0.15046843883455,PASS,0,40
pwm,10,47,9.99931159573442e-05,0.0499121865980508,0.000100001487362971,0.00148736297063135,0.0499313789315137,0.137242136972604,PASS,0,40
pwm,10,48,9.99608097772254e-05,0.0498226673823343,0.000100001689870086,0.00168987008584143,0.0499070617003949,0.1858765992102,PASS,0,40
pwm,10,49,9.99624345711835e-05,0.0498568909426458,0.000100001478750524,0.00147875052416424,0.0499154338035491,0.169132392901783,PASS,0,40
pwm,10,50,9.99728071138987e-05,0.0498964671094317,0.000100001692774993,0.00169277499291187,0.0499182220290112,0.163555941977522,PASS,0,40
pwm,20,1,0.000100043143941109,0.0501646189381644,0.000100000806776414,0.000806776413919685,0.0499219875003717,0.156024999256588,PASS,0,40
pwm,20,2,0.000100007208764799,0.0498684806680318,0.000100001914605068,0.00191460506788754,0.0498960927925754,0.207814414849294,PASS,0,40
pwm,20,3,9.9998019656563e-05,0.0498962027130214,0.00010000123452661,0.00123452661042744,0.0499169940346001,0.166011930799725,PASS,0,40
pwm,20,4,0.000100009441296349,0.0498885579393475,0.000100001513951273,0.00151395127312437,0.0499189221274129,0.162155745174197,PASS,0,40
pwm,20,5,0.000100053581034132,0.0502043771453802,0.000100001038652947,0.00103865294709404,0.0499163224091423,0.167355181715423,PASS,0,40
pwm,20,6,9.99577031940199e-05,0.0497537047590566,0.000100001780175843,0.00178017584311352,0.0499357964765372,0.128407046925572,PASS,0,40
pwm,20,7,0.000100013672826477,0.0498822323361654,0.000100001910891684,0.00191089168355418,0.0499041715214344,0.19165695713127,PASS,0,40
pwm,20,8,9.99650608421329e-05,0.0498686972982992,0.000100001496144727,0.00149614472699788,0.0499157037175431,0.16859256491375,PASS,0,40
pwm,20,9,9.99553470705239e-05,0.0498298440446458,0.000100001432266611,0.00143226661057927,0.0499236716936912,0.152656612617585,PASS,0,40
pwm,20,10,9.9981565042616e-05,0.0498721365462269,0.00010000129628483,0.00129628483012123,0.0499316852217045,0.136629556590984,PASS,0,40
pwm,20,11,9.99958088824118e-05,0.0498680546425011,0.000100002059539816,0.00205953981551321,0.0499352830242595,0.129433951481039,PASS,0,40
pwm,20,12,9.99964853313901e-05,0.0499145554704728,0.000100001135484623,0.00113548462259416,0.0499316447206492,0.136710558701558,PASS,0,40
pwm,20,13,9.99738288968388e-05,0.0497832758619307,0.000100001855936723,0.00185593672317186,0.0499250473190749,0.149905361850289,PASS,0,40
pwm,20,14,9.99600383084382e-05,0.0498440816102672,0.000100002308448536,0.00230844853572609,0.0499131220792395,0.173755841520917,PASS,0,40
pwm,20,15,0.00010002787801194,0.0498583410213831,0.000100001894117258,0.00189411725777244,0.0498731111356144,0.253777728771176,PASS,0,40
pwm,20,16,9.99052890679297e-05,0.0496435527164266,0.000100001968011126,0.00196801112595235,0.0499020656628653,0.195868674269473,PASS,0,40
pwm,20,17,9.99922508868676e-05,0.0499026827090948,0.00010000141986958,0.0014198695799772,0.0499551969764032,0.0896060471936022,PASS,0,40
pwm,20,18,0.000100036996780217,0.0501411985649897,0.000100001009952488,0.00100995248817348,0.0499311538067165,0.137692386567012,PASS,0,40
pwm,20,19,9.99938849944459e-05,0.0498992955537494,0.000100001099029561,0.00109902956126895,0.0499275717799175,0.144856440164942,PASS,0,40
pwm,20,20,0.000100045380245106,0.0501731384297158,0.000100000804525051,0.000804525051023575,0.0499298822863111,0.140235427377744,PASS,0,40
pwm,20,21,9.99692347201464e-05,0.0498844091444637,0.000100001167508978,0.00116750897776186,0.0499156778996651,0.168644200669721,PASS,0,40
pwm,20,22,0.000100003330426249,0.0498993712074167,0.000100001101378512,0.00110137851170311,0.0499203515534079,0.159296893184224,PASS,0,40
pwm,20,23,9.98838671788287e-05,0.0495627964920985,0.000100002087651207,0.00208765120688348,0.0498820957335275,0.235808532944937,PASS,0,40
pwm,20,24,9.99784887541172e-05,0.0497430649373402,0.000100002443726782,0.00244372678206428,0.0498843165364409,0.231366927118182,PASS,0,40
pwm,20,25,0.000100017675773302,0.0498707048753426,0.000100001346415846,0.00134641584572659,0.0499272405128601,0.14551897427979,PASS,0,40
pwm,20,26,0.000100006167752409,0.0501022836685787,0.000100000741846339,0.000741846338914165,0.049949387556714,0.101224886572004,PASS,0,40
pwm,20,27,9.99871649692914e-05,0.0499032453960567,0.000100001011683281,0.00101168328063839,0.0499448055144408,0.110388971118447,PASS,0,40
pwm,20,28,0.000100006981421517,0.049888410516375,0.000100001437482579,0.00143748257870335,0.0499150191782429,0.16996164351426,PASS,0,40
pwm,20,29,9.99424601137153e-05,0.0497835979498988,0.00010000185469733,0.00185469733047228,0.0499026451088819,0.194709782236202,PASS,0,40
pwm,20,30,9.98793797014169e-05,0.0495458752141655,0.000100001895793789,0.00189579378901961,0.049915310454585,0.169379090830102,PASS,0,40
pwm,20,31,9.99553280233269e-05,0.049806747103696,0.000100001929241952,0.00192924195165922,0.049935749650767,0.128500698465928,PASS,0,40
pwm,20,32,9.99721677434426e-05,0.0498438617138418,0.000100001125358463,0.00112535846259476,0.0499146066517482,0.170786696503611,PASS,0,40
pwm,20,33,9.99958643016856e-05,0.0498683094982203,0.000100001576713735,0.00157671373515189,0.0499376456110288,0.124708777942417,PASS,0,40
pwm,20,34,0.000100120471344244,0.0504589868153048,0.000100000767465102,0.00076746510233594,0.0499579012523595,0.0841974952810687,PASS,0,40
pwm,20,35,9.99934200621452e-05,0.0499138273533801,0.000100001088786097,0.00108878609663687,0.049929006956633,0.141986086734058,PASS,0,40
pwm,20,36,9.99643784067558e-05,0.0498661282628545,0.000100000962711318,0.000962711318019949,0.0499299926608888,0.140014678222322,PASS,0,40
pwm,20,37,9.99489272789365e-05,0.0498079529340762,0.000100001459528899,0.00145952889867296,0.0499416340113122,0.116731977375628,PASS,0,40
pwm,20,38,9.99114892155888e-05,0.0496669195673459,0.000100002271091247,0.00227109124661951,0.0498942225706623,0.211554858675378,PASS,0,40
pwm,20,39,9.9976843697292e-05,0.0499017816092027,0.000100001487460812,0.00148746081163331,0.049934154133005,0.131691733989936,PASS,0,40
pwm,20,40,9.99929714003332e-05,0.0498808801862906,0.00010000170667654,0.00170667654033618,0.0499274365297461,0.1451269405078,PASS,0,40
pwm,20,41,9.99804720856219e-05,0.0501285880894773,0.000100000931556533,0.000931556532890454,0.049953597807517,0.0928043849659055,PASS,0,40
pwm,20,42,9.99908853338689e-05,0.0498902007839953,0.000100001220185405,0.00122018540547053,0.0499170325322396,0.165934935520906,PASS,0,40
pwm,20,43,9.99657265450866e-05,0.0498694522730554,0.000100001246742828,0.00124674282750981,0.0499387912981719,0.122417403656272,PASS,0,40
pwm,20,44,9.99484626925715e-05,0.0498062034327659,0.000100001715023555,0.00171502355492681,0.0499110809513755,0.177838097249028,PASS,0,40
pwm,20,45,9.99857027201926e-05,0.0498781008457055,0.000100001334764499,0.0013347644988615,0.0498909232928437,0.218153414312694,PASS,0,40
pwm,20,46,9.994968667288e-05,0.0498108125626182,0.000100001047040626,0.00104704062580119,0.0499371499942095,0.125700011580976,PASS,0,40
pwm,20,47,0.000100049425751735,0.0501885493468369,0.000100001064892859,0.00106489285913725,0.049915488164271,0.169023671458102,PASS,0,40
pwm,20,48,9.99665095128015e-05,0.0497040386510516,0.000100002071632684,0.00207163268384214,0.0499217385822806,0.156522835438777,PASS,0,40
pwm,20,49,9.99697594335404e-05,0.0498654221576718,0.000100001809299166,0.00180929916644423,0.0499009987677325,0.198002464534963,PASS,0,40
pwm,20,50,9.99905086013167e-05,0.0498893923560828,0.000100001500052795,0.00150005279482279,0.049917437336346,0.165125327307991,PASS,0,40
pwm,50,1,0.000100175422796285,0.0506678982974827,9.99991642505232e-05,0.000835749476857384,0.04991136125101,0.177277497979988,PASS,0,40
pwm,50,2,0.000100085436171995,0.0503256722218913,0.000100002363109195,0.00236310919463634,0.0498844799889143,0.231040022171303,PASS,0,40
pwm,50,3,9.9973966049656e-05,0.0502040448759621,0.000100001193389869,0.0011933898690808,0.0499566923381301,0.0866153237398248,PASS,0,40
pwm,50,4,0.000100091024514215,0.050528025935264,0.000100001521700951,0.00152170095124582,0.0498968892403028,0.206221519394367,PASS,0,40
pwm,50,5,0.000100201573025157,0.0507672343683429,0.000100000359965045,0.000359965044527399,0.0499448708049992,0.110258390001561,PASS,0,40
pwm,50,6,9.98731168394956e-05,0.0494160666501422,0.000100002074923869,0.0020749238685891,0.0499368582880413,0.126283423917306,PASS,0,40
pwm,50,7,9.99748350878347e-05,0.0496996497571867,0.000100003038008092,0.00303800809198229,0.0498550557782606,0.289888443478759,PASS,0,40
pwm,50,8,9.9891488037636e-05,0.0495915295701529,0.00010000167926954,0.00167926954022235,0.0498606092182023,0.278781563595476,PASS,0,40
pwm,50,9,9.99557018491526e-05,0.0498263880152035,0.000100001177170957,0.00117717095726722,0.0499334949329747,0.133010134050549,PASS,0,40
pwm,50,10,9.99327087374617e-05,0.0496835957185209,0.000100001623995986,0.00162399598613305,0.0498958038032912,0.208392393417633,PASS,0,40
pwm,50,11,0.000100069250176983,0.0497269936133825,0.000100002951811857,0.00295181185698823,0.0499367245591003,0.126550881799403,PASS,0,40
pwm,50,12,0.000100060601009885,0.0502311138005521,9.99995912157026e-05,0.000408784297378784,0.0498882014005664,0.223597198867209,PASS,0,40
pwm,50,13,9.99133850283264e-05,0.0494614224083964,0.000100002370407557,0.0023704075567732,0.049934727745768,0.130544508464103,PASS,0,40
pwm,50,14,9.99674306584278e-05,0.04969632328362,0.000100003439816863,0.00343981686292683,0.0498768975789189,0.246204842162245,PASS,0,40
pwm,50,15,0.000100137185481807,0.0505225539905818,0.00010000298131251,0.00298131250966449,0.0497686078159731,0.462784368053848,PASS,0,40
pwm,50,16,9.97423371407565e-05,0.049028384982404,0.000100003243813207,0.00324381320662148,0.0498472579211299,0.305484157740288,PASS,0,40
pwm,50,17,9.99594061516204e-05,0.0497314432760774,0.000100001681290234,0.0016812902344121,0.0499955628649743,0.00887427005136221,PASS,0,40
pwm,50,18,0.000100160024046044,0.0506093792729789,0.000100000352894069,0.00035289406872252,0.0499390843271698,0.121831345660417,PASS,0,40
pwm,50,19,0.000100008664754942,0.050244017741025,9.99999301291235e-05,6.9870876484579e-05,0.0499657872824807,0.0684254350385549,PASS,0,40
pwm,50,20,0.000100181025333134,0.0506891848471523,9.99992052859487e-05,0.000794714051266521,0.0499321038045636,0.135792390872713,PASS,0,40
pwm,50,21,9.9901911148787e-05,0.0496308209389143,0.000100000740027854,0.000740027853907144,0.0498673466487763,0.265306702447365,PASS,0,40
pwm,50,22,0.000100075728842273,0.0503231930643518,0.000100000468327961,0.000468327961433701,0.0499460062952639,0.107987409472177,PASS,0,40
pwm,50,23,9.9688933457509e-05,0.048826340595456,0.000100003050237416,0.00305023741562493,0.0498186199169033,0.362760166193477,PASS,0,40
pwm,50,24,0.000100074269772369,0.0494459795447798,0.000100003509297016,0.00350929701573577,0.0498630341735226,0.273931652954718,PASS,0,40
pwm,50,25,0.00010011163912129,0.0504253875506168,0.000100001052949522,0.00105294952197355,0.0499087270070192,0.182545985961613,PASS,0,40
pwm,50,26,9.99637009309329e-05,0.0504289947905528,9.99998884379191e-05,0.000111562080862271,0.0499946171257156,0.0107657485687196,PASS,0,40
pwm,50,27,0.000100035276905432,0.0503199278823686,9.99999274227201e-05,7.25772798970681e-05,0.0499571183557619,0.0857632884762483,PASS,0,40
pwm,50,28,9.99936873212953e-05,0.0497306573123841,0.000100001540264539,0.00154026453920153,0.049885280740342,0.229438519315939,PASS,0,40
pwm,50,29,9.9835066784117e-05,0.0493786993944534,0.000100002183358336,0.00218335833606087,0.0498774251149818,0.245149770036479,PASS,0,40
pwm,50,30,9.96777498238342e-05,0.0487840016705141,0.000100002642880344,0.00264288034406146,0.0498787746370865,0.242450725826981,PASS,0,40
pwm,50,31,9.9955654230915e-05,0.0495537827931759,0.000100002754730536,0.0027547305361475,0.0499943767721938,0.0112464556123459,PASS,0,40
pwm,50,32,9.9988589851527e-05,0.0497533468064805,9.99998168451776e-05,0.000183154822408493,0.0499059116599336,0.188176680132834,PASS,0,40
pwm,50,33,0.000100067220339761,0.0502563210981464,0.000100001633000437,0.00163300043689585,0.049962069707873,0.0758605842540616,PASS,0,40
pwm,50,34,0.000100369320448446,0.0514032203481484,9.99993496700528e-05,0.000650329947182726,0.0500164664884877,0.0329329769754638,PASS,0,40
pwm,50,35,9.99780049246204e-05,0.0497157773441378,0.000100000928510755,0.000928510755482392,0.0499373627325149,0.125274534970132,PASS,0,40
pwm,50,36,9.9889783940932e-05,0.0495851049604637,0.000100000523900604,0.000523900604054717,0.049882677338278,0.234645323443994,PASS,0,40
pwm,50,37,9.98512085670581e-05,0.0494396133963872,0.000100001573642818,0.00157364281780925,0.0499204693795179,0.159061240964209,PASS,0,40
pwm,50,38,9.97577988339205e-05,0.0490868414705098,0.000100005005040501,0.00500504050096051,0.0498720974936335,0.255805012733001,PASS,0,40
pwm,50,39,0.000100020287696759,0.0502590440182675,0.000100001994710289,0.00199471028907716,0.0499613897133992,0.0772205732015974,PASS,0,40
pwm,50,40,0.00010004980496173,0.0497765533599134,0.00010000218238396,0.00218238395952586,0.0498867072173931,0.226585565213888,PASS,0,40
pwm,50,41,0.000100045536135791,0.0505783264736936,0.000100000242219416,0.000242219415813594,0.0500287013946599,0.0574027893197604,PASS,0,40
pwm,50,42,0.000100044585262848,0.0502850225197729,0.000100000811814654,0.000811814654166909,0.0498972928445171,0.20541431096589,PASS,0,40
pwm,50,43,9.99816538577322e-05,0.0498166136541613,0.000100001383237872,0.00138323787168826,0.0499959785691172,0.00804286176554481,PASS,0,40
pwm,50,44,9.9850048896074e-05,0.0494352378201863,0.00010000207562499,0.00207562498992786,0.0499373312084544,0.125337583091201,PASS,0,40
pwm,50,45,9.99430454730406e-05,0.0496307966228272,0.000100001378827507,0.00137882750701479,0.0498424298880021,0.315140223995836,PASS,0,40
pwm,50,46,9.98531041453922e-05,0.0494467654194845,9.99998895344144e-05,0.000110465585623221,0.0499797793366373,0.0404413267253378,PASS,0,40
pwm,50,47,0.000100191161156079,0.0507276893340593,9.99996593922039e-05,0.000340607796078807,0.0498775157199161,0.244968560167813,PASS,0,40
pwm,50,48,9.99463564015615e-05,0.0493482111238596,0.000100003056800993,0.00305680099272898,0.0499679224986992,0.0641550026016957,PASS,0,40
pwm,50,49,9.99917390842087e-05,0.0497469576466003,0.000100002886747245,0.0028867472452232,0.0498553138271196,0.289372345760819,PASS,0,40
pwm,50,50,0.000100043642640301,0.050332561001104,0.00010000087531022,0.000875310219794478,0.0498978942033965,0.204211593206927,PASS,0,40
pwm,100,1,0.000100396499723009,0.0515060658999445,9.99959183939017e-05,0.00408160609834951,0.0499070433401699,0.18591331966028,PASS,0.0067567567567568,40
pwm,100,2,0.000100216029190496,0.0508223443091617,0.000100003128796081,0.00312879608073136,0.0498714565236385,0.257086952722918,PASS,0,40
pwm,100,3,9.99338007169094e-05,0.0505084922151042,9.99987269125334e-05,0.00127308746655785,0.0500244874017458,0.0489748034916193,PASS,0.0135135135135135,40
pwm,100,4,0.000100227229311282,0.0512268390116858,0.000100001514823642,0.00151482364187938,0.0498621755257061,0.275648948587837,PASS,0,40
pwm,100,5,0.000100448992678852,0.0517045401080861,9.99992404356113e-05,0.000759564388719269,0.0499886590094745,0.022681981051087,PASS,0,40
pwm,100,6,9.97323899430845e-05,0.0488534346748777,0.000100002544912753,0.00254491275253343,0.049945610270407,0.108779459185981,PASS,0,40
pwm,100,7,9.99464976256505e-05,0.0493457700077262,0.00010000488680678,0.00488680678030207,0.0497743121638126,0.451375672374821,PASS,0,40
pwm,100,8,9.97690561219657e-05,0.0491293908396767,0.000100001989879034,0.0019898790340811,0.0497548215400352,0.490356919929658,PASS,0,40
pwm,100,9,9.99562931512929e-05,0.0496856334049075,0.000100000726790287,0.00072679028730871,0.0499443234246493,0.111353150701365,PASS,0,40
pwm,100,10,9.98513651084155e-05,0.0493693209179312,0.000100002158477149,0.0021584771492833,0.0498365971039936,0.326805792012896,PASS,0,40
pwm,100,11,0.000100183594879156,0.050698946908305,0.000100004391231207,0.00439123120696827,0.049926024231979,0.14795153604209,PASS,0,40
pwm,100,12,0.000100166266630398,0.0506331047918631,9.99970024788547e-05,0.00299752114530927,0.0498250976219217,0.349804756156602,PASS,0,40
pwm,100,13,9.9812773112354e-05,0.048924906717652,0.000100003209803262,0.00320980326204978,0.0499527665332546,0.0944669334908776,PASS,0,40
pwm,100,14,9.99797531517733e-05,0.0494270543241938,0.000100006534591432,0.00653459143220569,0.0498168290584585,0.366341883083088,PASS,0.0067567567567568,40
pwm,100,15,0.000100319782537024,0.0512156270436949,0.000100004822125661,0.00482212566139673,0.0495771160670844,0.845767865831204,PASS,0,40
pwm,100,16,9.94716791857712e-05,0.0480021569474096,0.000100005361740545,0.00536174054464045,0.0497551020730313,0.489795853937458,PASS,0,40
pwm,100,17,9.99047026895493e-05,0.0494092002543909,0.000100002096808101,0.00209680810088209,0.0500649175949817,0.129835189963301,PASS,0,40
pwm,100,18,0.000100365598983786,0.0513891341030177,9.99992661730241e-05,0.000733826975896079,0.0499579890181942,0.0840219636116801,PASS,0,40
pwm,100,19,9.99717299980651e-05,0.0506036292875699,9.99979092548225e-05,0.00209074517750762,0.0500427003417531,0.0854006835061982,PASS,0,40
pwm,100,20,0.000100407744218002,0.0515487975078785,9.99965216556258e-05,0.00347834437420813,0.0499362127753121,0.127574449375745,PASS,0,40
pwm,100,21,9.97898638165911e-05,0.050805240880546,0.000100000007990026,7.99002612961175e-06,0.0497877352832345,0.42452943353094,PASS,0,40
pwm,100,22,0.000100196576162759,0.0508174043891054,9.99993534634736e-05,0.000646536526405228,0.0499979551314665,0.00408973706705895,PASS,0,40
pwm,100,23,9.93653724560139e-05,0.0475975546796391,0.00010000464853166,0.00464853165980106,0.049710663689216,0.578672621568088,PASS,0,40
pwm,100,24,0.000100193652512957,0.0489516006186405,0.000100005254617106,0.00525461710629838,0.0498240030623219,0.351993875356216,PASS,0,40
pwm,100,25,0.000100268553502217,0.0510214347243263,0.00010000050614628,0.000506146279777298,0.0498701727496394,0.259654500721151,PASS,0,40
pwm,100,26,9.99132851331324e-05,0.0509736203998698,9.99984255248217e-05,0.001574475178312,0.0500780496613858,0.156099322771497,PASS,0,40
pwm,100,27,0.000100115544396524,0.0507734324132755,9.99981161546857e-05,0.00188384531430996,0.0499815260199081,0.0369479601838196,PASS,0,40
pwm,100,28,9.99782879142843e-05,0.0494527070258054,0.000100001665119727,0.00166511972747863,0.0498355266261237,0.328946747752568,PASS,0,40
pwm,100,29,9.96564814026293e-05,0.0487034576051885,0.000100002752014966,0.00275201496624522,0.0498442322560005,0.311535487999082,PASS,0,40
pwm,100,30,9.93431213294785e-05,0.0475127575394643,0.00010000492762866,0.00492762865949015,0.0498122094278485,0.37558114430305,PASS,0.0067567567567568,40
pwm,100,31,9.99407213104243e-05,0.0491284597001068,0.000100004054824535,0.00405482453473827,0.0500859715005722,0.17194300114447,PASS,0,40
pwm,100,32,0.000100040442290445,0.0505763202543379,9.99976093194138e-05,0.00239068058616176,0.0498850898639081,0.229820272183878,PASS,0,40
pwm,100,33,0.000100179527972321,0.0506834959351348,0.000100001705352971,0.00170535297143726,0.049982972432188,0.0340551356240448,PASS,0,40
pwm,100,34,0.000100786237421696,0.0529747210063773,9.99963660852641e-05,0.00363391473585661,0.0501178988203906,0.235797640781188,PASS,0.0067567567567568,40
pwm,100,35,9.99418736106391e-05,0.0493779322508442,0.000100000610745992,0.000610745992468686,0.04994610473227,0.107790535460073,PASS,0,40
pwm,100,36,9.97656545522515e-05,0.0491165348793171,9.99997943876332e-05,0.000205612366788177,0.0498152469273351,0.369506145329845,PASS,0,40
pwm,100,37,9.96886781483774e-05,0.0488253741538248,0.000100001756876244,0.00175687624393017,0.0498821910545951,0.235617890809781,PASS,0,40
pwm,100,38,9.95024742915731e-05,0.0481192012933703,0.000100009521519931,0.00952151993145467,0.0498400631153332,0.319873769333523,PASS,0,40
pwm,100,39,0.000100063850612618,0.0506892408267365,0.000100002827096787,0.00282709678658399,0.0499939722682613,0.0120554634774339,PASS,0,40
pwm,100,40,0.000100144640503965,0.0505509000734982,0.000100002944339158,0.00294433915792869,0.0498132208227775,0.373558354445036,PASS,0,40
pwm,100,41,0.000100101998772373,0.0513276638259171,9.9999115079337e-05,0.00088492066296908,0.0501558291029004,0.311658205800835,PASS,0,40
pwm,100,42,0.00010013418597098,0.0507411209177889,0.000100000134628088,0.000134628087788968,0.0498570079885139,0.285984022972186,PASS,0,40
pwm,100,43,9.99893286450561e-05,0.0503686548898503,0.000100001620696529,0.00162069652920316,0.0500926568203095,0.185313640618889,PASS,0,40
pwm,100,44,9.96863647711375e-05,0.0488166169203119,0.000100002523310467,0.00252331046672882,0.0499692347492072,0.0615305015856271,PASS,0,40
pwm,100,45,9.98720137541341e-05,0.0492078765565579,0.000100001422847426,0.001422847425947,0.0497691281794349,0.461743641130119,PASS,0,40
pwm,100,46,9.96924596461199e-05,0.0488396880467842,9.99979189590487e-05,0.00208104095135164,0.050054089539406,0.108179078812021,PASS,0,40
pwm,100,47,0.000100428089705107,0.051625531484782,9.99973541498108e-05,0.00264585018925345,0.0498021474324242,0.395705135151581,PASS,0,40
pwm,100,48,9.9896099690716e-05,0.0487553778172127,0.000100004746475604,0.00474647560353425,0.0500432061052836,0.0864122105672882,PASS,0,40
pwm,100,49,0.000100028388722737,0.0495350411942214,0.000100004594761961,0.00459476196068564,0.0497848890257841,0.430221948431797,PASS,0,40
pwm,100,50,0.000100132298084156,0.0508361665811218,9.99998046638909e-05,0.000195336109098943,0.0498612890275698,0.27742194486049,PASS,0,40
pwm,200,1,0.000100840963538962,0.0531800373988302,9.99862034537384e-05,0.0137965462616463,0.0499435619326141,0.112876134771833,PASS,0.108108108108108,40
pwm,200,2,0.000100478020709461,0.0518148713638166,9.99984002042316e-05,0.0015997957684255,0.0498704560384577,0.259087923084667,PASS,0.0540540540540541,40
pwm,200,3,9.98535462859403e-05,0.0490438703498266,9.99543116104155e-05,0.0456883895845417,0.0500659447814733,0.131889562946652,PASS,0.081081081081081,40
pwm,200,4,0.000100500515138041,0.0526229445744844,9.99752438362684e-05,0.0247561637316207,0.0497221174164962,0.555765167007582,PASS,0.0743243243243243,40
pwm,200,5,0.00010094672582733,0.053576195756086,9.99933154070121e-05,0.00668459298792667,0.0498866298239743,0.226740352051391,PASS,0.027027027027027,40
pwm,200,6,9.94518712764303e-05,0.0479268338276651,9.9982852672344e-05,0.017147327656053,0.0499417300835102,0.116539832979512,PASS,0.0337837837837838,40
pwm,200,7,9.98898766047139e-05,0.0486380820179341,0.000100007368972372,0.00736897237223477,0.0500131874766903,0.0263749533806035,PASS,0.0743243243243243,40
pwm,200,8,9.95249001806094e-05,0.048204390800622,9.99762420306826e-05,0.0237579693173617,0.0495425072486595,0.914985502681098,PASS,0.0337837837837838,40
pwm,200,9,0.000100045001622507,0.0493803269351461,9.9998894683472e-05,0.00110531652799395,0.0499718779155716,0.0562441688568005,PASS,0.0472972972972973,40
pwm,200,10,9.96889904291521e-05,0.0487406258897499,0.000100010599438618,0.0105994386182084,0.0495203465335333,0.95930693293339,PASS,0.0743243243243243,40
pwm,200,11,0.000100412901722197,0.0515681036307758,0.00010000109185128,0.00109185127983302,0.0498838033673059,0.232393265388209,PASS,0.0675675675675675,40
pwm,200,12,0.000100378125101619,0.0514365429878238,9.99916342799544e-05,0.0083657200456333,0.0497012827440189,0.59743451196228,PASS,0.0405405405405406,40
pwm,200,13,9.9612027412113e-05,0.0478515603607099,0.000100004627842084,0.0046278420844148,0.0500829371534747,0.165874306949321,PASS,0.081081081081081,40
pwm,200,14,0.00010003906938121,0.0492739899588364,0.000100002290296553,0.00229029655305357,0.0496410985509955,0.717802898008979,PASS,0.0675675675675675,40
pwm,200,15,0.000100686551997215,0.0526001568904841,9.9982810654279e-05,0.0171893457210137,0.0493430917130034,1.31381657399315,PASS,0.0405405405405406,40
pwm,200,16,9.8933818922816e-05,0.0459461370878283,0.000100007772628695,0.00777262869506856,0.0495786926113705,0.842614777259076,PASS,0.027027027027027,40
pwm,200,17,9.97954371592337e-05,0.0487644013479349,9.99755882444928e-05,0.0244117555072365,0.0500895377795502,0.179075559100461,PASS,0.0472972972972973,40
pwm,200,18,0.000100778745990404,0.0529465979948064,9.99447127907158e-05,0.0552872092842271,0.0500773806320385,0.154761264076919,PASS,0.0540540540540541,40
pwm,200,19,9.99293315231277e-05,0.051323114990064,9.99654614413299e-05,0.0345385586701386,0.0502765733737624,0.553146747524824,PASS,0.0743243243243243,40
pwm,200,20,0.000100863611462385,0.0532659340093851,9.99787414824073e-05,0.0212585175926705,0.0498136891783358,0.372621643328419,PASS,0.108108108108108,40
pwm,200,21,9.95663620964687e-05,0.0483617916400685,0.000100015200917046,0.015200917045588,0.0494958571109048,1.00828577819033,PASS,0.108108108108108,40
pwm,200,22,0.000100438960499383,0.0518050090638573,9.99972684555741e-05,0.00273154442594903,0.0503340407619114,0.66808152382285,PASS,0.0472972972972973,40
pwm,200,23,9.87231870361278e-05,0.045134873011029,0.000100015845650418,0.0158456504182558,0.0495899808933831,0.820038213233865,PASS,0.101351351351351,40
pwm,200,24,0.000100433091066299,0.051807488147206,9.99988859965246e-05,0.0011140034753665,0.0498857702210426,0.228459557914751,PASS,0.0743243243243243,40
pwm,200,25,0.000100583545396571,0.0522123336294568,9.9994223556329e-05,0.00577644367104613,0.0496674688415963,0.665062316807508,PASS,0.0675675675675675,40
pwm,200,26,9.98125736389814e-05,0.0512461676892532,9.99453881503557e-05,0.0546118496442594,0.0500713569822972,0.142713964594421,PASS,0.027027027027027,40
pwm,200,27,0.000100276383556641,0.0516803167183657,9.99934346846044e-05,0.00656531539557914,0.0499542850976289,0.0914298047421491,PASS,0.0540540540540541,40
pwm,200,28,9.99424392689546e-05,0.0486843091206053,9.99877867810891e-05,0.0122132189108837,0.0497299180006327,0.540163998734533,PASS,0.081081081081081,40
pwm,200,29,9.93008161467074e-05,0.0473514312946889,9.9966706943823e-05,0.0332930561769973,0.0499805726159038,0.0388547681924201,PASS,0.0540540540540541,40
pwm,200,30,9.86791439729284e-05,0.0449648001395047,9.9982454481398e-05,0.0175455186020357,0.0499517228725146,0.0965542549708931,PASS,0.081081081081081,40
pwm,200,31,9.9884827890074e-05,0.0482775710392635,9.99942313614503e-05,0.00576863854968579,0.0502781743928776,0.556348785755301,PASS,0.0608108108108109,40
pwm,200,32,0.000100125888624386,0.0512938862296053,9.99719757988946e-05,0.0280242011054033,0.0496935541797879,0.612891640424296,PASS,0.027027027027027,40
pwm,200,33,0.000100404738863247,0.0515372315593124,9.9985639404914e-05,0.0143605950860493,0.0499028777166928,0.194244566614454,PASS,0.0405405405405406,40
pwm,200,34,0.00023475284198441,0.0267913021685986,0.00015,50,0.0503406768922793,0.681353784558625,FAIL,0.0743243243243243,40
pwm,200,35,9.98696726748331e-05,0.0487020203644159,9.99472537119082e-05,0.0527462880917651,0.0498536960449177,0.292607910164611,PASS,0.0472972972972973,40
pwm,200,36,9.95181234207878e-05,0.0481786518857555,9.99789173224389e-05,0.021082677561135,0.0497115405087609,0.576918982478147,PASS,0.0472972972972973,40
pwm,200,37,9.93648644454746e-05,0.0475956191185559,9.99758310515673e-05,0.0241689484327456,0.0499077069404955,0.184586119009078,PASS,0.0608108108108109,40
pwm,200,38,9.8994900760622e-05,0.0461807525149075,9.99856726645088e-05,0.0143273354912044,0.0500522958616324,0.104591723264713,PASS,0.0675675675675675,40
pwm,200,39,0.000100172776798481,0.0515492096175016,9.9998105725938e-05,0.00189427406204201,0.0502464445012416,0.492889002483121,PASS,0.0608108108108109,40
pwm,200,40,0.000100334736246177,0.0512722742166993,0.0001000018882586,0.00188825860021336,0.0494936589574994,1.01268208500123,PASS,0.0743243243243243,40
pwm,200,41,0.000100215043220652,0.0528254069503156,9.99826287058962e-05,0.0173712941037629,0.0504993087137391,0.998617427478155,PASS,0.081081081081081,40
pwm,200,42,0.000100313766442245,0.0516526697474289,9.99869655095989e-05,0.0130344904011426,0.0499145421835009,0.170915632998203,PASS,0.0743243243243243,40
pwm,200,43,0.000100061350299446,0.0507977485466161,0.000100000956873184,0.000956873183755036,0.0500707600089151,0.141520017830232,PASS,0.0472972972972973,40
pwm,200,44,9.93602614127849e-05,0.0475780802910184,9.996121323039e-05,0.0387867696100108,0.0502595670381495,0.519134076299022,PASS,0.0743243243243243,40
pwm,200,45,9.97301886861884e-05,0.0483615299366071,9.99830316478818e-05,0.0169683521181963,0.0497219226380433,0.556154723913449,PASS,0.0540540540540541,40
pwm,200,46,9.93723890252187e-05,0.0476242863493025,9.99990120002958e-05,0.00098799970418284,0.0500564547440519,0.112909488103874,PASS,0.0540540540540541,40
pwm,200,47,0.000100904600222845,0.0534185035788022,9.995229438047e-05,0.0477056195300141,0.0495452444121319,0.909511175736188,PASS,0.0202702702702703,40
pwm,200,48,0.000100069192190157,0.0489788901588278,9.99996278563377e-05,0.00037214366235272,0.0503869675742526,0.773935148505167,PASS,0.081081081081081,40
pwm,200,49,0.00010010175139299,0.0493829935670899,0.000100005298329345,0.00529832934499375,0.0499015464411989,0.196907117602296,PASS,0.0675675675675675,40
pwm,200,50,0.000100309980068517,0.0518426322837689,9.9995632473538e-05,0.00436752646204575,0.0498330795181909,0.333840963618282,PASS,0.0540540540540541,40
pwm,500,1,0.00021880100233309,0.0278982809206457,0.00015,50,0.0497906956144166,0.418608771166729,FAIL,0.297297297297297,40
pwm,500,2,0.000101270498859306,0.0547858202831309,9.99482326607217e-05,0.0517673392782747,0.0512440890143979,2.48817802879573,PASS,0.324324324324324,40
pwm,500,3,9.87992494682537e-05,0.0466822758753747,9.99570467550214e-05,0.0429532449786274,0.0479020659533044,4.19586809339119,PASS,0.385135135135135,40
pwm,500,4,0.000101327450277098,0.0549954448412876,9.98430952397513e-05,0.156904760248711,0.0504862422805121,0.972484561024167,PASS,0.331081081081081,40
pwm,500,5,0.000211598545422068,0.0191320155430377,0.00015,50,0.0477006917927378,4.59861641452437,FAIL,0.263513513513513,40
pwm,500,6,9.86580579705573e-05,0.0439319696705438,0.000100446432066043,0.446432066042757,0.0469736122347663,6.0527755304675,FAIL,0.385135135135135,40
pwm,500,7,9.97969828797126e-05,0.052421829951453,9.98410695094146e-05,0.158930490585363,0.0504431580105585,0.886316021116906,PASS,0.317567567567568,40
pwm,500,8,0.000103978197634173,0.0453489905926919,0.000100125854796747,0.125854796747027,0.0483170622716431,3.36587545671371,PASS,0.290540540540541,40
pwm,500,9,9.97049681229867e-05,0.0515593481785624,9.97269181729554e-05,0.273081827044597,0.0504326425806628,0.865285161325491,PASS,0.317567567567568,40
pwm,500,10,9.9204352721759e-05,0.0464938695145402,0.000100052300679834,0.0523006798338832,0.0469352345116534,6.12953097669318,FAIL,0.304054054054054,40
pwm,500,11,0.000101105801818983,0.0541704927470533,0.000100006548775289,0.0065487752886062,0.0502838694918315,0.567738983662913,PASS,0.331081081081081,40
pwm,500,12,0.000101017949950718,0.0538425156025807,9.99586460779525e-05,0.0413539220475045,0.0505094540821782,1.01890816435632,PASS,0.324324324324324,40
pwm,500,13,9.90135883374133e-05,0.0461592365529306,9.99497030630822e-05,0.0502969369178152,0.0492859891338932,1.42802173221367,PASS,0.304054054054054,40
pwm,500,14,9.97217767797512e-05,0.0515469459355652,9.97466876302869e-05,0.253312369713077,0.049209478152221,1.58104369555805,PASS,0.324324324324324,40
pwm,500,15,0.000229841394865944,0.0271157605821278,0.00015,50,0.0495071310485827,0.985737902834694,FAIL,0.304054054054054,40
pwm,500,16,9.73731122690319e-05,0.0399894412928807,0.000100200387471522,0.200387471521513,0.0458945026999093,8.21099460018132,FAIL,0.5,40
pwm,500,17,9.94687673623064e-05,0.0468275244836595,9.9943723525953e-05,0.0562764740470123,0.0483330195253665,3.33396094926705,PASS,0.304054054054054,40
pwm,500,18,0.00022319134810938,0.0275778305792594,0.00015,50,0.0483832661651661,3.23346766966776,FAIL,0.317567567567568,40
pwm,500,19,9.85561491372795e-05,0.0491949597045238,9.95169555604111e-05,0.483044439588898,0.0501118154334198,0.223630866839608,PASS,0.263513513513513,40
pwm,500,20,0.000217228860354282,0.0280161808672929,0.00015,50,0.0506616582848274,1.32331656965481,FAIL,0.364864864864865,40
pwm,500,21,0.000102275105259685,0.0457594345430713,9.99846033905525e-05,0.0153966094474933,0.0490867315401053,1.82653691978937,PASS,0.27027027027027,40
pwm,500,22,0.000101171678381686,0.0544160558458759,9.96735647474653e-05,0.326435252534696,0.0505950361447677,1.1900722895354,PASS,0.216216216216216,40
pwm,500,23,9.76641323415732e-05,0.0173885058311249,0.000100043280867019,0.0432808670190576,0.0446413885359242,10.7172229281516,FAIL,0.533783783783784,40
pwm,500,24,0.000101156836907661,0.0543607603129727,9.99948767223006e-05,0.00512327769944809,0.05095702043828,1.91404087655995,PASS,0.277027027027027,40
pwm,500,25,0.000237340236500736,0.0266257750713299,0.00015,50,0.049403688578622,1.19262284275596,FAIL,0.331081081081081,40
pwm,500,26,9.80609322174677e-05,0.0480864720351533,9.95643802748336e-05,0.435619725166458,0.0483790741652907,3.24185166941859,PASS,0.304054054054054,40
pwm,500,27,0.000100761348287431,0.0536346128825153,9.98972501924351e-05,0.102749807564939,0.0506805619053793,1.36112381075864,PASS,0.344594594594595,40
pwm,500,28,9.8720672172082e-05,0.0483484879328533,9.93986574387313e-05,0.601342561268703,0.0493901084818422,1.21978303631555,PASS,0.317567567567568,40
pwm,500,29,9.82817413690445e-05,0.0435126491769081,0.000100196780561561,0.196780561561405,0.0490218134243407,1.95637315131852,PASS,0.398648648648649,40
pwm,500,30,0.000100891319673969,0.0173528561716247,9.99333646747713e-05,0.06663532522867,0.0508568541714502,1.71370834290039,PASS,0.364864864864865,40
pwm,500,31,9.93303406646412e-05,0.0489509041141719,9.93621893338426e-05,0.637810666157423,0.0500080460055731,0.0160920111462515,PASS,0.25,40
pwm,500,32,0.000100382917505787,0.0530655053952472,9.98427894694851e-05,0.157210530514906,0.0504879518251684,0.975903650336707,PASS,0.324324324324324,40
pwm,500,33,0.000101085174492724,0.054093536017676,9.98858614154195e-05,0.114138584580548,0.0501125344986978,0.225068997395539,PASS,0.351351351351351,40
pwm,500,34,0.000112501460879565,0.00697953972602576,9.97144800649507e-05,0.285519935049339,0.0498577043749474,0.284591250105204,PASS,0.277027027027027,40
pwm,500,35,0.000100355141467101,0.0467850226603517,9.97622354902954e-05,0.237764509704597,0.0489125369267564,2.17492614648711,PASS,0.337837837837838,40
pwm,500,36,9.87813005128006e-05,0.0453590468967814,9.97560631001289e-05,0.2439368998711,0.0486056817117579,2.78863657648425,PASS,0.310810810810811,40
pwm,500,37,9.84411353392249e-05,0.0441239935977598,0.000100585422251241,0.58542225124123,0.0470839910185473,5.83201796290538,FAIL,0.358108108108108,40
pwm,500,38,9.75237888915773e-05,0.040578230419981,0.000100005359648365,0.00535964836454461,0.0444326567078585,11.134686584283,FAIL,0.601351351351351,40
pwm,500,39,9.92517533817444e-05,0.0518997538818604,9.96021651595398e-05,0.397834840460198,0.0492176829428847,1.56463411423066,PASS,0.256756756756757,40
pwm,500,40,0.000100908443560359,0.0534328961126187,9.98959742329427e-05,0.10402576705727,0.049230471589587,1.53905682082597,PASS,0.317567567567568,40
pwm,500,41,0.000100592198228288,0.0469364899828631,9.99990937754489e-05,0.000906224551089352,0.0477192081613871,4.56158367722572,PASS,0.263513513513513,40
pwm,500,42,0.000100855559540405,0.0532347596902874,9.98506273168537e-05,0.149372683146276,0.049562184088101,0.875631823797984,PASS,0.283783783783784,40
pwm,500,43,9.834720685963e-05,0.0482022304607086,9.95665073959295e-05,0.433492604070462,0.0496164152573858,0.767169485228358,PASS,0.297297297297297,40
pwm,500,44,9.84296718195566e-05,0.0440800921491204,9.98163796484142e-05,0.183620351585834,0.0506069302625774,1.21386052515478,PASS,0.27027027027027,40
pwm,500,45,0.000100728946350988,0.0459110959945311,0.00010024675299002,0.246752990020127,0.0485371588646128,2.92568227077444,PASS,0.310810810810811,40
pwm,500,46,0.000101657838658833,0.0441957477409455,0.000100176156148438,0.176156148438111,0.0483753422656362,3.24931546872763,PASS,0.317567567567568,40
pwm,500,47,0.000214423601843319,0.0128731872658588,0.00015,50,0.0504246077952433,0.849215590486541,FAIL,0.317567567567568,40
pwm,500,48,9.90183495283294e-05,0.0477306496771301,9.96892320876979e-05,0.310767912302146,0.0498393680625053,0.32126387498943,PASS,0.283783783783784,40
pwm,500,49,0.000100322347862008,0.0512674636087717,9.98114556420804e-05,0.188544357919584,0.0505075432892393,1.01508657847857,PASS,0.277027027027027,40
pwm,500,50,0.000100846013435292,0.0533151931252964,9.98992124707433e-05,0.100787529256752,0.0508435553597466,1.68711071949319,PASS,0.304054054054054,40
