validation_case,seed,C_true_F,ESR_true_Ohm,C_hat_F,ESR_hat_Ohm,C_abs_error_percent,ESR_abs_error_percent,C_CI95_covered,ESR_CI95_covered,ENOB,effective_edge_CMRR_dB,VREF_noise_uV_rms,clock_jitter_ns_rms,failure_cause
low_CCM,1,0.0001,0.05,0.000100056256548377,0.0493066732317013,0.0562565483773101,1.38665353659732,1,1,13.397344031072,68.0638148905757,10.4367046728419,2.29531988518269,PASS
low_CCM,2,0.0001,0.05,9.99845846513572e-05,0.0504597233110475,0.0154153486428007,0.919446622094922,1,1,13.6572544161856,73.440283715173,9.73051869512932,2.39789283371188,PASS
low_CCM,3,0.0001,0.05,9.94928211272434e-05,0.0511773021281162,0.507178872756586,2.35460425623249,1,1,13.5401038993212,68.7692451414954,5.73666321286661,2.54037939606394,PASS
low_CCM,4,0.0001,0.05,0.000100056009940689,0.0504046599717384,0.0560099406890876,0.809319943476869,1,1,12.8877558180951,70.4580060719219,9.36649887019032,2.26882641742768,PASS
low_CCM,5,0.0001,0.05,9.99731323528055e-05,0.0485666760310313,0.0268676471945183,2.86664793793739,1,1,13.0924195123469,69.7570567337015,6.70593102346432,2.06628227580103,PASS
low_CCM,6,0.0001,0.05,0.00010010269550865,0.0496072670074773,0.102695508649608,0.785465985045336,1,1,13.4358651850843,67.2340555896657,14.3242341733768,1.90915812913034,PASS
low_CCM,7,0.0001,0.05,0.000100260915728934,0.0497146777998974,0.260915728933505,0.570644400205253,1,1,13.3967902371747,72.341883488743,11.6772407355834,1.49947497558881,PASS
low_CCM,8,0.0001,0.05,9.8856974592562e-05,0.0498834643046614,1.14302540743801,0.233071390677159,1,1,13.0431783655279,70.1390317662788,9.64879607774715,1.36205116269287,PASS
low_CCM,9,0.0001,0.05,9.90308507771092e-05,0.0505132430054715,0.969149222890755,1.02648601094296,1,1,13.1735238198458,70.2608907177038,9.38381448447718,1.50279911989813,PASS
low_CCM,10,0.0001,0.05,9.96658057060391e-05,0.0496349648827504,0.334194293960898,0.730070234499128,1,1,14.4315968728779,73.8459185239528,8.72809775995423,2.4725765139003,PASS
low_CCM,11,0.0001,0.05,9.89946958016485e-05,0.0492703781999632,1.00530419835151,1.45924360007361,1,1,12.8562532452621,70.7049575566997,10.6110115329327,1.88566914734741,PASS
low_CCM,12,0.0001,0.05,9.95112639965662e-05,0.0500959462516127,0.488736003433763,0.191892503225474,1,1,13.2947386547702,67.3378054264424,10.7528265298684,1.76173094411577,PASS
low_CCM,13,0.0001,0.05,0.000100050203549588,0.0498403081624318,0.0502035495881831,0.31938367513637,1,1,13.3584430277834,67.3276704267316,12.4315918919222,1.53056708673571,PASS
low_CCM,14,0.0001,0.05,0.000101712370505941,0.0503589878756064,1.7123705059414,0.717975751212699,0,1,13.9578846605919,71.3894968017702,13.5713133351911,1.44175862794234,PASS
low_CCM,15,0.0001,0.05,9.98781764520526e-05,0.0484151172571922,0.121823547947361,3.16976548561554,1,0,13.5352570096441,72.089846245938,10.5149563565995,3.09473995336556,PASS
low_CCM,16,0.0001,0.05,0.000100217763421964,0.0496883434051514,0.217763421963681,0.623313189697147,1,1,14.14791846276,71.1489799450001,9.04380259319875,2.18104364965052,PASS
low_CCM,17,0.0001,0.05,9.95418899603735e-05,0.0496850835135415,0.458110039626501,0.629832972916994,1,1,12.964182203051,68.3163049904567,5.91202041293487,1.51941383408755,PASS
low_CCM,18,0.0001,0.05,0.000100110619566716,0.0497746900504207,0.110619566715529,0.450619899158691,1,1,13.1016881944603,72.036801566316,8.69291891214068,1.54343502949793,PASS
low_CCM,19,0.0001,0.05,0.000100105932735453,0.0487941806237668,0.105932735453137,2.41163875246646,1,1,13.3151944081954,66.9162678554964,15.0634652198869,1.56235506367353,PASS
low_CCM,20,0.0001,0.05,9.87392255364142e-05,0.0494906314871988,1.26077446358584,1.01873702560244,1,1,12.8599132183276,70.5365038599979,9.50480024816261,1.77345928321527,PASS
low_CCM,21,0.0001,0.05,0.000100625876220226,0.0512445251534073,0.62587622022603,2.48905030681451,1,1,12.9401080235988,69.8661518254548,9.27284725239585,2.56396871698456,PASS
low_CCM,22,0.0001,0.05,9.97090773791238e-05,0.0498407799930428,0.290922620876249,0.318440013914331,1,1,13.2813636874565,71.4486243935252,10.2018451048747,2.47245547716485,PASS
low_CCM,23,0.0001,0.05,0.000100092544809976,0.0502083114072038,0.0925448099758046,0.416622814407658,1,1,13.5911870324168,69.9626352464609,11.0082744025473,2.85739855868426,PASS
low_CCM,24,0.0001,0.05,0.000101329936267232,0.0495747629943732,1.32993626723174,0.850474011253669,1,1,13.4563418970441,69.3896831347733,10.6140047679808,1.5402790404198,PASS
low_CCM,25,0.0001,0.05,0.000101018991590822,0.049409647362216,1.01899159082189,1.18070527556806,1,1,13.9025554653102,69.0393233848031,8.48994319779031,1.44396170830841,PASS
low_CCM,26,0.0001,0.05,9.95185159688843e-05,0.0492383309686477,0.481484031115723,1.52333806270459,1,1,14.0297100592397,70.3350938444499,9.0113214491117,2.75087473942805,PASS
low_CCM,27,0.0001,0.05,9.90767189097249e-05,0.0487261766978896,0.923281090275098,2.54764660422087,1,1,13.6202874883742,67.4585957582435,15.7464216066147,1.91694740706574,PASS
low_CCM,28,0.0001,0.05,9.85505468776712e-05,0.0501562994090737,1.44945312232881,0.312598818147422,1,1,13.5988751750548,68.0019000017177,9.48157111372364,1.6812205186538,PASS
low_CCM,29,0.0001,0.05,0.000100028993979593,0.0499744704360984,0.0289939795928006,0.0510591278033018,1,1,13.8028964640665,70.3174489770814,9.38820335296306,1.69906233239622,PASS
low_CCM,30,0.0001,0.05,0.000101242080451047,0.0492430812981023,1.242080451047,1.51383740379539,1,1,13.4354173757085,70.0559675891788,9.98952250073292,1.64407266764804,PASS
low_CCM,31,0.0001,0.05,0.000101458060324465,0.0502240829012862,1.45806032446461,0.448165802572453,1,1,14.1578778335066,71.3388957805056,11.2477197534396,2.5537619987804,PASS
low_CCM,32,0.0001,0.05,9.95521182783052e-05,0.0504890944063935,0.447881721694793,0.978188812786954,1,1,13.8925564021407,71.3006347098791,7.63832033901013,2.09253530714623,PASS
low_CCM,33,0.0001,0.05,9.97658257939e-05,0.0503523086856594,0.234174206100037,0.704617371318786,1,1,13.5652657058733,70.6410696304704,6.0599856899768,2.56707554778756,PASS
low_CCM,34,0.0001,0.05,0.000100538514118997,0.0476854594609003,0.53851411899686,4.62908107819943,1,0,13.3115882830046,66.6797956395015,8.61117740120139,1.72781252030823,PASS
low_CCM,35,0.0001,0.05,0.000101222614462115,0.0497984233837642,1.22261446211538,0.403153232471587,1,1,13.3356708915743,73.7399925521454,6.8089782810104,1.81346595880538,PASS
low_CCM,36,0.0001,0.05,0.000100099665750492,0.0494900261520535,0.0996657504921428,1.01994769589295,1,1,13.4262479757633,74.5158554605352,6.7395863137758,1.89088499259091,PASS
low_CCM,37,0.0001,0.05,0.000100149991225627,0.0497697169384262,0.149991225626821,0.460566123147585,1,1,13.2958278473929,68.249233022898,11.3076103459681,2.3087034986413,PASS
low_CCM,38,0.0001,0.05,9.96094461539107e-05,0.0502268891241055,0.390553846089272,0.453778248211051,1,1,13.7271592610887,72.3613204837802,7.24740202646716,2.64271816806896,PASS
low_CCM,39,0.0001,0.05,9.99635841548309e-05,0.0506648802097243,0.0364158451690881,1.32976041944866,1,1,13.4408839395819,70.2465018280492,6.61891664707075,1.61896646879507,PASS
low_CCM,40,0.0001,0.05,9.96078654930101e-05,0.0507693847324951,0.392134506989875,1.53876946499022,1,1,13.7410795008123,71.9980082685759,11.2785250292929,1.63661932667671,PASS
low_CCM,41,0.0001,0.05,9.88805452333925e-05,0.0505809116170331,1.11945476660754,1.16182323406612,1,1,13.4662232420244,68.6419957899404,11.6930963260473,1.49606208779673,PASS
low_CCM,42,0.0001,0.05,9.99552791480218e-05,0.0494456171303309,0.044720851978208,1.10876573933828,1,1,13.5614031921466,68.9542512653568,7.01227354622316,1.86588896535626,PASS
low_CCM,43,0.0001,0.05,0.000101287564117548,0.0502171719996091,1.28756411754847,0.43434399921824,1,1,13.6195428015382,67.7512316153728,9.74381349486315,2.15425999915915,PASS
low_CCM,44,0.0001,0.05,0.000100093158348174,0.0492025116624371,0.0931583481738072,1.59497667512573,1,1,14.2349959562369,68.1154049392843,10.9654051876548,1.69641298610736,PASS
low_CCM,45,0.0001,0.05,9.97412595670485e-05,0.050586347121711,0.258740432951534,1.17269424342195,1,1,13.248417128684,69.044321250738,11.1920527306387,1.91688850811996,PASS
low_CCM,46,0.0001,0.05,9.89101187772868e-05,0.0502998198328004,1.08988122271317,0.599639665600893,1,1,13.4305922924987,69.8776128852038,20.3484589340425,1.77911702840875,PASS
low_CCM,47,0.0001,0.05,0.000100978226244397,0.0507299587617007,0.978226244397311,1.45991752340149,1,1,13.1463715595432,68.2737862527902,4.30623528284447,2.14374792209182,PASS
low_CCM,48,0.0001,0.05,9.98611368830826e-05,0.0515917275012176,0.138863116917406,3.18345500243514,1,1,13.5271020591137,65.9455881498546,9.36091631745877,1.73419965313832,PASS
low_CCM,49,0.0001,0.05,0.000100631133129531,0.050315400805358,0.631133129531434,0.630801610716006,1,1,14.4458687169118,71.3806937329957,5.51036670138085,1.76052578762186,PASS
low_CCM,50,0.0001,0.05,9.9948977855201e-05,0.0508174421900282,0.0510221447989781,1.63488438005645,1,1,13.4297894895322,70.3959655166228,11.23909919208,3.23447932413135,PASS
low_CCM,51,0.0001,0.05,9.95835851316428e-05,0.0505070477220816,0.416414868357215,1.01409544416313,1,1,13.6276950679986,66.9548753943578,9.89870069711704,1.94347231228045,PASS
low_CCM,52,0.0001,0.05,9.98207391276724e-05,0.0504823034174578,0.179260872327618,0.964606834915518,1,1,13.2217939945669,70.5332609418638,6.59158621507892,1.25521710125496,PASS
low_CCM,53,0.0001,0.05,9.93465837148764e-05,0.0500765843979569,0.653416285123555,0.153168795913719,1,1,13.5889713484088,70.8778344711834,13.8336229641855,1.45804171477781,PASS
low_CCM,54,0.0001,0.05,9.87574968516619e-05,0.0492338078739569,1.24250314833814,1.53238425208613,1,1,13.7064776530957,71.8311438547644,5.44177073053332,1.05166543416328,PASS
low_CCM,55,0.0001,0.05,0.000100120438365261,0.0490943890554341,0.120438365261292,1.81122188913184,1,1,13.6343732235357,69.6074424121817,9.11981541829447,1.9431470538993,PASS
low_CCM,56,0.0001,0.05,9.99169311942384e-05,0.0499274151946059,0.083068805761577,0.145169610788171,1,1,13.420691360259,73.1061398394114,14.9433248387795,2.16603799787654,PASS
low_CCM,57,0.0001,0.05,0.000100636964240894,0.0501658126272993,0.636964240894282,0.331625254598567,1,1,13.3050908064976,68.3317620724897,5.98460227225689,2.46283147157891,PASS
low_CCM,58,0.0001,0.05,9.88936537549371e-05,0.0496563015533028,1.10634624506288,0.687396893394476,1,1,13.8784412827807,70.721376246405,11.5907110823262,2.05485254114892,PASS
low_CCM,59,0.0001,0.05,9.97996164279125e-05,0.0493357098201907,0.200383572087481,1.32858035961854,1,1,13.4977380925741,67.6566716194865,10.732866664518,2.16805747230884,PASS
low_CCM,60,0.0001,0.05,0.000100017040667963,0.0507018384994598,0.0170406679629175,1.40367699891959,1,1,13.4107303468281,71.2550567582346,10.9322708901589,1.57959342636534,PASS
low_CCM,61,0.0001,0.05,9.94251713819748e-05,0.0506560660437032,0.574828618025254,1.31213208740645,1,1,14.0507735879563,70.0163841026026,13.0217269336193,2.51052024473664,PASS
low_CCM,62,0.0001,0.05,9.83137808062772e-05,0.0510656556484291,1.68621919372277,2.13131129685827,1,1,13.0592254483394,67.5389086094024,11.0797619379495,1.99131243231749,PASS
low_CCM,63,0.0001,0.05,9.99076648003786e-05,0.0503176273887697,0.0923351996213811,0.635254777539479,1,1,13.6513827115875,68.6536877766406,9.74083885564294,2.34487650421115,PASS
low_CCM,64,0.0001,0.05,9.91167764914747e-05,0.050644293858394,0.883223508525285,1.28858771678801,1,1,13.9351716673688,69.2127063725847,10.364463131225,1.97041701560465,PASS
low_CCM,65,0.0001,0.05,9.97596059991958e-05,0.0489466565409319,0.24039400080423,2.10668691813612,1,1,14.1692882180119,70.4965882991041,12.1415799142723,1.63578202967939,PASS
low_CCM,66,0.0001,0.05,9.9110929615122e-05,0.0502663495850573,0.889070384877991,0.532699170114642,1,1,13.4914060598686,69.7105269044389,15.1618257028344,1.65068152861999,PASS
low_CCM,67,0.0001,0.05,0.000100582177240291,0.0496969306441808,0.58217724029147,0.606138711638338,1,1,13.877703210799,71.8343542891461,7.03906990668683,2.11405216202622,PASS
low_CCM,68,0.0001,0.05,9.94097140833936e-05,0.0501246665982337,0.590285916606369,0.249333196467319,1,1,13.3172510538672,70.4188922062925,8.33847595015747,2.36160565591424,PASS
low_CCM,69,0.0001,0.05,9.90686204025222e-05,0.0512358604498453,0.931379597477835,2.4717208996905,1,1,13.8173694212627,71.2358091452205,10.2046094003373,2.73666039174539,PASS
low_CCM,70,0.0001,0.05,9.76699474945828e-05,0.0497867501686065,2.33005250541718,0.426499662787044,0,1,13.4763855800617,73.0410685573745,11.185393903143,2.37857830409324,PASS
low_CCM,71,0.0001,0.05,9.96936720221419e-05,0.0506807850028298,0.306327977858082,1.3615700056596,1,1,12.8950417297859,72.2952787606585,10.664504155714,1.95659089647334,PASS
low_CCM,72,0.0001,0.05,9.81763056742285e-05,0.0511809399133251,1.82369432577151,2.36187982665029,1,1,12.6418727341909,71.7316962303547,10.8724013123441,1.2109890133336,PASS
low_CCM,73,0.0001,0.05,9.95147486398267e-05,0.049989324063887,0.48525136017331,0.021351872225947,1,1,13.5519392226085,69.0821422504989,17.1445723985247,2.41694054339906,PASS
low_CCM,74,0.0001,0.05,9.86524940515017e-05,0.0498836691232241,1.34750594849831,0.232661753551786,1,1,13.7121701989578,71.7094212170446,15.9061271848483,1.96026015056597,PASS
low_CCM,75,0.0001,0.05,9.87886350980486e-05,0.0508372014761235,1.21136490195136,1.67440295224705,1,1,13.8169440315083,69.9063438868827,12.2041069358491,3.32526617176652,PASS
low_CCM,76,0.0001,0.05,9.92928655471066e-05,0.0500637826384045,0.707134452893364,0.12756527680903,1,1,13.2774700975425,67.6402633028344,12.256973476079,1.69871466798544,PASS
low_CCM,77,0.0001,0.05,9.99908115357553e-05,0.0510572368112174,0.00918846424473188,2.1144736224348,1,1,13.4644244368578,64.3562841175563,9.90856136806726,2.29979960369439,PASS
low_CCM,78,0.0001,0.05,9.97239922185463e-05,0.0512762957854038,0.276007781453713,2.5525915708076,1,1,13.6252114961952,73.1550865680661,10.0282296892499,2.16644842134048,PASS
low_CCM,79,0.0001,0.05,9.93550132081756e-05,0.0490866935523115,0.64498679182439,1.82661289537693,1,1,14.0384432276127,68.3890209239296,9.26488520389679,2.17291690245097,PASS
low_CCM,80,0.0001,0.05,0.000101737663162781,0.0496539091200321,1.73766316278083,0.692181759935753,0,1,13.6301058350195,70.1190436745331,9.7772643289609,1.89387590144206,PASS
low_CCM,81,0.0001,0.05,9.95661401158447e-05,0.0503180301985026,0.433859884155281,0.63606039700527,1,1,13.0300191656076,73.3827523367693,8.03699213692284,1.85420222223625,PASS
low_CCM,82,0.0001,0.05,9.98238887717369e-05,0.0507092311556574,0.176111228263084,1.41846231131477,1,1,12.8371879392484,70.5437163672188,7.27678929613456,1.71148276927438,PASS
low_CCM,83,0.0001,0.05,0.000100758708765828,0.0501653890791481,0.758708765827558,0.330778158296158,1,1,12.9039488706252,69.4901962458548,7.44900306218047,2.9310204785973,PASS
low_CCM,84,0.0001,0.05,0.000100806474650448,0.0500806789484275,0.806474650448169,0.161357896854897,1,1,13.2741931423777,69.2907326225746,6.48832252508937,1.79530529248632,PASS
low_CCM,85,0.0001,0.05,9.91897487093142e-05,0.0504030393239335,0.81025129068577,0.806078647866998,1,1,13.5292444949321,69.909066005533,5.42732001127701,1.773441029409,PASS
low_CCM,86,0.0001,0.05,9.94742930962407e-05,0.048630973031154,0.525706903759256,2.73805393769191,1,1,13.0816300403211,69.8665143082237,9.30251770690256,1.88875746970613,PASS
low_CCM,87,0.0001,0.05,9.92671258458004e-05,0.0492361346443787,0.732874154199593,1.5277307112426,1,1,13.4474007102786,70.1225671376912,9.07128716081826,1.87449054722407,PASS
low_CCM,88,0.0001,0.05,0.000100081459623676,0.0494482015700526,0.0814596236761971,1.10359685989481,1,1,13.2549717233246,70.6131087372996,6.94967536243869,3.10253955593687,PASS
low_CCM,89,0.0001,0.05,9.88051943018519e-05,0.050174184349801,1.19480569814812,0.348368699602017,1,1,14.3502762536698,67.6835445224892,5.21536765410562,1.00155627695292,PASS
low_CCM,90,0.0001,0.05,0.000100127689042097,0.0499565182708342,0.127689042096676,0.0869634583316181,1,1,13.4263396518847,70.6596766265584,13.6754793768293,2.07378567462098,PASS
low_CCM,91,0.0001,0.05,0.000100996787524814,0.0496838962664485,0.996787524813511,0.632207467102935,1,1,14.0318881848064,70.2295710386134,8.32284553481435,2.41639725654118,PASS
low_CCM,92,0.0001,0.05,0.000100891430796226,0.0503410085401524,0.891430796225734,0.682017080304839,1,1,14.0515648297573,71.693290807905,7.99896973469675,1.98769083562672,PASS
low_CCM,93,0.0001,0.05,9.99612822181017e-05,0.0504501811614606,0.0387177818983193,0.900362322921178,1,1,13.4368089585618,69.8964396860395,7.73967563356365,2.34131734893551,PASS
low_CCM,94,0.0001,0.05,0.000102045734267375,0.0503324482202941,2.04573426737482,0.664896440588161,0,1,12.8832932256933,67.6063848315482,10.1265532240764,2.35140909418617,PASS
low_CCM,95,0.0001,0.05,0.000100485323145178,0.0495408937644196,0.48532314517771,0.918212471160765,1,1,13.242973273925,71.4424699773586,6.39002260233901,2.20892122947719,PASS
low_CCM,96,0.0001,0.05,0.000100195461964426,0.0498526595939965,0.195461964426315,0.294680812006967,1,1,13.4760559332327,70.3808001667002,10.2310936455282,2.1314442653524,PASS
low_CCM,97,0.0001,0.05,9.96797271012414e-05,0.0500259720265471,0.320272898758574,0.0519440530941662,1,1,13.5373211470748,70.9261043290937,8.66392614296588,1.9218677670382,PASS
low_CCM,98,0.0001,0.05,9.97882779956423e-05,0.0497310779527196,0.21172200435767,0.537844094560896,1,1,13.9623230407097,71.4412901255726,9.35009497374373,1.97763061254611,PASS
low_CCM,99,0.0001,0.05,9.91958695319212e-05,0.0500257386909102,0.804130468078846,0.0514773818204167,1,1,13.1787694839396,72.2338406907023,11.6182689234069,2.72221224102025,PASS
low_CCM,100,0.0001,0.05,0.000100272569814808,0.0496799229892305,0.272569814808266,0.640154021539038,1,1,13.2759515201732,74.271050406253,18.5308855534981,1.95483481112336,PASS
low_CCM,101,0.0001,0.05,9.92866874047813e-05,0.0507529455626963,0.71331259521869,1.50589112539251,1,1,13.6992100473913,70.5453903830984,12.6536550191365,2.01349737065621,PASS
low_CCM,102,0.0001,0.05,9.97348061745728e-05,0.0488413882650584,0.265193825427251,2.31722346988324,1,1,13.7540883662314,68.0433189845159,11.2018973830702,1.56300421540151,PASS
low_CCM,103,0.0001,0.05,9.90974390198295e-05,0.0506402881542576,0.902560980170492,1.28057630851523,1,1,14.0203785578245,68.8163134756128,9.96956494747681,1.55709745654881,PASS
low_CCM,104,0.0001,0.05,9.95532556319243e-05,0.0506087312147583,0.446744368075671,1.21746242951659,1,1,13.7634818943934,67.3101150899512,5.68551629427905,2.17790551614579,PASS
low_CCM,105,0.0001,0.05,0.000100938793442197,0.0505546792316685,0.938793442196748,1.10935846333703,1,1,13.5448931067006,67.0317607903794,16.4242309597803,1.85542420707171,PASS
low_CCM,106,0.0001,0.05,0.000101392613033507,0.0501440042370422,1.39261303350719,0.288008474084375,1,1,13.2292013215769,69.5916376685574,10.1613906464737,1.4557195499424,PASS
low_CCM,107,0.0001,0.05,9.92645427515702e-05,0.0495828099090184,0.735457248429778,0.834380181963176,1,1,13.6571540395941,67.9650380374879,13.4830895315779,2.2051247795938,PASS
low_CCM,108,0.0001,0.05,9.88486011292092e-05,0.0504716672444248,1.15139887079081,0.94333448884959,1,1,13.3615723279991,66.6580948546172,9.27005050802166,1.88910535022393,PASS
low_CCM,109,0.0001,0.05,9.99045040730532e-05,0.0494608988545013,0.0954959269467846,1.07820229099743,1,1,13.845910742809,71.0104901866577,12.0877199230777,1.8231640623562,PASS
low_CCM,110,0.0001,0.05,9.98555677961257e-05,0.0492177310160879,0.144432203874324,1.5645379678243,1,1,13.5797477324439,68.2784557229992,11.1882357957734,2.4660434849703,PASS
low_CCM,111,0.0001,0.05,9.96213603099421e-05,0.0497727221912168,0.378639690057884,0.454555617566424,1,1,13.6557418938838,70.9908028081002,5.17615368425523,1.52770308840618,PASS
low_CCM,112,0.0001,0.05,9.93567209691532e-05,0.0493290592057452,0.643279030846768,1.34188158850956,1,1,13.3142911575714,65.2183347551534,15.4076255857007,1.54759718287071,PASS
low_CCM,113,0.0001,0.05,9.94971416097868e-05,0.0496469438998975,0.502858390213229,0.706112200204959,1,1,13.9455430403986,69.6988554252914,8.09130421306548,2.04422029921007,PASS
low_CCM,114,0.0001,0.05,0.000100161110238848,0.0499278455478554,0.161110238848378,0.144308904289153,1,1,12.8165023085083,68.8681387293211,9.89384986308838,2.75531874746227,PASS
low_CCM,115,0.0001,0.05,0.000102287174876066,0.0487271736765851,2.28717487606598,2.54565264682984,0,1,13.3618006390447,69.7374633892917,15.3912066166743,2.28599869269762,PASS
low_CCM,116,0.0001,0.05,0.000100312654840419,0.0505020112041341,0.312654840419106,1.00402240826816,1,1,14.2935067732332,71.4546791332686,6.07761046054657,1.90947705871361,PASS
low_CCM,117,0.0001,0.05,0.000100642353197127,0.0490523962021353,0.642353197126763,1.89520759572936,1,1,13.8025702420046,66.9707083734246,6.97093337058497,2.48252183658651,PASS
low_CCM,118,0.0001,0.05,0.000100379794626444,0.0509235407355424,0.37979462644371,1.84708147108488,1,1,13.9017121533272,68.3637486656496,18.8424523638278,1.44396211994064,PASS
low_CCM,119,0.0001,0.05,9.97414281403333e-05,0.0503344988750297,0.25857185966674,0.668997750059297,1,1,13.1892643494829,68.7189950532992,10.4742603588471,1.58234261204554,PASS
low_CCM,120,0.0001,0.05,0.00010136345256588,0.0498744395495995,1.36345256588029,0.251120900800997,1,1,13.7914087553829,69.8795580736688,22.5928621512125,2.62296288613874,PASS
low_CCM,121,0.0001,0.05,0.000100226767331818,0.0500537916061439,0.226767331817763,0.107583212287862,1,1,13.7875875252151,70.7273375913383,12.9389116506881,1.54086018423036,PASS
low_CCM,122,0.0001,0.05,9.8984765892388e-05,0.0501402605858343,1.01523410761196,0.280521171668546,1,1,14.246374933639,68.6080489832565,10.0950126860925,1.44952108989215,PASS
low_CCM,123,0.0001,0.05,0.000101185137522097,0.0505839704279336,1.18513752209728,1.16794085586716,1,1,13.9545126670195,70.875094371438,12.0084120985033,1.88092464978467,PASS
low_CCM,124,0.0001,0.05,9.91847131410809e-05,0.0502164054715333,0.815286858919144,0.432810943066589,1,1,13.0873376409446,71.1701915955574,19.0957978430379,1.92022347034317,PASS
low_CCM,125,0.0001,0.05,0.000100508780728982,0.049167638997193,0.508780728981643,1.6647220056141,1,1,14.0536686897699,71.2054314105332,21.8020568227509,2.28211212322548,PASS
low_CCM,126,0.0001,0.05,0.000101285006427515,0.0501598567065543,1.28500642751465,0.31971341310856,1,1,13.3095402968651,66.4960744512706,15.4173735331449,1.80539277322399,PASS
low_CCM,127,0.0001,0.05,0.000100901689639846,0.0500209137061565,0.901689639846013,0.0418274123129142,1,1,13.997581256537,70.9348706865875,11.7181748785772,2.23212089021895,PASS
low_CCM,128,0.0001,0.05,9.89866732853717e-05,0.0493882174904107,1.01332671462826,1.22356501917861,1,1,13.5366230783136,70.750017967663,15.2647058339344,1.92674776760486,PASS
low_CCM,129,0.0001,0.05,0.000100508397371213,0.0492634663416299,0.508397371212625,1.47306731674023,1,1,13.0723395237549,69.038455572731,16.5863297637416,1.66483105024364,PASS
low_CCM,130,0.0001,0.05,9.99303838308075e-05,0.0499314195803859,0.069616169192494,0.137160839228295,1,1,13.3344084125842,73.2741378431852,12.9790344314434,1.79494126059383,PASS
low_CCM,131,0.0001,0.05,0.000100088964920073,0.0504200631747007,0.0889649200733032,0.840126349401296,1,1,13.8373786105268,68.6922223045544,10.2641027179686,2.76419611627171,PASS
low_CCM,132,0.0001,0.05,9.96112811951569e-05,0.0500083351595448,0.388718804843132,0.0166703190896261,1,1,13.7049481563997,72.89936701499,18.0774963144342,2.95756428595013,PASS
low_CCM,133,0.0001,0.05,9.96386546813845e-05,0.0509229258149803,0.361345318615505,1.84585162996063,1,1,13.6774055852224,68.8053480014057,32.6695955001031,2.38250889398745,PASS
low_CCM,134,0.0001,0.05,9.9838685174339e-05,0.0499794512946764,0.161314825660984,0.0410974106471729,1,1,13.7893440497935,67.5073400155875,8.99892600772048,1.76550124597415,PASS
low_CCM,135,0.0001,0.05,0.00010108361580413,0.0505707004819443,1.08361580412968,1.14140096388868,1,1,13.6513500389008,65.0680650651945,17.2713426285825,2.45387753405976,PASS
low_CCM,136,0.0001,0.05,9.95888391964404e-05,0.0498253193099676,0.411160803559589,0.349361380064764,1,1,13.3416674624463,67.2126329502144,9.56430436589008,2.24814985094564,PASS
low_CCM,137,0.0001,0.05,9.98045617416113e-05,0.049794528419915,0.195438258388734,0.41094316016993,1,1,12.9538631647989,69.0975291193472,11.6902515782274,1.8269107900986,PASS
low_CCM,138,0.0001,0.05,9.96382346671739e-05,0.0493317383315065,0.361765332826131,1.33652333698693,1,1,13.1742618850072,71.3864296119761,9.40757764728752,1.71078748785314,PASS
low_CCM,139,0.0001,0.05,9.96699785530134e-05,0.050174325730204,0.33002144698658,0.348651460408023,1,1,13.8919083372876,71.9356567716842,7.41749039683798,3.73906381588351,PASS
low_CCM,140,0.0001,0.05,9.93625555400819e-05,0.0493054375027421,0.63744445991813,1.38912499451586,1,1,13.3207348796009,72.5049194539768,9.7030056577822,2.00113304941514,PASS
low_CCM,141,0.0001,0.05,9.89230235615747e-05,0.0494137916488072,1.07697643842527,1.17241670238552,1,1,13.4126874024474,70.7089236728051,13.6903958545215,2.34609859621388,PASS
low_CCM,142,0.0001,0.05,0.000100572765598064,0.0491934973363776,0.572765598064228,1.61300532724483,1,1,13.9245799048985,73.8436838361709,12.9889054791111,2.23747686797953,PASS
low_CCM,143,0.0001,0.05,9.96939281338798e-05,0.0513005718326874,0.306071866120212,2.60114366537473,1,1,13.0107667379494,66.8986763223738,8.92632121912068,1.85936345790915,PASS
low_CCM,144,0.0001,0.05,0.000100783209071494,0.049977991080605,0.783209071494013,0.0440178387900308,1,1,14.5186711841787,67.1604184724692,5.96718272801038,1.45229231445808,PASS
low_CCM,145,0.0001,0.05,9.95478369081813e-05,0.0501794212912322,0.452163091818671,0.358842582464394,1,1,13.7326131258435,72.5381008038018,9.91092975719872,1.68784688135605,PASS
low_CCM,146,0.0001,0.05,9.95054751344274e-05,0.0499890429373867,0.494524865572566,0.0219141252265492,1,1,13.294093741389,69.0206724777973,10.4930132240486,2.44848815729333,PASS
low_CCM,147,0.0001,0.05,0.000100261613577951,0.0515678238752399,0.261613577951064,3.13564775047977,1,1,13.6777861635219,64.7536274283178,5.8548669638407,2.32003382056894,PASS
low_CCM,148,0.0001,0.05,9.92081228409519e-05,0.0495234006754331,0.791877159048073,0.953198649133888,1,1,12.8568975552244,68.9388504960426,11.1612841162858,1.44672433944756,PASS
low_CCM,149,0.0001,0.05,0.000100693806987505,0.0502601742010305,0.693806987504911,0.520348402060902,1,1,13.9635729435933,70.8082974340544,6.21719979343541,2.08533056958567,PASS
low_CCM,150,0.0001,0.05,0.000100422950735244,0.0507335593234781,0.422950735244211,1.46711864695627,1,1,13.5881052530692,71.6206093077644,14.2337837278669,1.8266603644309,PASS
low_CCM,151,0.0001,0.05,0.000101840206691147,0.0504478343505302,1.84020669114676,0.895668701060337,0,1,13.4065352838495,73.2306990018739,11.1967291473172,1.99216596898816,PASS
low_CCM,152,0.0001,0.05,9.94943826744854e-05,0.0502272001734225,0.505617325514556,0.454400346845019,1,1,13.3428876330035,69.3577656782038,6.95439171428782,2.09374429924728,PASS
low_CCM,153,0.0001,0.05,9.96931688974507e-05,0.0493897523626542,0.306831102549296,1.22049527469152,1,1,13.4744933523681,69.4467811664438,14.3105539947559,1.60142109599923,PASS
low_CCM,154,0.0001,0.05,0.000100524345266948,0.0500820164682228,0.524345266948302,0.164032936445568,1,1,13.6990130501964,69.9830757546748,11.6795856420078,1.87767408377613,PASS
low_CCM,155,0.0001,0.05,9.90943999452664e-05,0.0507381303795812,0.90560005473365,1.47626075916232,1,1,13.4723495995567,69.575603488154,6.94822367183853,2.09207197202631,PASS
low_CCM,156,0.0001,0.05,0.000100158949218572,0.0490765284091916,0.158949218571726,1.84694318161671,1,1,13.6906699861729,73.2815370963813,10.775102855102,1.59202370350941,PASS
low_CCM,157,0.0001,0.05,9.9858783206604e-05,0.0492491606547515,0.141216793396044,1.50167869049705,1,1,13.2327645858064,70.9465231644426,18.2964646607651,1.92892736404886,PASS
low_CCM,158,0.0001,0.05,0.000100472122091391,0.0488068232961292,0.472122091391106,2.38635340774158,1,1,12.9358925824189,67.7003558409993,16.6490448014527,1.91909995863546,PASS
low_CCM,159,0.0001,0.05,9.94159446921255e-05,0.0496896910848963,0.584055307874457,0.620617830207421,1,1,13.6525269439028,70.3442593632067,7.27547439306091,2.54055303965048,PASS
low_CCM,160,0.0001,0.05,0.000100620399103365,0.0493278495520144,0.620399103364795,1.34430089597126,1,1,13.4537809026101,70.2227348936677,19.4496445161058,2.45138813859932,PASS
low_CCM,161,0.0001,0.05,0.000101598752151771,0.0505652799108048,1.59875215177071,1.13055982160962,1,1,13.655338105392,69.3717905578748,12.8580775049243,2.15336624135222,PASS
low_CCM,162,0.0001,0.05,0.00010045324248344,0.0496903358113116,0.453242483440083,0.619328377376896,1,1,14.0050607431018,70.1322332807667,8.71106635027446,1.69174068162401,PASS
low_CCM,163,0.0001,0.05,9.97573309920631e-05,0.0508247101772893,0.242669007936941,1.6494203545786,1,1,13.5110680096151,72.4179771060244,12.8223029774747,2.35840848942312,PASS
low_CCM,164,0.0001,0.05,9.81850294343116e-05,0.0502208638142217,1.81497056568843,0.441727628443314,0,1,13.2076614002383,70.2609851642919,13.210493721001,1.77461130641485,PASS
low_CCM,165,0.0001,0.05,0.000100712758952784,0.0509805486853651,0.712758952783624,1.96109737073029,1,1,13.9956896662621,68.0618642166555,12.2247820521339,1.78129671738692,PASS
low_CCM,166,0.0001,0.05,0.000101442359096741,0.0494697828040145,1.4423590967414,1.060434391971,1,1,13.9695098005985,69.3090969120308,13.2843353432812,3.00213141485714,PASS
low_CCM,167,0.0001,0.05,9.93894035522158e-05,0.0491041051301011,0.610596447784252,1.79178973979785,1,1,13.060854183141,73.5659388098501,9.37709288601324,2.31322667239173,PASS
low_CCM,168,0.0001,0.05,0.000100220680559867,0.0507477112565398,0.220680559866824,1.49542251307958,1,1,14.0357850998691,67.4411493731126,11.3698776323689,2.02885710641963,PASS
low_CCM,169,0.0001,0.05,0.000100439334350286,0.0494871647591501,0.439334350286349,1.02567048169989,1,1,13.7399803373845,67.1198928939227,6.5047716562591,2.17227346247242,PASS
low_CCM,170,0.0001,0.05,0.000100912036929619,0.0498424789683337,0.91203692961893,0.315042063332591,1,1,14.0640532630666,67.8242037420557,14.4847638883568,2.19408310981079,PASS
low_CCM,171,0.0001,0.05,9.890893724849e-05,0.049908917756763,1.09106275151004,0.182164486473957,1,1,13.9493201376548,69.0515892716222,6.48728446545047,1.93811336375138,PASS
low_CCM,172,0.0001,0.05,9.87946523973551e-05,0.0496613840637604,1.20534760264486,0.677231872479284,1,1,13.695887994239,71.4946635977212,13.8990963287804,2.54382588970059,PASS
low_CCM,173,0.0001,0.05,0.000100045355260732,0.0504944263562221,0.0453552607316301,0.988852712444283,1,1,13.1684041324267,67.8532843145863,7.82609913281813,2.53298232580441,PASS
low_CCM,174,0.0001,0.05,0.000100643899346191,0.0496924302439043,0.643899346191201,0.615139512191415,1,1,13.3451429938166,70.8588779548545,11.0079914528759,2.47563591182068,PASS
low_CCM,175,0.0001,0.05,9.96982745670761e-05,0.0500903318898435,0.301725432923932,0.180663779687049,1,1,13.6624897737244,71.0287471646486,8.5151099505798,2.6364725078679,PASS
low_CCM,176,0.0001,0.05,0.000100871530229874,0.0484135156688519,0.87153022987399,3.17296866229624,1,0,13.6904161941591,68.9646371205349,13.7606754529506,2.38334537532261,PASS
low_CCM,177,0.0001,0.05,9.91737849353788e-05,0.0512186335004772,0.826215064621218,2.43726700095449,1,1,13.294720725539,71.2124657266156,7.81050978595828,2.63097117322741,PASS
low_CCM,178,0.0001,0.05,0.000101122112772156,0.0501729961669649,1.12211277215591,0.345992333929804,1,1,13.9900308918209,66.3390934060824,11.6739244780793,1.49901867010861,PASS
low_CCM,179,0.0001,0.05,0.000100361921732891,0.0508722348937938,0.361921732891488,1.74446978758758,1,1,13.2005064012802,67.526105572868,6.13500429719117,2.51880185939057,PASS
low_CCM,180,0.0001,0.05,0.000101197034438506,0.0486896601745942,1.19703443850624,2.6206796508117,1,1,13.6889969862192,67.5147972581641,11.0522003687328,1.94061912306928,PASS
low_CCM,181,0.0001,0.05,9.93859374983871e-05,0.0504243280785882,0.614062501612953,0.848656157176483,1,1,13.5616617528435,72.2757253537221,11.5776533339087,2.18284115738737,PASS
low_CCM,182,0.0001,0.05,0.000101032573699091,0.0502931177203275,1.03257369909101,0.586235440654975,1,1,13.8397406116788,68.4973279375073,19.4997023331638,1.56916634014023,PASS
low_CCM,183,0.0001,0.05,0.000100362515890532,0.0499993970112803,0.362515890531989,0.0012059774393558,1,1,14.1357151587073,72.8562837053108,13.0990705225629,2.56403390518709,PASS
low_CCM,184,0.0001,0.05,0.000100188890180116,0.0502399723955886,0.188890180115675,0.479944791177245,1,1,13.6498345712155,70.7812511747704,9.2233185692227,2.48309297600111,PASS
low_CCM,185,0.0001,0.05,0.000100297984334492,0.0513596641844694,0.297984334491887,2.71932836893884,1,1,13.6209238023033,70.7857656696303,13.2123342220271,3.50272779793504,PASS
low_CCM,186,0.0001,0.05,0.00010081768944275,0.0507386479206207,0.81768944275037,1.47729584124139,1,1,13.6809636084196,72.906022914474,6.43667183050184,1.82828916787384,PASS
low_CCM,187,0.0001,0.05,0.000100331281393437,0.0500454984921109,0.331281393437151,0.0909969842217556,1,1,12.5,69.8716099588699,15.5347740962191,1.23419365938986,PASS
low_CCM,188,0.0001,0.05,0.000100791940585628,0.0483139546237302,0.791940585628047,3.37209075253959,1,0,13.3515314272718,68.1274972029539,14.366816700509,1.87136287318509,PASS
low_CCM,189,0.0001,0.05,0.000100358828594142,0.048704787888908,0.358828594141717,2.59042422218407,1,1,13.5670919991012,69.3169215244521,9.26787067535981,3.24862932573687,PASS
low_CCM,190,0.0001,0.05,0.000100542130194335,0.0499842985730514,0.542130194335465,0.0314028538972583,1,1,13.5327275941027,68.9122168340056,11.2887918670411,1.5199690337877,PASS
low_CCM,191,0.0001,0.05,9.9606458199043e-05,0.0496507066678196,0.393541800956972,0.698586664360873,1,1,13.2385147368782,66.4712848774175,13.6063523515303,1.85749974089208,PASS
low_CCM,192,0.0001,0.05,0.000100017739578716,0.0495764806138749,0.0177395787155947,0.84703877225023,1,1,13.6954918085725,68.2895360007898,7.88870945275287,2.36767666379703,PASS
low_CCM,193,0.0001,0.05,0.000101072173567924,0.049448666329361,1.07217356792378,1.10266734127799,1,1,13.0217061825432,69.6896743748233,10.1245507165311,2.71223509339123,PASS
low_CCM,194,0.0001,0.05,0.000100848862608841,0.0494168293780177,0.848862608841049,1.16634124396457,1,1,13.7119591764236,70.9466088217852,10.3323285783315,2.81954968972748,PASS
low_CCM,195,0.0001,0.05,0.000101852773415777,0.0499039019460528,1.85277341577737,0.192196107894338,0,1,13.776407699157,74.9483479695708,9.98742333091796,2.74933266367228,PASS
low_CCM,196,0.0001,0.05,9.96341395426221e-05,0.0492680208269922,0.36586045737789,1.46395834601551,1,1,14.2571245275014,67.0817631807093,12.6798982605571,1.78977568424568,PASS
low_CCM,197,0.0001,0.05,0.000100254194506299,0.0506598760161635,0.254194506298506,1.31975203232701,1,1,13.5818775779913,68.2222975964314,14.1966578367081,1.8927214257003,PASS
low_CCM,198,0.0001,0.05,9.95811453579539e-05,0.0499754179793951,0.41885464204612,0.0491640412097899,1,1,12.6403530095611,72.2600922106741,11.0467030572247,2.52811597825208,PASS
low_CCM,199,0.0001,0.05,9.95846099309522e-05,0.050515926589993,0.415390069047783,1.031853179986,1,1,13.8369873473585,68.2672322088131,6.60277470000567,3.00937203683102,PASS
low_CCM,200,0.0001,0.05,9.90934374066211e-05,0.0498587252584858,0.906562593378941,0.282549483028471,1,1,13.9728396583838,73.2084650607795,4.3564177930203,2.08497067471314,PASS
nominal,1,0.0001,0.05,9.99930644069142e-05,0.050038276058688,0.00693559308580585,0.0765521173759082,1,1,13.5125992257247,71.7779090361572,8.3529786669822,1.95798195150516,PASS
nominal,2,0.0001,0.05,0.000100249650955302,0.0494615008005317,0.249650955301873,1.07699839893656,1,1,13.2886921468699,69.6396963458378,6.68901672584177,3.34339945636932,PASS
nominal,3,0.0001,0.05,0.000101034201225205,0.0496547838953462,1.03420122520493,0.690432209307701,0,1,13.4322453205973,72.8922407265323,13.6468741495115,1.93631108884803,PASS
nominal,4,0.0001,0.05,0.000100132319773361,0.0492944416786575,0.13231977336098,1.41111664268502,1,1,13.6273194890967,70.5717554546408,6.02334575295949,2.26840082761253,PASS
nominal,5,0.0001,0.05,0.000100417271082233,0.049745213210834,0.417271082233165,0.509573578331923,1,1,13.6731175401991,69.4588128857288,9.81613290766725,3.54244022799969,PASS
nominal,6,0.0001,0.05,9.99560089002475e-05,0.0496122749308411,0.0439910997524786,0.775450138317826,1,1,13.0213574500464,69.192188770681,15.0304035021888,1.21950802416089,PASS
nominal,7,0.0001,0.05,9.96115543591885e-05,0.0499730549468473,0.388445640811549,0.053890106305382,1,1,13.7897708496414,68.027719356511,9.66779462989439,2.9434572500556,PASS
nominal,8,0.0001,0.05,0.000100596311994505,0.049757691013584,0.596311994504754,0.484617972831947,1,1,13.8713934276003,70.913823782046,13.4040327024688,2.83325623115277,PASS
nominal,9,0.0001,0.05,9.97270072821316e-05,0.0500844908213673,0.272992717868399,0.16898164273467,1,1,14.2627657330716,70.833925146077,10.5092534007111,1.33360217008114,PASS
nominal,10,0.0001,0.05,9.94196265785778e-05,0.0499752898224148,0.580373421422159,0.0494203551704292,1,1,13.3223908512152,70.4412115285347,13.5166164554605,1.80477085387479,PASS
nominal,11,0.0001,0.05,0.000100373932754122,0.0501065448229577,0.373932754122399,0.21308964591539,1,1,13.4778885759429,70.0535639970258,8.31117330143666,3.10911673092011,PASS
nominal,12,0.0001,0.05,0.000100231197315259,0.0503397151968676,0.231197315259135,0.679430393735289,1,1,14.4541694191056,68.9348749358003,10.9081104740566,2.67570853909753,PASS
nominal,13,0.0001,0.05,9.94241896830437e-05,0.0494947423681408,0.575810316956289,1.01051526371845,1,1,13.8527886487925,71.3287562406911,9.95870499257602,2.30437843036455,PASS
nominal,14,0.0001,0.05,9.98291417816052e-05,0.0496862580387258,0.170858218394781,0.627483922548425,1,1,12.8472834969489,71.4086842403917,13.2225423221345,1.58579129647998,PASS
nominal,15,0.0001,0.05,9.97796065936404e-05,0.0500308726245345,0.220393406359648,0.0617452490690867,1,1,13.0920046052038,70.1883313138237,10.6848404495897,1.85158030878431,PASS
nominal,16,0.0001,0.05,0.000100205324481932,0.0494424089671012,0.205324481931994,1.11518206579755,1,1,13.7106773460761,70.9810535616759,15.8544086520877,2.15459984340155,PASS
nominal,17,0.0001,0.05,9.93930766570287e-05,0.0500818720072834,0.606923342971351,0.163744014566855,1,1,13.939326611661,70.9525342305407,16.8633060978627,2.3139610984377,PASS
nominal,18,0.0001,0.05,0.000100467680205806,0.0499915391978635,0.467680205806415,0.0169216042730513,1,1,12.8586556506678,68.5075935422225,7.80463259287077,1.57519543416411,PASS
nominal,19,0.0001,0.05,0.000100424916457822,0.0496379441466944,0.424916457821789,0.724111706611269,1,1,12.9277505182959,69.2243225460198,11.2698438881089,1.70924411612186,PASS
nominal,20,0.0001,0.05,9.95638493386487e-05,0.0497287646097298,0.436150661351308,0.542470780540399,1,1,13.3706730395346,69.837595963014,20.0032698682371,2.38713721946451,PASS
nominal,21,0.0001,0.05,9.9460884038934e-05,0.0503480619896539,0.539115961065988,0.696123979307808,1,1,13.9000909933088,67.8251115766057,23.5905092640304,3.92206533611939,PASS
nominal,22,0.0001,0.05,9.92647009130741e-05,0.0499226028880635,0.735299086925879,0.154794223872906,1,1,13.6871903555071,70.8386708913827,4.57521366159426,1.90110935156249,PASS
nominal,23,0.0001,0.05,9.92182350845504e-05,0.0497892296010876,0.781764915449629,0.421540797824707,1,1,13.2840617434091,68.8183646850101,8.68666143338425,3.84470054805984,PASS
nominal,24,0.0001,0.05,9.94436914356286e-05,0.0495465004999269,0.556308564371387,0.90699900014625,1,1,13.6909554425394,69.7641246754183,8.48395004227229,1.74796902117523,PASS
nominal,25,0.0001,0.05,0.000100623190330073,0.0496519707132803,0.623190330072595,0.696058573439504,1,1,13.6302889222267,67.477508488097,14.2631370678792,1.25080208967859,PASS
nominal,26,0.0001,0.05,0.000100370204177369,0.0501922249199687,0.370204177369481,0.384449839937337,1,1,12.9687527246146,72.597386196369,17.5113838823538,1.18145119601357,PASS
nominal,27,0.0001,0.05,9.97787404499306e-05,0.0510113898949704,0.221259550069449,2.0227797899407,1,1,12.9922032597228,68.353908855816,15.4117300637311,1.72917937911729,PASS
nominal,28,0.0001,0.05,9.9609940246807e-05,0.0507935917908273,0.390059753193023,1.58718358165461,1,1,13.7030315246081,71.2887798835762,11.8926012567524,1.43519992268444,PASS
nominal,29,0.0001,0.05,0.000100922936689764,0.0503135872009708,0.922936689764478,0.627174401941683,1,1,13.5802636909984,70.3929576651506,10.3447760864274,2.78847083497009,PASS
nominal,30,0.0001,0.05,0.000100289002966644,0.049272478420602,0.28900296664357,1.45504315879605,1,1,13.2753781031802,69.7870205682103,12.0163977483503,2.79367054866028,PASS
nominal,31,0.0001,0.05,9.97646534555956e-05,0.0498099042160711,0.235346544404433,0.380191567857832,1,1,13.9313696142456,69.5348384246462,13.3075306514636,2.06980348741387,PASS
nominal,32,0.0001,0.05,0.000100997451442483,0.0492574563172636,0.997451442483186,1.48508736547288,0,1,13.3295973156433,70.7032979912576,15.7824419662393,2.45591637341451,PASS
nominal,33,0.0001,0.05,9.96258096334474e-05,0.0499810457629388,0.374190366552579,0.0379084741223279,1,1,13.2965628859729,68.598704096675,4.59538733410534,2.2173734427142,PASS
nominal,34,0.0001,0.05,0.000100542104860835,0.0500968940817166,0.542104860835072,0.193788163433198,1,1,13.167227440831,74.5119164925689,9.39311936119702,1.54124013676698,PASS
nominal,35,0.0001,0.05,9.97884287585905e-05,0.0494877583857639,0.211571241409523,1.02448322847222,1,1,14.0975429451942,69.7181431486515,18.2112989952282,1.78130258682192,PASS
nominal,36,0.0001,0.05,9.92206217088592e-05,0.050878521709377,0.779378291140777,1.75704341875395,1,1,13.3760487227375,71.106946806469,7.69956170564093,1.47878426650358,PASS
nominal,37,0.0001,0.05,9.97524955983241e-05,0.0500039084242297,0.247504401675863,0.00781684845931052,1,1,14.4533155939232,70.1074692988394,6.53441686287024,1.42313124402903,PASS
nominal,38,0.0001,0.05,0.000100986637590537,0.0506828871036294,0.986637590536974,1.36577420725889,0,1,14.2062933650657,74.125940759094,6.34869170463427,1.99272290406605,PASS
nominal,39,0.0001,0.05,9.97462430562851e-05,0.0499926815520609,0.25375694371486,0.0146368958782589,1,1,13.2328141929078,73.14022403163,9.30976763282728,1.79798089495871,PASS
nominal,40,0.0001,0.05,0.000100148302935124,0.0502570821115729,0.1483029351244,0.514164223145888,1,1,13.8215201548438,71.3752937861922,8.36911981849056,2.22443697102637,PASS
nominal,41,0.0001,0.05,9.91507018044188e-05,0.0501449592742169,0.849298195581202,0.289918548433882,1,1,13.6758320096538,69.6229449949017,12.6960620370389,1.41295601431522,PASS
nominal,42,0.0001,0.05,0.00010030982832408,0.0503341038689592,0.309828324079805,0.668207737918453,1,1,13.9587923039961,72.6898457683653,9.43737981916832,1.99080336349378,PASS
nominal,43,0.0001,0.05,9.94205970659242e-05,0.0500624729312649,0.579402934075803,0.12494586252973,1,1,13.2558691195739,69.1325902852852,13.344273051195,1.44895502902169,PASS
nominal,44,0.0001,0.05,0.000100220756563639,0.0498504719506316,0.220756563638907,0.2990560987369,1,1,13.3495650077665,68.4265431523032,13.3140244207138,2.66287230094433,PASS
nominal,45,0.0001,0.05,9.95848646851854e-05,0.0504084780054012,0.415135314814626,0.816956010802422,1,1,13.6015505095593,69.2151306432914,18.4454918484315,2.00537105223487,PASS
nominal,46,0.0001,0.05,9.96901680735709e-05,0.0503489393487762,0.309831926429099,0.697878697552362,1,1,13.260288686182,72.4819085879161,13.1086911290079,3.16334422359542,PASS
nominal,47,0.0001,0.05,9.92775697987908e-05,0.0502355112868169,0.722430201209221,0.471022573633795,1,1,12.9208362463397,71.0609814067843,5.57125910396379,1.03097417480169,PASS
nominal,48,0.0001,0.05,0.00010079040242426,0.0508142110942652,0.790402424259834,1.62842218853035,1,1,13.6671923188365,70.462866326193,9.53978985625714,2.75358053526987,PASS
nominal,49,0.0001,0.05,9.98220286004131e-05,0.0502059238854341,0.17797139958689,0.411847770868154,1,1,13.6060127765972,70.9649910859169,9.46520910386905,1.44349821231653,PASS
nominal,50,0.0001,0.05,9.96695229236795e-05,0.0495064024547414,0.330477076320538,0.987195090517229,1,1,13.3088668105267,70.295209952944,4.5123927391688,2.7151655671733,PASS
nominal,51,0.0001,0.05,9.99677998158245e-05,0.0507059722196525,0.0322001841755536,1.41194443930508,1,1,13.5579551883556,70.5922476731593,12.732657348264,1.96358242137254,PASS
nominal,52,0.0001,0.05,9.87322744833624e-05,0.0502166871031576,1.26772551663757,0.433374206315118,0,1,13.703072178519,72.4672325442912,11.5962576849045,2.03541568559698,PASS
nominal,53,0.0001,0.05,9.99578826931006e-05,0.0499072572864571,0.0421173068993803,0.185485427085727,1,1,13.7540743106736,69.9886030550416,9.13758145332606,1.2789011036345,PASS
nominal,54,0.0001,0.05,0.000100333822503059,0.0497687284576055,0.333822503059434,0.462543084788936,1,1,14.1345510562285,70.4104404175386,7.47119533543096,2.30771693167694,PASS
nominal,55,0.0001,0.05,9.97504766866387e-05,0.0500246915824398,0.249523313361317,0.0493831648796655,1,1,13.3062586950582,70.0543837805672,10.109090337881,1.76854850141835,PASS
nominal,56,0.0001,0.05,0.000100091254073528,0.0499985270091852,0.0912540735282581,0.00294598162967064,1,1,13.3928934289026,68.063280080607,12.0389404231656,2.9267935622035,PASS
nominal,57,0.0001,0.05,9.96902755394132e-05,0.0500069198235856,0.30972446058683,0.0138396471711377,1,1,13.82432644628,69.6422430406124,10.0735386026154,1.72027348673437,PASS
nominal,58,0.0001,0.05,9.99915959386032e-05,0.050178227094444,0.00840406139682648,0.356454188887925,1,1,13.6989971733541,69.1112645224698,14.4540966634776,2.14819044810044,PASS
nominal,59,0.0001,0.05,0.000100196592237772,0.0506649912065782,0.196592237772464,1.32998241315641,1,1,13.8224176714938,71.8761902161547,13.0789751087309,1.6455530173856,PASS
nominal,60,0.0001,0.05,9.96509044437451e-05,0.0494239741393954,0.349095556254905,1.15205172120929,1,1,13.9567627511924,68.260118243246,12.3125696873631,1.44089840984357,PASS
nominal,61,0.0001,0.05,0.000100010329905279,0.0500190986276851,0.0103299052792508,0.0381972553702703,1,1,13.449010644009,72.6478137338948,7.86461114530376,2.36633743290462,PASS
nominal,62,0.0001,0.05,0.000100416015006983,0.0498405938604445,0.416015006983263,0.318812279111097,1,1,13.6693174164468,70.644296667136,12.3301120079139,2.65795284413106,PASS
nominal,63,0.0001,0.05,9.99160704761608e-05,0.0502272820348817,0.083929523839185,0.454564069763491,1,1,13.7952099153855,71.4873120144702,10.3809561794324,2.08109409562002,PASS
nominal,64,0.0001,0.05,9.97595071140069e-05,0.0496103412024104,0.240492885993085,0.779317595179116,1,1,13.6227683962288,67.8578440779722,8.15752710928605,1.96186112018949,PASS
nominal,65,0.0001,0.05,9.92801896342157e-05,0.0500173679964615,0.7198103657843,0.0347359929229601,1,1,13.9168199481754,71.6483575385441,6.366791487383,2.45224999153233,PASS
nominal,66,0.0001,0.05,9.96628922028737e-05,0.0502326362946454,0.337107797126308,0.465272589290786,1,1,13.6566957236831,64.5172121103699,12.7983607758445,1.56614153109731,PASS
nominal,67,0.0001,0.05,9.99317274818876e-05,0.0501166378131803,0.0682725181124058,0.233275626360635,1,1,13.4957410012869,70.6502907328958,12.1270565422275,1.833369390161,PASS
nominal,68,0.0001,0.05,0.000100083048532939,0.0497420325409312,0.0830485329386601,0.515934918137576,1,1,13.5723604185038,70.641862196673,10.8221584178828,1.38659774485748,PASS
nominal,69,0.0001,0.05,0.000100090728956194,0.0496206898316649,0.0907289561941343,0.758620336670179,1,1,13.562340502027,70.324771090212,12.6844094608582,2.3223862521175,PASS
nominal,70,0.0001,0.05,0.000100333151525494,0.0497088077208144,0.333151525493513,0.582384558371132,1,1,13.5452894263896,71.1507400009086,16.0283427707684,2.84407334508196,PASS
nominal,71,0.0001,0.05,9.98677769752203e-05,0.0492921356476588,0.132223024779693,1.41572870468237,1,1,13.540486224758,70.3279389849293,12.4330435772356,2.72334756025916,PASS
nominal,72,0.0001,0.05,0.000100152321656186,0.0499363922283101,0.152321656186232,0.127215543379883,1,1,13.6653525773892,71.6423809015871,5.74308598645611,2.74483162300803,PASS
nominal,73,0.0001,0.05,9.97691659300119e-05,0.0503135049460998,0.230834069988073,0.627009892199645,1,1,13.7819871540115,67.8619892062256,9.51191417680478,1.92299944614664,PASS
nominal,74,0.0001,0.05,9.98033590469898e-05,0.0501528750755337,0.196640953010227,0.305750151067374,1,1,14.1111890186844,72.1046022171044,16.2041167082685,1.61681175667906,PASS
nominal,75,0.0001,0.05,0.000100306027309774,0.0498869876134034,0.306027309773861,0.226024773193251,1,1,14.1618408962977,69.4159834409076,6.73700890787037,2.27596233451702,PASS
nominal,76,0.0001,0.05,0.000100211752887421,0.0503385176333649,0.211752887421056,0.677035266729839,1,1,13.3613452343375,70.3827831351623,6.86021412623886,1.52558605895943,PASS
nominal,77,0.0001,0.05,0.000100039051446873,0.0492238701220747,0.0390514468729975,1.55225975585067,1,1,13.4833215747645,70.7937216682327,14.9689430595284,2.36754182839242,PASS
nominal,78,0.0001,0.05,0.00010014477863471,0.0506879023192914,0.144778634710179,1.37580463858286,1,1,12.9914338051169,69.6940412691548,18.3726589262671,1.60458317923591,PASS
nominal,79,0.0001,0.05,9.94635334893695e-05,0.0502263006089223,0.53646651063051,0.452601217844656,1,1,13.199345280866,70.2227774558553,9.1745876091041,1.93032101128582,PASS
nominal,80,0.0001,0.05,0.00010040168068812,0.0498931863548693,0.401680688120085,0.213627290261503,1,1,13.7371478638977,68.7947673716848,14.2033994678143,2.24312624686295,PASS
nominal,81,0.0001,0.05,0.000100277526038914,0.0501902145652159,0.277526038913842,0.380429130431792,1,1,13.511039507672,68.5490257137603,12.7053048210962,1.91544683582671,PASS
nominal,82,0.0001,0.05,9.97284331445421e-05,0.0494346213954647,0.271566855457889,1.1307572090707,1,1,13.4510914851696,72.0965277108095,14.6952724622569,2.01110276882375,PASS
nominal,83,0.0001,0.05,9.9733232309024e-05,0.0495080892995116,0.266767690976029,0.9838214009769,1,1,13.717707833307,66.9818651007883,14.9798388826428,2.24243152771677,PASS
nominal,84,0.0001,0.05,9.98402092143714e-05,0.0499522538820518,0.159790785628558,0.0954922358964994,1,1,12.9793036995844,67.8150224357169,11.8983525512417,1.6743058623369,PASS
nominal,85,0.0001,0.05,9.93940815497534e-05,0.0495330451865505,0.605918450246627,0.933909626899015,1,1,13.0541197221357,67.5243700109674,6.04114567290186,2.47743776395388,PASS
nominal,86,0.0001,0.05,9.96513098715992e-05,0.0504014572753779,0.348690128400815,0.802914550755873,1,1,13.4627759819377,70.2214806351804,20.4961024189201,2.30634022682826,PASS
nominal,87,0.0001,0.05,0.000100401856495929,0.050477104551665,0.40185649592911,0.954209103330023,1,1,13.3738785029823,70.1945148189378,15.2486973029361,1.63162173785151,PASS
nominal,88,0.0001,0.05,0.000100134973861818,0.0501190531572769,0.134973861817708,0.238106314553774,1,1,13.352351473145,70.4056879809611,6.5096545092054,2.46019493658804,PASS
nominal,89,0.0001,0.05,9.96580496813613e-05,0.0505807397217934,0.341950318638658,1.16147944358672,1,1,13.6296938579502,68.9266842857534,6.954488527732,1.85937057364766,PASS
nominal,90,0.0001,0.05,9.9493649601164e-05,0.0499264552603139,0.506350398836016,0.147089479372225,1,1,14.0349930370103,71.3707976542187,5.92588684470358,2.16494977670233,PASS
nominal,91,0.0001,0.05,9.96208717118528e-05,0.0507574510546722,0.379128288147254,1.51490210934437,1,1,13.0882369713046,69.365849079198,9.79077906645077,2.15604716601865,PASS
nominal,92,0.0001,0.05,0.000100094517338426,0.049395975768227,0.094517338425682,1.20804846354601,1,1,13.4203840629443,69.9324642051274,7.10316214767589,2.62063382685023,PASS
nominal,93,0.0001,0.05,9.97748045852043e-05,0.0504209005717417,0.225195414795692,0.841801143483353,1,1,13.3027324608485,69.4139065733807,8.50807396925405,2.33987657146139,PASS
nominal,94,0.0001,0.05,0.000100253582865547,0.0497098200657178,0.253582865546883,0.580359868564417,1,1,13.3439899344947,68.0238113816881,8.30989968960139,2.24235045531303,PASS
nominal,95,0.0001,0.05,0.000100045446221445,0.0502834591808335,0.0454462214450111,0.566918361667029,1,1,13.5194664842631,66.4059645889981,10.193211758776,2.16459325694493,PASS
nominal,96,0.0001,0.05,0.000100259489576262,0.0500329114640957,0.259489576261854,0.0658229281914335,1,1,13.1916337063068,69.518170672172,7.43379145629425,2.04823102656697,PASS
nominal,97,0.0001,0.05,9.98812458485753e-05,0.0495441820149215,0.118754151424741,0.911635970157074,1,1,13.8043935774171,70.6855741147901,8.406392411647,2.94714006578703,PASS
nominal,98,0.0001,0.05,0.000100095258591888,0.0504373309524249,0.0952585918881284,0.874661904849763,1,1,12.8818600417434,68.079577797379,7.51858654483028,2.35863102710441,PASS
nominal,99,0.0001,0.05,9.9567707891164e-05,0.0497976001614029,0.432292108835979,0.404799677194118,1,1,13.4211992323391,71.6364620196929,11.8638660490545,2.34768471760769,PASS
nominal,100,0.0001,0.05,9.89882124570057e-05,0.0499221605945883,1.01178754299429,0.155678810823331,0,1,14.2440295436194,69.69290321528,18.5775632596347,1.69749460101633,PASS
nominal,101,0.0001,0.05,9.97155515529553e-05,0.0495335578284606,0.284448447044689,0.932884343078783,1,1,13.6942313886388,68.2707832332606,8.14902541625837,1.96514049925594,PASS
nominal,102,0.0001,0.05,9.98757954333416e-05,0.0506701645088387,0.124204566658413,1.34032901767731,1,1,12.9715898542822,68.6835048865662,13.3207680044654,2.22011728133295,PASS
nominal,103,0.0001,0.05,9.89338560927386e-05,0.0507434640312099,1.06614390726143,1.48692806241979,0,1,13.5176747526015,70.6425292212829,12.180748695437,3.61823508717427,PASS
nominal,104,0.0001,0.05,0.000100181513437496,0.0497769755150995,0.181513437495716,0.44604896980098,1,1,13.2761078750142,70.7276792547809,7.84060509333283,2.69782851869093,PASS
nominal,105,0.0001,0.05,0.000100219300184211,0.0492797312960174,0.219300184211139,1.44053740796517,1,1,13.6721277041249,69.7293184123342,17.3482511216904,2.04675927506322,PASS
nominal,106,0.0001,0.05,0.000100178703592621,0.050073479124013,0.178703592620659,0.146958248026019,1,1,13.0781593966863,68.2167455323981,11.9414630954082,2.06610158018076,PASS
nominal,107,0.0001,0.05,9.99309957708628e-05,0.0498748893878218,0.0690042291371707,0.250221224356389,1,1,13.4287927991537,66.8133793452652,10.2637203155437,2.0225307437732,PASS
nominal,108,0.0001,0.05,0.000100593947929282,0.0497527098983864,0.593947929281523,0.494580203227235,1,1,13.2627903496514,71.117489663837,7.68616816734158,1.46517995064748,PASS
nominal,109,0.0001,0.05,0.000100025711553243,0.050111240887939,0.0257115532432885,0.222481775877928,1,1,13.0672465488169,66.4508204411104,12.0794361129779,1.9917473674398,PASS
nominal,110,0.0001,0.05,9.8979398484609e-05,0.0500601478262542,1.02060151539102,0.120295652508456,0,1,13.8759864640585,71.2001856573229,13.5101048886695,1.82415685274765,PASS
nominal,111,0.0001,0.05,0.000100668978100977,0.0498506560212208,0.668978100976651,0.298687957558399,1,1,13.5775727930089,68.8616615481751,18.8001574231442,1.87088019268588,PASS
nominal,112,0.0001,0.05,0.000100295770442894,0.0495637847349863,0.295770442894036,0.872430530027474,1,1,13.7519301624932,70.9856776435727,16.2608007282871,1.40647401424836,PASS
nominal,113,0.0001,0.05,9.98009275868594e-05,0.0498971706164467,0.199072413140631,0.205658767106681,1,1,13.5389108039099,66.9573789882839,13.9664580811195,1.70674500779393,PASS
nominal,114,0.0001,0.05,9.97508099055548e-05,0.0500194297396348,0.24919009444518,0.0388594792695846,1,1,13.3271684334914,66.6337130995224,10.6884774105824,1.88350832626528,PASS
nominal,115,0.0001,0.05,0.000100360060861518,0.0495116058775572,0.36006086151837,0.976788244885562,1,1,13.2183551807602,70.2935640267469,13.0200809021077,2.61820825885807,PASS
nominal,116,0.0001,0.05,0.000100408885294851,0.0504179858326333,0.408885294850666,0.83597166526661,1,1,13.5915202357247,67.7415442190754,10.5284727541878,2.02146020169055,PASS
nominal,117,0.0001,0.05,0.000100026057155537,0.0498374228854074,0.0260571555368302,0.32515422918529,1,1,13.5146856431001,69.7711797817421,8.07225431450965,2.0481899937259,PASS
nominal,118,0.0001,0.05,9.95926694951998e-05,0.0501492633670684,0.407330504800243,0.298526734136842,1,1,13.8375894988127,68.1152270439936,5.21113441811564,1.36142817128546,PASS
nominal,119,0.0001,0.05,9.96271415336431e-05,0.049915761845986,0.372858466356923,0.168476308027993,1,1,14.1237195515753,71.8203500697983,9.19823336096252,1.64359589232723,PASS
nominal,120,0.0001,0.05,9.98837241878951e-05,0.049784906214809,0.11627581210495,0.430187570382073,1,1,13.627075489407,71.8458270659416,11.314147592781,2.36446804432845,PASS
nominal,121,0.0001,0.05,9.93358401365473e-05,0.0502644738215227,0.664159863452736,0.528947643045424,1,1,14.0261130618575,72.0035217320669,9.98563178293057,1.5841475030157,PASS
nominal,122,0.0001,0.05,9.97988983474289e-05,0.050533800011893,0.201101652571147,1.06760002378609,1,1,12.7453744633634,66.4420267223311,11.1047726762384,1.48174162568008,PASS
nominal,123,0.0001,0.05,9.97027978373796e-05,0.0497038383958019,0.297202162620371,0.592323208396278,1,1,13.1029200114047,75.7561170867315,17.3806843760145,2.1943960853253,PASS
nominal,124,0.0001,0.05,0.000100211765804931,0.0500955506701984,0.211765804930661,0.191101340396863,1,1,13.6330623153506,70.4590715467437,7.48219009553923,2.3995056919503,PASS
nominal,125,0.0001,0.05,0.000100488630967553,0.0501456303649418,0.488630967552958,0.2912607298836,1,1,13.2268632176892,66.8141533558237,18.9995614681409,2.75019439234186,PASS
nominal,126,0.0001,0.05,9.9766201922019e-05,0.0502186631830812,0.23379807798103,0.437326366162422,1,1,13.2193853470264,70.0359107748127,14.8655787385046,3.7464508585218,PASS
nominal,127,0.0001,0.05,9.95042078224475e-05,0.0495095769274767,0.495792177552547,0.980846145046524,1,1,13.4288414450234,68.5745873497901,7.34018280226283,1.74792982572684,PASS
nominal,128,0.0001,0.05,9.96612109349533e-05,0.0507413902394897,0.33878906504671,1.48278047897948,1,1,13.9576162378275,67.8733357274469,12.9214352189092,1.58588096283611,PASS
nominal,129,0.0001,0.05,9.97715126821275e-05,0.0502774431821828,0.228487317872469,0.554886364365556,1,1,13.1610578351246,69.0335180866442,10.1742460278792,2.43238853758981,PASS
nominal,130,0.0001,0.05,0.000100464093766073,0.0497738470558702,0.464093766072964,0.452305888259605,1,1,14.3728723808682,72.0793063600455,10.1240174377614,2.34281463433174,PASS
nominal,131,0.0001,0.05,9.9589559370324e-05,0.0498813261558198,0.410440629676034,0.237347688360354,1,1,13.1371873031497,69.3638775885379,8.52055181575474,3.00129800159197,PASS
nominal,132,0.0001,0.05,0.000100296954917909,0.0503207061950971,0.296954917908553,0.641412390194107,1,1,12.9188891151719,69.911428493664,15.6364138522103,1.5490418472375,PASS
nominal,133,0.0001,0.05,0.000100161340132174,0.0493260811219262,0.161340132173499,1.34783775614766,1,1,13.4488437227563,70.6994716262458,15.1101650880882,2.12477048749547,PASS
nominal,134,0.0001,0.05,0.00010049118931865,0.0502993002036865,0.491189318649928,0.598600407372959,1,1,12.5094692858663,68.1760874337831,11.4491778506444,2.26244408744969,PASS
nominal,135,0.0001,0.05,9.99743857055758e-05,0.0496029705878555,0.0256142944242074,0.794058824289096,1,1,13.614296719958,74.0653977347544,11.2734755553147,2.32627292519184,PASS
nominal,136,0.0001,0.05,0.000100198590311192,0.0505745442884315,0.198590311192425,1.1490885768629,1,1,13.7765769114308,70.3683642610417,12.7032867780759,2.53084319740098,PASS
nominal,137,0.0001,0.05,0.000100925553772376,0.0499055619451331,0.925553772376176,0.188876109733879,1,1,13.8754001746629,70.0608156830055,8.24464924663299,2.28616723994342,PASS
nominal,138,0.0001,0.05,9.99276954248592e-05,0.0508122879876719,0.0723045751407653,1.62457597534381,1,1,13.2964848819293,71.3056306905855,22.5053181913812,2.41526119209396,PASS
nominal,139,0.0001,0.05,9.97030268992679e-05,0.0490887410822602,0.296973100732126,1.82251783547956,1,1,12.9585937170871,68.1658887396033,7.93232211958607,2.23217475829962,PASS
nominal,140,0.0001,0.05,0.000100153368607179,0.0504626607039553,0.153368607178875,0.925321407910587,1,1,13.6681449785545,70.2982539362106,15.1327171261913,3.09948321306692,PASS
nominal,141,0.0001,0.05,9.95748189059287e-05,0.0505322706470981,0.425181094071295,1.06454129419616,1,1,13.6147335195195,71.4516108696856,8.2801214971512,2.00564458982958,PASS
nominal,142,0.0001,0.05,9.93685348547117e-05,0.0504763165523503,0.631465145288268,0.952633104700534,1,1,13.3550109564975,69.193759475035,8.64156190369196,1.43562387054272,PASS
nominal,143,0.0001,0.05,0.000100105780552624,0.0489858830505574,0.105780552623878,2.02823389888512,1,1,13.7758230509905,64.8928886056818,28.2389090686245,2.65900788933568,PASS
nominal,144,0.0001,0.05,9.9845844589476e-05,0.0508519265371363,0.154155410523967,1.70385307427266,1,1,13.6857205173613,70.3073360141318,7.57468965086362,2.55168928283545,PASS
nominal,145,0.0001,0.05,9.87967208649256e-05,0.0509989281015018,1.20327913507438,1.99785620300354,0,1,13.5900734069377,70.7968666200148,7.54152543453921,2.40925667825286,PASS
nominal,146,0.0001,0.05,9.99672088245996e-05,0.050277568093725,0.0327911754004515,0.555136187450012,1,1,13.5508310662997,70.2997912256326,11.9257905810412,1.71592766407623,PASS
nominal,147,0.0001,0.05,0.000100149770227174,0.0499815291374657,0.149770227174265,0.0369417250686427,1,1,13.6283213824074,70.363283808619,23.2710553872695,3.09995690034888,PASS
nominal,148,0.0001,0.05,9.95609328851796e-05,0.0504582189552498,0.439067114820375,0.916437910499515,1,1,13.7170206724548,66.8119431901607,12.3626550851671,1.48595970672424,PASS
nominal,149,0.0001,0.05,0.000100157731315477,0.0499431114249361,0.157731315477406,0.113777150127808,1,1,13.1225933728233,68.1658593877439,14.0943331761088,1.8652332739687,PASS
nominal,150,0.0001,0.05,0.000100078877389065,0.0490391235185699,0.0788773890650151,1.92175296286023,1,1,13.1856057468327,70.6882907495423,10.2446280684987,1.06489636647616,PASS
nominal,151,0.0001,0.05,0.000100421479698631,0.0492019471862277,0.421479698631459,1.5961056275447,1,1,13.5386795659591,73.1317664485072,8.31727337088253,1.44816938449424,PASS
nominal,152,0.0001,0.05,0.000100054534513778,0.05001549700045,0.0545345137778941,0.0309940008999809,1,1,13.4762531908189,70.4516575229822,11.2508834792176,2.2666661076753,PASS
nominal,153,0.0001,0.05,0.000100002309069992,0.0499428724144192,0.0023090699917042,0.114255171161537,1,1,14.1321743307998,66.5098006119364,10.6817057711671,2.18309175760426,PASS
nominal,154,0.0001,0.05,9.98731098675859e-05,0.0505001801200448,0.126890132414085,1.00036024008955,1,1,13.1698480309827,68.6263934828299,5.77144780354723,2.85203122306403,PASS
nominal,155,0.0001,0.05,9.99129259992877e-05,0.0501045436673001,0.0870740007123108,0.209087334600122,1,1,13.6027379281729,72.8937013894898,10.8876899697501,1.77792052717043,PASS
nominal,156,0.0001,0.05,0.000100304245407034,0.0504287928570819,0.304245407034079,0.857585714163805,1,1,12.8949980266918,69.3931922701411,16.1021011842813,1.86265818624016,PASS
nominal,157,0.0001,0.05,9.94146868884906e-05,0.0499505498236326,0.585313111509372,0.0989003527348958,1,1,13.4005757705585,69.0004889449826,10.5796484721863,1.71795850927361,PASS
nominal,158,0.0001,0.05,9.97193299761544e-05,0.0506838956708113,0.280670023845641,1.3677913416226,1,1,13.5924718613478,71.6874207356709,10.8309764196182,4.25465397179991,PASS
nominal,159,0.0001,0.05,0.000100347134177656,0.0506382565050503,0.347134177655818,1.2765130101005,1,1,13.5175773377878,66.9971145177085,13.7202266460082,2.03867742150824,PASS
nominal,160,0.0001,0.05,9.97859272299184e-05,0.0504428375216389,0.214072770081622,0.885675043277828,1,1,13.5837086768931,73.9080808587776,7.10622307148903,2.55914903142301,PASS
nominal,161,0.0001,0.05,0.000100386335999258,0.0501502040155141,0.38633599925772,0.30040803102821,1,1,13.4110579958739,67.2901237900132,11.6703140923332,1.9028645160668,PASS
nominal,162,0.0001,0.05,0.000100288465788386,0.0508601453578891,0.288465788385572,1.72029071577814,1,1,13.5747773203813,69.0558877710689,4.01873291398689,2.55662634687794,PASS
nominal,163,0.0001,0.05,9.95621695411523e-05,0.050249026096385,0.437830458847722,0.498052192770007,1,1,12.7741710730938,70.7926631771826,16.119181977594,2.25261840803957,PASS
nominal,164,0.0001,0.05,0.000100419798873788,0.0498303524400085,0.419798873787906,0.339295119983041,1,1,13.6737098458225,67.8457414893314,6.43640985468386,2.41591047286872,PASS
nominal,165,0.0001,0.05,0.000100922930600318,0.0497129030429798,0.922930600317728,0.574193914040497,1,1,13.4418469583422,73.1528220625653,12.9386954576236,2.26992251404882,PASS
nominal,166,0.0001,0.05,0.000100255577908505,0.0499656410738226,0.255577908504935,0.0687178523548909,1,1,13.7821193894166,69.9259114591359,13.2737374581985,2.23966192248644,PASS
nominal,167,0.0001,0.05,0.000100268403251054,0.0499697932089755,0.268403251053729,0.0604135820490015,1,1,13.9237402818059,73.2043157103775,7.95245765618025,1.73919829710305,PASS
nominal,168,0.0001,0.05,9.98112430032122e-05,0.0505307595541244,0.188756996787797,1.06151910824871,1,1,13.3106454588761,70.2321818895086,18.055161896755,1.78984463185624,PASS
nominal,169,0.0001,0.05,9.99898753741609e-05,0.0499473601756971,0.0101246258390623,0.105279648605766,1,1,14.1095680843276,69.0029585042562,15.1739453582419,3.0768121364839,PASS
nominal,170,0.0001,0.05,9.98856975135927e-05,0.0493738526699986,0.11430248640728,1.25229466000289,1,1,13.0582398873067,72.806356009197,8.16777281255575,2.65115850475711,PASS
nominal,171,0.0001,0.05,9.96556841219459e-05,0.0500607422680549,0.344315878054056,0.121484536109787,1,1,13.7568683836956,65.8283340889303,7.83183476885195,1.68192910661884,PASS
nominal,172,0.0001,0.05,9.97514786958467e-05,0.0498331643510185,0.248521304153275,0.333671297963078,1,1,13.6456554130618,70.6098290828017,11.0895110892847,2.07770869505456,PASS
nominal,173,0.0001,0.05,0.000100141911378552,0.0500271484582317,0.141911378551915,0.0542969164634144,1,1,13.5313574694699,73.534581493039,9.46293878274612,1.22885551977843,PASS
nominal,174,0.0001,0.05,9.93470952083074e-05,0.0508346470167618,0.652904791692625,1.66929403352363,1,1,13.0979291290067,68.416834611156,5.59818287417538,1.86916003931997,PASS
nominal,175,0.0001,0.05,9.94112231276234e-05,0.0504753547639588,0.588776872376571,0.95070952791762,1,1,12.902424749077,67.6631623627268,17.1171096006687,1.83003190207952,PASS
nominal,176,0.0001,0.05,0.000100326370525226,0.04980298324948,0.326370525225542,0.39403350103992,1,1,13.9259103620513,66.2436768330693,12.0554951344706,2.14739368674998,PASS
nominal,177,0.0001,0.05,0.000100887524999511,0.0499941853767886,0.887524999511035,0.0116292464227424,1,1,13.8157623467764,71.3126462733202,13.6553082397364,1.45341768991099,PASS
nominal,178,0.0001,0.05,9.91142835005425e-05,0.0500954453531483,0.885716499457519,0.190890706296507,1,1,13.8219711145784,68.8330238923289,13.7897224657595,1.92138955845396,PASS
nominal,179,0.0001,0.05,9.98721375572803e-05,0.0503514685004144,0.127862442719732,0.702937000828754,1,1,13.9556244349742,71.0625964582081,7.26967298784824,2.23937877953561,PASS
nominal,180,0.0001,0.05,0.000100297423905511,0.0495458044968357,0.297423905511022,0.908391006328543,1,1,12.981980156991,69.3157281830315,10.9110580780641,2.72415559952758,PASS
nominal,181,0.0001,0.05,0.000100308059402284,0.0507919562365151,0.308059402283546,1.58391247303022,1,1,13.3942999771988,69.5152693070042,4.36301720544928,1.88941555874104,PASS
nominal,182,0.0001,0.05,9.96996924336301e-05,0.050239626570799,0.300307566369882,0.479253141597968,1,1,13.4169702448106,67.9575006358089,14.5629913223967,2.5376787284543,PASS
nominal,183,0.0001,0.05,0.000100271686377913,0.0495794458784773,0.271686377913054,0.841108243045341,1,1,13.2958218354879,68.4134307879471,12.7363632185006,2.05686624753509,PASS
nominal,184,0.0001,0.05,0.000100042734988554,0.0504083452477813,0.0427349885536452,0.816690495562614,1,1,13.5378416872746,67.8797935337689,15.7870919384018,1.29797061141146,PASS
nominal,185,0.0001,0.05,9.97279834325371e-05,0.0495029271883692,0.272016567462937,0.994145623261583,1,1,13.753939141731,71.0275038790262,12.3968734324093,1.95095002030112,PASS
nominal,186,0.0001,0.05,0.000100060413745149,0.0502613627940508,0.0604137451487607,0.522725588101541,1,1,12.8912418708122,66.7610747113312,20.354568994642,2.12360025319735,PASS
nominal,187,0.0001,0.05,0.000100655033281887,0.0503307787359873,0.655033281887201,0.661557471974591,1,1,13.4522301705807,71.2363647946479,10.9293992056225,3.02961187423283,PASS
nominal,188,0.0001,0.05,9.9752615218833e-05,0.0490677315514869,0.247384781167052,1.86453689702615,1,1,13.687745544598,69.5718039141747,12.2223567584557,2.76013776308723,PASS
nominal,189,0.0001,0.05,9.95891317095444e-05,0.0501985143569304,0.410868290455572,0.397028713860742,1,1,13.4479624949758,71.7223068913226,8.14443959183781,1.39717137781642,PASS
nominal,190,0.0001,0.05,9.96969898711387e-05,0.0498886856209748,0.303010128861292,0.222628758050486,1,1,13.5068125608452,71.4092341456005,11.7873060213534,1.82064211486764,PASS
nominal,191,0.0001,0.05,0.0001007884295937,0.0501884325002982,0.788429593700328,0.376865000596485,1,1,14.1102454537045,69.1466351324676,6.66471219013324,3.04397819782827,PASS
nominal,192,0.0001,0.05,0.000100003591222084,0.0502818321453503,0.00359122208384269,0.563664290700525,1,1,13.6059959480684,67.9631579314343,16.4816037928254,3.03366780004682,PASS
nominal,193,0.0001,0.05,9.9457183118563e-05,0.0506264769912368,0.542816881436974,1.25295398247353,1,1,13.7329513348014,70.2091365722588,11.4685694314535,1.77755744750102,PASS
nominal,194,0.0001,0.05,0.000100202215629157,0.0496122315879305,0.202215629157293,0.775536824138917,1,1,12.9216217024685,70.590687649565,10.6434109097489,1.27119600290907,PASS
nominal,195,0.0001,0.05,0.000100380075901558,0.0493679847846237,0.380075901557574,1.26403043075257,1,1,12.5,68.11871614209,8.96036434237462,1.74952762273837,PASS
nominal,196,0.0001,0.05,9.90218434649268e-05,0.0508893654706319,0.978156535073237,1.77873094126382,0,1,14.0102372366021,71.8735792554703,16.0313187123718,1.75211371826091,PASS
nominal,197,0.0001,0.05,9.98524767106662e-05,0.0494316050012413,0.147523289333791,1.13678999751743,1,1,13.8906444516865,71.2897124765827,5.80066345481152,3.086281936353,PASS
nominal,198,0.0001,0.05,0.000100373579784166,0.049239841576346,0.373579784166442,1.52031684730791,1,1,13.2782946808176,70.6841118601327,9.77485896347169,2.41708302992912,PASS
nominal,199,0.0001,0.05,9.9780812873244e-05,0.0503636195362645,0.219187126755977,0.727239072528987,1,1,14.1192075107162,70.9647381218532,9.16670039680874,1.9363054434,PASS
nominal,200,0.0001,0.05,0.000100000728924823,0.0501643931957041,0.000728924822763913,0.328786391408098,1,1,13.4182223308923,69.3748800448005,8.18203291758742,2.2489476839556,PASS
high_load,1,0.0001,0.05,9.9542008793786e-05,0.0502516015014714,0.457991206214003,0.503203002942723,1,1,13.1523555679326,71.9383107638057,15.360813239155,1.83922136150859,PASS
high_load,2,0.0001,0.05,0.000100093829169651,0.0498464448585681,0.0938291696514243,0.30711028286376,1,1,13.2096522848295,70.9898478015634,13.2689297283443,1.58110152442078,PASS
high_load,3,0.0001,0.05,9.9867467643475e-05,0.0506224444486757,0.132532356524956,1.24488889735148,1,1,13.6550007840965,70.7639189386056,7.66148604054371,1.54724360727878,PASS
high_load,4,0.0001,0.05,9.98739741202612e-05,0.050169961877065,0.126025879738828,0.339923754129903,1,1,13.8803533072286,70.7310971453715,15.7471736444422,1.83836716157073,PASS
high_load,5,0.0001,0.05,0.000100621343445581,0.0501634240382982,0.621343445580887,0.326848076596414,1,1,13.0919336151419,72.8021026548497,7.00484672693439,2.43799799000376,PASS
high_load,6,0.0001,0.05,0.000100578478735454,0.0503999444892263,0.578478735454064,0.799888978452526,1,1,13.5526734182332,69.0204559852356,6.75352961482639,3.09927812012812,PASS
high_load,7,0.0001,0.05,9.94259498329063e-05,0.049829554159457,0.574050167093717,0.340891681086086,1,1,14.02240280384,70.2360152559307,15.5306396581309,1.71895460942485,PASS
high_load,8,0.0001,0.05,0.000100291140104955,0.0503888337999707,0.291140104954955,0.77766759994137,1,1,13.875621152642,71.0713272157661,7.12527769825113,1.84731809790703,PASS
high_load,9,0.0001,0.05,0.000100176458269041,0.0490231518131929,0.176458269041211,1.95369637361412,1,1,13.043776571134,70.4911849333481,8.04243663403247,1.57216238249029,PASS
high_load,10,0.0001,0.05,0.000101234399882115,0.0500499696450121,1.23439988211549,0.0999392900241231,0,1,13.4004364896682,70.5169172526305,11.5177325840117,1.63534937085685,PASS
high_load,11,0.0001,0.05,0.000100035954855036,0.0496652156416585,0.0359548550358689,0.669568716683069,1,1,13.1418988792074,67.701495098334,9.20275587505908,2.08822523316779,PASS
high_load,12,0.0001,0.05,0.000100647135966807,0.0499166629915993,0.647135966807036,0.166674016801358,1,1,13.9148087671141,66.5128785533089,9.61470837028903,2.89402516176872,PASS
high_load,13,0.0001,0.05,0.000100424332837468,0.0500425444636289,0.424332837467963,0.0850889272577537,1,1,13.9210939398905,67.6266106947633,13.0929947219511,1.97123207336481,PASS
high_load,14,0.0001,0.05,0.000100228711673649,0.0497276873498229,0.228711673648844,0.544625300354262,1,1,14.3148075739515,70.5737181079391,5.99175321944782,2.0414431363519,PASS
high_load,15,0.0001,0.05,9.99075181788144e-05,0.0495654372192968,0.092481821185609,0.869125561406503,1,1,13.1458014999128,70.938203292698,7.62003066317812,1.37095907177875,PASS
high_load,16,0.0001,0.05,9.97108997371151e-05,0.0496757903971535,0.289100262884919,0.648419205693029,1,1,14.1395907255515,66.3562464548331,13.5677721571176,2.35604972552126,PASS
high_load,17,0.0001,0.05,0.000100397633963587,0.0496822681719941,0.397633963586844,0.635463656011859,1,1,13.8369503591951,72.6128201850803,7.50706345135304,3.05669179746865,PASS
high_load,18,0.0001,0.05,0.000100405697704972,0.0504689218315462,0.4056977049722,0.93784366309245,1,1,13.9742368864611,73.0098354312755,6.99226129307234,1.32931057789937,PASS
high_load,19,0.0001,0.05,9.97919693422074e-05,0.0499478551626144,0.208030657792571,0.104289674771274,1,1,14.2027047076902,68.9416927807484,9.86337460359371,2.9628217514692,PASS
high_load,20,0.0001,0.05,0.000100368514814205,0.0505341525019214,0.368514814204539,1.06830500384276,1,1,13.8916786171022,71.3860420541439,12.4404190291891,1.94852512040743,PASS
high_load,21,0.0001,0.05,9.93674530036454e-05,0.050715160513409,0.63254699635456,1.43032102681802,1,1,13.4282641004181,66.641179850615,9.72706372153102,1.44702772903667,PASS
high_load,22,0.0001,0.05,9.99539200021283e-05,0.0502691225004343,0.0460799978716821,0.53824500086852,1,1,13.7087163129176,67.2694943308485,19.04834881792,1.86635773343576,PASS
high_load,23,0.0001,0.05,9.92270323673022e-05,0.0504083500992201,0.772967632697776,0.816700198440143,1,1,13.5043361824088,67.901920505669,6.18749657128661,2.12719928355405,PASS
high_load,24,0.0001,0.05,9.9634284475597e-05,0.0496684861042596,0.365715524402966,0.663027791480891,1,1,13.5440684030413,71.2095576756825,12.7582495134708,1.5256761463587,PASS
high_load,25,0.0001,0.05,9.99408366694833e-05,0.0502227260952235,0.0591633305167079,0.445452190446907,1,1,13.067961130678,71.0044744190314,12.9356445703069,2.85431509108732,PASS
high_load,26,0.0001,0.05,0.000100515334404763,0.0497513269444762,0.515334404763447,0.497346111047653,1,1,13.5532941874666,68.6313224027702,7.11661121765712,1.51507834417228,PASS
high_load,27,0.0001,0.05,9.97357720048574e-05,0.0503161243778146,0.264227995142605,0.632248755629269,1,1,14.1179211470493,68.3718660460234,7.54621660417967,1.86240004463079,PASS
high_load,28,0.0001,0.05,0.000100561429773296,0.0498490104861074,0.561429773295941,0.301979027785199,1,1,13.7707424687514,73.5462191519677,33.6144124819735,2.15547231484505,PASS
high_load,29,0.0001,0.05,9.97211983242394e-05,0.0496988262224645,0.278801675760606,0.602347555071076,1,1,12.9693318297958,69.9085213308473,9.56337935795855,1.54900366749654,PASS
high_load,30,0.0001,0.05,9.96611483006724e-05,0.0505860871342213,0.338851699327637,1.17217426844259,1,1,12.8180385306763,73.5886693749517,21.0687423532981,1.21038799208152,PASS
high_load,31,0.0001,0.05,9.97517833643066e-05,0.0504435798805481,0.248216635693435,0.887159761096198,1,1,13.7022615190973,68.6081018973799,6.39849369116876,1.98367860073351,PASS
high_load,32,0.0001,0.05,0.000101027302637705,0.0495425194574731,1.02730263770545,0.91496108505372,0,1,13.4205994624001,68.7719673449232,11.3746967240429,1.77640528700827,PASS
high_load,33,0.0001,0.05,0.000100431874327028,0.049864774141336,0.431874327027861,0.270451717328091,1,1,13.6453244133394,69.9906757355282,8.4233006284053,1.28238488264404,PASS
high_load,34,0.0001,0.05,0.000100095911237713,0.0504006659824072,0.0959112377134374,0.801331964814384,1,1,14.2524926411858,69.2209619664735,9.70167852474751,2.19682053241924,PASS
high_load,35,0.0001,0.05,0.00010042758207443,0.0504518366410887,0.427582074429957,0.903673282177428,1,1,14.3210352523357,72.1390086464069,9.23021145766576,1.38852727397615,PASS
high_load,36,0.0001,0.05,0.0001002144344006,0.0496020730827889,0.214434400599918,0.795853834422239,1,1,13.9795917998698,70.0367217353889,8.21541440744362,2.0242925132025,PASS
high_load,37,0.0001,0.05,0.000100012811738118,0.0504370860610295,0.0128117381180469,0.874172122058911,1,1,12.8494623448589,68.1226512089024,6.20674562417746,1.29280427738207,PASS
high_load,38,0.0001,0.05,9.97701661669341e-05,0.0496246258182395,0.229833833065909,0.750748363520917,1,1,12.9204104955427,72.527729076078,8.31219820877713,2.46828735544682,PASS
high_load,39,0.0001,0.05,9.98657903557342e-05,0.0496668817548486,0.134209644265824,0.666236490302785,1,1,13.5317040638759,68.5574400612036,11.1716394740266,2.04892451751472,PASS
high_load,40,0.0001,0.05,9.94176538975952e-05,0.0503374541069625,0.582346102404849,0.674908213924963,1,1,13.6332493033845,73.6535667000574,8.74018386629984,1.75820614577557,PASS
high_load,41,0.0001,0.05,0.000100171158224225,0.050495587993893,0.171158224224937,0.99117598778603,1,1,12.9464701068759,68.9654181546802,21.2308692068843,3.96941481287349,PASS
high_load,42,0.0001,0.05,9.90788641811246e-05,0.0506222135560736,0.921135818875407,1.24442711214726,0,1,14.026170608008,69.9722627777862,12.4486545454065,1.4234759033205,PASS
high_load,43,0.0001,0.05,9.95343322971735e-05,0.0503810503267095,0.46566770282649,0.762100653418946,1,1,13.7606332783155,69.9994205165331,11.3003413724532,1.82534010667632,PASS
high_load,44,0.0001,0.05,9.96486106899615e-05,0.0506965038092987,0.351389310038536,1.39300761859737,1,1,13.865681604159,71.5049931884075,10.6879734825702,2.08674058606653,PASS
high_load,45,0.0001,0.05,0.000100071008894496,0.0505523157470173,0.071008894495688,1.10463149403456,1,1,13.3843279165739,67.0003722223375,14.9622679593138,2.16348283834365,PASS
high_load,46,0.0001,0.05,0.000100204178846662,0.0498005836862302,0.204178846661791,0.398832627539536,1,1,13.7092362596072,69.9008914098119,10.7918548391825,1.08222614329571,PASS
high_load,47,0.0001,0.05,0.000100264782216959,0.0493931238528825,0.264782216959021,1.21375229423502,1,1,13.7217134015451,69.160364364254,8.8384912028843,1.69967514592417,PASS
high_load,48,0.0001,0.05,0.000100023555063938,0.0497086083384953,0.0235550639380731,0.582783323009484,1,1,13.576829118121,68.2477372012998,11.4059911909122,2.27506500130295,PASS
high_load,49,0.0001,0.05,9.93455078187738e-05,0.0501346313235246,0.654492181226246,0.269262647049281,1,1,13.5095538082459,68.6465193559823,6.80237271567439,2.15488274256936,PASS
high_load,50,0.0001,0.05,0.000100709652022731,0.0496385847849993,0.709652022730901,0.722830430001403,1,1,13.542440945407,69.9623664427267,21.7884712446331,1.60441412264002,PASS
high_load,51,0.0001,0.05,9.97811013194512e-05,0.049811649272051,0.218898680548777,0.376701455897993,1,1,13.9728318438133,70.7330379560634,4.43431583048454,2.39498593627129,PASS
high_load,52,0.0001,0.05,9.95023935233769e-05,0.0505162184478145,0.497606476623078,1.03243689562899,1,1,13.1852839088764,68.7474953341791,7.12757661384949,1.50426491258724,PASS
high_load,53,0.0001,0.05,9.99278344402809e-05,0.04965063871697,0.0721655597190734,0.698722566059906,1,1,13.5664909299979,70.8609709405426,10.4447517804364,1.64897072084207,PASS
high_load,54,0.0001,0.05,9.92049712006885e-05,0.0503357399807269,0.795028799311536,0.671479961453864,1,1,13.1583564437086,70.7088450270375,10.3397528444637,1.95389768745578,PASS
high_load,55,0.0001,0.05,9.96498580699302e-05,0.0491257969642329,0.350141930069783,1.74840607153413,1,1,13.1101132602209,70.8264621828655,5.94066757582948,2.08305107512758,PASS
high_load,56,0.0001,0.05,0.00010020358861241,0.0501350238686902,0.203588612409815,0.270047737380402,1,1,12.9480000510866,66.1117268751541,10.4347656202674,2.8126166606482,PASS
high_load,57,0.0001,0.05,0.000100405026924477,0.0497423626288595,0.405026924477181,0.515274742281024,1,1,13.7897472152305,70.3803866823746,6.15677589675759,2.51151281397353,PASS
high_load,58,0.0001,0.05,9.97883166641902e-05,0.0500260756671307,0.211683335809787,0.0521513342614938,1,1,13.9809760901615,64.3261194142281,10.2186554218826,1.6297238503744,PASS
high_load,59,0.0001,0.05,9.92052309782519e-05,0.0503454700644793,0.794769021748103,0.690940128958623,1,1,13.1407086475417,68.4620351140793,9.25600915272116,1.52771084824271,PASS
high_load,60,0.0001,0.05,0.000100023199746421,0.0501701036305846,0.0231997464210869,0.340207261169276,1,1,12.7623043125864,68.4013337089816,13.4701687109649,2.72855293316354,PASS
high_load,61,0.0001,0.05,0.000100116310579045,0.0500771437364165,0.116310579045416,0.154287472832915,1,1,13.8380790617277,71.7669505054379,7.36255292646367,1.19176762384112,PASS
high_load,62,0.0001,0.05,9.9727250678401e-05,0.049968096249913,0.272749321598978,0.0638075001740401,1,1,12.9554689599717,69.0763434714638,6.58949463038453,1.88023289911464,PASS
high_load,63,0.0001,0.05,9.94382893500918e-05,0.0496628147119037,0.561710649908207,0.674370576192518,1,1,12.9677886939548,69.5987801896165,14.2081186743098,1.43134645062165,PASS
high_load,64,0.0001,0.05,0.000100515950446045,0.0497903298506823,0.515950446044748,0.419340298635426,1,1,14.2237754903289,70.0627640687658,20.1641086519798,1.76563797315202,PASS
high_load,65,0.0001,0.05,9.99053436851235e-05,0.0498909874890576,0.0946563148765536,0.218025021884796,1,1,13.7896178549472,69.0267512472318,7.8944341654754,2.78632761957532,PASS
high_load,66,0.0001,0.05,9.99612387379633e-05,0.0505442785851757,0.0387612620367407,1.08855717035135,1,1,13.8105450106324,71.1833867708725,6.45227889803705,1.85265508510099,PASS
high_load,67,0.0001,0.05,9.97453981488953e-05,0.0502488285782703,0.254601851104708,0.497657156540529,1,1,13.5570388748099,69.1483068171446,7.89857680684999,2.03092948247968,PASS
high_load,68,0.0001,0.05,9.94338651213053e-05,0.049883557410642,0.566134878694674,0.232885178715933,1,1,14.1565620892765,70.6490999262186,8.68367649746181,1.80433752547438,PASS
high_load,69,0.0001,0.05,9.94034645084429e-05,0.0499326958260314,0.596535491557095,0.134608347937201,1,1,13.6080970640715,72.2951884394021,14.8095294245071,2.11050594252894,PASS
high_load,70,0.0001,0.05,9.98507313053132e-05,0.0503541327538174,0.149268694686822,0.708265507634781,1,1,13.7136474231337,72.7085882061593,9.07937786192716,1.57654419246249,PASS
high_load,71,0.0001,0.05,9.99787454604855e-05,0.0501083082333145,0.0212545395145391,0.216616466628974,1,1,13.5343630873902,66.7802424444808,5.92075572698009,1.4331645898288,PASS
high_load,72,0.0001,0.05,9.9294375163057e-05,0.0495543167556535,0.705624836942956,0.891366488693007,1,1,13.7223112415291,70.0598919632898,11.1675096500287,2.20496514475309,PASS
high_load,73,0.0001,0.05,0.000100134609028641,0.0497373655583305,0.134609028641032,0.525268883338967,1,1,13.8519759329258,74.6704337347481,17.5025359450561,2.86651285669963,PASS
high_load,74,0.0001,0.05,0.000100058928938694,0.0497566238867811,0.0589289386941606,0.486752226437723,1,1,13.8750103275063,65.9963680579508,13.0795461568013,2.43263346306369,PASS
high_load,75,0.0001,0.05,9.92565228751194e-05,0.0502427568033327,0.743477124880569,0.485513606665336,1,1,13.16580592788,70.3591366767638,14.6117746825494,1.52934144536375,PASS
high_load,76,0.0001,0.05,0.000100383097824247,0.0497006647663834,0.383097824247495,0.598670467233248,1,1,12.8495117401353,69.3364038520122,14.4162101191532,2.08733911946708,PASS
high_load,77,0.0001,0.05,0.000100134259280168,0.0500543139335572,0.134259280168024,0.108627867114311,1,1,13.5544027622467,72.2073181318742,9.14295245240976,1.4635622296206,PASS
high_load,78,0.0001,0.05,0.000100095397217703,0.050068149473281,0.095397217703396,0.136298946561905,1,1,13.7866947562618,68.1187538584336,5.72474939020169,2.8413807221267,PASS
high_load,79,0.0001,0.05,9.99454815573215e-05,0.0492658948781009,0.0545184426784597,1.4682102437983,1,1,13.2328269563185,68.5900393603154,14.6454514219836,2.29580808206099,PASS
high_load,80,0.0001,0.05,0.000100291564887075,0.0499409906993617,0.291564887074794,0.118018601276568,1,1,13.8057602166099,70.7516770002208,12.8676996247405,1.53571575694905,PASS
high_load,81,0.0001,0.05,0.000100466703723441,0.0502145707619362,0.466703723440556,0.429141523872356,1,1,13.4863901582497,71.7903460133773,15.4097974342913,1.79146785049451,PASS
high_load,82,0.0001,0.05,9.92829392958414e-05,0.0502564437466725,0.717060704158619,0.512887493345063,1,1,13.6530626051671,67.6528698695271,9.44374322732046,2.24243272379767,PASS
high_load,83,0.0001,0.05,0.000100031887508002,0.050079123168692,0.0318875080020673,0.158246337383955,1,1,13.3099248744083,71.220561116648,10.8113516937977,1.43439291519061,PASS
high_load,84,0.0001,0.05,0.000100698459246477,0.0499347880805777,0.698459246477028,0.130423838844651,1,1,12.9269737631397,67.3235341482718,11.2032883866655,1.56838259959397,PASS
high_load,85,0.0001,0.05,9.97761490168427e-05,0.0502564457886479,0.223850983157301,0.512891577295713,1,1,13.6282605816304,72.9293964501605,10.4946190456869,2.70506517960327,PASS
high_load,86,0.0001,0.05,9.98117601374344e-05,0.0491339223695993,0.188239862565593,1.73215526080142,1,1,13.7847867546232,69.940933929471,9.17761602195043,1.90448826251721,PASS
high_load,87,0.0001,0.05,9.91566997228602e-05,0.0505112452872397,0.843300277139815,1.02249057447933,1,1,13.7127928615342,71.5880716123575,10.2726196171663,1.59900054304119,PASS
high_load,88,0.0001,0.05,9.98243172108576e-05,0.0492942300320057,0.175682789142396,1.41153993598854,1,1,13.5318421298008,72.8835126743728,10.1369081531061,2.47201757148833,PASS
high_load,89,0.0001,0.05,9.97306618533972e-05,0.0499626804052737,0.26933814660278,0.0746391894525383,1,1,13.5777016746034,73.6249244361162,11.2580592737081,2.58517771925355,PASS
high_load,90,0.0001,0.05,9.93593115779228e-05,0.0503038876638934,0.640688422077232,0.607775327786761,1,1,13.4195857138151,69.4590963022893,8.47636473301168,2.49354497154186,PASS
high_load,91,0.0001,0.05,9.94260735283556e-05,0.0497493370573296,0.573926471644421,0.501325885340853,1,1,13.5370810497762,68.6858326873891,12.2967312332809,1.57696208499647,PASS
high_load,92,0.0001,0.05,9.99878998473319e-05,0.0494038223947782,0.0121001526680591,1.19235521044354,1,1,13.4789358006347,70.8192078517521,7.94415318478424,1.75139726591776,PASS
high_load,93,0.0001,0.05,9.99041550566621e-05,0.0501822770001057,0.0958449433379171,0.364554000211306,1,1,13.3170467857798,67.9856993604346,19.0675556794975,2.57087959022721,PASS
high_load,94,0.0001,0.05,0.00010052305988435,0.0497570770435653,0.523059884349644,0.48584591286939,1,1,13.3144838597078,73.4542078748043,11.1740066269889,2.57133305923467,PASS
high_load,95,0.0001,0.05,0.000100208852789858,0.0497799307836566,0.208852789857511,0.440138432686824,1,1,14.1621149461788,67.243186624185,4.61810237193165,1.87538591797678,PASS
high_load,96,0.0001,0.05,0.000100189360595539,0.0500819632160559,0.189360595538693,0.163926432111744,1,1,13.3493845696399,71.0205360784958,9.94313607545721,1.97904114485142,PASS
high_load,97,0.0001,0.05,0.000100321427405549,0.0502967854932053,0.321427405549022,0.593570986410649,1,1,13.8677916966907,69.7074080818308,13.6692697893138,2.16979532742838,PASS
high_load,98,0.0001,0.05,0.000100324227325305,0.0496222340715064,0.324227325305111,0.755531856987166,1,1,13.6932043355533,69.9194466308099,9.67310717024255,2.13276890262222,PASS
high_load,99,0.0001,0.05,0.000100269196876198,0.0502667440950477,0.269196876198036,0.533488190095383,1,1,13.2647112474936,68.9579682126185,14.8146769215224,1.58327685778184,PASS
high_load,100,0.0001,0.05,0.00010046212176876,0.0502417389612877,0.462121768760138,0.483477922575373,1,1,13.3720568411682,74.4993992126615,9.68086218641108,1.6344276184092,PASS
high_load,101,0.0001,0.05,9.97080289354648e-05,0.049964220491539,0.291971064535234,0.0715590169219626,1,1,12.9494210351332,75.08500025588,5.72072051457105,2.33869142773,PASS
high_load,102,0.0001,0.05,0.000100426029944563,0.0494699555645864,0.426029944562521,1.06008887082722,1,1,12.918220948486,69.8119759274165,7.28177006529012,1.87657750227631,PASS
high_load,103,0.0001,0.05,9.98169630582463e-05,0.0496908761504774,0.183036941753674,0.618247699045144,1,1,13.7199633658614,74.0521090353636,7.17054763150947,2.66321440021053,PASS
high_load,104,0.0001,0.05,9.94349215419484e-05,0.0496778264644199,0.565078458051639,0.644347071160123,1,1,13.5497038030694,70.6869667361891,9.16151847643349,1.70618055164011,PASS
high_load,105,0.0001,0.05,9.97571369567572e-05,0.0492977077115941,0.242863043242763,1.40458457681178,1,1,13.8751612219684,66.6485855686152,10.569489325396,1.76526691241372,PASS
high_load,106,0.0001,0.05,9.96473628305052e-05,0.0509708651495379,0.352637169494845,1.94173029907579,1,1,14.0353710275251,72.4122500049533,8.41052092655799,1.54849798383202,PASS
high_load,107,0.0001,0.05,0.000100284056497849,0.0498961560870412,0.28405649784896,0.207687825917541,1,1,14.0710474639103,67.5283952829971,16.6552081301039,1.71365138832665,PASS
high_load,108,0.0001,0.05,0.00010036569041046,0.0493721492058351,0.365690410460113,1.25570158832988,1,1,13.365282174714,67.5252943809417,18.5684912657547,2.00563856106301,PASS
high_load,109,0.0001,0.05,9.97825673341287e-05,0.0500216246299203,0.217432665871299,0.0432492598405193,1,1,13.3280120366945,70.3500522847814,9.03569887991791,1.43872412369594,PASS
high_load,110,0.0001,0.05,9.94949781495223e-05,0.0505963922593738,0.505021850477668,1.1927845187476,1,1,13.7305942820384,73.4782050151962,9.80980003732256,1.85043100277364,PASS
high_load,111,0.0001,0.05,9.99309461307769e-05,0.0495737831295642,0.06905386922309,0.852433740871614,1,1,13.2868372042933,70.3416951972734,5.81878461281592,1.84738872593592,PASS
high_load,112,0.0001,0.05,0.000100220244450293,0.0499932905006038,0.220244450293362,0.0134189987923278,1,1,13.3345038850238,71.9278593717753,12.3607018739559,1.50176676979758,PASS
high_load,113,0.0001,0.05,9.94950013944801e-05,0.0499635974292791,0.504998605519856,0.0728051414418257,1,1,13.1033384055924,71.4950788712542,8.89170741294729,1.72581495962101,PASS
high_load,114,0.0001,0.05,0.000100505795503552,0.0503842643197944,0.505795503551957,0.768528639588831,1,1,13.5633586300819,70.7104119659465,15.3336135018515,2.29994626501695,PASS
high_load,115,0.0001,0.05,0.000100595342107004,0.0503185511779104,0.595342107003713,0.63710235582079,1,1,13.0522817152758,70.8970596872096,6.39263028048706,1.52688830755964,PASS
high_load,116,0.0001,0.05,0.000100449821585176,0.0499643987310824,0.44982158517627,0.0712025378351161,1,1,13.255963017828,72.2991651824176,7.96278086616466,1.88033350826067,PASS
high_load,117,0.0001,0.05,0.000100445151401012,0.0493113424528959,0.445151401012373,1.37731509420813,1,1,13.4248666983795,71.2189151256206,7.8636660171579,2.03697984430146,PASS
high_load,118,0.0001,0.05,0.000100657121200447,0.0504994416079455,0.657121200446534,0.998883215890936,1,1,13.2028282290033,70.3907699286934,10.9938041238585,1.74711266412932,PASS
high_load,119,0.0001,0.05,9.94442844081418e-05,0.0505587907707411,0.555715591858227,1.11758154148217,1,1,13.350626771449,71.6453266348971,15.2315360753818,1.61461925954161,PASS
high_load,120,0.0001,0.05,9.97990610344914e-05,0.0502925197622864,0.200938965508608,0.585039524572839,1,1,13.6068145303314,67.7024310638322,12.0217279088802,1.85417121532689,PASS
high_load,121,0.0001,0.05,0.00010018387147855,0.0504338681611901,0.183871478550383,0.867736322380241,1,1,13.9482140241583,68.0355003711688,17.2599143879905,1.31324994283915,PASS
high_load,122,0.0001,0.05,9.95870320322741e-05,0.0498659203083609,0.41296796772588,0.268159383278177,1,1,13.6866866321807,66.3040600063858,10.0822063193202,1.90089790359154,PASS
high_load,123,0.0001,0.05,9.92587238554204e-05,0.0505419195408954,0.741276144579586,1.08383908179088,1,1,13.820567654403,72.0947297404773,11.8075817275579,1.38961099915483,PASS
high_load,124,0.0001,0.05,0.000100310871172564,0.0499369875357065,0.310871172564116,0.126024928587015,1,1,13.0874790281182,69.8830555661426,13.6408794619511,2.25195065860507,PASS
high_load,125,0.0001,0.05,9.9674886652249e-05,0.0504422535694906,0.325113347751006,0.88450713898125,1,1,13.3622591801924,67.5815524838232,11.1849421865732,2.14948796939875,PASS
high_load,126,0.0001,0.05,9.98139981993918e-05,0.0496909656675969,0.186001800608207,0.618068664806196,1,1,13.8615782769344,72.6995102881358,13.1829568724948,1.17865404054352,PASS
high_load,127,0.0001,0.05,9.99928895565196e-05,0.050776179341198,0.00711044348039916,1.55235868239603,1,1,13.1327802846457,70.5482276419852,18.2838455407438,1.76052833944019,PASS
high_load,128,0.0001,0.05,9.97557536354805e-05,0.0500881561928513,0.24424636451953,0.176312385702579,1,1,13.646231253978,70.0392090723865,9.49240694297668,1.64467027265728,PASS
high_load,129,0.0001,0.05,9.92664119230619e-05,0.0502118646502143,0.733588076938093,0.423729300428555,1,1,14.0442528971894,71.6146079412302,12.1455185989784,2.15294000383072,PASS
high_load,130,0.0001,0.05,9.95802233259092e-05,0.0496952946488626,0.419776674090761,0.609410702274771,1,1,13.6408272667769,71.0695976486999,7.97213438534231,1.73684548874227,PASS
high_load,131,0.0001,0.05,0.000100352462993675,0.0493356973350585,0.352462993675299,1.3286053298831,1,1,13.341309806812,68.7477867455032,7.36534891249202,2.09929100290891,PASS
high_load,132,0.0001,0.05,0.000100209852947253,0.0503961525469293,0.209852947252891,0.792305093858664,1,1,13.1910727535981,69.0873034497789,8.45757747154628,2.03220664942191,PASS
high_load,133,0.0001,0.05,9.94936014627566e-05,0.0503208458707701,0.506398537243434,0.641691741540246,1,1,13.3894125178923,68.127250551244,14.1225271520069,2.34886084361604,PASS
high_load,134,0.0001,0.05,0.000100278669225172,0.0504049185459072,0.278669225172362,0.809837091814411,1,1,12.756538753556,75.0271422435913,11.885725916114,2.27376270366584,PASS
high_load,135,0.0001,0.05,0.00010020992665338,0.0497656311431282,0.209926653380315,0.468737713743658,1,1,13.886673384978,69.4874897633077,7.50938587783982,2.67544623586127,PASS
high_load,136,0.0001,0.05,0.000100441772554311,0.0502966508353371,0.441772554310514,0.593301670674173,1,1,13.7413660316556,72.0164711582324,8.9508356256551,2.22559729772199,PASS
high_load,137,0.0001,0.05,9.86408065774611e-05,0.0500857169892148,1.35919342253893,0.171433978429503,0,1,13.3496558843382,70.984426533649,12.8880096751832,2.07618114456768,PASS
high_load,138,0.0001,0.05,0.000100242213374836,0.0500919119410662,0.242213374836031,0.183823882132464,1,1,13.3964613045349,69.2165204248634,17.8344259228641,1.60572974488997,PASS
high_load,139,0.0001,0.05,9.99895856570849e-05,0.0498274099035196,0.0104143429151434,0.345180192960773,1,1,13.3863613644965,70.4996457331036,12.6822055979913,2.8857955298805,PASS
high_load,140,0.0001,0.05,9.98490666242173e-05,0.0494303019251812,0.150933375782741,1.13939614963758,1,1,13.6765022935005,69.8842601898255,8.31736241123396,2.0852817483722,PASS
high_load,141,0.0001,0.05,0.0001002192056724,0.0499976237225995,0.219205672399961,0.00475255480097969,1,1,13.4235067563891,71.2167403452724,8.6536086066047,2.43801461511786,PASS
high_load,142,0.0001,0.05,9.97120386906936e-05,0.050612917620822,0.287961309306442,1.22583524164392,1,1,13.5664252965212,68.8784068589773,4.79836396410275,2.5995123187504,PASS
high_load,143,0.0001,0.05,9.97853981523145e-05,0.0498561714398197,0.214601847685534,0.287657120360565,1,1,13.455502501684,69.5650774279872,12.8220567016423,2.56654574085615,PASS
high_load,144,0.0001,0.05,9.95115760120684e-05,0.0496697117145328,0.488423987931609,0.660576570934338,1,1,13.5981894221187,71.8302345679484,8.5417427513639,1.59767563959871,PASS
high_load,145,0.0001,0.05,9.99147334225214e-05,0.050255842236598,0.0852665774786482,0.511684473196092,1,1,13.4795850898353,69.9032379754915,7.77100050183445,2.26056452785339,PASS
high_load,146,0.0001,0.05,0.00010010391518712,0.0498678774222805,0.103915187120283,0.264245155438936,1,1,13.640579479395,70.5651226995108,8.07361316030276,1.95226291047804,PASS
high_load,147,0.0001,0.05,0.000100298556580721,0.0502749840571702,0.298556580720683,0.549968114340368,1,1,13.6367138267026,70.6422461240522,6.22052304221981,1.63510945017899,PASS
high_load,148,0.0001,0.05,9.94555005582495e-05,0.0507347953142534,0.544499441750476,1.46959062850689,1,1,12.8282474759139,68.473865128984,11.8601557566703,1.48519168726468,PASS
high_load,149,0.0001,0.05,9.96482246044992e-05,0.0498915755726722,0.351775395500761,0.21684885465563,1,1,14.0029286930007,70.2960615114405,12.3074332815472,2.41660790901837,PASS
high_load,150,0.0001,0.05,9.99737015503559e-05,0.0503477808020083,0.0262984496441108,0.695561604016584,1,1,13.1557610983471,68.9897919704128,12.1828570331932,2.14803413116652,PASS
high_load,151,0.0001,0.05,9.96985618346235e-05,0.050093547270598,0.301438165376536,0.187094541196087,1,1,13.6456877411739,70.2585759043449,9.17554624190162,2.67889988980138,PASS
high_load,152,0.0001,0.05,9.98400023175059e-05,0.050929492123994,0.159997682494097,1.8589842479879,1,1,13.7281030879177,68.4874370119751,9.12462113608165,2.31742307212316,PASS
high_load,153,0.0001,0.05,0.000100039489917323,0.0504412034269852,0.0394899173230363,0.882406853970438,1,1,13.4963608047861,68.7765452644547,6.47109824044826,2.88569698196255,PASS
high_load,154,0.0001,0.05,9.96873449671441e-05,0.0506656483675158,0.312655032855857,1.33129673503163,1,1,13.9276279606528,68.4049010016099,9.56584785159619,2.76616973783697,PASS
high_load,155,0.0001,0.05,0.000100256584536627,0.0493960276533366,0.256584536627129,1.20794469332687,1,1,13.4317976943784,68.1489747690106,12.6000676173709,1.69862969871511,PASS
high_load,156,0.0001,0.05,9.92893013429548e-05,0.0499905073325986,0.710698657045234,0.0189853348027125,1,1,13.8548667352656,67.5422755050978,6.16017903804135,1.85945436515024,PASS
high_load,157,0.0001,0.05,0.000100342239086516,0.0495767173373253,0.342239086515591,0.846565325349338,1,1,13.3867297598786,66.7835060999459,5.08891850211794,2.50856751432462,PASS
high_load,158,0.0001,0.05,9.95884773316968e-05,0.0497023856123059,0.411522668303216,0.595228775388243,1,1,13.7965258974701,71.0579422534954,16.0165066775882,0.866451777610912,PASS
high_load,159,0.0001,0.05,9.97128937845089e-05,0.049633271038216,0.287106215491093,0.733457923567965,1,1,13.9163832995578,67.9163231172798,6.43943211429782,2.15862136255549,PASS
high_load,160,0.0001,0.05,0.000100271731666106,0.0499186619671841,0.271731666106009,0.162676065631723,1,1,12.8919123227515,69.8001882684712,7.01921388341418,1.50677237989808,PASS
high_load,161,0.0001,0.05,0.000100279939607945,0.0500607013332808,0.279939607945,0.121402666561563,1,1,13.3187651797743,66.9338394509265,9.45717867535669,2.34740192139816,PASS
high_load,162,0.0001,0.05,0.00010024282113623,0.0508784593121023,0.242821136230262,1.75691862420452,1,1,13.4981887922306,70.3854211356815,7.43302965571461,1.38275055508258,PASS
high_load,163,0.0001,0.05,9.91806840562447e-05,0.0496518456062323,0.819315943755336,0.696308787535474,1,1,13.3033264143534,67.5853985802228,7.80282481216537,2.03733816190201,PASS
high_load,164,0.0001,0.05,0.000100283197245337,0.0505906770474137,0.283197245336543,1.18135409482749,1,1,14.0550149433851,69.0111713866263,8.54444297544973,1.24373902778505,PASS
high_load,165,0.0001,0.05,9.98940711335623e-05,0.0495781189126568,0.105928866437745,0.843762174686333,1,1,13.5275504756265,66.3583873977369,5.36157218611049,2.5913936215528,PASS
high_load,166,0.0001,0.05,9.98046906659529e-05,0.0502703956871956,0.195309334047141,0.540791374391267,1,1,13.5413894285942,67.875100890073,7.85521124197925,2.07510650410158,PASS
high_load,167,0.0001,0.05,0.000100323753466192,0.049834142056988,0.323753466191515,0.331715886024098,1,1,13.9081320011721,69.3904534170951,15.7641016811674,2.63292815217962,PASS
high_load,168,0.0001,0.05,9.91339432339492e-05,0.0505807605867598,0.866056766050778,1.16152117351956,1,1,13.4740043486624,68.8332880337549,13.5487595332531,1.66493427261556,PASS
high_load,169,0.0001,0.05,9.97884154645391e-05,0.0508150785558868,0.211584535460862,1.63015711177351,1,1,13.4394457638403,70.8519315208894,11.9168804338617,1.58367754060677,PASS
high_load,170,0.0001,0.05,0.000100488500362701,0.0500696283852249,0.488500362701399,0.139256770449819,1,1,13.1813593650225,66.6314152462343,22.221010868959,1.97985526948121,PASS
high_load,171,0.0001,0.05,0.000100722941081988,0.0500350845907071,0.722941081988336,0.0701691814141564,1,1,14.0676357983422,69.6465329563689,10.7681979095198,1.9252313028272,PASS
high_load,172,0.0001,0.05,9.94274721382647e-05,0.0505905465600599,0.572527861735341,1.1810931201198,1,1,13.5775498849445,69.1488340707627,10.2436556260244,2.29916962583767,PASS
high_load,173,0.0001,0.05,0.000100267257445533,0.0498040012967403,0.267257445533468,0.39199740651942,1,1,13.5026387220992,69.0463664626458,14.7369648634036,2.1927976783541,PASS
high_load,174,0.0001,0.05,9.96688697022948e-05,0.050220531184098,0.331130297705182,0.441062368196021,1,1,13.2381032892089,70.7771206243391,27.7107854136355,1.97630539008982,PASS
high_load,175,0.0001,0.05,0.000100547053818456,0.0500493732549988,0.547053818455951,0.0987465099975549,1,1,13.425629761716,67.952453590676,6.23399916967438,1.70714832389552,PASS
high_load,176,0.0001,0.05,0.000100103919200089,0.0504507032480621,0.103919200089439,0.901406496124191,1,1,13.8415529050021,71.0887316422625,5.43931966610761,1.75744795272066,PASS
high_load,177,0.0001,0.05,9.96694201388319e-05,0.0496502080135912,0.330579861168066,0.699583972817677,1,1,13.7839093682782,67.7828700700744,17.8252930377327,2.04300989354645,PASS
high_load,178,0.0001,0.05,0.000100041411661243,0.0496346525804217,0.0414116612429985,0.730694839156693,1,1,13.1788213895707,69.4736925139752,8.94851159953538,2.23708133818068,PASS
high_load,179,0.0001,0.05,9.99176062160134e-05,0.0497608763673534,0.0823937839866098,0.478247265293164,1,1,14.0211364008816,70.4291935223186,6.07985453308697,2.83296037080499,PASS
high_load,180,0.0001,0.05,0.000100001077756648,0.0502048606808669,0.0010777566483445,0.409721361733728,1,1,13.7440976642399,69.196955658387,10.7370472343624,1.59014977014528,PASS
high_load,181,0.0001,0.05,0.000100116625478294,0.0503720474827101,0.116625478293844,0.744094965420272,1,1,13.8258664262484,69.8749638503927,14.6517610570891,1.92103579490308,PASS
high_load,182,0.0001,0.05,0.000100519503735826,0.0502226076351163,0.519503735826421,0.445215270232682,1,1,13.7541728689442,66.6428387286378,6.88762544516694,2.07180483803453,PASS
high_load,183,0.0001,0.05,0.000100303163020452,0.0502968395267977,0.303163020452145,0.593679053595475,1,1,13.6678241199463,70.0375399295535,11.597829375151,2.16620439622596,PASS
high_load,184,0.0001,0.05,9.98187322160827e-05,0.0501295969191458,0.181267783917332,0.259193838291635,1,1,13.3026616030971,70.5788294229357,9.07115144803373,1.62455050508373,PASS
high_load,185,0.0001,0.05,9.9468309162844e-05,0.0499046843433448,0.531690837155994,0.19063131331043,1,1,13.0487650287417,66.32238752355,9.28080975610528,3.81663947465678,PASS
high_load,186,0.0001,0.05,9.99463444271169e-05,0.0498731498674998,0.0536555728831235,0.253700265000489,1,1,13.6172481098365,67.374415502208,14.7277385991864,2.11351337799714,PASS
high_load,187,0.0001,0.05,0.000100148641358929,0.0491303986800541,0.148641358929371,1.73920263989188,1,1,13.7638091067419,71.6923064541224,17.3827615638519,2.0209260725076,PASS
high_load,188,0.0001,0.05,9.91499464406653e-05,0.0504086937875576,0.850053559334736,0.817387575115278,1,1,13.8393504045829,69.9509863450753,17.6469068573817,2.80369472671559,PASS
high_load,189,0.0001,0.05,0.00010050838979624,0.049678850385396,0.508389796240332,0.642299229207915,1,1,13.9827862779911,70.2514498442341,8.95190186314339,2.14794319615304,PASS
high_load,190,0.0001,0.05,0.000100002604106974,0.0497750597790197,0.00260410697413877,0.449880441960648,1,1,13.0990428188026,68.7309409163186,6.45673478855157,2.16546583439857,PASS
high_load,191,0.0001,0.05,0.000100041143022861,0.0504808342213685,0.041143022861141,0.961668442737026,1,1,13.2174801707628,73.3725964586291,16.3427300458237,2.24280457073638,PASS
high_load,192,0.0001,0.05,0.000100423194306405,0.0496858714293707,0.423194306405322,0.628257141258678,1,1,13.3598065209871,69.9876690624776,16.0133740491702,1.49555776969883,PASS
high_load,193,0.0001,0.05,9.90810428358923e-05,0.0503866884344814,0.918957164107719,0.773376868962825,0,1,13.6952461295434,69.0545958198229,14.2929125554563,4.18695409530713,PASS
high_load,194,0.0001,0.05,0.000100835080159363,0.0494925449323283,0.835080159362764,1.01491013534338,1,1,13.2207618929595,69.348636568974,17.6854552741982,1.97638461205245,PASS
high_load,195,0.0001,0.05,9.9925687545422e-05,0.0504146032040248,0.0743124545779847,0.829206408049607,1,1,12.5,71.4245164849717,7.05823742325042,1.67376069027997,PASS
high_load,196,0.0001,0.05,9.98090203939747e-05,0.0496940946486906,0.190979606025336,0.611810702618842,1,1,13.9509345896972,69.3170132113081,9.24189209253296,2.36720908387454,PASS
high_load,197,0.0001,0.05,0.000100351752525893,0.0493988101219695,0.351752525892997,1.20237975606094,1,1,13.5660609894645,70.3108131717174,9.90560250708596,1.74802830294017,PASS
high_load,198,0.0001,0.05,0.000100545953303821,0.050018988507325,0.545953303820909,0.0379770146500674,1,1,13.2756767306201,68.8886361695073,6.2732702584781,1.94529552702154,PASS
high_load,199,0.0001,0.05,0.000100721741598936,0.0502356423122307,0.721741598936254,0.471284624461416,1,1,13.4095251769444,69.7913653775507,6.87632695033787,2.39577359086752,PASS
high_load,200,0.0001,0.05,0.000100287246448738,0.0499006459791433,0.287246448737793,0.198708041713333,1,1,13.6150401424689,68.7139742127093,8.82603734409333,2.42413960972849,PASS
high_D,1,0.0001,0.05,0.000100256073724903,0.0508364032957512,0.256073724902775,1.67280659150236,1,1,13.4768384174133,68.8043511785879,13.5285123986422,1.18812019362194,PASS
high_D,2,0.0001,0.05,0.000100627856300892,0.0496158523113932,0.627856300891515,0.768295377213624,1,1,13.3850039556833,70.0072883253208,11.5677409669652,2.11175250514163,PASS
high_D,3,0.0001,0.05,0.000100010861939606,0.0496509366767387,0.0108619396061913,0.698126646522634,1,1,13.8340491652889,69.2960878434395,8.44893619619736,2.54540931534317,PASS
high_D,4,0.0001,0.05,9.99097937948717e-05,0.050410747620139,0.0902062051282975,0.821495240277997,1,1,13.2599302049858,66.9885329110634,7.5825421104477,2.05018832691743,PASS
high_D,5,0.0001,0.05,0.000100427385456964,0.0498823103639796,0.427385456964145,0.235379272040856,1,1,13.7214199049869,70.8329631322813,11.102205150618,1.92476936618641,PASS
high_D,6,0.0001,0.05,9.9823194240336e-05,0.050151910680044,0.176805759664008,0.303821360088025,1,1,13.6724507916136,67.9152074579964,6.61546080002584,2.21791662756836,PASS
high_D,7,0.0001,0.05,9.94520430328815e-05,0.0498060454282006,0.547956967118511,0.387909143598805,1,1,13.234951024256,70.6806929155473,7.0914897196981,2.1419070335871,PASS
high_D,8,0.0001,0.05,9.99842266107236e-05,0.0498859528599049,0.0157733892763867,0.228094280190175,1,1,13.9694874534469,70.5106993489754,8.90184969789626,1.24195068527826,PASS
high_D,9,0.0001,0.05,0.000101179594780402,0.0491054648251678,1.1795947804022,1.78907034966448,0,1,13.3317548231872,68.698996270418,9.26534383645429,2.16527375360523,PASS
high_D,10,0.0001,0.05,0.000100559584784659,0.0487989007039932,0.559584784658895,2.40219859201364,1,0,13.689891240947,65.2547225957015,8.76956455739277,1.64435660481401,PASS
high_D,11,0.0001,0.05,9.99714340195335e-05,0.0497266360599297,0.0285659804664939,0.546727880140541,1,1,13.1868935445077,70.5420326920573,15.7263513312595,1.983274505759,PASS
high_D,12,0.0001,0.05,9.97559662243151e-05,0.050158244365479,0.244033775684933,0.316488730958048,1,1,13.839099182951,69.0836510485412,5.17750328026138,2.11355629054501,PASS
high_D,13,0.0001,0.05,0.000100574818927738,0.0504207082143501,0.574818927737809,0.84141642870024,1,1,13.2023685610853,67.2453120450728,7.16452677179936,2.31143917703444,PASS
high_D,14,0.0001,0.05,0.00010020530522502,0.0505535724600701,0.205305225020052,1.10714492014014,1,1,13.5493186501808,69.470168607624,8.05599210900572,1.94655125131896,PASS
high_D,15,0.0001,0.05,0.00010030080661338,0.049801898661853,0.300806613380263,0.396202676293964,1,1,13.2194620251471,69.5842768309575,10.0755713661378,1.73617725575141,PASS
high_D,16,0.0001,0.05,0.000100388206094101,0.0498843538964279,0.388206094101363,0.231292207144129,1,1,13.616622894264,73.1381087674912,14.144350956097,3.3034505173024,PASS
high_D,17,0.0001,0.05,9.99090742578794e-05,0.0499533954993942,0.0909257421205826,0.0932090012116249,1,1,13.5755430162511,71.4242442947503,9.34635138082627,1.70939572651741,PASS
high_D,18,0.0001,0.05,9.97810417808343e-05,0.0498909998698957,0.218958219165748,0.218000260208587,1,1,14.1196575861709,65.851396899667,11.069505637247,1.98536480532358,PASS
high_D,19,0.0001,0.05,0.00010025420687617,0.0508837558636731,0.254206876170208,1.76751172734622,1,1,14.0112002586486,69.0842073054207,11.4966734312238,2.34448496872735,PASS
high_D,20,0.0001,0.05,9.98803562934741e-05,0.0502263456442505,0.119643706525871,0.452691288501006,1,1,14.3694404381866,68.2843600252988,10.2654761602786,1.874130050225,PASS
high_D,21,0.0001,0.05,9.96834269478757e-05,0.0500369414772591,0.316573052124255,0.0738829545181424,1,1,13.6096440791361,71.620641115232,11.2912471892537,1.94906620140593,PASS
high_D,22,0.0001,0.05,9.97255022371934e-05,0.0494527582597032,0.274497762806563,1.0944834805936,1,1,13.319494016402,68.8209809138924,9.22810696138627,2.07728371991457,PASS
high_D,23,0.0001,0.05,0.000100245155508976,0.0499092276477129,0.245155508975795,0.18154470457421,1,1,13.8277862515896,68.1400966239618,8.49327351859128,1.67028319408803,PASS
high_D,24,0.0001,0.05,9.96348039098203e-05,0.0495273561039592,0.365196090179658,0.945287792081625,1,1,13.7619223082411,71.3367274146795,7.02093244289717,2.20249811525608,PASS
high_D,25,0.0001,0.05,0.000100498586684286,0.0494183103994125,0.498586684286297,1.16337920117494,1,1,13.615197352897,66.9349394591499,4.89824110448783,2.36343903769176,PASS
high_D,26,0.0001,0.05,9.98712867317931e-05,0.0500934767641009,0.128713268206918,0.186953528201764,1,1,13.5999450515029,70.3041842788903,13.0476072275492,1.32810980130918,PASS
high_D,27,0.0001,0.05,0.000100702299738813,0.0500289435539001,0.702299738813286,0.0578871078002752,1,1,13.3582845013904,67.6017827308733,12.9051633796292,2.169984175445,PASS
high_D,28,0.0001,0.05,0.000101072548192212,0.0505444030121779,1.07254819221206,1.08880602435572,0,1,13.7722065515574,70.8018771674641,9.26337936045183,2.27450380162115,PASS
high_D,29,0.0001,0.05,9.96199813447054e-05,0.0502577884812563,0.380018655294574,0.515576962512587,1,1,13.2097845625664,70.551104392185,7.95002477724187,1.85661018060001,PASS
high_D,30,0.0001,0.05,0.000100148436651869,0.0495481521496528,0.148436651868823,0.903695700694318,1,1,13.5345521720563,71.7156399312965,8.4985783543331,2.40103406922481,PASS
high_D,31,0.0001,0.05,9.99314221755259e-05,0.0496806905871588,0.0685778244741272,0.638618825682502,1,1,13.3948371967852,67.4410697489056,5.89943937866431,2.08022954625984,PASS
high_D,32,0.0001,0.05,9.96308009614661e-05,0.0505013785202354,0.369199038533928,1.00275704047079,1,1,13.2257567635626,71.2760228017207,17.4388605515246,2.59297541367095,PASS
high_D,33,0.0001,0.05,9.94453436595829e-05,0.0500978048602613,0.554656340417151,0.195609720522669,1,1,13.2678523301839,69.2509961616466,15.8908480842284,2.59077870147239,PASS
high_D,34,0.0001,0.05,9.98479544616091e-05,0.0501251569583383,0.152045538390869,0.250313916676612,1,1,13.7748943883846,66.5350242436829,7.45362953227029,3.38812951190996,PASS
high_D,35,0.0001,0.05,9.95085079897673e-05,0.0502716923038824,0.491492010232692,0.543384607764763,1,1,13.7165122794584,68.0332966495017,8.46170054179219,1.98266255443993,PASS
high_D,36,0.0001,0.05,0.000100068763712561,0.0503367126419434,0.0687637125611413,0.673425283886864,1,1,14.1088551772212,67.1231240917453,7.38963145078009,1.67225101290131,PASS
high_D,37,0.0001,0.05,0.000100464030857392,0.0496918726156551,0.464030857391621,0.616254768689789,1,1,13.3455451592184,68.3476338038919,9.66951914346646,2.15754366713936,PASS
high_D,38,0.0001,0.05,0.000100316370198458,0.0494640457503629,0.316370198457611,1.07190849927428,1,1,13.5603908501433,67.5384556416567,10.4457579953849,2.31581771150127,PASS
high_D,39,0.0001,0.05,9.97215585007643e-05,0.0499746196206416,0.278441499235716,0.0507607587167114,1,1,13.7666945677998,70.6620410619164,11.7934326893914,1.73167866593751,PASS
high_D,40,0.0001,0.05,0.0001001002965003,0.0503516240909963,0.100296500300239,0.703248181992508,1,1,13.0280377510474,66.2667744672074,17.3384842598993,1.93494605577445,PASS
high_D,41,0.0001,0.05,0.000100155217113672,0.0495337318691469,0.155217113671714,0.932536261706224,1,1,13.5364901035154,71.5683496976589,9.80094573596567,2.30358470456241,PASS
high_D,42,0.0001,0.05,0.000100462660664324,0.0499244049333416,0.462660664323796,0.151190133316742,1,1,13.9284613313957,71.6358433099008,13.2921434303191,1.29973106820527,PASS
high_D,43,0.0001,0.05,9.99548334431568e-05,0.0501757413964117,0.0451665568432453,0.351482792823335,1,1,13.4455506934968,72.7308478574239,8.62619095635132,1.09414864533214,PASS
high_D,44,0.0001,0.05,9.95694397231954e-05,0.0501791968670124,0.430560276804654,0.358393734024742,1,1,13.9951100628484,70.9389886975484,13.3086777095734,1.22128243158664,PASS
high_D,45,0.0001,0.05,0.000100716905582935,0.0502521491063177,0.716905582935,0.504298212635382,1,1,13.4513661732206,72.337770469568,13.2428356538761,1.64681342455232,PASS
high_D,46,0.0001,0.05,9.99888546951303e-05,0.0504097089096693,0.0111453048696688,0.819417819338655,1,1,13.6192411910887,68.1718414081872,10.9199710609308,2.25258186156703,PASS
high_D,47,0.0001,0.05,0.000100187464061438,0.0504167904732275,0.187464061437786,0.833580946454901,1,1,13.9439986038764,69.3371525905364,19.495187478077,2.54713862788781,PASS
high_D,48,0.0001,0.05,9.99187167545213e-05,0.0497202756518202,0.0812832454787088,0.559448696359682,1,1,13.2243143689721,69.2572806153762,16.6868990677975,1.8714769050011,PASS
high_D,49,0.0001,0.05,0.000100176384986327,0.0495780608446974,0.17638498632653,0.84387831060527,1,1,13.8676181028494,66.1701602299715,3.98119862632937,1.57376082744284,PASS
high_D,50,0.0001,0.05,9.99727841189305e-05,0.0499837487849176,0.0272158810695362,0.0325024301647964,1,1,13.6859647752129,69.0614197980463,7.31987497054228,2.08133217186309,PASS
high_D,51,0.0001,0.05,9.96898297844894e-05,0.0490197999493167,0.31017021551058,1.96040010136654,1,1,13.4025069288429,71.4014663086036,5.89605975772348,2.03385672577487,PASS
high_D,52,0.0001,0.05,9.96477527988224e-05,0.0501098066431373,0.352247201177591,0.219613286274553,1,1,13.3262068517693,71.9714695763931,13.0561051984873,1.23589440947781,PASS
high_D,53,0.0001,0.05,0.00010009301859953,0.0495978399016867,0.0930185995300249,0.804320196626601,1,1,13.3581779985337,71.3285247265468,6.57785988736704,2.82921457220232,PASS
high_D,54,0.0001,0.05,9.99928465214574e-05,0.0503383725764944,0.00715347854260732,0.676745152988892,1,1,12.7149672362952,71.779415964703,4.90191722595337,1.944686586702,PASS
high_D,55,0.0001,0.05,0.000100551561310302,0.0499007989373937,0.551561310302467,0.198402125212549,1,1,13.6798200620449,73.1369334075651,7.68595175364262,2.07392162329759,PASS
high_D,56,0.0001,0.05,9.97090186874715e-05,0.0510400404882228,0.290981312528509,2.08008097644552,1,1,13.8581240039081,70.8824857845621,8.10950016999041,2.76032609756912,PASS
high_D,57,0.0001,0.05,0.000100733021568155,0.0503342572814915,0.733021568155459,0.668514562983016,1,1,13.8318100154424,71.5250302134437,5.53116361392837,2.27300269436009,PASS
high_D,58,0.0001,0.05,0.000100842118755783,0.0502795141386653,0.842118755783435,0.559028277330675,1,1,13.5396909949694,69.3211424448028,15.1225643934922,1.9741823483913,PASS
high_D,59,0.0001,0.05,0.000100037160697539,0.0498149459962316,0.0371606975389614,0.370108007536799,1,1,14.0063419422685,71.5240253044504,17.1110387402111,1.25097624945131,PASS
high_D,60,0.0001,0.05,9.98123833659489e-05,0.0500153082802262,0.187616634051075,0.0306165604523345,1,1,13.2075727498913,69.3644302892739,14.0742433364093,2.31294229184118,PASS
high_D,61,0.0001,0.05,0.000100691024022321,0.0499182972378255,0.691024022321171,0.163405524349014,1,1,13.8692932031258,70.027322573982,9.88836319948852,1.65649905783288,PASS
high_D,62,0.0001,0.05,0.000100721947913003,0.0496762252548435,0.72194791300324,0.647549490312913,1,1,13.2023289427542,72.0305589731526,16.8104682548559,1.91720481182719,PASS
high_D,63,0.0001,0.05,0.000100630029380395,0.0502766996966126,0.630029380395048,0.553399393225171,1,1,12.639109686733,70.1932255898187,5.38324841092871,2.90321064449559,PASS
high_D,64,0.0001,0.05,9.96289161260634e-05,0.0498280358318012,0.371083873936564,0.343928336397598,1,1,13.2227199197701,71.5769832848332,9.00503209481849,1.9504687361782,PASS
high_D,65,0.0001,0.05,0.000100492538268476,0.0498730316755885,0.492538268476484,0.253936648823103,1,1,13.934171581909,69.3132172296421,10.4843468330694,2.49465541486556,PASS
high_D,66,0.0001,0.05,0.000100345970355292,0.0502480877609127,0.345970355292453,0.496175521825473,1,1,12.5,72.3038985630621,6.89148531961196,1.9924041663023,PASS
high_D,67,0.0001,0.05,0.00010036692309321,0.0498238186343932,0.36692309320996,0.352362731213571,1,1,13.4432362262704,69.8998325284871,9.57955360273588,2.87331691932955,PASS
high_D,68,0.0001,0.05,0.000100200885625441,0.0496233525030819,0.200885625441233,0.753294993836209,1,1,13.7436985263663,73.598718136897,9.22023474449782,2.31885795081448,PASS
high_D,69,0.0001,0.05,0.000100059073286132,0.0493222968069738,0.0590732861324733,1.3554063860525,1,1,12.8943193240951,69.7262984739897,13.9381355088089,1.21524752115656,PASS
high_D,70,0.0001,0.05,0.000100294372373858,0.049777767412539,0.294372373858034,0.444465174921929,1,1,13.215302188591,70.1913719321211,4.41554908313571,1.48728983585037,PASS
high_D,71,0.0001,0.05,0.000100611465240947,0.0494973620683493,0.61146524094684,1.00527586330132,1,1,13.7679943227148,71.2434552286691,7.67486388569338,2.63164606139036,PASS
high_D,72,0.0001,0.05,9.97861249338048e-05,0.0503709255975727,0.213875066195252,0.741851195145485,1,1,13.7229736173205,67.2286269797904,15.1374509457105,2.80476163113787,PASS
high_D,73,0.0001,0.05,0.000100517637138419,0.0500295048606063,0.517637138418625,0.0590097212125329,1,1,13.3477465224396,68.3379126199289,11.0235194661896,2.30786385104905,PASS
high_D,74,0.0001,0.05,9.98904883304346e-05,0.0502228285550697,0.109511669565368,0.445657110139358,1,1,13.7615789873638,66.5865239474164,7.18240447653856,2.87216044036847,PASS
high_D,75,0.0001,0.05,0.000100431881415916,0.050559615817993,0.431881415915999,1.11923163598598,1,1,13.4287038975443,70.5537969226154,11.9401613107284,1.81920782768919,PASS
high_D,76,0.0001,0.05,9.95040688743345e-05,0.0500154739426407,0.495931125665545,0.0309478852813377,1,1,13.3008725425111,67.0132590213068,9.95482726706276,1.99524038630151,PASS
high_D,77,0.0001,0.05,0.000100880057763268,0.0498640094410855,0.880057763268105,0.271981117828932,1,1,13.4130982191782,70.6642694929344,7.28876808561647,2.75115061978495,PASS
high_D,78,0.0001,0.05,9.93065035846811e-05,0.050028373731387,0.69349641531886,0.0567474627740511,1,1,13.0634632949962,68.8633427229698,5.78380352445229,1.72841893085017,PASS
high_D,79,0.0001,0.05,9.99489240493554e-05,0.0505439830315186,0.0510759506446349,1.08796606303721,1,1,13.3776443805475,65.685483784129,9.48069684449281,2.25305449918757,PASS
high_D,80,0.0001,0.05,9.93189869335257e-05,0.0497782345049913,0.681013066474283,0.443530990017343,1,1,13.6839479592328,69.1528947094209,12.9489703130863,3.15771320161232,PASS
high_D,81,0.0001,0.05,0.000100299482843506,0.0498031039189229,0.299482843505946,0.393792162154294,1,1,13.6694421352114,67.5945008646915,14.6510323136008,1.90996034132787,PASS
high_D,82,0.0001,0.05,0.00010033505269233,0.0495296881942822,0.335052692329845,0.940623611435543,1,1,13.2165558198963,71.7633450979775,8.97936253189206,1.95550201182729,PASS
high_D,83,0.0001,0.05,9.92132841145095e-05,0.0498446523246908,0.786715885490525,0.310695350618478,1,1,13.6825089280098,66.6848317440134,9.15208544812096,2.08359705492671,PASS
high_D,84,0.0001,0.05,0.000100438448591955,0.0498239137670458,0.438448591955111,0.352172465908421,1,1,13.0981295124046,70.2437678832192,16.1253977951487,1.84118548462066,PASS
high_D,85,0.0001,0.05,0.000100027854789174,0.0501175030466118,0.0278547891741809,0.235006093223591,1,1,13.1509256963896,67.4753380941298,10.5521857639355,1.75497680504535,PASS
high_D,86,0.0001,0.05,9.95392210653225e-05,0.0503507085588548,0.460778934677466,0.70141711770956,1,1,13.7552201368345,72.0116299600338,17.9395042913176,2.11961275378535,PASS
high_D,87,0.0001,0.05,0.000100651369273373,0.0503882748588382,0.651369273372681,0.776549717676475,1,1,13.4943381327057,70.7893857524539,9.44649488346668,2.06070116936133,PASS
high_D,88,0.0001,0.05,9.98808596215729e-05,0.0502253866870261,0.119140378427148,0.450773374052263,1,1,13.16956953571,66.893003662046,11.8884413791539,2.28154885812821,PASS
high_D,89,0.0001,0.05,0.000100070480587996,0.0495298020675514,0.070480587995741,0.940395864897123,1,1,13.3273854149358,72.3644317471132,8.85426236322941,1.13828127555815,PASS
high_D,90,0.0001,0.05,0.000100229180603411,0.0503362469908351,0.229180603411255,0.67249398167013,1,1,14.0730576237411,68.3491357828964,6.2056346174111,1.82621005101345,PASS
high_D,91,0.0001,0.05,9.93096784390923e-05,0.0500568279538046,0.690321560907711,0.113655907609228,1,1,13.2315423930967,70.2692251086983,16.6705643399938,2.24859939829536,PASS
high_D,92,0.0001,0.05,0.000100012456018357,0.049295828530467,0.0124560183569047,1.40834293906594,1,1,13.3386990372445,68.516698359235,16.2798453529897,1.98256912266818,PASS
high_D,93,0.0001,0.05,9.97559554288451e-05,0.0504147616355079,0.244044571154892,0.82952327101582,1,1,13.6760127638662,70.6212134642953,13.2362726515651,2.5515110040214,PASS
high_D,94,0.0001,0.05,0.000100024966446057,0.0504402119690969,0.0249664460566041,0.880423938193736,1,1,13.7702680565418,68.4471462999452,9.33816148681585,1.88276277231216,PASS
high_D,95,0.0001,0.05,9.98811814784978e-05,0.0498193317916996,0.118818521502233,0.361336416600896,1,1,13.21950018073,73.5373539698478,9.66220843921377,1.84221080380019,PASS
high_D,96,0.0001,0.05,9.98726151152644e-05,0.0503317545350309,0.127384884735635,0.663509070061866,1,1,13.7806026663342,71.0468030089809,9.37068522399871,2.16582549539443,PASS
high_D,97,0.0001,0.05,9.98569030190684e-05,0.0506032498618459,0.143096980931642,1.20649972369172,1,1,13.7527943174468,71.4336256715184,8.73004070051014,1.58229982550556,PASS
high_D,98,0.0001,0.05,9.9864865725315e-05,0.0494914874202997,0.13513427468501,1.01702515940058,1,1,13.3047040534024,68.5918826351464,12.6871607361099,1.36340735572813,PASS
high_D,99,0.0001,0.05,0.000100839998746828,0.0497574346611911,0.839998746828401,0.485130677617893,1,1,13.2573025774065,68.6288208243166,6.67033566723918,2.06694851578353,PASS
high_D,100,0.0001,0.05,9.99073683424015e-05,0.0497797884169623,0.0926316575985123,0.44042316607544,1,1,13.0665611434892,66.3646370293768,6.49935582964553,1.95253424984949,PASS
high_D,101,0.0001,0.05,9.98391962026331e-05,0.0501310624782074,0.160803797366908,0.2621249564147,1,1,12.9538394913423,68.6499647912302,12.8486461276387,1.35303784843057,PASS
high_D,102,0.0001,0.05,0.000100467712337945,0.0499168623172058,0.467712337945121,0.166275365588442,1,1,13.747686100199,64.6916292248975,5.49559526669657,3.79576905295517,PASS
high_D,103,0.0001,0.05,9.93427999076981e-05,0.0503919262508543,0.657200092301876,0.783852501708621,1,1,13.2233977632393,72.3196500841245,14.0271622409844,2.79627901920448,PASS
high_D,104,0.0001,0.05,0.000100509460790003,0.0508145317074105,0.509460790003381,1.62906341482107,1,1,13.3590079522334,64.9368659961222,18.2981714901257,1.75001571483095,PASS
high_D,105,0.0001,0.05,0.000100781068746777,0.0497187551101743,0.781068746776506,0.562489779651412,1,1,14.1245938633763,69.6816540205749,13.2472098866246,2.21717968792278,PASS
high_D,106,0.0001,0.05,0.000100099660900051,0.0498124714234961,0.0996609000509678,0.37505715300773,1,1,12.9101983082538,72.4151099111657,11.4932052489159,2.1610182389134,PASS
high_D,107,0.0001,0.05,9.89684656414687e-05,0.0502957927093764,1.03153435853132,0.591585418752746,0,1,13.3159534538112,67.4688245778754,14.0013429939238,1.17575117822572,PASS
high_D,108,0.0001,0.05,0.000100949626675681,0.0497641197398181,0.949626675681082,0.471760520363865,0,1,13.665874392669,69.7608330883846,13.2851197489765,2.16455163548094,PASS
high_D,109,0.0001,0.05,0.000100037994958015,0.0503189468597966,0.0379949580154855,0.63789371959326,1,1,13.6070680660763,67.2768224442013,7.56926900826706,1.57728571962835,PASS
high_D,110,0.0001,0.05,0.0001000320763822,0.05065392239418,0.0320763821997754,1.30784478835995,1,1,12.9169637531259,72.3724070788159,12.1385839814435,2.60356516706758,PASS
high_D,111,0.0001,0.05,0.000100554026327348,0.0499209741373283,0.554026327347971,0.158051725343486,1,1,13.6925733080765,69.627884757667,11.8667527787869,2.24971699422187,PASS
high_D,112,0.0001,0.05,9.98889796230298e-05,0.0496998569840196,0.111020376970171,0.600286031960773,1,1,13.0813369600263,70.304464901042,7.39684792976163,1.63255717598223,PASS
high_D,113,0.0001,0.05,9.88311837373387e-05,0.0502174502413614,1.16881626266132,0.434900482722878,0,1,13.5154793976591,68.6259039044154,21.4678962248703,2.1559035651202,PASS
high_D,114,0.0001,0.05,9.99867893253161e-05,0.0494917873972075,0.0132106746839034,1.01642520558508,1,1,13.2398122460758,70.3284668652885,11.469829942401,1.61710529796278,PASS
high_D,115,0.0001,0.05,0.000100045947973078,0.0506565373324968,0.0459479730780644,1.31307466499361,1,1,13.8208060389062,71.9330404811832,11.1655462869796,1.78615553221336,PASS
high_D,116,0.0001,0.05,0.000100292854759724,0.0498895676939938,0.292854759724077,0.220864612012345,1,1,13.8015135050966,72.4859135767995,22.0617091120219,1.74462081878468,PASS
high_D,117,0.0001,0.05,9.98867571057004e-05,0.0499600894488656,0.113242894299594,0.0798211022687428,1,1,12.7411744161648,67.0577546454831,9.4842959611334,1.67393484587942,PASS
high_D,118,0.0001,0.05,0.000100015535439325,0.0500734982452416,0.0155354393249909,0.146996490483151,1,1,13.5524764873568,69.7170034641164,9.84711632397603,1.78992206663415,PASS
high_D,119,0.0001,0.05,0.000100097034903531,0.0506174923718202,0.0970349035312194,1.23498474364049,1,1,13.4980625733633,69.0607160680744,8.90833003604685,1.60450349527551,PASS
high_D,120,0.0001,0.05,0.000100468536269195,0.0501885065714934,0.468536269194913,0.377013142986826,1,1,13.2466640012313,69.756809696257,15.9291232583015,1.72941029921786,PASS
high_D,121,0.0001,0.05,9.98762662559874e-05,0.0494296527002014,0.123733744012582,1.14069459959713,1,1,13.1422712736206,69.0705166803383,12.4442465144165,1.27766305649797,PASS
high_D,122,0.0001,0.05,0.000100518258216541,0.0501536100983838,0.518258216541205,0.307220196767669,1,1,13.7352935265223,69.9472570162968,5.16092096608187,1.24403064961678,PASS
high_D,123,0.0001,0.05,0.000100211264294674,0.049686518478759,0.21126429467351,0.626963042481984,1,1,13.1550910822065,68.1018850101477,8.32650670641048,2.87623980442935,PASS
high_D,124,0.0001,0.05,9.94518999647818e-05,0.0506393684160611,0.548100035218223,1.27873683212228,1,1,13.3935570503231,71.6880412730943,10.3904205073823,1.91502694191465,PASS
high_D,125,0.0001,0.05,0.000100685514435643,0.0507172188707633,0.685514435642953,1.43443774152656,1,1,13.1608344398558,69.171138344262,16.4697158540933,2.47869911315314,PASS
high_D,126,0.0001,0.05,0.000100174887107374,0.0500786300281311,0.174887107373537,0.157260056262168,1,1,13.3233222699088,72.9974726618042,15.1176625136401,2.11811812640014,PASS
high_D,127,0.0001,0.05,0.00010015370283611,0.0503696689645705,0.153702836110217,0.73933792914109,1,1,13.3635270845292,72.8749322751126,25.3649883757897,1.41156879117606,PASS
high_D,128,0.0001,0.05,0.000100875689637036,0.0494875364229217,0.875689637036287,1.02492715415661,1,1,13.5769364682423,71.9726612326963,8.58512717149089,2.23248984966942,PASS
high_D,129,0.0001,0.05,9.9808691364874e-05,0.0497301460967427,0.191308635125986,0.539707806514647,1,1,13.5082602548552,66.1711336764406,16.78886656988,2.25685147580491,PASS
high_D,130,0.0001,0.05,0.000100306057023434,0.0494502196663241,0.306057023433549,1.09956066735177,1,1,13.6643257141334,69.4010527491017,6.86463968272165,1.43668289996318,PASS
high_D,131,0.0001,0.05,0.000100484791541338,0.0501826483834818,0.484791541337511,0.365296766963619,1,1,13.369573996926,72.6170305170482,4.59515445050419,3.14513761814655,PASS
high_D,132,0.0001,0.05,0.000100183726106655,0.0494551895044059,0.18372610665452,1.08962099118827,1,1,13.3362234357879,69.8846815785127,11.7022512778683,2.38778776667451,PASS
high_D,133,0.0001,0.05,9.94468581644782e-05,0.0498428253474664,0.553141835521849,0.314349305067296,1,1,12.9346225342851,71.0228423362109,13.591663953003,1.7694178502333,PASS
high_D,134,0.0001,0.05,9.98361349696986e-05,0.0503182221360962,0.163865030301436,0.636444272192394,1,1,13.6139342820561,63.3089031751935,7.52773337782622,2.83880483938732,PASS
high_D,135,0.0001,0.05,0.000100232641048316,0.0500754731868797,0.232641048315946,0.150946373759439,1,1,13.8269761439962,70.854858891732,8.95565667950289,2.43577852846753,PASS
high_D,136,0.0001,0.05,0.000100384217735443,0.0490700579685033,0.384217735442918,1.85988406299331,1,1,13.3617621747972,73.8280108421492,9.10822903918446,3.43516676596069,PASS
high_D,137,0.0001,0.05,9.97411357294232e-05,0.0500779212342565,0.258864270576801,0.155842468512912,1,1,13.2175329622182,65.8583745477116,6.08888693994405,1.8755088776255,PASS
high_D,138,0.0001,0.05,9.98551253857461e-05,0.0504662379016851,0.144874614253922,0.932475803370234,1,1,13.4097483111121,65.718266728121,12.0025733941394,1.30596720989399,PASS
high_D,139,0.0001,0.05,9.98195530365055e-05,0.0502592485407747,0.180446963494497,0.518497081549385,1,1,13.5292528392586,68.9448790398224,6.25743357344254,3.54330635428166,PASS
high_D,140,0.0001,0.05,9.99000151577994e-05,0.0501553093555227,0.0999848422006161,0.310618711045346,1,1,13.278330442882,69.5311686838872,11.158816835334,2.1292633065577,PASS
high_D,141,0.0001,0.05,0.000100870329359931,0.0497495122301201,0.870329359931225,0.500975539759793,1,1,13.1753414177168,73.1096194397563,11.2193079451464,1.50991584869873,PASS
high_D,142,0.0001,0.05,9.97875697461966e-05,0.0502234440802651,0.212430253803387,0.446888160530276,1,1,13.9192771443283,71.5258071707702,14.5859525003062,2.8553364841244,PASS
high_D,143,0.0001,0.05,0.000100556948200173,0.0499629733018431,0.556948200172662,0.0740533963138612,1,1,13.4771280695691,72.441269140352,17.4045184331453,2.03883093313519,PASS
high_D,144,0.0001,0.05,0.000100421386633629,0.0498396322345431,0.421386633628747,0.320735530913718,1,1,13.2924068571708,70.0442110243757,13.60873941174,3.08419003142915,PASS
high_D,145,0.0001,0.05,0.000100374799909411,0.049901509885962,0.374799909411244,0.196980228076044,1,1,13.1805726845037,73.7374321904188,18.1456256136786,1.93409683367293,PASS
high_D,146,0.0001,0.05,0.000100209818952124,0.0499483389700508,0.209818952123859,0.103322059898325,1,1,13.5021426532638,68.3824445014854,3.16627771758266,1.94140034123425,PASS
high_D,147,0.0001,0.05,0.000100068939497893,0.0500317145433249,0.0689394978927176,0.0634290866498161,1,1,13.1082298084659,66.6589367063408,6.67105773567619,1.80999877713933,PASS
high_D,148,0.0001,0.05,0.000100052299806137,0.0498887681696918,0.0522998061369532,0.222463660616387,1,1,13.7937220926882,69.8662263381308,14.4564218310088,2.55740760761859,PASS
high_D,149,0.0001,0.05,0.000100014496043697,0.0502315208150365,0.0144960436971833,0.463041630072922,1,1,13.3215023707769,66.8701334087664,7.34660267313517,1.46693970909081,PASS
high_D,150,0.0001,0.05,0.000100186801833189,0.0499949413569006,0.186801833189026,0.0101172861987631,1,1,14.5454528877801,74.6478984696483,8.88722528446008,1.59748132673759,PASS
high_D,151,0.0001,0.05,0.000100061134778905,0.0504045264543461,0.0611347789049267,0.809052908692209,1,1,13.7758460312514,74.4011043225848,7.15352818170841,2.40420307502512,PASS
high_D,152,0.0001,0.05,0.000100633461526886,0.0493418233355645,0.633461526885766,1.31635332887106,1,1,13.4936359652816,63.0745121263469,11.44535894533,2.60728300898126,PASS
high_D,153,0.0001,0.05,9.99470331713424e-05,0.0498767356440723,0.0529668286576395,0.246528711855501,1,1,13.8497631454936,69.6407059704977,8.32961616766133,1.20300947288928,PASS
high_D,154,0.0001,0.05,9.95939840962884e-05,0.049419949967933,0.406015903711571,1.16010006413395,1,1,13.3487764035774,73.30468474179,5.01893088032158,2.18655506132771,PASS
high_D,155,0.0001,0.05,9.97742321513556e-05,0.0507373862044817,0.22576784864436,1.47477240896346,1,1,13.2361354555527,68.8333963856614,8.82726467078348,1.91422455543963,PASS
high_D,156,0.0001,0.05,0.000100141381314741,0.0497113400152615,0.141381314741024,0.57731996947695,1,1,12.6352153878729,71.2539466792649,13.5193142838402,2.35276547820658,PASS
high_D,157,0.0001,0.05,9.96327713058079e-05,0.0503991541658153,0.367228694192142,0.798308331630582,1,1,13.607186053396,69.471828841579,26.2718004680267,3.81374014881167,PASS
high_D,158,0.0001,0.05,0.000100453166813666,0.049386061083098,0.453166813665952,1.22787783380408,1,1,14.0326897657423,73.4589775864318,6.4599549399487,1.81841217951761,PASS
high_D,159,0.0001,0.05,9.96120624628897e-05,0.049773534545881,0.387937537110346,0.4529309082381,1,1,13.1418087836583,69.7076405731653,10.60268483817,1.50696074298615,PASS
high_D,160,0.0001,0.05,9.93145754387398e-05,0.0498054323613937,0.685424561260251,0.389135277212627,1,1,14.0193116019778,66.0262619868336,11.8033630513855,1.51530029052886,PASS
high_D,161,0.0001,0.05,0.000100504485652519,0.0492883695941237,0.504485652519265,1.42326081175262,1,1,14.0803081455519,71.1248594551737,17.2343710991076,2.55947331916915,PASS
high_D,162,0.0001,0.05,0.00010041516131027,0.049383336111932,0.415161310270062,1.23332777613602,1,1,13.7807415156627,71.2850831101596,5.27269327781626,2.72135038856656,PASS
high_D,163,0.0001,0.05,0.000100284148397161,0.0501511135919338,0.284148397160526,0.302227183867534,1,1,12.8504583828471,69.3793783637005,11.3473118926352,2.08181742012966,PASS
high_D,164,0.0001,0.05,9.99232625193481e-05,0.049595087545155,0.0767374806519359,0.809824909689935,1,1,13.0482414639534,68.1279221625772,12.6225197480867,1.64125078627855,PASS
high_D,165,0.0001,0.05,0.000101013423818479,0.0504190464832339,1.01342381847905,0.838092966467877,0,1,13.2708838317646,68.5316933969361,10.2145854398226,1.65095931622792,PASS
high_D,166,0.0001,0.05,9.90168736830554e-05,0.0502026338453537,0.983126316944603,0.405267690707367,0,1,13.8460397961416,71.3851073089533,6.32339642515924,2.45807451610466,PASS
high_D,167,0.0001,0.05,0.000100626526671188,0.0501693060391293,0.626526671188327,0.338612078258693,1,1,13.4689062499341,70.3224059182285,11.5862791764485,2.36333543077702,PASS
high_D,168,0.0001,0.05,9.9365186040873e-05,0.0508348341116588,0.634813959127036,1.6696682233175,1,1,13.2505244611409,69.7555230208524,9.85776991138156,1.42186997395188,PASS
high_D,169,0.0001,0.05,9.98664967247063e-05,0.0501750283093845,0.133503275293747,0.350056618768982,1,1,13.0628957025444,68.8989317592507,16.4724889790379,2.00422556132665,PASS
high_D,170,0.0001,0.05,0.000100076508463453,0.0489631072625934,0.0765084634527831,2.07378547481313,1,1,13.4851420744815,69.1066251070753,8.24330630046767,1.69634675873276,PASS
high_D,171,0.0001,0.05,9.98083341104342e-05,0.0498480441995022,0.19166588956583,0.303911600995688,1,1,13.3057201916071,66.7634196154623,11.7371172596605,2.10197946145644,PASS
high_D,172,0.0001,0.05,0.000100462847237322,0.0497351763966702,0.462847237321732,0.529647206659684,1,1,13.4213363096338,69.3346648183288,6.26812422804332,2.58185283160414,PASS
high_D,173,0.0001,0.05,9.92759592967481e-05,0.049898117403443,0.72404070325186,0.203765193114006,1,1,14.0221696647277,66.6499734742708,9.22117008986838,1.43433345648192,PASS
high_D,174,0.0001,0.05,9.9759830241438e-05,0.0497320060446028,0.240169758561969,0.535987910794344,1,1,13.6198695670161,70.0660745137211,17.1540620049151,2.40433129632827,PASS
high_D,175,0.0001,0.05,9.9978526041836e-05,0.0500856423719128,0.0214739581640486,0.171284743825564,1,1,13.1091763894701,69.5306999111,7.41822322683122,2.87250769707729,PASS
high_D,176,0.0001,0.05,0.000100900809837269,0.0493795616981982,0.900809837268678,1.2408766036037,1,1,13.5228620132131,66.223344904517,10.9509061890005,1.87526796600221,PASS
high_D,177,0.0001,0.05,9.95803753214058e-05,0.049946389558425,0.419624678594223,0.107220883150072,1,1,13.9188796503918,71.2187554542643,8.38785054105893,2.94522517451623,PASS
high_D,178,0.0001,0.05,9.99717363410772e-05,0.0499574010761594,0.0282636589228131,0.0851978476811149,1,1,13.3539260222682,74.091958785394,11.223470138084,1.38614616678282,PASS
high_D,179,0.0001,0.05,9.98685598762681e-05,0.0501973684546396,0.131440123731937,0.394736909279145,1,1,13.7898145210516,70.4020561928207,11.1678109929475,3.02964134984927,PASS
high_D,180,0.0001,0.05,0.000100645520080525,0.0498585099007884,0.645520080524509,0.282980198423224,1,1,13.788543081933,68.2655983137475,13.0207031433931,2.75741797784766,PASS
high_D,181,0.0001,0.05,0.000100008825998204,0.049525629392772,0.00882599820350083,0.948741214455942,1,1,12.9125007562811,73.6760040107164,16.2526212702204,1.63613742250761,PASS
high_D,182,0.0001,0.05,0.000100498485379841,0.0499350291918289,0.498485379841308,0.129941616342111,1,1,13.3020319266736,72.0320123931313,16.1526676623985,1.40270032463957,PASS
high_D,183,0.0001,0.05,0.000100305781080596,0.0501257289262136,0.305781080595958,0.251457852427223,1,1,13.184617187957,71.3561215822113,19.8995850366966,1.70205505170614,PASS
high_D,184,0.0001,0.05,9.96399047015882e-05,0.0502545836138127,0.360095298411757,0.509167227625368,1,1,13.8528187898194,68.2542273250051,14.5597107928262,2.50555194866545,PASS
high_D,185,0.0001,0.05,0.000100109783311212,0.0499456251181578,0.109783311211611,0.108749763684482,1,1,13.2423863507708,72.0229032260357,7.24419251078594,2.94373246416599,PASS
high_D,186,0.0001,0.05,9.99457337458509e-05,0.0502960436750517,0.0542662541491365,0.592087350103451,1,1,14.070151978768,70.7528580719057,11.055664299367,2.4871559326448,PASS
high_D,187,0.0001,0.05,0.000100678994328447,0.0491431899489905,0.678994328447157,1.71362010201906,1,1,13.5622883852256,68.1301961164725,11.3720492374018,1.86705011603889,PASS
high_D,188,0.0001,0.05,0.000100208883052274,0.0498119447010492,0.208883052273904,0.376110597901672,1,1,13.2161444541933,69.3139771413333,9.5282382658215,3.02430932653855,PASS
high_D,189,0.0001,0.05,0.000100417025372901,0.0500873585766425,0.417025372901391,0.174717153284917,1,1,13.1934713304836,70.5231611705559,13.0247742171486,2.13004406890272,PASS
high_D,190,0.0001,0.05,9.93182109027549e-05,0.04983099345187,0.68178909724515,0.338013096259915,1,1,13.5579347871703,71.5167095945848,11.6886745239516,2.24254638283216,PASS
high_D,191,0.0001,0.05,0.000100013114428697,0.0503408859476662,0.0131144286970151,0.681771895332459,1,1,13.4633018651555,74.3401443132968,6.95845383535547,2.14784593573839,PASS
high_D,192,0.0001,0.05,0.00010009603402584,0.0499932470440907,0.096034025839743,0.0135059118185205,1,1,13.3587446487112,66.8814179839152,6.31122094736732,1.9348361711576,PASS
high_D,193,0.0001,0.05,0.000100093087997736,0.0501697317755796,0.0930879977359026,0.339463551159214,1,1,12.8066713981774,69.1711290371471,11.5049203938375,1.83198116578087,PASS
high_D,194,0.0001,0.05,0.000100135276175768,0.0503156585036735,0.13527617576845,0.631317007346963,1,1,13.8207185218092,68.9280876683441,12.8110618720924,1.66810375055897,PASS
high_D,195,0.0001,0.05,0.000100697204781639,0.0502492816927755,0.697204781639247,0.498563385551085,1,1,13.5853967351392,71.4844154217641,12.7252756481856,1.97026019406756,PASS
high_D,196,0.0001,0.05,9.9986428048477e-05,0.0501224060010821,0.0135719515230096,0.244812002164224,1,1,13.6404098719914,69.4564698065113,7.47564526976323,1.90277151875468,PASS
high_D,197,0.0001,0.05,0.000100136874467835,0.0509548811605488,0.13687446783457,1.90976232109753,1,1,13.1453698999912,67.5136230959931,15.6654192599493,2.63202377864068,PASS
high_D,198,0.0001,0.05,9.9926874371564e-05,0.0496587050904268,0.0731256284360098,0.68258981914647,1,1,13.202653685237,71.1506199132647,7.84979907818882,2.38660645347654,PASS
high_D,199,0.0001,0.05,0.000100190612179906,0.0492176846801324,0.190612179905533,1.56463063973523,1,1,13.6113338444111,73.7827056867929,9.47190740936833,2.34174721843406,PASS
high_D,200,0.0001,0.05,0.000100098156070755,0.0501490528455005,0.0981560707553165,0.298105691000985,1,1,13.1994599614206,72.3508507400063,11.0659237427775,2.74288337040434,PASS
C_0p8,1,8e-05,0.05,8.04119860336175e-05,0.0493060049567816,0.514982542021877,1.38799008643672,1,1,12.9748754725548,70.3747743827444,13.7790232952229,2.33168778783126,PASS
C_0p8,2,8e-05,0.05,8.01440653606511e-05,0.0500671092725463,0.180081700813925,0.134218545092546,1,1,12.9803737922216,67.8065013206087,13.5386867629188,1.74835490995421,PASS
C_0p8,3,8e-05,0.05,7.98914061534949e-05,0.0505327258749622,0.135742308131424,1.06545174992435,1,1,13.1153314448869,69.7050561424432,8.67456679984517,2.11203873502522,PASS
C_0p8,4,8e-05,0.05,8.01457078393418e-05,0.0496868921010326,0.182134799177191,0.626215797934718,1,1,12.978338001121,65.4705281501133,14.5931156141045,2.29722168363778,PASS
C_0p8,5,8e-05,0.05,8.00774544358274e-05,0.0496825695219401,0.0968180447842766,0.634860956119754,1,1,14.1074767470201,69.3979081285959,10.0948186804318,2.1617329808744,PASS
C_0p8,6,8e-05,0.05,8.00453727103976e-05,0.0505669553888516,0.0567158879970293,1.13391077770318,1,1,12.9012565021303,67.9928339851329,18.342935719728,2.03306522047324,PASS
C_0p8,7,8e-05,0.05,7.9951737227684e-05,0.0499188114755184,0.0603284653950362,0.162377048963228,1,1,13.1565136366798,70.5921282501226,5.72524986684927,1.5554890906079,PASS
C_0p8,8,8e-05,0.05,8.09370789925047e-05,0.0500673711468386,1.17134874063087,0.134742293677284,0,1,13.3434691807564,67.9468552186913,7.80774508857817,1.79990594285048,PASS
C_0p8,9,8e-05,0.05,8.00591209111623e-05,0.0499602251801504,0.0739011389528942,0.079549639699264,1,1,12.6011176984416,69.2641288789046,12.9088831565967,2.21238626457806,PASS
C_0p8,10,8e-05,0.05,8.03015936917365e-05,0.0502121143901709,0.376992114670661,0.424228780341762,1,1,13.5166894750286,74.0897844881981,9.06926600462267,2.31693556194563,PASS
C_0p8,11,8e-05,0.05,8.0303009559644e-05,0.049927976701369,0.378761949555048,0.144046597262082,1,1,14.171334913869,69.414029240562,6.05405390147544,1.17884348290515,PASS
C_0p8,12,8e-05,0.05,8.02249871957104e-05,0.0494393105610442,0.281233994637993,1.12137887791162,1,1,13.319230813746,68.4874474698952,9.38461470471169,2.28076717306818,PASS
C_0p8,13,8e-05,0.05,7.98950862628593e-05,0.050057443264322,0.131142171425829,0.11488652864397,1,1,13.8913409860829,68.8786460943791,9.42206753779831,1.55623780937731,PASS
C_0p8,14,8e-05,0.05,7.98156887774098e-05,0.0501424960131073,0.230389028237738,0.284992026214612,1,1,13.8269771904746,70.1085324858766,13.4496010188436,1.61886757465856,PASS
C_0p8,15,8e-05,0.05,8.01519785316362e-05,0.0489695372211066,0.189973164545257,2.06092555778678,1,1,13.195245310351,69.6986147685828,7.27293250993355,2.77190720462717,PASS
C_0p8,16,8e-05,0.05,7.98553586788096e-05,0.0506441231233154,0.180801651488066,1.28824624663069,1,1,12.8728561904782,69.7046584048669,18.1511499506847,1.8487038925439,PASS
C_0p8,17,8e-05,0.05,7.95142309198494e-05,0.0503966124926599,0.607211350188289,0.793224985319724,1,1,13.1294727491771,70.8723416018505,7.83287455570071,2.45770469142604,PASS
C_0p8,18,8e-05,0.05,8.00619568817986e-05,0.0498161032230556,0.0774461022482095,0.367793553888801,1,1,14.0497919701974,70.2751696573883,7.80877453742861,1.75583388694246,PASS
C_0p8,19,8e-05,0.05,7.98014528604044e-05,0.050090444720777,0.248183924494458,0.180889441553991,1,1,13.9534736983038,67.4372514520841,9.37874856781847,2.05452873970273,PASS
C_0p8,20,8e-05,0.05,7.95987917336876e-05,0.0501932496840039,0.501510332890514,0.386499368007762,1,1,13.2949819595825,69.7924145537521,6.01504714222448,1.38559974887953,PASS
C_0p8,21,8e-05,0.05,7.97212513015265e-05,0.0503340871350649,0.348435873091839,0.668174270129718,1,1,13.8992922791215,69.2434266666771,13.5888939054271,1.99617238509698,PASS
C_0p8,22,8e-05,0.05,8.05081483956302e-05,0.0503893700813392,0.63518549453779,0.778740162678454,1,1,13.2594616698806,72.1717561895811,12.6585275244055,2.03199156385907,PASS
C_0p8,23,8e-05,0.05,7.95021863292282e-05,0.0499918452540103,0.622267088464814,0.0163094919793383,1,1,13.9570532006729,68.5638739262704,10.4080289037163,2.20527840319081,PASS
C_0p8,24,8e-05,0.05,8.05999953397032e-05,0.0504759076164691,0.74999417462901,0.951815232938164,1,1,12.7397855040192,69.6997293209413,12.9351578030129,1.72002685907991,PASS
C_0p8,25,8e-05,0.05,8.00719735402677e-05,0.0508932336470682,0.0899669253346358,1.78646729413634,1,1,13.7376461124398,68.9460476248093,7.54745720276284,2.95106951962849,PASS
C_0p8,26,8e-05,0.05,7.9832346618869e-05,0.0496574699994526,0.209566726413808,0.685060001094889,1,1,13.1571417639081,72.5367002229012,13.7018027478696,2.00447928267781,PASS
C_0p8,27,8e-05,0.05,8.0116887281446e-05,0.0501168154446834,0.146109101807448,0.233630889366829,1,1,13.3921684874011,69.154812927804,11.2138811583911,2.70316332095431,PASS
C_0p8,28,8e-05,0.05,8.0377593559832e-05,0.0495623568010349,0.471991949789943,0.875286397930247,1,1,13.4997870012535,70.8351465037519,9.44621697321182,2.71656162020504,PASS
C_0p8,29,8e-05,0.05,8.03031210306249e-05,0.0497473875271041,0.378901288281135,0.505224945791832,1,1,13.3788173055442,68.4494541104826,12.680199562511,2.835053513499,PASS
C_0p8,30,8e-05,0.05,7.96860315088964e-05,0.0501899789306066,0.392460613879509,0.37995786121317,1,1,13.7696014787517,68.8716991474841,15.2069940973276,2.65990335665171,PASS
C_0p8,31,8e-05,0.05,8.0607847352094e-05,0.0501040406453746,0.759809190117514,0.20808129074916,1,1,13.3166715671198,69.7876977509625,7.09857777104784,1.86083477038538,PASS
C_0p8,32,8e-05,0.05,7.97951348282347e-05,0.049490500749749,0.256081464706606,1.01899850050197,1,1,13.4572027759259,70.0494699887934,16.4496774624146,2.69642504837926,PASS
C_0p8,33,8e-05,0.05,7.98558159174471e-05,0.0497427502779588,0.180230103191094,0.514499444082397,1,1,13.6927850939866,66.6544614524304,11.9120169354119,1.68949743456313,PASS
C_0p8,34,8e-05,0.05,8.03955319817211e-05,0.0495935305830445,0.494414977151372,0.81293883391105,1,1,13.2167666048798,69.7738336049934,7.56428512038256,2.28881226826219,PASS
C_0p8,35,8e-05,0.05,8.0844547425522e-05,0.0491468721608643,1.05568428190254,1.70625567827132,0,1,13.6691939310353,70.6115995683963,5.10980798259883,1.71411357937984,PASS
C_0p8,36,8e-05,0.05,7.91268226886563e-05,0.0499933765255715,1.09147163917962,0.0132469488569181,0,1,13.8922051644875,71.5108297320522,8.76058045721491,2.50216592992376,PASS
C_0p8,37,8e-05,0.05,7.99642519603714e-05,0.0505709354706168,0.0446850495358102,1.14187094123357,1,1,13.5550210250442,67.881794484408,8.99976427417134,1.78370797716561,PASS
C_0p8,38,8e-05,0.05,7.98031851527435e-05,0.0500722649528048,0.246018559070632,0.14452990560955,1,1,13.6322557470149,74.5747661483441,22.1140793972446,1.74148174068259,PASS
C_0p8,39,8e-05,0.05,8.01747291770585e-05,0.0505742759946286,0.218411471323055,1.14855198925728,1,1,14.0083094724488,70.7334967202525,8.42192960386298,1.92986661509354,PASS
C_0p8,40,8e-05,0.05,8.01485836111848e-05,0.0496248871342094,0.185729513981012,0.750225731581261,1,1,13.284349412858,71.4250833595445,4.10928102268444,2.29535521492659,PASS
C_0p8,41,8e-05,0.05,8.0814681196759e-05,0.0501382941125919,1.01835149594874,0.27658822518388,0,1,13.4811015151765,67.4918246851857,11.7392076866897,1.24444535785819,PASS
C_0p8,42,8e-05,0.05,7.97156934783708e-05,0.0505548510971805,0.355383152036505,1.10970219436109,1,1,13.7774642595117,69.3158461986008,12.6240171225968,1.92713378176284,PASS
C_0p8,43,8e-05,0.05,8.06787545146501e-05,0.0498225626925839,0.848443143312619,0.35487461483226,1,1,13.1540576078448,71.6803459276218,16.7657542864132,2.82319579218022,PASS
C_0p8,44,8e-05,0.05,7.98561438894141e-05,0.0503884311071561,0.179820138232402,0.776862214312155,1,1,13.7131109713683,71.8744001206663,4.596054025831,2.18837249658585,PASS
C_0p8,45,8e-05,0.05,7.9745489444936e-05,0.0502520485550949,0.318138193830043,0.504097110189769,1,1,13.529493463803,69.9826377799294,13.5908970996915,1.66602304950068,PASS
C_0p8,46,8e-05,0.05,8.02137487269919e-05,0.0497285909964775,0.267185908739821,0.542818007045046,1,1,13.3009470823897,69.5430668915568,6.76137529107449,2.05151510513083,PASS
C_0p8,47,8e-05,0.05,7.99566872904797e-05,0.0498865807178005,0.0541408869004328,0.226838564398979,1,1,13.6295001335811,67.6648431328414,4.58382779272212,1.96739890002313,PASS
C_0p8,48,8e-05,0.05,7.98129923209393e-05,0.0499538551185557,0.233759598825916,0.0922897628886643,1,1,13.9040694990166,72.1087965635045,8.56310604896976,2.11590959202379,PASS
C_0p8,49,8e-05,0.05,8.01359627768602e-05,0.0497362444423078,0.169953471075217,0.527511115384488,1,1,13.4846227113913,69.8898127034245,8.17951688999315,2.86413003437149,PASS
C_0p8,50,8e-05,0.05,8.02368010793246e-05,0.0493883066212476,0.296001349155761,1.22338675750482,1,1,13.9723851580985,73.5174612806399,10.9034514466267,1.56367308996655,PASS
C_0p8,51,8e-05,0.05,7.99580410300121e-05,0.0506469487686539,0.0524487124849088,1.29389753730777,1,1,13.5747984221944,68.2019531522116,13.2178043795328,1.51814056073181,PASS
C_0p8,52,8e-05,0.05,8.00960942931759e-05,0.0502906338417102,0.120117866469852,0.581267683420372,1,1,13.3446197611577,68.6895961767896,11.1243353668521,1.75254361650233,PASS
C_0p8,53,8e-05,0.05,8.04735960294869e-05,0.050038248096023,0.591995036858618,0.0764961920459578,1,1,13.2051213874342,70.2057033495622,11.0407492853324,2.62453476826541,PASS
C_0p8,54,8e-05,0.05,7.92291375037064e-05,0.0508280459436352,0.963578120367006,1.65609188727041,0,1,13.207230779428,68.6369659897079,5.3546331363494,1.79766427239011,PASS
C_0p8,55,8e-05,0.05,7.97768030517343e-05,0.0502431902494529,0.278996185332185,0.486380498905731,1,1,13.4984920113784,66.7184117980922,9.08636637294945,2.01594833313807,PASS
C_0p8,56,8e-05,0.05,8.01504744807885e-05,0.0499913569911865,0.188093100985606,0.0172860176270856,1,1,13.5772950472693,70.4584793191257,9.47303622183183,2.17251079500079,PASS
C_0p8,57,8e-05,0.05,7.98268108089102e-05,0.0503243764636664,0.216486488862211,0.648752927332755,1,1,13.5246213645441,67.7607237869303,14.5704199785262,1.85082296084811,PASS
C_0p8,58,8e-05,0.05,8.00148411675137e-05,0.0494558651918939,0.0185514593921402,1.08826961621226,1,1,13.2443265525376,69.9435574417415,4.91120009279414,2.75200648608558,PASS
C_0p8,59,8e-05,0.05,7.98507471503994e-05,0.05031187389827,0.186566062000707,0.623747796540064,1,1,13.8040663407748,71.6951467813954,11.9899214133804,1.6064460206464,PASS
C_0p8,60,8e-05,0.05,8.00097341937193e-05,0.0510910455106144,0.0121677421490852,2.18209102122878,1,1,13.4920907641911,67.6750544597086,10.3727667721038,1.99862692171184,PASS
C_0p8,61,8e-05,0.05,7.98710123243924e-05,0.0497757600961216,0.161234594509512,0.448479807756905,1,1,13.7737306346996,73.3925801392413,11.3899170598146,2.01756794821448,PASS
C_0p8,62,8e-05,0.05,8.04550198399656e-05,0.0496761489124459,0.568774799957054,0.647702175108289,1,1,13.4930013579907,68.7194985676345,12.9114031972897,2.01797116078778,PASS
C_0p8,63,8e-05,0.05,8.03964229414332e-05,0.049344024835261,0.495528676791507,1.31195032947792,1,1,13.666213050042,70.6269484910892,8.49943148739177,1.09263568641857,PASS
C_0p8,64,8e-05,0.05,7.91750319212541e-05,0.0498907897049061,1.03121009843244,0.218420590187784,0,1,13.3351663401508,72.7714363532937,6.77077106884601,1.37439825262991,PASS
C_0p8,65,8e-05,0.05,8.00674223230402e-05,0.0493533872697884,0.0842779038002981,1.29322546042329,1,1,13.1703576389336,69.8418539192765,6.69903242589249,2.19299502199493,PASS
C_0p8,66,8e-05,0.05,7.95568545117889e-05,0.0505415463342221,0.553931860263859,1.08309266844424,1,1,13.3273597088834,68.22267874884,16.9170511652923,2.7802157599552,PASS
C_0p8,67,8e-05,0.05,7.97889917216471e-05,0.0500088161892484,0.263760347941107,0.0176323784966959,1,1,13.2861236709441,69.3965687043782,5.89619027622248,1.88570500571065,PASS
C_0p8,68,8e-05,0.05,7.99349956118843e-05,0.0502181727729776,0.0812554851446823,0.436345545955147,1,1,12.7426148641771,73.7797690069037,7.3044313650201,1.52220996514169,PASS
C_0p8,69,8e-05,0.05,8.01713638988921e-05,0.0501613188468898,0.214204873615084,0.322637693779562,1,1,14.4013268413482,70.8293756999019,6.70201122943664,2.44069594726681,PASS
C_0p8,70,8e-05,0.05,7.96420547685291e-05,0.0505800881732174,0.447431539338647,1.16017634643481,1,1,14.1417907236806,68.6842932539053,11.3784988067871,2.35637743330602,PASS
C_0p8,71,8e-05,0.05,7.98845228854645e-05,0.0502082419945104,0.144346393169371,0.416483989020708,1,1,14.2681469899312,70.8082758773748,7.0439981571747,1.75448294222007,PASS
C_0p8,72,8e-05,0.05,8.06584317069149e-05,0.0498025308827793,0.823039633643564,0.394938234441478,1,1,13.5031088918191,68.7323823460416,12.1790938346651,1.82894441647172,PASS
C_0p8,73,8e-05,0.05,7.96163858025774e-05,0.0501279891672614,0.479517746778288,0.255978334522719,1,1,13.8818693525046,70.829822569715,4.58876685367581,3.35615615298545,PASS
C_0p8,74,8e-05,0.05,7.98598323017744e-05,0.0498270774008398,0.175209622782027,0.345845198320441,1,1,13.0586447905651,70.2525481581506,8.96825046153563,2.00897609946417,PASS
C_0p8,75,8e-05,0.05,8.00792611911443e-05,0.0509311477437898,0.0990764889303224,1.86229548757963,1,1,13.6122831208576,67.1173915900515,11.2362892730025,3.41146764300258,PASS
C_0p8,76,8e-05,0.05,8.0579388111726e-05,0.0496711064699911,0.72423513965751,0.657787060017859,1,1,13.4752843802305,67.7120614532003,7.34288536265061,1.96835282355025,PASS
C_0p8,77,8e-05,0.05,8.0618492728644e-05,0.0501047792319371,0.77311591080504,0.209558463874215,1,1,13.2957257490156,70.4593462663119,19.9848586431194,2.46115304126353,PASS
C_0p8,78,8e-05,0.05,8.00795440615397e-05,0.0497736893771224,0.0994300769245573,0.452621245755125,1,1,13.1798850789604,71.9498052451648,8.22007134836556,2.40575003933198,PASS
C_0p8,79,8e-05,0.05,7.99307897863876e-05,0.049287374195918,0.0865127670155365,1.42525160816406,1,1,13.323374821066,67.2450349613389,17.9237691166525,1.87047449507664,PASS
C_0p8,80,8e-05,0.05,8.01458088360193e-05,0.0507270404692631,0.18226104502409,1.45408093852613,1,1,12.9500509237531,73.8111591521207,6.85464645160508,1.73619974495979,PASS
C_0p8,81,8e-05,0.05,8.02161475419816e-05,0.0501643646626804,0.270184427476951,0.328729325360849,1,1,13.4309531445704,69.9413765205413,12.788123259884,3.27722963806914,PASS
C_0p8,82,8e-05,0.05,8.02687275469117e-05,0.0504887483033945,0.335909433639665,0.977496606788905,1,1,13.6415974408852,72.3120815174664,11.7207211589757,1.77052071497215,PASS
C_0p8,83,8e-05,0.05,8.02973192198176e-05,0.0495144661752057,0.371649024771932,0.971067649588528,1,1,13.2858579794221,69.1951468615761,14.8831795900604,1.94739734815707,PASS
C_0p8,84,8e-05,0.05,7.99348737115832e-05,0.0498913001880162,0.0814078605210641,0.217399623967579,1,1,13.3329180255824,73.8354668002507,8.5167846923594,1.47619776872488,PASS
C_0p8,85,8e-05,0.05,8.03797419201817e-05,0.0499650459495365,0.474677400227168,0.0699081009270935,1,1,13.8823168894016,66.5959628357742,5.33968705389224,2.25708933577521,PASS
C_0p8,86,8e-05,0.05,7.97069600356312e-05,0.0496535348603476,0.366299955460985,0.692930279304768,1,1,13.5875491713333,71.8397345408413,10.0738404376755,1.94544734843728,PASS
C_0p8,87,8e-05,0.05,8.00838088508563e-05,0.050302652733826,0.104761063570401,0.605305467652056,1,1,13.8864023334078,67.9370775211167,11.1016331617072,2.10100528446866,PASS
C_0p8,88,8e-05,0.05,8.00302325077436e-05,0.0507539483342767,0.0377906346795419,1.5078966685534,1,1,13.3711406012323,68.0884436603627,10.5718413662434,2.59498570394839,PASS
C_0p8,89,8e-05,0.05,8.02119823229835e-05,0.0491705769562903,0.264977903729388,1.65884608741942,1,1,14.0676063225789,69.0468272825444,8.73603469053465,1.18774894205671,PASS
C_0p8,90,8e-05,0.05,7.97348192841757e-05,0.0498399711577342,0.331475894780361,0.320057684531555,1,1,14.0758169221794,73.3082108597725,8.01012126158859,2.87397786802674,PASS
C_0p8,91,8e-05,0.05,8.00362879036482e-05,0.0494346174907698,0.0453598795602821,1.13076501846039,1,1,13.2624426543096,72.3593663510894,9.96631461074123,1.94197240579949,PASS
C_0p8,92,8e-05,0.05,8.10247499472653e-05,0.0495496084859421,1.28093743408162,0.90078302811579,0,1,12.9514652703855,69.5907883572859,17.9698478738818,2.15568564117979,PASS
C_0p8,93,8e-05,0.05,7.98808519728328e-05,0.049683677245065,0.148935033958984,0.632645509869953,1,1,13.6047557221353,65.7420234760335,10.3151615236617,1.8679535977825,PASS
C_0p8,94,8e-05,0.05,8.01652105126679e-05,0.0498936887730394,0.206513140834919,0.212622453921299,1,1,13.0509611186247,72.2867286606244,13.0851762922964,1.9951351250627,PASS
C_0p8,95,8e-05,0.05,7.96033717216777e-05,0.0501802703557258,0.495785347902942,0.360540711451654,1,1,13.6258397953498,72.9167652345974,6.45569970676415,1.77068038638034,PASS
C_0p8,96,8e-05,0.05,7.93821796534291e-05,0.0496912290684571,0.772275433213579,0.61754186308581,1,1,13.8303917189872,65.7387432600776,12.0080239293859,1.61659126068105,PASS
C_0p8,97,8e-05,0.05,8.01337862484312e-05,0.0498297004209293,0.167232810538978,0.340599158141441,1,1,13.3237929013758,68.8336112784457,10.9912710722864,1.81491796952744,PASS
C_0p8,98,8e-05,0.05,7.94965679425e-05,0.0501616064772234,0.629290071875015,0.323212954446872,1,1,13.6206009897543,69.4802641549187,7.28686867739225,2.04380697196287,PASS
C_0p8,99,8e-05,0.05,8.08909066973547e-05,0.0495078381466392,1.11363337169331,0.984323706721565,0,1,13.2442859254235,72.5079385555019,14.5607595265402,2.18450844000824,PASS
C_0p8,100,8e-05,0.05,7.98111927864297e-05,0.0506569792204809,0.236009016962838,1.31395844096181,1,1,13.9571101461645,64.5048470464745,8.50518835497475,2.02283257372877,PASS
C_0p8,101,8e-05,0.05,8.01872724946553e-05,0.0499814557593445,0.234090618319145,0.0370884813110234,1,1,13.2275554344811,71.2163586051796,8.82512953271941,1.66859758840199,PASS
C_0p8,102,8e-05,0.05,7.98705927057662e-05,0.0508457321981804,0.161759117792275,1.69146439636086,1,1,13.5738578703551,70.5444330655657,7.17259751942624,2.15073994512843,PASS
C_0p8,103,8e-05,0.05,8.02261743105539e-05,0.0495389019585738,0.282717888192375,0.922196082852433,1,1,13.0835522653464,69.8228156817137,6.86351678603942,2.46469798697694,PASS
C_0p8,104,8e-05,0.05,8.04205998497144e-05,0.0499599225524475,0.525749812142984,0.0801548951050168,1,1,13.2685026331848,69.9025767125035,13.2025946721203,1.85178928279652,PASS
C_0p8,105,8e-05,0.05,8.0015065804329e-05,0.0500448322096239,0.0188322554112908,0.0896644192477924,1,1,13.4319129020287,69.1817850101488,7.74740934579475,3.02679610128949,PASS
C_0p8,106,8e-05,0.05,7.94861124045537e-05,0.049643968692766,0.642359494307883,0.71206261446799,1,1,13.2149746824873,71.6268689933306,13.6285835731471,2.44490130570885,PASS
C_0p8,107,8e-05,0.05,7.95969249858979e-05,0.0506077829882081,0.503843767627638,1.21556597641616,1,1,13.5585363479935,66.7832064171635,14.1223134406587,1.76327282836317,PASS
C_0p8,108,8e-05,0.05,8.00330473868326e-05,0.0504899607223594,0.0413092335407093,0.979921444718743,1,1,13.5300548468403,67.8557597596445,13.3031417074214,2.04116109671189,PASS
C_0p8,109,8e-05,0.05,7.94816532989561e-05,0.0502600010680524,0.647933376304827,0.520002136104855,1,1,13.1236104272803,68.6515775280133,14.0278096022491,1.61515645415108,PASS
C_0p8,110,8e-05,0.05,7.99282812581139e-05,0.0506149599280032,0.0896484273576202,1.22991985600633,1,1,13.0503262289363,68.1996334201054,12.2108349041636,1.47440486221981,PASS
C_0p8,111,8e-05,0.05,8.08526764734962e-05,0.0496198318290386,1.06584559187024,0.760336341922782,0,1,13.4904002363727,70.0906121171532,7.6997349488561,1.68343867618713,PASS
C_0p8,112,8e-05,0.05,8.03370209603509e-05,0.0499972073177462,0.421276200438617,0.0055853645076348,1,1,13.6199215396802,73.6550576225995,11.3399810353488,1.765713987608,PASS
C_0p8,113,8e-05,0.05,8.0093542527574e-05,0.0497521294223438,0.116928159467432,0.495741155312424,1,1,14.0207715859782,71.0610736391108,8.49464931994949,1.60825254997255,PASS
C_0p8,114,8e-05,0.05,7.97014649165871e-05,0.0494868548648585,0.373168854266189,1.02629027028309,1,1,13.9174614430577,69.5353994005091,11.8016827533315,1.84538143930466,PASS
C_0p8,115,8e-05,0.05,7.96922506035957e-05,0.0505180825786062,0.384686745505378,1.03616515721247,1,1,13.8422858021845,71.3264624869723,13.6885477576059,2.20616800365766,PASS
C_0p8,116,8e-05,0.05,8.0263081406063e-05,0.0498642637756485,0.328851757578779,0.271472448702959,1,1,13.5985851603631,70.4769422777841,8.06281644378749,1.46801783657012,PASS
C_0p8,117,8e-05,0.05,8.02049865681896e-05,0.0499410934819764,0.256233210236996,0.117813036047229,1,1,13.5081750303157,71.5013577593869,5.99326428190889,2.3785368500021,PASS
C_0p8,118,8e-05,0.05,7.99859641812726e-05,0.0496838150753448,0.0175447734092447,0.632369849310491,1,1,13.545752791854,69.4025203265703,9.68967433778931,1.15085881637264,PASS
C_0p8,119,8e-05,0.05,7.98344763153211e-05,0.0499065730761056,0.206904605848671,0.186853847788881,1,1,13.0455526479112,69.6093506662477,15.4883633292796,1.63554060756492,PASS
C_0p8,120,8e-05,0.05,8.01074491385627e-05,0.0499243266224917,0.134311423203329,0.151346755016601,1,1,13.745190807175,71.7300460892549,7.84959097024137,1.51558268455143,PASS
C_0p8,121,8e-05,0.05,8.01760605558282e-05,0.0503496063251321,0.22007569478526,0.69921265026425,1,1,14.2280250285752,70.5085004645826,10.1921657330453,2.12417856957218,PASS
C_0p8,122,8e-05,0.05,8.0082593251019e-05,0.0494768136079772,0.103241563773689,1.04637278404561,1,1,13.8505774135934,71.642789576273,11.1612982231499,1.92595461489727,PASS
C_0p8,123,8e-05,0.05,8.01479650465754e-05,0.0498874419081676,0.184956308219273,0.225116183664845,1,1,13.5102633915851,68.8986195562791,10.6723216369074,2.68904277614928,PASS
C_0p8,124,8e-05,0.05,8.00416912969891e-05,0.0497939918929654,0.0521141212363787,0.412016214069125,1,1,13.6302441975349,69.8383855562811,7.19121861791573,1.80303234188567,PASS
C_0p8,125,8e-05,0.05,7.95394552269615e-05,0.049355660255203,0.575680966298101,1.28867948959396,1,1,13.4885609163884,72.1603720513271,9.68666398656292,2.69039047815515,PASS
C_0p8,126,8e-05,0.05,7.97348552850048e-05,0.050086633580397,0.331430893744009,0.173267160793938,1,1,13.5652783608338,66.3566710315243,17.8705501922388,2.07326010141889,PASS
C_0p8,127,8e-05,0.05,7.98195546884211e-05,0.0500650985600029,0.225556639473642,0.130197120005768,1,1,13.4982012992321,70.5835561098235,10.3884331032059,3.24708734576541,PASS
C_0p8,128,8e-05,0.05,8.07564632408678e-05,0.0499222997539225,0.945579051084803,0.155400492155011,1,1,13.3571746717549,69.0282894554103,11.1963246469048,2.16308834079198,PASS
C_0p8,129,8e-05,0.05,7.93186970162737e-05,0.0503159172547031,0.85162872965784,0.631834509406293,1,1,14.2650700449604,70.2892241559547,8.58583710914538,2.33933036443919,PASS
C_0p8,130,8e-05,0.05,8.00786001990977e-05,0.051011701606879,0.0982502488720817,2.02340321375795,1,1,12.5267960299704,69.3589741877269,11.3270157427608,1.72534389890726,PASS
C_0p8,131,8e-05,0.05,8.03089061636268e-05,0.0496479320619448,0.386132704533464,0.704135876110443,1,1,13.4752458161507,67.694319141429,13.5217369001241,1.28522929998132,PASS
C_0p8,132,8e-05,0.05,7.95808826327695e-05,0.0507232970174311,0.523896709038076,1.44659403486223,1,1,13.6886154300481,68.6822759845215,9.69704365923693,2.3286263695983,PASS
C_0p8,133,8e-05,0.05,7.98921676142076e-05,0.0501522471360514,0.134790482240556,0.30449427210287,1,1,14.0082402477324,68.245974519735,6.21718926543524,2.34641905058545,PASS
C_0p8,134,8e-05,0.05,7.98934874974267e-05,0.0495238466392161,0.133140628216659,0.952306721567903,1,1,13.9876804530787,66.4980635817297,9.26141931405148,2.12464848977585,PASS
C_0p8,135,8e-05,0.05,7.98804248582818e-05,0.0495389078485782,0.149468927147737,0.922184302843645,1,1,14.1797537820078,69.0823228199778,17.4016621109944,1.74563459923449,PASS
C_0p8,136,8e-05,0.05,7.99768816946641e-05,0.0498903609024748,0.0288978816698431,0.219278195050382,1,1,13.1434848985244,67.8947042046407,16.1691991125289,2.57786346210691,PASS
C_0p8,137,8e-05,0.05,7.98260261822357e-05,0.0505310293101037,0.21746727220541,1.06205862020735,1,1,14.0049332845008,70.4708543937196,8.04203645342133,1.40766243735083,PASS
C_0p8,138,8e-05,0.05,7.94215431010733e-05,0.0507696980921215,0.723071123658374,1.53939618424298,1,1,13.6329479294653,74.2603450459885,16.0221886764094,1.66993260385428,PASS
C_0p8,139,8e-05,0.05,7.99883332116049e-05,0.0503749388334682,0.0145834854939235,0.749877666936336,1,1,13.2296546593027,69.9474085054674,8.46926038730953,2.4975720534765,PASS
C_0p8,140,8e-05,0.05,8.08287701381263e-05,0.0499177006919435,1.03596267265792,0.164598616112968,0,1,13.4485554146015,69.7789329912129,7.98686911665178,2.96170519133198,PASS
C_0p8,141,8e-05,0.05,8.04316344264839e-05,0.050647332325889,0.539543033104881,1.29466465177809,1,1,14.0198390651418,69.3716104030486,7.08262991650547,2.32373324408828,PASS
C_0p8,142,8e-05,0.05,8.02069249885551e-05,0.048971479056572,0.258656235693895,2.05704188685593,1,1,13.5204339183075,67.9567381532712,9.74653624267028,1.35270347338477,PASS
C_0p8,143,8e-05,0.05,8.01148426750947e-05,0.0503674865323178,0.143553343868401,0.73497306463563,1,1,13.3808851692888,72.150389523069,8.24158156112487,2.13719083682084,PASS
C_0p8,144,8e-05,0.05,8.09925993630904e-05,0.0501599497455528,1.24074920386302,0.319899491105571,0,1,13.5630361235865,68.6720123056454,16.4145392253294,2.81193937535507,PASS
C_0p8,145,8e-05,0.05,8.06751009155322e-05,0.0500673646955586,0.843876144415182,0.134729391117278,1,1,13.4055923393538,70.4846565177359,6.22010945884029,2.11195751851309,PASS
C_0p8,146,8e-05,0.05,8.0201486465457e-05,0.0495602298232915,0.251858081821192,0.879540353417099,1,1,13.3993923844689,71.511393138673,16.1322237075975,1.55832339410155,PASS
C_0p8,147,8e-05,0.05,7.99685391017024e-05,0.0503481681469464,0.0393261228719606,0.696336293892735,1,1,13.079584667224,66.8225424857613,13.2534899204516,1.8245485750476,PASS
C_0p8,148,8e-05,0.05,7.99476497974893e-05,0.0495203495677431,0.065437753138358,0.959300864513818,1,1,13.8075609675582,69.0868441152419,13.8709824026597,2.04230376359131,PASS
C_0p8,149,8e-05,0.05,7.93255002809356e-05,0.0498804922389339,0.843124648830501,0.239015522132305,1,1,13.0553213804061,73.8434583889372,15.9590774428024,1.74832097040509,PASS
C_0p8,150,8e-05,0.05,8.0550941205911e-05,0.0498380137243029,0.688676507388707,0.323972551394269,1,1,13.1071552068088,67.5962150381388,10.8121797917832,3.21671938607292,PASS
C_0p8,151,8e-05,0.05,7.98581065231862e-05,0.0505459134697583,0.177366846017199,1.09182693951658,1,1,13.588035659476,64.6985065771836,13.2018293113712,2.5775010038364,PASS
C_0p8,152,8e-05,0.05,8.0028909382996e-05,0.0500497806718165,0.0361367287449958,0.0995613436329951,1,1,13.3155795101999,70.3710660093818,10.8969423931161,1.72042849346591,PASS
C_0p8,153,8e-05,0.05,8.00372965578487e-05,0.0505147001453284,0.0466206973108904,1.02940029065673,1,1,13.5451078721833,68.0311974168229,10.6852893144657,3.09185758464888,PASS
C_0p8,154,8e-05,0.05,7.96175455766734e-05,0.049736330445914,0.47806802915832,0.527339108171973,1,1,13.7017503877097,68.7942057153939,14.5799157675404,2.12867223943652,PASS
C_0p8,155,8e-05,0.05,8.01916350870592e-05,0.050129849082619,0.239543858823942,0.259698165237937,1,1,13.5961198040321,68.8283989289062,11.1243571763109,1.71108321893413,PASS
C_0p8,156,8e-05,0.05,7.98233352707153e-05,0.0508664157346385,0.220830911605889,1.7328314692769,1,1,13.8807457254049,72.3738066979331,8.83010129027983,2.64030448169667,PASS
C_0p8,157,8e-05,0.05,8.01900565743773e-05,0.0494541423427462,0.237570717971557,1.09171531450755,1,1,13.751768220069,71.1169064723703,12.0748225907088,2.7790775920927,PASS
C_0p8,158,8e-05,0.05,8.05356788965952e-05,0.0502697488490739,0.669598620743947,0.539497698147776,1,1,13.1638763305785,67.3584962445893,17.03909968212,2.23759507020788,PASS
C_0p8,159,8e-05,0.05,7.89077553770437e-05,0.0497189318106843,1.36530577869541,0.562136378631409,0,1,13.4457036892679,68.992626634108,6.23134568934021,1.67896042919647,PASS
C_0p8,160,8e-05,0.05,7.9885235839752e-05,0.0501500086804696,0.143455200310048,0.30001736093925,1,1,13.4380851275886,68.9915338727144,7.34615603243912,1.5099980127715,PASS
C_0p8,161,8e-05,0.05,8.02584496633549e-05,0.0494953847879469,0.323062079193592,1.00923042410626,1,1,13.5009400149091,68.7779390197578,4.1880880954661,2.29004294077867,PASS
C_0p8,162,8e-05,0.05,7.9774191072447e-05,0.0501068456993887,0.2822611594413,0.213691398777346,1,1,14.1233585734879,70.4758737324489,6.50509505988897,1.73511599846169,PASS
C_0p8,163,8e-05,0.05,7.96275079395392e-05,0.0499856783495345,0.465615075575958,0.0286433009309695,1,1,13.8365140966752,73.7656199084887,10.3064939094192,1.11486144397009,PASS
C_0p8,164,8e-05,0.05,8.02047166745099e-05,0.0503372405428629,0.25589584313739,0.674481085725834,1,1,13.3294624081804,67.5905322694483,13.2285857400418,1.23833853601432,PASS
C_0p8,165,8e-05,0.05,7.97839681059198e-05,0.0501641388702454,0.270039867600272,0.328277740490893,1,1,13.3387099290534,72.9269806389174,5.75894622425542,1.87372664741796,PASS
C_0p8,166,8e-05,0.05,7.95823933625176e-05,0.049369563757319,0.522008296853018,1.26087248536193,1,1,13.0419858721028,69.1971807136376,8.11095191357657,2.55958446890681,PASS
C_0p8,167,8e-05,0.05,8.0131244998668e-05,0.0497519020789171,0.164056248335004,0.496195842165773,1,1,13.5548248089116,70.5071942603062,10.773611499047,1.61543136924465,PASS
C_0p8,168,8e-05,0.05,7.9393097651432e-05,0.0499754969013291,0.758627935709989,0.0490061973417166,1,1,13.7088650938344,66.4050685063274,9.19407583529321,1.28452566386871,PASS
C_0p8,169,8e-05,0.05,7.99110215912725e-05,0.049985975108615,0.111223010909435,0.0280497827700038,1,1,13.368168787062,69.2101143764817,7.72496156548799,1.59375356886117,PASS
C_0p8,170,8e-05,0.05,7.99488155134064e-05,0.0494172648196598,0.0639806082420097,1.16547036068043,1,1,13.5136128062657,70.2545106896215,8.00128514161621,2.79930555014994,PASS
C_0p8,171,8e-05,0.05,7.94119761477885e-05,0.0501235179167483,0.735029815264351,0.247035833496681,1,1,13.9214205999685,70.4799292143555,12.0956417532458,2.26752499551716,PASS
C_0p8,172,8e-05,0.05,8.00392201501806e-05,0.0502309221135808,0.0490251877257512,0.461844227161501,1,1,13.9705346444779,65.8077481300612,9.47736951643928,1.86046315392182,PASS
C_0p8,173,8e-05,0.05,7.98990513878061e-05,0.0495240066211146,0.126185765242339,0.951986757770834,1,1,13.5867297112495,68.0464958734905,17.0255262293993,1.68918859453134,PASS
C_0p8,174,8e-05,0.05,8.02533420974446e-05,0.0493810454363758,0.316677621805694,1.23790912724847,1,1,13.4625241635981,70.383702230907,22.2257316899962,2.44414982379528,PASS
C_0p8,175,8e-05,0.05,7.98577238701066e-05,0.05033022403379,0.177845162366807,0.660448067579963,1,1,13.2450528333132,67.4752163473995,14.4056703947329,1.80876601553121,PASS
C_0p8,176,8e-05,0.05,8.00441966754946e-05,0.0497631714582728,0.0552458443682888,0.473657083454482,1,1,13.315057084778,71.6045209513046,13.0324584292185,3.40933644240815,PASS
C_0p8,177,8e-05,0.05,8.07394443604928e-05,0.049837178819104,0.92430545061605,0.325642361791931,1,1,13.0605914412567,70.8875833696577,17.0950345783826,2.63137146072139,PASS
C_0p8,178,8e-05,0.05,7.97889004784304e-05,0.0498990555148631,0.263874401961953,0.20188897027372,1,1,13.5783349658648,68.8498914297007,7.11110952833348,2.79483680976071,PASS
C_0p8,179,8e-05,0.05,7.97211385417938e-05,0.0506678073656855,0.348576822757803,1.33561473137102,1,1,13.224981015521,71.5990727994917,11.942369095973,1.27223392964118,PASS
C_0p8,180,8e-05,0.05,7.97050344587363e-05,0.0499887874288816,0.368706926579663,0.0224251422368121,1,1,13.8497269009076,66.547006769032,9.97703391534141,2.02535860794969,PASS
C_0p8,181,8e-05,0.05,7.95657102145037e-05,0.0506326409095518,0.542862231870445,1.26528181910368,1,1,12.9179328623794,68.1760444395567,10.8798925542743,1.95685095947564,PASS
C_0p8,182,8e-05,0.05,7.94653470716433e-05,0.0501296370200416,0.668316160445864,0.259274040083177,1,1,13.0308634067047,71.4678169374775,6.80301937765517,1.6842253653066,PASS
C_0p8,183,8e-05,0.05,7.96932658933425e-05,0.0500076968193145,0.38341763332192,0.0153936386290549,1,1,12.9308997795263,72.345956289986,15.4671960196048,2.12399912544991,PASS
C_0p8,184,8e-05,0.05,8.00420556616769e-05,0.0501954826336426,0.0525695770961054,0.390965267285187,1,1,13.9483153775296,73.0901248920075,10.7777057687421,1.48749279053801,PASS
C_0p8,185,8e-05,0.05,8.06824683833522e-05,0.0496907380905074,0.853085479190278,0.618523818985264,1,1,13.4083961929556,64.5699768880858,19.4422747230283,2.879934003068,PASS
C_0p8,186,8e-05,0.05,7.96755789118507e-05,0.0504006046797233,0.405526360186574,0.801209359446609,1,1,14.0847979450234,70.8962140136637,7.96133825667065,2.67797545241626,PASS
C_0p8,187,8e-05,0.05,8.05409458480109e-05,0.0492909090547809,0.676182310013567,1.41818189043819,1,1,13.3351916033545,70.9546544807716,13.757888628902,1.80529914988272,PASS
C_0p8,188,8e-05,0.05,8.07969015936732e-05,0.0494606610597351,0.996126992091446,1.07867788052975,0,1,13.5487334731159,69.912632780054,13.7416912825624,2.36399387867549,PASS
C_0p8,189,8e-05,0.05,7.98861808001997e-05,0.0502109895169147,0.142273999750389,0.421979033829442,1,1,13.3818557030229,66.4368949328596,9.96685923087168,1.77604944545736,PASS
C_0p8,190,8e-05,0.05,8.0308444911166e-05,0.0501645319849861,0.385556138957464,0.329063969972246,1,1,13.3067159588891,69.2583328061273,12.5011215742422,2.79106064895516,PASS
C_0p8,191,8e-05,0.05,7.97941397431404e-05,0.0497072454345041,0.25732532107454,0.585509130991882,1,1,13.3029484856361,68.9890447021893,5.13352054484361,1.29364745174845,PASS
C_0p8,192,8e-05,0.05,7.98477807208875e-05,0.0500480611594357,0.190274098890635,0.0961223188714333,1,1,12.9927918132906,65.0125558772056,14.056562649613,1.6904573487446,PASS
C_0p8,193,8e-05,0.05,7.99540914735676e-05,0.0492671874620641,0.0573856580404923,1.46562507587172,1,1,13.0808183358076,67.6152226900287,7.32725340856534,2.02695834796019,PASS
C_0p8,194,8e-05,0.05,8.0122586929537e-05,0.0500193196284035,0.153233661921189,0.0386392568069577,1,1,13.5318701185039,68.0762727075933,13.3667897133636,2.19131618425489,PASS
C_0p8,195,8e-05,0.05,8.07267672290102e-05,0.049747066277363,0.908459036262701,0.50586744527395,1,1,13.6163969600757,67.6757755447408,10.5347163067232,1.80716527773095,PASS
C_0p8,196,8e-05,0.05,8.03842596968613e-05,0.0498785235773459,0.480324621076583,0.242952845308134,1,1,12.9932304093828,69.3217983908239,13.304861777073,2.3346045752514,PASS
C_0p8,197,8e-05,0.05,7.97519481739937e-05,0.049781702406604,0.310064782507838,0.43659518679201,1,1,13.0754221625887,70.5358934056162,8.44192903401491,2.6631124502395,PASS
C_0p8,198,8e-05,0.05,8.01942146035953e-05,0.0495421846797359,0.242768254494145,0.915630640528298,1,1,13.3229749965933,74.8905278258728,13.3224367403226,1.68315193864887,PASS
C_0p8,199,8e-05,0.05,7.95303027639237e-05,0.0499291304160349,0.587121545095375,0.14173916793013,1,1,13.642583848497,70.8166092596865,8.56434700145468,2.45605145534264,PASS
C_0p8,200,8e-05,0.05,7.95189833927661e-05,0.0503568694927654,0.60127075904237,0.713738985530787,1,1,13.5596883234257,68.150372911218,7.69205454217073,1.50887259891161,PASS
ESR_2x,1,0.0001,0.1,9.99791740488815e-05,0.100536799365908,0.0208259511184699,0.536799365908211,1,1,13.7184397339229,69.8778760810838,21.6760191272291,2.09351879639238,PASS
ESR_2x,2,0.0001,0.1,9.96638961896572e-05,0.100495275445477,0.336103810342827,0.495275445477492,1,1,13.9374516423023,73.9119259511518,10.1247151926744,2.20516197883396,PASS
ESR_2x,3,0.0001,0.1,0.00010024856862058,0.0998246681986895,0.24856862058031,0.175331801310519,1,1,13.6708282413839,74.5542019215507,11.9465609446736,2.09604006379138,PASS
ESR_2x,4,0.0001,0.1,9.9753351794219e-05,0.0993487360604593,0.246648205781,0.651263939540667,1,1,13.6307778359286,68.481972912001,9.36851773503489,1.50224464458428,PASS
ESR_2x,5,0.0001,0.1,9.99814263478924e-05,0.0996435913680828,0.0185736521075857,0.356408631917174,1,1,13.0183304068841,69.0167464208615,5.80293134322957,2.01982364372906,PASS
ESR_2x,6,0.0001,0.1,0.000100389482421215,0.0997374370180608,0.389482421214602,0.262562981939163,1,1,13.9413256350076,68.8302993131781,11.1440093836862,2.4129279553615,PASS
ESR_2x,7,0.0001,0.1,0.000100643925082533,0.10015319075111,0.643925082533228,0.153190751110394,1,1,12.9062439664637,70.5405870473994,9.48782956783731,2.16141881581533,PASS
ESR_2x,8,0.0001,0.1,0.000100054600898254,0.100806401700365,0.0546008982542335,0.806401700365486,1,1,13.9047007840547,66.8117103017072,8.94346552268906,1.69565381940631,PASS
ESR_2x,9,0.0001,0.1,0.000100069314659252,0.0992061636792356,0.0693146592516326,0.793836320764379,1,1,13.7075028177056,69.9924328304796,8.51365137225514,1.83671194182936,PASS
ESR_2x,10,0.0001,0.1,9.97817286854952e-05,0.100544792716878,0.218271314504761,0.544792716877796,1,1,13.7666632794971,69.0512930746588,10.1717740985001,1.65388964101801,PASS
ESR_2x,11,0.0001,0.1,9.9859314766531e-05,0.100423668369614,0.140685233469029,0.423668369613606,1,1,13.2448368035917,72.7167736478355,10.8483332863556,1.5052482196515,PASS
ESR_2x,12,0.0001,0.1,9.95761597520766e-05,0.099087550687718,0.423840247923356,0.912449312282002,1,1,12.9678974705825,69.7534752286736,10.0049237774973,2.1598127922347,PASS
ESR_2x,13,0.0001,0.1,9.96656964656499e-05,0.100175905845648,0.334303534350121,0.175905845648264,1,1,13.1535940372197,73.8536607129158,10.7686540619198,1.47929479819755,PASS
ESR_2x,14,0.0001,0.1,0.000100008891277802,0.100816463281942,0.00889127780224401,0.816463281941654,1,1,12.927540724083,68.364745087418,12.1986739154073,1.48880697316534,PASS
ESR_2x,15,0.0001,0.1,0.000100330041831644,0.0995813846461684,0.330041831643921,0.418615353831628,1,1,13.3573718580834,69.9738485951311,9.69588054131298,1.52948172187744,PASS
ESR_2x,16,0.0001,0.1,0.00010103899751461,0.100002149962738,1.03899751461044,0.00214996273829871,0,1,13.8065350103023,67.5932628917033,11.7563437189886,3.70840392281494,PASS
ESR_2x,17,0.0001,0.1,0.000100337667637279,0.0993642397395572,0.337667637279005,0.635760260442791,1,1,13.0199982750191,74.1336516916006,9.38922173371568,1.93626280542231,PASS
ESR_2x,18,0.0001,0.1,0.000100104158453546,0.100538143873315,0.104158453545936,0.538143873314967,1,1,13.9404078316235,68.8512227107882,12.4951823643531,2.02812340636366,PASS
ESR_2x,19,0.0001,0.1,0.000100397023406281,0.0992594241119261,0.397023406281053,0.740575888073858,1,1,13.4622162035048,67.5223985946154,10.0939612061811,1.70168324687514,PASS
ESR_2x,20,0.0001,0.1,0.000100610901047235,0.100338612391154,0.610901047234908,0.338612391154389,1,1,13.4910698450685,69.9448528080535,7.41166549611629,2.06814635065654,PASS
ESR_2x,21,0.0001,0.1,9.94502821632889e-05,0.100050971492391,0.549717836711091,0.0509714923905141,1,1,12.9377930036406,69.9974716062606,10.5644470581045,2.95811933806966,PASS
ESR_2x,22,0.0001,0.1,0.000100245112061782,0.0996976580439567,0.245112061782077,0.302341956043284,1,1,13.2692956521508,72.7310096625062,7.86660090108484,2.99287892861646,PASS
ESR_2x,23,0.0001,0.1,0.000100836550758204,0.10011970318364,0.836550758203939,0.119703183639769,1,1,13.4638202998358,70.7283667724646,11.3182720398821,1.25855484314943,PASS
ESR_2x,24,0.0001,0.1,0.000100172821020058,0.0999578239005508,0.172821020058198,0.0421760994492038,1,1,13.8780465735754,69.9481528427363,7.68632721638253,1.53646065019387,PASS
ESR_2x,25,0.0001,0.1,9.98766868930735e-05,0.100308595185495,0.123313106926507,0.308595185495225,1,1,13.7551164188945,70.6403898194626,9.89342705179917,1.28393082700245,PASS
ESR_2x,26,0.0001,0.1,0.000100015194575284,0.101178996187888,0.0151945752838693,1.17899618788767,1,1,12.6142881739013,70.7498209843406,6.87418457725656,2.43945039335273,PASS
ESR_2x,27,0.0001,0.1,0.000100017029860696,0.0979828412479207,0.0170298606964588,2.01715875207932,1,1,13.714923654046,64.9164407743439,10.8842486511449,2.16636135052004,PASS
ESR_2x,28,0.0001,0.1,9.92069291366345e-05,0.101603253921763,0.793070863365459,1.60325392176343,1,1,14.000486681306,70.0860545252775,8.10085032318091,2.39768500153086,PASS
ESR_2x,29,0.0001,0.1,9.99874076164788e-05,0.0997707801151683,0.0125923835211824,0.229219884831711,1,1,13.3903767661333,72.1444311522169,12.5054368216603,2.29080523884111,PASS
ESR_2x,30,0.0001,0.1,0.000100425615026147,0.0996302459370404,0.42561502614714,0.369754062959637,1,1,14.0876280287996,71.4821445578149,7.12199573927879,1.41811240084265,PASS
ESR_2x,31,0.0001,0.1,0.000100445209039309,0.0984682439538661,0.445209039309259,1.53175604613388,1,1,13.1419741819815,68.9526726568667,9.19191684530821,1.35644733827768,PASS
ESR_2x,32,0.0001,0.1,9.96452595742803e-05,0.10052478888223,0.354740425719709,0.524788882230176,1,1,13.7907417325942,71.4762994903028,12.9397887429151,1.98591171132483,PASS
ESR_2x,33,0.0001,0.1,0.000100297428889454,0.101857419750161,0.297428889453521,1.85741975016125,1,1,13.2390022980567,67.1921734338313,6.67253464445607,1.97006119142115,PASS
ESR_2x,34,0.0001,0.1,0.000100528953171506,0.0995216461325131,0.528953171505502,0.478353867486861,1,1,14.0136075702854,70.8650761626512,8.4869381816419,2.72668990438408,PASS
ESR_2x,35,0.0001,0.1,9.98476474336374e-05,0.0983546133446366,0.15235256636256,1.64538665536344,1,1,13.8487911566502,71.2930675411013,11.4915001184917,1.84635350894992,PASS
ESR_2x,36,0.0001,0.1,9.9433218223772e-05,0.100824277759693,0.566781776227963,0.824277759692987,1,1,13.3775012034691,70.7921445071671,11.2431438093566,1.69221558577521,PASS
ESR_2x,37,0.0001,0.1,0.0001002519777392,0.101483267871999,0.251977739199779,1.48326787199922,1,1,13.3667522200146,65.2737565282268,8.91834122754258,2.12160229991198,PASS
ESR_2x,38,0.0001,0.1,9.97477657645629e-05,0.0996625536664892,0.252234235437087,0.337446333510835,1,1,12.8739454307418,69.8996671496048,8.1527546522051,1.89696434096876,PASS
ESR_2x,39,0.0001,0.1,9.99575627134803e-05,0.101992329621701,0.0424372865197358,1.99232962170059,1,1,13.3977021886497,68.8670596808266,10.5175787881134,1.92997790369712,PASS
ESR_2x,40,0.0001,0.1,9.9387512717736e-05,0.0998451933286486,0.612487282263964,0.154806671351398,1,1,13.0971196777198,68.3787086929115,7.7533598095758,1.83083771939705,PASS
ESR_2x,41,0.0001,0.1,0.000100324890993935,0.099226397348939,0.324890993934779,0.773602651060981,1,1,12.7188708266438,70.3369660257185,12.9603705912883,1.91171682754695,PASS
ESR_2x,42,0.0001,0.1,0.000100274368316393,0.100031634979712,0.27436831639338,0.0316349797124804,1,1,14.0976435352174,69.4891411408851,5.10415137137079,1.63630868897004,PASS
ESR_2x,43,0.0001,0.1,0.000100170504723349,0.100383445842315,0.170504723349425,0.383445842314936,1,1,13.2980088599272,67.1844414890901,8.30329311488139,1.50892669357667,PASS
ESR_2x,44,0.0001,0.1,9.95493112967831e-05,0.0993536459646162,0.450688703216917,0.646354035383795,1,1,13.6265860233492,71.5418142861922,19.4043105618811,2.47394740293237,PASS
ESR_2x,45,0.0001,0.1,9.91704214143174e-05,0.101991243417581,0.829578585682621,1.99124341758056,1,1,13.7850771249069,68.9623233865164,6.26238078252514,1.57686184883325,PASS
ESR_2x,46,0.0001,0.1,9.95443709188362e-05,0.100328196620824,0.455629081163824,0.328196620823562,1,1,13.0229074150603,69.7031164977005,7.55351826853023,1.48918471318714,PASS
ESR_2x,47,0.0001,0.1,0.000101011994761689,0.0992991774185025,1.01199476168906,0.700822581497479,0,1,13.1973301188318,68.5563675812205,6.35868263961959,2.69863843243398,PASS
ESR_2x,48,0.0001,0.1,9.98137037921833e-05,0.0998785016905985,0.186296207816753,0.121498309401474,1,1,12.7922252279506,71.1562634766321,27.4989932240787,1.75686752755044,PASS
ESR_2x,49,0.0001,0.1,9.99966147887601e-05,0.0991256286192312,0.00338521123994715,0.874371380768846,1,1,14.0968322831211,68.8628548592685,10.8439767638423,3.24527568231949,PASS
ESR_2x,50,0.0001,0.1,0.00010044459544369,0.101143310918476,0.444595443690202,1.14331091847573,1,1,13.8886338838119,71.8086995783568,12.819335299807,2.96025547336,PASS
ESR_2x,51,0.0001,0.1,9.92280220181923e-05,0.100510917737259,0.77197798180773,0.510917737259031,1,1,13.6094960704425,71.517351578227,19.5707144732431,1.57879036828481,PASS
ESR_2x,52,0.0001,0.1,9.98036841850269e-05,0.0989530754167856,0.196315814973155,1.0469245832144,1,1,13.4176957865184,70.1901399814757,7.81823379937066,3.00509599723451,PASS
ESR_2x,53,0.0001,0.1,0.000100027319522535,0.100414121723607,0.0273195225348192,0.414121723607136,1,1,13.5492993868774,68.9646928710156,12.8794287728415,2.48464589611404,PASS
ESR_2x,54,0.0001,0.1,0.00010004989577524,0.100455160392731,0.0498957752398312,0.455160392730677,1,1,13.4837453979953,69.943355892163,5.75761381592882,1.60779636347096,PASS
ESR_2x,55,0.0001,0.1,9.96637362765144e-05,0.0994257657284396,0.336263723485559,0.57423427156042,1,1,13.0691881224397,72.8591663734251,10.0874826970075,1.753238773451,PASS
ESR_2x,56,0.0001,0.1,0.000100587776462314,0.0994774159770543,0.587776462313526,0.522584022945735,1,1,13.3806607735862,71.7925207732189,7.24718064156936,2.46850383242546,PASS
ESR_2x,57,0.0001,0.1,9.92568466630539e-05,0.100982356958308,0.743153336946103,0.982356958307506,1,1,13.7279190255574,73.2046729649876,8.01884957121252,4.60178300288177,PASS
ESR_2x,58,0.0001,0.1,9.95589653446644e-05,0.0993787347473208,0.44103465533564,0.621265252679248,1,1,13.9272263653208,70.4444489817113,8.44638625995678,2.45016547866178,PASS
ESR_2x,59,0.0001,0.1,0.000100095957530075,0.099795648868186,0.0959575300749018,0.204351131814051,1,1,13.559329433308,67.7258033877938,14.6089956336397,1.58797195808143,PASS
ESR_2x,60,0.0001,0.1,0.000100150885874182,0.0984382322778207,0.150885874182269,1.56176772217927,1,1,13.1242784605703,72.3601463579192,19.0334049940009,3.15033018029446,PASS
ESR_2x,61,0.0001,0.1,9.97130374861468e-05,0.100725329411622,0.286962513853251,0.725329411621803,1,1,13.293430988143,70.3923933439869,9.02345243692832,2.23784672244474,PASS
ESR_2x,62,0.0001,0.1,9.99563373662078e-05,0.09965765803308,0.04366263379221,0.34234196692004,1,1,13.713721093209,66.067572905151,9.41422148261356,2.42734417073102,PASS
ESR_2x,63,0.0001,0.1,0.000100256812419467,0.0998240180096648,0.25681241946725,0.175981990335194,1,1,13.6554897263042,72.0119937959797,4.80098318433054,3.32633238849287,PASS
ESR_2x,64,0.0001,0.1,9.99045132710735e-05,0.101576556536433,0.095486728926496,1.57655653643333,1,1,13.944720418841,70.0934692598392,7.22421022384939,1.8437288591314,PASS
ESR_2x,65,0.0001,0.1,9.92722503315888e-05,0.0995069025958503,0.727749668411219,0.493097404149684,1,1,13.2790146258432,71.7253290902224,10.6010057924379,1.49572703188274,PASS
ESR_2x,66,0.0001,0.1,0.000100048941233974,0.100447616162047,0.0489412339738825,0.447616162046721,1,1,12.6978856084443,67.7670697101103,9.94711551517346,2.11514653931962,PASS
ESR_2x,67,0.0001,0.1,0.000100345038756534,0.0985369780883854,0.345038756534411,1.46302191161464,1,1,13.4260319079595,66.2874138831807,11.4417967182485,1.9474580364488,PASS
ESR_2x,68,0.0001,0.1,9.9826826414416e-05,0.101006300711704,0.17317358558399,1.00630071170435,1,1,13.5267687049668,71.9056632538836,8.90904052194296,2.3307214395471,PASS
ESR_2x,69,0.0001,0.1,0.000100237259824308,0.100492110759209,0.237259824307893,0.492110759208977,1,1,13.4533301468403,70.8473942018317,11.8033174987836,2.41434420984698,PASS
ESR_2x,70,0.0001,0.1,9.9244958894357e-05,0.100769755090149,0.75504110564298,0.769755090148996,1,1,13.7930697379345,68.1307349135815,8.08337762186691,2.25767468424256,PASS
ESR_2x,71,0.0001,0.1,0.00010016874677782,0.101333043401358,0.168746777820181,1.33304340135819,1,1,13.8237745549399,69.2084342734731,15.7437130870462,2.31289780589984,PASS
ESR_2x,72,0.0001,0.1,0.000100493517679924,0.0993963193338974,0.493517679923922,0.603680666102613,1,1,13.5451615873056,69.1094760053603,9.37907772642847,2.21547578852997,PASS
ESR_2x,73,0.0001,0.1,0.000100082853025321,0.0991824686652049,0.0828530253214031,0.817531334795146,1,1,13.998632030032,71.562729262392,6.35480457702164,1.80354443533364,PASS
ESR_2x,74,0.0001,0.1,9.96341430927941e-05,0.0989492975410567,0.365856907205947,1.05070245894331,1,1,13.7215877658853,69.6158944820114,9.25290761650009,1.69842990343319,PASS
ESR_2x,75,0.0001,0.1,0.000101266933192966,0.0998083974571909,1.26693319296588,0.191602542809088,0,1,13.7355370535402,69.728462011183,10.0832329724758,1.66524360925404,PASS
ESR_2x,76,0.0001,0.1,9.96848816131883e-05,0.100452539283755,0.315118386811692,0.45253928375498,1,1,13.8550748823182,70.654157458425,8.09995755653125,2.81389302068626,PASS
ESR_2x,77,0.0001,0.1,9.99712832881853e-05,0.0998814970022285,0.0287167118146733,0.118502997771538,1,1,13.8227379569535,70.2051727185373,15.0216997462853,3.1703203040868,PASS
ESR_2x,78,0.0001,0.1,0.000100377600963914,0.100762732957435,0.377600963913846,0.762732957435355,1,1,13.599906314774,74.165442013159,4.73996265879458,1.66232168603111,PASS
ESR_2x,79,0.0001,0.1,0.000100093255655792,0.0992218352405108,0.0932556557920014,0.778164759489247,1,1,13.7541268627684,69.286302329963,26.5061944974033,2.71028387361474,PASS
ESR_2x,80,0.0001,0.1,0.000100082671163068,0.0996898679159421,0.0826711630681461,0.31013208405789,1,1,13.7862728111555,67.8503563251218,6.99018419922012,2.26947329583011,PASS
ESR_2x,81,0.0001,0.1,0.00010030732032439,0.100479553722376,0.307320324390042,0.479553722375639,1,1,13.4947574366125,70.3085737891223,7.4627918474282,1.91929005111394,PASS
ESR_2x,82,0.0001,0.1,0.000100397426318762,0.0988399842609971,0.397426318761559,1.16001573900287,1,1,13.426837033665,70.6165076702216,9.63971994785972,2.8710399184948,PASS
ESR_2x,83,0.0001,0.1,9.95179649796326e-05,0.100505894587514,0.482035020367452,0.5058945875136,1,1,13.4991560126406,66.3057624590588,8.47380249082642,1.27011961722032,PASS
ESR_2x,84,0.0001,0.1,0.000100146229693399,0.100067112443478,0.146229693399292,0.0671124434778875,1,1,13.8891206440615,70.2192637900552,6.13804615020296,2.23005069612192,PASS
ESR_2x,85,0.0001,0.1,9.96523310467108e-05,0.100342698013383,0.347668953289249,0.34269801338345,1,1,13.6854719494675,70.9326311962215,11.4426656696115,1.54247354627915,PASS
ESR_2x,86,0.0001,0.1,0.000100610918088346,0.100037636898672,0.610918088346133,0.0376368986716308,1,1,13.7661226543449,71.1616974782247,18.0122413833676,2.34000624250491,PASS
ESR_2x,87,0.0001,0.1,0.000100108251704456,0.0994351120999816,0.10825170445637,0.564887900018365,1,1,13.1869616241159,74.3900121342491,11.0185117497806,2.48064485121897,PASS
ESR_2x,88,0.0001,0.1,9.93854967099655e-05,0.10051151234918,0.614503290034531,0.511512349179497,1,1,13.1449771754579,69.9752993211341,10.3928519236179,1.92646067093176,PASS
ESR_2x,89,0.0001,0.1,0.000100802325801379,0.100175202076713,0.802325801378697,0.175202076712719,1,1,13.7556781447387,72.6895703225215,5.13485609796242,2.13411933035177,PASS
ESR_2x,90,0.0001,0.1,0.000100125547332997,0.100591006440527,0.125547332996921,0.591006440527328,1,1,13.3130613722793,70.9837860223157,9.42085784876151,2.0281596130029,PASS
ESR_2x,91,0.0001,0.1,0.000100080966804233,0.0996035225445489,0.0809668042331331,0.396477455451072,1,1,13.3341400720951,65.1267720078691,8.36201232966241,3.31550985706003,PASS
ESR_2x,92,0.0001,0.1,0.000100358978665671,0.0991595773967513,0.358978665671288,0.840422603248681,1,1,13.7591370344917,69.2840166508814,7.33928241752892,2.87640618843588,PASS
ESR_2x,93,0.0001,0.1,0.000100125476196856,0.0991998123772789,0.125476196856066,0.800187622721132,1,1,13.4719339099695,69.3729409490822,14.9085732121218,2.97025754874921,PASS
ESR_2x,94,0.0001,0.1,0.00010007779895151,0.0997890753029291,0.077798951510154,0.210924697070874,1,1,13.2537310646469,72.6620633017073,11.9146709764519,2.43787864333893,PASS
ESR_2x,95,0.0001,0.1,0.000100216520313778,0.0989989023890451,0.216520313777767,1.00109761095489,1,1,14.2304458752591,68.8143175412775,16.4805241931742,1.90933059970549,PASS
ESR_2x,96,0.0001,0.1,0.00010006083099938,0.0997879832210345,0.0608309993797916,0.212016778965499,1,1,13.7107324962566,69.5608375147914,9.5573026346044,1.42231639566144,PASS
ESR_2x,97,0.0001,0.1,9.96532568275645e-05,0.101472654064345,0.346743172435524,1.47265406434541,1,1,13.5206118938863,71.0448657283881,10.234010764407,2.36808816119012,PASS
ESR_2x,98,0.0001,0.1,0.000100317529759864,0.0993928324706773,0.317529759864439,0.607167529322689,1,1,13.5703962266035,69.3593433743598,9.4311833221671,1.88524063759124,PASS
ESR_2x,99,0.0001,0.1,0.000100367542548771,0.101584449399147,0.367542548771485,1.58444939914676,1,1,13.2448763743903,66.0711487376687,7.05843735039088,1.62689457113381,PASS
ESR_2x,100,0.0001,0.1,0.000100152744600182,0.099743796899964,0.15274460018199,0.256203100036045,1,1,13.8534136016351,70.0448618167293,9.59826271959965,1.6515785955566,PASS
ESR_2x,101,0.0001,0.1,9.99792952587531e-05,0.100052186713152,0.0207047412469031,0.0521867131524634,1,1,13.0989197548713,73.3573763443131,16.6650068711908,1.0336536989581,PASS
ESR_2x,102,0.0001,0.1,0.000100012069038587,0.100491625266611,0.0120690385866821,0.491625266611048,1,1,13.9817148035756,67.2700297603183,4.75355995697643,1.73514293386782,PASS
ESR_2x,103,0.0001,0.1,0.000100327400228764,0.0997779905758713,0.327400228763731,0.222009424128658,1,1,13.5277855780621,71.9285468821583,10.5770183847771,2.89005970617232,PASS
ESR_2x,104,0.0001,0.1,0.0001000036053381,0.0983942723062197,0.00360533810026323,1.60572769378033,1,1,13.4395744893339,72.2181447338879,5.65899454328907,2.17545885529297,PASS
ESR_2x,105,0.0001,0.1,0.000100836623382592,0.0996756525962193,0.836623382592146,0.324347403780734,1,1,13.8347883461772,70.2802583972482,12.8037007495083,2.04949878548989,PASS
ESR_2x,106,0.0001,0.1,9.91521281815737e-05,0.100579547861259,0.847871818426263,0.579547861258606,1,1,13.3137604079715,67.2767427239771,16.4190768496129,1.77747508122139,PASS
ESR_2x,107,0.0001,0.1,9.93428018733261e-05,0.099997414697154,0.657198126673925,0.00258530284603931,1,1,13.7395808653808,69.0814392286949,7.39501269184632,2.15117426015892,PASS
ESR_2x,108,0.0001,0.1,9.99965903882235e-05,0.0984053284446931,0.00340961177645654,1.59467155530688,1,1,13.5960823452274,68.6116549081522,6.25438762061107,2.08448602610784,PASS
ESR_2x,109,0.0001,0.1,0.00010009793140712,0.0993332365076095,0.097931407120114,0.666763492390518,1,1,13.6847059587194,71.0056202505632,7.79224797751549,2.48891245394498,PASS
ESR_2x,110,0.0001,0.1,9.96411529659422e-05,0.100333470238469,0.358847034057801,0.333470238468692,1,1,13.170550920765,66.4731110215655,6.3480347890085,2.0615227714703,PASS
ESR_2x,111,0.0001,0.1,0.000100045585989996,0.0977351822899699,0.0455859899963987,2.26481771003008,1,0,13.7201661471174,69.2682055582952,6.69923146660395,1.93138719161564,PASS
ESR_2x,112,0.0001,0.1,9.98915689653853e-05,0.100279238808021,0.108431034614745,0.279238808021484,1,1,13.3399785214425,71.5163414389378,9.85239939459083,2.37865427383915,PASS
ESR_2x,113,0.0001,0.1,9.9358219436717e-05,0.100704903972156,0.641780563283005,0.704903972156085,1,1,13.2855202220603,68.1892588963206,16.3214263561198,2.06122390088349,PASS
ESR_2x,114,0.0001,0.1,9.9563856259563e-05,0.101198460532318,0.436143740437041,1.1984605323182,1,1,13.4600293851257,69.7390859240422,13.7681586905447,1.51414015817613,PASS
ESR_2x,115,0.0001,0.1,9.93009648265414e-05,0.100169909809308,0.699035173458562,0.169909809308394,1,1,13.0521461173637,68.5840471133856,6.74498197262672,1.49693568375759,PASS
ESR_2x,116,0.0001,0.1,0.000100273642870113,0.0987607215524243,0.273642870113021,1.2392784475757,1,1,13.4772536748321,67.9968600744801,9.47000837452359,1.37916341729852,PASS
ESR_2x,117,0.0001,0.1,9.99658976530884e-05,0.100399320434417,0.0341023469115651,0.399320434416553,1,1,13.3658824437526,68.8312715318788,9.23580364959033,2.20569055775276,PASS
ESR_2x,118,0.0001,0.1,9.98065270071083e-05,0.0991679737312185,0.19347299289171,0.832026268781483,1,1,12.7474797611497,72.692085389242,14.8890281583125,2.23447152417639,PASS
ESR_2x,119,0.0001,0.1,9.97955865976331e-05,0.101139325098544,0.204413402366918,1.13932509854378,1,1,13.7815665401127,69.3716058294186,6.25107035350895,2.84133374770362,PASS
ESR_2x,120,0.0001,0.1,9.99869474624022e-05,0.100312050217189,0.0130525375977681,0.312050217188664,1,1,13.2239462960477,69.4607534736377,7.54815977381766,1.43597817837747,PASS
ESR_2x,121,0.0001,0.1,9.99173072843506e-05,0.100541704982885,0.0826927156493583,0.541704982885097,1,1,13.4582772308585,69.5567675231897,13.5629631346691,1.30420596697201,PASS
ESR_2x,122,0.0001,0.1,9.99044557850411e-05,0.101726623063514,0.0955442149589097,1.72662306351362,1,1,13.7808827021567,68.1207982911801,7.20497884679341,2.11041379695255,PASS
ESR_2x,123,0.0001,0.1,0.000100508155058357,0.100700240024449,0.508155058357338,0.700240024449156,1,1,13.6150236828072,69.9239263816485,11.1021601623408,2.30292208482001,PASS
ESR_2x,124,0.0001,0.1,0.000100212792268319,0.100596993600333,0.212792268318893,0.596993600333204,1,1,13.2721106884125,70.5202862805266,8.02467484401002,1.89732231510042,PASS
ESR_2x,125,0.0001,0.1,0.000100408209564514,0.0996512481392022,0.408209564513746,0.34875186079783,1,1,13.6810700111818,71.4223012341455,12.7557004355499,1.35255120654484,PASS
ESR_2x,126,0.0001,0.1,9.98830900799236e-05,0.100388814383615,0.116909920076444,0.388814383614988,1,1,13.80322570375,70.4395299722579,10.6636212211179,2.187963705458,PASS
ESR_2x,127,0.0001,0.1,9.97644903135837e-05,0.0988404237758977,0.235509686416282,1.15957622410234,1,1,13.3137709712896,71.1385240092791,5.02041340192464,1.54868668558278,PASS
ESR_2x,128,0.0001,0.1,9.98282808225359e-05,0.100187833173205,0.171719177464118,0.187833173205268,1,1,13.6106507513249,75.6165037702804,8.54454013209637,2.15585761637145,PASS
ESR_2x,129,0.0001,0.1,0.000100901124145492,0.098420727752001,0.901124145491505,1.57927224799898,1,1,12.9758640670639,70.6681979169594,14.1736531417367,3.14772596745755,PASS
ESR_2x,130,0.0001,0.1,0.000100020860374816,0.100576015581214,0.0208603748158695,0.576015581214284,1,1,13.0785833251574,69.2935813451141,9.09652681715581,2.06204826717435,PASS
ESR_2x,131,0.0001,0.1,9.89371470645716e-05,0.0991836415293718,1.06285293542839,0.816358470628178,0,1,13.0382463874163,69.7746259979647,7.33997832270028,2.21498089047455,PASS
ESR_2x,132,0.0001,0.1,9.97079332326494e-05,0.101753834347367,0.29206676735059,1.75383434736738,1,1,13.2824297621194,70.9449937543833,10.9883632926717,1.87482993595712,PASS
ESR_2x,133,0.0001,0.1,9.94918249854091e-05,0.0992164038175102,0.508175014590903,0.783596182489826,1,1,13.5974671506734,68.2514805730306,8.22602760196727,3.17148025120045,PASS
ESR_2x,134,0.0001,0.1,9.99433340283089e-05,0.0990821099643216,0.0566659716910977,0.917890035678423,1,1,13.1423941648304,71.3446432654783,8.63194475294277,1.62685491417545,PASS
ESR_2x,135,0.0001,0.1,0.000100188653023577,0.0994165107483511,0.188653023577032,0.583489251648903,1,1,13.1182254848845,68.8322550805755,7.76998117590431,3.10258618279958,PASS
ESR_2x,136,0.0001,0.1,9.97145757429901e-05,0.100707530119138,0.285424257009909,0.707530119138433,1,1,13.4799784531948,63.9842365288752,11.2755295698102,2.09100252086123,PASS
ESR_2x,137,0.0001,0.1,9.99752193995045e-05,0.101752032097898,0.0247806004955228,1.75203209789802,1,1,13.2902579897357,69.8287405253687,6.55257559429116,1.47576945866544,PASS
ESR_2x,138,0.0001,0.1,9.97347474614884e-05,0.100430412564649,0.265252538511572,0.430412564648527,1,1,13.9985330913277,69.2095050132764,7.55032340266024,2.72899239107499,PASS
ESR_2x,139,0.0001,0.1,9.92230692732457e-05,0.100050547654008,0.77693072675426,0.0505476540075961,1,1,14.1083530767648,70.7512851818721,11.7773692615456,1.7943316916051,PASS
ESR_2x,140,0.0001,0.1,0.00010050195748757,0.100606669230266,0.501957487569524,0.606669230265866,1,1,13.7969766620797,71.0008969008788,14.5377173939338,1.29435467739244,PASS
ESR_2x,141,0.0001,0.1,9.99144719407046e-05,0.100336927697128,0.0855280592953838,0.336927697128273,1,1,13.0414426941142,73.0000747496694,10.657403327573,1.61735300026753,PASS
ESR_2x,142,0.0001,0.1,9.92805105387871e-05,0.0999440110326394,0.719489461212911,0.0559889673606012,1,1,14.1313942305004,67.3890023874104,7.07298642442501,2.2007580079357,PASS
ESR_2x,143,0.0001,0.1,9.99559039685668e-05,0.0986347593963746,0.0440960314332004,1.36524060362538,1,1,13.248038245104,74.0127030654507,10.0163296779238,1.68792738819884,PASS
ESR_2x,144,0.0001,0.1,9.95882769758286e-05,0.10081630748571,0.411723024171438,0.816307485709961,1,1,13.3003855910722,70.890551145945,8.8631462452152,2.32421355716776,PASS
ESR_2x,145,0.0001,0.1,9.94603603641473e-05,0.101643442965862,0.539639635852682,1.64344296586205,1,1,13.1095057109025,72.5437136260913,8.35867661924064,1.8763777884666,PASS
ESR_2x,146,0.0001,0.1,0.000100066410249991,0.100212473415763,0.0664102499912413,0.212473415762929,1,1,13.1142729383906,71.468041071277,11.614663453474,2.41574986312498,PASS
ESR_2x,147,0.0001,0.1,0.000100733992394136,0.0991647738924668,0.733992394136182,0.835226107533213,1,1,13.4162408948888,70.3964010646002,7.83707928641654,1.45038508516622,PASS
ESR_2x,148,0.0001,0.1,0.000100018136618944,0.100381852629297,0.0181366189442786,0.381852629296575,1,1,13.3102856440037,65.451760896777,11.8919616425816,2.44915141981097,PASS
ESR_2x,149,0.0001,0.1,0.000100199631178997,0.100645569441432,0.199631178996766,0.645569441432362,1,1,13.6660740897306,66.9355303686847,4.01311652661114,2.61488884493347,PASS
ESR_2x,150,0.0001,0.1,9.99147455188607e-05,0.101667097709834,0.0852544811393236,1.66709770983402,1,1,14.0601044603396,71.6163237075,17.2333567845051,3.29593717646399,PASS
ESR_2x,151,0.0001,0.1,9.90912587815031e-05,0.100979399501168,0.908741218496939,0.979399501168071,1,1,13.3011927971094,68.8949766274807,10.6024912082885,1.33917316935244,PASS
ESR_2x,152,0.0001,0.1,0.000100216326475711,0.0999520923658271,0.216326475710777,0.0479076341729084,1,1,12.5,69.6246197252783,7.26418562846233,1.76875127890096,PASS
ESR_2x,153,0.0001,0.1,0.00010019500697927,0.101045149200959,0.195006979270129,1.04514920095908,1,1,13.5691498720572,70.6067448032192,8.26813213326994,2.30554947178178,PASS
ESR_2x,154,0.0001,0.1,9.97384201524874e-05,0.100685921367648,0.261579847512592,0.685921367647863,1,1,13.7768980369875,68.0283705502507,12.0960938598514,2.5472891053832,PASS
ESR_2x,155,0.0001,0.1,0.000100821969037025,0.1011407317163,0.82196903702491,1.14073171629993,1,1,13.4287712980416,67.6335640565967,8.22398475827154,1.43066142613449,PASS
ESR_2x,156,0.0001,0.1,9.9718788796442e-05,0.0999876621183475,0.281211203557958,0.0123378816524744,1,1,12.9821508758006,66.6624251882513,22.2987451236825,2.47021583449372,PASS
ESR_2x,157,0.0001,0.1,9.99782997826855e-05,0.098538908242712,0.0217002173144885,1.46109175728798,1,1,13.6544848736174,72.9697915597102,5.73360463924311,2.31077591941453,PASS
ESR_2x,158,0.0001,0.1,0.000100269281691331,0.100332912704325,0.269281691330994,0.332912704324881,1,1,13.3162611504099,66.75992195805,7.86386915559285,3.574522743148,PASS
ESR_2x,159,0.0001,0.1,9.98153938522805e-05,0.099871063508144,0.184606147719552,0.128936491855969,1,1,13.5923811111042,69.2332426658836,8.37792345972292,2.09021042048331,PASS
ESR_2x,160,0.0001,0.1,0.000100040220875047,0.100741965438176,0.040220875047032,0.741965438176492,1,1,13.2264124447161,70.3907724059012,7.21160313087243,1.93623470681218,PASS
ESR_2x,161,0.0001,0.1,9.94438087030832e-05,0.100605594878288,0.556191296916756,0.605594878288124,1,1,13.1915846122492,72.2152940331536,7.08510345677421,2.14828584317842,PASS
ESR_2x,162,0.0001,0.1,0.000100013735975,0.100419120614222,0.013735975000278,0.419120614221655,1,1,13.2693495979945,68.7729452004572,14.0473614150514,1.94740491655937,PASS
ESR_2x,163,0.0001,0.1,0.000100413210226727,0.0993420475007653,0.413210226727381,0.657952499234754,1,1,13.5734580480147,68.7988125584491,13.9069502863787,1.91465570665715,PASS
ESR_2x,164,0.0001,0.1,9.83929219293271e-05,0.099837170286196,1.60707807067289,0.162829713804019,0,1,13.001087869134,67.5860088606775,6.59474427599423,2.17745184039662,PASS
ESR_2x,165,0.0001,0.1,0.000100118003259705,0.100651884627896,0.118003259704926,0.651884627895796,1,1,13.2120093502497,70.475541484574,27.8896057003226,2.58557222869824,PASS
ESR_2x,166,0.0001,0.1,9.95181731951927e-05,0.100032016369245,0.481826804807342,0.0320163692454634,1,1,13.8742642222135,68.144202795327,11.0003408672278,1.80481979609147,PASS
ESR_2x,167,0.0001,0.1,0.000100001543934956,0.0996194969740459,0.00154393495563213,0.380503025954146,1,1,13.8028563827036,71.9883227616074,10.7415526389407,2.5437284011516,PASS
ESR_2x,168,0.0001,0.1,9.98423282583494e-05,0.101143458501402,0.157671741650618,1.14345850140228,1,1,13.6966643264205,68.8504300814271,20.5183975806659,2.60576424464075,PASS
ESR_2x,169,0.0001,0.1,9.95659452505932e-05,0.101256277470795,0.434054749406848,1.25627747079519,1,1,13.8796535368634,70.4628931084675,4.85089261468771,2.11383336789026,PASS
ESR_2x,170,0.0001,0.1,9.98665247694397e-05,0.100127521136287,0.133475230560315,0.127521136287098,1,1,13.2691538600434,69.1894600160788,7.06338980564555,2.03635893652251,PASS
ESR_2x,171,0.0001,0.1,9.96351916847584e-05,0.0999500813392765,0.364808315241616,0.049918660723472,1,1,13.5052010637498,69.972678029579,10.7729775035329,2.6742488849545,PASS
ESR_2x,172,0.0001,0.1,9.96896413689791e-05,0.100360707263295,0.310358631020906,0.360707263294513,1,1,12.9195310531139,70.5912079606606,7.3156206785843,2.07095298114187,PASS
ESR_2x,173,0.0001,0.1,0.000100534699730035,0.0990643931141177,0.534699730035136,0.935606885882276,1,1,12.6709740402171,70.5899582877064,11.2733541801025,2.08865084971686,PASS
ESR_2x,174,0.0001,0.1,9.98763598396011e-05,0.099088555059004,0.123640160398946,0.911444940995973,1,1,13.541470461956,70.4780032131896,7.53568940969512,1.15824475588701,PASS
ESR_2x,175,0.0001,0.1,9.99473140602393e-05,0.10051400147375,0.0526859397606858,0.514001473749845,1,1,14.0251051617857,67.6316133676913,8.15762613944189,2.73184681325851,PASS
ESR_2x,176,0.0001,0.1,0.000100391241539356,0.0978376455268044,0.391241539355537,2.16235447319561,1,0,13.7482091766413,72.5050298862809,8.1818578976116,1.03515821580961,PASS
ESR_2x,177,0.0001,0.1,0.00010039501740616,0.0994178850821151,0.395017406160049,0.582114917884902,1,1,13.2842044717315,71.2284004470742,5.09077984960621,2.0011237462367,PASS
ESR_2x,178,0.0001,0.1,9.93594981559434e-05,0.0998677595812628,0.64050184405658,0.13224041873719,1,1,13.5582364895887,71.5697059616818,6.21457449974652,1.83588440429439,PASS
ESR_2x,179,0.0001,0.1,0.000100911086524375,0.0996230151215876,0.911086524374693,0.376984878412409,1,1,13.4451267653007,72.6604232165377,7.09529707200154,2.52507390409718,PASS
ESR_2x,180,0.0001,0.1,0.00010008183078038,0.10023228275868,0.0818307803798215,0.232282758679966,1,1,13.7982385198918,73.1969913492159,14.0350075299313,2.65444009369766,PASS
ESR_2x,181,0.0001,0.1,9.98607865499056e-05,0.10033871053267,0.139213450094358,0.3387105326699,1,1,13.3040300194913,67.7372466728184,11.2753050548864,1.8457293229705,PASS
ESR_2x,182,0.0001,0.1,9.96960659116644e-05,0.100882601604336,0.303934088335611,0.882601604336175,1,1,13.7691816697403,72.2617180243144,11.1606016558107,1.36592397117595,PASS
ESR_2x,183,0.0001,0.1,9.99519761633416e-05,0.0998549287953298,0.0480238366584333,0.145071204670236,1,1,13.5467851896262,69.954286898747,8.12960729033561,1.69512185076289,PASS
ESR_2x,184,0.0001,0.1,9.9782891408959e-05,0.0986481611188089,0.217108591040987,1.35183888119113,1,1,13.1312801783144,68.0498713412562,9.61308548332059,2.57313378123392,PASS
ESR_2x,185,0.0001,0.1,9.98600385436045e-05,0.0999139109451975,0.139961456395476,0.086089054802535,1,1,13.5220393190203,70.0346947963958,13.5462938091912,2.37723797724065,PASS
ESR_2x,186,0.0001,0.1,9.9902851645331e-05,0.0995514857783046,0.0971483546689588,0.448514221695381,1,1,13.6127162941708,68.8718683595838,10.2180833859658,1.80161909003223,PASS
ESR_2x,187,0.0001,0.1,9.98945584528347e-05,0.098253205056796,0.105441547165313,1.746794943204,1,1,13.5848910885305,71.8589377607643,5.66037607779148,2.12654284772288,PASS
ESR_2x,188,0.0001,0.1,0.000101084714576612,0.101174767189917,1.084714576612,1.17476718991733,0,1,13.6222054160363,68.3078096955359,8.84193843526871,1.99150565373987,PASS
ESR_2x,189,0.0001,0.1,9.98909887350272e-05,0.0996081454827182,0.109011264972796,0.391854517281756,1,1,13.1597180941969,72.0084220134846,10.7068838331524,2.3480384493864,PASS
ESR_2x,190,0.0001,0.1,9.98080511432991e-05,0.0989940001184206,0.191948856700878,1.00599988157944,1,1,14.65,72.1656024611057,12.7895205391925,2.73226485304467,PASS
ESR_2x,191,0.0001,0.1,0.000100404061963361,0.0988291969148909,0.404061963360785,1.17080308510907,1,1,13.1595888572205,68.6809724439524,8.92106731714629,1.55499980607172,PASS
ESR_2x,192,0.0001,0.1,0.00010055990102451,0.100485993607064,0.559901024510325,0.485993607063848,1,1,13.2342107890622,70.7330281846073,13.2261929758247,1.57394555006803,PASS
ESR_2x,193,0.0001,0.1,9.99858099590901e-05,0.0990258124952371,0.0141900409098651,0.974187504762927,1,1,13.7496625909894,70.4162466439568,11.6489463916217,1.65806685337424,PASS
ESR_2x,194,0.0001,0.1,9.97278582466001e-05,0.100327237923959,0.272141753399898,0.327237923958557,1,1,13.8535719833292,72.3547783972237,17.1300633620017,3.33750126495298,PASS
ESR_2x,195,0.0001,0.1,0.000100076718724783,0.0995730402040321,0.0767187247830618,0.426959795967935,1,1,13.6446263762393,70.2126914836444,5.64147680936509,1.29590491753461,PASS
ESR_2x,196,0.0001,0.1,0.000100270217829286,0.100472271831055,0.27021782928595,0.472271831054624,1,1,13.9607005795124,69.1983482937558,7.4369830840148,1.3572648024852,PASS
ESR_2x,197,0.0001,0.1,9.9977195935982e-05,0.0978057353978203,0.0228040640180252,2.19426460217971,1,0,13.7128598513221,69.7258785635941,15.0916640245071,1.46527846470386,PASS
ESR_2x,198,0.0001,0.1,9.97745648408685e-05,0.0994123794990889,0.225435159131499,0.587620500911101,1,1,13.2096233483338,73.2546942486798,9.52033902540371,2.33907128334212,PASS
ESR_2x,199,0.0001,0.1,0.000100373681948434,0.098755564337833,0.373681948434332,1.24443566216702,1,1,13.7682183308676,70.0895104983976,13.6895240684673,1.62846460694141,PASS
ESR_2x,200,0.0001,0.1,9.98555807363445e-05,0.0997551659302682,0.144419263655536,0.244834069731831,1,1,13.8395730603526,70.555744579445,11.7340419999533,2.42538081477809,PASS
combined_C_0p8_ESR_2x,1,8e-05,0.1,8.03521944615105e-05,0.101764760116155,0.440243076888132,1.76476011615469,1,1,13.5777602766152,69.2027909912896,14.9142591283904,2.75928743722688,PASS
combined_C_0p8_ESR_2x,2,8e-05,0.1,7.99862657827107e-05,0.0998009599944045,0.0171677716116634,0.199040005595535,1,1,13.4419750180279,72.3238193853232,7.66720862729595,1.76432958707951,PASS
combined_C_0p8_ESR_2x,3,8e-05,0.1,7.98592459498385e-05,0.0990090885321046,0.175942562701823,0.990911467895428,1,1,13.3034257646276,71.341887544061,12.7216396695534,1.89196411459784,PASS
combined_C_0p8_ESR_2x,4,8e-05,0.1,8.0530927859553e-05,0.100419789562175,0.663659824441209,0.419789562174797,1,1,13.5933173705338,68.8746168019932,9.10211829010996,1.79223380857144,PASS
combined_C_0p8_ESR_2x,5,8e-05,0.1,8.00061437208183e-05,0.100839665957221,0.00767965102284101,0.839665957221417,1,1,14.0626333403818,70.1892555874911,7.32684768533986,1.44830017048401,PASS
combined_C_0p8_ESR_2x,6,8e-05,0.1,8.01233106967589e-05,0.0994843710879005,0.15413837094866,0.515628912099525,1,1,13.5221342344578,71.7710067468754,12.562474920126,2.60397530745894,PASS
combined_C_0p8_ESR_2x,7,8e-05,0.1,7.99844769943265e-05,0.0999855948978348,0.0194037570919227,0.0144051021651603,1,1,13.7617000194722,70.8352111658253,11.191692965748,2.34270173398904,PASS
combined_C_0p8_ESR_2x,8,8e-05,0.1,7.98281960931319e-05,0.0998834823254462,0.214754883585191,0.11651767455377,1,1,12.9801291630525,66.7520695260767,10.250807811669,1.91120581940862,PASS
combined_C_0p8_ESR_2x,9,8e-05,0.1,7.97138271562515e-05,0.100409739572824,0.357716054685642,0.409739572824086,1,1,13.725592976239,70.5025724367851,7.25918346664817,1.37159213912559,PASS
combined_C_0p8_ESR_2x,10,8e-05,0.1,7.93656575151296e-05,0.101134256147521,0.792928106088017,1.1342561475214,1,1,12.9824698403315,69.2257721356764,15.7133082521792,1.88771577551567,PASS
combined_C_0p8_ESR_2x,11,8e-05,0.1,8.02236475312713e-05,0.100610192486947,0.2795594140891,0.610192486947214,1,1,13.3139991517327,70.535717948238,10.2471712715928,1.46755743134634,PASS
combined_C_0p8_ESR_2x,12,8e-05,0.1,8.02233781425928e-05,0.100183269569976,0.279222678240967,0.183269569976219,1,1,13.1422088375591,68.7942556584767,7.54268289585467,1.86613621408209,PASS
combined_C_0p8_ESR_2x,13,8e-05,0.1,8.0014873470752e-05,0.0989930406462803,0.0185918384400204,1.00695935371975,1,1,13.6392206478069,68.1086339354512,25.6818464980837,1.82825216228909,PASS
combined_C_0p8_ESR_2x,14,8e-05,0.1,8.0199120128565e-05,0.101031525114997,0.248900160706186,1.031525114997,1,1,13.4882961962803,68.5893883654538,7.88807331713505,2.65266309867356,PASS
combined_C_0p8_ESR_2x,15,8e-05,0.1,7.94410697415657e-05,0.0994741390788161,0.698662823042901,0.525860921183882,1,1,13.5844428944275,69.5089668244979,8.55952081861237,1.49661053544932,PASS
combined_C_0p8_ESR_2x,16,8e-05,0.1,8.027778358633e-05,0.100458404352384,0.347229482912469,0.45840435238402,1,1,12.8275004939443,71.0254854730829,8.35295526355767,1.76901259088161,PASS
combined_C_0p8_ESR_2x,17,8e-05,0.1,7.96335698681955e-05,0.100867461873845,0.458037664755691,0.86746187384501,1,1,13.8282248264344,69.0537785628141,9.42541105319993,3.33791844408979,PASS
combined_C_0p8_ESR_2x,18,8e-05,0.1,7.95131434324624e-05,0.0985935138294439,0.608570709421963,1.40648617055612,1,1,13.8587818383792,69.7830301154642,10.7260157474472,1.64572362029163,PASS
combined_C_0p8_ESR_2x,19,8e-05,0.1,8.03532283899771e-05,0.0996609572931438,0.441535487471423,0.339042706856224,1,1,13.6088705739485,68.5521439210918,6.94065543462834,2.28132301992747,PASS
combined_C_0p8_ESR_2x,20,8e-05,0.1,7.96959089736576e-05,0.100656403948019,0.380113782927954,0.656403948019413,1,1,13.8608444627231,68.8497017504856,21.99211822257,1.9255397021133,PASS
combined_C_0p8_ESR_2x,21,8e-05,0.1,8.01760995243038e-05,0.0998556799869438,0.220124405379771,0.144320013056254,1,1,13.8513590267982,64.0265451878364,8.90953284900125,2.38795817287049,PASS
combined_C_0p8_ESR_2x,22,8e-05,0.1,7.9921838953951e-05,0.0998602286783188,0.0977013075613123,0.139771321681248,1,1,13.4886515293706,71.6730835477644,11.6253628277783,1.55086798185202,PASS
combined_C_0p8_ESR_2x,23,8e-05,0.1,8.00441803426046e-05,0.0997272542016551,0.0552254282557424,0.272745798344881,1,1,13.3831846813171,71.2200341380012,6.88159114630468,1.09953857959958,PASS
combined_C_0p8_ESR_2x,24,8e-05,0.1,7.95350421557651e-05,0.10044740011655,0.581197305293631,0.447400116550381,1,1,12.548935499174,70.963334717123,9.14499090714614,2.73432795397705,PASS
combined_C_0p8_ESR_2x,25,8e-05,0.1,8.03839814833411e-05,0.100148849764947,0.479976854176382,0.148849764947154,1,1,13.3654817588412,70.9820299595612,13.4544625054402,2.11113570920807,PASS
combined_C_0p8_ESR_2x,26,8e-05,0.1,8.01837800926405e-05,0.0992776949666399,0.229725115800578,0.722305033360113,1,1,13.3785009449954,69.3430605669789,5.40758525697094,1.02359351179893,PASS
combined_C_0p8_ESR_2x,27,8e-05,0.1,8.04360788149808e-05,0.0994240841521805,0.545098518726044,0.575915847819491,1,1,13.5390334369593,69.5196789734517,7.00037852168664,2.46417604808036,PASS
combined_C_0p8_ESR_2x,28,8e-05,0.1,7.98921502190268e-05,0.101393001051934,0.134812226216534,1.39300105193389,1,1,13.7224376036521,72.833698634119,12.4410194699226,2.05774268352955,PASS
combined_C_0p8_ESR_2x,29,8e-05,0.1,7.97904299457348e-05,0.0990223637493731,0.261962567831495,0.977636250626954,1,1,13.160053614729,69.466405984442,7.33278534665336,1.66586651568656,PASS
combined_C_0p8_ESR_2x,30,8e-05,0.1,8.03877416356645e-05,0.100111218092552,0.484677044580671,0.111218092551629,1,1,13.7642847489054,72.5279141727251,9.15131835379264,3.49704891522939,PASS
combined_C_0p8_ESR_2x,31,8e-05,0.1,7.99579828335908e-05,0.100696217289621,0.0525214580115015,0.696217289621076,1,1,13.60325435588,69.063071507531,7.71404727043213,2.47056999824292,PASS
combined_C_0p8_ESR_2x,32,8e-05,0.1,8.00263080515346e-05,0.1024229203753,0.0328850644182515,2.42292037530006,1,0,13.9395417155347,70.5246628931711,8.3460271712445,1.92567011158707,PASS
combined_C_0p8_ESR_2x,33,8e-05,0.1,7.99512307073761e-05,0.100469311725962,0.0609616157799303,0.469311725962207,1,1,13.4612429616803,73.3153831645841,6.59015061567111,2.60358408403068,PASS
combined_C_0p8_ESR_2x,34,8e-05,0.1,8.06785927910118e-05,0.10026402850618,0.848240988764737,0.264028506179848,1,1,13.6974160216346,73.6063278166359,6.91771798455709,2.32707670182229,PASS
combined_C_0p8_ESR_2x,35,8e-05,0.1,7.99147962161987e-05,0.0991110592201006,0.10650472975159,0.888940779899358,1,1,13.7008520743934,66.8549108750225,13.2376295247105,1.74295160840328,PASS
combined_C_0p8_ESR_2x,36,8e-05,0.1,7.996407362552e-05,0.099692669209538,0.0449079680999959,0.307330790461996,1,1,13.8630855870485,70.9552984665181,12.2023665530352,2.23628483478453,PASS
combined_C_0p8_ESR_2x,37,8e-05,0.1,8.01554214892497e-05,0.0986783012029301,0.194276861562056,1.32169879706991,1,1,12.9361760446966,69.8921932696755,6.56567923633399,2.4651426871057,PASS
combined_C_0p8_ESR_2x,38,8e-05,0.1,8.02529098533018e-05,0.0989178847824647,0.316137316627285,1.08211521753528,1,1,13.7542714683721,68.6048929356951,9.27014429313987,2.00127923605908,PASS
combined_C_0p8_ESR_2x,39,8e-05,0.1,7.97162967830874e-05,0.0999217382715462,0.354629021140795,0.0782617284537795,1,1,13.5769223584801,70.9728030207559,11.4954848308374,2.03814382274881,PASS
combined_C_0p8_ESR_2x,40,8e-05,0.1,8.01040100665785e-05,0.101163867953946,0.130012583223153,1.16386795394641,1,1,13.3209043473741,69.6021210513851,9.92657587506402,2.23514561971475,PASS
combined_C_0p8_ESR_2x,41,8e-05,0.1,7.98423743687016e-05,0.0999789404603167,0.197032039123069,0.0210595396832602,1,1,13.0109147904049,69.2561596960324,5.84945599297455,2.99742280476628,PASS
combined_C_0p8_ESR_2x,42,8e-05,0.1,8.03838573905587e-05,0.100310183166924,0.479821738198337,0.310183166923633,1,1,12.5524124152241,71.8917181270977,11.5144867060937,2.08190780790203,PASS
combined_C_0p8_ESR_2x,43,8e-05,0.1,8.03718113375019e-05,0.0986281232918774,0.464764171877379,1.3718767081226,1,1,13.2161433161861,71.5073860120577,8.23213536220118,1.7851347809086,PASS
combined_C_0p8_ESR_2x,44,8e-05,0.1,7.94635567215085e-05,0.100611462422912,0.670554098114382,0.611462422911879,1,1,13.3709755433916,68.5072726602548,11.829341085945,1.61371124204176,PASS
combined_C_0p8_ESR_2x,45,8e-05,0.1,7.97951068228756e-05,0.0993167210997776,0.256116471405514,0.683278900222406,1,1,13.8830547594417,68.9060433034739,13.4788563310162,2.38052113638999,PASS
combined_C_0p8_ESR_2x,46,8e-05,0.1,8.08011945438845e-05,0.0997519925504747,1.00149317985557,0.248007449525314,0,1,13.8736591855427,70.4631504333263,8.57997636142428,1.86680641872369,PASS
combined_C_0p8_ESR_2x,47,8e-05,0.1,7.96609029605397e-05,0.0996266274361122,0.423871299325409,0.373372563887794,1,1,13.3633153761627,70.4886725770199,7.18656048954064,1.40831569744127,PASS
combined_C_0p8_ESR_2x,48,8e-05,0.1,8.0109750288695e-05,0.0994782716056007,0.137187860868773,0.521728394399346,1,1,13.6539345745709,70.538177748723,8.07530981769129,1.56241631812124,PASS
combined_C_0p8_ESR_2x,49,8e-05,0.1,8.06527125554125e-05,0.099773292830215,0.815890694265635,0.22670716978497,1,1,13.3354100086892,70.0036042090894,9.23145779094777,1.97942504575948,PASS
combined_C_0p8_ESR_2x,50,8e-05,0.1,7.99103748774864e-05,0.100772887733381,0.112031403142,0.772887733381369,1,1,14.1721764402878,67.9650752792858,10.3125065106672,1.6305213359901,PASS
combined_C_0p8_ESR_2x,51,8e-05,0.1,7.97797404120079e-05,0.0995799538168025,0.275324484990093,0.42004618319752,1,1,14.0426827549262,71.1212620554074,10.5979412194622,2.16110486254673,PASS
combined_C_0p8_ESR_2x,52,8e-05,0.1,8.02247489089733e-05,0.0996494025965231,0.280936136216665,0.350597403476857,1,1,14.2875784039211,69.9741720606309,8.81332174216109,1.40463341155016,PASS
combined_C_0p8_ESR_2x,53,8e-05,0.1,7.97699857368115e-05,0.100196150046123,0.287517828985582,0.196150046123278,1,1,14.1526117062384,70.7827862148308,7.68127354092995,2.27376299073198,PASS
combined_C_0p8_ESR_2x,54,8e-05,0.1,7.97549491320122e-05,0.100267429839885,0.306313584984744,0.267429839884578,1,1,12.6072688175018,71.6700888503286,18.245366682827,2.65875256911492,PASS
combined_C_0p8_ESR_2x,55,8e-05,0.1,8.01616135600114e-05,0.0984161712406904,0.20201695001424,1.5838287593096,1,1,13.2651041447107,73.531815670914,5.51914753439969,2.01315736676576,PASS
combined_C_0p8_ESR_2x,56,8e-05,0.1,7.9516131587914e-05,0.100434292108349,0.604835515107505,0.43429210834886,1,1,13.9932562098328,67.947996227332,19.0895052035375,1.89943998804112,PASS
combined_C_0p8_ESR_2x,57,8e-05,0.1,7.96936686851209e-05,0.100316674661306,0.382914143598896,0.316674661305902,1,1,13.6249738639066,72.2650788467934,17.7660235238338,1.62728630644614,PASS
combined_C_0p8_ESR_2x,58,8e-05,0.1,8.0709624102161e-05,0.100939248835853,0.887030127701291,0.939248835853279,1,1,13.1272401253872,69.0355667582091,9.47864256081994,1.75579985016709,PASS
combined_C_0p8_ESR_2x,59,8e-05,0.1,7.96218796065709e-05,0.101162245716211,0.472650491786343,1.16224571621132,1,1,13.6297607332341,67.291254922569,5.44807131742404,2.54582376321542,PASS
combined_C_0p8_ESR_2x,60,8e-05,0.1,7.98645388305028e-05,0.0999908762020875,0.169326461871568,0.00912379791255524,1,1,13.3531986130683,66.6031099846827,6.12826687555053,1.61686786133176,PASS
combined_C_0p8_ESR_2x,61,8e-05,0.1,8.01808380742923e-05,0.0993227507100592,0.226047592865373,0.677249289940812,1,1,13.6250481174862,69.6083017439276,7.68614421870317,1.96342940278824,PASS
combined_C_0p8_ESR_2x,62,8e-05,0.1,8.06004689534845e-05,0.100774616609078,0.750586191855589,0.774616609077974,1,1,14.3276683126265,70.1588719913976,12.2170037014518,1.5343850744827,PASS
combined_C_0p8_ESR_2x,63,8e-05,0.1,7.96385634338632e-05,0.0994424790795067,0.451795707671004,0.557520920493271,1,1,14.1084701177343,71.4847344949396,12.7349304244682,1.43872667923005,PASS
combined_C_0p8_ESR_2x,64,8e-05,0.1,8.03747883149776e-05,0.100659577870938,0.468485393722008,0.659577870938191,1,1,13.607203496244,68.7651316707662,19.625306481812,2.65993885024736,PASS
combined_C_0p8_ESR_2x,65,8e-05,0.1,7.98017526657924e-05,0.101198566994683,0.247809167759465,1.19856699468324,1,1,14.0362580832305,69.76409160612,14.1999810789059,2.44620176282551,PASS
combined_C_0p8_ESR_2x,66,8e-05,0.1,7.99376035450494e-05,0.0986869013549413,0.0779955686882015,1.31309864505875,1,1,13.4847751507386,67.5493601516062,5.72031326365257,4.12165051244028,PASS
combined_C_0p8_ESR_2x,67,8e-05,0.1,7.97338606458995e-05,0.0997041595438939,0.332674192625623,0.295840456106145,1,1,13.2725239355867,70.952728542908,11.3211230273377,2.79906642724334,PASS
combined_C_0p8_ESR_2x,68,8e-05,0.1,8.00809954289107e-05,0.0998895102849779,0.101244286138357,0.110489715022116,1,1,12.6345227961704,73.2627913652173,11.7326590141904,1.8790086826409,PASS
combined_C_0p8_ESR_2x,69,8e-05,0.1,7.97070384146653e-05,0.0996935238797905,0.366201981668413,0.306476120209481,1,1,13.5093333071584,72.5320656593286,6.54223658453891,2.10042699779091,PASS
combined_C_0p8_ESR_2x,70,8e-05,0.1,8.01837350778496e-05,0.0996527829381413,0.229668847312022,0.347217061858737,1,1,13.3899478540791,71.6671403880738,8.87144516344766,2.62101997794026,PASS
combined_C_0p8_ESR_2x,71,8e-05,0.1,7.98926100473279e-05,0.1000063137098,0.13423744084009,0.00631370979969903,1,1,13.2434405496517,71.0490044591625,5.05816673204426,2.33285753878412,PASS
combined_C_0p8_ESR_2x,72,8e-05,0.1,8.04783849755358e-05,0.0989587553136364,0.597981219419804,1.04124468636356,1,1,13.7994729850839,72.1788236195791,10.682899153673,1.85110820279241,PASS
combined_C_0p8_ESR_2x,73,8e-05,0.1,7.98700753049389e-05,0.100319534113056,0.162405868826435,0.319534113056047,1,1,12.8596108348566,72.7451344264328,8.24100427420555,1.36223719543404,PASS
combined_C_0p8_ESR_2x,74,8e-05,0.1,8.07156366458008e-05,0.100637553311513,0.894545807251048,0.637553311513467,1,1,13.3182457571404,70.3050798670006,9.84731898293287,1.99330908870162,PASS
combined_C_0p8_ESR_2x,75,8e-05,0.1,8.01464989478321e-05,0.100083697043594,0.183123684790177,0.0836970435937751,1,1,14.2084230575685,73.5288760395299,10.529342218141,1.67566150989263,PASS
combined_C_0p8_ESR_2x,76,8e-05,0.1,8.05225464942112e-05,0.100469480397859,0.653183117764006,0.46948039785874,1,1,13.6737274259956,71.7624217630548,14.0880934311712,2.06576768322614,PASS
combined_C_0p8_ESR_2x,77,8e-05,0.1,7.99940468210139e-05,0.0991551078654873,0.00744147373260315,0.844892134512734,1,1,13.6133796974311,69.880131474956,12.1521713969429,1.96113897641351,PASS
combined_C_0p8_ESR_2x,78,8e-05,0.1,7.96183033682007e-05,0.101683354398013,0.477120789749184,1.68335439801348,1,1,13.9501895266265,69.4023626762553,14.2196276045831,2.96639742035301,PASS
combined_C_0p8_ESR_2x,79,8e-05,0.1,7.97696070902106e-05,0.0993612597567015,0.287991137236813,0.638740243298491,1,1,13.2596772235676,68.7906644863779,11.3200995841037,1.62881928171708,PASS
combined_C_0p8_ESR_2x,80,8e-05,0.1,8.00484637194976e-05,0.1009823655556,0.0605796493720491,0.98236555560012,1,1,13.431804623929,68.8593230250322,5.10129287574494,1.86894901889506,PASS
combined_C_0p8_ESR_2x,81,8e-05,0.1,8.00643666061087e-05,0.099958713180066,0.0804582576358608,0.0412868199340111,1,1,13.8943429685351,71.20677599797,9.30300254071864,1.47670553918819,PASS
combined_C_0p8_ESR_2x,82,8e-05,0.1,8.04365049552855e-05,0.0993293824411033,0.545631194106831,0.670617558896747,1,1,13.3293579214852,67.8427808109057,16.6797685943045,2.05815510614613,PASS
combined_C_0p8_ESR_2x,83,8e-05,0.1,8.05544151213167e-05,0.0985657194879419,0.693018901645855,1.4342805120581,1,1,13.0298790368645,67.6113067240031,15.5891654628782,2.28435054842567,PASS
combined_C_0p8_ESR_2x,84,8e-05,0.1,7.97449085309165e-05,0.0998009850829726,0.31886433635433,0.199014917027437,1,1,13.4464006443996,69.7283138004745,8.32442940127869,1.44721045835115,PASS
combined_C_0p8_ESR_2x,85,8e-05,0.1,8.03881402483918e-05,0.0995691782258482,0.48517531048971,0.430821774151838,1,1,13.2464132900701,68.263305213018,5.98578414411635,1.73807686364463,PASS
combined_C_0p8_ESR_2x,86,8e-05,0.1,8.03299558550135e-05,0.100675582904268,0.412444818766821,0.67558290426846,1,1,13.5658723016792,72.6075552252167,10.2134091716761,2.31250824193502,PASS
combined_C_0p8_ESR_2x,87,8e-05,0.1,7.89707808526327e-05,0.100427265173744,1.28652393420918,0.427265173744279,0,1,13.549507358377,68.0570007610635,15.2914556943981,2.32659437602106,PASS
combined_C_0p8_ESR_2x,88,8e-05,0.1,7.93586875479545e-05,0.0999569306462217,0.801640565056928,0.0430693537783189,1,1,13.526987092946,71.2010484530098,13.4433191061079,2.35873497146305,PASS
combined_C_0p8_ESR_2x,89,8e-05,0.1,7.99228986698234e-05,0.0994978809419735,0.0963766627207961,0.502119058026509,1,1,13.4238280085395,68.9698679757059,6.59870093937567,1.46974030187117,PASS
combined_C_0p8_ESR_2x,90,8e-05,0.1,7.96500752817944e-05,0.101916579456746,0.437405897757058,1.91657945674563,1,1,13.4762622779536,69.2407294869321,8.31241517894417,2.03091476742713,PASS
combined_C_0p8_ESR_2x,91,8e-05,0.1,7.98250852149555e-05,0.100441375340869,0.218643481305689,0.441375340868924,1,1,13.0070013895065,70.1549501037326,17.9206795629696,2.07398270897073,PASS
combined_C_0p8_ESR_2x,92,8e-05,0.1,8.03841326203623e-05,0.100737768218182,0.480165775452822,0.737768218182444,1,1,13.7527159776754,71.8244193521042,8.77139729745681,2.52737424989006,PASS
combined_C_0p8_ESR_2x,93,8e-05,0.1,8.00204520393193e-05,0.098597145863177,0.0255650491491709,1.40285413682305,1,1,13.5218016816512,68.4261746355023,15.613291655621,1.91395898901239,PASS
combined_C_0p8_ESR_2x,94,8e-05,0.1,7.99299129160172e-05,0.100603697522006,0.0876088549784797,0.60369752200605,1,1,13.5901132012856,69.5230875285649,7.25125140273698,1.96106878411487,PASS
combined_C_0p8_ESR_2x,95,8e-05,0.1,8.01349541351934e-05,0.0997844435687765,0.168692668991703,0.215556431223521,1,1,13.9769538718134,69.5206693667216,8.98501774382618,1.75921042421995,PASS
combined_C_0p8_ESR_2x,96,8e-05,0.1,7.98565091179259e-05,0.10019951524624,0.179363602592624,0.19951524624022,1,1,13.1271091782495,70.5118115240921,11.5078969898015,2.29950224035217,PASS
combined_C_0p8_ESR_2x,97,8e-05,0.1,7.99361427179567e-05,0.100772521112261,0.0798216025541288,0.772521112260866,1,1,13.8327997364826,70.2847082538042,8.84916359185305,1.28178279898119,PASS
combined_C_0p8_ESR_2x,98,8e-05,0.1,7.98823095103902e-05,0.0997953470683506,0.147113112012229,0.204652931649438,1,1,13.1451121286608,69.9413737920602,14.1017203478187,1.88598509591455,PASS
combined_C_0p8_ESR_2x,99,8e-05,0.1,7.96750866166749e-05,0.0999884696650201,0.406141729156412,0.0115303349798868,1,1,12.6782171166028,67.7176008358394,9.10646782204308,2.9225984149984,PASS
combined_C_0p8_ESR_2x,100,8e-05,0.1,7.9642419026247e-05,0.0995241749181638,0.446976217191288,0.47582508183619,1,1,13.7635150885138,68.5218945434962,8.83751074562962,1.72005688003539,PASS
combined_C_0p8_ESR_2x,101,8e-05,0.1,8.0222549317997e-05,0.100990657288687,0.278186647496215,0.990657288686914,1,1,13.3082688596433,72.9373725130466,6.89181079281658,1.76184519316092,PASS
combined_C_0p8_ESR_2x,102,8e-05,0.1,8.013888050572e-05,0.0992041270018996,0.173600632150038,0.795872998100369,1,1,13.5887367906358,68.2660234386058,15.2616335354309,2.46738245322139,PASS
combined_C_0p8_ESR_2x,103,8e-05,0.1,7.95908425264154e-05,0.101876990641481,0.511446841980805,1.87699064148078,1,1,12.9577267856763,69.5910996440336,15.8948240341177,1.85627953466731,PASS
combined_C_0p8_ESR_2x,104,8e-05,0.1,7.98140723464616e-05,0.0990215880788519,0.232409566923054,0.978411921148073,1,1,13.0114061791867,71.9689569335989,10.4600079312882,3.16137114897876,PASS
combined_C_0p8_ESR_2x,105,8e-05,0.1,7.98804998232645e-05,0.100162424046938,0.149375220919404,0.162424046937767,1,1,14.1230699323208,69.5126683209939,12.8246407865381,1.77457099164079,PASS
combined_C_0p8_ESR_2x,106,8e-05,0.1,8.01944425081145e-05,0.0996686101123437,0.24305313514315,0.331389887656311,1,1,12.8017080460109,68.0192192723616,14.9686099606493,1.94426479504513,PASS
combined_C_0p8_ESR_2x,107,8e-05,0.1,8.03534058297285e-05,0.0999333766435118,0.441757287160583,0.066623356488188,1,1,13.3842018662825,68.0085426922453,5.8833191905911,1.70729213362347,PASS
combined_C_0p8_ESR_2x,108,8e-05,0.1,8.00266425081163e-05,0.101117088458351,0.0333031351453672,1.11708845835057,1,1,13.1719211837166,68.6131191488263,16.407131703311,1.92910924029627,PASS
combined_C_0p8_ESR_2x,109,8e-05,0.1,8.0035860741659e-05,0.101666133062231,0.0448259270737678,1.66613306223085,1,1,13.1384900595702,70.6868248595402,13.3925846229335,1.90750657851185,PASS
combined_C_0p8_ESR_2x,110,8e-05,0.1,8.01884489413711e-05,0.0992484453923272,0.235561176713812,0.751554607672816,1,1,13.6905691813595,69.3416754894917,14.0829414089964,1.47571068418016,PASS
combined_C_0p8_ESR_2x,111,8e-05,0.1,7.98034926169065e-05,0.100185136117207,0.245634228866913,0.18513611720658,1,1,13.690056367493,72.6743652151698,8.63363730679781,1.86583863985536,PASS
combined_C_0p8_ESR_2x,112,8e-05,0.1,8.02729714134451e-05,0.101393893020588,0.341214266806374,1.39389302058815,1,1,13.6823072687123,69.0527495662817,5.5979193752856,1.95263563948984,PASS
combined_C_0p8_ESR_2x,113,8e-05,0.1,7.93865805597869e-05,0.0993745027289387,0.766774300266376,0.625497271061301,1,1,13.7017186709703,70.9858063536585,4.44256513057805,1.27367991901987,PASS
combined_C_0p8_ESR_2x,114,8e-05,0.1,7.9811842686166e-05,0.100353491814747,0.235196642292504,0.353491814746684,1,1,13.3643625725897,69.6353457896124,13.0885954143935,2.79082234721652,PASS
combined_C_0p8_ESR_2x,115,8e-05,0.1,8.07151735597972e-05,0.0991530312148951,0.893966949746499,0.846968785104874,1,1,12.5,72.7233285304853,10.34774362965,1.64856274849552,PASS
combined_C_0p8_ESR_2x,116,8e-05,0.1,7.96712728740887e-05,0.100997874508999,0.410908907389169,0.997874508999214,1,1,13.917578271984,74.474956882017,11.7054355564834,1.90474108321046,PASS
combined_C_0p8_ESR_2x,117,8e-05,0.1,8.03513820388526e-05,0.101297941732694,0.439227548565755,1.29794173269401,1,1,13.0440296179924,70.7854088963055,5.25907810845433,2.45717646185967,PASS
combined_C_0p8_ESR_2x,118,8e-05,0.1,8.0465858184713e-05,0.100616829191591,0.582322730891208,0.61682919159059,1,1,14.0271984567094,70.2625663138049,10.5629416143028,1.61344468317026,PASS
combined_C_0p8_ESR_2x,119,8e-05,0.1,8.00055634841038e-05,0.100212513673409,0.00695435512975339,0.212513673408729,1,1,12.9702466055823,72.6076349601201,7.26889686502951,2.93425276505159,PASS
combined_C_0p8_ESR_2x,120,8e-05,0.1,7.98355203184511e-05,0.0994073355576348,0.205599601936155,0.592664442365207,1,1,13.5618852679796,69.5620816095681,12.3937612422415,1.90134536736155,PASS
combined_C_0p8_ESR_2x,121,8e-05,0.1,7.99707130191592e-05,0.0993040926112995,0.0366087260510425,0.695907388700456,1,1,13.6850440217932,70.6047080355256,12.4215220345208,2.29831015789648,PASS
combined_C_0p8_ESR_2x,122,8e-05,0.1,8.00747865272287e-05,0.0996309536628156,0.0934831590359028,0.369046337184362,1,1,13.4858838047399,70.4417468207841,13.13517698107,1.87017787200506,PASS
combined_C_0p8_ESR_2x,123,8e-05,0.1,7.98526982459232e-05,0.100370483985813,0.184127192595967,0.370483985813436,1,1,13.1485302183717,70.2938218424154,5.89790894936046,2.39646061312379,PASS
combined_C_0p8_ESR_2x,124,8e-05,0.1,7.99013460170095e-05,0.100478114650088,0.123317478738118,0.478114650088124,1,1,13.0824744475791,71.3027089422253,12.4927545033128,2.25504335775133,PASS
combined_C_0p8_ESR_2x,125,8e-05,0.1,8.02947499085077e-05,0.100518283089272,0.368437385634652,0.518283089271793,1,1,13.2564195177261,73.7071666757576,6.67789276813424,1.69512377232141,PASS
combined_C_0p8_ESR_2x,126,8e-05,0.1,7.98079011158978e-05,0.0997662082870913,0.240123605127802,0.233791712908715,1,1,13.5552065675133,72.1712004561411,6.92805754121787,2.9661167531733,PASS
combined_C_0p8_ESR_2x,127,8e-05,0.1,7.99827995100586e-05,0.100709780522793,0.0215006124267553,0.709780522792552,1,1,13.3401129593375,71.0776842001098,5.80473949032026,1.7481890345544,PASS
combined_C_0p8_ESR_2x,128,8e-05,0.1,8.00445967831602e-05,0.099383405472598,0.055745978950204,0.616594527401967,1,1,13.7224372438116,72.8050410310933,7.32579735357313,1.94809806487206,PASS
combined_C_0p8_ESR_2x,129,8e-05,0.1,8.02391709498576e-05,0.100737084951713,0.298963687322023,0.737084951712694,1,1,13.0625166144925,73.4429922174028,8.35084003728313,1.94757757786516,PASS
combined_C_0p8_ESR_2x,130,8e-05,0.1,8.01841000264069e-05,0.099648039590195,0.230125033008608,0.351960409805022,1,1,13.7192996743255,70.9880668651149,11.0613985204474,1.91503137206933,PASS
combined_C_0p8_ESR_2x,131,8e-05,0.1,7.97498730308441e-05,0.0999862261100376,0.312658711444907,0.013773889962404,1,1,13.6963382954893,71.4522523210266,8.80644235012628,1.40601152516979,PASS
combined_C_0p8_ESR_2x,132,8e-05,0.1,8.02165942077569e-05,0.100323247747238,0.270742759696114,0.323247747237521,1,1,13.3652899445731,69.5155237902159,9.88230872442624,2.12958370233232,PASS
combined_C_0p8_ESR_2x,133,8e-05,0.1,8.01134615144875e-05,0.0988652696914933,0.141826893109382,1.13473030850667,1,1,13.257690764921,69.9677783057675,7.84189122435737,2.2393079624231,PASS
combined_C_0p8_ESR_2x,134,8e-05,0.1,8.04132989335561e-05,0.100292985460976,0.516623666945127,0.292985460975531,1,1,14.0895891031934,71.4919672070581,12.6869877223661,2.42052537185943,PASS
combined_C_0p8_ESR_2x,135,8e-05,0.1,8.01484039975045e-05,0.10125094291468,0.185504996880578,1.25094291467995,1,1,13.5323416708562,68.8352177038661,14.2478399601634,2.5184898974054,PASS
combined_C_0p8_ESR_2x,136,8e-05,0.1,8.01603432387981e-05,0.100337683022537,0.200429048497676,0.337683022537102,1,1,13.5178212113003,69.408761481116,10.5598601917249,2.27694119359515,PASS
combined_C_0p8_ESR_2x,137,8e-05,0.1,7.98060726543132e-05,0.0991894931083026,0.242409182108469,0.810506891697357,1,1,13.4161764790304,71.8100185148182,12.0724953664208,1.82987166737255,PASS
combined_C_0p8_ESR_2x,138,8e-05,0.1,7.96971612962948e-05,0.100257539311622,0.378548379631464,0.257539311621854,1,1,13.9905785032517,71.1136058816238,5.85593627478934,2.01416039363355,PASS
combined_C_0p8_ESR_2x,139,8e-05,0.1,8.04496227313997e-05,0.101008184272561,0.562028414249556,1.00818427256141,1,1,13.3221958124412,72.6962419373442,6.9694851703964,2.75642103753398,PASS
combined_C_0p8_ESR_2x,140,8e-05,0.1,7.99455322110424e-05,0.100519214661537,0.0680847361970562,0.519214661536843,1,1,13.4507129356927,73.1636873378683,11.3978832536569,2.73265950215319,PASS
combined_C_0p8_ESR_2x,141,8e-05,0.1,8.02403468095068e-05,0.10092836323693,0.300433511883547,0.928363236929644,1,1,14.3388533018722,68.7885127573136,16.703649441228,1.59599187259245,PASS
combined_C_0p8_ESR_2x,142,8e-05,0.1,7.99012159615257e-05,0.0994432245093853,0.123480048092832,0.556775490614669,1,1,12.7802460240268,71.6802626392697,9.93780127883653,2.37615623761282,PASS
combined_C_0p8_ESR_2x,143,8e-05,0.1,8.00413712543916e-05,0.0998177505836474,0.0517140679895388,0.182249416352614,1,1,13.9074091923753,72.591590734388,18.6626606926073,1.38852130155429,PASS
combined_C_0p8_ESR_2x,144,8e-05,0.1,8.00379899528253e-05,0.100738796311832,0.0474874410315838,0.738796311831727,1,1,13.7964447604144,70.4214341629797,6.31103448090158,1.99541282563523,PASS
combined_C_0p8_ESR_2x,145,8e-05,0.1,7.90155515638225e-05,0.100302385716553,1.23056054522193,0.302385716553305,0,1,13.0103026373051,70.286953324159,10.2043956271555,2.17348005584673,PASS
combined_C_0p8_ESR_2x,146,8e-05,0.1,8.01786921620274e-05,0.0990857425987219,0.223365202534197,0.91425740127811,1,1,13.1730059743807,71.002367278916,11.1056162589814,1.96016146256934,PASS
combined_C_0p8_ESR_2x,147,8e-05,0.1,7.99913482859739e-05,0.1000487491781,0.0108146425326325,0.0487491781001187,1,1,13.8051632617747,71.1531746348501,12.6813340574945,1.86702652671534,PASS
combined_C_0p8_ESR_2x,148,8e-05,0.1,8.06325547543507e-05,0.0983320920586902,0.79069344293837,1.6679079413098,1,1,13.5896770804106,72.5117822225702,11.2727672920169,2.27810929753176,PASS
combined_C_0p8_ESR_2x,149,8e-05,0.1,7.96647277279736e-05,0.0994394568047369,0.419090340032974,0.560543195263094,1,1,12.6979120834073,70.465669377213,14.809262606066,2.29642195164151,PASS
combined_C_0p8_ESR_2x,150,8e-05,0.1,8.0146254652716e-05,0.0997700550623148,0.182818315894978,0.229944937685231,1,1,13.959663392864,68.8795448089647,6.45131075647566,2.09619501845545,PASS
combined_C_0p8_ESR_2x,151,8e-05,0.1,7.98245951659248e-05,0.100131580846527,0.219256042593969,0.131580846527354,1,1,13.2156477756117,69.2888812509235,10.3301058632949,1.77689777700314,PASS
combined_C_0p8_ESR_2x,152,8e-05,0.1,8.01407193016606e-05,0.101418472612068,0.175899127075752,1.41847261206779,1,1,13.7558353424701,70.6910704789207,10.2431122023501,2.17065979919936,PASS
combined_C_0p8_ESR_2x,153,8e-05,0.1,7.99776751797484e-05,0.0988191029994606,0.0279060253145621,1.18089700053939,1,1,12.8377155598224,65.2240864274087,11.0120137845174,2.54640004602417,PASS
combined_C_0p8_ESR_2x,154,8e-05,0.1,7.96472398868203e-05,0.100179113192895,0.440950141474642,0.179113192894625,1,1,13.4057549513651,72.0047181954915,18.1664590326361,1.80914297075616,PASS
combined_C_0p8_ESR_2x,155,8e-05,0.1,8.07359807394351e-05,0.100232025246999,0.919975924293854,0.232025246999015,0,1,13.2929555198834,68.8628990802301,13.572465236975,2.14613661324346,PASS
combined_C_0p8_ESR_2x,156,8e-05,0.1,7.95241013664856e-05,0.100755780847691,0.59487329189295,0.755780847690624,1,1,13.9293124408375,68.8356754667378,6.43101077371776,1.42615337280816,PASS
combined_C_0p8_ESR_2x,157,8e-05,0.1,8.01440903075674e-05,0.099390392170021,0.180112884459221,0.609607829978973,1,1,13.4457109911912,67.491669116262,10.8056723692057,2.36998473707551,PASS
combined_C_0p8_ESR_2x,158,8e-05,0.1,8.01502026761662e-05,0.0995237820244305,0.187753345207739,0.476217975569487,1,1,13.5444182315165,68.516104983046,7.80102330407289,1.96702367213424,PASS
combined_C_0p8_ESR_2x,159,8e-05,0.1,8.03113253951311e-05,0.0994078683745752,0.389156743913848,0.592131625424791,1,1,13.2532465323872,70.9138399015577,7.8519171495313,1.5419334349952,PASS
combined_C_0p8_ESR_2x,160,8e-05,0.1,8.05073145902393e-05,0.0994973921165265,0.634143237799095,0.502607883473519,1,1,13.514369481935,70.0665574883027,4.242727590922,2.00437406686253,PASS
combined_C_0p8_ESR_2x,161,8e-05,0.1,7.96789396907846e-05,0.100410999210821,0.401325386519298,0.410999210821217,1,1,13.5296690946152,73.773285175477,8.43044926122455,2.32416849428762,PASS
combined_C_0p8_ESR_2x,162,8e-05,0.1,7.97829973935082e-05,0.100354786304995,0.271253258114758,0.3547863049949,1,1,13.097559916115,69.6522700517637,11.002346201233,2.45590491637868,PASS
combined_C_0p8_ESR_2x,163,8e-05,0.1,8.02350168782208e-05,0.0992914240677875,0.293771097775948,0.708575932212505,1,1,13.468380168414,72.1905135060823,5.07328618686077,1.99873226382173,PASS
combined_C_0p8_ESR_2x,164,8e-05,0.1,7.99403544551797e-05,0.0999893546908854,0.0745569310254396,0.0106453091146264,1,1,13.7031208036476,67.8074615395684,4.25765495962908,1.80109387247117,PASS
combined_C_0p8_ESR_2x,165,8e-05,0.1,7.96640411271031e-05,0.0989115845590389,0.419948591121106,1.08841544096108,1,1,13.434817490918,69.99461029122,5.77056284792444,2.09037539366038,PASS
combined_C_0p8_ESR_2x,166,8e-05,0.1,7.97980781719453e-05,0.0999847081008489,0.252402285068433,0.0152918991511292,1,1,14.3839783269511,72.8493558182245,20.0079801810169,1.37507524355004,PASS
combined_C_0p8_ESR_2x,167,8e-05,0.1,7.92939598200699e-05,0.0997402960526275,0.882550224912581,0.2597039473725,1,1,13.5916585122848,69.6509873807027,8.77500560683639,2.32476958582142,PASS
combined_C_0p8_ESR_2x,168,8e-05,0.1,7.9805475202584e-05,0.0993987529716538,0.243155996770058,0.601247028346172,1,1,13.2754295680722,71.3810483684802,13.7837479464888,2.01217670052301,PASS
combined_C_0p8_ESR_2x,169,8e-05,0.1,7.95347004018654e-05,0.0990466340095437,0.581624497668293,0.953365990456298,1,1,13.4600460483127,71.8777118913155,14.7304380060671,2.03738541850867,PASS
combined_C_0p8_ESR_2x,170,8e-05,0.1,7.95413357069543e-05,0.100163855155905,0.573330366307145,0.163855155905404,1,1,13.8273202604251,70.8097027061574,9.90528292670397,1.90049319960404,PASS
combined_C_0p8_ESR_2x,171,8e-05,0.1,8.00626952849173e-05,0.0994198169256469,0.078369106146609,0.580183074353105,1,1,13.7717111910415,75.3736931136265,8.87092270465761,1.90074947664026,PASS
combined_C_0p8_ESR_2x,172,8e-05,0.1,7.99974236668803e-05,0.0991472155638108,0.00322041639959264,0.852784436189219,1,1,13.2603846259484,70.0102634812904,12.0601428160536,1.06948306440233,PASS
combined_C_0p8_ESR_2x,173,8e-05,0.1,8.02159467270318e-05,0.0996992989447126,0.269933408789778,0.300701055287428,1,1,13.2426280625397,70.0716255159333,10.6921952160672,1.86038530367495,PASS
combined_C_0p8_ESR_2x,174,8e-05,0.1,7.96250953947233e-05,0.101028676437648,0.468630756595883,1.02867643764792,1,1,13.1289121974002,73.1820374291425,29.5251119160273,1.46665784388764,PASS
combined_C_0p8_ESR_2x,175,8e-05,0.1,8.0039731168432e-05,0.101111565968276,0.0496639605399965,1.11156596827586,1,1,14.2640940464365,65.1083041749719,8.94190579983026,1.82279390402958,PASS
combined_C_0p8_ESR_2x,176,8e-05,0.1,7.99117529566746e-05,0.0994661497492789,0.110308804156753,0.533850250721155,1,1,13.8449655228062,71.5721222133366,15.6190681567522,1.63743901539066,PASS
combined_C_0p8_ESR_2x,177,8e-05,0.1,7.91438594893207e-05,0.0993339357233104,1.07017563834912,0.666064276689651,0,1,13.432006597044,67.4170390166799,17.026827642037,2.49938846384236,PASS
combined_C_0p8_ESR_2x,178,8e-05,0.1,8.03213013005521e-05,0.0986805064083331,0.4016266256901,1.31949359166693,1,1,13.2318826870773,66.8519701461521,12.6661825039654,1.96487266008199,PASS
combined_C_0p8_ESR_2x,179,8e-05,0.1,7.93550294254612e-05,0.100058951918589,0.80621321817349,0.0589519185893728,1,1,13.5723945507785,69.8508549427421,7.80742849925238,1.85667930812486,PASS
combined_C_0p8_ESR_2x,180,8e-05,0.1,7.99703910995025e-05,0.100206223643074,0.0370111256219384,0.206223643073697,1,1,13.4609231196642,70.0614299468109,9.73608749512438,1.54804144691217,PASS
combined_C_0p8_ESR_2x,181,8e-05,0.1,8.01347848961086e-05,0.0989880883562586,0.168481120135742,1.01191164374143,1,1,13.347847922591,70.2652133432522,18.3121309738454,1.69736997605483,PASS
combined_C_0p8_ESR_2x,182,8e-05,0.1,7.97422704315672e-05,0.0991391669841696,0.322161960541002,0.86083301583037,1,1,13.7089120072138,71.8475978463218,5.73196923921619,2.35179196808634,PASS
combined_C_0p8_ESR_2x,183,8e-05,0.1,8.01262251570417e-05,0.100684431190303,0.157781446302139,0.684431190303231,1,1,13.0211496426293,72.6955508669808,23.4379203514699,1.36792076626432,PASS
combined_C_0p8_ESR_2x,184,8e-05,0.1,7.98905296337612e-05,0.0995564837683505,0.136837957798558,0.44351623164951,1,1,13.024108867899,70.4439658511649,13.948979080201,3.38739756972251,PASS
combined_C_0p8_ESR_2x,185,8e-05,0.1,8.00205501170281e-05,0.101198730161031,0.0256876462850646,1.19873016103111,1,1,12.7338197481041,69.8328447285004,5.43191344356534,1.69410019157875,PASS
combined_C_0p8_ESR_2x,186,8e-05,0.1,8.03686652184635e-05,0.0998356646592745,0.460831523079381,0.164335340725505,1,1,13.5560434751834,65.6258737696526,5.28069398255007,2.28026670086627,PASS
combined_C_0p8_ESR_2x,187,8e-05,0.1,7.97000761164894e-05,0.0994747416838977,0.374904854388293,0.525258316102312,1,1,13.1767235739836,68.3451710322192,2.94268808200957,1.96416756527087,PASS
combined_C_0p8_ESR_2x,188,8e-05,0.1,7.96715864978831e-05,0.100516639892794,0.410516877646184,0.516639892793672,1,1,13.105196462439,70.707725889587,9.93145321767367,2.62038669662852,PASS
combined_C_0p8_ESR_2x,189,8e-05,0.1,7.99492650931391e-05,0.0998939178727147,0.0634186335761241,0.106082127285287,1,1,13.8190387890878,71.3526099895553,12.540835024903,2.08697870810674,PASS
combined_C_0p8_ESR_2x,190,8e-05,0.1,7.98657483493649e-05,0.0999187323127232,0.167814563293942,0.081267687276787,1,1,13.6398560726274,67.9503654224069,9.30033412089997,1.94463070498188,PASS
combined_C_0p8_ESR_2x,191,8e-05,0.1,8.04427570381694e-05,0.098247325813132,0.553446297711779,1.752674186868,1,1,13.8798980587101,69.7508925996874,9.15611287991519,2.80214790421031,PASS
combined_C_0p8_ESR_2x,192,8e-05,0.1,8.04177319724912e-05,0.100034749201939,0.522164965614048,0.0347492019389523,1,1,13.0342558306792,67.6581130615353,7.34693349598176,2.36145396198732,PASS
combined_C_0p8_ESR_2x,193,8e-05,0.1,7.98293078660947e-05,0.100050287591023,0.213365167381579,0.0502875910234624,1,1,13.0561265761335,70.7595261563463,21.0461571941832,2.01499251260807,PASS
combined_C_0p8_ESR_2x,194,8e-05,0.1,7.98992929045236e-05,0.0989341309122658,0.125883869345565,1.06586908773416,1,1,13.1344147282687,71.6377245701184,8.80140880880402,1.2626360185225,PASS
combined_C_0p8_ESR_2x,195,8e-05,0.1,8.02411903169559e-05,0.0986175456935221,0.301487896194849,1.3824543064779,1,1,13.3488914363399,71.1485168367005,4.21215921404552,1.89160011098681,PASS
combined_C_0p8_ESR_2x,196,8e-05,0.1,7.98550645861918e-05,0.1010421174867,0.181169267260229,1.04211748669979,1,1,13.6475409925679,71.4819106052858,13.4580881254062,2.88610465039566,PASS
combined_C_0p8_ESR_2x,197,8e-05,0.1,8.05936789607428e-05,0.0997151004390129,0.742098700928429,0.284899560987137,1,1,13.5953587433148,71.4329330837046,6.13667357814391,1.56340723662641,PASS
combined_C_0p8_ESR_2x,198,8e-05,0.1,8.00586176665466e-05,0.0992608717015266,0.0732720831832381,0.73912829847339,1,1,13.0074092439961,67.8814974969806,14.8173200602154,1.96328576579658,PASS
combined_C_0p8_ESR_2x,199,8e-05,0.1,7.96948496798457e-05,0.0988567348539452,0.381437900192864,1.14326514605483,1,1,13.5644851237022,70.0846076755729,12.2441044605249,1.93460930183722,PASS
combined_C_0p8_ESR_2x,200,8e-05,0.1,8.02015063407669e-05,0.099307624698351,0.251882925958645,0.692375301649034,1,1,14.2588839074918,71.04751126617,9.181734540806,2.41490750236965,PASS
