voltage_architecture,architecture_name,ADC_mode,nominal_bits,ENOB,fs_adc_Hz,operating_case,C_F,ESR_Ohm,LSB_edge_plant_V,LSB_C_plant_V,ESR_edge_codes,C_charge_window_codes,RMS_noise_codes,ESR_code_risk,C_code_risk,edge_plant_span_V,C_plant_span_V,vT_baseline_V,separate_edge_channel
V1,wide_range_vT,native_12bit_highspeed,12,10.5,4000000,low_CCM_margin,8e-05,0.05,0.0244200244200244,0.0244200244200244,1.3080847735175,1.38224535011294,0.816496580927726,HIGH_RISK_LT4,HIGH_RISK_LT4,100,100,39.8411703854547,0
V1,wide_range_vT,native_12bit_highspeed,12,10.5,4000000,low_CCM_margin,8e-05,0.075,0.0244200244200244,0.0244200244200244,1.96212716027625,1.38224535011294,0.816496580927726,HIGH_RISK_LT4,HIGH_RISK_LT4,100,100,39.8411703854547,0
V1,wide_range_vT,native_12bit_highspeed,12,10.5,4000000,low_CCM_margin,8e-05,0.1,0.0244200244200244,0.0244200244200244,2.616169547035,1.38224535011294,0.816496580927726,HIGH_RISK_LT4,HIGH_RISK_LT4,100,100,39.8411703854547,0
V1,wide_range_vT,native_12bit_highspeed,12,10.5,4000000,low_CCM_margin,9e-05,0.05,0.0244200244200244,0.0244200244200244,1.3080847735175,1.22866253343372,0.816496580927726,HIGH_RISK_LT4,HIGH_RISK_LT4,100,100,39.8411703854547,0
V1,wide_range_vT,native_12bit_highspeed,12,10.5,4000000,low_CCM_margin,9e-05,0.075,0.0244200244200244,0.0244200244200244,1.96212716027625,1.22866253343372,0.816496580927726,HIGH_RISK_LT4,HIGH_RISK_LT4,100,100,39.8411703854547,0
V1,wide_range_vT,native_12bit_highspeed,12,10.5,4000000,low_CCM_margin,9e-05,0.1,0.0244200244200244,0.0244200244200244,2.616169547035,1.22866253343372,0.816496580927726,HIGH_RISK_LT4,HIGH_RISK_LT4,100,100,39.8411703854547,0
V1,wide_range_vT,native_12bit_highspeed,12,10.5,4000000,low_CCM_margin,0.0001,0.05,0.0244200244200244,0.0244200244200244,1.3080847735175,1.10579628009035,0.816496580927726,HIGH_RISK_LT4,HIGH_RISK_LT4,100,100,39.8411703854547,0
V1,wide_range_vT,native_12bit_highspeed,12,10.5,4000000,low_CCM_margin,0.0001,0.075,0.0244200244200244,0.0244200244200244,1.96212716027625,1.10579628009035,0.816496580927726,HIGH_RISK_LT4,HIGH_RISK_LT4,100,100,39.8411703854547,0
V1,wide_range_vT,native_12bit_highspeed,12,10.5,4000000,low_CCM_margin,0.0001,0.1,0.0244200244200244,0.0244200244200244,2.616169547035,1.10579628009035,0.816496580927726,HIGH_RISK_LT4,HIGH_RISK_LT4,100,100,39.8411703854547,0
V1,wide_range_vT,native_12bit_highspeed,12,10.5,4000000,nominal,8e-05,0.05,0.0244200244200244,0.0244200244200244,5.01330074076378,5.34797196867703,0.816496580927726,QUANTIZATION_SENSITIVE_4_TO_16,QUANTIZATION_SENSITIVE_4_TO_16,100,100,39.8317385273166,0
V1,wide_range_vT,native_12bit_highspeed,12,10.5,4000000,nominal,8e-05,0.075,0.0244200244200244,0.0244200244200244,7.51995111114568,5.34797196867703,0.816496580927726,QUANTIZATION_SENSITIVE_4_TO_16,QUANTIZATION_SENSITIVE_4_TO_16,100,100,39.8317385273166,0
V1,wide_range_vT,native_12bit_highspeed,12,10.5,4000000,nominal,8e-05,0.1,0.0244200244200244,0.0244200244200244,10.0266014815276,5.34797196867703,0.816496580927726,QUANTIZATION_SENSITIVE_4_TO_16,QUANTIZATION_SENSITIVE_4_TO_16,100,100,39.8317385273166,0
V1,wide_range_vT,native_12bit_highspeed,12,10.5,4000000,nominal,9e-05,0.05,0.0244200244200244,0.0244200244200244,5.01330074076378,4.75375286104625,0.816496580927726,QUANTIZATION_SENSITIVE_4_TO_16,QUANTIZATION_SENSITIVE_4_TO_16,100,100,39.8317385273166,0
V1,wide_range_vT,native_12bit_highspeed,12,10.5,4000000,nominal,9e-05,0.075,0.0244200244200244,0.0244200244200244,7.51995111114568,4.75375286104625,0.816496580927726,QUANTIZATION_SENSITIVE_4_TO_16,QUANTIZATION_SENSITIVE_4_TO_16,100,100,39.8317385273166,0
V1,wide_range_vT,native_12bit_highspeed,12,10.5,4000000,nominal,9e-05,0.1,0.0244200244200244,0.0244200244200244,10.0266014815276,4.75375286104625,0.816496580927726,QUANTIZATION_SENSITIVE_4_TO_16,QUANTIZATION_SENSITIVE_4_TO_16,100,100,39.8317385273166,0
V1,wide_range_vT,native_12bit_highspeed,12,10.5,4000000,nominal,0.0001,0.05,0.0244200244200244,0.0244200244200244,5.01330074076378,4.27837757494163,0.816496580927726,QUANTIZATION_SENSITIVE_4_TO_16,QUANTIZATION_SENSITIVE_4_TO_16,100,100,39.8317385273166,0
V1,wide_range_vT,native_12bit_highspeed,12,10.5,4000000,nominal,0.0001,0.075,0.0244200244200244,0.0244200244200244,7.51995111114568,4.27837757494163,0.816496580927726,QUANTIZATION_SENSITIVE_4_TO_16,QUANTIZATION_SENSITIVE_4_TO_16,100,100,39.8317385273166,0
V1,wide_range_vT,native_12bit_highspeed,12,10.5,4000000,nominal,0.0001,0.1,0.0244200244200244,0.0244200244200244,10.0266014815276,4.27837757494163,0.816496580927726,QUANTIZATION_SENSITIVE_4_TO_16,QUANTIZATION_SENSITIVE_4_TO_16,100,100,39.8317385273166,0
V1,wide_range_vT,native_12bit_highspeed,12,10.5,4000000,high_load,8e-05,0.05,0.0244200244200244,0.0244200244200244,10.4979820637399,11.2664707152007,0.816496580927726,QUANTIZATION_SENSITIVE_4_TO_16,QUANTIZATION_SENSITIVE_4_TO_16,100,100,39.8106183400511,0
V1,wide_range_vT,native_12bit_highspeed,12,10.5,4000000,high_load,8e-05,0.075,0.0244200244200244,0.0244200244200244,15.7469730956098,11.2664707152007,0.816496580927726,QUANTIZATION_SENSITIVE_4_TO_16,QUANTIZATION_SENSITIVE_4_TO_16,100,100,39.8106183400511,0
V1,wide_range_vT,native_12bit_highspeed,12,10.5,4000000,high_load,8e-05,0.1,0.0244200244200244,0.0244200244200244,20.9959641274797,11.2664707152007,0.816496580927726,CANDIDATE_GE16,QUANTIZATION_SENSITIVE_4_TO_16,100,100,39.8106183400511,0
V1,wide_range_vT,native_12bit_highspeed,12,10.5,4000000,high_load,9e-05,0.05,0.0244200244200244,0.0244200244200244,10.4979820637399,10.014640635734,0.816496580927726,QUANTIZATION_SENSITIVE_4_TO_16,QUANTIZATION_SENSITIVE_4_TO_16,100,100,39.8106183400511,0
V1,wide_range_vT,native_12bit_highspeed,12,10.5,4000000,high_load,9e-05,0.075,0.0244200244200244,0.0244200244200244,15.7469730956098,10.014640635734,0.816496580927726,QUANTIZATION_SENSITIVE_4_TO_16,QUANTIZATION_SENSITIVE_4_TO_16,100,100,39.8106183400511,0
V1,wide_range_vT,native_12bit_highspeed,12,10.5,4000000,high_load,9e-05,0.1,0.0244200244200244,0.0244200244200244,20.9959641274797,10.014640635734,0.816496580927726,CANDIDATE_GE16,QUANTIZATION_SENSITIVE_4_TO_16,100,100,39.8106183400511,0
V1,wide_range_vT,native_12bit_highspeed,12,10.5,4000000,high_load,0.0001,0.05,0.0244200244200244,0.0244200244200244,10.4979820637399,9.01317657216058,0.816496580927726,QUANTIZATION_SENSITIVE_4_TO_16,QUANTIZATION_SENSITIVE_4_TO_16,100,100,39.8106183400511,0
V1,wide_range_vT,native_12bit_highspeed,12,10.5,4000000,high_load,0.0001,0.075,0.0244200244200244,0.0244200244200244,15.7469730956098,9.01317657216058,0.816496580927726,QUANTIZATION_SENSITIVE_4_TO_16,QUANTIZATION_SENSITIVE_4_TO_16,100,100,39.8106183400511,0
V1,wide_range_vT,native_12bit_highspeed,12,10.5,4000000,high_load,0.0001,0.1,0.0244200244200244,0.0244200244200244,20.9959641274797,9.01317657216058,0.816496580927726,CANDIDATE_GE16,QUANTIZATION_SENSITIVE_4_TO_16,100,100,39.8106183400511,0
V1,wide_range_vT,native_12bit_highspeed,12,10.5,4000000,high_D,8e-05,0.05,0.0244200244200244,0.0244200244200244,32.8740343627139,33.0857273358288,0.816496580927726,CANDIDATE_GE16,CANDIDATE_GE16,100,100,68.3499448770754,0
V1,wide_range_vT,native_12bit_highspeed,12,10.5,4000000,high_D,8e-05,0.075,0.0244200244200244,0.0244200244200244,49.3110515440709,33.0857273358288,0.816496580927726,CANDIDATE_GE16,CANDIDATE_GE16,100,100,68.3499448770754,0
V1,wide_range_vT,native_12bit_highspeed,12,10.5,4000000,high_D,8e-05,0.1,0.0244200244200244,0.0244200244200244,65.7480687254278,33.0857273358288,0.816496580927726,CANDIDATE_GE16,CANDIDATE_GE16,100,100,68.3499448770754,0
V1,wide_range_vT,native_12bit_highspeed,12,10.5,4000000,high_D,9e-05,0.05,0.0244200244200244,0.0244200244200244,32.8740343627139,29.4095354096256,0.816496580927726,CANDIDATE_GE16,CANDIDATE_GE16,100,100,68.3499448770754,0
V1,wide_range_vT,native_12bit_highspeed,12,10.5,4000000,high_D,9e-05,0.075,0.0244200244200244,0.0244200244200244,49.3110515440709,29.4095354096256,0.816496580927726,CANDIDATE_GE16,CANDIDATE_GE16,100,100,68.3499448770754,0
V1,wide_range_vT,native_12bit_highspeed,12,10.5,4000000,high_D,9e-05,0.1,0.0244200244200244,0.0244200244200244,65.7480687254278,29.4095354096256,0.816496580927726,CANDIDATE_GE16,CANDIDATE_GE16,100,100,68.3499448770754,0
V1,wide_range_vT,native_12bit_highspeed,12,10.5,4000000,high_D,0.0001,0.05,0.0244200244200244,0.0244200244200244,32.8740343627139,26.4685818686631,0.816496580927726,CANDIDATE_GE16,CANDIDATE_GE16,100,100,68.3499448770754,0
V1,wide_range_vT,native_12bit_highspeed,12,10.5,4000000,high_D,0.0001,0.075,0.0244200244200244,0.0244200244200244,49.3110515440709,26.4685818686631,0.816496580927726,CANDIDATE_GE16,CANDIDATE_GE16,100,100,68.3499448770754,0
V1,wide_range_vT,native_12bit_highspeed,12,10.5,4000000,high_D,0.0001,0.1,0.0244200244200244,0.0244200244200244,65.7480687254278,26.4685818686631,0.816496580927726,CANDIDATE_GE16,CANDIDATE_GE16,100,100,68.3499448770754,0
V1,wide_range_vT,native_16bit_slow,16,13.5,1100000,low_CCM_margin,8e-05,0.05,0.00152590218966964,0.00152590218966964,20.9341478955969,22.1209887715876,1.63299316185545,CANDIDATE_GE16,CANDIDATE_GE16,100,100,39.8411703854547,0
V1,wide_range_vT,native_16bit_slow,16,13.5,1100000,low_CCM_margin,8e-05,0.075,0.00152590218966964,0.00152590218966964,31.4012218433953,22.1209887715876,1.63299316185545,CANDIDATE_GE16,CANDIDATE_GE16,100,100,39.8411703854547,0
V1,wide_range_vT,native_16bit_slow,16,13.5,1100000,low_CCM_margin,8e-05,0.1,0.00152590218966964,0.00152590218966964,41.8682957911938,22.1209887715876,1.63299316185545,CANDIDATE_GE16,CANDIDATE_GE16,100,100,39.8411703854547,0
V1,wide_range_vT,native_16bit_slow,16,13.5,1100000,low_CCM_margin,9e-05,0.05,0.00152590218966964,0.00152590218966964,20.9341478955969,19.6631011303001,1.63299316185545,CANDIDATE_GE16,CANDIDATE_GE16,100,100,39.8411703854547,0
V1,wide_range_vT,native_16bit_slow,16,13.5,1100000,low_CCM_margin,9e-05,0.075,0.00152590218966964,0.00152590218966964,31.4012218433953,19.6631011303001,1.63299316185545,CANDIDATE_GE16,CANDIDATE_GE16,100,100,39.8411703854547,0
V1,wide_range_vT,native_16bit_slow,16,13.5,1100000,low_CCM_margin,9e-05,0.1,0.00152590218966964,0.00152590218966964,41.8682957911938,19.6631011303001,1.63299316185545,CANDIDATE_GE16,CANDIDATE_GE16,100,100,39.8411703854547,0
V1,wide_range_vT,native_16bit_slow,16,13.5,1100000,low_CCM_margin,0.0001,0.05,0.00152590218966964,0.00152590218966964,20.9341478955969,17.6967910172701,1.63299316185545,CANDIDATE_GE16,CANDIDATE_GE16,100,100,39.8411703854547,0
V1,wide_range_vT,native_16bit_slow,16,13.5,1100000,low_CCM_margin,0.0001,0.075,0.00152590218966964,0.00152590218966964,31.4012218433953,17.6967910172701,1.63299316185545,CANDIDATE_GE16,CANDIDATE_GE16,100,100,39.8411703854547,0
V1,wide_range_vT,native_16bit_slow,16,13.5,1100000,low_CCM_margin,0.0001,0.1,0.00152590218966964,0.00152590218966964,41.8682957911938,17.6967910172701,1.63299316185545,CANDIDATE_GE16,CANDIDATE_GE16,100,100,39.8411703854547,0
V1,wide_range_vT,native_16bit_slow,16,13.5,1100000,nominal,8e-05,0.05,0.00152590218966964,0.00152590218966964,80.2311755911977,85.5871411397434,1.63299316185545,CANDIDATE_GE16,CANDIDATE_GE16,100,100,39.8317385273166,0
V1,wide_range_vT,native_16bit_slow,16,13.5,1100000,nominal,8e-05,0.075,0.00152590218966964,0.00152590218966964,120.346763386797,85.5871411397434,1.63299316185545,CANDIDATE_GE16,CANDIDATE_GE16,100,100,39.8317385273166,0
V1,wide_range_vT,native_16bit_slow,16,13.5,1100000,nominal,8e-05,0.1,0.00152590218966964,0.00152590218966964,160.462351182395,85.5871411397434,1.63299316185545,CANDIDATE_GE16,CANDIDATE_GE16,100,100,39.8317385273166,0
V1,wide_range_vT,native_16bit_slow,16,13.5,1100000,nominal,9e-05,0.05,0.00152590218966964,0.00152590218966964,80.2311755911977,76.077458790883,1.63299316185545,CANDIDATE_GE16,CANDIDATE_GE16,100,100,39.8317385273166,0
V1,wide_range_vT,native_16bit_slow,16,13.5,1100000,nominal,9e-05,0.075,0.00152590218966964,0.00152590218966964,120.346763386797,76.077458790883,1.63299316185545,CANDIDATE_GE16,CANDIDATE_GE16,100,100,39.8317385273166,0
V1,wide_range_vT,native_16bit_slow,16,13.5,1100000,nominal,9e-05,0.1,0.00152590218966964,0.00152590218966964,160.462351182395,76.077458790883,1.63299316185545,CANDIDATE_GE16,CANDIDATE_GE16,100,100,39.8317385273166,0
V1,wide_range_vT,native_16bit_slow,16,13.5,1100000,nominal,0.0001,0.05,0.00152590218966964,0.00152590218966964,80.2311755911977,68.4697129117947,1.63299316185545,CANDIDATE_GE16,CANDIDATE_GE16,100,100,39.8317385273166,0
V1,wide_range_vT,native_16bit_slow,16,13.5,1100000,nominal,0.0001,0.075,0.00152590218966964,0.00152590218966964,120.346763386797,68.4697129117947,1.63299316185545,CANDIDATE_GE16,CANDIDATE_GE16,100,100,39.8317385273166,0
V1,wide_range_vT,native_16bit_slow,16,13.5,1100000,nominal,0.0001,0.1,0.00152590218966964,0.00152590218966964,160.462351182395,68.4697129117947,1.63299316185545,CANDIDATE_GE16,CANDIDATE_GE16,100,100,39.8317385273166,0
V1,wide_range_vT,native_16bit_slow,16,13.5,1100000,high_load,8e-05,0.05,0.00152590218966964,0.00152590218966964,168.006167166591,180.30480056671,1.63299316185545,CANDIDATE_GE16,CANDIDATE_GE16,100,100,39.8106183400511,0
V1,wide_range_vT,native_16bit_slow,16,13.5,1100000,high_load,8e-05,0.075,0.00152590218966964,0.00152590218966964,252.009250749887,180.30480056671,1.63299316185545,CANDIDATE_GE16,CANDIDATE_GE16,100,100,39.8106183400511,0
V1,wide_range_vT,native_16bit_slow,16,13.5,1100000,high_load,8e-05,0.1,0.00152590218966964,0.00152590218966964,336.012334333183,180.30480056671,1.63299316185545,CANDIDATE_GE16,CANDIDATE_GE16,100,100,39.8106183400511,0
V1,wide_range_vT,native_16bit_slow,16,13.5,1100000,high_load,9e-05,0.05,0.00152590218966964,0.00152590218966964,168.006167166591,160.270933837076,1.63299316185545,CANDIDATE_GE16,CANDIDATE_GE16,100,100,39.8106183400511,0
V1,wide_range_vT,native_16bit_slow,16,13.5,1100000,high_load,9e-05,0.075,0.00152590218966964,0.00152590218966964,252.009250749887,160.270933837076,1.63299316185545,CANDIDATE_GE16,CANDIDATE_GE16,100,100,39.8106183400511,0
V1,wide_range_vT,native_16bit_slow,16,13.5,1100000,high_load,9e-05,0.1,0.00152590218966964,0.00152590218966964,336.012334333183,160.270933837076,1.63299316185545,CANDIDATE_GE16,CANDIDATE_GE16,100,100,39.8106183400511,0
V1,wide_range_vT,native_16bit_slow,16,13.5,1100000,high_load,0.0001,0.05,0.00152590218966964,0.00152590218966964,168.006167166591,144.243840453368,1.63299316185545,CANDIDATE_GE16,CANDIDATE_GE16,100,100,39.8106183400511,0
V1,wide_range_vT,native_16bit_slow,16,13.5,1100000,high_load,0.0001,0.075,0.00152590218966964,0.00152590218966964,252.009250749887,144.243840453368,1.63299316185545,CANDIDATE_GE16,CANDIDATE_GE16,100,100,39.8106183400511,0
V1,wide_range_vT,native_16bit_slow,16,13.5,1100000,high_load,0.0001,0.1,0.00152590218966964,0.00152590218966964,336.012334333183,144.243840453368,1.63299316185545,CANDIDATE_GE16,CANDIDATE_GE16,100,100,39.8106183400511,0
V1,wide_range_vT,native_16bit_slow,16,13.5,1100000,high_D,8e-05,0.05,0.00152590218966964,0.00152590218966964,526.104967511711,529.492830513686,1.63299316185545,CANDIDATE_GE16,CANDIDATE_GE16,100,100,68.3499448770754,0
V1,wide_range_vT,native_16bit_slow,16,13.5,1100000,high_D,8e-05,0.075,0.00152590218966964,0.00152590218966964,789.157451267566,529.492830513686,1.63299316185545,CANDIDATE_GE16,CANDIDATE_GE16,100,100,68.3499448770754,0
V1,wide_range_vT,native_16bit_slow,16,13.5,1100000,high_D,8e-05,0.1,0.00152590218966964,0.00152590218966964,1052.20993502342,529.492830513686,1.63299316185545,CANDIDATE_GE16,CANDIDATE_GE16,100,100,68.3499448770754,0
V1,wide_range_vT,native_16bit_slow,16,13.5,1100000,high_D,9e-05,0.05,0.00152590218966964,0.00152590218966964,526.104967511711,470.660293789943,1.63299316185545,CANDIDATE_GE16,CANDIDATE_GE16,100,100,68.3499448770754,0
V1,wide_range_vT,native_16bit_slow,16,13.5,1100000,high_D,9e-05,0.075,0.00152590218966964,0.00152590218966964,789.157451267566,470.660293789943,1.63299316185545,CANDIDATE_GE16,CANDIDATE_GE16,100,100,68.3499448770754,0
V1,wide_range_vT,native_16bit_slow,16,13.5,1100000,high_D,9e-05,0.1,0.00152590218966964,0.00152590218966964,1052.20993502342,470.660293789943,1.63299316185545,CANDIDATE_GE16,CANDIDATE_GE16,100,100,68.3499448770754,0
V1,wide_range_vT,native_16bit_slow,16,13.5,1100000,high_D,0.0001,0.05,0.00152590218966964,0.00152590218966964,526.104967511711,423.594264410949,1.63299316185545,CANDIDATE_GE16,CANDIDATE_GE16,100,100,68.3499448770754,0
V1,wide_range_vT,native_16bit_slow,16,13.5,1100000,high_D,0.0001,0.075,0.00152590218966964,0.00152590218966964,789.157451267566,423.594264410949,1.63299316185545,CANDIDATE_GE16,CANDIDATE_GE16,100,100,68.3499448770754,0
V1,wide_range_vT,native_16bit_slow,16,13.5,1100000,high_D,0.0001,0.1,0.00152590218966964,0.00152590218966964,1052.20993502342,423.594264410949,1.63299316185545,CANDIDATE_GE16,CANDIDATE_GE16,100,100,68.3499448770754,0
V1,wide_range_vT,external_14bit_reference,14,12,5000000,low_CCM_margin,8e-05,0.05,0.0061038881767686,0.0061038881767686,5.23329739793337,5.52999403440788,1.15470053837925,QUANTIZATION_SENSITIVE_4_TO_16,QUANTIZATION_SENSITIVE_4_TO_16,100,100,39.8411703854547,0
V1,wide_range_vT,external_14bit_reference,14,12,5000000,low_CCM_margin,8e-05,0.075,0.0061038881767686,0.0061038881767686,7.84994609690006,5.52999403440788,1.15470053837925,QUANTIZATION_SENSITIVE_4_TO_16,QUANTIZATION_SENSITIVE_4_TO_16,100,100,39.8411703854547,0
V1,wide_range_vT,external_14bit_reference,14,12,5000000,low_CCM_margin,8e-05,0.1,0.0061038881767686,0.0061038881767686,10.4665947958667,5.52999403440788,1.15470053837925,QUANTIZATION_SENSITIVE_4_TO_16,QUANTIZATION_SENSITIVE_4_TO_16,100,100,39.8411703854547,0
V1,wide_range_vT,external_14bit_reference,14,12,5000000,low_CCM_margin,9e-05,0.05,0.0061038881767686,0.0061038881767686,5.23329739793337,4.915550252807,1.15470053837925,QUANTIZATION_SENSITIVE_4_TO_16,QUANTIZATION_SENSITIVE_4_TO_16,100,100,39.8411703854547,0
V1,wide_range_vT,external_14bit_reference,14,12,5000000,low_CCM_margin,9e-05,0.075,0.0061038881767686,0.0061038881767686,7.84994609690006,4.915550252807,1.15470053837925,QUANTIZATION_SENSITIVE_4_TO_16,QUANTIZATION_SENSITIVE_4_TO_16,100,100,39.8411703854547,0
V1,wide_range_vT,external_14bit_reference,14,12,5000000,low_CCM_margin,9e-05,0.1,0.0061038881767686,0.0061038881767686,10.4665947958667,4.915550252807,1.15470053837925,QUANTIZATION_SENSITIVE_4_TO_16,QUANTIZATION_SENSITIVE_4_TO_16,100,100,39.8411703854547,0
V1,wide_range_vT,external_14bit_reference,14,12,5000000,low_CCM_margin,0.0001,0.05,0.0061038881767686,0.0061038881767686,5.23329739793337,4.4239952275263,1.15470053837925,QUANTIZATION_SENSITIVE_4_TO_16,QUANTIZATION_SENSITIVE_4_TO_16,100,100,39.8411703854547,0
V1,wide_range_vT,external_14bit_reference,14,12,5000000,low_CCM_margin,0.0001,0.075,0.0061038881767686,0.0061038881767686,7.84994609690006,4.4239952275263,1.15470053837925,QUANTIZATION_SENSITIVE_4_TO_16,QUANTIZATION_SENSITIVE_4_TO_16,100,100,39.8411703854547,0
V1,wide_range_vT,external_14bit_reference,14,12,5000000,low_CCM_margin,0.0001,0.1,0.0061038881767686,0.0061038881767686,10.4665947958667,4.4239952275263,1.15470053837925,QUANTIZATION_SENSITIVE_4_TO_16,QUANTIZATION_SENSITIVE_4_TO_16,100,100,39.8411703854547,0
V1,wide_range_vT,external_14bit_reference,14,12,5000000,nominal,8e-05,0.05,0.0061038881767686,0.0061038881767686,20.0568757108506,21.3958058028903,1.15470053837925,CANDIDATE_GE16,CANDIDATE_GE16,100,100,39.8317385273166,0
V1,wide_range_vT,external_14bit_reference,14,12,5000000,nominal,8e-05,0.075,0.0061038881767686,0.0061038881767686,30.0853135662759,21.3958058028903,1.15470053837925,CANDIDATE_GE16,CANDIDATE_GE16,100,100,39.8317385273166,0
V1,wide_range_vT,external_14bit_reference,14,12,5000000,nominal,8e-05,0.1,0.0061038881767686,0.0061038881767686,40.1137514217011,21.3958058028903,1.15470053837925,CANDIDATE_GE16,CANDIDATE_GE16,100,100,39.8317385273166,0
V1,wide_range_vT,external_14bit_reference,14,12,5000000,nominal,9e-05,0.05,0.0061038881767686,0.0061038881767686,20.0568757108506,19.0184940470136,1.15470053837925,CANDIDATE_GE16,CANDIDATE_GE16,100,100,39.8317385273166,0
V1,wide_range_vT,external_14bit_reference,14,12,5000000,nominal,9e-05,0.075,0.0061038881767686,0.0061038881767686,30.0853135662759,19.0184940470136,1.15470053837925,CANDIDATE_GE16,CANDIDATE_GE16,100,100,39.8317385273166,0
V1,wide_range_vT,external_14bit_reference,14,12,5000000,nominal,9e-05,0.1,0.0061038881767686,0.0061038881767686,40.1137514217011,19.0184940470136,1.15470053837925,CANDIDATE_GE16,CANDIDATE_GE16,100,100,39.8317385273166,0
V1,wide_range_vT,external_14bit_reference,14,12,5000000,nominal,0.0001,0.05,0.0061038881767686,0.0061038881767686,20.0568757108506,17.1166446423122,1.15470053837925,CANDIDATE_GE16,CANDIDATE_GE16,100,100,39.8317385273166,0
V1,wide_range_vT,external_14bit_reference,14,12,5000000,nominal,0.0001,0.075,0.0061038881767686,0.0061038881767686,30.0853135662759,17.1166446423122,1.15470053837925,CANDIDATE_GE16,CANDIDATE_GE16,100,100,39.8317385273166,0
V1,wide_range_vT,external_14bit_reference,14,12,5000000,nominal,0.0001,0.1,0.0061038881767686,0.0061038881767686,40.1137514217011,17.1166446423122,1.15470053837925,CANDIDATE_GE16,CANDIDATE_GE16,100,100,39.8317385273166,0
V1,wide_range_vT,external_14bit_reference,14,12,5000000,high_load,8e-05,0.05,0.0061038881767686,0.0061038881767686,41.9996190843102,45.0741366855027,1.15470053837925,CANDIDATE_GE16,CANDIDATE_GE16,100,100,39.8106183400511,0
V1,wide_range_vT,external_14bit_reference,14,12,5000000,high_load,8e-05,0.075,0.0061038881767686,0.0061038881767686,62.9994286264653,45.0741366855027,1.15470053837925,CANDIDATE_GE16,CANDIDATE_GE16,100,100,39.8106183400511,0
V1,wide_range_vT,external_14bit_reference,14,12,5000000,high_load,8e-05,0.1,0.0061038881767686,0.0061038881767686,83.9992381686204,45.0741366855027,1.15470053837925,CANDIDATE_GE16,CANDIDATE_GE16,100,100,39.8106183400511,0
V1,wide_range_vT,external_14bit_reference,14,12,5000000,high_load,9e-05,0.05,0.0061038881767686,0.0061038881767686,41.9996190843102,40.0658992760024,1.15470053837925,CANDIDATE_GE16,CANDIDATE_GE16,100,100,39.8106183400511,0
V1,wide_range_vT,external_14bit_reference,14,12,5000000,high_load,9e-05,0.075,0.0061038881767686,0.0061038881767686,62.9994286264653,40.0658992760024,1.15470053837925,CANDIDATE_GE16,CANDIDATE_GE16,100,100,39.8106183400511,0
V1,wide_range_vT,external_14bit_reference,14,12,5000000,high_load,9e-05,0.1,0.0061038881767686,0.0061038881767686,83.9992381686204,40.0658992760024,1.15470053837925,CANDIDATE_GE16,CANDIDATE_GE16,100,100,39.8106183400511,0
V1,wide_range_vT,external_14bit_reference,14,12,5000000,high_load,0.0001,0.05,0.0061038881767686,0.0061038881767686,41.9996190843102,36.0593093484021,1.15470053837925,CANDIDATE_GE16,CANDIDATE_GE16,100,100,39.8106183400511,0
V1,wide_range_vT,external_14bit_reference,14,12,5000000,high_load,0.0001,0.075,0.0061038881767686,0.0061038881767686,62.9994286264653,36.0593093484021,1.15470053837925,CANDIDATE_GE16,CANDIDATE_GE16,100,100,39.8106183400511,0
V1,wide_range_vT,external_14bit_reference,14,12,5000000,high_load,0.0001,0.1,0.0061038881767686,0.0061038881767686,83.9992381686204,36.0593093484021,1.15470053837925,CANDIDATE_GE16,CANDIDATE_GE16,100,100,39.8106183400511,0
V1,wide_range_vT,external_14bit_reference,14,12,5000000,high_D,8e-05,0.05,0.0061038881767686,0.0061038881767686,131.520220992513,132.3671479714,1.15470053837925,CANDIDATE_GE16,CANDIDATE_GE16,100,100,68.3499448770754,0
V1,wide_range_vT,external_14bit_reference,14,12,5000000,high_D,8e-05,0.075,0.0061038881767686,0.0061038881767686,197.28033148877,132.3671479714,1.15470053837925,CANDIDATE_GE16,CANDIDATE_GE16,100,100,68.3499448770754,0
V1,wide_range_vT,external_14bit_reference,14,12,5000000,high_D,8e-05,0.1,0.0061038881767686,0.0061038881767686,263.040441985027,132.3671479714,1.15470053837925,CANDIDATE_GE16,CANDIDATE_GE16,100,100,68.3499448770754,0
V1,wide_range_vT,external_14bit_reference,14,12,5000000,high_D,9e-05,0.05,0.0061038881767686,0.0061038881767686,131.520220992513,117.659687085689,1.15470053837925,CANDIDATE_GE16,CANDIDATE_GE16,100,100,68.3499448770754,0
V1,wide_range_vT,external_14bit_reference,14,12,5000000,high_D,9e-05,0.075,0.0061038881767686,0.0061038881767686,197.28033148877,117.659687085689,1.15470053837925,CANDIDATE_GE16,CANDIDATE_GE16,100,100,68.3499448770754,0
V1,wide_range_vT,external_14bit_reference,14,12,5000000,high_D,9e-05,0.1,0.0061038881767686,0.0061038881767686,263.040441985027,117.659687085689,1.15470053837925,CANDIDATE_GE16,CANDIDATE_GE16,100,100,68.3499448770754,0
V1,wide_range_vT,external_14bit_reference,14,12,5000000,high_D,0.0001,0.05,0.0061038881767686,0.0061038881767686,131.520220992513,105.89371837712,1.15470053837925,CANDIDATE_GE16,CANDIDATE_GE16,100,100,68.3499448770754,0
V1,wide_range_vT,external_14bit_reference,14,12,5000000,high_D,0.0001,0.075,0.0061038881767686,0.0061038881767686,197.28033148877,105.89371837712,1.15470053837925,CANDIDATE_GE16,CANDIDATE_GE16,100,100,68.3499448770754,0
V1,wide_range_vT,external_14bit_reference,14,12,5000000,high_D,0.0001,0.1,0.0061038881767686,0.0061038881767686,263.040441985027,105.89371837712,1.15470053837925,CANDIDATE_GE16,CANDIDATE_GE16,100,100,68.3499448770754,0
V1,wide_range_vT,external_16bit_reference,16,13.5,5000000,low_CCM_margin,8e-05,0.05,0.00152590218966964,0.00152590218966964,20.9341478955969,22.1209887715876,1.63299316185545,CANDIDATE_GE16,CANDIDATE_GE16,100,100,39.8411703854547,0
V1,wide_range_vT,external_16bit_reference,16,13.5,5000000,low_CCM_margin,8e-05,0.075,0.00152590218966964,0.00152590218966964,31.4012218433953,22.1209887715876,1.63299316185545,CANDIDATE_GE16,CANDIDATE_GE16,100,100,39.8411703854547,0
V1,wide_range_vT,external_16bit_reference,16,13.5,5000000,low_CCM_margin,8e-05,0.1,0.00152590218966964,0.00152590218966964,41.8682957911938,22.1209887715876,1.63299316185545,CANDIDATE_GE16,CANDIDATE_GE16,100,100,39.8411703854547,0
V1,wide_range_vT,external_16bit_reference,16,13.5,5000000,low_CCM_margin,9e-05,0.05,0.00152590218966964,0.00152590218966964,20.9341478955969,19.6631011303001,1.63299316185545,CANDIDATE_GE16,CANDIDATE_GE16,100,100,39.8411703854547,0
V1,wide_range_vT,external_16bit_reference,16,13.5,5000000,low_CCM_margin,9e-05,0.075,0.00152590218966964,0.00152590218966964,31.4012218433953,19.6631011303001,1.63299316185545,CANDIDATE_GE16,CANDIDATE_GE16,100,100,39.8411703854547,0
V1,wide_range_vT,external_16bit_reference,16,13.5,5000000,low_CCM_margin,9e-05,0.1,0.00152590218966964,0.00152590218966964,41.8682957911938,19.6631011303001,1.63299316185545,CANDIDATE_GE16,CANDIDATE_GE16,100,100,39.8411703854547,0
V1,wide_range_vT,external_16bit_reference,16,13.5,5000000,low_CCM_margin,0.0001,0.05,0.00152590218966964,0.00152590218966964,20.9341478955969,17.6967910172701,1.63299316185545,CANDIDATE_GE16,CANDIDATE_GE16,100,100,39.8411703854547,0
V1,wide_range_vT,external_16bit_reference,16,13.5,5000000,low_CCM_margin,0.0001,0.075,0.00152590218966964,0.00152590218966964,31.4012218433953,17.6967910172701,1.63299316185545,CANDIDATE_GE16,CANDIDATE_GE16,100,100,39.8411703854547,0
V1,wide_range_vT,external_16bit_reference,16,13.5,5000000,low_CCM_margin,0.0001,0.1,0.00152590218966964,0.00152590218966964,41.8682957911938,17.6967910172701,1.63299316185545,CANDIDATE_GE16,CANDIDATE_GE16,100,100,39.8411703854547,0
V1,wide_range_vT,external_16bit_reference,16,13.5,5000000,nominal,8e-05,0.05,0.00152590218966964,0.00152590218966964,80.2311755911977,85.5871411397434,1.63299316185545,CANDIDATE_GE16,CANDIDATE_GE16,100,100,39.8317385273166,0
V1,wide_range_vT,external_16bit_reference,16,13.5,5000000,nominal,8e-05,0.075,0.00152590218966964,0.00152590218966964,120.346763386797,85.5871411397434,1.63299316185545,CANDIDATE_GE16,CANDIDATE_GE16,100,100,39.8317385273166,0
V1,wide_range_vT,external_16bit_reference,16,13.5,5000000,nominal,8e-05,0.1,0.00152590218966964,0.00152590218966964,160.462351182395,85.5871411397434,1.63299316185545,CANDIDATE_GE16,CANDIDATE_GE16,100,100,39.8317385273166,0
V1,wide_range_vT,external_16bit_reference,16,13.5,5000000,nominal,9e-05,0.05,0.00152590218966964,0.00152590218966964,80.2311755911977,76.077458790883,1.63299316185545,CANDIDATE_GE16,CANDIDATE_GE16,100,100,39.8317385273166,0
V1,wide_range_vT,external_16bit_reference,16,13.5,5000000,nominal,9e-05,0.075,0.00152590218966964,0.00152590218966964,120.346763386797,76.077458790883,1.63299316185545,CANDIDATE_GE16,CANDIDATE_GE16,100,100,39.8317385273166,0
V1,wide_range_vT,external_16bit_reference,16,13.5,5000000,nominal,9e-05,0.1,0.00152590218966964,0.00152590218966964,160.462351182395,76.077458790883,1.63299316185545,CANDIDATE_GE16,CANDIDATE_GE16,100,100,39.8317385273166,0
V1,wide_range_vT,external_16bit_reference,16,13.5,5000000,nominal,0.0001,0.05,0.00152590218966964,0.00152590218966964,80.2311755911977,68.4697129117947,1.63299316185545,CANDIDATE_GE16,CANDIDATE_GE16,100,100,39.8317385273166,0
V1,wide_range_vT,external_16bit_reference,16,13.5,5000000,nominal,0.0001,0.075,0.00152590218966964,0.00152590218966964,120.346763386797,68.4697129117947,1.63299316185545,CANDIDATE_GE16,CANDIDATE_GE16,100,100,39.8317385273166,0
V1,wide_range_vT,external_16bit_reference,16,13.5,5000000,nominal,0.0001,0.1,0.00152590218966964,0.00152590218966964,160.462351182395,68.4697129117947,1.63299316185545,CANDIDATE_GE16,CANDIDATE_GE16,100,100,39.8317385273166,0
V1,wide_range_vT,external_16bit_reference,16,13.5,5000000,high_load,8e-05,0.05,0.00152590218966964,0.00152590218966964,168.006167166591,180.30480056671,1.63299316185545,CANDIDATE_GE16,CANDIDATE_GE16,100,100,39.8106183400511,0
V1,wide_range_vT,external_16bit_reference,16,13.5,5000000,high_load,8e-05,0.075,0.00152590218966964,0.00152590218966964,252.009250749887,180.30480056671,1.63299316185545,CANDIDATE_GE16,CANDIDATE_GE16,100,100,39.8106183400511,0
V1,wide_range_vT,external_16bit_reference,16,13.5,5000000,high_load,8e-05,0.1,0.00152590218966964,0.00152590218966964,336.012334333183,180.30480056671,1.63299316185545,CANDIDATE_GE16,CANDIDATE_GE16,100,100,39.8106183400511,0
V1,wide_range_vT,external_16bit_reference,16,13.5,5000000,high_load,9e-05,0.05,0.00152590218966964,0.00152590218966964,168.006167166591,160.270933837076,1.63299316185545,CANDIDATE_GE16,CANDIDATE_GE16,100,100,39.8106183400511,0
V1,wide_range_vT,external_16bit_reference,16,13.5,5000000,high_load,9e-05,0.075,0.00152590218966964,0.00152590218966964,252.009250749887,160.270933837076,1.63299316185545,CANDIDATE_GE16,CANDIDATE_GE16,100,100,39.8106183400511,0
V1,wide_range_vT,external_16bit_reference,16,13.5,5000000,high_load,9e-05,0.1,0.00152590218966964,0.00152590218966964,336.012334333183,160.270933837076,1.63299316185545,CANDIDATE_GE16,CANDIDATE_GE16,100,100,39.8106183400511,0
V1,wide_range_vT,external_16bit_reference,16,13.5,5000000,high_load,0.0001,0.05,0.00152590218966964,0.00152590218966964,168.006167166591,144.243840453368,1.63299316185545,CANDIDATE_GE16,CANDIDATE_GE16,100,100,39.8106183400511,0
V1,wide_range_vT,external_16bit_reference,16,13.5,5000000,high_load,0.0001,0.075,0.00152590218966964,0.00152590218966964,252.009250749887,144.243840453368,1.63299316185545,CANDIDATE_GE16,CANDIDATE_GE16,100,100,39.8106183400511,0
V1,wide_range_vT,external_16bit_reference,16,13.5,5000000,high_load,0.0001,0.1,0.00152590218966964,0.00152590218966964,336.012334333183,144.243840453368,1.63299316185545,CANDIDATE_GE16,CANDIDATE_GE16,100,100,39.8106183400511,0
V1,wide_range_vT,external_16bit_reference,16,13.5,5000000,high_D,8e-05,0.05,0.00152590218966964,0.00152590218966964,526.104967511711,529.492830513686,1.63299316185545,CANDIDATE_GE16,CANDIDATE_GE16,100,100,68.3499448770754,0
V1,wide_range_vT,external_16bit_reference,16,13.5,5000000,high_D,8e-05,0.075,0.00152590218966964,0.00152590218966964,789.157451267566,529.492830513686,1.63299316185545,CANDIDATE_GE16,CANDIDATE_GE16,100,100,68.3499448770754,0
V1,wide_range_vT,external_16bit_reference,16,13.5,5000000,high_D,8e-05,0.1,0.00152590218966964,0.00152590218966964,1052.20993502342,529.492830513686,1.63299316185545,CANDIDATE_GE16,CANDIDATE_GE16,100,100,68.3499448770754,0
V1,wide_range_vT,external_16bit_reference,16,13.5,5000000,high_D,9e-05,0.05,0.00152590218966964,0.00152590218966964,526.104967511711,470.660293789943,1.63299316185545,CANDIDATE_GE16,CANDIDATE_GE16,100,100,68.3499448770754,0
V1,wide_range_vT,external_16bit_reference,16,13.5,5000000,high_D,9e-05,0.075,0.00152590218966964,0.00152590218966964,789.157451267566,470.660293789943,1.63299316185545,CANDIDATE_GE16,CANDIDATE_GE16,100,100,68.3499448770754,0
V1,wide_range_vT,external_16bit_reference,16,13.5,5000000,high_D,9e-05,0.1,0.00152590218966964,0.00152590218966964,1052.20993502342,470.660293789943,1.63299316185545,CANDIDATE_GE16,CANDIDATE_GE16,100,100,68.3499448770754,0
V1,wide_range_vT,external_16bit_reference,16,13.5,5000000,high_D,0.0001,0.05,0.00152590218966964,0.00152590218966964,526.104967511711,423.594264410949,1.63299316185545,CANDIDATE_GE16,CANDIDATE_GE16,100,100,68.3499448770754,0
V1,wide_range_vT,external_16bit_reference,16,13.5,5000000,high_D,0.0001,0.075,0.00152590218966964,0.00152590218966964,789.157451267566,423.594264410949,1.63299316185545,CANDIDATE_GE16,CANDIDATE_GE16,100,100,68.3499448770754,0
V1,wide_range_vT,external_16bit_reference,16,13.5,5000000,high_D,0.0001,0.1,0.00152590218966964,0.00152590218966964,1052.20993502342,423.594264410949,1.63299316185545,CANDIDATE_GE16,CANDIDATE_GE16,100,100,68.3499448770754,0
V2,dual_range_Vabs_Vedge,native_12bit_highspeed,12,10.5,4000000,low_CCM_margin,8e-05,0.05,0.000976800976800977,0.0195360195360195,32.7021193379374,1.72780668764117,0.816496580927726,CANDIDATE_GE16,HIGH_RISK_LT4,4,80,39.8411703854547,1
V2,dual_range_Vabs_Vedge,native_12bit_highspeed,12,10.5,4000000,low_CCM_margin,8e-05,0.075,0.000976800976800977,0.0195360195360195,49.0531790069062,1.72780668764117,0.816496580927726,CANDIDATE_GE16,HIGH_RISK_LT4,4,80,39.8411703854547,1
V2,dual_range_Vabs_Vedge,native_12bit_highspeed,12,10.5,4000000,low_CCM_margin,8e-05,0.1,0.000976800976800977,0.0195360195360195,65.4042386758749,1.72780668764117,0.816496580927726,CANDIDATE_GE16,HIGH_RISK_LT4,4,80,39.8411703854547,1
V2,dual_range_Vabs_Vedge,native_12bit_highspeed,12,10.5,4000000,low_CCM_margin,9e-05,0.05,0.000976800976800977,0.0195360195360195,32.7021193379374,1.53582816679215,0.816496580927726,CANDIDATE_GE16,HIGH_RISK_LT4,4,80,39.8411703854547,1
V2,dual_range_Vabs_Vedge,native_12bit_highspeed,12,10.5,4000000,low_CCM_margin,9e-05,0.075,0.000976800976800977,0.0195360195360195,49.0531790069062,1.53582816679215,0.816496580927726,CANDIDATE_GE16,HIGH_RISK_LT4,4,80,39.8411703854547,1
V2,dual_range_Vabs_Vedge,native_12bit_highspeed,12,10.5,4000000,low_CCM_margin,9e-05,0.1,0.000976800976800977,0.0195360195360195,65.4042386758749,1.53582816679215,0.816496580927726,CANDIDATE_GE16,HIGH_RISK_LT4,4,80,39.8411703854547,1
V2,dual_range_Vabs_Vedge,native_12bit_highspeed,12,10.5,4000000,low_CCM_margin,0.0001,0.05,0.000976800976800977,0.0195360195360195,32.7021193379374,1.38224535011294,0.816496580927726,CANDIDATE_GE16,HIGH_RISK_LT4,4,80,39.8411703854547,1
V2,dual_range_Vabs_Vedge,native_12bit_highspeed,12,10.5,4000000,low_CCM_margin,0.0001,0.075,0.000976800976800977,0.0195360195360195,49.0531790069062,1.38224535011294,0.816496580927726,CANDIDATE_GE16,HIGH_RISK_LT4,4,80,39.8411703854547,1
V2,dual_range_Vabs_Vedge,native_12bit_highspeed,12,10.5,4000000,low_CCM_margin,0.0001,0.1,0.000976800976800977,0.0195360195360195,65.4042386758749,1.38224535011294,0.816496580927726,CANDIDATE_GE16,HIGH_RISK_LT4,4,80,39.8411703854547,1
V2,dual_range_Vabs_Vedge,native_12bit_highspeed,12,10.5,4000000,nominal,8e-05,0.05,0.000976800976800977,0.0195360195360195,125.332518519095,6.68496496084629,0.816496580927726,CANDIDATE_GE16,QUANTIZATION_SENSITIVE_4_TO_16,4,80,39.8317385273166,1
V2,dual_range_Vabs_Vedge,native_12bit_highspeed,12,10.5,4000000,nominal,8e-05,0.075,0.000976800976800977,0.0195360195360195,187.998777778642,6.68496496084629,0.816496580927726,CANDIDATE_GE16,QUANTIZATION_SENSITIVE_4_TO_16,4,80,39.8317385273166,1
V2,dual_range_Vabs_Vedge,native_12bit_highspeed,12,10.5,4000000,nominal,8e-05,0.1,0.000976800976800977,0.0195360195360195,250.665037038189,6.68496496084629,0.816496580927726,CANDIDATE_GE16,QUANTIZATION_SENSITIVE_4_TO_16,4,80,39.8317385273166,1
V2,dual_range_Vabs_Vedge,native_12bit_highspeed,12,10.5,4000000,nominal,9e-05,0.05,0.000976800976800977,0.0195360195360195,125.332518519095,5.94219107630781,0.816496580927726,CANDIDATE_GE16,QUANTIZATION_SENSITIVE_4_TO_16,4,80,39.8317385273166,1
V2,dual_range_Vabs_Vedge,native_12bit_highspeed,12,10.5,4000000,nominal,9e-05,0.075,0.000976800976800977,0.0195360195360195,187.998777778642,5.94219107630781,0.816496580927726,CANDIDATE_GE16,QUANTIZATION_SENSITIVE_4_TO_16,4,80,39.8317385273166,1
V2,dual_range_Vabs_Vedge,native_12bit_highspeed,12,10.5,4000000,nominal,9e-05,0.1,0.000976800976800977,0.0195360195360195,250.665037038189,5.94219107630781,0.816496580927726,CANDIDATE_GE16,QUANTIZATION_SENSITIVE_4_TO_16,4,80,39.8317385273166,1
V2,dual_range_Vabs_Vedge,native_12bit_highspeed,12,10.5,4000000,nominal,0.0001,0.05,0.000976800976800977,0.0195360195360195,125.332518519095,5.34797196867703,0.816496580927726,CANDIDATE_GE16,QUANTIZATION_SENSITIVE_4_TO_16,4,80,39.8317385273166,1
V2,dual_range_Vabs_Vedge,native_12bit_highspeed,12,10.5,4000000,nominal,0.0001,0.075,0.000976800976800977,0.0195360195360195,187.998777778642,5.34797196867703,0.816496580927726,CANDIDATE_GE16,QUANTIZATION_SENSITIVE_4_TO_16,4,80,39.8317385273166,1
V2,dual_range_Vabs_Vedge,native_12bit_highspeed,12,10.5,4000000,nominal,0.0001,0.1,0.000976800976800977,0.0195360195360195,250.665037038189,5.34797196867703,0.816496580927726,CANDIDATE_GE16,QUANTIZATION_SENSITIVE_4_TO_16,4,80,39.8317385273166,1
V2,dual_range_Vabs_Vedge,native_12bit_highspeed,12,10.5,4000000,high_load,8e-05,0.05,0.000976800976800977,0.0195360195360195,262.449551593497,14.0830883940009,0.816496580927726,CANDIDATE_GE16,QUANTIZATION_SENSITIVE_4_TO_16,4,80,39.8106183400511,1
V2,dual_range_Vabs_Vedge,native_12bit_highspeed,12,10.5,4000000,high_load,8e-05,0.075,0.000976800976800977,0.0195360195360195,393.674327390245,14.0830883940009,0.816496580927726,CANDIDATE_GE16,QUANTIZATION_SENSITIVE_4_TO_16,4,80,39.8106183400511,1
V2,dual_range_Vabs_Vedge,native_12bit_highspeed,12,10.5,4000000,high_load,8e-05,0.1,0.000976800976800977,0.0195360195360195,524.899103186993,14.0830883940009,0.816496580927726,CANDIDATE_GE16,QUANTIZATION_SENSITIVE_4_TO_16,4,80,39.8106183400511,1
V2,dual_range_Vabs_Vedge,native_12bit_highspeed,12,10.5,4000000,high_load,9e-05,0.05,0.000976800976800977,0.0195360195360195,262.449551593497,12.5183007946675,0.816496580927726,CANDIDATE_GE16,QUANTIZATION_SENSITIVE_4_TO_16,4,80,39.8106183400511,1
V2,dual_range_Vabs_Vedge,native_12bit_highspeed,12,10.5,4000000,high_load,9e-05,0.075,0.000976800976800977,0.0195360195360195,393.674327390245,12.5183007946675,0.816496580927726,CANDIDATE_GE16,QUANTIZATION_SENSITIVE_4_TO_16,4,80,39.8106183400511,1
V2,dual_range_Vabs_Vedge,native_12bit_highspeed,12,10.5,4000000,high_load,9e-05,0.1,0.000976800976800977,0.0195360195360195,524.899103186993,12.5183007946675,0.816496580927726,CANDIDATE_GE16,QUANTIZATION_SENSITIVE_4_TO_16,4,80,39.8106183400511,1
V2,dual_range_Vabs_Vedge,native_12bit_highspeed,12,10.5,4000000,high_load,0.0001,0.05,0.000976800976800977,0.0195360195360195,262.449551593497,11.2664707152007,0.816496580927726,CANDIDATE_GE16,QUANTIZATION_SENSITIVE_4_TO_16,4,80,39.8106183400511,1
V2,dual_range_Vabs_Vedge,native_12bit_highspeed,12,10.5,4000000,high_load,0.0001,0.075,0.000976800976800977,0.0195360195360195,393.674327390245,11.2664707152007,0.816496580927726,CANDIDATE_GE16,QUANTIZATION_SENSITIVE_4_TO_16,4,80,39.8106183400511,1
V2,dual_range_Vabs_Vedge,native_12bit_highspeed,12,10.5,4000000,high_load,0.0001,0.1,0.000976800976800977,0.0195360195360195,524.899103186993,11.2664707152007,0.816496580927726,CANDIDATE_GE16,QUANTIZATION_SENSITIVE_4_TO_16,4,80,39.8106183400511,1
V2,dual_range_Vabs_Vedge,native_12bit_highspeed,12,10.5,4000000,high_D,8e-05,0.05,0.000976800976800977,0.0195360195360195,821.850859067847,41.357159169786,0.816496580927726,CANDIDATE_GE16,CANDIDATE_GE16,4,80,68.3499448770754,1
V2,dual_range_Vabs_Vedge,native_12bit_highspeed,12,10.5,4000000,high_D,8e-05,0.075,0.000976800976800977,0.0195360195360195,1232.77628860177,41.357159169786,0.816496580927726,CANDIDATE_GE16,CANDIDATE_GE16,4,80,68.3499448770754,1
V2,dual_range_Vabs_Vedge,native_12bit_highspeed,12,10.5,4000000,high_D,8e-05,0.1,0.000976800976800977,0.0195360195360195,1643.70171813569,41.357159169786,0.816496580927726,CANDIDATE_GE16,CANDIDATE_GE16,4,80,68.3499448770754,1
V2,dual_range_Vabs_Vedge,native_12bit_highspeed,12,10.5,4000000,high_D,9e-05,0.05,0.000976800976800977,0.0195360195360195,821.850859067847,36.761919262032,0.816496580927726,CANDIDATE_GE16,CANDIDATE_GE16,4,80,68.3499448770754,1
V2,dual_range_Vabs_Vedge,native_12bit_highspeed,12,10.5,4000000,high_D,9e-05,0.075,0.000976800976800977,0.0195360195360195,1232.77628860177,36.761919262032,0.816496580927726,CANDIDATE_GE16,CANDIDATE_GE16,4,80,68.3499448770754,1
V2,dual_range_Vabs_Vedge,native_12bit_highspeed,12,10.5,4000000,high_D,9e-05,0.1,0.000976800976800977,0.0195360195360195,1643.70171813569,36.761919262032,0.816496580927726,CANDIDATE_GE16,CANDIDATE_GE16,4,80,68.3499448770754,1
V2,dual_range_Vabs_Vedge,native_12bit_highspeed,12,10.5,4000000,high_D,0.0001,0.05,0.000976800976800977,0.0195360195360195,821.850859067847,33.0857273358288,0.816496580927726,CANDIDATE_GE16,CANDIDATE_GE16,4,80,68.3499448770754,1
V2,dual_range_Vabs_Vedge,native_12bit_highspeed,12,10.5,4000000,high_D,0.0001,0.075,0.000976800976800977,0.0195360195360195,1232.77628860177,33.0857273358288,0.816496580927726,CANDIDATE_GE16,CANDIDATE_GE16,4,80,68.3499448770754,1
V2,dual_range_Vabs_Vedge,native_12bit_highspeed,12,10.5,4000000,high_D,0.0001,0.1,0.000976800976800977,0.0195360195360195,1643.70171813569,33.0857273358288,0.816496580927726,CANDIDATE_GE16,CANDIDATE_GE16,4,80,68.3499448770754,1
V2,dual_range_Vabs_Vedge,native_16bit_slow,16,13.5,1100000,low_CCM_margin,8e-05,0.05,6.10360875867857e-05,0.00122072175173571,523.353697389922,27.6512359644845,1.63299316185545,CANDIDATE_GE16,CANDIDATE_GE16,4,80,39.8411703854547,1
V2,dual_range_Vabs_Vedge,native_16bit_slow,16,13.5,1100000,low_CCM_margin,8e-05,0.075,6.10360875867857e-05,0.00122072175173571,785.030546084883,27.6512359644845,1.63299316185545,CANDIDATE_GE16,CANDIDATE_GE16,4,80,39.8411703854547,1
V2,dual_range_Vabs_Vedge,native_16bit_slow,16,13.5,1100000,low_CCM_margin,8e-05,0.1,6.10360875867857e-05,0.00122072175173571,1046.70739477984,27.6512359644845,1.63299316185545,CANDIDATE_GE16,CANDIDATE_GE16,4,80,39.8411703854547,1
V2,dual_range_Vabs_Vedge,native_16bit_slow,16,13.5,1100000,low_CCM_margin,9e-05,0.05,6.10360875867857e-05,0.00122072175173571,523.353697389922,24.5788764128751,1.63299316185545,CANDIDATE_GE16,CANDIDATE_GE16,4,80,39.8411703854547,1
V2,dual_range_Vabs_Vedge,native_16bit_slow,16,13.5,1100000,low_CCM_margin,9e-05,0.075,6.10360875867857e-05,0.00122072175173571,785.030546084883,24.5788764128751,1.63299316185545,CANDIDATE_GE16,CANDIDATE_GE16,4,80,39.8411703854547,1
V2,dual_range_Vabs_Vedge,native_16bit_slow,16,13.5,1100000,low_CCM_margin,9e-05,0.1,6.10360875867857e-05,0.00122072175173571,1046.70739477984,24.5788764128751,1.63299316185545,CANDIDATE_GE16,CANDIDATE_GE16,4,80,39.8411703854547,1
V2,dual_range_Vabs_Vedge,native_16bit_slow,16,13.5,1100000,low_CCM_margin,0.0001,0.05,6.10360875867857e-05,0.00122072175173571,523.353697389922,22.1209887715876,1.63299316185545,CANDIDATE_GE16,CANDIDATE_GE16,4,80,39.8411703854547,1
V2,dual_range_Vabs_Vedge,native_16bit_slow,16,13.5,1100000,low_CCM_margin,0.0001,0.075,6.10360875867857e-05,0.00122072175173571,785.030546084883,22.1209887715876,1.63299316185545,CANDIDATE_GE16,CANDIDATE_GE16,4,80,39.8411703854547,1
V2,dual_range_Vabs_Vedge,native_16bit_slow,16,13.5,1100000,low_CCM_margin,0.0001,0.1,6.10360875867857e-05,0.00122072175173571,1046.70739477984,22.1209887715876,1.63299316185545,CANDIDATE_GE16,CANDIDATE_GE16,4,80,39.8411703854547,1
V2,dual_range_Vabs_Vedge,native_16bit_slow,16,13.5,1100000,nominal,8e-05,0.05,6.10360875867857e-05,0.00122072175173571,2005.77938977994,106.983926424679,1.63299316185545,CANDIDATE_GE16,CANDIDATE_GE16,4,80,39.8317385273166,1
V2,dual_range_Vabs_Vedge,native_16bit_slow,16,13.5,1100000,nominal,8e-05,0.075,6.10360875867857e-05,0.00122072175173571,3008.66908466991,106.983926424679,1.63299316185545,CANDIDATE_GE16,CANDIDATE_GE16,4,80,39.8317385273166,1
V2,dual_range_Vabs_Vedge,native_16bit_slow,16,13.5,1100000,nominal,8e-05,0.1,6.10360875867857e-05,0.00122072175173571,4011.55877955988,106.983926424679,1.63299316185545,CANDIDATE_GE16,CANDIDATE_GE16,4,80,39.8317385273166,1
V2,dual_range_Vabs_Vedge,native_16bit_slow,16,13.5,1100000,nominal,9e-05,0.05,6.10360875867857e-05,0.00122072175173571,2005.77938977994,95.0968234886038,1.63299316185545,CANDIDATE_GE16,CANDIDATE_GE16,4,80,39.8317385273166,1
V2,dual_range_Vabs_Vedge,native_16bit_slow,16,13.5,1100000,nominal,9e-05,0.075,6.10360875867857e-05,0.00122072175173571,3008.66908466991,95.0968234886038,1.63299316185545,CANDIDATE_GE16,CANDIDATE_GE16,4,80,39.8317385273166,1
V2,dual_range_Vabs_Vedge,native_16bit_slow,16,13.5,1100000,nominal,9e-05,0.1,6.10360875867857e-05,0.00122072175173571,4011.55877955988,95.0968234886038,1.63299316185545,CANDIDATE_GE16,CANDIDATE_GE16,4,80,39.8317385273166,1
V2,dual_range_Vabs_Vedge,native_16bit_slow,16,13.5,1100000,nominal,0.0001,0.05,6.10360875867857e-05,0.00122072175173571,2005.77938977994,85.5871411397434,1.63299316185545,CANDIDATE_GE16,CANDIDATE_GE16,4,80,39.8317385273166,1
V2,dual_range_Vabs_Vedge,native_16bit_slow,16,13.5,1100000,nominal,0.0001,0.075,6.10360875867857e-05,0.00122072175173571,3008.66908466991,85.5871411397434,1.63299316185545,CANDIDATE_GE16,CANDIDATE_GE16,4,80,39.8317385273166,1
V2,dual_range_Vabs_Vedge,native_16bit_slow,16,13.5,1100000,nominal,0.0001,0.1,6.10360875867857e-05,0.00122072175173571,4011.55877955988,85.5871411397434,1.63299316185545,CANDIDATE_GE16,CANDIDATE_GE16,4,80,39.8317385273166,1
V2,dual_range_Vabs_Vedge,native_16bit_slow,16,13.5,1100000,high_load,8e-05,0.05,6.10360875867857e-05,0.00122072175173571,4200.15417916479,225.381000708388,1.63299316185545,CANDIDATE_GE16,CANDIDATE_GE16,4,80,39.8106183400511,1
V2,dual_range_Vabs_Vedge,native_16bit_slow,16,13.5,1100000,high_load,8e-05,0.075,6.10360875867857e-05,0.00122072175173571,6300.23126874718,225.381000708388,1.63299316185545,CANDIDATE_GE16,CANDIDATE_GE16,4,80,39.8106183400511,1
V2,dual_range_Vabs_Vedge,native_16bit_slow,16,13.5,1100000,high_load,8e-05,0.1,6.10360875867857e-05,0.00122072175173571,8400.30835832957,225.381000708388,1.63299316185545,CANDIDATE_GE16,CANDIDATE_GE16,4,80,39.8106183400511,1
V2,dual_range_Vabs_Vedge,native_16bit_slow,16,13.5,1100000,high_load,9e-05,0.05,6.10360875867857e-05,0.00122072175173571,4200.15417916479,200.338667296345,1.63299316185545,CANDIDATE_GE16,CANDIDATE_GE16,4,80,39.8106183400511,1
V2,dual_range_Vabs_Vedge,native_16bit_slow,16,13.5,1100000,high_load,9e-05,0.075,6.10360875867857e-05,0.00122072175173571,6300.23126874718,200.338667296345,1.63299316185545,CANDIDATE_GE16,CANDIDATE_GE16,4,80,39.8106183400511,1
V2,dual_range_Vabs_Vedge,native_16bit_slow,16,13.5,1100000,high_load,9e-05,0.1,6.10360875867857e-05,0.00122072175173571,8400.30835832957,200.338667296345,1.63299316185545,CANDIDATE_GE16,CANDIDATE_GE16,4,80,39.8106183400511,1
V2,dual_range_Vabs_Vedge,native_16bit_slow,16,13.5,1100000,high_load,0.0001,0.05,6.10360875867857e-05,0.00122072175173571,4200.15417916479,180.30480056671,1.63299316185545,CANDIDATE_GE16,CANDIDATE_GE16,4,80,39.8106183400511,1
V2,dual_range_Vabs_Vedge,native_16bit_slow,16,13.5,1100000,high_load,0.0001,0.075,6.10360875867857e-05,0.00122072175173571,6300.23126874718,180.30480056671,1.63299316185545,CANDIDATE_GE16,CANDIDATE_GE16,4,80,39.8106183400511,1
V2,dual_range_Vabs_Vedge,native_16bit_slow,16,13.5,1100000,high_load,0.0001,0.1,6.10360875867857e-05,0.00122072175173571,8400.30835832957,180.30480056671,1.63299316185545,CANDIDATE_GE16,CANDIDATE_GE16,4,80,39.8106183400511,1
V2,dual_range_Vabs_Vedge,native_16bit_slow,16,13.5,1100000,high_D,8e-05,0.05,6.10360875867857e-05,0.00122072175173571,13152.6241877928,661.866038142107,1.63299316185545,CANDIDATE_GE16,CANDIDATE_GE16,4,80,68.3499448770754,1
V2,dual_range_Vabs_Vedge,native_16bit_slow,16,13.5,1100000,high_D,8e-05,0.075,6.10360875867857e-05,0.00122072175173571,19728.9362816892,661.866038142107,1.63299316185545,CANDIDATE_GE16,CANDIDATE_GE16,4,80,68.3499448770754,1
V2,dual_range_Vabs_Vedge,native_16bit_slow,16,13.5,1100000,high_D,8e-05,0.1,6.10360875867857e-05,0.00122072175173571,26305.2483755855,661.866038142107,1.63299316185545,CANDIDATE_GE16,CANDIDATE_GE16,4,80,68.3499448770754,1
V2,dual_range_Vabs_Vedge,native_16bit_slow,16,13.5,1100000,high_D,9e-05,0.05,6.10360875867857e-05,0.00122072175173571,13152.6241877928,588.325367237429,1.63299316185545,CANDIDATE_GE16,CANDIDATE_GE16,4,80,68.3499448770754,1
V2,dual_range_Vabs_Vedge,native_16bit_slow,16,13.5,1100000,high_D,9e-05,0.075,6.10360875867857e-05,0.00122072175173571,19728.9362816892,588.325367237429,1.63299316185545,CANDIDATE_GE16,CANDIDATE_GE16,4,80,68.3499448770754,1
V2,dual_range_Vabs_Vedge,native_16bit_slow,16,13.5,1100000,high_D,9e-05,0.1,6.10360875867857e-05,0.00122072175173571,26305.2483755855,588.325367237429,1.63299316185545,CANDIDATE_GE16,CANDIDATE_GE16,4,80,68.3499448770754,1
V2,dual_range_Vabs_Vedge,native_16bit_slow,16,13.5,1100000,high_D,0.0001,0.05,6.10360875867857e-05,0.00122072175173571,13152.6241877928,529.492830513686,1.63299316185545,CANDIDATE_GE16,CANDIDATE_GE16,4,80,68.3499448770754,1
V2,dual_range_Vabs_Vedge,native_16bit_slow,16,13.5,1100000,high_D,0.0001,0.075,6.10360875867857e-05,0.00122072175173571,19728.9362816892,529.492830513686,1.63299316185545,CANDIDATE_GE16,CANDIDATE_GE16,4,80,68.3499448770754,1
V2,dual_range_Vabs_Vedge,native_16bit_slow,16,13.5,1100000,high_D,0.0001,0.1,6.10360875867857e-05,0.00122072175173571,26305.2483755855,529.492830513686,1.63299316185545,CANDIDATE_GE16,CANDIDATE_GE16,4,80,68.3499448770754,1
V2,dual_range_Vabs_Vedge,external_14bit_reference,14,12,5000000,low_CCM_margin,8e-05,0.05,0.000244155527070744,0.00488311054141488,130.832434948334,6.91249254300984,1.15470053837925,CANDIDATE_GE16,QUANTIZATION_SENSITIVE_4_TO_16,4,80,39.8411703854547,1
V2,dual_range_Vabs_Vedge,external_14bit_reference,14,12,5000000,low_CCM_margin,8e-05,0.075,0.000244155527070744,0.00488311054141488,196.248652422502,6.91249254300984,1.15470053837925,CANDIDATE_GE16,QUANTIZATION_SENSITIVE_4_TO_16,4,80,39.8411703854547,1
V2,dual_range_Vabs_Vedge,external_14bit_reference,14,12,5000000,low_CCM_margin,8e-05,0.1,0.000244155527070744,0.00488311054141488,261.664869896669,6.91249254300984,1.15470053837925,CANDIDATE_GE16,QUANTIZATION_SENSITIVE_4_TO_16,4,80,39.8411703854547,1
V2,dual_range_Vabs_Vedge,external_14bit_reference,14,12,5000000,low_CCM_margin,9e-05,0.05,0.000244155527070744,0.00488311054141488,130.832434948334,6.14443781600875,1.15470053837925,CANDIDATE_GE16,QUANTIZATION_SENSITIVE_4_TO_16,4,80,39.8411703854547,1
V2,dual_range_Vabs_Vedge,external_14bit_reference,14,12,5000000,low_CCM_margin,9e-05,0.075,0.000244155527070744,0.00488311054141488,196.248652422502,6.14443781600875,1.15470053837925,CANDIDATE_GE16,QUANTIZATION_SENSITIVE_4_TO_16,4,80,39.8411703854547,1
V2,dual_range_Vabs_Vedge,external_14bit_reference,14,12,5000000,low_CCM_margin,9e-05,0.1,0.000244155527070744,0.00488311054141488,261.664869896669,6.14443781600875,1.15470053837925,CANDIDATE_GE16,QUANTIZATION_SENSITIVE_4_TO_16,4,80,39.8411703854547,1
V2,dual_range_Vabs_Vedge,external_14bit_reference,14,12,5000000,low_CCM_margin,0.0001,0.05,0.000244155527070744,0.00488311054141488,130.832434948334,5.52999403440788,1.15470053837925,CANDIDATE_GE16,QUANTIZATION_SENSITIVE_4_TO_16,4,80,39.8411703854547,1
V2,dual_range_Vabs_Vedge,external_14bit_reference,14,12,5000000,low_CCM_margin,0.0001,0.075,0.000244155527070744,0.00488311054141488,196.248652422502,5.52999403440788,1.15470053837925,CANDIDATE_GE16,QUANTIZATION_SENSITIVE_4_TO_16,4,80,39.8411703854547,1
V2,dual_range_Vabs_Vedge,external_14bit_reference,14,12,5000000,low_CCM_margin,0.0001,0.1,0.000244155527070744,0.00488311054141488,261.664869896669,5.52999403440788,1.15470053837925,CANDIDATE_GE16,QUANTIZATION_SENSITIVE_4_TO_16,4,80,39.8411703854547,1
V2,dual_range_Vabs_Vedge,external_14bit_reference,14,12,5000000,nominal,8e-05,0.05,0.000244155527070744,0.00488311054141488,501.421892771264,26.7447572536129,1.15470053837925,CANDIDATE_GE16,CANDIDATE_GE16,4,80,39.8317385273166,1
V2,dual_range_Vabs_Vedge,external_14bit_reference,14,12,5000000,nominal,8e-05,0.075,0.000244155527070744,0.00488311054141488,752.132839156896,26.7447572536129,1.15470053837925,CANDIDATE_GE16,CANDIDATE_GE16,4,80,39.8317385273166,1
V2,dual_range_Vabs_Vedge,external_14bit_reference,14,12,5000000,nominal,8e-05,0.1,0.000244155527070744,0.00488311054141488,1002.84378554253,26.7447572536129,1.15470053837925,CANDIDATE_GE16,CANDIDATE_GE16,4,80,39.8317385273166,1
V2,dual_range_Vabs_Vedge,external_14bit_reference,14,12,5000000,nominal,9e-05,0.05,0.000244155527070744,0.00488311054141488,501.421892771264,23.773117558767,1.15470053837925,CANDIDATE_GE16,CANDIDATE_GE16,4,80,39.8317385273166,1
V2,dual_range_Vabs_Vedge,external_14bit_reference,14,12,5000000,nominal,9e-05,0.075,0.000244155527070744,0.00488311054141488,752.132839156896,23.773117558767,1.15470053837925,CANDIDATE_GE16,CANDIDATE_GE16,4,80,39.8317385273166,1
V2,dual_range_Vabs_Vedge,external_14bit_reference,14,12,5000000,nominal,9e-05,0.1,0.000244155527070744,0.00488311054141488,1002.84378554253,23.773117558767,1.15470053837925,CANDIDATE_GE16,CANDIDATE_GE16,4,80,39.8317385273166,1
V2,dual_range_Vabs_Vedge,external_14bit_reference,14,12,5000000,nominal,0.0001,0.05,0.000244155527070744,0.00488311054141488,501.421892771264,21.3958058028903,1.15470053837925,CANDIDATE_GE16,CANDIDATE_GE16,4,80,39.8317385273166,1
V2,dual_range_Vabs_Vedge,external_14bit_reference,14,12,5000000,nominal,0.0001,0.075,0.000244155527070744,0.00488311054141488,752.132839156896,21.3958058028903,1.15470053837925,CANDIDATE_GE16,CANDIDATE_GE16,4,80,39.8317385273166,1
V2,dual_range_Vabs_Vedge,external_14bit_reference,14,12,5000000,nominal,0.0001,0.1,0.000244155527070744,0.00488311054141488,1002.84378554253,21.3958058028903,1.15470053837925,CANDIDATE_GE16,CANDIDATE_GE16,4,80,39.8317385273166,1
V2,dual_range_Vabs_Vedge,external_14bit_reference,14,12,5000000,high_load,8e-05,0.05,0.000244155527070744,0.00488311054141488,1049.99047710775,56.3426708568783,1.15470053837925,CANDIDATE_GE16,CANDIDATE_GE16,4,80,39.8106183400511,1
V2,dual_range_Vabs_Vedge,external_14bit_reference,14,12,5000000,high_load,8e-05,0.075,0.000244155527070744,0.00488311054141488,1574.98571566163,56.3426708568783,1.15470053837925,CANDIDATE_GE16,CANDIDATE_GE16,4,80,39.8106183400511,1
V2,dual_range_Vabs_Vedge,external_14bit_reference,14,12,5000000,high_load,8e-05,0.1,0.000244155527070744,0.00488311054141488,2099.98095421551,56.3426708568783,1.15470053837925,CANDIDATE_GE16,CANDIDATE_GE16,4,80,39.8106183400511,1
V2,dual_range_Vabs_Vedge,external_14bit_reference,14,12,5000000,high_load,9e-05,0.05,0.000244155527070744,0.00488311054141488,1049.99047710775,50.0823740950029,1.15470053837925,CANDIDATE_GE16,CANDIDATE_GE16,4,80,39.8106183400511,1
V2,dual_range_Vabs_Vedge,external_14bit_reference,14,12,5000000,high_load,9e-05,0.075,0.000244155527070744,0.00488311054141488,1574.98571566163,50.0823740950029,1.15470053837925,CANDIDATE_GE16,CANDIDATE_GE16,4,80,39.8106183400511,1
V2,dual_range_Vabs_Vedge,external_14bit_reference,14,12,5000000,high_load,9e-05,0.1,0.000244155527070744,0.00488311054141488,2099.98095421551,50.0823740950029,1.15470053837925,CANDIDATE_GE16,CANDIDATE_GE16,4,80,39.8106183400511,1
V2,dual_range_Vabs_Vedge,external_14bit_reference,14,12,5000000,high_load,0.0001,0.05,0.000244155527070744,0.00488311054141488,1049.99047710775,45.0741366855027,1.15470053837925,CANDIDATE_GE16,CANDIDATE_GE16,4,80,39.8106183400511,1
V2,dual_range_Vabs_Vedge,external_14bit_reference,14,12,5000000,high_load,0.0001,0.075,0.000244155527070744,0.00488311054141488,1574.98571566163,45.0741366855027,1.15470053837925,CANDIDATE_GE16,CANDIDATE_GE16,4,80,39.8106183400511,1
V2,dual_range_Vabs_Vedge,external_14bit_reference,14,12,5000000,high_load,0.0001,0.1,0.000244155527070744,0.00488311054141488,2099.98095421551,45.0741366855027,1.15470053837925,CANDIDATE_GE16,CANDIDATE_GE16,4,80,39.8106183400511,1
V2,dual_range_Vabs_Vedge,external_14bit_reference,14,12,5000000,high_D,8e-05,0.05,0.000244155527070744,0.00488311054141488,3288.00552481283,165.45893496425,1.15470053837925,CANDIDATE_GE16,CANDIDATE_GE16,4,80,68.3499448770754,1
V2,dual_range_Vabs_Vedge,external_14bit_reference,14,12,5000000,high_D,8e-05,0.075,0.000244155527070744,0.00488311054141488,4932.00828721925,165.45893496425,1.15470053837925,CANDIDATE_GE16,CANDIDATE_GE16,4,80,68.3499448770754,1
V2,dual_range_Vabs_Vedge,external_14bit_reference,14,12,5000000,high_D,8e-05,0.1,0.000244155527070744,0.00488311054141488,6576.01104962566,165.45893496425,1.15470053837925,CANDIDATE_GE16,CANDIDATE_GE16,4,80,68.3499448770754,1
V2,dual_range_Vabs_Vedge,external_14bit_reference,14,12,5000000,high_D,9e-05,0.05,0.000244155527070744,0.00488311054141488,3288.00552481283,147.074608857111,1.15470053837925,CANDIDATE_GE16,CANDIDATE_GE16,4,80,68.3499448770754,1
V2,dual_range_Vabs_Vedge,external_14bit_reference,14,12,5000000,high_D,9e-05,0.075,0.000244155527070744,0.00488311054141488,4932.00828721925,147.074608857111,1.15470053837925,CANDIDATE_GE16,CANDIDATE_GE16,4,80,68.3499448770754,1
V2,dual_range_Vabs_Vedge,external_14bit_reference,14,12,5000000,high_D,9e-05,0.1,0.000244155527070744,0.00488311054141488,6576.01104962566,147.074608857111,1.15470053837925,CANDIDATE_GE16,CANDIDATE_GE16,4,80,68.3499448770754,1
V2,dual_range_Vabs_Vedge,external_14bit_reference,14,12,5000000,high_D,0.0001,0.05,0.000244155527070744,0.00488311054141488,3288.00552481283,132.3671479714,1.15470053837925,CANDIDATE_GE16,CANDIDATE_GE16,4,80,68.3499448770754,1
V2,dual_range_Vabs_Vedge,external_14bit_reference,14,12,5000000,high_D,0.0001,0.075,0.000244155527070744,0.00488311054141488,4932.00828721925,132.3671479714,1.15470053837925,CANDIDATE_GE16,CANDIDATE_GE16,4,80,68.3499448770754,1
V2,dual_range_Vabs_Vedge,external_14bit_reference,14,12,5000000,high_D,0.0001,0.1,0.000244155527070744,0.00488311054141488,6576.01104962566,132.3671479714,1.15470053837925,CANDIDATE_GE16,CANDIDATE_GE16,4,80,68.3499448770754,1
V2,dual_range_Vabs_Vedge,external_16bit_reference,16,13.5,5000000,low_CCM_margin,8e-05,0.05,6.10360875867857e-05,0.00122072175173571,523.353697389922,27.6512359644845,1.63299316185545,CANDIDATE_GE16,CANDIDATE_GE16,4,80,39.8411703854547,1
V2,dual_range_Vabs_Vedge,external_16bit_reference,16,13.5,5000000,low_CCM_margin,8e-05,0.075,6.10360875867857e-05,0.00122072175173571,785.030546084883,27.6512359644845,1.63299316185545,CANDIDATE_GE16,CANDIDATE_GE16,4,80,39.8411703854547,1
V2,dual_range_Vabs_Vedge,external_16bit_reference,16,13.5,5000000,low_CCM_margin,8e-05,0.1,6.10360875867857e-05,0.00122072175173571,1046.70739477984,27.6512359644845,1.63299316185545,CANDIDATE_GE16,CANDIDATE_GE16,4,80,39.8411703854547,1
V2,dual_range_Vabs_Vedge,external_16bit_reference,16,13.5,5000000,low_CCM_margin,9e-05,0.05,6.10360875867857e-05,0.00122072175173571,523.353697389922,24.5788764128751,1.63299316185545,CANDIDATE_GE16,CANDIDATE_GE16,4,80,39.8411703854547,1
V2,dual_range_Vabs_Vedge,external_16bit_reference,16,13.5,5000000,low_CCM_margin,9e-05,0.075,6.10360875867857e-05,0.00122072175173571,785.030546084883,24.5788764128751,1.63299316185545,CANDIDATE_GE16,CANDIDATE_GE16,4,80,39.8411703854547,1
V2,dual_range_Vabs_Vedge,external_16bit_reference,16,13.5,5000000,low_CCM_margin,9e-05,0.1,6.10360875867857e-05,0.00122072175173571,1046.70739477984,24.5788764128751,1.63299316185545,CANDIDATE_GE16,CANDIDATE_GE16,4,80,39.8411703854547,1
V2,dual_range_Vabs_Vedge,external_16bit_reference,16,13.5,5000000,low_CCM_margin,0.0001,0.05,6.10360875867857e-05,0.00122072175173571,523.353697389922,22.1209887715876,1.63299316185545,CANDIDATE_GE16,CANDIDATE_GE16,4,80,39.8411703854547,1
V2,dual_range_Vabs_Vedge,external_16bit_reference,16,13.5,5000000,low_CCM_margin,0.0001,0.075,6.10360875867857e-05,0.00122072175173571,785.030546084883,22.1209887715876,1.63299316185545,CANDIDATE_GE16,CANDIDATE_GE16,4,80,39.8411703854547,1
V2,dual_range_Vabs_Vedge,external_16bit_reference,16,13.5,5000000,low_CCM_margin,0.0001,0.1,6.10360875867857e-05,0.00122072175173571,1046.70739477984,22.1209887715876,1.63299316185545,CANDIDATE_GE16,CANDIDATE_GE16,4,80,39.8411703854547,1
V2,dual_range_Vabs_Vedge,external_16bit_reference,16,13.5,5000000,nominal,8e-05,0.05,6.10360875867857e-05,0.00122072175173571,2005.77938977994,106.983926424679,1.63299316185545,CANDIDATE_GE16,CANDIDATE_GE16,4,80,39.8317385273166,1
V2,dual_range_Vabs_Vedge,external_16bit_reference,16,13.5,5000000,nominal,8e-05,0.075,6.10360875867857e-05,0.00122072175173571,3008.66908466991,106.983926424679,1.63299316185545,CANDIDATE_GE16,CANDIDATE_GE16,4,80,39.8317385273166,1
V2,dual_range_Vabs_Vedge,external_16bit_reference,16,13.5,5000000,nominal,8e-05,0.1,6.10360875867857e-05,0.00122072175173571,4011.55877955988,106.983926424679,1.63299316185545,CANDIDATE_GE16,CANDIDATE_GE16,4,80,39.8317385273166,1
V2,dual_range_Vabs_Vedge,external_16bit_reference,16,13.5,5000000,nominal,9e-05,0.05,6.10360875867857e-05,0.00122072175173571,2005.77938977994,95.0968234886038,1.63299316185545,CANDIDATE_GE16,CANDIDATE_GE16,4,80,39.8317385273166,1
V2,dual_range_Vabs_Vedge,external_16bit_reference,16,13.5,5000000,nominal,9e-05,0.075,6.10360875867857e-05,0.00122072175173571,3008.66908466991,95.0968234886038,1.63299316185545,CANDIDATE_GE16,CANDIDATE_GE16,4,80,39.8317385273166,1
V2,dual_range_Vabs_Vedge,external_16bit_reference,16,13.5,5000000,nominal,9e-05,0.1,6.10360875867857e-05,0.00122072175173571,4011.55877955988,95.0968234886038,1.63299316185545,CANDIDATE_GE16,CANDIDATE_GE16,4,80,39.8317385273166,1
V2,dual_range_Vabs_Vedge,external_16bit_reference,16,13.5,5000000,nominal,0.0001,0.05,6.10360875867857e-05,0.00122072175173571,2005.77938977994,85.5871411397434,1.63299316185545,CANDIDATE_GE16,CANDIDATE_GE16,4,80,39.8317385273166,1
V2,dual_range_Vabs_Vedge,external_16bit_reference,16,13.5,5000000,nominal,0.0001,0.075,6.10360875867857e-05,0.00122072175173571,3008.66908466991,85.5871411397434,1.63299316185545,CANDIDATE_GE16,CANDIDATE_GE16,4,80,39.8317385273166,1
V2,dual_range_Vabs_Vedge,external_16bit_reference,16,13.5,5000000,nominal,0.0001,0.1,6.10360875867857e-05,0.00122072175173571,4011.55877955988,85.5871411397434,1.63299316185545,CANDIDATE_GE16,CANDIDATE_GE16,4,80,39.8317385273166,1
V2,dual_range_Vabs_Vedge,external_16bit_reference,16,13.5,5000000,high_load,8e-05,0.05,6.10360875867857e-05,0.00122072175173571,4200.15417916479,225.381000708388,1.63299316185545,CANDIDATE_GE16,CANDIDATE_GE16,4,80,39.8106183400511,1
V2,dual_range_Vabs_Vedge,external_16bit_reference,16,13.5,5000000,high_load,8e-05,0.075,6.10360875867857e-05,0.00122072175173571,6300.23126874718,225.381000708388,1.63299316185545,CANDIDATE_GE16,CANDIDATE_GE16,4,80,39.8106183400511,1
V2,dual_range_Vabs_Vedge,external_16bit_reference,16,13.5,5000000,high_load,8e-05,0.1,6.10360875867857e-05,0.00122072175173571,8400.30835832957,225.381000708388,1.63299316185545,CANDIDATE_GE16,CANDIDATE_GE16,4,80,39.8106183400511,1
V2,dual_range_Vabs_Vedge,external_16bit_reference,16,13.5,5000000,high_load,9e-05,0.05,6.10360875867857e-05,0.00122072175173571,4200.15417916479,200.338667296345,1.63299316185545,CANDIDATE_GE16,CANDIDATE_GE16,4,80,39.8106183400511,1
V2,dual_range_Vabs_Vedge,external_16bit_reference,16,13.5,5000000,high_load,9e-05,0.075,6.10360875867857e-05,0.00122072175173571,6300.23126874718,200.338667296345,1.63299316185545,CANDIDATE_GE16,CANDIDATE_GE16,4,80,39.8106183400511,1
V2,dual_range_Vabs_Vedge,external_16bit_reference,16,13.5,5000000,high_load,9e-05,0.1,6.10360875867857e-05,0.00122072175173571,8400.30835832957,200.338667296345,1.63299316185545,CANDIDATE_GE16,CANDIDATE_GE16,4,80,39.8106183400511,1
V2,dual_range_Vabs_Vedge,external_16bit_reference,16,13.5,5000000,high_load,0.0001,0.05,6.10360875867857e-05,0.00122072175173571,4200.15417916479,180.30480056671,1.63299316185545,CANDIDATE_GE16,CANDIDATE_GE16,4,80,39.8106183400511,1
V2,dual_range_Vabs_Vedge,external_16bit_reference,16,13.5,5000000,high_load,0.0001,0.075,6.10360875867857e-05,0.00122072175173571,6300.23126874718,180.30480056671,1.63299316185545,CANDIDATE_GE16,CANDIDATE_GE16,4,80,39.8106183400511,1
V2,dual_range_Vabs_Vedge,external_16bit_reference,16,13.5,5000000,high_load,0.0001,0.1,6.10360875867857e-05,0.00122072175173571,8400.30835832957,180.30480056671,1.63299316185545,CANDIDATE_GE16,CANDIDATE_GE16,4,80,39.8106183400511,1
V2,dual_range_Vabs_Vedge,external_16bit_reference,16,13.5,5000000,high_D,8e-05,0.05,6.10360875867857e-05,0.00122072175173571,13152.6241877928,661.866038142107,1.63299316185545,CANDIDATE_GE16,CANDIDATE_GE16,4,80,68.3499448770754,1
V2,dual_range_Vabs_Vedge,external_16bit_reference,16,13.5,5000000,high_D,8e-05,0.075,6.10360875867857e-05,0.00122072175173571,19728.9362816892,661.866038142107,1.63299316185545,CANDIDATE_GE16,CANDIDATE_GE16,4,80,68.3499448770754,1
V2,dual_range_Vabs_Vedge,external_16bit_reference,16,13.5,5000000,high_D,8e-05,0.1,6.10360875867857e-05,0.00122072175173571,26305.2483755855,661.866038142107,1.63299316185545,CANDIDATE_GE16,CANDIDATE_GE16,4,80,68.3499448770754,1
V2,dual_range_Vabs_Vedge,external_16bit_reference,16,13.5,5000000,high_D,9e-05,0.05,6.10360875867857e-05,0.00122072175173571,13152.6241877928,588.325367237429,1.63299316185545,CANDIDATE_GE16,CANDIDATE_GE16,4,80,68.3499448770754,1
V2,dual_range_Vabs_Vedge,external_16bit_reference,16,13.5,5000000,high_D,9e-05,0.075,6.10360875867857e-05,0.00122072175173571,19728.9362816892,588.325367237429,1.63299316185545,CANDIDATE_GE16,CANDIDATE_GE16,4,80,68.3499448770754,1
V2,dual_range_Vabs_Vedge,external_16bit_reference,16,13.5,5000000,high_D,9e-05,0.1,6.10360875867857e-05,0.00122072175173571,26305.2483755855,588.325367237429,1.63299316185545,CANDIDATE_GE16,CANDIDATE_GE16,4,80,68.3499448770754,1
V2,dual_range_Vabs_Vedge,external_16bit_reference,16,13.5,5000000,high_D,0.0001,0.05,6.10360875867857e-05,0.00122072175173571,13152.6241877928,529.492830513686,1.63299316185545,CANDIDATE_GE16,CANDIDATE_GE16,4,80,68.3499448770754,1
V2,dual_range_Vabs_Vedge,external_16bit_reference,16,13.5,5000000,high_D,0.0001,0.075,6.10360875867857e-05,0.00122072175173571,19728.9362816892,529.492830513686,1.63299316185545,CANDIDATE_GE16,CANDIDATE_GE16,4,80,68.3499448770754,1
V2,dual_range_Vabs_Vedge,external_16bit_reference,16,13.5,5000000,high_D,0.0001,0.1,6.10360875867857e-05,0.00122072175173571,26305.2483755855,529.492830513686,1.63299316185545,CANDIDATE_GE16,CANDIDATE_GE16,4,80,68.3499448770754,1
V3,level_shifted_precision_window,native_12bit_highspeed,12,10.5,4000000,low_CCM_margin,8e-05,0.05,0.010989010989011,0.010989010989011,2.90685505226111,3.0716563335843,0.816496580927726,HIGH_RISK_LT4,HIGH_RISK_LT4,45,45,39.8411703854547,0
V3,level_shifted_precision_window,native_12bit_highspeed,12,10.5,4000000,low_CCM_margin,8e-05,0.075,0.010989010989011,0.010989010989011,4.36028257839166,3.0716563335843,0.816496580927726,QUANTIZATION_SENSITIVE_4_TO_16,HIGH_RISK_LT4,45,45,39.8411703854547,0
V3,level_shifted_precision_window,native_12bit_highspeed,12,10.5,4000000,low_CCM_margin,8e-05,0.1,0.010989010989011,0.010989010989011,5.81371010452221,3.0716563335843,0.816496580927726,QUANTIZATION_SENSITIVE_4_TO_16,HIGH_RISK_LT4,45,45,39.8411703854547,0
V3,level_shifted_precision_window,native_12bit_highspeed,12,10.5,4000000,low_CCM_margin,9e-05,0.05,0.010989010989011,0.010989010989011,2.90685505226111,2.73036118540827,0.816496580927726,HIGH_RISK_LT4,HIGH_RISK_LT4,45,45,39.8411703854547,0
V3,level_shifted_precision_window,native_12bit_highspeed,12,10.5,4000000,low_CCM_margin,9e-05,0.075,0.010989010989011,0.010989010989011,4.36028257839166,2.73036118540827,0.816496580927726,QUANTIZATION_SENSITIVE_4_TO_16,HIGH_RISK_LT4,45,45,39.8411703854547,0
V3,level_shifted_precision_window,native_12bit_highspeed,12,10.5,4000000,low_CCM_margin,9e-05,0.1,0.010989010989011,0.010989010989011,5.81371010452221,2.73036118540827,0.816496580927726,QUANTIZATION_SENSITIVE_4_TO_16,HIGH_RISK_LT4,45,45,39.8411703854547,0
V3,level_shifted_precision_window,native_12bit_highspeed,12,10.5,4000000,low_CCM_margin,0.0001,0.05,0.010989010989011,0.010989010989011,2.90685505226111,2.45732506686744,0.816496580927726,HIGH_RISK_LT4,HIGH_RISK_LT4,45,45,39.8411703854547,0
V3,level_shifted_precision_window,native_12bit_highspeed,12,10.5,4000000,low_CCM_margin,0.0001,0.075,0.010989010989011,0.010989010989011,4.36028257839166,2.45732506686744,0.816496580927726,QUANTIZATION_SENSITIVE_4_TO_16,HIGH_RISK_LT4,45,45,39.8411703854547,0
V3,level_shifted_precision_window,native_12bit_highspeed,12,10.5,4000000,low_CCM_margin,0.0001,0.1,0.010989010989011,0.010989010989011,5.81371010452221,2.45732506686744,0.816496580927726,QUANTIZATION_SENSITIVE_4_TO_16,HIGH_RISK_LT4,45,45,39.8411703854547,0
V3,level_shifted_precision_window,native_12bit_highspeed,12,10.5,4000000,nominal,8e-05,0.05,0.010989010989011,0.010989010989011,11.1406683128084,11.8843821526156,0.816496580927726,QUANTIZATION_SENSITIVE_4_TO_16,QUANTIZATION_SENSITIVE_4_TO_16,45,45,39.8317385273166,0
V3,level_shifted_precision_window,native_12bit_highspeed,12,10.5,4000000,nominal,8e-05,0.075,0.010989010989011,0.010989010989011,16.7110024692126,11.8843821526156,0.816496580927726,CANDIDATE_GE16,QUANTIZATION_SENSITIVE_4_TO_16,45,45,39.8317385273166,0
V3,level_shifted_precision_window,native_12bit_highspeed,12,10.5,4000000,nominal,8e-05,0.1,0.010989010989011,0.010989010989011,22.2813366256168,11.8843821526156,0.816496580927726,CANDIDATE_GE16,QUANTIZATION_SENSITIVE_4_TO_16,45,45,39.8317385273166,0
V3,level_shifted_precision_window,native_12bit_highspeed,12,10.5,4000000,nominal,9e-05,0.05,0.010989010989011,0.010989010989011,11.1406683128084,10.5638952467694,0.816496580927726,QUANTIZATION_SENSITIVE_4_TO_16,QUANTIZATION_SENSITIVE_4_TO_16,45,45,39.8317385273166,0
V3,level_shifted_precision_window,native_12bit_highspeed,12,10.5,4000000,nominal,9e-05,0.075,0.010989010989011,0.010989010989011,16.7110024692126,10.5638952467694,0.816496580927726,CANDIDATE_GE16,QUANTIZATION_SENSITIVE_4_TO_16,45,45,39.8317385273166,0
V3,level_shifted_precision_window,native_12bit_highspeed,12,10.5,4000000,nominal,9e-05,0.1,0.010989010989011,0.010989010989011,22.2813366256168,10.5638952467694,0.816496580927726,CANDIDATE_GE16,QUANTIZATION_SENSITIVE_4_TO_16,45,45,39.8317385273166,0
V3,level_shifted_precision_window,native_12bit_highspeed,12,10.5,4000000,nominal,0.0001,0.05,0.010989010989011,0.010989010989011,11.1406683128084,9.5075057220925,0.816496580927726,QUANTIZATION_SENSITIVE_4_TO_16,QUANTIZATION_SENSITIVE_4_TO_16,45,45,39.8317385273166,0
V3,level_shifted_precision_window,native_12bit_highspeed,12,10.5,4000000,nominal,0.0001,0.075,0.010989010989011,0.010989010989011,16.7110024692126,9.5075057220925,0.816496580927726,CANDIDATE_GE16,QUANTIZATION_SENSITIVE_4_TO_16,45,45,39.8317385273166,0
V3,level_shifted_precision_window,native_12bit_highspeed,12,10.5,4000000,nominal,0.0001,0.1,0.010989010989011,0.010989010989011,22.2813366256168,9.5075057220925,0.816496580927726,CANDIDATE_GE16,QUANTIZATION_SENSITIVE_4_TO_16,45,45,39.8317385273166,0
V3,level_shifted_precision_window,native_12bit_highspeed,12,10.5,4000000,high_load,8e-05,0.05,0.010989010989011,0.010989010989011,23.328849030533,25.0366015893349,0.816496580927726,CANDIDATE_GE16,CANDIDATE_GE16,45,45,39.8106183400511,0
V3,level_shifted_precision_window,native_12bit_highspeed,12,10.5,4000000,high_load,8e-05,0.075,0.010989010989011,0.010989010989011,34.9932735457995,25.0366015893349,0.816496580927726,CANDIDATE_GE16,CANDIDATE_GE16,45,45,39.8106183400511,0
V3,level_shifted_precision_window,native_12bit_highspeed,12,10.5,4000000,high_load,8e-05,0.1,0.010989010989011,0.010989010989011,46.6576980610661,25.0366015893349,0.816496580927726,CANDIDATE_GE16,CANDIDATE_GE16,45,45,39.8106183400511,0
V3,level_shifted_precision_window,native_12bit_highspeed,12,10.5,4000000,high_load,9e-05,0.05,0.010989010989011,0.010989010989011,23.328849030533,22.2547569682977,0.816496580927726,CANDIDATE_GE16,CANDIDATE_GE16,45,45,39.8106183400511,0
V3,level_shifted_precision_window,native_12bit_highspeed,12,10.5,4000000,high_load,9e-05,0.075,0.010989010989011,0.010989010989011,34.9932735457995,22.2547569682977,0.816496580927726,CANDIDATE_GE16,CANDIDATE_GE16,45,45,39.8106183400511,0
V3,level_shifted_precision_window,native_12bit_highspeed,12,10.5,4000000,high_load,9e-05,0.1,0.010989010989011,0.010989010989011,46.6576980610661,22.2547569682977,0.816496580927726,CANDIDATE_GE16,CANDIDATE_GE16,45,45,39.8106183400511,0
V3,level_shifted_precision_window,native_12bit_highspeed,12,10.5,4000000,high_load,0.0001,0.05,0.010989010989011,0.010989010989011,23.328849030533,20.0292812714679,0.816496580927726,CANDIDATE_GE16,CANDIDATE_GE16,45,45,39.8106183400511,0
V3,level_shifted_precision_window,native_12bit_highspeed,12,10.5,4000000,high_load,0.0001,0.075,0.010989010989011,0.010989010989011,34.9932735457995,20.0292812714679,0.816496580927726,CANDIDATE_GE16,CANDIDATE_GE16,45,45,39.8106183400511,0
V3,level_shifted_precision_window,native_12bit_highspeed,12,10.5,4000000,high_load,0.0001,0.1,0.010989010989011,0.010989010989011,46.6576980610661,20.0292812714679,0.816496580927726,CANDIDATE_GE16,CANDIDATE_GE16,45,45,39.8106183400511,0
V3,level_shifted_precision_window,native_12bit_highspeed,12,10.5,4000000,high_D,8e-05,0.05,0.010989010989011,0.010989010989011,73.0534096949198,73.5238385240641,0.816496580927726,CANDIDATE_GE16,CANDIDATE_GE16,45,45,68.3499448770754,0
V3,level_shifted_precision_window,native_12bit_highspeed,12,10.5,4000000,high_D,8e-05,0.075,0.010989010989011,0.010989010989011,109.58011454238,73.5238385240641,0.816496580927726,CANDIDATE_GE16,CANDIDATE_GE16,45,45,68.3499448770754,0
V3,level_shifted_precision_window,native_12bit_highspeed,12,10.5,4000000,high_D,8e-05,0.1,0.010989010989011,0.010989010989011,146.10681938984,73.5238385240641,0.816496580927726,CANDIDATE_GE16,CANDIDATE_GE16,45,45,68.3499448770754,0
V3,level_shifted_precision_window,native_12bit_highspeed,12,10.5,4000000,high_D,9e-05,0.05,0.010989010989011,0.010989010989011,73.0534096949198,65.3545231325014,0.816496580927726,CANDIDATE_GE16,CANDIDATE_GE16,45,45,68.3499448770754,0
V3,level_shifted_precision_window,native_12bit_highspeed,12,10.5,4000000,high_D,9e-05,0.075,0.010989010989011,0.010989010989011,109.58011454238,65.3545231325014,0.816496580927726,CANDIDATE_GE16,CANDIDATE_GE16,45,45,68.3499448770754,0
V3,level_shifted_precision_window,native_12bit_highspeed,12,10.5,4000000,high_D,9e-05,0.1,0.010989010989011,0.010989010989011,146.10681938984,65.3545231325014,0.816496580927726,CANDIDATE_GE16,CANDIDATE_GE16,45,45,68.3499448770754,0
V3,level_shifted_precision_window,native_12bit_highspeed,12,10.5,4000000,high_D,0.0001,0.05,0.010989010989011,0.010989010989011,73.0534096949198,58.8190708192513,0.816496580927726,CANDIDATE_GE16,CANDIDATE_GE16,45,45,68.3499448770754,0
V3,level_shifted_precision_window,native_12bit_highspeed,12,10.5,4000000,high_D,0.0001,0.075,0.010989010989011,0.010989010989011,109.58011454238,58.8190708192513,0.816496580927726,CANDIDATE_GE16,CANDIDATE_GE16,45,45,68.3499448770754,0
V3,level_shifted_precision_window,native_12bit_highspeed,12,10.5,4000000,high_D,0.0001,0.1,0.010989010989011,0.010989010989011,146.10681938984,58.8190708192513,0.816496580927726,CANDIDATE_GE16,CANDIDATE_GE16,45,45,68.3499448770754,0
V3,level_shifted_precision_window,native_16bit_slow,16,13.5,1100000,low_CCM_margin,8e-05,0.05,0.000686655985351339,0.000686655985351339,46.520328656882,49.1577528257503,1.63299316185545,CANDIDATE_GE16,CANDIDATE_GE16,45,45,39.8411703854547,0
V3,level_shifted_precision_window,native_16bit_slow,16,13.5,1100000,low_CCM_margin,8e-05,0.075,0.000686655985351339,0.000686655985351339,69.780492985323,49.1577528257503,1.63299316185545,CANDIDATE_GE16,CANDIDATE_GE16,45,45,39.8411703854547,0
V3,level_shifted_precision_window,native_16bit_slow,16,13.5,1100000,low_CCM_margin,8e-05,0.1,0.000686655985351339,0.000686655985351339,93.0406573137639,49.1577528257503,1.63299316185545,CANDIDATE_GE16,CANDIDATE_GE16,45,45,39.8411703854547,0
V3,level_shifted_precision_window,native_16bit_slow,16,13.5,1100000,low_CCM_margin,9e-05,0.05,0.000686655985351339,0.000686655985351339,46.520328656882,43.6957802895558,1.63299316185545,CANDIDATE_GE16,CANDIDATE_GE16,45,45,39.8411703854547,0
V3,level_shifted_precision_window,native_16bit_slow,16,13.5,1100000,low_CCM_margin,9e-05,0.075,0.000686655985351339,0.000686655985351339,69.780492985323,43.6957802895558,1.63299316185545,CANDIDATE_GE16,CANDIDATE_GE16,45,45,39.8411703854547,0
V3,level_shifted_precision_window,native_16bit_slow,16,13.5,1100000,low_CCM_margin,9e-05,0.1,0.000686655985351339,0.000686655985351339,93.0406573137639,43.6957802895558,1.63299316185545,CANDIDATE_GE16,CANDIDATE_GE16,45,45,39.8411703854547,0
V3,level_shifted_precision_window,native_16bit_slow,16,13.5,1100000,low_CCM_margin,0.0001,0.05,0.000686655985351339,0.000686655985351339,46.520328656882,39.3262022606002,1.63299316185545,CANDIDATE_GE16,CANDIDATE_GE16,45,45,39.8411703854547,0
V3,level_shifted_precision_window,native_16bit_slow,16,13.5,1100000,low_CCM_margin,0.0001,0.075,0.000686655985351339,0.000686655985351339,69.780492985323,39.3262022606002,1.63299316185545,CANDIDATE_GE16,CANDIDATE_GE16,45,45,39.8411703854547,0
V3,level_shifted_precision_window,native_16bit_slow,16,13.5,1100000,low_CCM_margin,0.0001,0.1,0.000686655985351339,0.000686655985351339,93.0406573137639,39.3262022606002,1.63299316185545,CANDIDATE_GE16,CANDIDATE_GE16,45,45,39.8411703854547,0
V3,level_shifted_precision_window,native_16bit_slow,16,13.5,1100000,nominal,8e-05,0.05,0.000686655985351339,0.000686655985351339,178.291501313773,190.193646977208,1.63299316185545,CANDIDATE_GE16,CANDIDATE_GE16,45,45,39.8317385273166,0
V3,level_shifted_precision_window,native_16bit_slow,16,13.5,1100000,nominal,8e-05,0.075,0.000686655985351339,0.000686655985351339,267.437251970659,190.193646977208,1.63299316185545,CANDIDATE_GE16,CANDIDATE_GE16,45,45,39.8317385273166,0
V3,level_shifted_precision_window,native_16bit_slow,16,13.5,1100000,nominal,8e-05,0.1,0.000686655985351339,0.000686655985351339,356.583002627545,190.193646977208,1.63299316185545,CANDIDATE_GE16,CANDIDATE_GE16,45,45,39.8317385273166,0
V3,level_shifted_precision_window,native_16bit_slow,16,13.5,1100000,nominal,9e-05,0.05,0.000686655985351339,0.000686655985351339,178.291501313773,169.061019535296,1.63299316185545,CANDIDATE_GE16,CANDIDATE_GE16,45,45,39.8317385273166,0
V3,level_shifted_precision_window,native_16bit_slow,16,13.5,1100000,nominal,9e-05,0.075,0.000686655985351339,0.000686655985351339,267.437251970659,169.061019535296,1.63299316185545,CANDIDATE_GE16,CANDIDATE_GE16,45,45,39.8317385273166,0
V3,level_shifted_precision_window,native_16bit_slow,16,13.5,1100000,nominal,9e-05,0.1,0.000686655985351339,0.000686655985351339,356.583002627545,169.061019535296,1.63299316185545,CANDIDATE_GE16,CANDIDATE_GE16,45,45,39.8317385273166,0
V3,level_shifted_precision_window,native_16bit_slow,16,13.5,1100000,nominal,0.0001,0.05,0.000686655985351339,0.000686655985351339,178.291501313773,152.154917581766,1.63299316185545,CANDIDATE_GE16,CANDIDATE_GE16,45,45,39.8317385273166,0
V3,level_shifted_precision_window,native_16bit_slow,16,13.5,1100000,nominal,0.0001,0.075,0.000686655985351339,0.000686655985351339,267.437251970659,152.154917581766,1.63299316185545,CANDIDATE_GE16,CANDIDATE_GE16,45,45,39.8317385273166,0
V3,level_shifted_precision_window,native_16bit_slow,16,13.5,1100000,nominal,0.0001,0.1,0.000686655985351339,0.000686655985351339,356.583002627545,152.154917581766,1.63299316185545,CANDIDATE_GE16,CANDIDATE_GE16,45,45,39.8317385273166,0
V3,level_shifted_precision_window,native_16bit_slow,16,13.5,1100000,high_load,8e-05,0.05,0.000686655985351339,0.000686655985351339,373.347038147981,400.67733459269,1.63299316185545,CANDIDATE_GE16,CANDIDATE_GE16,45,45,39.8106183400511,0
V3,level_shifted_precision_window,native_16bit_slow,16,13.5,1100000,high_load,8e-05,0.075,0.000686655985351339,0.000686655985351339,560.020557221971,400.67733459269,1.63299316185545,CANDIDATE_GE16,CANDIDATE_GE16,45,45,39.8106183400511,0
V3,level_shifted_precision_window,native_16bit_slow,16,13.5,1100000,high_load,8e-05,0.1,0.000686655985351339,0.000686655985351339,746.694076295962,400.67733459269,1.63299316185545,CANDIDATE_GE16,CANDIDATE_GE16,45,45,39.8106183400511,0
V3,level_shifted_precision_window,native_16bit_slow,16,13.5,1100000,high_load,9e-05,0.05,0.000686655985351339,0.000686655985351339,373.347038147981,356.157630749058,1.63299316185545,CANDIDATE_GE16,CANDIDATE_GE16,45,45,39.8106183400511,0
V3,level_shifted_precision_window,native_16bit_slow,16,13.5,1100000,high_load,9e-05,0.075,0.000686655985351339,0.000686655985351339,560.020557221971,356.157630749058,1.63299316185545,CANDIDATE_GE16,CANDIDATE_GE16,45,45,39.8106183400511,0
V3,level_shifted_precision_window,native_16bit_slow,16,13.5,1100000,high_load,9e-05,0.1,0.000686655985351339,0.000686655985351339,746.694076295962,356.157630749058,1.63299316185545,CANDIDATE_GE16,CANDIDATE_GE16,45,45,39.8106183400511,0
V3,level_shifted_precision_window,native_16bit_slow,16,13.5,1100000,high_load,0.0001,0.05,0.000686655985351339,0.000686655985351339,373.347038147981,320.541867674152,1.63299316185545,CANDIDATE_GE16,CANDIDATE_GE16,45,45,39.8106183400511,0
V3,level_shifted_precision_window,native_16bit_slow,16,13.5,1100000,high_load,0.0001,0.075,0.000686655985351339,0.000686655985351339,560.020557221971,320.541867674152,1.63299316185545,CANDIDATE_GE16,CANDIDATE_GE16,45,45,39.8106183400511,0
V3,level_shifted_precision_window,native_16bit_slow,16,13.5,1100000,high_load,0.0001,0.1,0.000686655985351339,0.000686655985351339,746.694076295962,320.541867674152,1.63299316185545,CANDIDATE_GE16,CANDIDATE_GE16,45,45,39.8106183400511,0
V3,level_shifted_precision_window,native_16bit_slow,16,13.5,1100000,high_D,8e-05,0.05,0.000686655985351339,0.000686655985351339,1169.12215002602,1176.65073447486,1.63299316185545,CANDIDATE_GE16,CANDIDATE_GE16,45,45,68.3499448770754,0
V3,level_shifted_precision_window,native_16bit_slow,16,13.5,1100000,high_D,8e-05,0.075,0.000686655985351339,0.000686655985351339,1753.68322503904,1176.65073447486,1.63299316185545,CANDIDATE_GE16,CANDIDATE_GE16,45,45,68.3499448770754,0
V3,level_shifted_precision_window,native_16bit_slow,16,13.5,1100000,high_D,8e-05,0.1,0.000686655985351339,0.000686655985351339,2338.24430005205,1176.65073447486,1.63299316185545,CANDIDATE_GE16,CANDIDATE_GE16,45,45,68.3499448770754,0
V3,level_shifted_precision_window,native_16bit_slow,16,13.5,1100000,high_D,9e-05,0.05,0.000686655985351339,0.000686655985351339,1169.12215002602,1045.91176397765,1.63299316185545,CANDIDATE_GE16,CANDIDATE_GE16,45,45,68.3499448770754,0
V3,level_shifted_precision_window,native_16bit_slow,16,13.5,1100000,high_D,9e-05,0.075,0.000686655985351339,0.000686655985351339,1753.68322503904,1045.91176397765,1.63299316185545,CANDIDATE_GE16,CANDIDATE_GE16,45,45,68.3499448770754,0
V3,level_shifted_precision_window,native_16bit_slow,16,13.5,1100000,high_D,9e-05,0.1,0.000686655985351339,0.000686655985351339,2338.24430005205,1045.91176397765,1.63299316185545,CANDIDATE_GE16,CANDIDATE_GE16,45,45,68.3499448770754,0
V3,level_shifted_precision_window,native_16bit_slow,16,13.5,1100000,high_D,0.0001,0.05,0.000686655985351339,0.000686655985351339,1169.12215002602,941.320587579886,1.63299316185545,CANDIDATE_GE16,CANDIDATE_GE16,45,45,68.3499448770754,0
V3,level_shifted_precision_window,native_16bit_slow,16,13.5,1100000,high_D,0.0001,0.075,0.000686655985351339,0.000686655985351339,1753.68322503904,941.320587579886,1.63299316185545,CANDIDATE_GE16,CANDIDATE_GE16,45,45,68.3499448770754,0
V3,level_shifted_precision_window,native_16bit_slow,16,13.5,1100000,high_D,0.0001,0.1,0.000686655985351339,0.000686655985351339,2338.24430005205,941.320587579886,1.63299316185545,CANDIDATE_GE16,CANDIDATE_GE16,45,45,68.3499448770754,0
V3,level_shifted_precision_window,external_14bit_reference,14,12,5000000,low_CCM_margin,8e-05,0.05,0.00274674967954587,0.00274674967954587,11.6295497731853,12.2888756320175,1.15470053837925,QUANTIZATION_SENSITIVE_4_TO_16,QUANTIZATION_SENSITIVE_4_TO_16,45,45,39.8411703854547,0
V3,level_shifted_precision_window,external_14bit_reference,14,12,5000000,low_CCM_margin,8e-05,0.075,0.00274674967954587,0.00274674967954587,17.4443246597779,12.2888756320175,1.15470053837925,CANDIDATE_GE16,QUANTIZATION_SENSITIVE_4_TO_16,45,45,39.8411703854547,0
V3,level_shifted_precision_window,external_14bit_reference,14,12,5000000,low_CCM_margin,8e-05,0.1,0.00274674967954587,0.00274674967954587,23.2590995463706,12.2888756320175,1.15470053837925,CANDIDATE_GE16,QUANTIZATION_SENSITIVE_4_TO_16,45,45,39.8411703854547,0
V3,level_shifted_precision_window,external_14bit_reference,14,12,5000000,low_CCM_margin,9e-05,0.05,0.00274674967954587,0.00274674967954587,11.6295497731853,10.9234450062378,1.15470053837925,QUANTIZATION_SENSITIVE_4_TO_16,QUANTIZATION_SENSITIVE_4_TO_16,45,45,39.8411703854547,0
V3,level_shifted_precision_window,external_14bit_reference,14,12,5000000,low_CCM_margin,9e-05,0.075,0.00274674967954587,0.00274674967954587,17.4443246597779,10.9234450062378,1.15470053837925,CANDIDATE_GE16,QUANTIZATION_SENSITIVE_4_TO_16,45,45,39.8411703854547,0
V3,level_shifted_precision_window,external_14bit_reference,14,12,5000000,low_CCM_margin,9e-05,0.1,0.00274674967954587,0.00274674967954587,23.2590995463706,10.9234450062378,1.15470053837925,CANDIDATE_GE16,QUANTIZATION_SENSITIVE_4_TO_16,45,45,39.8411703854547,0
V3,level_shifted_precision_window,external_14bit_reference,14,12,5000000,low_CCM_margin,0.0001,0.05,0.00274674967954587,0.00274674967954587,11.6295497731853,9.831100505614,1.15470053837925,QUANTIZATION_SENSITIVE_4_TO_16,QUANTIZATION_SENSITIVE_4_TO_16,45,45,39.8411703854547,0
V3,level_shifted_precision_window,external_14bit_reference,14,12,5000000,low_CCM_margin,0.0001,0.075,0.00274674967954587,0.00274674967954587,17.4443246597779,9.831100505614,1.15470053837925,CANDIDATE_GE16,QUANTIZATION_SENSITIVE_4_TO_16,45,45,39.8411703854547,0
V3,level_shifted_precision_window,external_14bit_reference,14,12,5000000,low_CCM_margin,0.0001,0.1,0.00274674967954587,0.00274674967954587,23.2590995463706,9.831100505614,1.15470053837925,CANDIDATE_GE16,QUANTIZATION_SENSITIVE_4_TO_16,45,45,39.8411703854547,0
V3,level_shifted_precision_window,external_14bit_reference,14,12,5000000,nominal,8e-05,0.05,0.00274674967954587,0.00274674967954587,44.5708349130013,47.546235117534,1.15470053837925,CANDIDATE_GE16,CANDIDATE_GE16,45,45,39.8317385273166,0
V3,level_shifted_precision_window,external_14bit_reference,14,12,5000000,nominal,8e-05,0.075,0.00274674967954587,0.00274674967954587,66.8562523695019,47.546235117534,1.15470053837925,CANDIDATE_GE16,CANDIDATE_GE16,45,45,39.8317385273166,0
V3,level_shifted_precision_window,external_14bit_reference,14,12,5000000,nominal,8e-05,0.1,0.00274674967954587,0.00274674967954587,89.1416698260025,47.546235117534,1.15470053837925,CANDIDATE_GE16,CANDIDATE_GE16,45,45,39.8317385273166,0
V3,level_shifted_precision_window,external_14bit_reference,14,12,5000000,nominal,9e-05,0.05,0.00274674967954587,0.00274674967954587,44.5708349130013,42.2633201044747,1.15470053837925,CANDIDATE_GE16,CANDIDATE_GE16,45,45,39.8317385273166,0
V3,level_shifted_precision_window,external_14bit_reference,14,12,5000000,nominal,9e-05,0.075,0.00274674967954587,0.00274674967954587,66.8562523695019,42.2633201044747,1.15470053837925,CANDIDATE_GE16,CANDIDATE_GE16,45,45,39.8317385273166,0
V3,level_shifted_precision_window,external_14bit_reference,14,12,5000000,nominal,9e-05,0.1,0.00274674967954587,0.00274674967954587,89.1416698260025,42.2633201044747,1.15470053837925,CANDIDATE_GE16,CANDIDATE_GE16,45,45,39.8317385273166,0
V3,level_shifted_precision_window,external_14bit_reference,14,12,5000000,nominal,0.0001,0.05,0.00274674967954587,0.00274674967954587,44.5708349130013,38.0369880940272,1.15470053837925,CANDIDATE_GE16,CANDIDATE_GE16,45,45,39.8317385273166,0
V3,level_shifted_precision_window,external_14bit_reference,14,12,5000000,nominal,0.0001,0.075,0.00274674967954587,0.00274674967954587,66.8562523695019,38.0369880940272,1.15470053837925,CANDIDATE_GE16,CANDIDATE_GE16,45,45,39.8317385273166,0
V3,level_shifted_precision_window,external_14bit_reference,14,12,5000000,nominal,0.0001,0.1,0.00274674967954587,0.00274674967954587,89.1416698260025,38.0369880940272,1.15470053837925,CANDIDATE_GE16,CANDIDATE_GE16,45,45,39.8317385273166,0
V3,level_shifted_precision_window,external_14bit_reference,14,12,5000000,high_load,8e-05,0.05,0.00274674967954587,0.00274674967954587,93.3324868540226,100.164748190006,1.15470053837925,CANDIDATE_GE16,CANDIDATE_GE16,45,45,39.8106183400511,0
V3,level_shifted_precision_window,external_14bit_reference,14,12,5000000,high_load,8e-05,0.075,0.00274674967954587,0.00274674967954587,139.998730281034,100.164748190006,1.15470053837925,CANDIDATE_GE16,CANDIDATE_GE16,45,45,39.8106183400511,0
V3,level_shifted_precision_window,external_14bit_reference,14,12,5000000,high_load,8e-05,0.1,0.00274674967954587,0.00274674967954587,186.664973708045,100.164748190006,1.15470053837925,CANDIDATE_GE16,CANDIDATE_GE16,45,45,39.8106183400511,0
V3,level_shifted_precision_window,external_14bit_reference,14,12,5000000,high_load,9e-05,0.05,0.00274674967954587,0.00274674967954587,93.3324868540226,89.0353317244497,1.15470053837925,CANDIDATE_GE16,CANDIDATE_GE16,45,45,39.8106183400511,0
V3,level_shifted_precision_window,external_14bit_reference,14,12,5000000,high_load,9e-05,0.075,0.00274674967954587,0.00274674967954587,139.998730281034,89.0353317244497,1.15470053837925,CANDIDATE_GE16,CANDIDATE_GE16,45,45,39.8106183400511,0
V3,level_shifted_precision_window,external_14bit_reference,14,12,5000000,high_load,9e-05,0.1,0.00274674967954587,0.00274674967954587,186.664973708045,89.0353317244497,1.15470053837925,CANDIDATE_GE16,CANDIDATE_GE16,45,45,39.8106183400511,0
V3,level_shifted_precision_window,external_14bit_reference,14,12,5000000,high_load,0.0001,0.05,0.00274674967954587,0.00274674967954587,93.3324868540226,80.1317985520047,1.15470053837925,CANDIDATE_GE16,CANDIDATE_GE16,45,45,39.8106183400511,0
V3,level_shifted_precision_window,external_14bit_reference,14,12,5000000,high_load,0.0001,0.075,0.00274674967954587,0.00274674967954587,139.998730281034,80.1317985520047,1.15470053837925,CANDIDATE_GE16,CANDIDATE_GE16,45,45,39.8106183400511,0
V3,level_shifted_precision_window,external_14bit_reference,14,12,5000000,high_load,0.0001,0.1,0.00274674967954587,0.00274674967954587,186.664973708045,80.1317985520047,1.15470053837925,CANDIDATE_GE16,CANDIDATE_GE16,45,45,39.8106183400511,0
V3,level_shifted_precision_window,external_14bit_reference,14,12,5000000,high_D,8e-05,0.05,0.00274674967954587,0.00274674967954587,292.267157761141,294.149217714223,1.15470053837925,CANDIDATE_GE16,CANDIDATE_GE16,45,45,68.3499448770754,0
V3,level_shifted_precision_window,external_14bit_reference,14,12,5000000,high_D,8e-05,0.075,0.00274674967954587,0.00274674967954587,438.400736641711,294.149217714223,1.15470053837925,CANDIDATE_GE16,CANDIDATE_GE16,45,45,68.3499448770754,0
V3,level_shifted_precision_window,external_14bit_reference,14,12,5000000,high_D,8e-05,0.1,0.00274674967954587,0.00274674967954587,584.534315522281,294.149217714223,1.15470053837925,CANDIDATE_GE16,CANDIDATE_GE16,45,45,68.3499448770754,0
V3,level_shifted_precision_window,external_14bit_reference,14,12,5000000,high_D,9e-05,0.05,0.00274674967954587,0.00274674967954587,292.267157761141,261.465971301531,1.15470053837925,CANDIDATE_GE16,CANDIDATE_GE16,45,45,68.3499448770754,0
V3,level_shifted_precision_window,external_14bit_reference,14,12,5000000,high_D,9e-05,0.075,0.00274674967954587,0.00274674967954587,438.400736641711,261.465971301531,1.15470053837925,CANDIDATE_GE16,CANDIDATE_GE16,45,45,68.3499448770754,0
V3,level_shifted_precision_window,external_14bit_reference,14,12,5000000,high_D,9e-05,0.1,0.00274674967954587,0.00274674967954587,584.534315522281,261.465971301531,1.15470053837925,CANDIDATE_GE16,CANDIDATE_GE16,45,45,68.3499448770754,0
V3,level_shifted_precision_window,external_14bit_reference,14,12,5000000,high_D,0.0001,0.05,0.00274674967954587,0.00274674967954587,292.267157761141,235.319374171378,1.15470053837925,CANDIDATE_GE16,CANDIDATE_GE16,45,45,68.3499448770754,0
V3,level_shifted_precision_window,external_14bit_reference,14,12,5000000,high_D,0.0001,0.075,0.00274674967954587,0.00274674967954587,438.400736641711,235.319374171378,1.15470053837925,CANDIDATE_GE16,CANDIDATE_GE16,45,45,68.3499448770754,0
V3,level_shifted_precision_window,external_14bit_reference,14,12,5000000,high_D,0.0001,0.1,0.00274674967954587,0.00274674967954587,584.534315522281,235.319374171378,1.15470053837925,CANDIDATE_GE16,CANDIDATE_GE16,45,45,68.3499448770754,0
V3,level_shifted_precision_window,external_16bit_reference,16,13.5,5000000,low_CCM_margin,8e-05,0.05,0.000686655985351339,0.000686655985351339,46.520328656882,49.1577528257503,1.63299316185545,CANDIDATE_GE16,CANDIDATE_GE16,45,45,39.8411703854547,0
V3,level_shifted_precision_window,external_16bit_reference,16,13.5,5000000,low_CCM_margin,8e-05,0.075,0.000686655985351339,0.000686655985351339,69.780492985323,49.1577528257503,1.63299316185545,CANDIDATE_GE16,CANDIDATE_GE16,45,45,39.8411703854547,0
V3,level_shifted_precision_window,external_16bit_reference,16,13.5,5000000,low_CCM_margin,8e-05,0.1,0.000686655985351339,0.000686655985351339,93.0406573137639,49.1577528257503,1.63299316185545,CANDIDATE_GE16,CANDIDATE_GE16,45,45,39.8411703854547,0
V3,level_shifted_precision_window,external_16bit_reference,16,13.5,5000000,low_CCM_margin,9e-05,0.05,0.000686655985351339,0.000686655985351339,46.520328656882,43.6957802895558,1.63299316185545,CANDIDATE_GE16,CANDIDATE_GE16,45,45,39.8411703854547,0
V3,level_shifted_precision_window,external_16bit_reference,16,13.5,5000000,low_CCM_margin,9e-05,0.075,0.000686655985351339,0.000686655985351339,69.780492985323,43.6957802895558,1.63299316185545,CANDIDATE_GE16,CANDIDATE_GE16,45,45,39.8411703854547,0
V3,level_shifted_precision_window,external_16bit_reference,16,13.5,5000000,low_CCM_margin,9e-05,0.1,0.000686655985351339,0.000686655985351339,93.0406573137639,43.6957802895558,1.63299316185545,CANDIDATE_GE16,CANDIDATE_GE16,45,45,39.8411703854547,0
V3,level_shifted_precision_window,external_16bit_reference,16,13.5,5000000,low_CCM_margin,0.0001,0.05,0.000686655985351339,0.000686655985351339,46.520328656882,39.3262022606002,1.63299316185545,CANDIDATE_GE16,CANDIDATE_GE16,45,45,39.8411703854547,0
V3,level_shifted_precision_window,external_16bit_reference,16,13.5,5000000,low_CCM_margin,0.0001,0.075,0.000686655985351339,0.000686655985351339,69.780492985323,39.3262022606002,1.63299316185545,CANDIDATE_GE16,CANDIDATE_GE16,45,45,39.8411703854547,0
V3,level_shifted_precision_window,external_16bit_reference,16,13.5,5000000,low_CCM_margin,0.0001,0.1,0.000686655985351339,0.000686655985351339,93.0406573137639,39.3262022606002,1.63299316185545,CANDIDATE_GE16,CANDIDATE_GE16,45,45,39.8411703854547,0
V3,level_shifted_precision_window,external_16bit_reference,16,13.5,5000000,nominal,8e-05,0.05,0.000686655985351339,0.000686655985351339,178.291501313773,190.193646977208,1.63299316185545,CANDIDATE_GE16,CANDIDATE_GE16,45,45,39.8317385273166,0
V3,level_shifted_precision_window,external_16bit_reference,16,13.5,5000000,nominal,8e-05,0.075,0.000686655985351339,0.000686655985351339,267.437251970659,190.193646977208,1.63299316185545,CANDIDATE_GE16,CANDIDATE_GE16,45,45,39.8317385273166,0
V3,level_shifted_precision_window,external_16bit_reference,16,13.5,5000000,nominal,8e-05,0.1,0.000686655985351339,0.000686655985351339,356.583002627545,190.193646977208,1.63299316185545,CANDIDATE_GE16,CANDIDATE_GE16,45,45,39.8317385273166,0
V3,level_shifted_precision_window,external_16bit_reference,16,13.5,5000000,nominal,9e-05,0.05,0.000686655985351339,0.000686655985351339,178.291501313773,169.061019535296,1.63299316185545,CANDIDATE_GE16,CANDIDATE_GE16,45,45,39.8317385273166,0
V3,level_shifted_precision_window,external_16bit_reference,16,13.5,5000000,nominal,9e-05,0.075,0.000686655985351339,0.000686655985351339,267.437251970659,169.061019535296,1.63299316185545,CANDIDATE_GE16,CANDIDATE_GE16,45,45,39.8317385273166,0
V3,level_shifted_precision_window,external_16bit_reference,16,13.5,5000000,nominal,9e-05,0.1,0.000686655985351339,0.000686655985351339,356.583002627545,169.061019535296,1.63299316185545,CANDIDATE_GE16,CANDIDATE_GE16,45,45,39.8317385273166,0
V3,level_shifted_precision_window,external_16bit_reference,16,13.5,5000000,nominal,0.0001,0.05,0.000686655985351339,0.000686655985351339,178.291501313773,152.154917581766,1.63299316185545,CANDIDATE_GE16,CANDIDATE_GE16,45,45,39.8317385273166,0
V3,level_shifted_precision_window,external_16bit_reference,16,13.5,5000000,nominal,0.0001,0.075,0.000686655985351339,0.000686655985351339,267.437251970659,152.154917581766,1.63299316185545,CANDIDATE_GE16,CANDIDATE_GE16,45,45,39.8317385273166,0
V3,level_shifted_precision_window,external_16bit_reference,16,13.5,5000000,nominal,0.0001,0.1,0.000686655985351339,0.000686655985351339,356.583002627545,152.154917581766,1.63299316185545,CANDIDATE_GE16,CANDIDATE_GE16,45,45,39.8317385273166,0
V3,level_shifted_precision_window,external_16bit_reference,16,13.5,5000000,high_load,8e-05,0.05,0.000686655985351339,0.000686655985351339,373.347038147981,400.67733459269,1.63299316185545,CANDIDATE_GE16,CANDIDATE_GE16,45,45,39.8106183400511,0
V3,level_shifted_precision_window,external_16bit_reference,16,13.5,5000000,high_load,8e-05,0.075,0.000686655985351339,0.000686655985351339,560.020557221971,400.67733459269,1.63299316185545,CANDIDATE_GE16,CANDIDATE_GE16,45,45,39.8106183400511,0
V3,level_shifted_precision_window,external_16bit_reference,16,13.5,5000000,high_load,8e-05,0.1,0.000686655985351339,0.000686655985351339,746.694076295962,400.67733459269,1.63299316185545,CANDIDATE_GE16,CANDIDATE_GE16,45,45,39.8106183400511,0
V3,level_shifted_precision_window,external_16bit_reference,16,13.5,5000000,high_load,9e-05,0.05,0.000686655985351339,0.000686655985351339,373.347038147981,356.157630749058,1.63299316185545,CANDIDATE_GE16,CANDIDATE_GE16,45,45,39.8106183400511,0
V3,level_shifted_precision_window,external_16bit_reference,16,13.5,5000000,high_load,9e-05,0.075,0.000686655985351339,0.000686655985351339,560.020557221971,356.157630749058,1.63299316185545,CANDIDATE_GE16,CANDIDATE_GE16,45,45,39.8106183400511,0
V3,level_shifted_precision_window,external_16bit_reference,16,13.5,5000000,high_load,9e-05,0.1,0.000686655985351339,0.000686655985351339,746.694076295962,356.157630749058,1.63299316185545,CANDIDATE_GE16,CANDIDATE_GE16,45,45,39.8106183400511,0
V3,level_shifted_precision_window,external_16bit_reference,16,13.5,5000000,high_load,0.0001,0.05,0.000686655985351339,0.000686655985351339,373.347038147981,320.541867674152,1.63299316185545,CANDIDATE_GE16,CANDIDATE_GE16,45,45,39.8106183400511,0
V3,level_shifted_precision_window,external_16bit_reference,16,13.5,5000000,high_load,0.0001,0.075,0.000686655985351339,0.000686655985351339,560.020557221971,320.541867674152,1.63299316185545,CANDIDATE_GE16,CANDIDATE_GE16,45,45,39.8106183400511,0
V3,level_shifted_precision_window,external_16bit_reference,16,13.5,5000000,high_load,0.0001,0.1,0.000686655985351339,0.000686655985351339,746.694076295962,320.541867674152,1.63299316185545,CANDIDATE_GE16,CANDIDATE_GE16,45,45,39.8106183400511,0
V3,level_shifted_precision_window,external_16bit_reference,16,13.5,5000000,high_D,8e-05,0.05,0.000686655985351339,0.000686655985351339,1169.12215002602,1176.65073447486,1.63299316185545,CANDIDATE_GE16,CANDIDATE_GE16,45,45,68.3499448770754,0
V3,level_shifted_precision_window,external_16bit_reference,16,13.5,5000000,high_D,8e-05,0.075,0.000686655985351339,0.000686655985351339,1753.68322503904,1176.65073447486,1.63299316185545,CANDIDATE_GE16,CANDIDATE_GE16,45,45,68.3499448770754,0
V3,level_shifted_precision_window,external_16bit_reference,16,13.5,5000000,high_D,8e-05,0.1,0.000686655985351339,0.000686655985351339,2338.24430005205,1176.65073447486,1.63299316185545,CANDIDATE_GE16,CANDIDATE_GE16,45,45,68.3499448770754,0
V3,level_shifted_precision_window,external_16bit_reference,16,13.5,5000000,high_D,9e-05,0.05,0.000686655985351339,0.000686655985351339,1169.12215002602,1045.91176397765,1.63299316185545,CANDIDATE_GE16,CANDIDATE_GE16,45,45,68.3499448770754,0
V3,level_shifted_precision_window,external_16bit_reference,16,13.5,5000000,high_D,9e-05,0.075,0.000686655985351339,0.000686655985351339,1753.68322503904,1045.91176397765,1.63299316185545,CANDIDATE_GE16,CANDIDATE_GE16,45,45,68.3499448770754,0
V3,level_shifted_precision_window,external_16bit_reference,16,13.5,5000000,high_D,9e-05,0.1,0.000686655985351339,0.000686655985351339,2338.24430005205,1045.91176397765,1.63299316185545,CANDIDATE_GE16,CANDIDATE_GE16,45,45,68.3499448770754,0
V3,level_shifted_precision_window,external_16bit_reference,16,13.5,5000000,high_D,0.0001,0.05,0.000686655985351339,0.000686655985351339,1169.12215002602,941.320587579886,1.63299316185545,CANDIDATE_GE16,CANDIDATE_GE16,45,45,68.3499448770754,0
V3,level_shifted_precision_window,external_16bit_reference,16,13.5,5000000,high_D,0.0001,0.075,0.000686655985351339,0.000686655985351339,1753.68322503904,941.320587579886,1.63299316185545,CANDIDATE_GE16,CANDIDATE_GE16,45,45,68.3499448770754,0
V3,level_shifted_precision_window,external_16bit_reference,16,13.5,5000000,high_D,0.0001,0.1,0.000686655985351339,0.000686655985351339,2338.24430005205,941.320587579886,1.63299316185545,CANDIDATE_GE16,CANDIDATE_GE16,45,45,68.3499448770754,0
