voltage_architecture,D,load,load_scale,C_F,ESR_Ohm,AFE_component_tolerance,AFE_highpass_Hz,AFE_lowpass_Hz,kR_raw,kR_after_once_calibration,raw_deviation_percent,calibrated_deviation_percent,one_time_calibration_within_1_percent
V1,0.3,low_CCM,0.5,8e-05,0.05,-0.05,0,1200000,0.85744,0.981052631578947,-14.256,-1.89473684210526,0
V1,0.3,low_CCM,0.5,8e-05,0.05,-0.01,0,1200000,0.89424,0.981818181818182,-10.576,-1.81818181818182,0
V1,0.3,low_CCM,0.5,8e-05,0.05,0.01,0,1200000,0.91264,0.982178217821782,-8.736,-1.78217821782178,0
V1,0.3,low_CCM,0.5,8e-05,0.05,0.05,0,1200000,0.94944,0.982857142857143,-5.05599999999999,-1.71428571428571,0
V1,0.3,low_CCM,0.5,8e-05,0.075,-0.05,0,1200000,0.85951,0.983421052631579,-14.049,-1.6578947368421,0
V1,0.3,low_CCM,0.5,8e-05,0.075,-0.01,0,1200000,0.89631,0.984090909090909,-10.369,-1.5909090909091,0
V1,0.3,low_CCM,0.5,8e-05,0.075,0.01,0,1200000,0.91471,0.984405940594059,-8.529,-1.55940594059406,0
V1,0.3,low_CCM,0.5,8e-05,0.075,0.05,0,1200000,0.95151,0.985,-4.84899999999998,-1.49999999999999,0
V1,0.3,low_CCM,0.5,8e-05,0.1,-0.05,0,1200000,0.86158,0.985789473684211,-13.842,-1.42105263157895,0
V1,0.3,low_CCM,0.5,8e-05,0.1,-0.01,0,1200000,0.89838,0.986363636363636,-10.162,-1.36363636363637,0
V1,0.3,low_CCM,0.5,8e-05,0.1,0.01,0,1200000,0.91678,0.986633663366337,-8.322,-1.33663366336634,0
V1,0.3,low_CCM,0.5,8e-05,0.1,0.05,0,1200000,0.95358,0.987142857142857,-4.642,-1.2857142857143,0
V1,0.3,low_CCM,0.5,9e-05,0.05,-0.05,0,1200000,0.8602,0.984210526315789,-13.98,-1.57894736842106,0
V1,0.3,low_CCM,0.5,9e-05,0.05,-0.01,0,1200000,0.897,0.984848484848485,-10.3,-1.51515151515151,0
V1,0.3,low_CCM,0.5,9e-05,0.05,0.01,0,1200000,0.9154,0.985148514851485,-8.46,-1.48514851485149,0
V1,0.3,low_CCM,0.5,9e-05,0.05,0.05,0,1200000,0.9522,0.985714285714286,-4.77999999999998,-1.42857142857142,0
V1,0.3,low_CCM,0.5,9e-05,0.075,-0.05,0,1200000,0.86227,0.986578947368421,-13.773,-1.3421052631579,0
V1,0.3,low_CCM,0.5,9e-05,0.075,-0.01,0,1200000,0.89907,0.987121212121212,-10.093,-1.28787878787879,0
V1,0.3,low_CCM,0.5,9e-05,0.075,0.01,0,1200000,0.91747,0.987376237623762,-8.253,-1.26237623762376,0
V1,0.3,low_CCM,0.5,9e-05,0.075,0.05,0,1200000,0.95427,0.987857142857143,-4.57299999999999,-1.21428571428571,0
V1,0.3,low_CCM,0.5,9e-05,0.1,-0.05,0,1200000,0.86434,0.988947368421053,-13.566,-1.10526315789474,0
V1,0.3,low_CCM,0.5,9e-05,0.1,-0.01,0,1200000,0.90114,0.989393939393939,-9.886,-1.06060606060606,0
V1,0.3,low_CCM,0.5,9e-05,0.1,0.01,0,1200000,0.91954,0.98960396039604,-8.04599999999999,-1.03960396039603,0
V1,0.3,low_CCM,0.5,9e-05,0.1,0.05,0,1200000,0.95634,0.99,-4.36599999999999,-1,0
V1,0.3,low_CCM,0.5,0.0001,0.05,-0.05,0,1200000,0.86296,0.987368421052632,-13.704,-1.26315789473684,0
V1,0.3,low_CCM,0.5,0.0001,0.05,-0.01,0,1200000,0.89976,0.987878787878788,-10.024,-1.21212121212122,0
V1,0.3,low_CCM,0.5,0.0001,0.05,0.01,0,1200000,0.91816,0.988118811881188,-8.18399999999999,-1.18811881188118,0
V1,0.3,low_CCM,0.5,0.0001,0.05,0.05,0,1200000,0.95496,0.988571428571429,-4.504,-1.14285714285715,0
V1,0.3,low_CCM,0.5,0.0001,0.075,-0.05,0,1200000,0.86503,0.989736842105263,-13.497,-1.02631578947369,0
V1,0.3,low_CCM,0.5,0.0001,0.075,-0.01,0,1200000,0.90183,0.990151515151515,-9.817,-0.984848484848488,1
V1,0.3,low_CCM,0.5,0.0001,0.075,0.01,0,1200000,0.92023,0.990346534653465,-7.97699999999999,-0.965346534653455,1
V1,0.3,low_CCM,0.5,0.0001,0.075,0.05,0,1200000,0.95703,0.990714285714286,-4.29699999999998,-0.928571428571423,1
V1,0.3,low_CCM,0.5,0.0001,0.1,-0.05,0,1200000,0.8671,0.992105263157895,-13.29,-0.789473684210518,1
V1,0.3,low_CCM,0.5,0.0001,0.1,-0.01,0,1200000,0.9039,0.992424242424242,-9.61,-0.757575757575757,1
V1,0.3,low_CCM,0.5,0.0001,0.1,0.01,0,1200000,0.9223,0.992574257425743,-7.77,-0.742574257425743,1
V1,0.3,low_CCM,0.5,0.0001,0.1,0.05,0,1200000,0.9591,0.992857142857143,-4.08999999999999,-0.714285714285712,1
V1,0.3,nominal,1,8e-05,0.05,-0.05,0,1200000,0.8602,0.984210526315789,-13.98,-1.57894736842106,0
V1,0.3,nominal,1,8e-05,0.05,-0.01,0,1200000,0.897,0.984848484848485,-10.3,-1.51515151515151,0
V1,0.3,nominal,1,8e-05,0.05,0.01,0,1200000,0.9154,0.985148514851485,-8.46,-1.48514851485149,0
V1,0.3,nominal,1,8e-05,0.05,0.05,0,1200000,0.9522,0.985714285714286,-4.77999999999998,-1.42857142857142,0
V1,0.3,nominal,1,8e-05,0.075,-0.05,0,1200000,0.86227,0.986578947368421,-13.773,-1.3421052631579,0
V1,0.3,nominal,1,8e-05,0.075,-0.01,0,1200000,0.89907,0.987121212121212,-10.093,-1.28787878787879,0
V1,0.3,nominal,1,8e-05,0.075,0.01,0,1200000,0.91747,0.987376237623762,-8.253,-1.26237623762376,0
V1,0.3,nominal,1,8e-05,0.075,0.05,0,1200000,0.95427,0.987857142857143,-4.57299999999999,-1.21428571428571,0
V1,0.3,nominal,1,8e-05,0.1,-0.05,0,1200000,0.86434,0.988947368421053,-13.566,-1.10526315789474,0
V1,0.3,nominal,1,8e-05,0.1,-0.01,0,1200000,0.90114,0.989393939393939,-9.886,-1.06060606060606,0
V1,0.3,nominal,1,8e-05,0.1,0.01,0,1200000,0.91954,0.98960396039604,-8.04599999999999,-1.03960396039603,0
V1,0.3,nominal,1,8e-05,0.1,0.05,0,1200000,0.95634,0.99,-4.36599999999999,-1,0
V1,0.3,nominal,1,9e-05,0.05,-0.05,0,1200000,0.86296,0.987368421052632,-13.704,-1.26315789473684,0
V1,0.3,nominal,1,9e-05,0.05,-0.01,0,1200000,0.89976,0.987878787878788,-10.024,-1.21212121212122,0
V1,0.3,nominal,1,9e-05,0.05,0.01,0,1200000,0.91816,0.988118811881188,-8.18399999999999,-1.18811881188118,0
V1,0.3,nominal,1,9e-05,0.05,0.05,0,1200000,0.95496,0.988571428571429,-4.504,-1.14285714285715,0
V1,0.3,nominal,1,9e-05,0.075,-0.05,0,1200000,0.86503,0.989736842105263,-13.497,-1.02631578947369,0
V1,0.3,nominal,1,9e-05,0.075,-0.01,0,1200000,0.90183,0.990151515151515,-9.817,-0.984848484848488,1
V1,0.3,nominal,1,9e-05,0.075,0.01,0,1200000,0.92023,0.990346534653465,-7.97699999999999,-0.965346534653455,1
V1,0.3,nominal,1,9e-05,0.075,0.05,0,1200000,0.95703,0.990714285714286,-4.29699999999998,-0.928571428571423,1
V1,0.3,nominal,1,9e-05,0.1,-0.05,0,1200000,0.8671,0.992105263157895,-13.29,-0.789473684210518,1
V1,0.3,nominal,1,9e-05,0.1,-0.01,0,1200000,0.9039,0.992424242424242,-9.61,-0.757575757575757,1
V1,0.3,nominal,1,9e-05,0.1,0.01,0,1200000,0.9223,0.992574257425743,-7.77,-0.742574257425743,1
V1,0.3,nominal,1,9e-05,0.1,0.05,0,1200000,0.9591,0.992857142857143,-4.08999999999999,-0.714285714285712,1
V1,0.3,nominal,1,0.0001,0.05,-0.05,0,1200000,0.86572,0.990526315789474,-13.428,-0.947368421052641,1
V1,0.3,nominal,1,0.0001,0.05,-0.01,0,1200000,0.90252,0.990909090909091,-9.748,-0.909090909090915,1
V1,0.3,nominal,1,0.0001,0.05,0.01,0,1200000,0.92092,0.991089108910891,-7.90799999999998,-0.89108910891087,1
V1,0.3,nominal,1,0.0001,0.05,0.05,0,1200000,0.95772,0.991428571428571,-4.22799999999999,-0.857142857142856,1
V1,0.3,nominal,1,0.0001,0.075,-0.05,0,1200000,0.86779,0.992894736842105,-13.221,-0.710526315789484,1
V1,0.3,nominal,1,0.0001,0.075,-0.01,0,1200000,0.90459,0.993181818181818,-9.541,-0.681818181818183,1
V1,0.3,nominal,1,0.0001,0.075,0.01,0,1200000,0.92299,0.993316831683168,-7.701,-0.668316831683169,1
V1,0.3,nominal,1,0.0001,0.075,0.05,0,1200000,0.95979,0.993571428571429,-4.021,-0.642857142857145,1
V1,0.3,nominal,1,0.0001,0.1,-0.05,0,1200000,0.86986,0.995263157894737,-13.014,-0.473684210526304,1
V1,0.3,nominal,1,0.0001,0.1,-0.01,0,1200000,0.90666,0.995454545454546,-9.33399999999999,-0.454545454545441,1
V1,0.3,nominal,1,0.0001,0.1,0.01,0,1200000,0.92506,0.995544554455446,-7.49399999999999,-0.445544554455435,1
V1,0.3,nominal,1,0.0001,0.1,0.05,0,1200000,0.96186,0.995714285714286,-3.81399999999998,-0.428571428571423,1
V1,0.3,high,2,8e-05,0.05,-0.05,0,1200000,0.86572,0.990526315789474,-13.428,-0.947368421052641,1
V1,0.3,high,2,8e-05,0.05,-0.01,0,1200000,0.90252,0.990909090909091,-9.748,-0.909090909090915,1
V1,0.3,high,2,8e-05,0.05,0.01,0,1200000,0.92092,0.991089108910891,-7.90799999999998,-0.89108910891087,1
V1,0.3,high,2,8e-05,0.05,0.05,0,1200000,0.95772,0.991428571428571,-4.22799999999999,-0.857142857142856,1
V1,0.3,high,2,8e-05,0.075,-0.05,0,1200000,0.86779,0.992894736842105,-13.221,-0.710526315789484,1
V1,0.3,high,2,8e-05,0.075,-0.01,0,1200000,0.90459,0.993181818181818,-9.541,-0.681818181818183,1
V1,0.3,high,2,8e-05,0.075,0.01,0,1200000,0.92299,0.993316831683168,-7.701,-0.668316831683169,1
V1,0.3,high,2,8e-05,0.075,0.05,0,1200000,0.95979,0.993571428571429,-4.021,-0.642857142857145,1
V1,0.3,high,2,8e-05,0.1,-0.05,0,1200000,0.86986,0.995263157894737,-13.014,-0.473684210526304,1
V1,0.3,high,2,8e-05,0.1,-0.01,0,1200000,0.90666,0.995454545454546,-9.33399999999999,-0.454545454545441,1
V1,0.3,high,2,8e-05,0.1,0.01,0,1200000,0.92506,0.995544554455446,-7.49399999999999,-0.445544554455435,1
V1,0.3,high,2,8e-05,0.1,0.05,0,1200000,0.96186,0.995714285714286,-3.81399999999998,-0.428571428571423,1
V1,0.3,high,2,9e-05,0.05,-0.05,0,1200000,0.86848,0.993684210526316,-13.152,-0.631578947368416,1
V1,0.3,high,2,9e-05,0.05,-0.01,0,1200000,0.90528,0.993939393939394,-9.472,-0.60606060606061,1
V1,0.3,high,2,9e-05,0.05,0.01,0,1200000,0.92368,0.994059405940594,-7.63199999999999,-0.594059405940595,1
V1,0.3,high,2,9e-05,0.05,0.05,0,1200000,0.96048,0.994285714285714,-3.95199999999999,-0.571428571428567,1
V1,0.3,high,2,9e-05,0.075,-0.05,0,1200000,0.87055,0.996052631578947,-12.945,-0.39473684210527,1
V1,0.3,high,2,9e-05,0.075,-0.01,0,1200000,0.90735,0.996212121212121,-9.265,-0.37878787878789,1
V1,0.3,high,2,9e-05,0.075,0.01,0,1200000,0.92575,0.996287128712871,-7.42499999999999,-0.371287128712872,1
V1,0.3,high,2,9e-05,0.075,0.05,0,1200000,0.96255,0.996428571428571,-3.74499999999999,-0.357142857142856,1
V1,0.3,high,2,9e-05,0.1,-0.05,0,1200000,0.87262,0.998421052631579,-12.738,-0.157894736842101,1
V1,0.3,high,2,9e-05,0.1,-0.01,0,1200000,0.90942,0.998484848484849,-9.05799999999999,-0.151515151515147,1
V1,0.3,high,2,9e-05,0.1,0.01,0,1200000,0.92782,0.998514851485149,-7.218,-0.148514851485149,1
V1,0.3,high,2,9e-05,0.1,0.05,0,1200000,0.96462,0.998571428571429,-3.538,-0.142857142857145,1
V1,0.3,high,2,0.0001,0.05,-0.05,0,1200000,0.87124,0.996842105263158,-12.876,-0.315789473684214,1
V1,0.3,high,2,0.0001,0.05,-0.01,0,1200000,0.90804,0.996969696969697,-9.19599999999999,-0.303030303030305,1
V1,0.3,high,2,0.0001,0.05,0.01,0,1200000,0.92644,0.997029702970297,-7.35599999999998,-0.297029702970286,1
V1,0.3,high,2,0.0001,0.05,0.05,0,1200000,0.96324,0.997142857142857,-3.67599999999998,-0.285714285714278,1
V1,0.3,high,2,0.0001,0.075,-0.05,0,1200000,0.87331,0.999210526315789,-12.669,-0.0789473684210562,1
V1,0.3,high,2,0.0001,0.075,-0.01,0,1200000,0.91011,0.999242424242424,-8.989,-0.0757575757575846,1
V1,0.3,high,2,0.0001,0.075,0.01,0,1200000,0.92851,0.999257425742574,-7.14899999999999,-0.0742574257425743,1
V1,0.3,high,2,0.0001,0.075,0.05,0,1200000,0.96531,0.999285714285714,-3.469,-0.0714285714285778,1
V1,0.3,high,2,0.0001,0.1,-0.05,0,1200000,0.87538,1.00157894736842,-12.462,0.15789473684209,1
V1,0.3,high,2,0.0001,0.1,-0.01,0,1200000,0.91218,1.00151515151515,-8.782,0.151515151515147,1
V1,0.3,high,2,0.0001,0.1,0.01,0,1200000,0.93058,1.00148514851485,-6.94199999999999,0.148514851485149,1
V1,0.3,high,2,0.0001,0.1,0.05,0,1200000,0.96738,1.00142857142857,-3.26199999999999,0.142857142857156,1
V1,0.4,low_CCM,0.5,8e-05,0.05,-0.05,0,1200000,0.863748571428571,0.988270676691729,-13.6251428571429,-1.17293233082707,0
V1,0.4,low_CCM,0.5,8e-05,0.05,-0.01,0,1200000,0.900548571428571,0.988744588744589,-9.94514285714285,-1.12554112554113,0
V1,0.4,low_CCM,0.5,8e-05,0.05,0.01,0,1200000,0.918948571428571,0.988967468175389,-8.10514285714286,-1.10325318246111,0
V1,0.4,low_CCM,0.5,8e-05,0.05,0.05,0,1200000,0.955748571428572,0.989387755102041,-4.42514285714285,-1.06122448979592,0
V1,0.4,low_CCM,0.5,8e-05,0.075,-0.05,0,1200000,0.865818571428571,0.990639097744361,-13.4181428571429,-0.936090225563913,1
V1,0.4,low_CCM,0.5,8e-05,0.075,-0.01,0,1200000,0.902618571428571,0.991017316017316,-9.73814285714285,-0.898268398268398,1
V1,0.4,low_CCM,0.5,8e-05,0.075,0.01,0,1200000,0.921018571428572,0.991195190947666,-7.89814285714284,-0.880480905233372,1
V1,0.4,low_CCM,0.5,8e-05,0.075,0.05,0,1200000,0.957818571428572,0.991530612244898,-4.21814285714284,-0.846938775510186,1
V1,0.4,low_CCM,0.5,8e-05,0.1,-0.05,0,1200000,0.867888571428571,0.993007518796992,-13.2111428571429,-0.699248120300766,1
V1,0.4,low_CCM,0.5,8e-05,0.1,-0.01,0,1200000,0.904688571428571,0.993290043290043,-9.53114285714286,-0.670995670995678,1
V1,0.4,low_CCM,0.5,8e-05,0.1,0.01,0,1200000,0.923088571428571,0.993422913719943,-7.69114285714285,-0.65770862800566,1
V1,0.4,low_CCM,0.5,8e-05,0.1,0.05,0,1200000,0.959888571428572,0.993673469387755,-4.01114285714285,-0.632653061224486,1
V1,0.4,low_CCM,0.5,9e-05,0.05,-0.05,0,1200000,0.866508571428571,0.991428571428571,-13.3491428571429,-0.857142857142856,1
V1,0.4,low_CCM,0.5,9e-05,0.05,-0.01,0,1200000,0.903308571428571,0.991774891774892,-9.66914285714285,-0.822510822510825,1
V1,0.4,low_CCM,0.5,9e-05,0.05,0.01,0,1200000,0.921708571428571,0.991937765205092,-7.82914285714286,-0.806223479490809,1
V1,0.4,low_CCM,0.5,9e-05,0.05,0.05,0,1200000,0.958508571428571,0.992244897959184,-4.14914285714286,-0.775510204081642,1
V1,0.4,low_CCM,0.5,9e-05,0.075,-0.05,0,1200000,0.868578571428571,0.993796992481203,-13.1421428571429,-0.620300751879699,1
V1,0.4,low_CCM,0.5,9e-05,0.075,-0.01,0,1200000,0.905378571428571,0.994047619047619,-9.46214285714285,-0.595238095238093,1
V1,0.4,low_CCM,0.5,9e-05,0.075,0.01,0,1200000,0.923778571428571,0.994165487977369,-7.62214285714285,-0.583451202263086,1
V1,0.4,low_CCM,0.5,9e-05,0.075,0.05,0,1200000,0.960578571428572,0.994387755102041,-3.94214285714285,-0.56122448979592,1
V1,0.4,low_CCM,0.5,9e-05,0.1,-0.05,0,1200000,0.870648571428571,0.996165413533835,-12.9351428571429,-0.383458646616541,1
V1,0.4,low_CCM,0.5,9e-05,0.1,-0.01,0,1200000,0.907448571428571,0.996320346320346,-9.25514285714286,-0.367965367965384,1
V1,0.4,low_CCM,0.5,9e-05,0.1,0.01,0,1200000,0.925848571428572,0.996393210749646,-7.41514285714284,-0.360678925035351,1
V1,0.4,low_CCM,0.5,9e-05,0.1,0.05,0,1200000,0.962648571428572,0.996530612244898,-3.73514285714284,-0.346938775510186,1
V1,0.4,low_CCM,0.5,0.0001,0.05,-0.05,0,1200000,0.869268571428572,0.994586466165414,-13.0731428571428,-0.541353383458643,1
V1,0.4,low_CCM,0.5,0.0001,0.05,-0.01,0,1200000,0.906068571428571,0.994805194805195,-9.39314285714286,-0.51948051948052,1
V1,0.4,low_CCM,0.5,0.0001,0.05,0.01,0,1200000,0.924468571428572,0.994908062234795,-7.55314285714285,-0.5091937765205,1
V1,0.4,low_CCM,0.5,0.0001,0.05,0.05,0,1200000,0.961268571428572,0.995102040816327,-3.87314285714284,-0.489795918367342,1
V1,0.4,low_CCM,0.5,0.0001,0.075,-0.05,0,1200000,0.871338571428571,0.996954887218045,-12.8661428571429,-0.304511278195496,1
V1,0.4,low_CCM,0.5,0.0001,0.075,-0.01,0,1200000,0.908138571428571,0.997077922077922,-9.18614285714285,-0.292207792207799,1
V1,0.4,low_CCM,0.5,0.0001,0.075,0.01,0,1200000,0.926538571428572,0.997135785007072,-7.34614285714285,-0.286421499292777,1
V1,0.4,low_CCM,0.5,0.0001,0.075,0.05,0,1200000,0.963338571428572,0.997244897959184,-3.66614285714284,-0.275510204081619,1
V1,0.4,low_CCM,0.5,0.0001,0.1,-0.05,0,1200000,0.873408571428571,0.999323308270677,-12.6591428571429,-0.0676691729323275,1
V1,0.4,low_CCM,0.5,0.0001,0.1,-0.01,0,1200000,0.910208571428571,0.999350649350649,-8.97914285714285,-0.0649350649350677,1
V1,0.4,low_CCM,0.5,0.0001,0.1,0.01,0,1200000,0.928608571428571,0.999363507779349,-7.13914285714286,-0.0636492220650653,1
V1,0.4,low_CCM,0.5,0.0001,0.1,0.05,0,1200000,0.965408571428572,0.999387755102041,-3.45914285714285,-0.0612244897959191,1
V1,0.4,nominal,1,8e-05,0.05,-0.05,0,1200000,0.866508571428571,0.991428571428571,-13.3491428571429,-0.857142857142856,1
V1,0.4,nominal,1,8e-05,0.05,-0.01,0,1200000,0.903308571428571,0.991774891774892,-9.66914285714285,-0.822510822510825,1
V1,0.4,nominal,1,8e-05,0.05,0.01,0,1200000,0.921708571428571,0.991937765205092,-7.82914285714286,-0.806223479490809,1
V1,0.4,nominal,1,8e-05,0.05,0.05,0,1200000,0.958508571428571,0.992244897959184,-4.14914285714286,-0.775510204081642,1
V1,0.4,nominal,1,8e-05,0.075,-0.05,0,1200000,0.868578571428571,0.993796992481203,-13.1421428571429,-0.620300751879699,1
V1,0.4,nominal,1,8e-05,0.075,-0.01,0,1200000,0.905378571428571,0.994047619047619,-9.46214285714285,-0.595238095238093,1
V1,0.4,nominal,1,8e-05,0.075,0.01,0,1200000,0.923778571428571,0.994165487977369,-7.62214285714285,-0.583451202263086,1
V1,0.4,nominal,1,8e-05,0.075,0.05,0,1200000,0.960578571428572,0.994387755102041,-3.94214285714285,-0.56122448979592,1
V1,0.4,nominal,1,8e-05,0.1,-0.05,0,1200000,0.870648571428571,0.996165413533835,-12.9351428571429,-0.383458646616541,1
V1,0.4,nominal,1,8e-05,0.1,-0.01,0,1200000,0.907448571428571,0.996320346320346,-9.25514285714286,-0.367965367965384,1
V1,0.4,nominal,1,8e-05,0.1,0.01,0,1200000,0.925848571428572,0.996393210749646,-7.41514285714284,-0.360678925035351,1
V1,0.4,nominal,1,8e-05,0.1,0.05,0,1200000,0.962648571428572,0.996530612244898,-3.73514285714284,-0.346938775510186,1
V1,0.4,nominal,1,9e-05,0.05,-0.05,0,1200000,0.869268571428572,0.994586466165414,-13.0731428571428,-0.541353383458643,1
V1,0.4,nominal,1,9e-05,0.05,-0.01,0,1200000,0.906068571428571,0.994805194805195,-9.39314285714286,-0.51948051948052,1
V1,0.4,nominal,1,9e-05,0.05,0.01,0,1200000,0.924468571428572,0.994908062234795,-7.55314285714285,-0.5091937765205,1
V1,0.4,nominal,1,9e-05,0.05,0.05,0,1200000,0.961268571428572,0.995102040816327,-3.87314285714284,-0.489795918367342,1
V1,0.4,nominal,1,9e-05,0.075,-0.05,0,1200000,0.871338571428571,0.996954887218045,-12.8661428571429,-0.304511278195496,1
V1,0.4,nominal,1,9e-05,0.075,-0.01,0,1200000,0.908138571428571,0.997077922077922,-9.18614285714285,-0.292207792207799,1
V1,0.4,nominal,1,9e-05,0.075,0.01,0,1200000,0.926538571428572,0.997135785007072,-7.34614285714285,-0.286421499292777,1
V1,0.4,nominal,1,9e-05,0.075,0.05,0,1200000,0.963338571428572,0.997244897959184,-3.66614285714284,-0.275510204081619,1
V1,0.4,nominal,1,9e-05,0.1,-0.05,0,1200000,0.873408571428571,0.999323308270677,-12.6591428571429,-0.0676691729323275,1
V1,0.4,nominal,1,9e-05,0.1,-0.01,0,1200000,0.910208571428571,0.999350649350649,-8.97914285714285,-0.0649350649350677,1
V1,0.4,nominal,1,9e-05,0.1,0.01,0,1200000,0.928608571428571,0.999363507779349,-7.13914285714286,-0.0636492220650653,1
V1,0.4,nominal,1,9e-05,0.1,0.05,0,1200000,0.965408571428572,0.999387755102041,-3.45914285714285,-0.0612244897959191,1
V1,0.4,nominal,1,0.0001,0.05,-0.05,0,1200000,0.872028571428571,0.997744360902256,-12.7971428571429,-0.225563909774429,1
V1,0.4,nominal,1,0.0001,0.05,-0.01,0,1200000,0.908828571428572,0.997835497835498,-9.11714285714285,-0.216450216450215,1
V1,0.4,nominal,1,0.0001,0.05,0.01,0,1200000,0.927228571428571,0.997878359264498,-7.27714285714286,-0.212164073550214,1
V1,0.4,nominal,1,0.0001,0.05,0.05,0,1200000,0.964028571428571,0.997959183673469,-3.59714285714285,-0.204081632653064,1
V1,0.4,nominal,1,0.0001,0.075,-0.05,0,1200000,0.874098571428571,1.00011278195489,-12.5901428571429,0.0112781954887176,1
V1,0.4,nominal,1,0.0001,0.075,-0.01,0,1200000,0.910898571428571,1.00010822510823,-8.91014285714285,0.0108225108225168,1
V1,0.4,nominal,1,0.0001,0.075,0.01,0,1200000,0.929298571428572,1.00010608203678,-7.07014285714285,0.010608203677509,1
V1,0.4,nominal,1,0.0001,0.075,0.05,0,1200000,0.966098571428571,1.00010204081633,-3.39014285714285,0.0102040816326587,1
V1,0.4,nominal,1,0.0001,0.1,-0.05,0,1200000,0.876168571428571,1.00248120300752,-12.3831428571429,0.248120300751875,1
V1,0.4,nominal,1,0.0001,0.1,-0.01,0,1200000,0.912968571428571,1.00238095238095,-8.70314285714285,0.238095238095237,1
V1,0.4,nominal,1,0.0001,0.1,0.01,0,1200000,0.931368571428572,1.00233380480905,-6.86314285714285,0.233380480905243,1
V1,0.4,nominal,1,0.0001,0.1,0.05,0,1200000,0.968168571428572,1.00224489795918,-3.18314285714284,0.224489795918381,1
V1,0.4,high,2,8e-05,0.05,-0.05,0,1200000,0.872028571428571,0.997744360902256,-12.7971428571429,-0.225563909774429,1
V1,0.4,high,2,8e-05,0.05,-0.01,0,1200000,0.908828571428572,0.997835497835498,-9.11714285714285,-0.216450216450215,1
V1,0.4,high,2,8e-05,0.05,0.01,0,1200000,0.927228571428571,0.997878359264498,-7.27714285714286,-0.212164073550214,1
V1,0.4,high,2,8e-05,0.05,0.05,0,1200000,0.964028571428571,0.997959183673469,-3.59714285714285,-0.204081632653064,1
V1,0.4,high,2,8e-05,0.075,-0.05,0,1200000,0.874098571428571,1.00011278195489,-12.5901428571429,0.0112781954887176,1
V1,0.4,high,2,8e-05,0.075,-0.01,0,1200000,0.910898571428571,1.00010822510823,-8.91014285714285,0.0108225108225168,1
V1,0.4,high,2,8e-05,0.075,0.01,0,1200000,0.929298571428572,1.00010608203678,-7.07014285714285,0.010608203677509,1
V1,0.4,high,2,8e-05,0.075,0.05,0,1200000,0.966098571428571,1.00010204081633,-3.39014285714285,0.0102040816326587,1
V1,0.4,high,2,8e-05,0.1,-0.05,0,1200000,0.876168571428571,1.00248120300752,-12.3831428571429,0.248120300751875,1
V1,0.4,high,2,8e-05,0.1,-0.01,0,1200000,0.912968571428571,1.00238095238095,-8.70314285714285,0.238095238095237,1
V1,0.4,high,2,8e-05,0.1,0.01,0,1200000,0.931368571428572,1.00233380480905,-6.86314285714285,0.233380480905243,1
V1,0.4,high,2,8e-05,0.1,0.05,0,1200000,0.968168571428572,1.00224489795918,-3.18314285714284,0.224489795918381,1
V1,0.4,high,2,9e-05,0.05,-0.05,0,1200000,0.874788571428571,1.0009022556391,-12.5211428571429,0.0902255639097849,1
V1,0.4,high,2,9e-05,0.05,-0.01,0,1200000,0.911588571428572,1.0008658008658,-8.84114285714285,0.0865800865800903,1
V1,0.4,high,2,9e-05,0.05,0.01,0,1200000,0.929988571428571,1.0008486562942,-7.00114285714285,0.0848656294200945,1
V1,0.4,high,2,9e-05,0.05,0.05,0,1200000,0.966788571428572,1.00081632653061,-3.32114285714284,0.0816326530612255,1
V1,0.4,high,2,9e-05,0.075,-0.05,0,1200000,0.876858571428571,1.00327067669173,-12.3141428571429,0.327067669172942,1
V1,0.4,high,2,9e-05,0.075,-0.01,0,1200000,0.913658571428571,1.00313852813853,-8.63414285714286,0.313852813852811,1
V1,0.4,high,2,9e-05,0.075,0.01,0,1200000,0.932058571428571,1.00307637906648,-6.79414285714286,0.307637906647806,1
V1,0.4,high,2,9e-05,0.075,0.05,0,1200000,0.968858571428571,1.00295918367347,-3.11414285714285,0.295918367346926,1
V1,0.4,high,2,9e-05,0.1,-0.05,0,1200000,0.878928571428571,1.00563909774436,-12.1071428571429,0.563909774436078,1
V1,0.4,high,2,9e-05,0.1,-0.01,0,1200000,0.915728571428571,1.00541125541126,-8.42714285714285,0.541125541125531,1
V1,0.4,high,2,9e-05,0.1,0.01,0,1200000,0.934128571428571,1.00530410183876,-6.58714285714286,0.530410183875518,1
V1,0.4,high,2,9e-05,0.1,0.05,0,1200000,0.970928571428571,1.00510204081633,-2.90714285714285,0.510204081632648,1
V1,0.4,high,2,0.0001,0.05,-0.05,0,1200000,0.877548571428571,1.00406015037594,-12.2451428571429,0.406015037593987,1
V1,0.4,high,2,0.0001,0.05,-0.01,0,1200000,0.914348571428572,1.0038961038961,-8.56514285714285,0.389610389610384,1
V1,0.4,high,2,0.0001,0.05,0.01,0,1200000,0.932748571428571,1.0038189533239,-6.72514285714286,0.38189533239037,1
V1,0.4,high,2,0.0001,0.05,0.05,0,1200000,0.969548571428571,1.00367346938775,-3.04514285714286,0.367346938775492,1
V1,0.4,high,2,0.0001,0.075,-0.05,0,1200000,0.879618571428571,1.00642857142857,-12.0381428571429,0.642857142857145,1
V1,0.4,high,2,0.0001,0.075,-0.01,0,1200000,0.916418571428571,1.00616883116883,-8.35814285714286,0.616883116883105,1
V1,0.4,high,2,0.0001,0.075,0.01,0,1200000,0.934818571428571,1.00604667609618,-6.51814285714285,0.604667609618104,1
V1,0.4,high,2,0.0001,0.075,0.05,0,1200000,0.971618571428572,1.00581632653061,-2.83814285714284,0.581632653061237,1
V1,0.4,high,2,0.0001,0.1,-0.05,0,1200000,0.881688571428571,1.0087969924812,-11.8311428571429,0.879699248120303,1
V1,0.4,high,2,0.0001,0.1,-0.01,0,1200000,0.918488571428571,1.00844155844156,-8.15114285714286,0.844155844155847,1
V1,0.4,high,2,0.0001,0.1,0.01,0,1200000,0.936888571428572,1.00827439886846,-6.31114285714285,0.827439886845838,1
V1,0.4,high,2,0.0001,0.1,0.05,0,1200000,0.973688571428572,1.00795918367347,-2.63114285714284,0.795918367346937,1
V1,0.55,low_CCM,0.5,8e-05,0.05,-0.05,0,1200000,0.873211428571429,0.999097744360902,-12.6788571428571,-0.0902255639097849,1
V1,0.55,low_CCM,0.5,8e-05,0.05,-0.01,0,1200000,0.910011428571429,0.999134199134199,-8.99885714285714,-0.0865800865800903,1
V1,0.55,low_CCM,0.5,8e-05,0.05,0.01,0,1200000,0.928411428571429,0.999151343705799,-7.15885714285714,-0.0848656294200945,1
V1,0.55,low_CCM,0.5,8e-05,0.05,0.05,0,1200000,0.965211428571429,0.999183673469388,-3.47885714285714,-0.0816326530612255,1
V1,0.55,low_CCM,0.5,8e-05,0.075,-0.05,0,1200000,0.875281428571429,1.00146616541353,-12.4718571428571,0.146616541353395,1
V1,0.55,low_CCM,0.5,8e-05,0.075,-0.01,0,1200000,0.912081428571429,1.00140692640693,-8.79185714285714,0.14069264069263,1
V1,0.55,low_CCM,0.5,8e-05,0.075,0.01,0,1200000,0.930481428571429,1.00137906647808,-6.95185714285713,0.13790664780764,1
V1,0.55,low_CCM,0.5,8e-05,0.075,0.05,0,1200000,0.967281428571429,1.00132653061224,-3.27185714285713,0.132653061224497,1
V1,0.55,low_CCM,0.5,8e-05,0.1,-0.05,0,1200000,0.877351428571429,1.00383458646617,-12.2648571428571,0.38345864661653,1
V1,0.55,low_CCM,0.5,8e-05,0.1,-0.01,0,1200000,0.914151428571429,1.00367965367965,-8.58485714285714,0.367965367965373,1
V1,0.55,low_CCM,0.5,8e-05,0.1,0.01,0,1200000,0.932551428571429,1.00360678925035,-6.74485714285714,0.360678925035351,1
V1,0.55,low_CCM,0.5,8e-05,0.1,0.05,0,1200000,0.969351428571429,1.0034693877551,-3.06485714285715,0.346938775510197,1
V1,0.55,low_CCM,0.5,9e-05,0.05,-0.05,0,1200000,0.875971428571429,1.00225563909774,-12.4028571428571,0.22556390977444,1
V1,0.55,low_CCM,0.5,9e-05,0.05,-0.01,0,1200000,0.912771428571429,1.0021645021645,-8.72285714285714,0.216450216450204,1
V1,0.55,low_CCM,0.5,9e-05,0.05,0.01,0,1200000,0.931171428571429,1.0021216407355,-6.88285714285714,0.212164073550225,1
V1,0.55,low_CCM,0.5,9e-05,0.05,0.05,0,1200000,0.967971428571429,1.00204081632653,-3.20285714285713,0.204081632653064,1
V1,0.55,low_CCM,0.5,9e-05,0.075,-0.05,0,1200000,0.878041428571429,1.00462406015038,-12.1958571428571,0.462406015037597,1
V1,0.55,low_CCM,0.5,9e-05,0.075,-0.01,0,1200000,0.914841428571429,1.00443722943723,-8.51585714285713,0.443722943722946,1
V1,0.55,low_CCM,0.5,9e-05,0.075,0.01,0,1200000,0.933241428571429,1.00434936350778,-6.67585714285714,0.434936350777937,1
V1,0.55,low_CCM,0.5,9e-05,0.075,0.05,0,1200000,0.970041428571429,1.00418367346939,-2.99585714285714,0.418367346938764,1
V1,0.55,low_CCM,0.5,9e-05,0.1,-0.05,0,1200000,0.880111428571429,1.00699248120301,-11.9888571428571,0.699248120300755,1
V1,0.55,low_CCM,0.5,9e-05,0.1,-0.01,0,1200000,0.916911428571429,1.00670995670996,-8.30885714285714,0.670995670995667,1
V1,0.55,low_CCM,0.5,9e-05,0.1,0.01,0,1200000,0.935311428571429,1.00657708628006,-6.46885714285713,0.657708628005671,1
V1,0.55,low_CCM,0.5,9e-05,0.1,0.05,0,1200000,0.972111428571429,1.00632653061225,-2.78885714285713,0.632653061224508,1
V1,0.55,low_CCM,0.5,0.0001,0.05,-0.05,0,1200000,0.878731428571428,1.00541353383459,-12.1268571428572,0.541353383458643,1
V1,0.55,low_CCM,0.5,0.0001,0.05,-0.01,0,1200000,0.915531428571429,1.00519480519481,-8.44685714285714,0.51948051948052,1
V1,0.55,low_CCM,0.5,0.0001,0.05,0.01,0,1200000,0.933931428571429,1.00509193776521,-6.60685714285714,0.509193776520522,1
V1,0.55,low_CCM,0.5,0.0001,0.05,0.05,0,1200000,0.970731428571429,1.00489795918367,-2.92685714285714,0.489795918367331,1
V1,0.55,low_CCM,0.5,0.0001,0.075,-0.05,0,1200000,0.880801428571429,1.00778195488722,-11.9198571428571,0.7781954887218,1
V1,0.55,low_CCM,0.5,0.0001,0.075,-0.01,0,1200000,0.917601428571429,1.00746753246753,-8.23985714285713,0.746753246753262,1
V1,0.55,low_CCM,0.5,0.0001,0.075,0.01,0,1200000,0.936001428571429,1.00731966053748,-6.39985714285713,0.731966053748234,1
V1,0.55,low_CCM,0.5,0.0001,0.075,0.05,0,1200000,0.972801428571429,1.00704081632653,-2.71985714285713,0.704081632653075,1
V1,0.55,low_CCM,0.5,0.0001,0.1,-0.05,0,1200000,0.882871428571429,1.01015037593985,-11.7128571428571,1.01503759398498,0
V1,0.55,low_CCM,0.5,0.0001,0.1,-0.01,0,1200000,0.919671428571429,1.00974025974026,-8.03285714285714,0.97402597402596,1
V1,0.55,low_CCM,0.5,0.0001,0.1,0.01,0,1200000,0.938071428571429,1.00954738330976,-6.19285714285714,0.954738330975946,1
V1,0.55,low_CCM,0.5,0.0001,0.1,0.05,0,1200000,0.974871428571429,1.00918367346939,-2.51285714285714,0.918367346938775,1
V1,0.55,nominal,1,8e-05,0.05,-0.05,0,1200000,0.875971428571429,1.00225563909774,-12.4028571428571,0.22556390977444,1
V1,0.55,nominal,1,8e-05,0.05,-0.01,0,1200000,0.912771428571429,1.0021645021645,-8.72285714285714,0.216450216450204,1
V1,0.55,nominal,1,8e-05,0.05,0.01,0,1200000,0.931171428571429,1.0021216407355,-6.88285714285714,0.212164073550225,1
V1,0.55,nominal,1,8e-05,0.05,0.05,0,1200000,0.967971428571429,1.00204081632653,-3.20285714285713,0.204081632653064,1
V1,0.55,nominal,1,8e-05,0.075,-0.05,0,1200000,0.878041428571429,1.00462406015038,-12.1958571428571,0.462406015037597,1
V1,0.55,nominal,1,8e-05,0.075,-0.01,0,1200000,0.914841428571429,1.00443722943723,-8.51585714285713,0.443722943722946,1
V1,0.55,nominal,1,8e-05,0.075,0.01,0,1200000,0.933241428571429,1.00434936350778,-6.67585714285714,0.434936350777937,1
V1,0.55,nominal,1,8e-05,0.075,0.05,0,1200000,0.970041428571429,1.00418367346939,-2.99585714285714,0.418367346938764,1
V1,0.55,nominal,1,8e-05,0.1,-0.05,0,1200000,0.880111428571429,1.00699248120301,-11.9888571428571,0.699248120300755,1
V1,0.55,nominal,1,8e-05,0.1,-0.01,0,1200000,0.916911428571429,1.00670995670996,-8.30885714285714,0.670995670995667,1
V1,0.55,nominal,1,8e-05,0.1,0.01,0,1200000,0.935311428571429,1.00657708628006,-6.46885714285713,0.657708628005671,1
V1,0.55,nominal,1,8e-05,0.1,0.05,0,1200000,0.972111428571429,1.00632653061225,-2.78885714285713,0.632653061224508,1
V1,0.55,nominal,1,9e-05,0.05,-0.05,0,1200000,0.878731428571428,1.00541353383459,-12.1268571428572,0.541353383458643,1
V1,0.55,nominal,1,9e-05,0.05,-0.01,0,1200000,0.915531428571429,1.00519480519481,-8.44685714285714,0.51948051948052,1
V1,0.55,nominal,1,9e-05,0.05,0.01,0,1200000,0.933931428571429,1.00509193776521,-6.60685714285714,0.509193776520522,1
V1,0.55,nominal,1,9e-05,0.05,0.05,0,1200000,0.970731428571429,1.00489795918367,-2.92685714285714,0.489795918367331,1
V1,0.55,nominal,1,9e-05,0.075,-0.05,0,1200000,0.880801428571429,1.00778195488722,-11.9198571428571,0.7781954887218,1
V1,0.55,nominal,1,9e-05,0.075,-0.01,0,1200000,0.917601428571429,1.00746753246753,-8.23985714285713,0.746753246753262,1
V1,0.55,nominal,1,9e-05,0.075,0.01,0,1200000,0.936001428571429,1.00731966053748,-6.39985714285713,0.731966053748234,1
V1,0.55,nominal,1,9e-05,0.075,0.05,0,1200000,0.972801428571429,1.00704081632653,-2.71985714285713,0.704081632653075,1
V1,0.55,nominal,1,9e-05,0.1,-0.05,0,1200000,0.882871428571429,1.01015037593985,-11.7128571428571,1.01503759398498,0
V1,0.55,nominal,1,9e-05,0.1,-0.01,0,1200000,0.919671428571429,1.00974025974026,-8.03285714285714,0.97402597402596,1
V1,0.55,nominal,1,9e-05,0.1,0.01,0,1200000,0.938071428571429,1.00954738330976,-6.19285714285714,0.954738330975946,1
V1,0.55,nominal,1,9e-05,0.1,0.05,0,1200000,0.974871428571429,1.00918367346939,-2.51285714285714,0.918367346938775,1
V1,0.55,nominal,1,0.0001,0.05,-0.05,0,1200000,0.881491428571429,1.00857142857143,-11.8508571428571,0.857142857142867,1
V1,0.55,nominal,1,0.0001,0.05,-0.01,0,1200000,0.918291428571429,1.00822510822511,-8.17085714285715,0.822510822510814,1
V1,0.55,nominal,1,0.0001,0.05,0.01,0,1200000,0.936691428571429,1.00806223479491,-6.33085714285713,0.80622347949082,1
V1,0.55,nominal,1,0.0001,0.05,0.05,0,1200000,0.973491428571429,1.00775510204082,-2.65085714285712,0.775510204081642,1
V1,0.55,nominal,1,0.0001,0.075,-0.05,0,1200000,0.883561428571428,1.01093984962406,-11.6438571428572,1.093984962406,0
V1,0.55,nominal,1,0.0001,0.075,-0.01,0,1200000,0.920361428571429,1.01049783549784,-7.96385714285714,1.04978354978353,0
V1,0.55,nominal,1,0.0001,0.075,0.01,0,1200000,0.938761428571429,1.01028995756719,-6.12385714285715,1.02899575671853,0
V1,0.55,nominal,1,0.0001,0.075,0.05,0,1200000,0.975561428571429,1.00989795918367,-2.44385714285714,0.989795918367342,1
V1,0.55,nominal,1,0.0001,0.1,-0.05,0,1200000,0.885631428571429,1.01330827067669,-11.4368571428571,1.33082706766918,0
V1,0.55,nominal,1,0.0001,0.1,-0.01,0,1200000,0.922431428571429,1.01277056277056,-7.75685714285713,1.27705627705628,0
V1,0.55,nominal,1,0.0001,0.1,0.01,0,1200000,0.940831428571429,1.01251768033946,-5.91685714285713,1.25176803394627,0
V1,0.55,nominal,1,0.0001,0.1,0.05,0,1200000,0.977631428571429,1.01204081632653,-2.23685714285713,1.20408163265306,0
V1,0.55,high,2,8e-05,0.05,-0.05,0,1200000,0.881491428571429,1.00857142857143,-11.8508571428571,0.857142857142867,1
V1,0.55,high,2,8e-05,0.05,-0.01,0,1200000,0.918291428571429,1.00822510822511,-8.17085714285715,0.822510822510814,1
V1,0.55,high,2,8e-05,0.05,0.01,0,1200000,0.936691428571429,1.00806223479491,-6.33085714285713,0.80622347949082,1
V1,0.55,high,2,8e-05,0.05,0.05,0,1200000,0.973491428571429,1.00775510204082,-2.65085714285712,0.775510204081642,1
V1,0.55,high,2,8e-05,0.075,-0.05,0,1200000,0.883561428571428,1.01093984962406,-11.6438571428572,1.093984962406,0
V1,0.55,high,2,8e-05,0.075,-0.01,0,1200000,0.920361428571429,1.01049783549784,-7.96385714285714,1.04978354978353,0
V1,0.55,high,2,8e-05,0.075,0.01,0,1200000,0.938761428571429,1.01028995756719,-6.12385714285715,1.02899575671853,0
V1,0.55,high,2,8e-05,0.075,0.05,0,1200000,0.975561428571429,1.00989795918367,-2.44385714285714,0.989795918367342,1
V1,0.55,high,2,8e-05,0.1,-0.05,0,1200000,0.885631428571429,1.01330827067669,-11.4368571428571,1.33082706766918,0
V1,0.55,high,2,8e-05,0.1,-0.01,0,1200000,0.922431428571429,1.01277056277056,-7.75685714285713,1.27705627705628,0
V1,0.55,high,2,8e-05,0.1,0.01,0,1200000,0.940831428571429,1.01251768033946,-5.91685714285713,1.25176803394627,0
V1,0.55,high,2,8e-05,0.1,0.05,0,1200000,0.977631428571429,1.01204081632653,-2.23685714285713,1.20408163265306,0
V1,0.55,high,2,9e-05,0.05,-0.05,0,1200000,0.884251428571429,1.01172932330827,-11.5748571428571,1.17293233082707,0
V1,0.55,high,2,9e-05,0.05,-0.01,0,1200000,0.921051428571429,1.01125541125541,-7.89485714285714,1.12554112554113,0
V1,0.55,high,2,9e-05,0.05,0.01,0,1200000,0.939451428571429,1.01103253182461,-6.05485714285714,1.10325318246109,0
V1,0.55,high,2,9e-05,0.05,0.05,0,1200000,0.976251428571429,1.01061224489796,-2.37485714285713,1.06122448979591,0
V1,0.55,high,2,9e-05,0.075,-0.05,0,1200000,0.886321428571428,1.0140977443609,-11.3678571428572,1.40977443609021,0
V1,0.55,high,2,9e-05,0.075,-0.01,0,1200000,0.923121428571429,1.01352813852814,-7.68785714285714,1.35281385281385,0
V1,0.55,high,2,9e-05,0.075,0.01,0,1200000,0.941521428571429,1.01326025459689,-5.84785714285713,1.32602545968885,0
V1,0.55,high,2,9e-05,0.075,0.05,0,1200000,0.978321428571429,1.01275510204082,-2.16785714285713,1.27551020408163,0
V1,0.55,high,2,9e-05,0.1,-0.05,0,1200000,0.888391428571429,1.01646616541353,-11.1608571428571,1.64661654135339,0
V1,0.55,high,2,9e-05,0.1,-0.01,0,1200000,0.925191428571429,1.01580086580087,-7.48085714285715,1.58008658008657,0
V1,0.55,high,2,9e-05,0.1,0.01,0,1200000,0.943591428571429,1.01548797736917,-5.64085714285715,1.54879773691654,0
V1,0.55,high,2,9e-05,0.1,0.05,0,1200000,0.980391428571429,1.01489795918367,-1.96085714285714,1.48979591836733,0
V1,0.55,high,2,0.0001,0.05,-0.05,0,1200000,0.887011428571429,1.01488721804511,-11.2988571428571,1.48872180451127,0
V1,0.55,high,2,0.0001,0.05,-0.01,0,1200000,0.923811428571429,1.01428571428571,-7.61885714285713,1.42857142857145,0
V1,0.55,high,2,0.0001,0.05,0.01,0,1200000,0.942211428571429,1.01400282885431,-5.77885714285713,1.40028288543141,0
V1,0.55,high,2,0.0001,0.05,0.05,0,1200000,0.979011428571429,1.0134693877551,-2.09885714285712,1.34693877551022,0
V1,0.55,high,2,0.0001,0.075,-0.05,0,1200000,0.889081428571429,1.01725563909774,-11.0918571428571,1.72556390977443,0
V1,0.55,high,2,0.0001,0.075,-0.01,0,1200000,0.925881428571429,1.01655844155844,-7.41185714285715,1.65584415584414,0
V1,0.55,high,2,0.0001,0.075,0.01,0,1200000,0.944281428571429,1.01623055162659,-5.57185714285714,1.62305516265913,0
V1,0.55,high,2,0.0001,0.075,0.05,0,1200000,0.981081428571429,1.01561224489796,-1.89185714285713,1.56122448979592,0
V1,0.55,high,2,0.0001,0.1,-0.05,0,1200000,0.891151428571429,1.01962406015038,-10.8848571428571,1.96240601503759,0
V1,0.55,high,2,0.0001,0.1,-0.01,0,1200000,0.927951428571429,1.01883116883117,-7.20485714285713,1.88311688311689,0
V1,0.55,high,2,0.0001,0.1,0.01,0,1200000,0.946351428571429,1.01845827439887,-5.36485714285714,1.84582743988684,0
V1,0.55,high,2,0.0001,0.1,0.05,0,1200000,0.983151428571429,1.01775510204082,-1.68485714285713,1.77551020408164,0
V1,0.65,low_CCM,0.5,8e-05,0.05,-0.05,0,1200000,0.87952,1.00631578947368,-12.048,0.631578947368427,1
V1,0.65,low_CCM,0.5,8e-05,0.05,-0.01,0,1200000,0.91632,1.00606060606061,-8.368,0.60606060606061,1
V1,0.65,low_CCM,0.5,8e-05,0.05,0.01,0,1200000,0.93472,1.00594059405941,-6.52799999999999,0.594059405940595,1
V1,0.65,low_CCM,0.5,8e-05,0.05,0.05,0,1200000,0.97152,1.00571428571429,-2.84799999999999,0.571428571428578,1
V1,0.65,low_CCM,0.5,8e-05,0.075,-0.05,0,1200000,0.88159,1.00868421052632,-11.841,0.868421052631585,1
V1,0.65,low_CCM,0.5,8e-05,0.075,-0.01,0,1200000,0.91839,1.00833333333333,-8.161,0.83333333333333,1
V1,0.65,low_CCM,0.5,8e-05,0.075,0.01,0,1200000,0.93679,1.00816831683168,-6.32099999999999,0.816831683168329,1
V1,0.65,low_CCM,0.5,8e-05,0.075,0.05,0,1200000,0.97359,1.00785714285714,-2.64099999999998,0.785714285714301,1
V1,0.65,low_CCM,0.5,8e-05,0.1,-0.05,0,1200000,0.88366,1.01105263157895,-11.634,1.10526315789474,0
V1,0.65,low_CCM,0.5,8e-05,0.1,-0.01,0,1200000,0.92046,1.01060606060606,-7.95400000000001,1.06060606060605,0
V1,0.65,low_CCM,0.5,8e-05,0.1,0.01,0,1200000,0.93886,1.01039603960396,-6.114,1.03960396039604,0
V1,0.65,low_CCM,0.5,8e-05,0.1,0.05,0,1200000,0.97566,1.01,-2.43399999999999,1,0
V1,0.65,low_CCM,0.5,9e-05,0.05,-0.05,0,1200000,0.88228,1.00947368421053,-11.772,0.94736842105263,1
V1,0.65,low_CCM,0.5,9e-05,0.05,-0.01,0,1200000,0.91908,1.00909090909091,-8.092,0.909090909090904,1
V1,0.65,low_CCM,0.5,9e-05,0.05,0.01,0,1200000,0.93748,1.00891089108911,-6.252,0.891089108910892,1
V1,0.65,low_CCM,0.5,9e-05,0.05,0.05,0,1200000,0.97428,1.00857142857143,-2.572,0.857142857142845,1
V1,0.65,low_CCM,0.5,9e-05,0.075,-0.05,0,1200000,0.88435,1.01184210526316,-11.565,1.18421052631579,0
V1,0.65,low_CCM,0.5,9e-05,0.075,-0.01,0,1200000,0.92115,1.01136363636364,-7.885,1.13636363636362,0
V1,0.65,low_CCM,0.5,9e-05,0.075,0.01,0,1200000,0.93955,1.01113861386139,-6.045,1.1138613861386,0
V1,0.65,low_CCM,0.5,9e-05,0.075,0.05,0,1200000,0.97635,1.01071428571429,-2.36499999999999,1.07142857142857,0
V1,0.65,low_CCM,0.5,9e-05,0.1,-0.05,0,1200000,0.88642,1.01421052631579,-11.358,1.42105263157895,0
V1,0.65,low_CCM,0.5,9e-05,0.1,-0.01,0,1200000,0.92322,1.01363636363636,-7.678,1.36363636363637,0
V1,0.65,low_CCM,0.5,9e-05,0.1,0.01,0,1200000,0.94162,1.01336633663366,-5.83799999999999,1.33663366336634,0
V1,0.65,low_CCM,0.5,9e-05,0.1,0.05,0,1200000,0.97842,1.01285714285714,-2.15799999999998,1.28571428571429,0
V1,0.65,low_CCM,0.5,0.0001,0.05,-0.05,0,1200000,0.88504,1.01263157894737,-11.496,1.26315789473685,0
V1,0.65,low_CCM,0.5,0.0001,0.05,-0.01,0,1200000,0.92184,1.01212121212121,-7.816,1.2121212121212,0
V1,0.65,low_CCM,0.5,0.0001,0.05,0.01,0,1200000,0.94024,1.01188118811881,-5.97599999999999,1.18811881188119,0
V1,0.65,low_CCM,0.5,0.0001,0.05,0.05,0,1200000,0.97704,1.01142857142857,-2.29599999999999,1.14285714285716,0
V1,0.65,low_CCM,0.5,0.0001,0.075,-0.05,0,1200000,0.88711,1.015,-11.289,1.49999999999999,0
V1,0.65,low_CCM,0.5,0.0001,0.075,-0.01,0,1200000,0.92391,1.01439393939394,-7.60899999999999,1.43939393939394,0
V1,0.65,low_CCM,0.5,0.0001,0.075,0.01,0,1200000,0.94231,1.01410891089109,-5.76899999999999,1.41089108910892,0
V1,0.65,low_CCM,0.5,0.0001,0.075,0.05,0,1200000,0.97911,1.01357142857143,-2.08899999999999,1.35714285714286,0
V1,0.65,low_CCM,0.5,0.0001,0.1,-0.05,0,1200000,0.88918,1.01736842105263,-11.082,1.73684210526315,0
V1,0.65,low_CCM,0.5,0.0001,0.1,-0.01,0,1200000,0.92598,1.01666666666667,-7.402,1.66666666666666,0
V1,0.65,low_CCM,0.5,0.0001,0.1,0.01,0,1200000,0.94438,1.01633663366337,-5.562,1.63366336633664,0
V1,0.65,low_CCM,0.5,0.0001,0.1,0.05,0,1200000,0.98118,1.01571428571429,-1.88199999999999,1.57142857142858,0
V1,0.65,nominal,1,8e-05,0.05,-0.05,0,1200000,0.88228,1.00947368421053,-11.772,0.94736842105263,1
V1,0.65,nominal,1,8e-05,0.05,-0.01,0,1200000,0.91908,1.00909090909091,-8.092,0.909090909090904,1
V1,0.65,nominal,1,8e-05,0.05,0.01,0,1200000,0.93748,1.00891089108911,-6.252,0.891089108910892,1
V1,0.65,nominal,1,8e-05,0.05,0.05,0,1200000,0.97428,1.00857142857143,-2.572,0.857142857142845,1
V1,0.65,nominal,1,8e-05,0.075,-0.05,0,1200000,0.88435,1.01184210526316,-11.565,1.18421052631579,0
V1,0.65,nominal,1,8e-05,0.075,-0.01,0,1200000,0.92115,1.01136363636364,-7.885,1.13636363636362,0
V1,0.65,nominal,1,8e-05,0.075,0.01,0,1200000,0.93955,1.01113861386139,-6.045,1.1138613861386,0
V1,0.65,nominal,1,8e-05,0.075,0.05,0,1200000,0.97635,1.01071428571429,-2.36499999999999,1.07142857142857,0
V1,0.65,nominal,1,8e-05,0.1,-0.05,0,1200000,0.88642,1.01421052631579,-11.358,1.42105263157895,0
V1,0.65,nominal,1,8e-05,0.1,-0.01,0,1200000,0.92322,1.01363636363636,-7.678,1.36363636363637,0
V1,0.65,nominal,1,8e-05,0.1,0.01,0,1200000,0.94162,1.01336633663366,-5.83799999999999,1.33663366336634,0
V1,0.65,nominal,1,8e-05,0.1,0.05,0,1200000,0.97842,1.01285714285714,-2.15799999999998,1.28571428571429,0
V1,0.65,nominal,1,9e-05,0.05,-0.05,0,1200000,0.88504,1.01263157894737,-11.496,1.26315789473685,0
V1,0.65,nominal,1,9e-05,0.05,-0.01,0,1200000,0.92184,1.01212121212121,-7.816,1.2121212121212,0
V1,0.65,nominal,1,9e-05,0.05,0.01,0,1200000,0.94024,1.01188118811881,-5.97599999999999,1.18811881188119,0
V1,0.65,nominal,1,9e-05,0.05,0.05,0,1200000,0.97704,1.01142857142857,-2.29599999999999,1.14285714285716,0
V1,0.65,nominal,1,9e-05,0.075,-0.05,0,1200000,0.88711,1.015,-11.289,1.49999999999999,0
V1,0.65,nominal,1,9e-05,0.075,-0.01,0,1200000,0.92391,1.01439393939394,-7.60899999999999,1.43939393939394,0
V1,0.65,nominal,1,9e-05,0.075,0.01,0,1200000,0.94231,1.01410891089109,-5.76899999999999,1.41089108910892,0
V1,0.65,nominal,1,9e-05,0.075,0.05,0,1200000,0.97911,1.01357142857143,-2.08899999999999,1.35714285714286,0
V1,0.65,nominal,1,9e-05,0.1,-0.05,0,1200000,0.88918,1.01736842105263,-11.082,1.73684210526315,0
V1,0.65,nominal,1,9e-05,0.1,-0.01,0,1200000,0.92598,1.01666666666667,-7.402,1.66666666666666,0
V1,0.65,nominal,1,9e-05,0.1,0.01,0,1200000,0.94438,1.01633663366337,-5.562,1.63366336633664,0
V1,0.65,nominal,1,9e-05,0.1,0.05,0,1200000,0.98118,1.01571428571429,-1.88199999999999,1.57142857142858,0
V1,0.65,nominal,1,0.0001,0.05,-0.05,0,1200000,0.8878,1.01578947368421,-11.22,1.57894736842106,0
V1,0.65,nominal,1,0.0001,0.05,-0.01,0,1200000,0.9246,1.01515151515152,-7.54,1.51515151515151,0
V1,0.65,nominal,1,0.0001,0.05,0.01,0,1200000,0.943,1.01485148514851,-5.7,1.48514851485149,0
V1,0.65,nominal,1,0.0001,0.05,0.05,0,1200000,0.9798,1.01428571428571,-2.02,1.42857142857142,0
V1,0.65,nominal,1,0.0001,0.075,-0.05,0,1200000,0.88987,1.01815789473684,-11.013,1.81578947368419,0
V1,0.65,nominal,1,0.0001,0.075,-0.01,0,1200000,0.92667,1.01742424242424,-7.333,1.74242424242423,0
V1,0.65,nominal,1,0.0001,0.075,0.01,0,1200000,0.94507,1.01707920792079,-5.49299999999999,1.70792079207922,0
V1,0.65,nominal,1,0.0001,0.075,0.05,0,1200000,0.98187,1.01642857142857,-1.813,1.64285714285715,0
V1,0.65,nominal,1,0.0001,0.1,-0.05,0,1200000,0.89194,1.02052631578947,-10.806,2.05263157894737,0
V1,0.65,nominal,1,0.0001,0.1,-0.01,0,1200000,0.92874,1.01969696969697,-7.12599999999999,1.96969696969698,0
V1,0.65,nominal,1,0.0001,0.1,0.01,0,1200000,0.94714,1.01930693069307,-5.28599999999999,1.93069306930693,0
V1,0.65,nominal,1,0.0001,0.1,0.05,0,1200000,0.98394,1.01857142857143,-1.60599999999999,1.85714285714287,0
V1,0.65,high,2,8e-05,0.05,-0.05,0,1200000,0.8878,1.01578947368421,-11.22,1.57894736842106,0
V1,0.65,high,2,8e-05,0.05,-0.01,0,1200000,0.9246,1.01515151515152,-7.54,1.51515151515151,0
V1,0.65,high,2,8e-05,0.05,0.01,0,1200000,0.943,1.01485148514851,-5.7,1.48514851485149,0
V1,0.65,high,2,8e-05,0.05,0.05,0,1200000,0.9798,1.01428571428571,-2.02,1.42857142857142,0
V1,0.65,high,2,8e-05,0.075,-0.05,0,1200000,0.88987,1.01815789473684,-11.013,1.81578947368419,0
V1,0.65,high,2,8e-05,0.075,-0.01,0,1200000,0.92667,1.01742424242424,-7.333,1.74242424242423,0
V1,0.65,high,2,8e-05,0.075,0.01,0,1200000,0.94507,1.01707920792079,-5.49299999999999,1.70792079207922,0
V1,0.65,high,2,8e-05,0.075,0.05,0,1200000,0.98187,1.01642857142857,-1.813,1.64285714285715,0
V1,0.65,high,2,8e-05,0.1,-0.05,0,1200000,0.89194,1.02052631578947,-10.806,2.05263157894737,0
V1,0.65,high,2,8e-05,0.1,-0.01,0,1200000,0.92874,1.01969696969697,-7.12599999999999,1.96969696969698,0
V1,0.65,high,2,8e-05,0.1,0.01,0,1200000,0.94714,1.01930693069307,-5.28599999999999,1.93069306930693,0
V1,0.65,high,2,8e-05,0.1,0.05,0,1200000,0.98394,1.01857142857143,-1.60599999999999,1.85714285714287,0
V1,0.65,high,2,9e-05,0.05,-0.05,0,1200000,0.89056,1.01894736842105,-10.944,1.89473684210526,0
V1,0.65,high,2,9e-05,0.05,-0.01,0,1200000,0.92736,1.01818181818182,-7.26399999999999,1.81818181818183,0
V1,0.65,high,2,9e-05,0.05,0.01,0,1200000,0.94576,1.01782178217822,-5.424,1.78217821782178,0
V1,0.65,high,2,9e-05,0.05,0.05,0,1200000,0.98256,1.01714285714286,-1.74399999999999,1.71428571428571,0
V1,0.65,high,2,9e-05,0.075,-0.05,0,1200000,0.89263,1.02131578947368,-10.737,2.13157894736842,0
V1,0.65,high,2,9e-05,0.075,-0.01,0,1200000,0.92943,1.02045454545455,-7.05699999999999,2.04545454545455,0
V1,0.65,high,2,9e-05,0.075,0.01,0,1200000,0.94783,1.0200495049505,-5.21699999999998,2.00495049504952,0
V1,0.65,high,2,9e-05,0.075,0.05,0,1200000,0.98463,1.01928571428571,-1.53699999999998,1.92857142857144,0
V1,0.65,high,2,9e-05,0.1,-0.05,0,1200000,0.8947,1.02368421052632,-10.53,2.36842105263158,0
V1,0.65,high,2,9e-05,0.1,-0.01,0,1200000,0.9315,1.02272727272727,-6.85,2.27272727272727,0
V1,0.65,high,2,9e-05,0.1,0.01,0,1200000,0.9499,1.02227722772277,-5.01,2.22772277227723,0
V1,0.65,high,2,9e-05,0.1,0.05,0,1200000,0.9867,1.02142857142857,-1.33,2.14285714285714,0
V1,0.65,high,2,0.0001,0.05,-0.05,0,1200000,0.89332,1.02210526315789,-10.668,2.21052631578948,0
V1,0.65,high,2,0.0001,0.05,-0.01,0,1200000,0.93012,1.02121212121212,-6.988,2.1212121212121,0
V1,0.65,high,2,0.0001,0.05,0.01,0,1200000,0.94852,1.02079207920792,-5.14800000000001,2.07920792079206,0
V1,0.65,high,2,0.0001,0.05,0.05,0,1200000,0.98532,1.02,-1.468,1.99999999999998,0
V1,0.65,high,2,0.0001,0.075,-0.05,0,1200000,0.89539,1.02447368421053,-10.461,2.44736842105264,0
V1,0.65,high,2,0.0001,0.075,-0.01,0,1200000,0.93219,1.02348484848485,-6.78099999999999,2.34848484848484,0
V1,0.65,high,2,0.0001,0.075,0.01,0,1200000,0.95059,1.0230198019802,-4.941,2.30198019801982,0
V1,0.65,high,2,0.0001,0.075,0.05,0,1200000,0.98739,1.02214285714286,-1.26099999999999,2.21428571428572,0
V1,0.65,high,2,0.0001,0.1,-0.05,0,1200000,0.89746,1.02684210526316,-10.254,2.68421052631578,0
V1,0.65,high,2,0.0001,0.1,-0.01,0,1200000,0.93426,1.02575757575758,-6.57399999999999,2.57575757575759,0
V1,0.65,high,2,0.0001,0.1,0.01,0,1200000,0.95266,1.02524752475248,-4.73399999999998,2.52475247524755,0
V1,0.65,high,2,0.0001,0.1,0.05,0,1200000,0.98946,1.02428571428571,-1.05399999999999,2.42857142857142,0
V2,0.3,low_CCM,0.5,8e-05,0.05,-0.05,5000,1200000,0.90624,0.993684210526316,-9.37600000000001,-0.631578947368416,1
V2,0.3,low_CCM,0.5,8e-05,0.05,-0.01,5000,1200000,0.94464,0.993939393939394,-5.53600000000001,-0.60606060606061,1
V2,0.3,low_CCM,0.5,8e-05,0.05,0.01,5000,1200000,0.96384,0.994059405940594,-3.61600000000001,-0.594059405940606,1
V2,0.3,low_CCM,0.5,8e-05,0.05,0.05,5000,1200000,1.00224,0.994285714285714,0.224000000000002,-0.571428571428567,1
V2,0.3,low_CCM,0.5,8e-05,0.075,-0.05,5000,1200000,0.90696,0.994473684210526,-9.304,-0.55263157894736,1
V2,0.3,low_CCM,0.5,8e-05,0.075,-0.01,5000,1200000,0.94536,0.99469696969697,-5.464,-0.530303030303025,1
V2,0.3,low_CCM,0.5,8e-05,0.075,0.01,5000,1200000,0.96456,0.99480198019802,-3.544,-0.51980198019802,1
V2,0.3,low_CCM,0.5,8e-05,0.075,0.05,5000,1200000,1.00296,0.995,0.296000000000007,-0.499999999999989,1
V2,0.3,low_CCM,0.5,8e-05,0.1,-0.05,5000,1200000,0.90768,0.995263157894737,-9.23200000000001,-0.473684210526315,1
V2,0.3,low_CCM,0.5,8e-05,0.1,-0.01,5000,1200000,0.94608,0.995454545454546,-5.392,-0.454545454545441,1
V2,0.3,low_CCM,0.5,8e-05,0.1,0.01,5000,1200000,0.96528,0.995544554455446,-3.472,-0.445544554455446,1
V2,0.3,low_CCM,0.5,8e-05,0.1,0.05,5000,1200000,1.00368,0.995714285714286,0.368000000000013,-0.428571428571412,1
V2,0.3,low_CCM,0.5,9e-05,0.05,-0.05,5000,1200000,0.9072,0.994736842105263,-9.28000000000001,-0.526315789473686,1
V2,0.3,low_CCM,0.5,9e-05,0.05,-0.01,5000,1200000,0.9456,0.994949494949495,-5.44,-0.505050505050497,1
V2,0.3,low_CCM,0.5,9e-05,0.05,0.01,5000,1200000,0.9648,0.995049504950495,-3.51999999999999,-0.495049504950484,1
V2,0.3,low_CCM,0.5,9e-05,0.05,0.05,5000,1200000,1.0032,0.995238095238095,0.320000000000009,-0.476190476190463,1
V2,0.3,low_CCM,0.5,9e-05,0.075,-0.05,5000,1200000,0.90792,0.995526315789474,-9.20800000000001,-0.44736842105263,1
V2,0.3,low_CCM,0.5,9e-05,0.075,-0.01,5000,1200000,0.94632,0.995707070707071,-5.36800000000001,-0.429292929292924,1
V2,0.3,low_CCM,0.5,9e-05,0.075,0.01,5000,1200000,0.96552,0.995792079207921,-3.44800000000001,-0.420792079207932,1
V2,0.3,low_CCM,0.5,9e-05,0.075,0.05,5000,1200000,1.00392,0.995952380952381,0.391999999999992,-0.404761904761908,1
V2,0.3,low_CCM,0.5,9e-05,0.1,-0.05,5000,1200000,0.90864,0.996315789473684,-9.136,-0.368421052631573,1
V2,0.3,low_CCM,0.5,9e-05,0.1,-0.01,5000,1200000,0.94704,0.996464646464646,-5.296,-0.35353535353535,1
V2,0.3,low_CCM,0.5,9e-05,0.1,0.01,5000,1200000,0.96624,0.996534653465346,-3.37600000000001,-0.346534653465358,1
V2,0.3,low_CCM,0.5,9e-05,0.1,0.05,5000,1200000,1.00464,0.996666666666667,0.463999999999998,-0.333333333333341,1
V2,0.3,low_CCM,0.5,0.0001,0.05,-0.05,5000,1200000,0.90816,0.995789473684211,-9.184,-0.421052631578944,1
V2,0.3,low_CCM,0.5,0.0001,0.05,-0.01,5000,1200000,0.94656,0.995959595959596,-5.344,-0.404040404040396,1
V2,0.3,low_CCM,0.5,0.0001,0.05,0.01,5000,1200000,0.96576,0.996039603960396,-3.424,-0.396039603960407,1
V2,0.3,low_CCM,0.5,0.0001,0.05,0.05,5000,1200000,1.00416,0.996190476190476,0.415999999999994,-0.380952380952393,1
V2,0.3,low_CCM,0.5,0.0001,0.075,-0.05,5000,1200000,0.90888,0.996578947368421,-9.11200000000001,-0.342105263157899,1
V2,0.3,low_CCM,0.5,0.0001,0.075,-0.01,5000,1200000,0.94728,0.996717171717172,-5.272,-0.328282828282822,1
V2,0.3,low_CCM,0.5,0.0001,0.075,0.01,5000,1200000,0.96648,0.996782178217822,-3.352,-0.321782178217822,1
V2,0.3,low_CCM,0.5,0.0001,0.075,0.05,5000,1200000,1.00488,0.996904761904762,0.488,-0.309523809523815,1
V2,0.3,low_CCM,0.5,0.0001,0.1,-0.05,5000,1200000,0.9096,0.997368421052632,-9.04,-0.263157894736843,1
V2,0.3,low_CCM,0.5,0.0001,0.1,-0.01,5000,1200000,0.948,0.997474747474748,-5.2,-0.252525252525249,1
V2,0.3,low_CCM,0.5,0.0001,0.1,0.01,5000,1200000,0.9672,0.997524752475248,-3.27999999999999,-0.247524752475248,1
V2,0.3,low_CCM,0.5,0.0001,0.1,0.05,5000,1200000,1.0056,0.997619047619048,0.560000000000005,-0.238095238095237,1
V2,0.3,nominal,1,8e-05,0.05,-0.05,5000,1200000,0.9072,0.994736842105263,-9.28000000000001,-0.526315789473686,1
V2,0.3,nominal,1,8e-05,0.05,-0.01,5000,1200000,0.9456,0.994949494949495,-5.44,-0.505050505050497,1
V2,0.3,nominal,1,8e-05,0.05,0.01,5000,1200000,0.9648,0.995049504950495,-3.51999999999999,-0.495049504950484,1
V2,0.3,nominal,1,8e-05,0.05,0.05,5000,1200000,1.0032,0.995238095238095,0.320000000000009,-0.476190476190463,1
V2,0.3,nominal,1,8e-05,0.075,-0.05,5000,1200000,0.90792,0.995526315789474,-9.20800000000001,-0.44736842105263,1
V2,0.3,nominal,1,8e-05,0.075,-0.01,5000,1200000,0.94632,0.995707070707071,-5.36800000000001,-0.429292929292924,1
V2,0.3,nominal,1,8e-05,0.075,0.01,5000,1200000,0.96552,0.995792079207921,-3.44800000000001,-0.420792079207932,1
V2,0.3,nominal,1,8e-05,0.075,0.05,5000,1200000,1.00392,0.995952380952381,0.391999999999992,-0.404761904761908,1
V2,0.3,nominal,1,8e-05,0.1,-0.05,5000,1200000,0.90864,0.996315789473684,-9.136,-0.368421052631573,1
V2,0.3,nominal,1,8e-05,0.1,-0.01,5000,1200000,0.94704,0.996464646464646,-5.296,-0.35353535353535,1
V2,0.3,nominal,1,8e-05,0.1,0.01,5000,1200000,0.96624,0.996534653465346,-3.37600000000001,-0.346534653465358,1
V2,0.3,nominal,1,8e-05,0.1,0.05,5000,1200000,1.00464,0.996666666666667,0.463999999999998,-0.333333333333341,1
V2,0.3,nominal,1,9e-05,0.05,-0.05,5000,1200000,0.90816,0.995789473684211,-9.184,-0.421052631578944,1
V2,0.3,nominal,1,9e-05,0.05,-0.01,5000,1200000,0.94656,0.995959595959596,-5.344,-0.404040404040396,1
V2,0.3,nominal,1,9e-05,0.05,0.01,5000,1200000,0.96576,0.996039603960396,-3.424,-0.396039603960407,1
V2,0.3,nominal,1,9e-05,0.05,0.05,5000,1200000,1.00416,0.996190476190476,0.415999999999994,-0.380952380952393,1
V2,0.3,nominal,1,9e-05,0.075,-0.05,5000,1200000,0.90888,0.996578947368421,-9.11200000000001,-0.342105263157899,1
V2,0.3,nominal,1,9e-05,0.075,-0.01,5000,1200000,0.94728,0.996717171717172,-5.272,-0.328282828282822,1
V2,0.3,nominal,1,9e-05,0.075,0.01,5000,1200000,0.96648,0.996782178217822,-3.352,-0.321782178217822,1
V2,0.3,nominal,1,9e-05,0.075,0.05,5000,1200000,1.00488,0.996904761904762,0.488,-0.309523809523815,1
V2,0.3,nominal,1,9e-05,0.1,-0.05,5000,1200000,0.9096,0.997368421052632,-9.04,-0.263157894736843,1
V2,0.3,nominal,1,9e-05,0.1,-0.01,5000,1200000,0.948,0.997474747474748,-5.2,-0.252525252525249,1
V2,0.3,nominal,1,9e-05,0.1,0.01,5000,1200000,0.9672,0.997524752475248,-3.27999999999999,-0.247524752475248,1
V2,0.3,nominal,1,9e-05,0.1,0.05,5000,1200000,1.0056,0.997619047619048,0.560000000000005,-0.238095238095237,1
V2,0.3,nominal,1,0.0001,0.05,-0.05,5000,1200000,0.90912,0.996842105263158,-9.08800000000001,-0.315789473684214,1
V2,0.3,nominal,1,0.0001,0.05,-0.01,5000,1200000,0.94752,0.996969696969697,-5.24800000000001,-0.303030303030305,1
V2,0.3,nominal,1,0.0001,0.05,0.01,5000,1200000,0.96672,0.997029702970297,-3.328,-0.297029702970297,1
V2,0.3,nominal,1,0.0001,0.05,0.05,5000,1200000,1.00512,0.997142857142857,0.512000000000001,-0.285714285714289,1
V2,0.3,nominal,1,0.0001,0.075,-0.05,5000,1200000,0.90984,0.997631578947369,-9.016,-0.236842105263146,1
V2,0.3,nominal,1,0.0001,0.075,-0.01,5000,1200000,0.94824,0.997727272727273,-5.176,-0.22727272727272,1
V2,0.3,nominal,1,0.0001,0.075,0.01,5000,1200000,0.96744,0.997772277227723,-3.25600000000001,-0.222772277227734,1
V2,0.3,nominal,1,0.0001,0.075,0.05,5000,1200000,1.00584,0.997857142857143,0.583999999999985,-0.214285714285734,1
V2,0.3,nominal,1,0.0001,0.1,-0.05,5000,1200000,0.91056,0.998421052631579,-8.94400000000001,-0.157894736842101,1
V2,0.3,nominal,1,0.0001,0.1,-0.01,5000,1200000,0.94896,0.998484848484849,-5.104,-0.151515151515136,1
V2,0.3,nominal,1,0.0001,0.1,0.01,5000,1200000,0.96816,0.998514851485148,-3.18400000000001,-0.14851485148516,1
V2,0.3,nominal,1,0.0001,0.1,0.05,5000,1200000,1.00656,0.998571428571428,0.65599999999999,-0.142857142857156,1
V2,0.3,high,2,8e-05,0.05,-0.05,5000,1200000,0.90912,0.996842105263158,-9.08800000000001,-0.315789473684214,1
V2,0.3,high,2,8e-05,0.05,-0.01,5000,1200000,0.94752,0.996969696969697,-5.24800000000001,-0.303030303030305,1
V2,0.3,high,2,8e-05,0.05,0.01,5000,1200000,0.96672,0.997029702970297,-3.328,-0.297029702970297,1
V2,0.3,high,2,8e-05,0.05,0.05,5000,1200000,1.00512,0.997142857142857,0.512000000000001,-0.285714285714289,1
V2,0.3,high,2,8e-05,0.075,-0.05,5000,1200000,0.90984,0.997631578947369,-9.016,-0.236842105263146,1
V2,0.3,high,2,8e-05,0.075,-0.01,5000,1200000,0.94824,0.997727272727273,-5.176,-0.22727272727272,1
V2,0.3,high,2,8e-05,0.075,0.01,5000,1200000,0.96744,0.997772277227723,-3.25600000000001,-0.222772277227734,1
V2,0.3,high,2,8e-05,0.075,0.05,5000,1200000,1.00584,0.997857142857143,0.583999999999985,-0.214285714285734,1
V2,0.3,high,2,8e-05,0.1,-0.05,5000,1200000,0.91056,0.998421052631579,-8.94400000000001,-0.157894736842101,1
V2,0.3,high,2,8e-05,0.1,-0.01,5000,1200000,0.94896,0.998484848484849,-5.104,-0.151515151515136,1
V2,0.3,high,2,8e-05,0.1,0.01,5000,1200000,0.96816,0.998514851485148,-3.18400000000001,-0.14851485148516,1
V2,0.3,high,2,8e-05,0.1,0.05,5000,1200000,1.00656,0.998571428571428,0.65599999999999,-0.142857142857156,1
V2,0.3,high,2,9e-05,0.05,-0.05,5000,1200000,0.91008,0.997894736842105,-8.99200000000001,-0.210526315789472,1
V2,0.3,high,2,9e-05,0.05,-0.01,5000,1200000,0.94848,0.997979797979798,-5.152,-0.202020202020192,1
V2,0.3,high,2,9e-05,0.05,0.01,5000,1200000,0.96768,0.998019801980198,-3.232,-0.198019801980198,1
V2,0.3,high,2,9e-05,0.05,0.05,5000,1200000,1.00608,0.998095238095238,0.608000000000009,-0.190476190476185,1
V2,0.3,high,2,9e-05,0.075,-0.05,5000,1200000,0.9108,0.998684210526316,-8.92000000000001,-0.131578947368416,1
V2,0.3,high,2,9e-05,0.075,-0.01,5000,1200000,0.9492,0.998737373737374,-5.08000000000001,-0.126262626262619,1
V2,0.3,high,2,9e-05,0.075,0.01,5000,1200000,0.9684,0.998762376237624,-3.16,-0.123762376237624,1
V2,0.3,high,2,9e-05,0.075,0.05,5000,1200000,1.0068,0.998809523809524,0.680000000000014,-0.119047619047608,1
V2,0.3,high,2,9e-05,0.1,-0.05,5000,1200000,0.91152,0.999473684210526,-8.848,-0.0526315789473597,1
V2,0.3,high,2,9e-05,0.1,-0.01,5000,1200000,0.94992,0.99949494949495,-5.008,-0.0505050505050453,1
V2,0.3,high,2,9e-05,0.1,0.01,5000,1200000,0.96912,0.99950495049505,-3.088,-0.0495049504950495,1
V2,0.3,high,2,9e-05,0.1,0.05,5000,1200000,1.00752,0.999523809523809,0.751999999999997,-0.0476190476190519,1
V2,0.3,high,2,0.0001,0.05,-0.05,5000,1200000,0.91104,0.998947368421053,-8.896,-0.105263157894731,1
V2,0.3,high,2,0.0001,0.05,-0.01,5000,1200000,0.94944,0.998989898989899,-5.056,-0.101010101010102,1
V2,0.3,high,2,0.0001,0.05,0.01,5000,1200000,0.96864,0.999009900990099,-3.13599999999999,-0.0990099009900991,1
V2,0.3,high,2,0.0001,0.05,0.05,5000,1200000,1.00704,0.999047619047619,0.704000000000016,-0.0952380952380816,1
V2,0.3,high,2,0.0001,0.075,-0.05,5000,1200000,0.91176,0.999736842105263,-8.82400000000001,-0.0263157894736854,1
V2,0.3,high,2,0.0001,0.075,-0.01,5000,1200000,0.95016,0.999747474747475,-4.984,-0.0252525252525171,1
V2,0.3,high,2,0.0001,0.075,0.01,5000,1200000,0.96936,0.999752475247525,-3.06400000000001,-0.0247524752475359,1
V2,0.3,high,2,0.0001,0.075,0.05,5000,1200000,1.00776,0.999761904761905,0.775999999999999,-0.0238095238095259,1
V2,0.3,high,2,0.0001,0.1,-0.05,5000,1200000,0.91248,1.00052631578947,-8.75200000000001,0.0526315789473708,1
V2,0.3,high,2,0.0001,0.1,-0.01,5000,1200000,0.95088,1.00050505050505,-4.91200000000001,0.0505050505050564,1
V2,0.3,high,2,0.0001,0.1,0.01,5000,1200000,0.97008,1.00049504950495,-2.99200000000001,0.0495049504950495,1
V2,0.3,high,2,0.0001,0.1,0.05,5000,1200000,1.00848,1.00047619047619,0.848000000000004,0.0476190476190519,1
V2,0.4,low_CCM,0.5,8e-05,0.05,-0.05,5000,1200000,0.908434285714286,0.99609022556391,-9.15657142857144,-0.39097744360902,1
V2,0.4,low_CCM,0.5,8e-05,0.05,-0.01,5000,1200000,0.946834285714286,0.996248196248196,-5.31657142857143,-0.375180375180362,1
V2,0.4,low_CCM,0.5,8e-05,0.05,0.01,5000,1200000,0.966034285714286,0.996322489391796,-3.39657142857144,-0.367751060820376,1
V2,0.4,low_CCM,0.5,8e-05,0.05,0.05,5000,1200000,1.00443428571429,0.996462585034014,0.443428571428561,-0.353741496598647,1
V2,0.4,low_CCM,0.5,8e-05,0.075,-0.05,5000,1200000,0.909154285714286,0.99687969924812,-9.08457142857144,-0.312030075187975,1
V2,0.4,low_CCM,0.5,8e-05,0.075,-0.01,5000,1200000,0.947554285714286,0.997005772005772,-5.24457142857143,-0.299422799422788,1
V2,0.4,low_CCM,0.5,8e-05,0.075,0.01,5000,1200000,0.966754285714286,0.997065063649222,-3.32457142857143,-0.293493635077802,1
V2,0.4,low_CCM,0.5,8e-05,0.075,0.05,5000,1200000,1.00515428571429,0.997176870748299,0.515428571428567,-0.28231292517007,1
V2,0.4,low_CCM,0.5,8e-05,0.1,-0.05,5000,1200000,0.909874285714286,0.997669172932331,-9.01257142857144,-0.233082706766918,1
V2,0.4,low_CCM,0.5,8e-05,0.1,-0.01,5000,1200000,0.948274285714286,0.997763347763348,-5.17257142857144,-0.223665223665226,1
V2,0.4,low_CCM,0.5,8e-05,0.1,0.01,5000,1200000,0.967474285714286,0.997807637906648,-3.25257142857143,-0.219236209335216,1
V2,0.4,low_CCM,0.5,8e-05,0.1,0.05,5000,1200000,1.00587428571429,0.997891156462585,0.587428571428572,-0.210884353741492,1
V2,0.4,low_CCM,0.5,9e-05,0.05,-0.05,5000,1200000,0.909394285714286,0.997142857142857,-9.06057142857143,-0.285714285714278,1
V2,0.4,low_CCM,0.5,9e-05,0.05,-0.01,5000,1200000,0.947794285714286,0.997258297258297,-5.22057142857143,-0.274170274170271,1
V2,0.4,low_CCM,0.5,9e-05,0.05,0.01,5000,1200000,0.966994285714286,0.997312588401697,-3.30057142857143,-0.268741159830277,1
V2,0.4,low_CCM,0.5,9e-05,0.05,0.05,5000,1200000,1.00539428571429,0.997414965986395,0.539428571428568,-0.258503401360544,1
V2,0.4,low_CCM,0.5,9e-05,0.075,-0.05,5000,1200000,0.910114285714286,0.997932330827068,-8.98857142857143,-0.206766917293233,1
V2,0.4,low_CCM,0.5,9e-05,0.075,-0.01,5000,1200000,0.948514285714286,0.998015873015873,-5.14857142857144,-0.198412698412698,1
V2,0.4,low_CCM,0.5,9e-05,0.075,0.01,5000,1200000,0.967714285714286,0.998055162659123,-3.22857142857143,-0.194483734087691,1
V2,0.4,low_CCM,0.5,9e-05,0.075,0.05,5000,1200000,1.00611428571429,0.99812925170068,0.611428571428574,-0.187074829931966,1
V2,0.4,low_CCM,0.5,9e-05,0.1,-0.05,5000,1200000,0.910834285714286,0.998721804511278,-8.91657142857144,-0.127819548872188,1
V2,0.4,low_CCM,0.5,9e-05,0.1,-0.01,5000,1200000,0.949234285714286,0.998773448773449,-5.07657142857143,-0.122655122655113,1
V2,0.4,low_CCM,0.5,9e-05,0.1,0.01,5000,1200000,0.968434285714286,0.998797736916549,-3.15657142857142,-0.120226308345117,1
V2,0.4,low_CCM,0.5,9e-05,0.1,0.05,5000,1200000,1.00683428571429,0.998843537414966,0.683428571428579,-0.115646258503399,1
V2,0.4,low_CCM,0.5,0.0001,0.05,-0.05,5000,1200000,0.910354285714286,0.998195488721805,-8.96457142857143,-0.180451127819548,1
V2,0.4,low_CCM,0.5,0.0001,0.05,-0.01,5000,1200000,0.948754285714286,0.998268398268398,-5.12457142857143,-0.17316017316017,1
V2,0.4,low_CCM,0.5,0.0001,0.05,0.01,5000,1200000,0.967954285714286,0.998302687411598,-3.20457142857143,-0.169731258840178,1
V2,0.4,low_CCM,0.5,0.0001,0.05,0.05,5000,1200000,1.00635428571429,0.998367346938775,0.635428571428576,-0.163265306122451,1
V2,0.4,low_CCM,0.5,0.0001,0.075,-0.05,5000,1200000,0.911074285714286,0.998984962406015,-8.89257142857144,-0.101503759398502,1
V2,0.4,low_CCM,0.5,0.0001,0.075,-0.01,5000,1200000,0.949474285714286,0.999025974025974,-5.05257142857144,-0.097402597402596,1
V2,0.4,low_CCM,0.5,0.0001,0.075,0.01,5000,1200000,0.968674285714286,0.999045261669024,-3.13257142857144,-0.0954738330976146,1
V2,0.4,low_CCM,0.5,0.0001,0.075,0.05,5000,1200000,1.00707428571429,0.999081632653061,0.707428571428559,-0.0918367346938953,1
V2,0.4,low_CCM,0.5,0.0001,0.1,-0.05,5000,1200000,0.911794285714286,0.999774436090226,-8.82057142857143,-0.0225563909774351,1
V2,0.4,low_CCM,0.5,0.0001,0.1,-0.01,5000,1200000,0.950194285714286,0.99978354978355,-4.98057142857143,-0.0216450216450226,1
V2,0.4,low_CCM,0.5,0.0001,0.1,0.01,5000,1200000,0.969394285714286,0.99978783592645,-3.06057142857143,-0.0212164073550292,1
V2,0.4,low_CCM,0.5,0.0001,0.1,0.05,5000,1200000,1.00779428571429,0.999795918367347,0.779428571428564,-0.0204081632653175,1
V2,0.4,nominal,1,8e-05,0.05,-0.05,5000,1200000,0.909394285714286,0.997142857142857,-9.06057142857143,-0.285714285714278,1
V2,0.4,nominal,1,8e-05,0.05,-0.01,5000,1200000,0.947794285714286,0.997258297258297,-5.22057142857143,-0.274170274170271,1
V2,0.4,nominal,1,8e-05,0.05,0.01,5000,1200000,0.966994285714286,0.997312588401697,-3.30057142857143,-0.268741159830277,1
V2,0.4,nominal,1,8e-05,0.05,0.05,5000,1200000,1.00539428571429,0.997414965986395,0.539428571428568,-0.258503401360544,1
V2,0.4,nominal,1,8e-05,0.075,-0.05,5000,1200000,0.910114285714286,0.997932330827068,-8.98857142857143,-0.206766917293233,1
V2,0.4,nominal,1,8e-05,0.075,-0.01,5000,1200000,0.948514285714286,0.998015873015873,-5.14857142857144,-0.198412698412698,1
V2,0.4,nominal,1,8e-05,0.075,0.01,5000,1200000,0.967714285714286,0.998055162659123,-3.22857142857143,-0.194483734087691,1
V2,0.4,nominal,1,8e-05,0.075,0.05,5000,1200000,1.00611428571429,0.99812925170068,0.611428571428574,-0.187074829931966,1
V2,0.4,nominal,1,8e-05,0.1,-0.05,5000,1200000,0.910834285714286,0.998721804511278,-8.91657142857144,-0.127819548872188,1
V2,0.4,nominal,1,8e-05,0.1,-0.01,5000,1200000,0.949234285714286,0.998773448773449,-5.07657142857143,-0.122655122655113,1
V2,0.4,nominal,1,8e-05,0.1,0.01,5000,1200000,0.968434285714286,0.998797736916549,-3.15657142857142,-0.120226308345117,1
V2,0.4,nominal,1,8e-05,0.1,0.05,5000,1200000,1.00683428571429,0.998843537414966,0.683428571428579,-0.115646258503399,1
V2,0.4,nominal,1,9e-05,0.05,-0.05,5000,1200000,0.910354285714286,0.998195488721805,-8.96457142857143,-0.180451127819548,1
V2,0.4,nominal,1,9e-05,0.05,-0.01,5000,1200000,0.948754285714286,0.998268398268398,-5.12457142857143,-0.17316017316017,1
V2,0.4,nominal,1,9e-05,0.05,0.01,5000,1200000,0.967954285714286,0.998302687411598,-3.20457142857143,-0.169731258840178,1
V2,0.4,nominal,1,9e-05,0.05,0.05,5000,1200000,1.00635428571429,0.998367346938775,0.635428571428576,-0.163265306122451,1
V2,0.4,nominal,1,9e-05,0.075,-0.05,5000,1200000,0.911074285714286,0.998984962406015,-8.89257142857144,-0.101503759398502,1
V2,0.4,nominal,1,9e-05,0.075,-0.01,5000,1200000,0.949474285714286,0.999025974025974,-5.05257142857144,-0.097402597402596,1
V2,0.4,nominal,1,9e-05,0.075,0.01,5000,1200000,0.968674285714286,0.999045261669024,-3.13257142857144,-0.0954738330976146,1
V2,0.4,nominal,1,9e-05,0.075,0.05,5000,1200000,1.00707428571429,0.999081632653061,0.707428571428559,-0.0918367346938953,1
V2,0.4,nominal,1,9e-05,0.1,-0.05,5000,1200000,0.911794285714286,0.999774436090226,-8.82057142857143,-0.0225563909774351,1
V2,0.4,nominal,1,9e-05,0.1,-0.01,5000,1200000,0.950194285714286,0.99978354978355,-4.98057142857143,-0.0216450216450226,1
V2,0.4,nominal,1,9e-05,0.1,0.01,5000,1200000,0.969394285714286,0.99978783592645,-3.06057142857143,-0.0212164073550292,1
V2,0.4,nominal,1,9e-05,0.1,0.05,5000,1200000,1.00779428571429,0.999795918367347,0.779428571428564,-0.0204081632653175,1
V2,0.4,nominal,1,0.0001,0.05,-0.05,5000,1200000,0.911314285714286,0.999248120300752,-8.86857142857144,-0.075187969924817,1
V2,0.4,nominal,1,0.0001,0.05,-0.01,5000,1200000,0.949714285714286,0.999278499278499,-5.02857142857143,-0.0721500721500568,1
V2,0.4,nominal,1,0.0001,0.05,0.01,5000,1200000,0.968914285714286,0.999292786421499,-3.10857142857143,-0.0707213578500676,1
V2,0.4,nominal,1,0.0001,0.05,0.05,5000,1200000,1.00731428571429,0.999319727891157,0.731428571428583,-0.0680272108843472,1
V2,0.4,nominal,1,0.0001,0.075,-0.05,5000,1200000,0.912034285714286,1.00003759398496,-8.79657142857144,0.00375939849623919,1
V2,0.4,nominal,1,0.0001,0.075,-0.01,5000,1200000,0.950434285714286,1.00003607503608,-4.95657142857143,0.00360750360750561,1
V2,0.4,nominal,1,0.0001,0.075,0.01,5000,1200000,0.969634285714286,1.00003536067893,-3.03657142857142,0.00353606789251781,1
V2,0.4,nominal,1,0.0001,0.075,0.05,5000,1200000,1.00803428571429,1.00003401360544,0.803428571428588,0.00340136054424178,1
V2,0.4,nominal,1,0.0001,0.1,-0.05,5000,1200000,0.912754285714286,1.00082706766917,-8.72457142857144,0.0827067669172843,1
V2,0.4,nominal,1,0.0001,0.1,-0.01,5000,1200000,0.951154285714286,1.00079365079365,-4.88457142857144,0.0793650793650791,1
V2,0.4,nominal,1,0.0001,0.1,0.01,5000,1200000,0.970354285714286,1.00077793493635,-2.96457142857142,0.077793493635081,1
V2,0.4,nominal,1,0.0001,0.1,0.05,5000,1200000,1.00875428571429,1.00074829931973,0.875428571428571,0.0748299319727863,1
V2,0.4,high,2,8e-05,0.05,-0.05,5000,1200000,0.911314285714286,0.999248120300752,-8.86857142857144,-0.075187969924817,1
V2,0.4,high,2,8e-05,0.05,-0.01,5000,1200000,0.949714285714286,0.999278499278499,-5.02857142857143,-0.0721500721500568,1
V2,0.4,high,2,8e-05,0.05,0.01,5000,1200000,0.968914285714286,0.999292786421499,-3.10857142857143,-0.0707213578500676,1
V2,0.4,high,2,8e-05,0.05,0.05,5000,1200000,1.00731428571429,0.999319727891157,0.731428571428583,-0.0680272108843472,1
V2,0.4,high,2,8e-05,0.075,-0.05,5000,1200000,0.912034285714286,1.00003759398496,-8.79657142857144,0.00375939849623919,1
V2,0.4,high,2,8e-05,0.075,-0.01,5000,1200000,0.950434285714286,1.00003607503608,-4.95657142857143,0.00360750360750561,1
V2,0.4,high,2,8e-05,0.075,0.01,5000,1200000,0.969634285714286,1.00003536067893,-3.03657142857142,0.00353606789251781,1
V2,0.4,high,2,8e-05,0.075,0.05,5000,1200000,1.00803428571429,1.00003401360544,0.803428571428588,0.00340136054424178,1
V2,0.4,high,2,8e-05,0.1,-0.05,5000,1200000,0.912754285714286,1.00082706766917,-8.72457142857144,0.0827067669172843,1
V2,0.4,high,2,8e-05,0.1,-0.01,5000,1200000,0.951154285714286,1.00079365079365,-4.88457142857144,0.0793650793650791,1
V2,0.4,high,2,8e-05,0.1,0.01,5000,1200000,0.970354285714286,1.00077793493635,-2.96457142857142,0.077793493635081,1
V2,0.4,high,2,8e-05,0.1,0.05,5000,1200000,1.00875428571429,1.00074829931973,0.875428571428571,0.0748299319727863,1
V2,0.4,high,2,9e-05,0.05,-0.05,5000,1200000,0.912274285714286,1.0003007518797,-8.77257142857143,0.0300751879699357,1
V2,0.4,high,2,9e-05,0.05,-0.01,5000,1200000,0.950674285714286,1.0002886002886,-4.93257142857143,0.0288600288600449,1
V2,0.4,high,2,9e-05,0.05,0.01,5000,1200000,0.969874285714286,1.0002828854314,-3.01257142857144,0.0282885431400093,1
V2,0.4,high,2,9e-05,0.05,0.05,5000,1200000,1.00827428571429,1.00027210884354,0.827428571428568,0.0272108843537344,1
V2,0.4,high,2,9e-05,0.075,-0.05,5000,1200000,0.912994285714286,1.00109022556391,-8.70057142857144,0.109022556390981,1
V2,0.4,high,2,9e-05,0.075,-0.01,5000,1200000,0.951394285714286,1.00104617604618,-4.86057142857144,0.104617604617596,1
V2,0.4,high,2,9e-05,0.075,0.01,5000,1200000,0.970594285714286,1.00102545968883,-2.94057142857144,0.102545968882595,1
V2,0.4,high,2,9e-05,0.075,0.05,5000,1200000,1.00899428571429,1.00098639455782,0.899428571428573,0.0986394557823234,1
V2,0.4,high,2,9e-05,0.1,-0.05,5000,1200000,0.913714285714286,1.00187969924812,-8.62857142857144,0.187969924812026,1
V2,0.4,high,2,9e-05,0.1,-0.01,5000,1200000,0.952114285714286,1.00180375180375,-4.78857142857143,0.180375180375192,1
V2,0.4,high,2,9e-05,0.1,0.01,5000,1200000,0.971314285714286,1.00176803394625,-2.86857142857143,0.17680339462518,1
V2,0.4,high,2,9e-05,0.1,0.05,5000,1200000,1.00971428571429,1.00170068027211,0.971428571428579,0.17006802721089,1
V2,0.4,high,2,0.0001,0.05,-0.05,5000,1200000,0.913234285714286,1.00135338345865,-8.67657142857143,0.135338345864655,1
V2,0.4,high,2,0.0001,0.05,-0.01,5000,1200000,0.951634285714286,1.0012987012987,-4.83657142857142,0.129870129870135,1
V2,0.4,high,2,0.0001,0.05,0.01,5000,1200000,0.970834285714286,1.0012729844413,-2.91657142857142,0.127298444130131,1
V2,0.4,high,2,0.0001,0.05,0.05,5000,1200000,1.00923428571429,1.00122448979592,0.923428571428575,0.122448979591838,1
V2,0.4,high,2,0.0001,0.075,-0.05,5000,1200000,0.913954285714286,1.00214285714286,-8.60457142857144,0.2142857142857,1
V2,0.4,high,2,0.0001,0.075,-0.01,5000,1200000,0.952354285714286,1.00205627705628,-4.76457142857144,0.205627705627709,1
V2,0.4,high,2,0.0001,0.075,0.01,5000,1200000,0.971554285714286,1.00201555869873,-2.84457142857142,0.201555869872716,1
V2,0.4,high,2,0.0001,0.075,0.05,5000,1200000,1.00995428571429,1.0019387755102,0.99542857142858,0.193877551020427,1
V2,0.4,high,2,0.0001,0.1,-0.05,5000,1200000,0.914674285714286,1.00293233082707,-8.53257142857143,0.293233082706768,1
V2,0.4,high,2,0.0001,0.1,-0.01,5000,1200000,0.953074285714286,1.00281385281385,-4.69257142857144,0.281385281385282,1
V2,0.4,high,2,0.0001,0.1,0.01,5000,1200000,0.972274285714286,1.00275813295615,-2.77257142857142,0.275813295615279,1
V2,0.4,high,2,0.0001,0.1,0.05,5000,1200000,1.01067428571429,1.00265306122449,1.06742857142859,0.265306122448994,1
V2,0.55,low_CCM,0.5,8e-05,0.05,-0.05,5000,1200000,0.911725714285714,0.999699248120301,-8.82742857142859,-0.0300751879699357,1
V2,0.55,low_CCM,0.5,8e-05,0.05,-0.01,5000,1200000,0.950125714285714,0.9997113997114,-4.98742857142858,-0.0288600288600227,1
V2,0.55,low_CCM,0.5,8e-05,0.05,0.01,5000,1200000,0.969325714285714,0.9997171145686,-3.06742857142857,-0.0282885431400204,1
V2,0.55,low_CCM,0.5,8e-05,0.05,0.05,5000,1200000,1.00772571428571,0.999727891156463,0.772571428571434,-0.0272108843537344,1
V2,0.55,low_CCM,0.5,8e-05,0.075,-0.05,5000,1200000,0.912445714285714,1.00048872180451,-8.75542857142858,0.0488721804511316,1
V2,0.55,low_CCM,0.5,8e-05,0.075,-0.01,5000,1200000,0.950845714285714,1.00046897546898,-4.91542857142858,0.0468975468975508,1
V2,0.55,low_CCM,0.5,8e-05,0.075,0.01,5000,1200000,0.970045714285714,1.00045968882603,-2.99542857142856,0.0459688826025539,1
V2,0.55,low_CCM,0.5,8e-05,0.075,0.05,5000,1200000,1.00844571428571,1.00044217687075,0.844571428571439,0.0442176870748323,1
V2,0.55,low_CCM,0.5,8e-05,0.1,-0.05,5000,1200000,0.913165714285714,1.00127819548872,-8.68342857142857,0.127819548872177,1
V2,0.55,low_CCM,0.5,8e-05,0.1,-0.01,5000,1200000,0.951565714285714,1.00122655122655,-4.84342857142858,0.122655122655124,1
V2,0.55,low_CCM,0.5,8e-05,0.1,0.01,5000,1200000,0.970765714285714,1.00120226308345,-2.92342857142859,0.120226308345095,1
V2,0.55,low_CCM,0.5,8e-05,0.1,0.05,5000,1200000,1.00916571428571,1.00115646258503,0.916571428571422,0.115646258503399,1
V2,0.55,low_CCM,0.5,9e-05,0.05,-0.05,5000,1200000,0.912685714285714,1.00075187969925,-8.73142857142858,0.0751879699248059,1
V2,0.55,low_CCM,0.5,9e-05,0.05,-0.01,5000,1200000,0.951085714285714,1.0007215007215,-4.89142857142858,0.0721500721500679,1
V2,0.55,low_CCM,0.5,9e-05,0.05,0.01,5000,1200000,0.970285714285714,1.0007072135785,-2.97142857142858,0.0707213578500676,1
V2,0.55,low_CCM,0.5,9e-05,0.05,0.05,5000,1200000,1.00868571428571,1.00068027210884,0.868571428571419,0.0680272108843472,1
V2,0.55,low_CCM,0.5,9e-05,0.075,-0.05,5000,1200000,0.913405714285714,1.00154135338346,-8.65942857142858,0.154135338345851,1
V2,0.55,low_CCM,0.5,9e-05,0.075,-0.01,5000,1200000,0.951805714285714,1.00147907647908,-4.81942857142857,0.147907647907664,1
V2,0.55,low_CCM,0.5,9e-05,0.075,0.01,5000,1200000,0.971005714285714,1.00144978783593,-2.89942857142858,0.144978783592631,1
V2,0.55,low_CCM,0.5,9e-05,0.075,0.05,5000,1200000,1.00940571428571,1.00139455782313,0.940571428571424,0.139455782312914,1
V2,0.55,low_CCM,0.5,9e-05,0.1,-0.05,5000,1200000,0.914125714285714,1.00233082706767,-8.58742857142858,0.233082706766918,1
V2,0.55,low_CCM,0.5,9e-05,0.1,-0.01,5000,1200000,0.952525714285714,1.00223665223665,-4.74742857142858,0.223665223665215,1
V2,0.55,low_CCM,0.5,9e-05,0.1,0.01,5000,1200000,0.971725714285714,1.00219236209335,-2.82742857142857,0.219236209335216,1
V2,0.55,low_CCM,0.5,9e-05,0.1,0.05,5000,1200000,1.01012571428571,1.00210884353742,1.01257142857143,0.210884353741503,1
V2,0.55,low_CCM,0.5,0.0001,0.05,-0.05,5000,1200000,0.913645714285714,1.0018045112782,-8.63542857142858,0.180451127819548,1
V2,0.55,low_CCM,0.5,0.0001,0.05,-0.01,5000,1200000,0.952045714285714,1.0017316017316,-4.79542857142858,0.173160173160158,1
V2,0.55,low_CCM,0.5,0.0001,0.05,0.01,5000,1200000,0.971245714285714,1.0016973125884,-2.87542857142857,0.169731258840167,1
V2,0.55,low_CCM,0.5,0.0001,0.05,0.05,5000,1200000,1.00964571428571,1.00163265306122,0.964571428571426,0.163265306122451,1
V2,0.55,low_CCM,0.5,0.0001,0.075,-0.05,5000,1200000,0.914365714285714,1.00259398496241,-8.56342857142858,0.259398496240593,1
V2,0.55,low_CCM,0.5,0.0001,0.075,-0.01,5000,1200000,0.952765714285714,1.00248917748918,-4.72342857142858,0.248917748917754,1
V2,0.55,low_CCM,0.5,0.0001,0.075,0.01,5000,1200000,0.971965714285714,1.00243988684583,-2.80342857142857,0.243988684582752,1
V2,0.55,low_CCM,0.5,0.0001,0.075,0.05,5000,1200000,1.01036571428571,1.00234693877551,1.03657142857143,0.234693877551018,1
V2,0.55,low_CCM,0.5,0.0001,0.1,-0.05,5000,1200000,0.915085714285714,1.00338345864662,-8.49142857142858,0.33834586466166,1
V2,0.55,low_CCM,0.5,0.0001,0.1,-0.01,5000,1200000,0.953485714285714,1.00324675324675,-4.65142857142857,0.324675324675328,1
V2,0.55,low_CCM,0.5,0.0001,0.1,0.01,5000,1200000,0.972685714285714,1.00318246110325,-2.73142857142858,0.318246110325293,1
V2,0.55,low_CCM,0.5,0.0001,0.1,0.05,5000,1200000,1.01108571428571,1.0030612244898,1.10857142857141,0.306122448979584,1
V2,0.55,nominal,1,8e-05,0.05,-0.05,5000,1200000,0.912685714285714,1.00075187969925,-8.73142857142858,0.0751879699248059,1
V2,0.55,nominal,1,8e-05,0.05,-0.01,5000,1200000,0.951085714285714,1.0007215007215,-4.89142857142858,0.0721500721500679,1
V2,0.55,nominal,1,8e-05,0.05,0.01,5000,1200000,0.970285714285714,1.0007072135785,-2.97142857142858,0.0707213578500676,1
V2,0.55,nominal,1,8e-05,0.05,0.05,5000,1200000,1.00868571428571,1.00068027210884,0.868571428571419,0.0680272108843472,1
V2,0.55,nominal,1,8e-05,0.075,-0.05,5000,1200000,0.913405714285714,1.00154135338346,-8.65942857142858,0.154135338345851,1
V2,0.55,nominal,1,8e-05,0.075,-0.01,5000,1200000,0.951805714285714,1.00147907647908,-4.81942857142857,0.147907647907664,1
V2,0.55,nominal,1,8e-05,0.075,0.01,5000,1200000,0.971005714285714,1.00144978783593,-2.89942857142858,0.144978783592631,1
V2,0.55,nominal,1,8e-05,0.075,0.05,5000,1200000,1.00940571428571,1.00139455782313,0.940571428571424,0.139455782312914,1
V2,0.55,nominal,1,8e-05,0.1,-0.05,5000,1200000,0.914125714285714,1.00233082706767,-8.58742857142858,0.233082706766918,1
V2,0.55,nominal,1,8e-05,0.1,-0.01,5000,1200000,0.952525714285714,1.00223665223665,-4.74742857142858,0.223665223665215,1
V2,0.55,nominal,1,8e-05,0.1,0.01,5000,1200000,0.971725714285714,1.00219236209335,-2.82742857142857,0.219236209335216,1
V2,0.55,nominal,1,8e-05,0.1,0.05,5000,1200000,1.01012571428571,1.00210884353742,1.01257142857143,0.210884353741503,1
V2,0.55,nominal,1,9e-05,0.05,-0.05,5000,1200000,0.913645714285714,1.0018045112782,-8.63542857142858,0.180451127819548,1
V2,0.55,nominal,1,9e-05,0.05,-0.01,5000,1200000,0.952045714285714,1.0017316017316,-4.79542857142858,0.173160173160158,1
V2,0.55,nominal,1,9e-05,0.05,0.01,5000,1200000,0.971245714285714,1.0016973125884,-2.87542857142857,0.169731258840167,1
V2,0.55,nominal,1,9e-05,0.05,0.05,5000,1200000,1.00964571428571,1.00163265306122,0.964571428571426,0.163265306122451,1
V2,0.55,nominal,1,9e-05,0.075,-0.05,5000,1200000,0.914365714285714,1.00259398496241,-8.56342857142858,0.259398496240593,1
V2,0.55,nominal,1,9e-05,0.075,-0.01,5000,1200000,0.952765714285714,1.00248917748918,-4.72342857142858,0.248917748917754,1
V2,0.55,nominal,1,9e-05,0.075,0.01,5000,1200000,0.971965714285714,1.00243988684583,-2.80342857142857,0.243988684582752,1
V2,0.55,nominal,1,9e-05,0.075,0.05,5000,1200000,1.01036571428571,1.00234693877551,1.03657142857143,0.234693877551018,1
V2,0.55,nominal,1,9e-05,0.1,-0.05,5000,1200000,0.915085714285714,1.00338345864662,-8.49142857142858,0.33834586466166,1
V2,0.55,nominal,1,9e-05,0.1,-0.01,5000,1200000,0.953485714285714,1.00324675324675,-4.65142857142857,0.324675324675328,1
V2,0.55,nominal,1,9e-05,0.1,0.01,5000,1200000,0.972685714285714,1.00318246110325,-2.73142857142858,0.318246110325293,1
V2,0.55,nominal,1,9e-05,0.1,0.05,5000,1200000,1.01108571428571,1.0030612244898,1.10857142857141,0.306122448979584,1
V2,0.55,nominal,1,0.0001,0.05,-0.05,5000,1200000,0.914605714285714,1.00285714285714,-8.53942857142859,0.285714285714267,1
V2,0.55,nominal,1,0.0001,0.05,-0.01,5000,1200000,0.953005714285714,1.0027417027417,-4.69942857142858,0.274170274170271,1
V2,0.55,nominal,1,0.0001,0.05,0.01,5000,1200000,0.972205714285714,1.0026874115983,-2.77942857142858,0.268741159830266,1
V2,0.55,nominal,1,0.0001,0.05,0.05,5000,1200000,1.01060571428571,1.00258503401361,1.06057142857143,0.258503401360555,1
V2,0.55,nominal,1,0.0001,0.075,-0.05,5000,1200000,0.915325714285714,1.00364661654135,-8.46742857142858,0.364661654135334,1
V2,0.55,nominal,1,0.0001,0.075,-0.01,5000,1200000,0.953725714285714,1.00349927849928,-4.62742857142858,0.349927849927845,1
V2,0.55,nominal,1,0.0001,0.075,0.01,5000,1200000,0.972925714285714,1.00342998585573,-2.70742857142857,0.342998585572851,1
V2,0.55,nominal,1,0.0001,0.075,0.05,5000,1200000,1.01132571428571,1.00329931972789,1.13257142857144,0.329931972789121,1
V2,0.55,nominal,1,0.0001,0.1,-0.05,5000,1200000,0.916045714285714,1.00443609022556,-8.39542857142858,0.443609022556402,1
V2,0.55,nominal,1,0.0001,0.1,-0.01,5000,1200000,0.954445714285714,1.00425685425685,-4.55542857142858,0.42568542568544,1
V2,0.55,nominal,1,0.0001,0.1,0.01,5000,1200000,0.973645714285714,1.00417256011315,-2.63542857142858,0.417256011315414,1
V2,0.55,nominal,1,0.0001,0.1,0.05,5000,1200000,1.01204571428571,1.00401360544218,1.20457142857142,0.401360544217688,1
V2,0.55,high,2,8e-05,0.05,-0.05,5000,1200000,0.914605714285714,1.00285714285714,-8.53942857142859,0.285714285714267,1
V2,0.55,high,2,8e-05,0.05,-0.01,5000,1200000,0.953005714285714,1.0027417027417,-4.69942857142858,0.274170274170271,1
V2,0.55,high,2,8e-05,0.05,0.01,5000,1200000,0.972205714285714,1.0026874115983,-2.77942857142858,0.268741159830266,1
V2,0.55,high,2,8e-05,0.05,0.05,5000,1200000,1.01060571428571,1.00258503401361,1.06057142857143,0.258503401360555,1
V2,0.55,high,2,8e-05,0.075,-0.05,5000,1200000,0.915325714285714,1.00364661654135,-8.46742857142858,0.364661654135334,1
V2,0.55,high,2,8e-05,0.075,-0.01,5000,1200000,0.953725714285714,1.00349927849928,-4.62742857142858,0.349927849927845,1
V2,0.55,high,2,8e-05,0.075,0.01,5000,1200000,0.972925714285714,1.00342998585573,-2.70742857142857,0.342998585572851,1
V2,0.55,high,2,8e-05,0.075,0.05,5000,1200000,1.01132571428571,1.00329931972789,1.13257142857144,0.329931972789121,1
V2,0.55,high,2,8e-05,0.1,-0.05,5000,1200000,0.916045714285714,1.00443609022556,-8.39542857142858,0.443609022556402,1
V2,0.55,high,2,8e-05,0.1,-0.01,5000,1200000,0.954445714285714,1.00425685425685,-4.55542857142858,0.42568542568544,1
V2,0.55,high,2,8e-05,0.1,0.01,5000,1200000,0.973645714285714,1.00417256011315,-2.63542857142858,0.417256011315414,1
V2,0.55,high,2,8e-05,0.1,0.05,5000,1200000,1.01204571428571,1.00401360544218,1.20457142857142,0.401360544217688,1
V2,0.55,high,2,9e-05,0.05,-0.05,5000,1200000,0.915565714285714,1.00390977443609,-8.44342857142858,0.390977443609031,1
V2,0.55,high,2,9e-05,0.05,-0.01,5000,1200000,0.953965714285714,1.0037518037518,-4.60342857142858,0.375180375180384,1
V2,0.55,high,2,9e-05,0.05,0.01,5000,1200000,0.973165714285714,1.0036775106082,-2.68342857142857,0.367751060820365,1
V2,0.55,high,2,9e-05,0.05,0.05,5000,1200000,1.01156571428571,1.00353741496599,1.15657142857144,0.353741496598659,1
V2,0.55,high,2,9e-05,0.075,-0.05,5000,1200000,0.916285714285714,1.0046992481203,-8.37142857142858,0.469924812030076,1
V2,0.55,high,2,9e-05,0.075,-0.01,5000,1200000,0.954685714285714,1.00450937950938,-4.53142857142858,0.450937950937957,1
V2,0.55,high,2,9e-05,0.075,0.01,5000,1200000,0.973885714285714,1.00442008486563,-2.61142857142856,0.44200848656295,1
V2,0.55,high,2,9e-05,0.075,0.05,5000,1200000,1.01228571428571,1.00425170068027,1.22857142857145,0.425170068027225,1
V2,0.55,high,2,9e-05,0.1,-0.05,5000,1200000,0.917005714285714,1.00548872180451,-8.29942857142858,0.548872180451121,1
V2,0.55,high,2,9e-05,0.1,-0.01,5000,1200000,0.955405714285714,1.00526695526696,-4.45942857142857,0.526695526695531,1
V2,0.55,high,2,9e-05,0.1,0.01,5000,1200000,0.974605714285714,1.00516265912306,-2.53942857142858,0.516265912305514,1
V2,0.55,high,2,9e-05,0.1,0.05,5000,1200000,1.01300571428571,1.00496598639456,1.30057142857143,0.496598639455792,1
V2,0.55,high,2,0.0001,0.05,-0.05,5000,1200000,0.916525714285714,1.00496240601504,-8.34742857142858,0.49624060150375,1
V2,0.55,high,2,0.0001,0.05,-0.01,5000,1200000,0.954925714285714,1.0047619047619,-4.50742857142858,0.476190476190474,1
V2,0.55,high,2,0.0001,0.05,0.01,5000,1200000,0.974125714285714,1.0046676096181,-2.58742857142857,0.466760961810464,1
V2,0.55,high,2,0.0001,0.05,0.05,5000,1200000,1.01252571428571,1.00448979591837,1.25257142857143,0.44897959183674,1
V2,0.55,high,2,0.0001,0.075,-0.05,5000,1200000,0.917245714285714,1.00575187969925,-8.27542857142858,0.575187969924817,1
V2,0.55,high,2,0.0001,0.075,-0.01,5000,1200000,0.955645714285714,1.00551948051948,-4.43542857142858,0.551948051948048,1
V2,0.55,high,2,0.0001,0.075,0.01,5000,1200000,0.974845714285714,1.00541018387553,-2.51542857142858,0.541018387553027,1
V2,0.55,high,2,0.0001,0.075,0.05,5000,1200000,1.01324571428571,1.00520408163265,1.32457142857143,0.520408163265307,1
V2,0.55,high,2,0.0001,0.1,-0.05,5000,1200000,0.917965714285714,1.00654135338346,-8.20342857142857,0.654135338345863,1
V2,0.55,high,2,0.0001,0.1,-0.01,5000,1200000,0.956365714285714,1.00627705627706,-4.36342857142857,0.627705627705644,1
V2,0.55,high,2,0.0001,0.1,0.01,5000,1200000,0.975565714285714,1.00615275813296,-2.44342857142857,0.615275813295613,1
V2,0.55,high,2,0.0001,0.1,0.05,5000,1200000,1.01396571428571,1.00591836734694,1.39657142857144,0.591836734693874,1
V2,0.65,low_CCM,0.5,8e-05,0.05,-0.05,5000,1200000,0.91392,1.00210526315789,-8.608,0.210526315789483,1
V2,0.65,low_CCM,0.5,8e-05,0.05,-0.01,5000,1200000,0.95232,1.0020202020202,-4.76800000000001,0.202020202020203,1
V2,0.65,low_CCM,0.5,8e-05,0.05,0.01,5000,1200000,0.97152,1.0019801980198,-2.84800000000001,0.198019801980198,1
V2,0.65,low_CCM,0.5,8e-05,0.05,0.05,5000,1200000,1.00992,1.00190476190476,0.991999999999993,0.190476190476185,1
V2,0.65,low_CCM,0.5,8e-05,0.075,-0.05,5000,1200000,0.91464,1.00289473684211,-8.53600000000001,0.289473684210528,1
V2,0.65,low_CCM,0.5,8e-05,0.075,-0.01,5000,1200000,0.95304,1.00277777777778,-4.696,0.277777777777777,1
V2,0.65,low_CCM,0.5,8e-05,0.075,0.01,5000,1200000,0.97224,1.00272277227723,-2.776,0.272277227722761,1
V2,0.65,low_CCM,0.5,8e-05,0.075,0.05,5000,1200000,1.01064,1.00261904761905,1.064,0.261904761904752,1
V2,0.65,low_CCM,0.5,8e-05,0.1,-0.05,5000,1200000,0.91536,1.00368421052632,-8.46400000000002,0.368421052631573,1
V2,0.65,low_CCM,0.5,8e-05,0.1,-0.01,5000,1200000,0.95376,1.00353535353535,-4.62400000000001,0.35353535353535,1
V2,0.65,low_CCM,0.5,8e-05,0.1,0.01,5000,1200000,0.97296,1.00346534653465,-2.704,0.346534653465347,1
V2,0.65,low_CCM,0.5,8e-05,0.1,0.05,5000,1200000,1.01136,1.00333333333333,1.136,0.333333333333341,1
V2,0.65,low_CCM,0.5,9e-05,0.05,-0.05,5000,1200000,0.91488,1.00315789473684,-8.51200000000001,0.315789473684203,1
V2,0.65,low_CCM,0.5,9e-05,0.05,-0.01,5000,1200000,0.95328,1.0030303030303,-4.67200000000001,0.303030303030294,1
V2,0.65,low_CCM,0.5,9e-05,0.05,0.01,5000,1200000,0.97248,1.0029702970297,-2.75200000000001,0.297029702970275,1
V2,0.65,low_CCM,0.5,9e-05,0.05,0.05,5000,1200000,1.01088,1.00285714285714,1.088,0.285714285714289,1
V2,0.65,low_CCM,0.5,9e-05,0.075,-0.05,5000,1200000,0.9156,1.00394736842105,-8.44,0.39473684210527,1
V2,0.65,low_CCM,0.5,9e-05,0.075,-0.01,5000,1200000,0.954,1.00378787878788,-4.6,0.37878787878789,1
V2,0.65,low_CCM,0.5,9e-05,0.075,0.01,5000,1200000,0.9732,1.00371287128713,-2.68000000000002,0.371287128712861,1
V2,0.65,low_CCM,0.5,9e-05,0.075,0.05,5000,1200000,1.0116,1.00357142857143,1.15999999999998,0.357142857142834,1
V2,0.65,low_CCM,0.5,9e-05,0.1,-0.05,5000,1200000,0.91632,1.00473684210526,-8.36800000000001,0.473684210526315,1
V2,0.65,low_CCM,0.5,9e-05,0.1,-0.01,5000,1200000,0.95472,1.00454545454545,-4.52800000000001,0.454545454545463,1
V2,0.65,low_CCM,0.5,9e-05,0.1,0.01,5000,1200000,0.97392,1.00445544554455,-2.60800000000001,0.445544554455424,1
V2,0.65,low_CCM,0.5,9e-05,0.1,0.05,5000,1200000,1.01232,1.00428571428571,1.23199999999999,0.428571428571423,1
V2,0.65,low_CCM,0.5,0.0001,0.05,-0.05,5000,1200000,0.91584,1.00421052631579,-8.41600000000001,0.421052631578944,1
V2,0.65,low_CCM,0.5,0.0001,0.05,-0.01,5000,1200000,0.95424,1.0040404040404,-4.576,0.404040404040407,1
V2,0.65,low_CCM,0.5,0.0001,0.05,0.01,5000,1200000,0.97344,1.0039603960396,-2.656,0.396039603960396,1
V2,0.65,low_CCM,0.5,0.0001,0.05,0.05,5000,1200000,1.01184,1.00380952380952,1.18400000000001,0.380952380952393,1
V2,0.65,low_CCM,0.5,0.0001,0.075,-0.05,5000,1200000,0.91656,1.005,-8.34400000000001,0.500000000000012,1
V2,0.65,low_CCM,0.5,0.0001,0.075,-0.01,5000,1200000,0.95496,1.00479797979798,-4.504,0.479797979798002,1
V2,0.65,low_CCM,0.5,0.0001,0.075,0.01,5000,1200000,0.97416,1.00470297029703,-2.584,0.470297029702982,1
V2,0.65,low_CCM,0.5,0.0001,0.075,0.05,5000,1200000,1.01256,1.00452380952381,1.25600000000001,0.45238095238096,1
V2,0.65,low_CCM,0.5,0.0001,0.1,-0.05,5000,1200000,0.91728,1.00578947368421,-8.27200000000001,0.578947368421057,1
V2,0.65,low_CCM,0.5,0.0001,0.1,-0.01,5000,1200000,0.95568,1.00555555555556,-4.43200000000001,0.555555555555554,1
V2,0.65,low_CCM,0.5,0.0001,0.1,0.01,5000,1200000,0.97488,1.00544554455446,-2.51199999999999,0.544554455445545,1
V2,0.65,low_CCM,0.5,0.0001,0.1,0.05,5000,1200000,1.01328,1.0052380952381,1.328,0.523809523809526,1
V2,0.65,nominal,1,8e-05,0.05,-0.05,5000,1200000,0.91488,1.00315789473684,-8.51200000000001,0.315789473684203,1
V2,0.65,nominal,1,8e-05,0.05,-0.01,5000,1200000,0.95328,1.0030303030303,-4.67200000000001,0.303030303030294,1
V2,0.65,nominal,1,8e-05,0.05,0.01,5000,1200000,0.97248,1.0029702970297,-2.75200000000001,0.297029702970275,1
V2,0.65,nominal,1,8e-05,0.05,0.05,5000,1200000,1.01088,1.00285714285714,1.088,0.285714285714289,1
V2,0.65,nominal,1,8e-05,0.075,-0.05,5000,1200000,0.9156,1.00394736842105,-8.44,0.39473684210527,1
V2,0.65,nominal,1,8e-05,0.075,-0.01,5000,1200000,0.954,1.00378787878788,-4.6,0.37878787878789,1
V2,0.65,nominal,1,8e-05,0.075,0.01,5000,1200000,0.9732,1.00371287128713,-2.68000000000002,0.371287128712861,1
V2,0.65,nominal,1,8e-05,0.075,0.05,5000,1200000,1.0116,1.00357142857143,1.15999999999998,0.357142857142834,1
V2,0.65,nominal,1,8e-05,0.1,-0.05,5000,1200000,0.91632,1.00473684210526,-8.36800000000001,0.473684210526315,1
V2,0.65,nominal,1,8e-05,0.1,-0.01,5000,1200000,0.95472,1.00454545454545,-4.52800000000001,0.454545454545463,1
V2,0.65,nominal,1,8e-05,0.1,0.01,5000,1200000,0.97392,1.00445544554455,-2.60800000000001,0.445544554455424,1
V2,0.65,nominal,1,8e-05,0.1,0.05,5000,1200000,1.01232,1.00428571428571,1.23199999999999,0.428571428571423,1
V2,0.65,nominal,1,9e-05,0.05,-0.05,5000,1200000,0.91584,1.00421052631579,-8.41600000000001,0.421052631578944,1
V2,0.65,nominal,1,9e-05,0.05,-0.01,5000,1200000,0.95424,1.0040404040404,-4.576,0.404040404040407,1
V2,0.65,nominal,1,9e-05,0.05,0.01,5000,1200000,0.97344,1.0039603960396,-2.656,0.396039603960396,1
V2,0.65,nominal,1,9e-05,0.05,0.05,5000,1200000,1.01184,1.00380952380952,1.18400000000001,0.380952380952393,1
V2,0.65,nominal,1,9e-05,0.075,-0.05,5000,1200000,0.91656,1.005,-8.34400000000001,0.500000000000012,1
V2,0.65,nominal,1,9e-05,0.075,-0.01,5000,1200000,0.95496,1.00479797979798,-4.504,0.479797979798002,1
V2,0.65,nominal,1,9e-05,0.075,0.01,5000,1200000,0.97416,1.00470297029703,-2.584,0.470297029702982,1
V2,0.65,nominal,1,9e-05,0.075,0.05,5000,1200000,1.01256,1.00452380952381,1.25600000000001,0.45238095238096,1
V2,0.65,nominal,1,9e-05,0.1,-0.05,5000,1200000,0.91728,1.00578947368421,-8.27200000000001,0.578947368421057,1
V2,0.65,nominal,1,9e-05,0.1,-0.01,5000,1200000,0.95568,1.00555555555556,-4.43200000000001,0.555555555555554,1
V2,0.65,nominal,1,9e-05,0.1,0.01,5000,1200000,0.97488,1.00544554455446,-2.51199999999999,0.544554455445545,1
V2,0.65,nominal,1,9e-05,0.1,0.05,5000,1200000,1.01328,1.0052380952381,1.328,0.523809523809526,1
V2,0.65,nominal,1,0.0001,0.05,-0.05,5000,1200000,0.9168,1.00526315789474,-8.32000000000001,0.526315789473686,1
V2,0.65,nominal,1,0.0001,0.05,-0.01,5000,1200000,0.9552,1.0050505050505,-4.48000000000001,0.505050505050497,1
V2,0.65,nominal,1,0.0001,0.05,0.01,5000,1200000,0.9744,1.0049504950495,-2.56000000000002,0.495049504950473,1
V2,0.65,nominal,1,0.0001,0.05,0.05,5000,1200000,1.0128,1.0047619047619,1.27999999999999,0.476190476190474,1
V2,0.65,nominal,1,0.0001,0.075,-0.05,5000,1200000,0.91752,1.00605263157895,-8.248,0.605263157894753,1
V2,0.65,nominal,1,0.0001,0.075,-0.01,5000,1200000,0.95592,1.00580808080808,-4.408,0.580808080808093,1
V2,0.65,nominal,1,0.0001,0.075,0.01,5000,1200000,0.97512,1.00569306930693,-2.48800000000001,0.569306930693059,1
V2,0.65,nominal,1,0.0001,0.075,0.05,5000,1200000,1.01352,1.00547619047619,1.352,0.547619047619041,1
V2,0.65,nominal,1,0.0001,0.1,-0.05,5000,1200000,0.91824,1.00684210526316,-8.17600000000002,0.684210526315776,1
V2,0.65,nominal,1,0.0001,0.1,-0.01,5000,1200000,0.95664,1.00656565656566,-4.33600000000001,0.656565656565666,1
V2,0.65,nominal,1,0.0001,0.1,0.01,5000,1200000,0.97584,1.00643564356436,-2.41600000000001,0.643564356435644,1
V2,0.65,nominal,1,0.0001,0.1,0.05,5000,1200000,1.01424,1.00619047619048,1.424,0.61904761904763,1
V2,0.65,high,2,8e-05,0.05,-0.05,5000,1200000,0.9168,1.00526315789474,-8.32000000000001,0.526315789473686,1
V2,0.65,high,2,8e-05,0.05,-0.01,5000,1200000,0.9552,1.0050505050505,-4.48000000000001,0.505050505050497,1
V2,0.65,high,2,8e-05,0.05,0.01,5000,1200000,0.9744,1.0049504950495,-2.56000000000002,0.495049504950473,1
V2,0.65,high,2,8e-05,0.05,0.05,5000,1200000,1.0128,1.0047619047619,1.27999999999999,0.476190476190474,1
V2,0.65,high,2,8e-05,0.075,-0.05,5000,1200000,0.91752,1.00605263157895,-8.248,0.605263157894753,1
V2,0.65,high,2,8e-05,0.075,-0.01,5000,1200000,0.95592,1.00580808080808,-4.408,0.580808080808093,1
V2,0.65,high,2,8e-05,0.075,0.01,5000,1200000,0.97512,1.00569306930693,-2.48800000000001,0.569306930693059,1
V2,0.65,high,2,8e-05,0.075,0.05,5000,1200000,1.01352,1.00547619047619,1.352,0.547619047619041,1
V2,0.65,high,2,8e-05,0.1,-0.05,5000,1200000,0.91824,1.00684210526316,-8.17600000000002,0.684210526315776,1
V2,0.65,high,2,8e-05,0.1,-0.01,5000,1200000,0.95664,1.00656565656566,-4.33600000000001,0.656565656565666,1
V2,0.65,high,2,8e-05,0.1,0.01,5000,1200000,0.97584,1.00643564356436,-2.41600000000001,0.643564356435644,1
V2,0.65,high,2,8e-05,0.1,0.05,5000,1200000,1.01424,1.00619047619048,1.424,0.61904761904763,1
V2,0.65,high,2,9e-05,0.05,-0.05,5000,1200000,0.91776,1.00631578947368,-8.22400000000001,0.631578947368427,1
V2,0.65,high,2,9e-05,0.05,-0.01,5000,1200000,0.95616,1.00606060606061,-4.384,0.60606060606061,1
V2,0.65,high,2,9e-05,0.05,0.01,5000,1200000,0.97536,1.00594059405941,-2.464,0.594059405940595,1
V2,0.65,high,2,9e-05,0.05,0.05,5000,1200000,1.01376,1.00571428571429,1.376,0.571428571428578,1
V2,0.65,high,2,9e-05,0.075,-0.05,5000,1200000,0.91848,1.00710526315789,-8.152,0.710526315789473,1
V2,0.65,high,2,9e-05,0.075,-0.01,5000,1200000,0.95688,1.00681818181818,-4.312,0.681818181818183,1
V2,0.65,high,2,9e-05,0.075,0.01,5000,1200000,0.97608,1.00668316831683,-2.39199999999999,0.66831683168318,1
V2,0.65,high,2,9e-05,0.075,0.05,5000,1200000,1.01448,1.00642857142857,1.448,0.642857142857145,1
V2,0.65,high,2,9e-05,0.1,-0.05,5000,1200000,0.9192,1.00789473684211,-8.08000000000001,0.789473684210518,1
V2,0.65,high,2,9e-05,0.1,-0.01,5000,1200000,0.9576,1.00757575757576,-4.24000000000001,0.757575757575757,1
V2,0.65,high,2,9e-05,0.1,0.01,5000,1200000,0.9768,1.00742574257426,-2.32,0.742574257425743,1
V2,0.65,high,2,9e-05,0.1,0.05,5000,1200000,1.0152,1.00714285714286,1.52000000000001,0.714285714285734,1
V2,0.65,high,2,0.0001,0.05,-0.05,5000,1200000,0.91872,1.00736842105263,-8.128,0.736842105263169,1
V2,0.65,high,2,0.0001,0.05,-0.01,5000,1200000,0.95712,1.00707070707071,-4.288,0.707070707070723,1
V2,0.65,high,2,0.0001,0.05,0.01,5000,1200000,0.97632,1.00693069306931,-2.36800000000001,0.693069306930671,1
V2,0.65,high,2,0.0001,0.05,0.05,5000,1200000,1.01472,1.00666666666667,1.47199999999998,0.66666666666666,1
V2,0.65,high,2,0.0001,0.075,-0.05,5000,1200000,0.91944,1.00815789473684,-8.05600000000001,0.815789473684214,1
V2,0.65,high,2,0.0001,0.075,-0.01,5000,1200000,0.95784,1.00782828282828,-4.216,0.782828282828296,1
V2,0.65,high,2,0.0001,0.075,0.01,5000,1200000,0.97704,1.00767326732673,-2.29600000000001,0.767326732673257,1
V2,0.65,high,2,0.0001,0.075,0.05,5000,1200000,1.01544,1.00738095238095,1.54399999999999,0.738095238095227,1
V2,0.65,high,2,0.0001,0.1,-0.05,5000,1200000,0.92016,1.00894736842105,-7.98400000000001,0.894736842105259,1
V2,0.65,high,2,0.0001,0.1,-0.01,5000,1200000,0.95856,1.00858585858586,-4.14400000000001,0.858585858585847,1
V2,0.65,high,2,0.0001,0.1,0.01,5000,1200000,0.97776,1.00841584158416,-2.224,0.841584158415842,1
V2,0.65,high,2,0.0001,0.1,0.05,5000,1200000,1.01616,1.00809523809524,1.616,0.809523809523793,1
V3,0.3,low_CCM,0.5,8e-05,0.05,-0.05,0,1200000,0.88172,0.987368421052632,-11.828,-1.26315789473683,0
V3,0.3,low_CCM,0.5,8e-05,0.05,-0.01,0,1200000,0.91932,0.987878787878788,-8.06800000000001,-1.21212121212122,0
V3,0.3,low_CCM,0.5,8e-05,0.05,0.01,0,1200000,0.93812,0.988118811881188,-6.188,-1.18811881188119,0
V3,0.3,low_CCM,0.5,8e-05,0.05,0.05,0,1200000,0.97572,0.988571428571429,-2.428,-1.14285714285713,0
V3,0.3,low_CCM,0.5,8e-05,0.075,-0.05,0,1200000,0.88313,0.988947368421053,-11.687,-1.10526315789473,0
V3,0.3,low_CCM,0.5,8e-05,0.075,-0.01,0,1200000,0.92073,0.989393939393939,-7.92700000000001,-1.06060606060606,0
V3,0.3,low_CCM,0.5,8e-05,0.075,0.01,0,1200000,0.93953,0.98960396039604,-6.047,-1.03960396039603,0
V3,0.3,low_CCM,0.5,8e-05,0.075,0.05,0,1200000,0.97713,0.99,-2.28699999999999,-0.99999999999999,1
V3,0.3,low_CCM,0.5,8e-05,0.1,-0.05,0,1200000,0.88454,0.990526315789474,-11.546,-0.94736842105263,1
V3,0.3,low_CCM,0.5,8e-05,0.1,-0.01,0,1200000,0.92214,0.990909090909091,-7.786,-0.909090909090915,1
V3,0.3,low_CCM,0.5,8e-05,0.1,0.01,0,1200000,0.94094,0.991089108910891,-5.906,-0.891089108910881,1
V3,0.3,low_CCM,0.5,8e-05,0.1,0.05,0,1200000,0.97854,0.991428571428572,-2.14599999999999,-0.857142857142845,1
V3,0.3,low_CCM,0.5,9e-05,0.05,-0.05,0,1200000,0.8836,0.989473684210526,-11.64,-1.05263157894736,0
V3,0.3,low_CCM,0.5,9e-05,0.05,-0.01,0,1200000,0.9212,0.98989898989899,-7.88000000000001,-1.01010101010102,0
V3,0.3,low_CCM,0.5,9e-05,0.05,0.01,0,1200000,0.94,0.99009900990099,-6.00000000000001,-0.990099009900991,1
V3,0.3,low_CCM,0.5,9e-05,0.05,0.05,0,1200000,0.9776,0.990476190476191,-2.24,-0.952380952380949,1
V3,0.3,low_CCM,0.5,9e-05,0.075,-0.05,0,1200000,0.88501,0.991052631578947,-11.499,-0.894736842105259,1
V3,0.3,low_CCM,0.5,9e-05,0.075,-0.01,0,1200000,0.92261,0.991414141414141,-7.73900000000001,-0.85858585858587,1
V3,0.3,low_CCM,0.5,9e-05,0.075,0.01,0,1200000,0.94141,0.991584158415842,-5.859,-0.841584158415831,1
V3,0.3,low_CCM,0.5,9e-05,0.075,0.05,0,1200000,0.97901,0.991904761904762,-2.099,-0.809523809523804,1
V3,0.3,low_CCM,0.5,9e-05,0.1,-0.05,0,1200000,0.88642,0.992631578947368,-11.358,-0.736842105263158,1
V3,0.3,low_CCM,0.5,9e-05,0.1,-0.01,0,1200000,0.92402,0.992929292929293,-7.598,-0.707070707070712,1
V3,0.3,low_CCM,0.5,9e-05,0.1,0.01,0,1200000,0.94282,0.993069306930693,-5.71799999999999,-0.693069306930671,1
V3,0.3,low_CCM,0.5,9e-05,0.1,0.05,0,1200000,0.98042,0.993333333333333,-1.95799999999999,-0.66666666666666,1
V3,0.3,low_CCM,0.5,0.0001,0.05,-0.05,0,1200000,0.88548,0.991578947368421,-11.452,-0.842105263157888,1
V3,0.3,low_CCM,0.5,0.0001,0.05,-0.01,0,1200000,0.92308,0.991919191919192,-7.69200000000001,-0.808080808080813,1
V3,0.3,low_CCM,0.5,0.0001,0.05,0.01,0,1200000,0.94188,0.992079207920792,-5.81200000000001,-0.792079207920793,1
V3,0.3,low_CCM,0.5,0.0001,0.05,0.05,0,1200000,0.97948,0.992380952380952,-2.052,-0.761904761904764,1
V3,0.3,low_CCM,0.5,0.0001,0.075,-0.05,0,1200000,0.88689,0.993157894736842,-11.311,-0.684210526315787,1
V3,0.3,low_CCM,0.5,0.0001,0.075,-0.01,0,1200000,0.92449,0.993434343434343,-7.551,-0.656565656565655,1
V3,0.3,low_CCM,0.5,0.0001,0.075,0.01,0,1200000,0.94329,0.993564356435644,-5.671,-0.643564356435633,1
V3,0.3,low_CCM,0.5,0.0001,0.075,0.05,0,1200000,0.98089,0.993809523809524,-1.911,-0.619047619047619,1
V3,0.3,low_CCM,0.5,0.0001,0.1,-0.05,0,1200000,0.8883,0.994736842105263,-11.17,-0.526315789473686,1
V3,0.3,low_CCM,0.5,0.0001,0.1,-0.01,0,1200000,0.9259,0.994949494949495,-7.41000000000001,-0.505050505050508,1
V3,0.3,low_CCM,0.5,0.0001,0.1,0.01,0,1200000,0.9447,0.995049504950495,-5.52999999999999,-0.495049504950473,1
V3,0.3,low_CCM,0.5,0.0001,0.1,0.05,0,1200000,0.9823,0.995238095238095,-1.76999999999999,-0.476190476190463,1
V3,0.3,nominal,1,8e-05,0.05,-0.05,0,1200000,0.8836,0.989473684210526,-11.64,-1.05263157894736,0
V3,0.3,nominal,1,8e-05,0.05,-0.01,0,1200000,0.9212,0.98989898989899,-7.88000000000001,-1.01010101010102,0
V3,0.3,nominal,1,8e-05,0.05,0.01,0,1200000,0.94,0.99009900990099,-6.00000000000001,-0.990099009900991,1
V3,0.3,nominal,1,8e-05,0.05,0.05,0,1200000,0.9776,0.990476190476191,-2.24,-0.952380952380949,1
V3,0.3,nominal,1,8e-05,0.075,-0.05,0,1200000,0.88501,0.991052631578947,-11.499,-0.894736842105259,1
V3,0.3,nominal,1,8e-05,0.075,-0.01,0,1200000,0.92261,0.991414141414141,-7.73900000000001,-0.85858585858587,1
V3,0.3,nominal,1,8e-05,0.075,0.01,0,1200000,0.94141,0.991584158415842,-5.859,-0.841584158415831,1
V3,0.3,nominal,1,8e-05,0.075,0.05,0,1200000,0.97901,0.991904761904762,-2.099,-0.809523809523804,1
V3,0.3,nominal,1,8e-05,0.1,-0.05,0,1200000,0.88642,0.992631578947368,-11.358,-0.736842105263158,1
V3,0.3,nominal,1,8e-05,0.1,-0.01,0,1200000,0.92402,0.992929292929293,-7.598,-0.707070707070712,1
V3,0.3,nominal,1,8e-05,0.1,0.01,0,1200000,0.94282,0.993069306930693,-5.71799999999999,-0.693069306930671,1
V3,0.3,nominal,1,8e-05,0.1,0.05,0,1200000,0.98042,0.993333333333333,-1.95799999999999,-0.66666666666666,1
V3,0.3,nominal,1,9e-05,0.05,-0.05,0,1200000,0.88548,0.991578947368421,-11.452,-0.842105263157888,1
V3,0.3,nominal,1,9e-05,0.05,-0.01,0,1200000,0.92308,0.991919191919192,-7.69200000000001,-0.808080808080813,1
V3,0.3,nominal,1,9e-05,0.05,0.01,0,1200000,0.94188,0.992079207920792,-5.81200000000001,-0.792079207920793,1
V3,0.3,nominal,1,9e-05,0.05,0.05,0,1200000,0.97948,0.992380952380952,-2.052,-0.761904761904764,1
V3,0.3,nominal,1,9e-05,0.075,-0.05,0,1200000,0.88689,0.993157894736842,-11.311,-0.684210526315787,1
V3,0.3,nominal,1,9e-05,0.075,-0.01,0,1200000,0.92449,0.993434343434343,-7.551,-0.656565656565655,1
V3,0.3,nominal,1,9e-05,0.075,0.01,0,1200000,0.94329,0.993564356435644,-5.671,-0.643564356435633,1
V3,0.3,nominal,1,9e-05,0.075,0.05,0,1200000,0.98089,0.993809523809524,-1.911,-0.619047619047619,1
V3,0.3,nominal,1,9e-05,0.1,-0.05,0,1200000,0.8883,0.994736842105263,-11.17,-0.526315789473686,1
V3,0.3,nominal,1,9e-05,0.1,-0.01,0,1200000,0.9259,0.994949494949495,-7.41000000000001,-0.505050505050508,1
V3,0.3,nominal,1,9e-05,0.1,0.01,0,1200000,0.9447,0.995049504950495,-5.52999999999999,-0.495049504950473,1
V3,0.3,nominal,1,9e-05,0.1,0.05,0,1200000,0.9823,0.995238095238095,-1.76999999999999,-0.476190476190463,1
V3,0.3,nominal,1,0.0001,0.05,-0.05,0,1200000,0.88736,0.993684210526316,-11.264,-0.631578947368416,1
V3,0.3,nominal,1,0.0001,0.05,-0.01,0,1200000,0.92496,0.993939393939394,-7.50400000000001,-0.606060606060621,1
V3,0.3,nominal,1,0.0001,0.05,0.01,0,1200000,0.94376,0.994059405940594,-5.62400000000001,-0.594059405940595,1
V3,0.3,nominal,1,0.0001,0.05,0.05,0,1200000,0.98136,0.994285714285714,-1.864,-0.571428571428567,1
V3,0.3,nominal,1,0.0001,0.075,-0.05,0,1200000,0.88877,0.995263157894737,-11.123,-0.473684210526315,1
V3,0.3,nominal,1,0.0001,0.075,-0.01,0,1200000,0.92637,0.995454545454545,-7.363,-0.454545454545452,1
V3,0.3,nominal,1,0.0001,0.075,0.01,0,1200000,0.94517,0.995544554455446,-5.483,-0.445544554455446,1
V3,0.3,nominal,1,0.0001,0.075,0.05,0,1200000,0.98277,0.995714285714286,-1.723,-0.428571428571423,1
V3,0.3,nominal,1,0.0001,0.1,-0.05,0,1200000,0.89018,0.996842105263158,-10.982,-0.315789473684214,1
V3,0.3,nominal,1,0.0001,0.1,-0.01,0,1200000,0.92778,0.996969696969697,-7.22200000000001,-0.303030303030305,1
V3,0.3,nominal,1,0.0001,0.1,0.01,0,1200000,0.94658,0.997029702970297,-5.34199999999999,-0.297029702970275,1
V3,0.3,nominal,1,0.0001,0.1,0.05,0,1200000,0.98418,0.997142857142857,-1.58199999999999,-0.285714285714278,1
V3,0.3,high,2,8e-05,0.05,-0.05,0,1200000,0.88736,0.993684210526316,-11.264,-0.631578947368416,1
V3,0.3,high,2,8e-05,0.05,-0.01,0,1200000,0.92496,0.993939393939394,-7.50400000000001,-0.606060606060621,1
V3,0.3,high,2,8e-05,0.05,0.01,0,1200000,0.94376,0.994059405940594,-5.62400000000001,-0.594059405940595,1
V3,0.3,high,2,8e-05,0.05,0.05,0,1200000,0.98136,0.994285714285714,-1.864,-0.571428571428567,1
V3,0.3,high,2,8e-05,0.075,-0.05,0,1200000,0.88877,0.995263157894737,-11.123,-0.473684210526315,1
V3,0.3,high,2,8e-05,0.075,-0.01,0,1200000,0.92637,0.995454545454545,-7.363,-0.454545454545452,1
V3,0.3,high,2,8e-05,0.075,0.01,0,1200000,0.94517,0.995544554455446,-5.483,-0.445544554455446,1
V3,0.3,high,2,8e-05,0.075,0.05,0,1200000,0.98277,0.995714285714286,-1.723,-0.428571428571423,1
V3,0.3,high,2,8e-05,0.1,-0.05,0,1200000,0.89018,0.996842105263158,-10.982,-0.315789473684214,1
V3,0.3,high,2,8e-05,0.1,-0.01,0,1200000,0.92778,0.996969696969697,-7.22200000000001,-0.303030303030305,1
V3,0.3,high,2,8e-05,0.1,0.01,0,1200000,0.94658,0.997029702970297,-5.34199999999999,-0.297029702970275,1
V3,0.3,high,2,8e-05,0.1,0.05,0,1200000,0.98418,0.997142857142857,-1.58199999999999,-0.285714285714278,1
V3,0.3,high,2,9e-05,0.05,-0.05,0,1200000,0.88924,0.995789473684211,-11.076,-0.421052631578944,1
V3,0.3,high,2,9e-05,0.05,-0.01,0,1200000,0.92684,0.995959595959596,-7.31600000000001,-0.404040404040418,1
V3,0.3,high,2,9e-05,0.05,0.01,0,1200000,0.94564,0.996039603960396,-5.43600000000001,-0.396039603960396,1
V3,0.3,high,2,9e-05,0.05,0.05,0,1200000,0.98324,0.996190476190476,-1.676,-0.380952380952382,1
V3,0.3,high,2,9e-05,0.075,-0.05,0,1200000,0.89065,0.997368421052632,-10.935,-0.263157894736843,1
V3,0.3,high,2,9e-05,0.075,-0.01,0,1200000,0.92825,0.997474747474748,-7.175,-0.252525252525249,1
V3,0.3,high,2,9e-05,0.075,0.01,0,1200000,0.94705,0.997524752475248,-5.29499999999999,-0.247524752475237,1
V3,0.3,high,2,9e-05,0.075,0.05,0,1200000,0.98465,0.997619047619048,-1.535,-0.238095238095237,1
V3,0.3,high,2,9e-05,0.1,-0.05,0,1200000,0.89206,0.998947368421053,-10.794,-0.105263157894742,1
V3,0.3,high,2,9e-05,0.1,-0.01,0,1200000,0.92966,0.998989898989899,-7.03400000000001,-0.101010101010102,1
V3,0.3,high,2,9e-05,0.1,0.01,0,1200000,0.94846,0.999009900990099,-5.15399999999999,-0.0990099009900769,1
V3,0.3,high,2,9e-05,0.1,0.05,0,1200000,0.98606,0.999047619047619,-1.394,-0.0952380952380927,1
V3,0.3,high,2,0.0001,0.05,-0.05,0,1200000,0.89112,0.997894736842105,-10.888,-0.210526315789472,1
V3,0.3,high,2,0.0001,0.05,-0.01,0,1200000,0.92872,0.997979797979798,-7.128,-0.202020202020203,1
V3,0.3,high,2,0.0001,0.05,0.01,0,1200000,0.94752,0.998019801980198,-5.24800000000001,-0.198019801980198,1
V3,0.3,high,2,0.0001,0.05,0.05,0,1200000,0.98512,0.998095238095238,-1.488,-0.190476190476185,1
V3,0.3,high,2,0.0001,0.075,-0.05,0,1200000,0.89253,0.999473684210526,-10.747,-0.0526315789473597,1
V3,0.3,high,2,0.0001,0.075,-0.01,0,1200000,0.93013,0.99949494949495,-6.987,-0.0505050505050453,1
V3,0.3,high,2,0.0001,0.075,0.01,0,1200000,0.94893,0.99950495049505,-5.10699999999999,-0.0495049504950384,1
V3,0.3,high,2,0.0001,0.075,0.05,0,1200000,0.98653,0.99952380952381,-1.347,-0.0476190476190408,1
V3,0.3,high,2,0.0001,0.1,-0.05,0,1200000,0.89394,1.00105263157895,-10.606,0.105263157894742,1
V3,0.3,high,2,0.0001,0.1,-0.01,0,1200000,0.93154,1.0010101010101,-6.84600000000001,0.101010101010091,1
V3,0.3,high,2,0.0001,0.1,0.01,0,1200000,0.95034,1.0009900990099,-4.96600000000002,0.0990099009900991,1
V3,0.3,high,2,0.0001,0.1,0.05,0,1200000,0.98794,1.00095238095238,-1.20600000000001,0.0952380952380816,1
V3,0.4,low_CCM,0.5,8e-05,0.05,-0.05,0,1200000,0.886017142857143,0.992180451127819,-11.3982857142857,-0.78195488721805,1
V3,0.4,low_CCM,0.5,8e-05,0.05,-0.01,0,1200000,0.923617142857143,0.992496392496392,-7.63828571428572,-0.750360750360757,1
V3,0.4,low_CCM,0.5,8e-05,0.05,0.01,0,1200000,0.942417142857143,0.992644978783593,-5.75828571428572,-0.73550212164073,1
V3,0.4,low_CCM,0.5,8e-05,0.05,0.05,0,1200000,0.980017142857143,0.992925170068027,-1.99828571428571,-0.707482993197273,1
V3,0.4,low_CCM,0.5,8e-05,0.075,-0.05,0,1200000,0.887427142857143,0.993759398496241,-11.2572857142857,-0.624060150375938,1
V3,0.4,low_CCM,0.5,8e-05,0.075,-0.01,0,1200000,0.925027142857143,0.994011544011544,-7.49728571428572,-0.598845598845599,1
V3,0.4,low_CCM,0.5,8e-05,0.075,0.01,0,1200000,0.943827142857143,0.994130127298444,-5.61728571428572,-0.586987270155592,1
V3,0.4,low_CCM,0.5,8e-05,0.075,0.05,0,1200000,0.981427142857143,0.994353741496598,-1.85728571428573,-0.56462585034015,1
V3,0.4,low_CCM,0.5,8e-05,0.1,-0.05,0,1200000,0.888837142857143,0.995338345864662,-11.1162857142857,-0.466165413533837,1
V3,0.4,low_CCM,0.5,8e-05,0.1,-0.01,0,1200000,0.926437142857143,0.995526695526695,-7.35628571428573,-0.447330447330463,1
V3,0.4,low_CCM,0.5,8e-05,0.1,0.01,0,1200000,0.945237142857143,0.995615275813296,-5.47628571428572,-0.438472418670433,1
V3,0.4,low_CCM,0.5,8e-05,0.1,0.05,0,1200000,0.982837142857143,0.99578231292517,-1.71628571428571,-0.421768707482995,1
V3,0.4,low_CCM,0.5,9e-05,0.05,-0.05,0,1200000,0.887897142857143,0.994285714285714,-11.2102857142857,-0.571428571428578,1
V3,0.4,low_CCM,0.5,9e-05,0.05,-0.01,0,1200000,0.925497142857143,0.994516594516594,-7.45028571428572,-0.548340548340553,1
V3,0.4,low_CCM,0.5,9e-05,0.05,0.01,0,1200000,0.944297142857143,0.994625176803395,-5.57028571428571,-0.537482319660521,1
V3,0.4,low_CCM,0.5,9e-05,0.05,0.05,0,1200000,0.981897142857143,0.994829931972789,-1.81028571428571,-0.517006802721076,1
V3,0.4,low_CCM,0.5,9e-05,0.075,-0.05,0,1200000,0.889307142857143,0.995864661654135,-11.0692857142857,-0.413533834586455,1
V3,0.4,low_CCM,0.5,9e-05,0.075,-0.01,0,1200000,0.926907142857143,0.996031746031746,-7.30928571428572,-0.396825396825395,1
V3,0.4,low_CCM,0.5,9e-05,0.075,0.01,0,1200000,0.945707142857143,0.996110325318246,-5.42928571428573,-0.388967468175394,1
V3,0.4,low_CCM,0.5,9e-05,0.075,0.05,0,1200000,0.983307142857143,0.996258503401361,-1.66928571428572,-0.374149659863943,1
V3,0.4,low_CCM,0.5,9e-05,0.1,-0.05,0,1200000,0.890717142857143,0.997443609022556,-10.9282857142857,-0.255639097744365,1
V3,0.4,low_CCM,0.5,9e-05,0.1,-0.01,0,1200000,0.928317142857143,0.997546897546897,-7.16828571428573,-0.24531024531026,1
V3,0.4,low_CCM,0.5,9e-05,0.1,0.01,0,1200000,0.947117142857143,0.997595473833098,-5.28828571428572,-0.240452616690245,1
V3,0.4,low_CCM,0.5,9e-05,0.1,0.05,0,1200000,0.984717142857143,0.997687074829932,-1.52828571428572,-0.231292517006798,1
V3,0.4,low_CCM,0.5,0.0001,0.05,-0.05,0,1200000,0.889777142857143,0.996390977443609,-11.0222857142857,-0.360902255639106,1
V3,0.4,low_CCM,0.5,0.0001,0.05,-0.01,0,1200000,0.927377142857143,0.996536796536796,-7.26228571428572,-0.34632034632035,1
V3,0.4,low_CCM,0.5,0.0001,0.05,0.01,0,1200000,0.946177142857143,0.996605374823197,-5.38228571428571,-0.339462517680322,1
V3,0.4,low_CCM,0.5,0.0001,0.05,0.05,0,1200000,0.983777142857143,0.996734693877551,-1.62228571428571,-0.326530612244891,1
V3,0.4,low_CCM,0.5,0.0001,0.075,-0.05,0,1200000,0.891187142857143,0.99796992481203,-10.8812857142857,-0.203007518796983,1
V3,0.4,low_CCM,0.5,0.0001,0.075,-0.01,0,1200000,0.928787142857143,0.998051948051948,-7.12128571428572,-0.194805194805203,1
V3,0.4,low_CCM,0.5,0.0001,0.075,0.01,0,1200000,0.947587142857143,0.998090523338048,-5.24128571428573,-0.190947666195196,1
V3,0.4,low_CCM,0.5,0.0001,0.075,0.05,0,1200000,0.985187142857143,0.998163265306122,-1.48128571428572,-0.183673469387757,1
V3,0.4,low_CCM,0.5,0.0001,0.1,-0.05,0,1200000,0.892597142857143,0.999548872180451,-10.7402857142857,-0.0451127819548924,1
V3,0.4,low_CCM,0.5,0.0001,0.1,-0.01,0,1200000,0.930197142857143,0.9995670995671,-6.98028571428572,-0.0432900432900452,1
V3,0.4,low_CCM,0.5,0.0001,0.1,0.01,0,1200000,0.948997142857143,0.9995756718529,-5.10028571428572,-0.0424328147100472,1
V3,0.4,low_CCM,0.5,0.0001,0.1,0.05,0,1200000,0.986597142857143,0.999591836734694,-1.34028571428572,-0.0408163265306127,1
V3,0.4,nominal,1,8e-05,0.05,-0.05,0,1200000,0.887897142857143,0.994285714285714,-11.2102857142857,-0.571428571428578,1
V3,0.4,nominal,1,8e-05,0.05,-0.01,0,1200000,0.925497142857143,0.994516594516594,-7.45028571428572,-0.548340548340553,1
V3,0.4,nominal,1,8e-05,0.05,0.01,0,1200000,0.944297142857143,0.994625176803395,-5.57028571428571,-0.537482319660521,1
V3,0.4,nominal,1,8e-05,0.05,0.05,0,1200000,0.981897142857143,0.994829931972789,-1.81028571428571,-0.517006802721076,1
V3,0.4,nominal,1,8e-05,0.075,-0.05,0,1200000,0.889307142857143,0.995864661654135,-11.0692857142857,-0.413533834586455,1
V3,0.4,nominal,1,8e-05,0.075,-0.01,0,1200000,0.926907142857143,0.996031746031746,-7.30928571428572,-0.396825396825395,1
V3,0.4,nominal,1,8e-05,0.075,0.01,0,1200000,0.945707142857143,0.996110325318246,-5.42928571428573,-0.388967468175394,1
V3,0.4,nominal,1,8e-05,0.075,0.05,0,1200000,0.983307142857143,0.996258503401361,-1.66928571428572,-0.374149659863943,1
V3,0.4,nominal,1,8e-05,0.1,-0.05,0,1200000,0.890717142857143,0.997443609022556,-10.9282857142857,-0.255639097744365,1
V3,0.4,nominal,1,8e-05,0.1,-0.01,0,1200000,0.928317142857143,0.997546897546897,-7.16828571428573,-0.24531024531026,1
V3,0.4,nominal,1,8e-05,0.1,0.01,0,1200000,0.947117142857143,0.997595473833098,-5.28828571428572,-0.240452616690245,1
V3,0.4,nominal,1,8e-05,0.1,0.05,0,1200000,0.984717142857143,0.997687074829932,-1.52828571428572,-0.231292517006798,1
V3,0.4,nominal,1,9e-05,0.05,-0.05,0,1200000,0.889777142857143,0.996390977443609,-11.0222857142857,-0.360902255639106,1
V3,0.4,nominal,1,9e-05,0.05,-0.01,0,1200000,0.927377142857143,0.996536796536796,-7.26228571428572,-0.34632034632035,1
V3,0.4,nominal,1,9e-05,0.05,0.01,0,1200000,0.946177142857143,0.996605374823197,-5.38228571428571,-0.339462517680322,1
V3,0.4,nominal,1,9e-05,0.05,0.05,0,1200000,0.983777142857143,0.996734693877551,-1.62228571428571,-0.326530612244891,1
V3,0.4,nominal,1,9e-05,0.075,-0.05,0,1200000,0.891187142857143,0.99796992481203,-10.8812857142857,-0.203007518796983,1
V3,0.4,nominal,1,9e-05,0.075,-0.01,0,1200000,0.928787142857143,0.998051948051948,-7.12128571428572,-0.194805194805203,1
V3,0.4,nominal,1,9e-05,0.075,0.01,0,1200000,0.947587142857143,0.998090523338048,-5.24128571428573,-0.190947666195196,1
V3,0.4,nominal,1,9e-05,0.075,0.05,0,1200000,0.985187142857143,0.998163265306122,-1.48128571428572,-0.183673469387757,1
V3,0.4,nominal,1,9e-05,0.1,-0.05,0,1200000,0.892597142857143,0.999548872180451,-10.7402857142857,-0.0451127819548924,1
V3,0.4,nominal,1,9e-05,0.1,-0.01,0,1200000,0.930197142857143,0.9995670995671,-6.98028571428572,-0.0432900432900452,1
V3,0.4,nominal,1,9e-05,0.1,0.01,0,1200000,0.948997142857143,0.9995756718529,-5.10028571428572,-0.0424328147100472,1
V3,0.4,nominal,1,9e-05,0.1,0.05,0,1200000,0.986597142857143,0.999591836734694,-1.34028571428572,-0.0408163265306127,1
V3,0.4,nominal,1,0.0001,0.05,-0.05,0,1200000,0.891657142857143,0.998496240601504,-10.8342857142857,-0.150375939849634,1
V3,0.4,nominal,1,0.0001,0.05,-0.01,0,1200000,0.929257142857143,0.998556998556999,-7.07428571428572,-0.144300144300147,1
V3,0.4,nominal,1,0.0001,0.05,0.01,0,1200000,0.948057142857143,0.998585572842999,-5.19428571428571,-0.141442715700124,1
V3,0.4,nominal,1,0.0001,0.05,0.05,0,1200000,0.985657142857143,0.998639455782313,-1.43428571428571,-0.136054421768705,1
V3,0.4,nominal,1,0.0001,0.075,-0.05,0,1200000,0.893067142857143,1.00007518796993,-10.6932857142857,0.00751879699250058,1
V3,0.4,nominal,1,0.0001,0.075,-0.01,0,1200000,0.930667142857143,1.00007215007215,-6.93328571428572,0.00721500721501123,1
V3,0.4,nominal,1,0.0001,0.075,0.01,0,1200000,0.949467142857143,1.00007072135785,-5.05328571428573,0.00707213578501342,1
V3,0.4,nominal,1,0.0001,0.075,0.05,0,1200000,0.987067142857143,1.00006802721088,-1.29328571428572,0.00680272108843916,1
V3,0.4,nominal,1,0.0001,0.1,-0.05,0,1200000,0.894477142857143,1.00165413533835,-10.5522857142857,0.165413533834591,1
V3,0.4,nominal,1,0.0001,0.1,-0.01,0,1200000,0.932077142857143,1.0015873015873,-6.79228571428572,0.158730158730158,1
V3,0.4,nominal,1,0.0001,0.1,0.01,0,1200000,0.950877142857143,1.0015558698727,-4.91228571428572,0.155586987270162,1
V3,0.4,nominal,1,0.0001,0.1,0.05,0,1200000,0.988477142857143,1.00149659863946,-1.15228571428572,0.149659863945573,1
V3,0.4,high,2,8e-05,0.05,-0.05,0,1200000,0.891657142857143,0.998496240601504,-10.8342857142857,-0.150375939849634,1
V3,0.4,high,2,8e-05,0.05,-0.01,0,1200000,0.929257142857143,0.998556998556999,-7.07428571428572,-0.144300144300147,1
V3,0.4,high,2,8e-05,0.05,0.01,0,1200000,0.948057142857143,0.998585572842999,-5.19428571428571,-0.141442715700124,1
V3,0.4,high,2,8e-05,0.05,0.05,0,1200000,0.985657142857143,0.998639455782313,-1.43428571428571,-0.136054421768705,1
V3,0.4,high,2,8e-05,0.075,-0.05,0,1200000,0.893067142857143,1.00007518796993,-10.6932857142857,0.00751879699250058,1
V3,0.4,high,2,8e-05,0.075,-0.01,0,1200000,0.930667142857143,1.00007215007215,-6.93328571428572,0.00721500721501123,1
V3,0.4,high,2,8e-05,0.075,0.01,0,1200000,0.949467142857143,1.00007072135785,-5.05328571428573,0.00707213578501342,1
V3,0.4,high,2,8e-05,0.075,0.05,0,1200000,0.987067142857143,1.00006802721088,-1.29328571428572,0.00680272108843916,1
V3,0.4,high,2,8e-05,0.1,-0.05,0,1200000,0.894477142857143,1.00165413533835,-10.5522857142857,0.165413533834591,1
V3,0.4,high,2,8e-05,0.1,-0.01,0,1200000,0.932077142857143,1.0015873015873,-6.79228571428572,0.158730158730158,1
V3,0.4,high,2,8e-05,0.1,0.01,0,1200000,0.950877142857143,1.0015558698727,-4.91228571428572,0.155586987270162,1
V3,0.4,high,2,8e-05,0.1,0.05,0,1200000,0.988477142857143,1.00149659863946,-1.15228571428572,0.149659863945573,1
V3,0.4,high,2,9e-05,0.05,-0.05,0,1200000,0.893537142857143,1.0006015037594,-10.6462857142857,0.0601503759398492,1
V3,0.4,high,2,9e-05,0.05,-0.01,0,1200000,0.931137142857143,1.0005772005772,-6.88628571428572,0.0577200577200454,1
V3,0.4,high,2,9e-05,0.05,0.01,0,1200000,0.949937142857143,1.0005657708628,-5.00628571428571,0.056577086280063,1
V3,0.4,high,2,9e-05,0.05,0.05,0,1200000,0.987537142857143,1.00054421768707,-1.24628571428571,0.054421768707491,1
V3,0.4,high,2,9e-05,0.075,-0.05,0,1200000,0.894947142857143,1.00218045112782,-10.5052857142857,0.218045112781962,1
V3,0.4,high,2,9e-05,0.075,-0.01,0,1200000,0.932547142857143,1.00209235209235,-6.74528571428572,0.209235209235215,1
V3,0.4,high,2,9e-05,0.075,0.01,0,1200000,0.951347142857143,1.00205091937765,-4.86528571428573,0.205091937765212,1
V3,0.4,high,2,9e-05,0.075,0.05,0,1200000,0.988947142857143,1.00197278911565,-1.10528571428572,0.197278911564625,1
V3,0.4,high,2,9e-05,0.1,-0.05,0,1200000,0.896357142857143,1.00375939849624,-10.3642857142857,0.375939849624052,1
V3,0.4,high,2,9e-05,0.1,-0.01,0,1200000,0.933957142857143,1.0036075036075,-6.60428571428572,0.360750360750361,1
V3,0.4,high,2,9e-05,0.1,0.01,0,1200000,0.952757142857143,1.0035360678925,-4.72428571428573,0.35360678925036,1
V3,0.4,high,2,9e-05,0.1,0.05,0,1200000,0.990357142857143,1.00340136054422,-0.964285714285718,0.340136054421758,1
V3,0.4,high,2,0.0001,0.05,-0.05,0,1200000,0.895417142857143,1.00270676691729,-10.4582857142857,0.270676691729332,1
V3,0.4,high,2,0.0001,0.05,-0.01,0,1200000,0.933017142857143,1.0025974025974,-6.69828571428572,0.259740259740249,1
V3,0.4,high,2,0.0001,0.05,0.01,0,1200000,0.951817142857143,1.0025459688826,-4.81828571428571,0.254596888260261,1
V3,0.4,high,2,0.0001,0.05,0.05,0,1200000,0.989417142857143,1.00244897959184,-1.05828571428571,0.244897959183676,1
V3,0.4,high,2,0.0001,0.075,-0.05,0,1200000,0.896827142857143,1.00428571428571,-10.3172857142857,0.428571428571445,1
V3,0.4,high,2,0.0001,0.075,-0.01,0,1200000,0.934427142857143,1.00411255411255,-6.55728571428572,0.411255411255396,1
V3,0.4,high,2,0.0001,0.075,0.01,0,1200000,0.953227142857143,1.00403111739745,-4.67728571428573,0.403111739745388,1
V3,0.4,high,2,0.0001,0.075,0.05,0,1200000,0.990827142857143,1.00387755102041,-0.91728571428572,0.38775510204081,1
V3,0.4,high,2,0.0001,0.1,-0.05,0,1200000,0.898237142857143,1.00586466165414,-10.1762857142857,0.586466165413535,1
V3,0.4,high,2,0.0001,0.1,-0.01,0,1200000,0.935837142857143,1.00562770562771,-6.41628571428572,0.562770562770565,1
V3,0.4,high,2,0.0001,0.1,0.01,0,1200000,0.954637142857143,1.00551626591231,-4.53628571428571,0.551626591230558,1
V3,0.4,high,2,0.0001,0.1,0.05,0,1200000,0.992237142857143,1.00530612244898,-0.776285714285718,0.530612244897966,1
V3,0.55,low_CCM,0.5,8e-05,0.05,-0.05,0,1200000,0.892462857142857,0.999398496240602,-10.7537142857143,-0.0601503759398381,1
V3,0.55,low_CCM,0.5,8e-05,0.05,-0.01,0,1200000,0.930062857142857,0.999422799422799,-6.99371428571429,-0.0577200577200676,1
V3,0.55,low_CCM,0.5,8e-05,0.05,0.01,0,1200000,0.948862857142857,0.999434229137199,-5.1137142857143,-0.056577086280063,1
V3,0.55,low_CCM,0.5,8e-05,0.05,0.05,0,1200000,0.986462857142857,0.999455782312925,-1.35371428571429,-0.054421768707491,1
V3,0.55,low_CCM,0.5,8e-05,0.075,-0.05,0,1200000,0.893872857142857,1.00097744360902,-10.6127142857143,0.0977443609022632,1
V3,0.55,low_CCM,0.5,8e-05,0.075,-0.01,0,1200000,0.931472857142857,1.00093795093795,-6.8527142857143,0.0937950937950793,1
V3,0.55,low_CCM,0.5,8e-05,0.075,0.01,0,1200000,0.950272857142857,1.00091937765205,-4.9727142857143,0.0919377652050857,1
V3,0.55,low_CCM,0.5,8e-05,0.075,0.05,0,1200000,0.987872857142857,1.0008843537415,-1.21271428571429,0.0884353741496646,1
V3,0.55,low_CCM,0.5,8e-05,0.1,-0.05,0,1200000,0.895282857142857,1.00255639097744,-10.4717142857143,0.255639097744353,1
V3,0.55,low_CCM,0.5,8e-05,0.1,-0.01,0,1200000,0.932882857142857,1.0024531024531,-6.71171428571429,0.245310245310248,1
V3,0.55,low_CCM,0.5,8e-05,0.1,0.01,0,1200000,0.951682857142857,1.0024045261669,-4.83171428571428,0.240452616690257,1
V3,0.55,low_CCM,0.5,8e-05,0.1,0.05,0,1200000,0.989282857142857,1.00231292517007,-1.07171428571429,0.231292517006798,1
V3,0.55,low_CCM,0.5,9e-05,0.05,-0.05,0,1200000,0.894342857142857,1.0015037593985,-10.5657142857143,0.150375939849634,1
V3,0.55,low_CCM,0.5,9e-05,0.05,-0.01,0,1200000,0.931942857142857,1.001443001443,-6.80571428571429,0.144300144300136,1
V3,0.55,low_CCM,0.5,9e-05,0.05,0.01,0,1200000,0.950742857142857,1.001414427157,-4.9257142857143,0.141442715700135,1
V3,0.55,low_CCM,0.5,9e-05,0.05,0.05,0,1200000,0.988342857142857,1.00136054421769,-1.16571428571429,0.136054421768694,1
V3,0.55,low_CCM,0.5,9e-05,0.075,-0.05,0,1200000,0.895752857142857,1.00308270676692,-10.4247142857143,0.308270676691724,1
V3,0.55,low_CCM,0.5,9e-05,0.075,-0.01,0,1200000,0.933352857142857,1.00295815295815,-6.66471428571429,0.295815295815283,1
V3,0.55,low_CCM,0.5,9e-05,0.075,0.01,0,1200000,0.952152857142857,1.00289957567185,-4.7847142857143,0.289957567185284,1
V3,0.55,low_CCM,0.5,9e-05,0.075,0.05,0,1200000,0.989752857142857,1.00278911564626,-1.02471428571429,0.27891156462585,1
V3,0.55,low_CCM,0.5,9e-05,0.1,-0.05,0,1200000,0.897162857142857,1.00466165413534,-10.2837142857143,0.466165413533837,1
V3,0.55,low_CCM,0.5,9e-05,0.1,-0.01,0,1200000,0.934762857142857,1.0044733044733,-6.52371428571429,0.447330447330452,1
V3,0.55,low_CCM,0.5,9e-05,0.1,0.01,0,1200000,0.953562857142857,1.0043847241867,-4.64371428571428,0.438472418670455,1
V3,0.55,low_CCM,0.5,9e-05,0.1,0.05,0,1200000,0.991162857142857,1.00421768707483,-0.883714285714288,0.421768707482983,1
V3,0.55,low_CCM,0.5,0.0001,0.05,-0.05,0,1200000,0.896222857142857,1.00360902255639,-10.3777142857143,0.360902255639095,1
V3,0.55,low_CCM,0.5,0.0001,0.05,-0.01,0,1200000,0.933822857142857,1.0034632034632,-6.61771428571429,0.346320346320339,1
V3,0.55,low_CCM,0.5,0.0001,0.05,0.01,0,1200000,0.952622857142857,1.0033946251768,-4.7377142857143,0.339462517680333,1
V3,0.55,low_CCM,0.5,0.0001,0.05,0.05,0,1200000,0.990222857142857,1.00326530612245,-0.977714285714293,0.326530612244902,1
V3,0.55,low_CCM,0.5,0.0001,0.075,-0.05,0,1200000,0.897632857142857,1.00518796992481,-10.2367142857143,0.518796992481207,1
V3,0.55,low_CCM,0.5,0.0001,0.075,-0.01,0,1200000,0.935232857142857,1.00497835497835,-6.47671428571429,0.497835497835486,1
V3,0.55,low_CCM,0.5,0.0001,0.075,0.01,0,1200000,0.954032857142857,1.00487977369165,-4.5967142857143,0.487977369165482,1
V3,0.55,low_CCM,0.5,0.0001,0.075,0.05,0,1200000,0.991632857142857,1.00469387755102,-0.836714285714291,0.469387755102035,1
V3,0.55,low_CCM,0.5,0.0001,0.1,-0.05,0,1200000,0.899042857142857,1.00676691729323,-10.0957142857143,0.676691729323298,1
V3,0.55,low_CCM,0.5,0.0001,0.1,-0.01,0,1200000,0.936642857142857,1.00649350649351,-6.33571428571429,0.649350649350655,1
V3,0.55,low_CCM,0.5,0.0001,0.1,0.01,0,1200000,0.955442857142857,1.00636492220651,-4.45571428571428,0.636492220650653,1
V3,0.55,low_CCM,0.5,0.0001,0.1,0.05,0,1200000,0.993042857142857,1.00612244897959,-0.695714285714288,0.612244897959191,1
V3,0.55,nominal,1,8e-05,0.05,-0.05,0,1200000,0.894342857142857,1.0015037593985,-10.5657142857143,0.150375939849634,1
V3,0.55,nominal,1,8e-05,0.05,-0.01,0,1200000,0.931942857142857,1.001443001443,-6.80571428571429,0.144300144300136,1
V3,0.55,nominal,1,8e-05,0.05,0.01,0,1200000,0.950742857142857,1.001414427157,-4.9257142857143,0.141442715700135,1
V3,0.55,nominal,1,8e-05,0.05,0.05,0,1200000,0.988342857142857,1.00136054421769,-1.16571428571429,0.136054421768694,1
V3,0.55,nominal,1,8e-05,0.075,-0.05,0,1200000,0.895752857142857,1.00308270676692,-10.4247142857143,0.308270676691724,1
V3,0.55,nominal,1,8e-05,0.075,-0.01,0,1200000,0.933352857142857,1.00295815295815,-6.66471428571429,0.295815295815283,1
V3,0.55,nominal,1,8e-05,0.075,0.01,0,1200000,0.952152857142857,1.00289957567185,-4.7847142857143,0.289957567185284,1
V3,0.55,nominal,1,8e-05,0.075,0.05,0,1200000,0.989752857142857,1.00278911564626,-1.02471428571429,0.27891156462585,1
V3,0.55,nominal,1,8e-05,0.1,-0.05,0,1200000,0.897162857142857,1.00466165413534,-10.2837142857143,0.466165413533837,1
V3,0.55,nominal,1,8e-05,0.1,-0.01,0,1200000,0.934762857142857,1.0044733044733,-6.52371428571429,0.447330447330452,1
V3,0.55,nominal,1,8e-05,0.1,0.01,0,1200000,0.953562857142857,1.0043847241867,-4.64371428571428,0.438472418670455,1
V3,0.55,nominal,1,8e-05,0.1,0.05,0,1200000,0.991162857142857,1.00421768707483,-0.883714285714288,0.421768707482983,1
V3,0.55,nominal,1,9e-05,0.05,-0.05,0,1200000,0.896222857142857,1.00360902255639,-10.3777142857143,0.360902255639095,1
V3,0.55,nominal,1,9e-05,0.05,-0.01,0,1200000,0.933822857142857,1.0034632034632,-6.61771428571429,0.346320346320339,1
V3,0.55,nominal,1,9e-05,0.05,0.01,0,1200000,0.952622857142857,1.0033946251768,-4.7377142857143,0.339462517680333,1
V3,0.55,nominal,1,9e-05,0.05,0.05,0,1200000,0.990222857142857,1.00326530612245,-0.977714285714293,0.326530612244902,1
V3,0.55,nominal,1,9e-05,0.075,-0.05,0,1200000,0.897632857142857,1.00518796992481,-10.2367142857143,0.518796992481207,1
V3,0.55,nominal,1,9e-05,0.075,-0.01,0,1200000,0.935232857142857,1.00497835497835,-6.47671428571429,0.497835497835486,1
V3,0.55,nominal,1,9e-05,0.075,0.01,0,1200000,0.954032857142857,1.00487977369165,-4.5967142857143,0.487977369165482,1
V3,0.55,nominal,1,9e-05,0.075,0.05,0,1200000,0.991632857142857,1.00469387755102,-0.836714285714291,0.469387755102035,1
V3,0.55,nominal,1,9e-05,0.1,-0.05,0,1200000,0.899042857142857,1.00676691729323,-10.0957142857143,0.676691729323298,1
V3,0.55,nominal,1,9e-05,0.1,-0.01,0,1200000,0.936642857142857,1.00649350649351,-6.33571428571429,0.649350649350655,1
V3,0.55,nominal,1,9e-05,0.1,0.01,0,1200000,0.955442857142857,1.00636492220651,-4.45571428571428,0.636492220650653,1
V3,0.55,nominal,1,9e-05,0.1,0.05,0,1200000,0.993042857142857,1.00612244897959,-0.695714285714288,0.612244897959191,1
V3,0.55,nominal,1,0.0001,0.05,-0.05,0,1200000,0.898102857142857,1.00571428571429,-10.1897142857143,0.571428571428578,1
V3,0.55,nominal,1,0.0001,0.05,-0.01,0,1200000,0.935702857142857,1.00548340548341,-6.42971428571429,0.548340548340542,1
V3,0.55,nominal,1,0.0001,0.05,0.01,0,1200000,0.954502857142857,1.00537482319661,-4.5497142857143,0.537482319660532,1
V3,0.55,nominal,1,0.0001,0.05,0.05,0,1200000,0.992102857142857,1.00517006802721,-0.789714285714294,0.517006802721087,1
V3,0.55,nominal,1,0.0001,0.075,-0.05,0,1200000,0.899512857142857,1.00729323308271,-10.0487142857143,0.729323308270668,1
V3,0.55,nominal,1,0.0001,0.075,-0.01,0,1200000,0.937112857142857,1.00699855699856,-6.28871428571429,0.699855699855689,1
V3,0.55,nominal,1,0.0001,0.075,0.01,0,1200000,0.955912857142857,1.00685997171146,-4.40871428571429,0.685997171145702,1
V3,0.55,nominal,1,0.0001,0.075,0.05,0,1200000,0.993512857142857,1.00659863945578,-0.648714285714291,0.659863945578221,1
V3,0.55,nominal,1,0.0001,0.1,-0.05,0,1200000,0.900922857142857,1.00887218045113,-9.9077142857143,0.887218045112781,1
V3,0.55,nominal,1,0.0001,0.1,-0.01,0,1200000,0.938522857142857,1.00851370851371,-6.14771428571429,0.851370851370858,1
V3,0.55,nominal,1,0.0001,0.1,0.01,0,1200000,0.957322857142857,1.00834512022631,-4.26771428571429,0.834512022630851,1
V3,0.55,nominal,1,0.0001,0.1,0.05,0,1200000,0.994922857142857,1.00802721088435,-0.507714285714289,0.802721088435376,1
V3,0.55,high,2,8e-05,0.05,-0.05,0,1200000,0.898102857142857,1.00571428571429,-10.1897142857143,0.571428571428578,1
V3,0.55,high,2,8e-05,0.05,-0.01,0,1200000,0.935702857142857,1.00548340548341,-6.42971428571429,0.548340548340542,1
V3,0.55,high,2,8e-05,0.05,0.01,0,1200000,0.954502857142857,1.00537482319661,-4.5497142857143,0.537482319660532,1
V3,0.55,high,2,8e-05,0.05,0.05,0,1200000,0.992102857142857,1.00517006802721,-0.789714285714294,0.517006802721087,1
V3,0.55,high,2,8e-05,0.075,-0.05,0,1200000,0.899512857142857,1.00729323308271,-10.0487142857143,0.729323308270668,1
V3,0.55,high,2,8e-05,0.075,-0.01,0,1200000,0.937112857142857,1.00699855699856,-6.28871428571429,0.699855699855689,1
V3,0.55,high,2,8e-05,0.075,0.01,0,1200000,0.955912857142857,1.00685997171146,-4.40871428571429,0.685997171145702,1
V3,0.55,high,2,8e-05,0.075,0.05,0,1200000,0.993512857142857,1.00659863945578,-0.648714285714291,0.659863945578221,1
V3,0.55,high,2,8e-05,0.1,-0.05,0,1200000,0.900922857142857,1.00887218045113,-9.9077142857143,0.887218045112781,1
V3,0.55,high,2,8e-05,0.1,-0.01,0,1200000,0.938522857142857,1.00851370851371,-6.14771428571429,0.851370851370858,1
V3,0.55,high,2,8e-05,0.1,0.01,0,1200000,0.957322857142857,1.00834512022631,-4.26771428571429,0.834512022630851,1
V3,0.55,high,2,8e-05,0.1,0.05,0,1200000,0.994922857142857,1.00802721088435,-0.507714285714289,0.802721088435376,1
V3,0.55,high,2,9e-05,0.05,-0.05,0,1200000,0.899982857142857,1.00781954887218,-10.0017142857143,0.781954887218039,1
V3,0.55,high,2,9e-05,0.05,-0.01,0,1200000,0.937582857142857,1.00750360750361,-6.24171428571429,0.750360750360746,1
V3,0.55,high,2,9e-05,0.05,0.01,0,1200000,0.956382857142857,1.00735502121641,-4.3617142857143,0.73550212164073,1
V3,0.55,high,2,9e-05,0.05,0.05,0,1200000,0.993982857142857,1.00707482993197,-0.601714285714294,0.707482993197273,1
V3,0.55,high,2,9e-05,0.075,-0.05,0,1200000,0.901392857142857,1.0093984962406,-9.8607142857143,0.939849624060152,1
V3,0.55,high,2,9e-05,0.075,-0.01,0,1200000,0.938992857142857,1.00901875901876,-6.10071428571429,0.901875901875893,1
V3,0.55,high,2,9e-05,0.075,0.01,0,1200000,0.957792857142857,1.00884016973126,-4.22071428571429,0.884016973125901,1
V3,0.55,high,2,9e-05,0.075,0.05,0,1200000,0.995392857142857,1.00850340136054,-0.460714285714292,0.850340136054406,1
V3,0.55,high,2,9e-05,0.1,-0.05,0,1200000,0.902802857142857,1.01097744360902,-9.7197142857143,1.09774436090224,0
V3,0.55,high,2,9e-05,0.1,-0.01,0,1200000,0.940402857142857,1.01053391053391,-5.95971428571429,1.05339105339104,0
V3,0.55,high,2,9e-05,0.1,0.01,0,1200000,0.959202857142857,1.01032531824611,-4.07971428571429,1.03253182461105,0
V3,0.55,high,2,9e-05,0.1,0.05,0,1200000,0.996802857142857,1.00993197278912,-0.31971428571429,0.993197278911562,1
V3,0.55,high,2,0.0001,0.05,-0.05,0,1200000,0.901862857142857,1.00992481203008,-9.81371428571429,0.992481203007523,1
V3,0.55,high,2,0.0001,0.05,-0.01,0,1200000,0.939462857142857,1.00952380952381,-6.05371428571428,0.952380952380949,1
V3,0.55,high,2,0.0001,0.05,0.01,0,1200000,0.958262857142857,1.00933521923621,-4.1737142857143,0.933521923620928,1
V3,0.55,high,2,0.0001,0.05,0.05,0,1200000,0.995862857142857,1.00897959183673,-0.413714285714295,0.897959183673458,1
V3,0.55,high,2,0.0001,0.075,-0.05,0,1200000,0.903272857142857,1.0115037593985,-9.6727142857143,1.15037593984961,0
V3,0.55,high,2,0.0001,0.075,-0.01,0,1200000,0.940872857142857,1.01103896103896,-5.91271428571429,1.1038961038961,0
V3,0.55,high,2,0.0001,0.075,0.01,0,1200000,0.959672857142857,1.01082036775106,-4.03271428571429,1.08203677510608,0
V3,0.55,high,2,0.0001,0.075,0.05,0,1200000,0.997272857142857,1.01040816326531,-0.272714285714293,1.04081632653061,0
V3,0.55,high,2,0.0001,0.1,-0.05,0,1200000,0.904682857142857,1.01308270676692,-9.53171428571429,1.30827067669175,0
V3,0.55,high,2,0.0001,0.1,-0.01,0,1200000,0.942282857142857,1.01255411255411,-5.77171428571429,1.25541125541124,0
V3,0.55,high,2,0.0001,0.1,0.01,0,1200000,0.961082857142857,1.01230551626591,-3.89171428571429,1.23055162659125,0
V3,0.55,high,2,0.0001,0.1,0.05,0,1200000,0.998682857142857,1.01183673469388,-0.131714285714279,1.18367346938777,0
V3,0.65,low_CCM,0.5,8e-05,0.05,-0.05,0,1200000,0.89676,1.00421052631579,-10.324,0.421052631578944,1
V3,0.65,low_CCM,0.5,8e-05,0.05,-0.01,0,1200000,0.93436,1.0040404040404,-6.564,0.404040404040407,1
V3,0.65,low_CCM,0.5,8e-05,0.05,0.01,0,1200000,0.95316,1.0039603960396,-4.684,0.396039603960396,1
V3,0.65,low_CCM,0.5,8e-05,0.05,0.05,0,1200000,0.99076,1.00380952380952,-0.924000000000003,0.380952380952371,1
V3,0.65,low_CCM,0.5,8e-05,0.075,-0.05,0,1200000,0.89817,1.00578947368421,-10.183,0.578947368421057,1
V3,0.65,low_CCM,0.5,8e-05,0.075,-0.01,0,1200000,0.93577,1.00555555555556,-6.42300000000001,0.555555555555554,1
V3,0.65,low_CCM,0.5,8e-05,0.075,0.01,0,1200000,0.95457,1.00544554455446,-4.543,0.544554455445567,1
V3,0.65,low_CCM,0.5,8e-05,0.075,0.05,0,1200000,0.99217,1.0052380952381,-0.783,0.523809523809526,1
V3,0.65,low_CCM,0.5,8e-05,0.1,-0.05,0,1200000,0.89958,1.00736842105263,-10.042,0.736842105263169,1
V3,0.65,low_CCM,0.5,8e-05,0.1,-0.01,0,1200000,0.93718,1.00707070707071,-6.28200000000001,0.707070707070701,1
V3,0.65,low_CCM,0.5,8e-05,0.1,0.01,0,1200000,0.95598,1.00693069306931,-4.40200000000002,0.693069306930694,1
V3,0.65,low_CCM,0.5,8e-05,0.1,0.05,0,1200000,0.99358,1.00666666666667,-0.642000000000009,0.66666666666666,1
V3,0.65,low_CCM,0.5,9e-05,0.05,-0.05,0,1200000,0.89864,1.00631578947368,-10.136,0.631578947368427,1
V3,0.65,low_CCM,0.5,9e-05,0.05,-0.01,0,1200000,0.93624,1.00606060606061,-6.376,0.60606060606061,1
V3,0.65,low_CCM,0.5,9e-05,0.05,0.01,0,1200000,0.95504,1.00594059405941,-4.496,0.594059405940595,1
V3,0.65,low_CCM,0.5,9e-05,0.05,0.05,0,1200000,0.99264,1.00571428571429,-0.736000000000003,0.571428571428578,1
V3,0.65,low_CCM,0.5,9e-05,0.075,-0.05,0,1200000,0.90005,1.00789473684211,-9.99500000000001,0.789473684210518,1
V3,0.65,low_CCM,0.5,9e-05,0.075,-0.01,0,1200000,0.93765,1.00757575757576,-6.23500000000001,0.757575757575735,1
V3,0.65,low_CCM,0.5,9e-05,0.075,0.01,0,1200000,0.95645,1.00742574257426,-4.355,0.742574257425765,1
V3,0.65,low_CCM,0.5,9e-05,0.075,0.05,0,1200000,0.99405,1.00714285714286,-0.595000000000001,0.714285714285712,1
V3,0.65,low_CCM,0.5,9e-05,0.1,-0.05,0,1200000,0.90146,1.00947368421053,-9.85400000000001,0.94736842105263,1
V3,0.65,low_CCM,0.5,9e-05,0.1,-0.01,0,1200000,0.93906,1.00909090909091,-6.09400000000001,0.909090909090904,1
V3,0.65,low_CCM,0.5,9e-05,0.1,0.01,0,1200000,0.95786,1.00891089108911,-4.21400000000002,0.891089108910892,1
V3,0.65,low_CCM,0.5,9e-05,0.1,0.05,0,1200000,0.99546,1.00857142857143,-0.45400000000001,0.857142857142845,1
V3,0.65,low_CCM,0.5,0.0001,0.05,-0.05,0,1200000,0.90052,1.00842105263158,-9.94800000000001,0.842105263157888,1
V3,0.65,low_CCM,0.5,0.0001,0.05,-0.01,0,1200000,0.93812,1.00808080808081,-6.188,0.808080808080813,1
V3,0.65,low_CCM,0.5,0.0001,0.05,0.01,0,1200000,0.95692,1.00792079207921,-4.308,0.792079207920793,1
V3,0.65,low_CCM,0.5,0.0001,0.05,0.05,0,1200000,0.99452,1.00761904761905,-0.548000000000004,0.761904761904764,1
V3,0.65,low_CCM,0.5,0.0001,0.075,-0.05,0,1200000,0.90193,1.01,-9.80700000000001,1,0
V3,0.65,low_CCM,0.5,0.0001,0.075,-0.01,0,1200000,0.93953,1.00959595959596,-6.04700000000001,0.959595959595938,1
V3,0.65,low_CCM,0.5,0.0001,0.075,0.01,0,1200000,0.95833,1.00940594059406,-4.167,0.940594059405941,1
V3,0.65,low_CCM,0.5,0.0001,0.075,0.05,0,1200000,0.99593,1.00904761904762,-0.406999999999991,0.904761904761919,1
V3,0.65,low_CCM,0.5,0.0001,0.1,-0.05,0,1200000,0.90334,1.01157894736842,-9.66600000000001,1.15789473684211,0
V3,0.65,low_CCM,0.5,0.0001,0.1,-0.01,0,1200000,0.94094,1.01111111111111,-5.90600000000001,1.11111111111111,0
V3,0.65,low_CCM,0.5,0.0001,0.1,0.01,0,1200000,0.95974,1.01089108910891,-4.02600000000002,1.08910891089109,0
V3,0.65,low_CCM,0.5,0.0001,0.1,0.05,0,1200000,0.99734,1.01047619047619,-0.266000000000011,1.04761904761903,0
V3,0.65,nominal,1,8e-05,0.05,-0.05,0,1200000,0.89864,1.00631578947368,-10.136,0.631578947368427,1
V3,0.65,nominal,1,8e-05,0.05,-0.01,0,1200000,0.93624,1.00606060606061,-6.376,0.60606060606061,1
V3,0.65,nominal,1,8e-05,0.05,0.01,0,1200000,0.95504,1.00594059405941,-4.496,0.594059405940595,1
V3,0.65,nominal,1,8e-05,0.05,0.05,0,1200000,0.99264,1.00571428571429,-0.736000000000003,0.571428571428578,1
V3,0.65,nominal,1,8e-05,0.075,-0.05,0,1200000,0.90005,1.00789473684211,-9.99500000000001,0.789473684210518,1
V3,0.65,nominal,1,8e-05,0.075,-0.01,0,1200000,0.93765,1.00757575757576,-6.23500000000001,0.757575757575735,1
V3,0.65,nominal,1,8e-05,0.075,0.01,0,1200000,0.95645,1.00742574257426,-4.355,0.742574257425765,1
V3,0.65,nominal,1,8e-05,0.075,0.05,0,1200000,0.99405,1.00714285714286,-0.595000000000001,0.714285714285712,1
V3,0.65,nominal,1,8e-05,0.1,-0.05,0,1200000,0.90146,1.00947368421053,-9.85400000000001,0.94736842105263,1
V3,0.65,nominal,1,8e-05,0.1,-0.01,0,1200000,0.93906,1.00909090909091,-6.09400000000001,0.909090909090904,1
V3,0.65,nominal,1,8e-05,0.1,0.01,0,1200000,0.95786,1.00891089108911,-4.21400000000002,0.891089108910892,1
V3,0.65,nominal,1,8e-05,0.1,0.05,0,1200000,0.99546,1.00857142857143,-0.45400000000001,0.857142857142845,1
V3,0.65,nominal,1,9e-05,0.05,-0.05,0,1200000,0.90052,1.00842105263158,-9.94800000000001,0.842105263157888,1
V3,0.65,nominal,1,9e-05,0.05,-0.01,0,1200000,0.93812,1.00808080808081,-6.188,0.808080808080813,1
V3,0.65,nominal,1,9e-05,0.05,0.01,0,1200000,0.95692,1.00792079207921,-4.308,0.792079207920793,1
V3,0.65,nominal,1,9e-05,0.05,0.05,0,1200000,0.99452,1.00761904761905,-0.548000000000004,0.761904761904764,1
V3,0.65,nominal,1,9e-05,0.075,-0.05,0,1200000,0.90193,1.01,-9.80700000000001,1,0
V3,0.65,nominal,1,9e-05,0.075,-0.01,0,1200000,0.93953,1.00959595959596,-6.04700000000001,0.959595959595938,1
V3,0.65,nominal,1,9e-05,0.075,0.01,0,1200000,0.95833,1.00940594059406,-4.167,0.940594059405941,1
V3,0.65,nominal,1,9e-05,0.075,0.05,0,1200000,0.99593,1.00904761904762,-0.406999999999991,0.904761904761919,1
V3,0.65,nominal,1,9e-05,0.1,-0.05,0,1200000,0.90334,1.01157894736842,-9.66600000000001,1.15789473684211,0
V3,0.65,nominal,1,9e-05,0.1,-0.01,0,1200000,0.94094,1.01111111111111,-5.90600000000001,1.11111111111111,0
V3,0.65,nominal,1,9e-05,0.1,0.01,0,1200000,0.95974,1.01089108910891,-4.02600000000002,1.08910891089109,0
V3,0.65,nominal,1,9e-05,0.1,0.05,0,1200000,0.99734,1.01047619047619,-0.266000000000011,1.04761904761903,0
V3,0.65,nominal,1,0.0001,0.05,-0.05,0,1200000,0.9024,1.01052631578947,-9.76000000000001,1.05263157894737,0
V3,0.65,nominal,1,0.0001,0.05,-0.01,0,1200000,0.94,1.01010101010101,-6.00000000000001,1.01010101010102,0
V3,0.65,nominal,1,0.0001,0.05,0.01,0,1200000,0.9588,1.00990099009901,-4.12,0.990099009900991,1
V3,0.65,nominal,1,0.0001,0.05,0.05,0,1200000,0.9964,1.00952380952381,-0.360000000000005,0.952380952380949,1
V3,0.65,nominal,1,0.0001,0.075,-0.05,0,1200000,0.90381,1.01210526315789,-9.61900000000001,1.21052631578946,0
V3,0.65,nominal,1,0.0001,0.075,-0.01,0,1200000,0.94141,1.01161616161616,-5.859,1.16161616161616,0
V3,0.65,nominal,1,0.0001,0.075,0.01,0,1200000,0.96021,1.01138613861386,-3.979,1.13861386138614,0
V3,0.65,nominal,1,0.0001,0.075,0.05,0,1200000,0.99781,1.01095238095238,-0.218999999999991,1.0952380952381,0
V3,0.65,nominal,1,0.0001,0.1,-0.05,0,1200000,0.90522,1.01368421052632,-9.47800000000001,1.36842105263157,0
V3,0.65,nominal,1,0.0001,0.1,-0.01,0,1200000,0.94282,1.01313131313131,-5.71800000000001,1.31313131313131,0
V3,0.65,nominal,1,0.0001,0.1,0.01,0,1200000,0.96162,1.01287128712871,-3.83800000000002,1.28712871287127,0
V3,0.65,nominal,1,0.0001,0.1,0.05,0,1200000,0.99922,1.01238095238095,-0.0780000000000114,1.23809523809524,0
V3,0.65,high,2,8e-05,0.05,-0.05,0,1200000,0.9024,1.01052631578947,-9.76000000000001,1.05263157894737,0
V3,0.65,high,2,8e-05,0.05,-0.01,0,1200000,0.94,1.01010101010101,-6.00000000000001,1.01010101010102,0
V3,0.65,high,2,8e-05,0.05,0.01,0,1200000,0.9588,1.00990099009901,-4.12,0.990099009900991,1
V3,0.65,high,2,8e-05,0.05,0.05,0,1200000,0.9964,1.00952380952381,-0.360000000000005,0.952380952380949,1
V3,0.65,high,2,8e-05,0.075,-0.05,0,1200000,0.90381,1.01210526315789,-9.61900000000001,1.21052631578946,0
V3,0.65,high,2,8e-05,0.075,-0.01,0,1200000,0.94141,1.01161616161616,-5.859,1.16161616161616,0
V3,0.65,high,2,8e-05,0.075,0.01,0,1200000,0.96021,1.01138613861386,-3.979,1.13861386138614,0
V3,0.65,high,2,8e-05,0.075,0.05,0,1200000,0.99781,1.01095238095238,-0.218999999999991,1.0952380952381,0
V3,0.65,high,2,8e-05,0.1,-0.05,0,1200000,0.90522,1.01368421052632,-9.47800000000001,1.36842105263157,0
V3,0.65,high,2,8e-05,0.1,-0.01,0,1200000,0.94282,1.01313131313131,-5.71800000000001,1.31313131313131,0
V3,0.65,high,2,8e-05,0.1,0.01,0,1200000,0.96162,1.01287128712871,-3.83800000000002,1.28712871287127,0
V3,0.65,high,2,8e-05,0.1,0.05,0,1200000,0.99922,1.01238095238095,-0.0780000000000114,1.23809523809524,0
V3,0.65,high,2,9e-05,0.05,-0.05,0,1200000,0.90428,1.01263157894737,-9.57200000000001,1.26315789473683,0
V3,0.65,high,2,9e-05,0.05,-0.01,0,1200000,0.94188,1.01212121212121,-5.81200000000001,1.2121212121212,0
V3,0.65,high,2,9e-05,0.05,0.01,0,1200000,0.96068,1.01188118811881,-3.932,1.18811881188119,0
V3,0.65,high,2,9e-05,0.05,0.05,0,1200000,0.99828,1.01142857142857,-0.172000000000005,1.14285714285713,0
V3,0.65,high,2,9e-05,0.075,-0.05,0,1200000,0.90569,1.01421052631579,-9.43100000000001,1.42105263157895,0
V3,0.65,high,2,9e-05,0.075,-0.01,0,1200000,0.94329,1.01363636363636,-5.671,1.36363636363637,0
V3,0.65,high,2,9e-05,0.075,0.01,0,1200000,0.96209,1.01336633663366,-3.791,1.33663366336634,0
V3,0.65,high,2,9e-05,0.075,0.05,0,1200000,0.99969,1.01285714285714,-0.0309999999999921,1.28571428571429,0
V3,0.65,high,2,9e-05,0.1,-0.05,0,1200000,0.9071,1.01578947368421,-9.29000000000001,1.57894736842106,0
V3,0.65,high,2,9e-05,0.1,-0.01,0,1200000,0.9447,1.01515151515152,-5.53000000000001,1.51515151515151,0
V3,0.65,high,2,9e-05,0.1,0.01,0,1200000,0.9635,1.01485148514851,-3.65000000000001,1.48514851485149,0
V3,0.65,high,2,9e-05,0.1,0.05,0,1200000,1.0011,1.01428571428571,0.109999999999988,1.42857142857142,0
V3,0.65,high,2,0.0001,0.05,-0.05,0,1200000,0.90616,1.01473684210526,-9.384,1.47368421052632,0
V3,0.65,high,2,0.0001,0.05,-0.01,0,1200000,0.94376,1.01414141414141,-5.62400000000001,1.4141414141414,0
V3,0.65,high,2,0.0001,0.05,0.01,0,1200000,0.96256,1.01386138613861,-3.744,1.38613861386139,0
V3,0.65,high,2,0.0001,0.05,0.05,0,1200000,1.00016,1.01333333333333,0.0159999999999938,1.33333333333332,0
V3,0.65,high,2,0.0001,0.075,-0.05,0,1200000,0.90757,1.01631578947368,-9.24300000000001,1.63157894736843,0
V3,0.65,high,2,0.0001,0.075,-0.01,0,1200000,0.94517,1.01565656565657,-5.483,1.56565656565657,0
V3,0.65,high,2,0.0001,0.075,0.01,0,1200000,0.96397,1.01534653465347,-3.603,1.53465346534654,0
V3,0.65,high,2,0.0001,0.075,0.05,0,1200000,1.00157,1.0147619047619,0.157000000000007,1.47619047619048,0
V3,0.65,high,2,0.0001,0.1,-0.05,0,1200000,0.90898,1.01789473684211,-9.10200000000001,1.78947368421052,0
V3,0.65,high,2,0.0001,0.1,-0.01,0,1200000,0.94658,1.01717171717172,-5.34200000000001,1.71717171717169,0
V3,0.65,high,2,0.0001,0.1,0.01,0,1200000,0.96538,1.01683168316832,-3.46200000000001,1.68316831683168,0
V3,0.65,high,2,0.0001,0.1,0.05,0,1200000,1.00298,1.01619047619048,0.297999999999998,1.61904761904761,0
