case_id,source_model,operating_profile,Vin,D,load,noise,timing,reference_ESR,z_R,I_Sigma,raw_calibration_quantity,accepted,rejection_reason,weight,seed,edge_id,edge_time_s
KR-CAL-01,MODEL_A_SWITCHED_EQUATION,nominal,24,0.4,10,sigmaV=1mV; sigmaI=0.5mA,fsADC=5000000Hz; phase=0.37; guard=0.5us; window=2us; method=timestamped_linear,0.05,0.129341018331637,2.65738918135347,0.973444305705801,1,,1,11901,1,4e-05
KR-CAL-01,MODEL_A_SWITCHED_EQUATION,nominal,24,0.4,10,sigmaV=1mV; sigmaI=0.5mA,fsADC=5000000Hz; phase=0.37; guard=0.5us; window=2us; method=timestamped_linear,0.05,0.129812660826659,2.66176158471878,0.975389092486083,1,,1,11901,2,6e-05
KR-CAL-01,MODEL_A_SWITCHED_EQUATION,nominal,24,0.4,10,sigmaV=1mV; sigmaI=0.5mA,fsADC=5000000Hz; phase=0.37; guard=0.5us; window=2us; method=timestamped_linear,0.05,0.131338563016335,2.6660563057908,0.985264735265058,1,,1,11901,3,8e-05
KR-CAL-01,MODEL_A_SWITCHED_EQUATION,nominal,24,0.4,10,sigmaV=1mV; sigmaI=0.5mA,fsADC=5000000Hz; phase=0.37; guard=0.5us; window=2us; method=timestamped_linear,0.05,0.130423021702477,2.66155073277984,0.980052869901578,1,,1,11901,4,0.0001
KR-CAL-01,MODEL_A_SWITCHED_EQUATION,nominal,24,0.4,10,sigmaV=1mV; sigmaI=0.5mA,fsADC=5000000Hz; phase=0.37; guard=0.5us; window=2us; method=timestamped_linear,0.05,0.130173328616991,2.65649028624538,0.98003993683692,1,,1,11901,5,0.00012
KR-CAL-01,MODEL_A_SWITCHED_EQUATION,nominal,24,0.4,10,sigmaV=1mV; sigmaI=0.5mA,fsADC=5000000Hz; phase=0.37; guard=0.5us; window=2us; method=timestamped_linear,0.05,0.130700458464304,2.65166288659079,0.985799960660489,1,,1,11901,6,0.00014
KR-CAL-01,MODEL_A_SWITCHED_EQUATION,nominal,24,0.4,10,sigmaV=1mV; sigmaI=0.5mA,fsADC=5000000Hz; phase=0.37; guard=0.5us; window=2us; method=timestamped_linear,0.05,0.127759628789619,2.64613634629656,0.965631487345136,1,,1,11901,7,0.00016
KR-CAL-01,MODEL_A_SWITCHED_EQUATION,nominal,24,0.4,10,sigmaV=1mV; sigmaI=0.5mA,fsADC=5000000Hz; phase=0.37; guard=0.5us; window=2us; method=timestamped_linear,0.05,0.131338563016328,2.64059870853187,0.994763517773212,1,,1,11901,8,0.00018
KR-CAL-01,MODEL_A_SWITCHED_EQUATION,nominal,24,0.4,10,sigmaV=1mV; sigmaI=0.5mA,fsADC=5000000Hz; phase=0.37; guard=0.5us; window=2us; method=timestamped_linear,0.05,0.128508708046304,2.63462826941884,0.975535786493717,1,,1,11901,9,0.0002
KR-CAL-01,MODEL_A_SWITCHED_EQUATION,nominal,24,0.4,10,sigmaV=1mV; sigmaI=0.5mA,fsADC=5000000Hz; phase=0.37; guard=0.5us; window=2us; method=timestamped_linear,0.05,0.128314502313103,2.63488351123965,0.973967173620769,1,,1,11901,10,0.00022
KR-CAL-01,MODEL_A_SWITCHED_EQUATION,nominal,24,0.4,10,sigmaV=1mV; sigmaI=0.5mA,fsADC=5000000Hz; phase=0.37; guard=0.5us; window=2us; method=timestamped_linear,0.05,0.127870603494316,2.63772446368006,0.969552394535668,1,,1,11901,11,0.00024
KR-CAL-01,MODEL_A_SWITCHED_EQUATION,nominal,24,0.4,10,sigmaV=1mV; sigmaI=0.5mA,fsADC=5000000Hz; phase=0.37; guard=0.5us; window=2us; method=timestamped_linear,0.05,0.129895891855185,2.63862335878816,0.984573197402771,1,,1,11901,12,0.00026
KR-CAL-01,MODEL_A_SWITCHED_EQUATION,nominal,24,0.4,10,sigmaV=1mV; sigmaI=0.5mA,fsADC=5000000Hz; phase=0.37; guard=0.5us; window=2us; method=timestamped_linear,0.05,0.12917455627457,2.63975530077613,0.978685836801547,1,,1,11901,13,0.00028
KR-CAL-01,MODEL_A_SWITCHED_EQUATION,nominal,24,0.4,10,sigmaV=1mV; sigmaI=0.5mA,fsADC=5000000Hz; phase=0.37; guard=0.5us; window=2us; method=timestamped_linear,0.05,0.126400188657094,2.6394667665439,0.957770639579611,1,,1,11901,14,0.0003
KR-CAL-01,MODEL_A_SWITCHED_EQUATION,nominal,24,0.4,10,sigmaV=1mV; sigmaI=0.5mA,fsADC=5000000Hz; phase=0.37; guard=0.5us; window=2us; method=timestamped_linear,0.05,0.127426704675464,2.63793531561899,0.966109395639701,1,,1,11901,15,0.00032
KR-CAL-01,MODEL_A_SWITCHED_EQUATION,nominal,24,0.4,10,sigmaV=1mV; sigmaI=0.5mA,fsADC=5000000Hz; phase=0.37; guard=0.5us; window=2us; method=timestamped_linear,0.05,0.127898347170586,2.63997725018554,0.968935222162214,1,,1,11901,16,0.00034
KR-CAL-01,MODEL_A_SWITCHED_EQUATION,nominal,24,0.4,10,sigmaV=1mV; sigmaI=0.5mA,fsADC=5000000Hz; phase=0.37; guard=0.5us; window=2us; method=timestamped_linear,0.05,0.128730657455684,2.63024476858306,0.978849261432289,1,,1,11901,17,0.00036
KR-CAL-01,MODEL_A_SWITCHED_EQUATION,nominal,24,0.4,10,sigmaV=1mV; sigmaI=0.5mA,fsADC=5000000Hz; phase=0.37; guard=0.5us; window=2us; method=timestamped_linear,0.05,0.124208438239037,2.62195495814173,0.947449061650306,1,,1,11901,18,0.00038
KR-CAL-01,MODEL_A_SWITCHED_EQUATION,nominal,24,0.4,10,sigmaV=1mV; sigmaI=0.5mA,fsADC=5000000Hz; phase=0.37; guard=0.5us; window=2us; method=timestamped_linear,0.05,0.128675170103399,2.61193394230702,0.985286557360216,1,,1,11901,19,0.0004
KR-CAL-01,MODEL_A_SWITCHED_EQUATION,nominal,24,0.4,10,sigmaV=1mV; sigmaI=0.5mA,fsADC=5000000Hz; phase=0.37; guard=0.5us; window=2us; method=timestamped_linear,0.05,0.125595622047911,2.60268974940524,0.965121732827443,1,,1,11901,20,0.00042
KR-CAL-01,MODEL_A_SWITCHED_EQUATION,nominal,24,0.4,10,sigmaV=1mV; sigmaI=0.5mA,fsADC=5000000Hz; phase=0.37; guard=0.5us; window=2us; method=timestamped_linear,0.05,0.12703829320909,2.59225812716314,0.980136135965095,1,,1,11901,21,0.00044
KR-CAL-01,MODEL_A_SWITCHED_EQUATION,nominal,24,0.4,10,sigmaV=1mV; sigmaI=0.5mA,fsADC=5000000Hz; phase=0.37; guard=0.5us; window=2us; method=timestamped_linear,0.05,0.126705369094935,2.58209284421232,0.981416058519672,1,,1,11901,22,0.00046
KR-CAL-01,MODEL_A_SWITCHED_EQUATION,nominal,24,0.4,10,sigmaV=1mV; sigmaI=0.5mA,fsADC=5000000Hz; phase=0.37; guard=0.5us; window=2us; method=timestamped_linear,0.05,0.124291669267677,2.57172780679304,0.966600500561292,1,,1,11901,23,0.00048
KR-CAL-01,MODEL_A_SWITCHED_EQUATION,nominal,24,0.4,10,sigmaV=1mV; sigmaI=0.5mA,fsADC=5000000Hz; phase=0.37; guard=0.5us; window=2us; method=timestamped_linear,0.05,0.124347156619955,2.56199532519056,0.970705569969811,1,,1,11901,24,0.0005
KR-CAL-01,MODEL_A_SWITCHED_EQUATION,nominal,24,0.4,10,sigmaV=1mV; sigmaI=0.5mA,fsADC=5000000Hz; phase=0.37; guard=0.5us; window=2us; method=timestamped_linear,0.05,0.124652337057903,2.55013212925779,0.977614733195669,1,,1,11901,25,0.00052
KR-CAL-01,MODEL_A_SWITCHED_EQUATION,nominal,24,0.4,10,sigmaV=1mV; sigmaI=0.5mA,fsADC=5000000Hz; phase=0.37; guard=0.5us; window=2us; method=timestamped_linear,0.05,0.123265153249122,2.54780166045902,0.967619694752174,1,,1,11901,26,0.00054
KR-CAL-01,MODEL_A_SWITCHED_EQUATION,nominal,24,0.4,10,sigmaV=1mV; sigmaI=0.5mA,fsADC=5000000Hz; phase=0.37; guard=0.5us; window=2us; method=timestamped_linear,0.05,0.123875514125004,2.53546127329602,0.977143807556325,1,,1,11901,27,0.00056
KR-CAL-01,MODEL_A_SWITCHED_EQUATION,nominal,24,0.4,10,sigmaV=1mV; sigmaI=0.5mA,fsADC=5000000Hz; phase=0.37; guard=0.5us; window=2us; method=timestamped_linear,0.05,0.125345928962346,2.53191008274551,0.99012938742616,1,,1,11901,28,0.00058
KR-CAL-01,MODEL_A_SWITCHED_EQUATION,nominal,24,0.4,10,sigmaV=1mV; sigmaI=0.5mA,fsADC=5000000Hz; phase=0.37; guard=0.5us; window=2us; method=timestamped_linear,0.05,0.122405099287718,2.52039090839731,0.971318368749029,1,,1,11901,29,0.0006
KR-CAL-01,MODEL_A_SWITCHED_EQUATION,nominal,24,0.4,10,sigmaV=1mV; sigmaI=0.5mA,fsADC=5000000Hz; phase=0.37; guard=0.5us; window=2us; method=timestamped_linear,0.05,0.122682536049346,2.51536375427426,0.975465563108929,1,,1,11901,30,0.00062
KR-CAL-01,MODEL_A_SWITCHED_EQUATION,nominal,24,0.4,10,sigmaV=1mV; sigmaI=0.5mA,fsADC=5000000Hz; phase=0.37; guard=0.5us; window=2us; method=timestamped_linear,0.05,0.123736795744158,2.50231312900116,0.988979311262692,1,,1,11901,31,0.00064
KR-CAL-01,MODEL_A_SWITCHED_EQUATION,nominal,24,0.4,10,sigmaV=1mV; sigmaI=0.5mA,fsADC=5000000Hz; phase=0.37; guard=0.5us; window=2us; method=timestamped_linear,0.05,0.121517301649938,2.49969412597016,0.972257368511241,1,,1,11901,32,0.00066
KR-CAL-01,MODEL_A_SWITCHED_EQUATION,nominal,24,0.4,10,sigmaV=1mV; sigmaI=0.5mA,fsADC=5000000Hz; phase=0.37; guard=0.5us; window=2us; method=timestamped_linear,0.05,0.121184377536039,2.48624399176013,0.97483897749108,1,,1,11901,33,0.00068
KR-CAL-01,MODEL_A_SWITCHED_EQUATION,nominal,24,0.4,10,sigmaV=1mV; sigmaI=0.5mA,fsADC=5000000Hz; phase=0.37; guard=0.5us; window=2us; method=timestamped_linear,0.05,0.121017915478973,2.48220451250893,0.975084163042246,1,,1,11901,34,0.0007
KR-CAL-01,MODEL_A_SWITCHED_EQUATION,nominal,24,0.4,10,sigmaV=1mV; sigmaI=0.5mA,fsADC=5000000Hz; phase=0.37; guard=0.5us; window=2us; method=timestamped_linear,0.05,0.122516073992358,2.469275959411,0.992323871501039,1,,1,11901,35,0.00072
KR-CAL-01,MODEL_A_SWITCHED_EQUATION,nominal,24,0.4,10,sigmaV=1mV; sigmaI=0.5mA,fsADC=5000000Hz; phase=0.37; guard=0.5us; window=2us; method=timestamped_linear,0.05,0.123181922220702,2.46366063935302,0.999990991072951,1,,1,11901,36,0.00074
KR-CAL-01,MODEL_A_SWITCHED_EQUATION,nominal,24,0.4,10,sigmaV=1mV; sigmaI=0.5mA,fsADC=5000000Hz; phase=0.37; guard=0.5us; window=2us; method=timestamped_linear,0.05,0.120379810926892,2.45052123431615,0.982483312049204,1,,1,11901,37,0.00076
KR-CAL-01,MODEL_A_SWITCHED_EQUATION,nominal,24,0.4,10,sigmaV=1mV; sigmaI=0.5mA,fsADC=5000000Hz; phase=0.37; guard=0.5us; window=2us; method=timestamped_linear,0.05,0.118826165060938,2.44534981307698,0.971854124309673,1,,1,11901,38,0.00078
KR-CAL-01,MODEL_A_SWITCHED_EQUATION,nominal,24,0.4,10,sigmaV=1mV; sigmaI=0.5mA,fsADC=5000000Hz; phase=0.37; guard=0.5us; window=2us; method=timestamped_linear,0.05,0.12004688681278,2.43106736858167,0.987606418186738,1,,1,11901,39,0.0008
KR-CAL-01,MODEL_A_SWITCHED_EQUATION,nominal,24,0.4,10,sigmaV=1mV; sigmaI=0.5mA,fsADC=5000000Hz; phase=0.37; guard=0.5us; window=2us; method=timestamped_linear,0.05,0.119048114470402,2.41876027383008,0.984372992714079,1,,1,11901,40,0.00082
KR-CAL-01,MODEL_A_SWITCHED_EQUATION,nominal,24,0.4,10,sigmaV=1mV; sigmaI=0.5mA,fsADC=5000000Hz; phase=0.37; guard=0.5us; window=2us; method=timestamped_linear,0.05,0.118215804185105,2.40522135985628,0.982993134504418,1,,1,11901,41,0.00084
KR-CAL-01,MODEL_A_SWITCHED_EQUATION,nominal,24,0.4,10,sigmaV=1mV; sigmaI=0.5mA,fsADC=5000000Hz; phase=0.37; guard=0.5us; window=2us; method=timestamped_linear,0.05,0.117993854775804,2.39073916089252,0.987090994332936,1,,1,11901,42,0.00086
KR-CAL-01,MODEL_A_SWITCHED_EQUATION,nominal,24,0.4,10,sigmaV=1mV; sigmaI=0.5mA,fsADC=5000000Hz; phase=0.37; guard=0.5us; window=2us; method=timestamped_linear,0.05,0.114470407901429,2.38658870693661,0.959280562827782,1,,1,11901,43,0.00088
KR-CAL-01,MODEL_A_SWITCHED_EQUATION,nominal,24,0.4,10,sigmaV=1mV; sigmaI=0.5mA,fsADC=5000000Hz; phase=0.37; guard=0.5us; window=2us; method=timestamped_linear,0.05,0.115774360681591,2.37202882567955,0.976163185103146,1,,1,11901,44,0.0009
KR-CAL-01,MODEL_A_SWITCHED_EQUATION,nominal,24,0.4,10,sigmaV=1mV; sigmaI=0.5mA,fsADC=5000000Hz; phase=0.37; guard=0.5us; window=2us; method=timestamped_linear,0.05,0.116717645671628,2.36573655992287,0.986734090759735,1,,1,11901,45,0.00092
KR-CAL-01,MODEL_A_SWITCHED_EQUATION,nominal,24,0.4,10,sigmaV=1mV; sigmaI=0.5mA,fsADC=5000000Hz; phase=0.37; guard=0.5us; window=2us; method=timestamped_linear,0.05,0.117106057138074,2.35055522031947,0.996411878570181,1,,1,11901,46,0.00094
KR-CAL-01,MODEL_A_SWITCHED_EQUATION,nominal,24,0.4,10,sigmaV=1mV; sigmaI=0.5mA,fsADC=5000000Hz; phase=0.37; guard=0.5us; window=2us; method=timestamped_linear,0.05,0.116717645671571,2.34653793600921,0.99480723392927,1,,1,11901,47,0.00096
KR-CAL-01,MODEL_A_SWITCHED_EQUATION,nominal,24,0.4,10,sigmaV=1mV; sigmaI=0.5mA,fsADC=5000000Hz; phase=0.37; guard=0.5us; window=2us; method=timestamped_linear,0.05,0.115136256129723,2.33309889926966,0.986981359133684,1,,1,11901,48,0.00098
KR-CAL-01,MODEL_A_SWITCHED_EQUATION,nominal,24,0.4,10,sigmaV=1mV; sigmaI=0.5mA,fsADC=5000000Hz; phase=0.37; guard=0.5us; window=2us; method=timestamped_linear,0.05,0.111751527636301,2.3169631772058,0.964637925502729,1,,1,11901,49,0.001
KR-CAL-01,MODEL_A_SWITCHED_EQUATION,nominal,24,0.4,10,sigmaV=1mV; sigmaI=0.5mA,fsADC=5000000Hz; phase=0.37; guard=0.5us; window=2us; method=timestamped_linear,0.05,0.112889018359489,2.31244650672437,0.976360041464474,1,,1,11901,50,0.00102
KR-CAL-01,MODEL_A_SWITCHED_EQUATION,nominal,24,0.4,10,sigmaV=1mV; sigmaI=0.5mA,fsADC=5000000Hz; phase=0.37; guard=0.5us; window=2us; method=timestamped_linear,0.05,0.11288901835934,2.30643167772946,0.978906242481651,1,,1,11901,51,0.00104
KR-CAL-01,MODEL_A_SWITCHED_EQUATION,nominal,24,0.4,10,sigmaV=1mV; sigmaI=0.5mA,fsADC=5000000Hz; phase=0.37; guard=0.5us; window=2us; method=timestamped_linear,0.05,0.110835986322243,2.2917164318858,0.967274875548531,1,,1,11901,52,0.00106
KR-CAL-01,MODEL_A_SWITCHED_EQUATION,nominal,24,0.4,10,sigmaV=1mV; sigmaI=0.5mA,fsADC=5000000Hz; phase=0.37; guard=0.5us; window=2us; method=timestamped_linear,0.05,0.109115878399578,2.27922068013623,0.957484102794787,1,,1,11901,53,0.00108
KR-CAL-01,MODEL_A_SWITCHED_EQUATION,nominal,24,0.4,10,sigmaV=1mV; sigmaI=0.5mA,fsADC=5000000Hz; phase=0.37; guard=0.5us; window=2us; method=timestamped_linear,0.05,0.111973477045638,2.27239573579697,0.985510360556688,1,,1,11901,54,0.0011
KR-CAL-01,MODEL_A_SWITCHED_EQUATION,nominal,24,0.4,10,sigmaV=1mV; sigmaI=0.5mA,fsADC=5000000Hz; phase=0.37; guard=0.5us; window=2us; method=timestamped_linear,0.05,0.11028111279883,2.26684700056182,0.972991232063728,1,,1,11901,55,0.00112
KR-CAL-01,MODEL_A_SWITCHED_EQUATION,nominal,24,0.4,10,sigmaV=1mV; sigmaI=0.5mA,fsADC=5000000Hz; phase=0.37; guard=0.5us; window=2us; method=timestamped_linear,0.05,0.109615264570515,2.25294187006249,0.97308560000684,1,,1,11901,56,0.00114
KR-CAL-01,MODEL_A_SWITCHED_EQUATION,nominal,24,0.4,10,sigmaV=1mV; sigmaI=0.5mA,fsADC=5000000Hz; phase=0.37; guard=0.5us; window=2us; method=timestamped_linear,0.05,0.111196654112646,2.23999112202363,0.992831203832541,1,,1,11901,57,0.00116
KR-CAL-01,MODEL_A_SWITCHED_EQUATION,nominal,24,0.4,10,sigmaV=1mV; sigmaI=0.5mA,fsADC=5000000Hz; phase=0.37; guard=0.5us; window=2us; method=timestamped_linear,0.05,0.107728694590712,2.22571977499878,0.968034662771244,1,,1,11901,58,0.00118
KR-CAL-01,MODEL_A_SWITCHED_EQUATION,nominal,24,0.4,10,sigmaV=1mV; sigmaI=0.5mA,fsADC=5000000Hz; phase=0.37; guard=0.5us; window=2us; method=timestamped_linear,0.05,0.109532033542102,2.22108103234219,0.986294799218536,1,,1,11901,59,0.0012
KR-CAL-01,MODEL_A_SWITCHED_EQUATION,nominal,24,0.4,10,sigmaV=1mV; sigmaI=0.5mA,fsADC=5000000Hz; phase=0.37; guard=0.5us; window=2us; method=timestamped_linear,0.05,0.108782954285282,2.21597619592584,0.981806162767303,1,,1,11901,60,0.00122
KR-CAL-01,MODEL_A_SWITCHED_EQUATION,nominal,24,0.4,10,sigmaV=1mV; sigmaI=0.5mA,fsADC=5000000Hz; phase=0.37; guard=0.5us; window=2us; method=timestamped_linear,0.05,0.107229308419591,2.2029810580051,0.973492786331007,1,,1,11901,61,0.00124
KR-CAL-01,MODEL_A_SWITCHED_EQUATION,nominal,24,0.4,10,sigmaV=1mV; sigmaI=0.5mA,fsADC=5000000Hz; phase=0.37; guard=0.5us; window=2us; method=timestamped_linear,0.05,0.108477773847497,2.18983055549775,0.990741256899118,1,,1,11901,62,0.00126
KR-CAL-01,MODEL_A_SWITCHED_EQUATION,nominal,24,0.4,10,sigmaV=1mV; sigmaI=0.5mA,fsADC=5000000Hz; phase=0.37; guard=0.5us; window=2us; method=timestamped_linear,0.05,0.106702178572192,2.18423743038072,0.97701996209811,1,,1,11901,63,0.00128
KR-CAL-01,MODEL_A_SWITCHED_EQUATION,nominal,24,0.4,10,sigmaV=1mV; sigmaI=0.5mA,fsADC=5000000Hz; phase=0.37; guard=0.5us; window=2us; method=timestamped_linear,0.05,0.106258279753391,2.18085270188726,0.974465443369348,1,,1,11901,64,0.0013
KR-CAL-01,MODEL_A_SWITCHED_EQUATION,nominal,24,0.4,10,sigmaV=1mV; sigmaI=0.5mA,fsADC=5000000Hz; phase=0.37; guard=0.5us; window=2us; method=timestamped_linear,0.05,0.106008586667798,2.16784646649605,0.978008252024808,1,,1,11901,65,0.00132
KR-CAL-01,MODEL_A_SWITCHED_EQUATION,nominal,24,0.4,10,sigmaV=1mV; sigmaI=0.5mA,fsADC=5000000Hz; phase=0.37; guard=0.5us; window=2us; method=timestamped_linear,0.05,0.105176276382608,2.15430755252224,0.976427680991678,1,,1,11901,66,0.00134
KR-CAL-01,MODEL_A_SWITCHED_EQUATION,nominal,24,0.4,10,sigmaV=1mV; sigmaI=0.5mA,fsADC=5000000Hz; phase=0.37; guard=0.5us; window=2us; method=timestamped_linear,0.05,0.105842124610632,2.15024587833011,0.984465317918241,1,,1,11901,67,0.00136
KR-CAL-01,MODEL_A_SWITCHED_EQUATION,nominal,24,0.4,10,sigmaV=1mV; sigmaI=0.5mA,fsADC=5000000Hz; phase=0.37; guard=0.5us; window=2us; method=timestamped_linear,0.05,0.106729922248412,2.14665029789772,0.994385739986957,1,,1,11901,68,0.00138
KR-CAL-01,MODEL_A_SWITCHED_EQUATION,nominal,24,0.4,10,sigmaV=1mV; sigmaI=0.5mA,fsADC=5000000Hz; phase=0.37; guard=0.5us; window=2us; method=timestamped_linear,0.05,0.104954326973107,2.1358191667187,0.982801621116183,1,,1,11901,69,0.0014
KR-CAL-01,MODEL_A_SWITCHED_EQUATION,nominal,24,0.4,10,sigmaV=1mV; sigmaI=0.5mA,fsADC=5000000Hz; phase=0.37; guard=0.5us; window=2us; method=timestamped_linear,0.05,0.104510428154256,2.12229135021536,0.984882948739824,1,,1,11901,70,0.00142
KR-CAL-01,MODEL_A_SWITCHED_EQUATION,nominal,24,0.4,10,sigmaV=1mV; sigmaI=0.5mA,fsADC=5000000Hz; phase=0.37; guard=0.5us; window=2us; method=timestamped_linear,0.05,0.103261962726499,2.11187082544373,0.977919307207652,1,,1,11901,71,0.00144
KR-CAL-01,MODEL_A_SWITCHED_EQUATION,nominal,24,0.4,10,sigmaV=1mV; sigmaI=0.5mA,fsADC=5000000Hz; phase=0.37; guard=0.5us; window=2us; method=timestamped_linear,0.05,0.103483912135765,2.1092629198832,0.981232933649594,1,,1,11901,72,0.00146
KR-CAL-01,MODEL_A_SWITCHED_EQUATION,nominal,24,0.4,10,sigmaV=1mV; sigmaI=0.5mA,fsADC=5000000Hz; phase=0.37; guard=0.5us; window=2us; method=timestamped_linear,0.05,0.101791547889079,2.09660070607657,0.971015106444031,1,,1,11901,73,0.00148
KR-CAL-01,MODEL_A_SWITCHED_EQUATION,nominal,24,0.4,10,sigmaV=1mV; sigmaI=0.5mA,fsADC=5000000Hz; phase=0.37; guard=0.5us; window=2us; method=timestamped_linear,0.05,0.100931493927618,2.08613579142304,0.967640690913685,1,,1,11901,74,0.0015
KR-CAL-01,MODEL_A_SWITCHED_EQUATION,nominal,24,0.4,10,sigmaV=1mV; sigmaI=0.5mA,fsADC=5000000Hz; phase=0.37; guard=0.5us; window=2us; method=timestamped_linear,0.05,0.101042468632293,2.07563758435811,0.973604153188822,1,,1,11901,75,0.00152
KR-CAL-01,MODEL_A_SWITCHED_EQUATION,nominal,24,0.4,10,sigmaV=1mV; sigmaI=0.5mA,fsADC=5000000Hz; phase=0.37; guard=0.5us; window=2us; method=timestamped_linear,0.05,0.101569598479649,2.07463881201579,0.979154519730216,1,,1,11901,76,0.00154
KR-CAL-01,MODEL_A_SWITCHED_EQUATION,nominal,24,0.4,10,sigmaV=1mV; sigmaI=0.5mA,fsADC=5000000Hz; phase=0.37; guard=0.5us; window=2us; method=timestamped_linear,0.05,0.102235446707866,2.07182005451632,0.986914346011899,1,,1,11901,77,0.00156
KR-CAL-01,MODEL_A_SWITCHED_EQUATION,nominal,24,0.4,10,sigmaV=1mV; sigmaI=0.5mA,fsADC=5000000Hz; phase=0.37; guard=0.5us; window=2us; method=timestamped_linear,0.05,0.099572053795022,2.06144391962658,0.966041839382746,1,,1,11901,78,0.00158
KR-CAL-01,MODEL_A_SWITCHED_EQUATION,nominal,24,0.4,10,sigmaV=1mV; sigmaI=0.5mA,fsADC=5000000Hz; phase=0.37; guard=0.5us; window=2us; method=timestamped_linear,0.05,0.0994333354141475,2.05156717090798,0.969340286042308,1,,1,11901,79,0.0016
KR-CAL-01,MODEL_A_SWITCHED_EQUATION,nominal,24,0.4,10,sigmaV=1mV; sigmaI=0.5mA,fsADC=5000000Hz; phase=0.37; guard=0.5us; window=2us; method=timestamped_linear,0.05,0.0994333354140124,2.0499913301012,0.970085423815953,1,,1,11901,80,0.00162
KR-CAL-01,MODEL_A_SWITCHED_EQUATION,nominal,24,0.4,10,sigmaV=1mV; sigmaI=0.5mA,fsADC=5000000Hz; phase=0.37; guard=0.5us; window=2us; method=timestamped_linear,0.05,0.102068984650799,2.04912572740451,0.996219834495789,1,,1,11901,81,0.00164
KR-CAL-01,MODEL_A_SWITCHED_EQUATION,nominal,24,0.4,10,sigmaV=1mV; sigmaI=0.5mA,fsADC=5000000Hz; phase=0.37; guard=0.5us; window=2us; method=timestamped_linear,0.05,0.0992391296808677,2.04061396755378,0.972639913857223,1,,1,11901,82,0.00166
KR-CAL-01,MODEL_A_SWITCHED_EQUATION,nominal,24,0.4,10,sigmaV=1mV; sigmaI=0.5mA,fsADC=5000000Hz; phase=0.37; guard=0.5us; window=2us; method=timestamped_linear,0.05,0.0997940032042877,2.03122550753587,0.982598956482682,1,,1,11901,83,0.00168
KR-CAL-01,MODEL_A_SWITCHED_EQUATION,nominal,24,0.4,10,sigmaV=1mV; sigmaI=0.5mA,fsADC=5000000Hz; phase=0.37; guard=0.5us; window=2us; method=timestamped_linear,0.05,0.0988229745382938,2.03074831630566,0.973266590889735,1,,1,11901,84,0.0017
KR-CAL-01,MODEL_A_SWITCHED_EQUATION,nominal,24,0.4,10,sigmaV=1mV; sigmaI=0.5mA,fsADC=5000000Hz; phase=0.37; guard=0.5us; window=2us; method=timestamped_linear,0.05,0.0985732814526443,2.03210220770303,0.970160664940821,1,,1,11901,85,0.00172
KR-CAL-01,MODEL_A_SWITCHED_EQUATION,nominal,24,0.4,10,sigmaV=1mV; sigmaI=0.5mA,fsADC=5000000Hz; phase=0.37; guard=0.5us; window=2us; method=timestamped_linear,0.05,0.0991281549761283,2.02354605797042,0.979746960398341,1,,1,11901,86,0.00174
KR-CAL-01,MODEL_A_SWITCHED_EQUATION,nominal,24,0.4,10,sigmaV=1mV; sigmaI=0.5mA,fsADC=5000000Hz; phase=0.37; guard=0.5us; window=2us; method=timestamped_linear,0.05,0.0997940032043445,2.01677660098351,0.989638645705016,1,,1,11901,87,0.00176
KR-CAL-01,MODEL_A_SWITCHED_EQUATION,nominal,24,0.4,10,sigmaV=1mV; sigmaI=0.5mA,fsADC=5000000Hz; phase=0.37; guard=0.5us; window=2us; method=timestamped_linear,0.05,0.0965202494155051,2.00959653758922,0.960593309254943,1,,1,11901,88,0.00178
KR-CAL-01,MODEL_A_SWITCHED_EQUATION,nominal,24,0.4,10,sigmaV=1mV; sigmaI=0.5mA,fsADC=5000000Hz; phase=0.37; guard=0.5us; window=2us; method=timestamped_linear,0.05,0.100210158347032,2.01070628463625,0.996765754528498,1,,1,11901,89,0.0018
KR-CAL-01,MODEL_A_SWITCHED_EQUATION,nominal,24,0.4,10,sigmaV=1mV; sigmaI=0.5mA,fsADC=5000000Hz; phase=0.37; guard=0.5us; window=2us; method=timestamped_linear,0.05,0.0971860976438848,2.01222663809069,0.965955780568536,1,,1,11901,90,0.00182
KR-CAL-01,MODEL_A_SWITCHED_EQUATION,nominal,24,0.4,10,sigmaV=1mV; sigmaI=0.5mA,fsADC=5000000Hz; phase=0.37; guard=0.5us; window=2us; method=timestamped_linear,0.05,0.0995443101188087,2.00701082696963,0.991965850718504,1,,1,11901,91,0.00184
KR-CAL-01,MODEL_A_SWITCHED_EQUATION,nominal,24,0.4,10,sigmaV=1mV; sigmaI=0.5mA,fsADC=5000000Hz; phase=0.37; guard=0.5us; window=2us; method=timestamped_linear,0.05,0.0983513320432436,1.99880979629206,0.984098959547752,1,,1,11901,92,0.00186
KR-CAL-01,MODEL_A_SWITCHED_EQUATION,nominal,24,0.4,10,sigmaV=1mV; sigmaI=0.5mA,fsADC=5000000Hz; phase=0.37; guard=0.5us; window=2us; method=timestamped_linear,0.05,0.0983235883671796,2.00120684991365,0.982642932402738,1,,1,11901,93,0.00188
KR-CAL-01,MODEL_A_SWITCHED_EQUATION,nominal,24,0.4,10,sigmaV=1mV; sigmaI=0.5mA,fsADC=5000000Hz; phase=0.37; guard=0.5us; window=2us; method=timestamped_linear,0.05,0.0979351769005703,2.00421426441111,0.977292484537286,1,,1,11901,94,0.0019
KR-CAL-01,MODEL_A_SWITCHED_EQUATION,nominal,24,0.4,10,sigmaV=1mV; sigmaI=0.5mA,fsADC=5000000Hz; phase=0.37; guard=0.5us; window=2us; method=timestamped_linear,0.05,0.0973525597009726,1.9981217531229,0.974440717126656,1,,1,11901,95,0.00192
KR-CAL-01,MODEL_A_SWITCHED_EQUATION,nominal,24,0.4,10,sigmaV=1mV; sigmaI=0.5mA,fsADC=5000000Hz; phase=0.37; guard=0.5us; window=2us; method=timestamped_linear,0.05,0.0969086608821286,1.99242875077163,0.972769147650554,1,,1,11901,96,0.00194
KR-CAL-01,MODEL_A_SWITCHED_EQUATION,nominal,24,0.4,10,sigmaV=1mV; sigmaI=0.5mA,fsADC=5000000Hz; phase=0.37; guard=0.5us; window=2us; method=timestamped_linear,0.05,0.0969364045583703,1.99581347926508,0.97139743333195,1,,1,11901,97,0.00196
KR-CAL-01,MODEL_A_SWITCHED_EQUATION,nominal,24,0.4,10,sigmaV=1mV; sigmaI=0.5mA,fsADC=5000000Hz; phase=0.37; guard=0.5us; window=2us; method=timestamped_linear,0.05,0.098656512481071,2.00128453220694,0.985931894174749,1,,1,11901,98,0.00198
KR-CAL-01,MODEL_A_SWITCHED_EQUATION,nominal,24,0.4,10,sigmaV=1mV; sigmaI=0.5mA,fsADC=5000000Hz; phase=0.37; guard=0.5us; window=2us; method=timestamped_linear,0.05,0.0971028666154226,1.99662359460941,0.972670731504788,1,,1,11901,99,0.002
KR-CAL-01,MODEL_A_SWITCHED_EQUATION,nominal,24,0.4,10,sigmaV=1mV; sigmaI=0.5mA,fsADC=5000000Hz; phase=0.37; guard=0.5us; window=2us; method=timestamped_linear,0.05,0.0965757367681306,1.99358288770054,0.968866028736072,1,,1,11901,100,0.00202
KR-CAL-01,MODEL_A_SWITCHED_EQUATION,nominal,24,0.4,10,sigmaV=1mV; sigmaI=0.5mA,fsADC=5000000Hz; phase=0.37; guard=0.5us; window=2us; method=timestamped_linear,0.05,0.0964370183870145,1.99076413020108,0.968844243514411,1,,1,11901,101,0.00204
KR-CAL-01,MODEL_A_SWITCHED_EQUATION,nominal,24,0.4,10,sigmaV=1mV; sigmaI=0.5mA,fsADC=5000000Hz; phase=0.37; guard=0.5us; window=2us; method=timestamped_linear,0.05,0.09749127808184,1.98716854976868,0.981207941250766,1,,1,11901,102,0.00206
KR-CAL-01,MODEL_A_SWITCHED_EQUATION,nominal,24,0.4,10,sigmaV=1mV; sigmaI=0.5mA,fsADC=5000000Hz; phase=0.37; guard=0.5us; window=2us; method=timestamped_linear,0.05,0.0971583539676359,1.98320675281079,0.979810640821326,1,,1,11901,103,0.00208
KR-CAL-01,MODEL_A_SWITCHED_EQUATION,nominal,24,0.4,10,sigmaV=1mV; sigmaI=0.5mA,fsADC=5000000Hz; phase=0.37; guard=0.5us; window=2us; method=timestamped_linear,0.05,0.0968531735297518,1.98951011603793,0.973638412280434,1,,1,11901,104,0.0021
KR-CAL-01,MODEL_A_SWITCHED_EQUATION,nominal,24,0.4,10,sigmaV=1mV; sigmaI=0.5mA,fsADC=5000000Hz; phase=0.37; guard=0.5us; window=2us; method=timestamped_linear,0.05,0.0975190217579112,1.99469263474758,0.97778494850914,1,,1,11901,105,0.00212
KR-CAL-01,MODEL_A_SWITCHED_EQUATION,nominal,24,0.4,10,sigmaV=1mV; sigmaI=0.5mA,fsADC=5000000Hz; phase=0.37; guard=0.5us; window=2us; method=timestamped_linear,0.05,0.0984900504241466,2.00082953591765,0.984492168434283,1,,1,11901,106,0.00214
KR-CAL-01,MODEL_A_SWITCHED_EQUATION,nominal,24,0.4,10,sigmaV=1mV; sigmaI=0.5mA,fsADC=5000000Hz; phase=0.37; guard=0.5us; window=2us; method=timestamped_linear,0.05,0.096964148234477,2.00763228531597,0.965955259274148,1,,1,11901,107,0.00216
KR-CAL-01,MODEL_A_SWITCHED_EQUATION,nominal,24,0.4,10,sigmaV=1mV; sigmaI=0.5mA,fsADC=5000000Hz; phase=0.37; guard=0.5us; window=2us; method=timestamped_linear,0.05,0.100321133051786,2.00703302191057,0.999695888972334,1,,1,11901,108,0.00218
KR-CAL-01,MODEL_A_SWITCHED_EQUATION,nominal,24,0.4,10,sigmaV=1mV; sigmaI=0.5mA,fsADC=5000000Hz; phase=0.37; guard=0.5us; window=2us; method=timestamped_linear,0.05,0.0992113860046615,2.00512425698968,0.989578432945688,1,,1,11901,109,0.0022
KR-CAL-01,MODEL_A_SWITCHED_EQUATION,nominal,24,0.4,10,sigmaV=1mV; sigmaI=0.5mA,fsADC=5000000Hz; phase=0.37; guard=0.5us; window=2us; method=timestamped_linear,0.05,0.0976854838150842,2.00567913051319,0.97408884929754,1,,1,11901,110,0.00222
KR-CAL-01,MODEL_A_SWITCHED_EQUATION,nominal,24,0.4,10,sigmaV=1mV; sigmaI=0.5mA,fsADC=5000000Hz; phase=0.37; guard=0.5us; window=2us; method=timestamped_linear,0.05,0.0973525597008731,2.00360390353524,0.971774506219522,1,,1,11901,111,0.00224
KR-CAL-01,MODEL_A_SWITCHED_EQUATION,nominal,24,0.4,10,sigmaV=1mV; sigmaI=0.5mA,fsADC=5000000Hz; phase=0.37; guard=0.5us; window=2us; method=timestamped_linear,0.05,0.100154670994748,2.01243749002962,0.995356839563486,1,,1,11901,112,0.00226
KR-CAL-01,MODEL_A_SWITCHED_EQUATION,nominal,24,0.4,10,sigmaV=1mV; sigmaI=0.5mA,fsADC=5000000Hz; phase=0.37; guard=0.5us; window=2us; method=timestamped_linear,0.05,0.0977132274911625,2.02002815983133,0.967444211266058,1,,1,11901,113,0.00228
KR-CAL-01,MODEL_A_SWITCHED_EQUATION,nominal,24,0.4,10,sigmaV=1mV; sigmaI=0.5mA,fsADC=5000000Hz; phase=0.37; guard=0.5us; window=2us; method=timestamped_linear,0.05,0.0984345630718053,2.02856211462301,0.97048606362343,1,,1,11901,114,0.0023
KR-CAL-01,MODEL_A_SWITCHED_EQUATION,nominal,24,0.4,10,sigmaV=1mV; sigmaI=0.5mA,fsADC=5000000Hz; phase=0.37; guard=0.5us; window=2us; method=timestamped_linear,0.05,0.0989894365953319,2.03671875541869,0.972048166512636,1,,1,11901,115,0.00232
KR-CAL-01,MODEL_A_SWITCHED_EQUATION,nominal,24,0.4,10,sigmaV=1mV; sigmaI=0.5mA,fsADC=5000000Hz; phase=0.37; guard=0.5us; window=2us; method=timestamped_linear,0.05,0.0981848699861416,2.03823910887312,0.963428378532339,1,,1,11901,116,0.00234
KR-CAL-01,MODEL_A_SWITCHED_EQUATION,nominal,24,0.4,10,sigmaV=1mV; sigmaI=0.5mA,fsADC=5000000Hz; phase=0.37; guard=0.5us; window=2us; method=timestamped_linear,0.05,0.0975745091101814,2.03851654563488,0.95730897371542,1,,1,11901,117,0.00236
KR-CAL-01,MODEL_A_SWITCHED_EQUATION,nominal,24,0.4,10,sigmaV=1mV; sigmaI=0.5mA,fsADC=5000000Hz; phase=0.37; guard=0.5us; window=2us; method=timestamped_linear,0.05,0.0988784618905427,2.04032543332154,0.969242065757853,1,,1,11901,118,0.00238
KR-CAL-01,MODEL_A_SWITCHED_EQUATION,nominal,24,0.4,10,sigmaV=1mV; sigmaI=0.5mA,fsADC=5000000Hz; phase=0.37; guard=0.5us; window=2us; method=timestamped_linear,0.05,0.101597342155806,2.04100237902024,0.995563191891785,1,,1,11901,119,0.0024
KR-CAL-01,MODEL_A_SWITCHED_EQUATION,nominal,24,0.4,10,sigmaV=1mV; sigmaI=0.5mA,fsADC=5000000Hz; phase=0.37; guard=0.5us; window=2us; method=timestamped_linear,0.05,0.100903750251298,2.04280016923643,0.987896435205549,1,,1,11901,120,0.00242
KR-CAL-01,MODEL_A_SWITCHED_EQUATION,nominal,24,0.4,10,sigmaV=1mV; sigmaI=0.5mA,fsADC=5000000Hz; phase=0.37; guard=0.5us; window=2us; method=timestamped_linear,0.05,0.100099183642335,2.05267691795501,0.975303836339325,1,,1,11901,121,0.00244
KR-CAL-01,MODEL_A_SWITCHED_EQUATION,nominal,24,0.4,10,sigmaV=1mV; sigmaI=0.5mA,fsADC=5000000Hz; phase=0.37; guard=0.5us; window=2us; method=timestamped_linear,0.05,0.0993778480618346,2.06210976785479,0.963846344273099,1,,1,11901,122,0.00246
KR-CAL-01,MODEL_A_SWITCHED_EQUATION,nominal,24,0.4,10,sigmaV=1mV; sigmaI=0.5mA,fsADC=5000000Hz; phase=0.37; guard=0.5us; window=2us; method=timestamped_linear,0.05,0.100126927318456,2.07297419144524,0.966021938253362,1,,1,11901,123,0.00248
KR-CAL-01,MODEL_A_SWITCHED_EQUATION,nominal,24,0.4,10,sigmaV=1mV; sigmaI=0.5mA,fsADC=5000000Hz; phase=0.37; guard=0.5us; window=2us; method=timestamped_linear,0.05,0.10029338937548,2.0839828821518,0.962516441324344,1,,1,11901,124,0.0025
KR-CAL-01,MODEL_A_SWITCHED_EQUATION,nominal,24,0.4,10,sigmaV=1mV; sigmaI=0.5mA,fsADC=5000000Hz; phase=0.37; guard=0.5us; window=2us; method=timestamped_linear,0.05,0.0990726676239433,2.08579176983846,0.949976589768748,1,,1,11901,125,0.00252
KR-CAL-01,MODEL_A_SWITCHED_EQUATION,nominal,24,0.4,10,sigmaV=1mV; sigmaI=0.5mA,fsADC=5000000Hz; phase=0.37; guard=0.5us; window=2us; method=timestamped_linear,0.05,0.101153443336983,2.08965368956213,0.968135953265816,1,,1,11901,126,0.00254
KR-CAL-01,MODEL_A_SWITCHED_EQUATION,nominal,24,0.4,10,sigmaV=1mV; sigmaI=0.5mA,fsADC=5000000Hz; phase=0.37; guard=0.5us; window=2us; method=timestamped_linear,0.05,0.102401908764961,2.09265000658913,0.978681656679595,1,,1,11901,127,0.00256
KR-CAL-01,MODEL_A_SWITCHED_EQUATION,nominal,24,0.4,10,sigmaV=1mV; sigmaI=0.5mA,fsADC=5000000Hz; phase=0.37; guard=0.5us; window=2us; method=timestamped_linear,0.05,0.101208930689488,2.09488059815366,0.966250112571466,1,,1,11901,128,0.00258
KR-CAL-01,MODEL_A_SWITCHED_EQUATION,nominal,24,0.4,10,sigmaV=1mV; sigmaI=0.5mA,fsADC=5000000Hz; phase=0.37; guard=0.5us; window=2us; method=timestamped_linear,0.05,0.103761348897606,2.10645525985422,0.985174960751718,1,,1,11901,129,0.0026
KR-CAL-01,MODEL_A_SWITCHED_EQUATION,nominal,24,0.4,10,sigmaV=1mV; sigmaI=0.5mA,fsADC=5000000Hz; phase=0.37; guard=0.5us; window=2us; method=timestamped_linear,0.05,0.1020134972986,2.118318455787,0.963155440768702,1,,1,11901,130,0.00262
KR-CAL-01,MODEL_A_SWITCHED_EQUATION,nominal,24,0.4,10,sigmaV=1mV; sigmaI=0.5mA,fsADC=5000000Hz; phase=0.37; guard=0.5us; window=2us; method=timestamped_linear,0.05,0.104094273011654,2.12990421495801,0.977454969858408,1,,1,11901,131,0.00264
KR-CAL-01,MODEL_A_SWITCHED_EQUATION,nominal,24,0.4,10,sigmaV=1mV; sigmaI=0.5mA,fsADC=5000000Hz; phase=0.37; guard=0.5us; window=2us; method=timestamped_linear,0.05,0.102956782288402,2.14073534613704,0.961882396851974,1,,1,11901,132,0.00266
KR-CAL-01,MODEL_A_SWITCHED_EQUATION,nominal,24,0.4,10,sigmaV=1mV; sigmaI=0.5mA,fsADC=5000000Hz; phase=0.37; guard=0.5us; window=2us; method=timestamped_linear,0.05,0.103206475373952,2.14691663718901,0.96143905716881,1,,1,11901,133,0.00268
KR-CAL-01,MODEL_A_SWITCHED_EQUATION,nominal,24,0.4,10,sigmaV=1mV; sigmaI=0.5mA,fsADC=5000000Hz; phase=0.37; guard=0.5us; window=2us; method=timestamped_linear,0.05,0.105731149906063,2.14885869452132,0.984067962920344,1,,1,11901,134,0.0027
KR-CAL-01,MODEL_A_SWITCHED_EQUATION,nominal,24,0.4,10,sigmaV=1mV; sigmaI=0.5mA,fsADC=5000000Hz; phase=0.37; guard=0.5us; window=2us; method=timestamped_linear,0.05,0.103178731697938,2.1531645130638,0.958391530901849,1,,1,11901,135,0.00272
KR-CAL-01,MODEL_A_SWITCHED_EQUATION,nominal,24,0.4,10,sigmaV=1mV; sigmaI=0.5mA,fsADC=5000000Hz; phase=0.37; guard=0.5us; window=2us; method=timestamped_linear,0.05,0.105481456820463,2.1585134938305,0.977352767281298,1,,1,11901,136,0.00274
KR-CAL-01,MODEL_A_SWITCHED_EQUATION,nominal,24,0.4,10,sigmaV=1mV; sigmaI=0.5mA,fsADC=5000000Hz; phase=0.37; guard=0.5us; window=2us; method=timestamped_linear,0.05,0.105980842991698,2.16253077814077,0.980155695937102,1,,1,11901,137,0.00276
KR-CAL-01,MODEL_A_SWITCHED_EQUATION,nominal,24,0.4,10,sigmaV=1mV; sigmaI=0.5mA,fsADC=5000000Hz; phase=0.37; guard=0.5us; window=2us; method=timestamped_linear,0.05,0.105731149905949,2.17392788031379,0.972719940375282,1,,1,11901,138,0.00278
KR-CAL-01,MODEL_A_SWITCHED_EQUATION,nominal,24,0.4,10,sigmaV=1mV; sigmaI=0.5mA,fsADC=5000000Hz; phase=0.37; guard=0.5us; window=2us; method=timestamped_linear,0.05,0.105980842991634,2.18695631064595,0.96920859804768,1,,1,11901,139,0.0028
KR-CAL-01,MODEL_A_SWITCHED_EQUATION,nominal,24,0.4,10,sigmaV=1mV; sigmaI=0.5mA,fsADC=5000000Hz; phase=0.37; guard=0.5us; window=2us; method=timestamped_linear,0.05,0.104538171830413,2.19988486374388,0.950396755332952,1,,1,11901,140,0.00282
KR-CAL-01,MODEL_A_SWITCHED_EQUATION,nominal,24,0.4,10,sigmaV=1mV; sigmaI=0.5mA,fsADC=5000000Hz; phase=0.37; guard=0.5us; window=2us; method=timestamped_linear,0.05,0.109587520894472,2.21122647856454,0.991192190911287,1,,1,11901,141,0.00284
KR-CAL-01,MODEL_A_SWITCHED_EQUATION,nominal,24,0.4,10,sigmaV=1mV; sigmaI=0.5mA,fsADC=5000000Hz; phase=0.37; guard=0.5us; window=2us; method=timestamped_linear,0.05,0.108727466933153,2.21691948091582,0.980887829883996,1,,1,11901,142,0.00286
KR-CAL-01,MODEL_A_SWITCHED_EQUATION,nominal,24,0.4,10,sigmaV=1mV; sigmaI=0.5mA,fsADC=5000000Hz; phase=0.37; guard=0.5us; window=2us; method=timestamped_linear,0.05,0.110447574855925,2.22101444751937,0.994568720426678,1,,1,11901,143,0.00288
KR-CAL-01,MODEL_A_SWITCHED_EQUATION,nominal,24,0.4,10,sigmaV=1mV; sigmaI=0.5mA,fsADC=5000000Hz; phase=0.37; guard=0.5us; window=2us; method=timestamped_linear,0.05,0.110586293236821,2.22635233081559,0.993430300372176,1,,1,11901,144,0.0029
KR-CAL-01,MODEL_A_SWITCHED_EQUATION,nominal,24,0.4,10,sigmaV=1mV; sigmaI=0.5mA,fsADC=5000000Hz; phase=0.37; guard=0.5us; window=2us; method=timestamped_linear,0.05,0.109448802513498,2.2307691240628,0.981265172920843,1,,1,11901,145,0.00292
KR-CAL-01,MODEL_A_SWITCHED_EQUATION,nominal,24,0.4,10,sigmaV=1mV; sigmaI=0.5mA,fsADC=5000000Hz; phase=0.37; guard=0.5us; window=2us; method=timestamped_linear,0.05,0.112112195426455,2.2444523051527,0.999016064356311,1,,1,11901,146,0.00294
KR-CAL-01,MODEL_A_SWITCHED_EQUATION,nominal,24,0.4,10,sigmaV=1mV; sigmaI=0.5mA,fsADC=5000000Hz; phase=0.37; guard=0.5us; window=2us; method=timestamped_linear,0.05,0.111141166760355,2.25620452638078,0.985204714030413,1,,1,11901,147,0.00296
KR-CAL-02,MODEL_A_SWITCHED_EQUATION,high_D,24,0.6,7.5,sigmaV=1mV; sigmaI=0.5mA,fsADC=5000000Hz; phase=0.37; guard=0.5us; window=2us; method=timestamped_linear,0.05,0.585863209804714,11.9741484425394,0.978546762830124,1,,1,11902,1,4e-05
KR-CAL-02,MODEL_A_SWITCHED_EQUATION,high_D,24,0.6,7.5,sigmaV=1mV; sigmaI=0.5mA,fsADC=5000000Hz; phase=0.37; guard=0.5us; window=2us; method=timestamped_linear,0.05,0.583948896148549,11.9591002725816,0.976576636768163,1,,1,11902,2,6e-05
KR-CAL-02,MODEL_A_SWITCHED_EQUATION,high_D,24,0.6,7.5,sigmaV=1mV; sigmaI=0.5mA,fsADC=5000000Hz; phase=0.37; guard=0.5us; window=2us; method=timestamped_linear,0.05,0.583199816891742,11.9547278692163,0.975680623217689,1,,1,11902,3,8e-05
KR-CAL-02,MODEL_A_SWITCHED_EQUATION,high_D,24,0.6,7.5,sigmaV=1mV; sigmaI=0.5mA,fsADC=5000000Hz; phase=0.37; guard=0.5us; window=2us; method=timestamped_linear,0.05,0.582811405425218,11.9397240891404,0.976256069359767,1,,1,11902,4,0.0001
KR-CAL-02,MODEL_A_SWITCHED_EQUATION,high_D,24,0.6,7.5,sigmaV=1mV; sigmaI=0.5mA,fsADC=5000000Hz; phase=0.37; guard=0.5us; window=2us; method=timestamped_linear,0.05,0.581340990587968,11.9238325114269,0.975090835988939,1,,1,11902,5,0.00012
KR-CAL-02,MODEL_A_SWITCHED_EQUATION,high_D,24,0.6,7.5,sigmaV=1mV; sigmaI=0.5mA,fsADC=5000000Hz; phase=0.37; guard=0.5us; window=2us; method=timestamped_linear,0.05,0.581757145730748,11.9028693897085,0.977507400415146,1,,1,11902,6,0.00014
KR-CAL-02,MODEL_A_SWITCHED_EQUATION,high_D,24,0.6,7.5,sigmaV=1mV; sigmaI=0.5mA,fsADC=5000000Hz; phase=0.37; guard=0.5us; window=2us; method=timestamped_linear,0.05,0.580730629712093,11.899318199158,0.976073788417873,1,,1,11902,7,0.00016
KR-CAL-02,MODEL_A_SWITCHED_EQUATION,high_D,24,0.6,7.5,sigmaV=1mV; sigmaI=0.5mA,fsADC=5000000Hz; phase=0.37; guard=0.5us; window=2us; method=timestamped_linear,0.05,0.58075837338837,11.8928039839919,0.976655083477521,1,,1,11902,8,0.00018
KR-CAL-02,MODEL_A_SWITCHED_EQUATION,high_D,24,0.6,7.5,sigmaV=1mV; sigmaI=0.5mA,fsADC=5000000Hz; phase=0.37; guard=0.5us; window=2us; method=timestamped_linear,0.05,0.57906600914157,11.8863563536486,0.9743372853933,1,,1,11902,9,0.0002
KR-CAL-02,MODEL_A_SWITCHED_EQUATION,high_D,24,0.6,7.5,sigmaV=1mV; sigmaI=0.5mA,fsADC=5000000Hz; phase=0.37; guard=0.5us; window=2us; method=timestamped_linear,0.05,0.579010521789172,11.8688778376579,0.975678627261751,1,,1,11902,10,0.00022
KR-CAL-02,MODEL_A_SWITCHED_EQUATION,high_D,24,0.6,7.5,sigmaV=1mV; sigmaI=0.5mA,fsADC=5000000Hz; phase=0.37; guard=0.5us; window=2us; method=timestamped_linear,0.05,0.574987688743725,11.8500565277402,0.970438727271414,1,,1,11902,11,0.00024
KR-CAL-02,MODEL_A_SWITCHED_EQUATION,high_D,24,0.6,7.5,sigmaV=1mV; sigmaI=0.5mA,fsADC=5000000Hz; phase=0.37; guard=0.5us; window=2us; method=timestamped_linear,0.05,0.581923607787644,11.8425657351727,0.982766101199363,1,,1,11902,12,0.00026
KR-CAL-02,MODEL_A_SWITCHED_EQUATION,high_D,24,0.6,7.5,sigmaV=1mV; sigmaI=0.5mA,fsADC=5000000Hz; phase=0.37; guard=0.5us; window=2us; method=timestamped_linear,0.05,0.579704113693523,11.8359627402429,0.979563938170401,1,,1,11902,13,0.00028
KR-CAL-02,MODEL_A_SWITCHED_EQUATION,high_D,24,0.6,7.5,sigmaV=1mV; sigmaI=0.5mA,fsADC=5000000Hz; phase=0.37; guard=0.5us; window=2us; method=timestamped_linear,0.05,0.577456875923509,11.818550809075,0.977204202532354,1,,1,11902,14,0.0003
KR-CAL-02,MODEL_A_SWITCHED_EQUATION,high_D,24,0.6,7.5,sigmaV=1mV; sigmaI=0.5mA,fsADC=5000000Hz; phase=0.37; guard=0.5us; window=2us; method=timestamped_linear,0.05,0.576208410495383,11.7983645102894,0.976759804281123,1,,1,11902,15,0.00032
KR-CAL-02,MODEL_A_SWITCHED_EQUATION,high_D,24,0.6,7.5,sigmaV=1mV; sigmaI=0.5mA,fsADC=5000000Hz; phase=0.37; guard=0.5us; window=2us; method=timestamped_linear,0.05,0.575487074914776,11.7805419727141,0.977012901864293,1,,1,11902,16,0.00034
KR-CAL-02,MODEL_A_SWITCHED_EQUATION,high_D,24,0.6,7.5,sigmaV=1mV; sigmaI=0.5mA,fsADC=5000000Hz; phase=0.37; guard=0.5us; window=2us; method=timestamped_linear,0.05,0.573877941696558,11.7619648071468,0.975819858511837,1,,1,11902,17,0.00036
KR-CAL-02,MODEL_A_SWITCHED_EQUATION,high_D,24,0.6,7.5,sigmaV=1mV; sigmaI=0.5mA,fsADC=5000000Hz; phase=0.37; guard=0.5us; window=2us; method=timestamped_linear,0.05,0.574654764629607,11.7436428834003,0.978665258021232,1,,1,11902,18,0.00038
KR-CAL-02,MODEL_A_SWITCHED_EQUATION,high_D,24,0.6,7.5,sigmaV=1mV; sigmaI=0.5mA,fsADC=5000000Hz; phase=0.37; guard=0.5us; window=2us; method=timestamped_linear,0.05,0.572241064802256,11.7253764470061,0.976072823569546,1,,1,11902,19,0.0004
KR-CAL-02,MODEL_A_SWITCHED_EQUATION,high_D,24,0.6,7.5,sigmaV=1mV; sigmaI=0.5mA,fsADC=5000000Hz; phase=0.37; guard=0.5us; window=2us; method=timestamped_linear,0.05,0.571658447602495,11.7075095195489,0.97656712838534,1,,1,11902,20,0.00042
KR-CAL-02,MODEL_A_SWITCHED_EQUATION,high_D,24,0.6,7.5,sigmaV=1mV; sigmaI=0.5mA,fsADC=5000000Hz; phase=0.37; guard=0.5us; window=2us; method=timestamped_linear,0.05,0.573711479639698,11.6905525846702,0.98149591387494,1,,1,11902,21,0.00044
KR-CAL-02,MODEL_A_SWITCHED_EQUATION,high_D,24,0.6,7.5,sigmaV=1mV; sigmaI=0.5mA,fsADC=5000000Hz; phase=0.37; guard=0.5us; window=2us; method=timestamped_linear,0.05,0.569022798365992,11.6721973685123,0.975005443107099,1,,1,11902,22,0.00046
KR-CAL-02,MODEL_A_SWITCHED_EQUATION,high_D,24,0.6,7.5,sigmaV=1mV; sigmaI=0.5mA,fsADC=5000000Hz; phase=0.37; guard=0.5us; window=2us; method=timestamped_linear,0.05,0.569133773070796,11.6676806980309,0.975573102830705,1,,1,11902,23,0.00048
KR-CAL-02,MODEL_A_SWITCHED_EQUATION,high_D,24,0.6,7.5,sigmaV=1mV; sigmaI=0.5mA,fsADC=5000000Hz; phase=0.37; guard=0.5us; window=2us; method=timestamped_linear,0.05,0.56807951337602,11.6618767209749,0.97425058927999,1,,1,11902,24,0.0005
KR-CAL-02,MODEL_A_SWITCHED_EQUATION,high_D,24,0.6,7.5,sigmaV=1mV; sigmaI=0.5mA,fsADC=5000000Hz; phase=0.37; guard=0.5us; window=2us; method=timestamped_linear,0.05,0.569799621298735,11.64689513584,0.978457545385363,1,,1,11902,25,0.00052
KR-CAL-02,MODEL_A_SWITCHED_EQUATION,high_D,24,0.6,7.5,sigmaV=1mV; sigmaI=0.5mA,fsADC=5000000Hz; phase=0.37; guard=0.5us; window=2us; method=timestamped_linear,0.05,0.567108484709671,11.6433772377009,0.974130569047255,1,,1,11902,26,0.00054
KR-CAL-02,MODEL_A_SWITCHED_EQUATION,high_D,24,0.6,7.5,sigmaV=1mV; sigmaI=0.5mA,fsADC=5000000Hz; phase=0.37; guard=0.5us; window=2us; method=timestamped_linear,0.05,0.568162744404319,11.6267532269363,0.97733689416926,1,,1,11902,27,0.00056
KR-CAL-02,MODEL_A_SWITCHED_EQUATION,high_D,24,0.6,7.5,sigmaV=1mV; sigmaI=0.5mA,fsADC=5000000Hz; phase=0.37; guard=0.5us; window=2us; method=timestamped_linear,0.05,0.567691101909425,11.6243117834329,0.976730687348745,1,,1,11902,28,0.00058
KR-CAL-02,MODEL_A_SWITCHED_EQUATION,high_D,24,0.6,7.5,sigmaV=1mV; sigmaI=0.5mA,fsADC=5000000Hz; phase=0.37; guard=0.5us; window=2us; method=timestamped_linear,0.05,0.5678020766141,11.6087753247744,0.978229073660074,1,,1,11902,29,0.0006
KR-CAL-02,MODEL_A_SWITCHED_EQUATION,high_D,24,0.6,7.5,sigmaV=1mV; sigmaI=0.5mA,fsADC=5000000Hz; phase=0.37; guard=0.5us; window=2us; method=timestamped_linear,0.05,0.5648612469396,11.6073326536133,0.973283464506832,1,,1,11902,30,0.00062
KR-CAL-02,MODEL_A_SWITCHED_EQUATION,high_D,24,0.6,7.5,sigmaV=1mV; sigmaI=0.5mA,fsADC=5000000Hz; phase=0.37; guard=0.5us; window=2us; method=timestamped_linear,0.05,0.567885307642726,11.5913633936065,0.979842126174663,1,,1,11902,31,0.00064
KR-CAL-02,MODEL_A_SWITCHED_EQUATION,high_D,24,0.6,7.5,sigmaV=1mV; sigmaI=0.5mA,fsADC=5000000Hz; phase=0.37; guard=0.5us; window=2us; method=timestamped_linear,0.05,0.564999965320389,11.5918849747186,0.97481982706459,1,,1,11902,32,0.00066
KR-CAL-02,MODEL_A_SWITCHED_EQUATION,high_D,24,0.6,7.5,sigmaV=1mV; sigmaI=0.5mA,fsADC=5000000Hz; phase=0.37; guard=0.5us; window=2us; method=timestamped_linear,0.05,0.566442636481518,11.5789009342683,0.978404841179883,1,,1,11902,33,0.00068
KR-CAL-02,MODEL_A_SWITCHED_EQUATION,high_D,24,0.6,7.5,sigmaV=1mV; sigmaI=0.5mA,fsADC=5000000Hz; phase=0.37; guard=0.5us; window=2us; method=timestamped_linear,0.05,0.567746589261802,11.5785458152132,0.980687209469483,1,,1,11902,34,0.0007
KR-CAL-02,MODEL_A_SWITCHED_EQUATION,high_D,24,0.6,7.5,sigmaV=1mV; sigmaI=0.5mA,fsADC=5000000Hz; phase=0.37; guard=0.5us; window=2us; method=timestamped_linear,0.05,0.564417348120593,11.5666826192805,0.975936431729815,1,,1,11902,35,0.00072
KR-CAL-02,MODEL_A_SWITCHED_EQUATION,high_D,24,0.6,7.5,sigmaV=1mV; sigmaI=0.5mA,fsADC=5000000Hz; phase=0.37; guard=0.5us; window=2us; method=timestamped_linear,0.05,0.566109712367485,11.5670932256879,0.97882795845422,1,,1,11902,36,0.00074
KR-CAL-02,MODEL_A_SWITCHED_EQUATION,high_D,24,0.6,7.5,sigmaV=1mV; sigmaI=0.5mA,fsADC=5000000Hz; phase=0.37; guard=0.5us; window=2us; method=timestamped_linear,0.05,0.563335344749888,11.5551634449323,0.975036566872534,1,,1,11902,37,0.00076
KR-CAL-02,MODEL_A_SWITCHED_EQUATION,high_D,24,0.6,7.5,sigmaV=1mV; sigmaI=0.5mA,fsADC=5000000Hz; phase=0.37; guard=0.5us; window=2us; method=timestamped_linear,0.05,0.565443864139183,11.5446208479854,0.979579791462539,1,,1,11902,38,0.00078
KR-CAL-02,MODEL_A_SWITCHED_EQUATION,high_D,24,0.6,7.5,sigmaV=1mV; sigmaI=0.5mA,fsADC=5000000Hz; phase=0.37; guard=0.5us; window=2us; method=timestamped_linear,0.05,0.564361860768422,11.5456751076801,0.977616043245509,1,,1,11902,39,0.0008
KR-CAL-02,MODEL_A_SWITCHED_EQUATION,high_D,24,0.6,7.5,sigmaV=1mV; sigmaI=0.5mA,fsADC=5000000Hz; phase=0.37; guard=0.5us; window=2us; method=timestamped_linear,0.05,0.563057907987982,11.5367083515401,0.976115354277488,1,,1,11902,40,0.00082
KR-CAL-02,MODEL_A_SWITCHED_EQUATION,high_D,24,0.6,7.5,sigmaV=1mV; sigmaI=0.5mA,fsADC=5000000Hz; phase=0.37; guard=0.5us; window=2us; method=timestamped_linear,0.05,0.566720073243381,11.5390499178093,0.982264705118758,1,,1,11902,41,0.00084
KR-CAL-02,MODEL_A_SWITCHED_EQUATION,high_D,24,0.6,7.5,sigmaV=1mV; sigmaI=0.5mA,fsADC=5000000Hz; phase=0.37; guard=0.5us; window=2us; method=timestamped_linear,0.05,0.562946933283399,11.5295060932049,0.976532608999066,1,,1,11902,42,0.00086
KR-CAL-02,MODEL_A_SWITCHED_EQUATION,high_D,24,0.6,7.5,sigmaV=1mV; sigmaI=0.5mA,fsADC=5000000Hz; phase=0.37; guard=0.5us; window=2us; method=timestamped_linear,0.05,0.563113395340494,11.5319253417674,0.976616442877856,1,,1,11902,43,0.00088
KR-CAL-02,MODEL_A_SWITCHED_EQUATION,high_D,24,0.6,7.5,sigmaV=1mV; sigmaI=0.5mA,fsADC=5000000Hz; phase=0.37; guard=0.5us; window=2us; method=timestamped_linear,0.05,0.562946933283293,11.5246232061979,0.976946357743895,1,,1,11902,44,0.0009
KR-CAL-02,MODEL_A_SWITCHED_EQUATION,high_D,24,0.6,7.5,sigmaV=1mV; sigmaI=0.5mA,fsADC=5000000Hz; phase=0.37; guard=0.5us; window=2us; method=timestamped_linear,0.05,0.564833503263358,11.5268205053511,0.980033484517517,1,,1,11902,45,0.00092
KR-CAL-02,MODEL_A_SWITCHED_EQUATION,high_D,24,0.6,7.5,sigmaV=1mV; sigmaI=0.5mA,fsADC=5000000Hz; phase=0.37; guard=0.5us; window=2us; method=timestamped_linear,0.05,0.564139911359007,11.5190189836104,0.979492979674191,1,,1,11902,46,0.00094
KR-CAL-02,MODEL_A_SWITCHED_EQUATION,high_D,24,0.6,7.5,sigmaV=1mV; sigmaI=0.5mA,fsADC=5000000Hz; phase=0.37; guard=0.5us; window=2us; method=timestamped_linear,0.05,0.564361860768201,11.5222483475173,0.979603708836575,1,,1,11902,47,0.00096
KR-CAL-02,MODEL_A_SWITCHED_EQUATION,high_D,24,0.6,7.5,sigmaV=1mV; sigmaI=0.5mA,fsADC=5000000Hz; phase=0.37; guard=0.5us; window=2us; method=timestamped_linear,0.05,0.561171338008172,11.5162446159928,0.974573494607544,1,,1,11902,48,0.00098
KR-CAL-02,MODEL_A_SWITCHED_EQUATION,high_D,24,0.6,7.5,sigmaV=1mV; sigmaI=0.5mA,fsADC=5000000Hz; phase=0.37; guard=0.5us; window=2us; method=timestamped_linear,0.05,0.563279857397582,11.5203617775374,0.977885709276729,1,,1,11902,49,0.001
KR-CAL-02,MODEL_A_SWITCHED_EQUATION,high_D,24,0.6,7.5,sigmaV=1mV; sigmaI=0.5mA,fsADC=5000000Hz; phase=0.37; guard=0.5us; window=2us; method=timestamped_linear,0.05,0.563335344749873,11.5132815913773,0.978583456469573,1,,1,11902,50,0.00102
KR-CAL-02,MODEL_A_SWITCHED_EQUATION,high_D,24,0.6,7.5,sigmaV=1mV; sigmaI=0.5mA,fsADC=5000000Hz; phase=0.37; guard=0.5us; window=2us; method=timestamped_linear,0.05,0.56355729415943,11.5054689721662,0.979633764643196,1,,1,11902,51,0.00104
KR-CAL-02,MODEL_A_SWITCHED_EQUATION,high_D,24,0.6,7.5,sigmaV=1mV; sigmaI=0.5mA,fsADC=5000000Hz; phase=0.37; guard=0.5us; window=2us; method=timestamped_linear,0.05,0.561587493150782,11.5080879751971,0.975987486993748,1,,1,11902,52,0.00106
KR-CAL-02,MODEL_A_SWITCHED_EQUATION,high_D,24,0.6,7.5,sigmaV=1mV; sigmaI=0.5mA,fsADC=5000000Hz; phase=0.37; guard=0.5us; window=2us; method=timestamped_linear,0.05,0.565360633110622,11.5134258584934,0.982089327814724,1,,1,11902,53,0.00108
KR-CAL-02,MODEL_A_SWITCHED_EQUATION,high_D,24,0.6,7.5,sigmaV=1mV; sigmaI=0.5mA,fsADC=5000000Hz; phase=0.37; guard=0.5us; window=2us; method=timestamped_linear,0.05,0.562752727550276,11.5063900622152,0.978156875453492,1,,1,11902,54,0.0011
KR-CAL-02,MODEL_A_SWITCHED_EQUATION,high_D,24,0.6,7.5,sigmaV=1mV; sigmaI=0.5mA,fsADC=5000000Hz; phase=0.37; guard=0.5us; window=2us; method=timestamped_linear,0.05,0.560644208160838,11.4997093849921,0.975058046062483,1,,1,11902,55,0.00112
KR-CAL-02,MODEL_A_SWITCHED_EQUATION,high_D,24,0.6,7.5,sigmaV=1mV; sigmaI=0.5mA,fsADC=5000000Hz; phase=0.37; guard=0.5us; window=2us; method=timestamped_linear,0.05,0.563141139016686,11.4917857910762,0.980075941641697,1,,1,11902,56,0.00114
KR-CAL-02,MODEL_A_SWITCHED_EQUATION,high_D,24,0.6,7.5,sigmaV=1mV; sigmaI=0.5mA,fsADC=5000000Hz; phase=0.37; guard=0.5us; window=2us; method=timestamped_linear,0.05,0.563168882692842,11.4952814942744,0.979826171239646,1,,1,11902,57,0.00116
KR-CAL-02,MODEL_A_SWITCHED_EQUATION,high_D,24,0.6,7.5,sigmaV=1mV; sigmaI=0.5mA,fsADC=5000000Hz; phase=0.37; guard=0.5us; window=2us; method=timestamped_linear,0.05,0.56344631945435,11.4986107354155,0.980025035057403,1,,1,11902,58,0.00118
KR-CAL-02,MODEL_A_SWITCHED_EQUATION,high_D,24,0.6,7.5,sigmaV=1mV; sigmaI=0.5mA,fsADC=5000000Hz; phase=0.37; guard=0.5us; window=2us; method=timestamped_linear,0.05,0.562142366674259,11.4922962747179,0.978294247270541,1,,1,11902,59,0.0012
KR-CAL-02,MODEL_A_SWITCHED_EQUATION,high_D,24,0.6,7.5,sigmaV=1mV; sigmaI=0.5mA,fsADC=5000000Hz; phase=0.37; guard=0.5us; window=2us; method=timestamped_linear,0.05,0.56280821490261,11.4816870929482,0.980358043807468,1,,1,11902,60,0.00122
KR-CAL-02,MODEL_A_SWITCHED_EQUATION,high_D,24,0.6,7.5,sigmaV=1mV; sigmaI=0.5mA,fsADC=5000000Hz; phase=0.37; guard=0.5us; window=2us; method=timestamped_linear,0.05,0.560838413894032,11.4848387745618,0.976658749683545,1,,1,11902,61,0.00124
KR-CAL-02,MODEL_A_SWITCHED_EQUATION,high_D,24,0.6,7.5,sigmaV=1mV; sigmaI=0.5mA,fsADC=5000000Hz; phase=0.37; guard=0.5us; window=2us; method=timestamped_linear,0.05,0.560394515075238,11.4888671563425,0.975543554380584,1,,1,11902,62,0.00126
KR-CAL-02,MODEL_A_SWITCHED_EQUATION,high_D,24,0.6,7.5,sigmaV=1mV; sigmaI=0.5mA,fsADC=5000000Hz; phase=0.37; guard=0.5us; window=2us; method=timestamped_linear,0.05,0.559007331266585,11.4794010140314,0.973931184359368,1,,1,11902,63,0.00128
KR-CAL-02,MODEL_A_SWITCHED_EQUATION,high_D,24,0.6,7.5,sigmaV=1mV; sigmaI=0.5mA,fsADC=5000000Hz; phase=0.37; guard=0.5us; window=2us; method=timestamped_linear,0.05,0.55909056229499,11.4701457236591,0.974862178327469,1,,1,11902,64,0.0013
KR-CAL-02,MODEL_A_SWITCHED_EQUATION,high_D,24,0.6,7.5,sigmaV=1mV; sigmaI=0.5mA,fsADC=5000000Hz; phase=0.37; guard=0.5us; window=2us; method=timestamped_linear,0.05,0.562225597702763,11.4729200912767,0.980091542919828,1,,1,11902,65,0.00132
KR-CAL-02,MODEL_A_SWITCHED_EQUATION,high_D,24,0.6,7.5,sigmaV=1mV; sigmaI=0.5mA,fsADC=5000000Hz; phase=0.37; guard=0.5us; window=2us; method=timestamped_linear,0.05,0.55856343244777,11.4736525243277,0.973645369272671,1,,1,11902,66,0.00134
KR-CAL-02,MODEL_A_SWITCHED_EQUATION,high_D,24,0.6,7.5,sigmaV=1mV; sigmaI=0.5mA,fsADC=5000000Hz; phase=0.37; guard=0.5us; window=2us; method=timestamped_linear,0.05,0.560921644922544,11.4638867503139,0.978588950047308,1,,1,11902,67,0.00136
KR-CAL-02,MODEL_A_SWITCHED_EQUATION,high_D,24,0.6,7.5,sigmaV=1mV; sigmaI=0.5mA,fsADC=5000000Hz; phase=0.37; guard=0.5us; window=2us; method=timestamped_linear,0.05,0.558313739362141,11.4527115975502,0.974989607669097,1,,1,11902,68,0.00138
KR-CAL-02,MODEL_A_SWITCHED_EQUATION,high_D,24,0.6,7.5,sigmaV=1mV; sigmaI=0.5mA,fsADC=5000000Hz; phase=0.37; guard=0.5us; window=2us; method=timestamped_linear,0.05,0.557953071571802,11.4396498748067,0.975472287487701,1,,1,11902,69,0.0014
KR-CAL-02,MODEL_A_SWITCHED_EQUATION,high_D,24,0.6,7.5,sigmaV=1mV; sigmaI=0.5mA,fsADC=5000000Hz; phase=0.37; guard=0.5us; window=2us; method=timestamped_linear,0.05,0.559534461113842,11.4409593763221,0.978125072748422,1,,1,11902,70,0.00142
KR-CAL-02,MODEL_A_SWITCHED_EQUATION,high_D,24,0.6,7.5,sigmaV=1mV; sigmaI=0.5mA,fsADC=5000000Hz; phase=0.37; guard=0.5us; window=2us; method=timestamped_linear,0.05,0.55551162806811,11.4400160913322,0.971172808907163,1,,1,11902,71,0.00144
KR-CAL-02,MODEL_A_SWITCHED_EQUATION,high_D,24,0.6,7.5,sigmaV=1mV; sigmaI=0.5mA,fsADC=5000000Hz; phase=0.37; guard=0.5us; window=2us; method=timestamped_linear,0.05,0.558951843914258,11.4277977763443,0.978231947840894,1,,1,11902,72,0.00146
KR-CAL-02,MODEL_A_SWITCHED_EQUATION,high_D,24,0.6,7.5,sigmaV=1mV; sigmaI=0.5mA,fsADC=5000000Hz; phase=0.37; guard=0.5us; window=2us; method=timestamped_linear,0.05,0.557536916429306,11.4134709419671,0.976980480809308,1,,1,11902,73,0.00148
KR-CAL-02,MODEL_A_SWITCHED_EQUATION,high_D,24,0.6,7.5,sigmaV=1mV; sigmaI=0.5mA,fsADC=5000000Hz; phase=0.37; guard=0.5us; window=2us; method=timestamped_linear,0.05,0.559118305971062,11.4128494836208,0.979804923868455,1,,1,11902,74,0.0015
KR-CAL-02,MODEL_A_SWITCHED_EQUATION,high_D,24,0.6,7.5,sigmaV=1mV; sigmaI=0.5mA,fsADC=5000000Hz; phase=0.37; guard=0.5us; window=2us; method=timestamped_linear,0.05,0.558813125533163,11.4120948556288,0.979334876904809,1,,1,11902,75,0.00152
KR-CAL-02,MODEL_A_SWITCHED_EQUATION,high_D,24,0.6,7.5,sigmaV=1mV; sigmaI=0.5mA,fsADC=5000000Hz; phase=0.37; guard=0.5us; window=2us; method=timestamped_linear,0.05,0.556898811877105,11.3968358337321,0.977286713613626,1,,1,11902,76,0.00154
KR-CAL-02,MODEL_A_SWITCHED_EQUATION,high_D,24,0.6,7.5,sigmaV=1mV; sigmaI=0.5mA,fsADC=5000000Hz; phase=0.37; guard=0.5us; window=2us; method=timestamped_linear,0.05,0.556149732620327,11.381732176422,0.977267298157701,1,,1,11902,77,0.00156
KR-CAL-02,MODEL_A_SWITCHED_EQUATION,high_D,24,0.6,7.5,sigmaV=1mV; sigmaI=0.5mA,fsADC=5000000Hz; phase=0.37; guard=0.5us; window=2us; method=timestamped_linear,0.05,0.556843324524607,11.378946711334,0.978725603785391,1,,1,11902,78,0.00158
KR-CAL-02,MODEL_A_SWITCHED_EQUATION,high_D,24,0.6,7.5,sigmaV=1mV; sigmaI=0.5mA,fsADC=5000000Hz; phase=0.37; guard=0.5us; window=2us; method=timestamped_linear,0.05,0.55770337848606,11.374629795321,0.980609283153063,1,,1,11902,79,0.0016
KR-CAL-02,MODEL_A_SWITCHED_EQUATION,high_D,24,0.6,7.5,sigmaV=1mV; sigmaI=0.5mA,fsADC=5000000Hz; phase=0.37; guard=0.5us; window=2us; method=timestamped_linear,0.05,0.553569570736087,11.3575729832081,0.974802577195894,1,,1,11902,80,0.00162
KR-CAL-02,MODEL_A_SWITCHED_EQUATION,high_D,24,0.6,7.5,sigmaV=1mV; sigmaI=0.5mA,fsADC=5000000Hz; phase=0.37; guard=0.5us; window=2us; method=timestamped_linear,0.05,0.554263162640382,11.3426357879551,0.977309283313078,1,,1,11902,81,0.00164
KR-CAL-02,MODEL_A_SWITCHED_EQUATION,high_D,24,0.6,7.5,sigmaV=1mV; sigmaI=0.5mA,fsADC=5000000Hz; phase=0.37; guard=0.5us; window=2us; method=timestamped_linear,0.05,0.55029581694729,11.3384631390582,0.970670910507538,1,,1,11902,82,0.00166
KR-CAL-02,MODEL_A_SWITCHED_EQUATION,high_D,24,0.6,7.5,sigmaV=1mV; sigmaI=0.5mA,fsADC=5000000Hz; phase=0.37; guard=0.5us; window=2us; method=timestamped_linear,0.05,0.553458596031419,11.3336024469922,0.976668448747819,1,,1,11902,83,0.00168
KR-CAL-02,MODEL_A_SWITCHED_EQUATION,high_D,24,0.6,7.5,sigmaV=1mV; sigmaI=0.5mA,fsADC=5000000Hz; phase=0.37; guard=0.5us; window=2us; method=timestamped_linear,0.05,0.552543054717461,11.3174001401056,0.976448738892618,1,,1,11902,84,0.0017
KR-CAL-02,MODEL_A_SWITCHED_EQUATION,high_D,24,0.6,7.5,sigmaV=1mV; sigmaI=0.5mA,fsADC=5000000Hz; phase=0.37; guard=0.5us; window=2us; method=timestamped_linear,0.05,0.551183614584751,11.2997773569987,0.975565441992302,1,,1,11902,85,0.00172
KR-CAL-02,MODEL_A_SWITCHED_EQUATION,high_D,24,0.6,7.5,sigmaV=1mV; sigmaI=0.5mA,fsADC=5000000Hz; phase=0.37; guard=0.5us; window=2us; method=timestamped_linear,0.05,0.55232110530811,11.2821101840099,0.979109574893022,1,,1,11902,86,0.00174
KR-CAL-02,MODEL_A_SWITCHED_EQUATION,high_D,24,0.6,7.5,sigmaV=1mV; sigmaI=0.5mA,fsADC=5000000Hz; phase=0.37; guard=0.5us; window=2us; method=timestamped_linear,0.05,0.551572026051268,11.2764837664815,0.978269534144635,1,,1,11902,87,0.00176
KR-CAL-02,MODEL_A_SWITCHED_EQUATION,high_D,24,0.6,7.5,sigmaV=1mV; sigmaI=0.5mA,fsADC=5000000Hz; phase=0.37; guard=0.5us; window=2us; method=timestamped_linear,0.05,0.553319877650488,11.2693591904395,0.981989957547724,1,,1,11902,88,0.00178
KR-CAL-02,MODEL_A_SWITCHED_EQUATION,high_D,24,0.6,7.5,sigmaV=1mV; sigmaI=0.5mA,fsADC=5000000Hz; phase=0.37; guard=0.5us; window=2us; method=timestamped_linear,0.05,0.55071197208995,11.2504934906399,0.979000561260934,1,,1,11902,89,0.0018
KR-CAL-02,MODEL_A_SWITCHED_EQUATION,high_D,24,0.6,7.5,sigmaV=1mV; sigmaI=0.5mA,fsADC=5000000Hz; phase=0.37; guard=0.5us; window=2us; method=timestamped_linear,0.05,0.549102838871555,11.2323047365391,0.977720693572892,1,,1,11902,90,0.00182
KR-CAL-02,MODEL_A_SWITCHED_EQUATION,high_D,24,0.6,7.5,sigmaV=1mV; sigmaI=0.5mA,fsADC=5000000Hz; phase=0.37; guard=0.5us; window=2us; method=timestamped_linear,0.05,0.549824174452198,11.2275883115892,0.979416343373873,1,,1,11902,91,0.00184
KR-CAL-02,MODEL_A_SWITCHED_EQUATION,high_D,24,0.6,7.5,sigmaV=1mV; sigmaI=0.5mA,fsADC=5000000Hz; phase=0.37; guard=0.5us; window=2us; method=timestamped_linear,0.05,0.548270528586336,11.2212516559507,0.977200307767069,1,,1,11902,92,0.00186
KR-CAL-02,MODEL_A_SWITCHED_EQUATION,high_D,24,0.6,7.5,sigmaV=1mV; sigmaI=0.5mA,fsADC=5000000Hz; phase=0.37; guard=0.5us; window=2us; method=timestamped_linear,0.05,0.548991864166929,11.2021751042122,0.980152263394813,1,,1,11902,93,0.00188
KR-CAL-02,MODEL_A_SWITCHED_EQUATION,high_D,24,0.6,7.5,sigmaV=1mV; sigmaI=0.5mA,fsADC=5000000Hz; phase=0.37; guard=0.5us; window=2us; method=timestamped_linear,0.05,0.5468001137491,11.1847298806328,0.977761858506612,1,,1,11902,94,0.0019
KR-CAL-02,MODEL_A_SWITCHED_EQUATION,high_D,24,0.6,7.5,sigmaV=1mV; sigmaI=0.5mA,fsADC=5000000Hz; phase=0.37; guard=0.5us; window=2us; method=timestamped_linear,0.05,0.544830312740594,11.1778827413526,0.974836335910005,1,,1,11902,95,0.00192
KR-CAL-02,MODEL_A_SWITCHED_EQUATION,high_D,24,0.6,7.5,sigmaV=1mV; sigmaI=0.5mA,fsADC=5000000Hz; phase=0.37; guard=0.5us; window=2us; method=timestamped_linear,0.05,0.546078778168479,11.173266193637,0.977473853580007,1,,1,11902,96,0.00194
KR-CAL-02,MODEL_A_SWITCHED_EQUATION,high_D,24,0.6,7.5,sigmaV=1mV; sigmaI=0.5mA,fsADC=5000000Hz; phase=0.37; guard=0.5us; window=2us; method=timestamped_linear,0.05,0.544774825388345,11.1546002483059,0.976771579906833,1,,1,11902,97,0.00196
KR-CAL-02,MODEL_A_SWITCHED_EQUATION,high_D,24,0.6,7.5,sigmaV=1mV; sigmaI=0.5mA,fsADC=5000000Hz; phase=0.37; guard=0.5us; window=2us; method=timestamped_linear,0.05,0.544469644950233,11.1365002739688,0.977811038577196,1,,1,11902,98,0.00198
KR-CAL-02,MODEL_A_SWITCHED_EQUATION,high_D,24,0.6,7.5,sigmaV=1mV; sigmaI=0.5mA,fsADC=5000000Hz; phase=0.37; guard=0.5us; window=2us; method=timestamped_linear,0.05,0.543248923198597,11.1196876062063,0.977093858096142,1,,1,11902,99,0.002
KR-CAL-02,MODEL_A_SWITCHED_EQUATION,high_D,24,0.6,7.5,sigmaV=1mV; sigmaI=0.5mA,fsADC=5000000Hz; phase=0.37; guard=0.5us; window=2us; method=timestamped_linear,0.05,0.541944970418328,11.1026307940934,0.976246045588842,1,,1,11902,100,0.00202
KR-CAL-02,MODEL_A_SWITCHED_EQUATION,high_D,24,0.6,7.5,sigmaV=1mV; sigmaI=0.5mA,fsADC=5000000Hz; phase=0.37; guard=0.5us; window=2us; method=timestamped_linear,0.05,0.540557786609611,11.0869278733778,0.975126370051724,1,,1,11902,101,0.00204
KR-CAL-02,MODEL_A_SWITCHED_EQUATION,high_D,24,0.6,7.5,sigmaV=1mV; sigmaI=0.5mA,fsADC=5000000Hz; phase=0.37; guard=0.5us; window=2us; method=timestamped_linear,0.05,0.540946198075886,11.0813791381427,0.97631565770351,1,,1,11902,102,0.00206
KR-CAL-02,MODEL_A_SWITCHED_EQUATION,high_D,24,0.6,7.5,sigmaV=1mV; sigmaI=0.5mA,fsADC=5000000Hz; phase=0.37; guard=0.5us; window=2us; method=timestamped_linear,0.05,0.538144086782474,11.0789931819916,0.971467493376932,1,,1,11902,103,0.00208
KR-CAL-02,MODEL_A_SWITCHED_EQUATION,high_D,24,0.6,7.5,sigmaV=1mV; sigmaI=0.5mA,fsADC=5000000Hz; phase=0.37; guard=0.5us; window=2us; method=timestamped_linear,0.05,0.538393779867747,11.0737662734,0.972376997266064,1,,1,11902,104,0.0021
KR-CAL-02,MODEL_A_SWITCHED_EQUATION,high_D,24,0.6,7.5,sigmaV=1mV; sigmaI=0.5mA,fsADC=5000000Hz; phase=0.37; guard=0.5us; window=2us; method=timestamped_linear,0.05,0.542222407180063,11.0708143462549,0.979552886032249,1,,1,11902,105,0.00212
KR-CAL-02,MODEL_A_SWITCHED_EQUATION,high_D,24,0.6,7.5,sigmaV=1mV; sigmaI=0.5mA,fsADC=5000000Hz; phase=0.37; guard=0.5us; window=2us; method=timestamped_linear,0.05,0.54200045777057,11.0573864069858,0.980340991661727,1,,1,11902,106,0.00214
KR-CAL-02,MODEL_A_SWITCHED_EQUATION,high_D,24,0.6,7.5,sigmaV=1mV; sigmaI=0.5mA,fsADC=5000000Hz; phase=0.37; guard=0.5us; window=2us; method=timestamped_linear,0.05,0.541639789980351,11.0415725115656,0.98109175919101,1,,1,11902,107,0.00216
KR-CAL-02,MODEL_A_SWITCHED_EQUATION,high_D,24,0.6,7.5,sigmaV=1mV; sigmaI=0.5mA,fsADC=5000000Hz; phase=0.37; guard=0.5us; window=2us; method=timestamped_linear,0.05,0.540058400438525,11.02869944582,0.979369150626751,1,,1,11902,108,0.00218
KR-CAL-02,MODEL_A_SWITCHED_EQUATION,high_D,24,0.6,7.5,sigmaV=1mV; sigmaI=0.5mA,fsADC=5000000Hz; phase=0.37; guard=0.5us; window=2us; method=timestamped_linear,0.05,0.538338292515526,11.0169916144739,0.977287287408425,1,,1,11902,109,0.0022
KR-CAL-02,MODEL_A_SWITCHED_EQUATION,high_D,24,0.6,7.5,sigmaV=1mV; sigmaI=0.5mA,fsADC=5000000Hz; phase=0.37; guard=0.5us; window=2us; method=timestamped_linear,0.05,0.536590440916278,11.0153713837852,0.974257557409545,1,,1,11902,110,0.00222
KR-CAL-02,MODEL_A_SWITCHED_EQUATION,high_D,24,0.6,7.5,sigmaV=1mV; sigmaI=0.5mA,fsADC=5000000Hz; phase=0.37; guard=0.5us; window=2us; method=timestamped_linear,0.05,0.538144086782211,11.0157819901926,0.977042006207681,1,,1,11902,111,0.00224
KR-CAL-02,MODEL_A_SWITCHED_EQUATION,high_D,24,0.6,7.5,sigmaV=1mV; sigmaI=0.5mA,fsADC=5000000Hz; phase=0.37; guard=0.5us; window=2us; method=timestamped_linear,0.05,0.537117570763883,11.0168695422987,0.975082020716772,1,,1,11902,112,0.00226
KR-CAL-02,MODEL_A_SWITCHED_EQUATION,high_D,24,0.6,7.5,sigmaV=1mV; sigmaI=0.5mA,fsADC=5000000Hz; phase=0.37; guard=0.5us; window=2us; method=timestamped_linear,0.05,0.537200801792181,11.0196772023277,0.974984642342716,1,,1,11902,113,0.00228
KR-CAL-02,MODEL_A_SWITCHED_EQUATION,high_D,24,0.6,7.5,sigmaV=1mV; sigmaI=0.5mA,fsADC=5000000Hz; phase=0.37; guard=0.5us; window=2us; method=timestamped_linear,0.05,0.535619412250213,11.0067042593479,0.97326029596065,1,,1,11902,114,0.0023
KR-CAL-02,MODEL_A_SWITCHED_EQUATION,high_D,24,0.6,7.5,sigmaV=1mV; sigmaI=0.5mA,fsADC=5000000Hz; phase=0.37; guard=0.5us; window=2us; method=timestamped_linear,0.05,0.537949881049109,10.998447741318,0.978228735002644,1,,1,11902,115,0.00232
KR-CAL-02,MODEL_A_SWITCHED_EQUATION,high_D,24,0.6,7.5,sigmaV=1mV; sigmaI=0.5mA,fsADC=5000000Hz; phase=0.37; guard=0.5us; window=2us; method=timestamped_linear,0.05,0.536812390325828,10.9899914688196,0.976911386781061,1,,1,11902,116,0.00234
KR-CAL-02,MODEL_A_SWITCHED_EQUATION,high_D,24,0.6,7.5,sigmaV=1mV; sigmaI=0.5mA,fsADC=5000000Hz; phase=0.37; guard=0.5us; window=2us; method=timestamped_linear,0.05,0.535369719164613,10.9809359329158,0.975089413935695,1,,1,11902,117,0.00236
KR-CAL-02,MODEL_A_SWITCHED_EQUATION,high_D,24,0.6,7.5,sigmaV=1mV; sigmaI=0.5mA,fsADC=5000000Hz; phase=0.37; guard=0.5us; window=2us; method=timestamped_linear,0.05,0.535397462840798,10.9735117251711,0.975799682452973,1,,1,11902,118,0.00238
KR-CAL-02,MODEL_A_SWITCHED_EQUATION,high_D,24,0.6,7.5,sigmaV=1mV; sigmaI=0.5mA,fsADC=5000000Hz; phase=0.37; guard=0.5us; window=2us; method=timestamped_linear,0.05,0.536396235183247,10.9779951032411,0.977220758688225,1,,1,11902,119,0.0024
KR-CAL-02,MODEL_A_SWITCHED_EQUATION,high_D,24,0.6,7.5,sigmaV=1mV; sigmaI=0.5mA,fsADC=5000000Hz; phase=0.37; guard=0.5us; window=2us; method=timestamped_linear,0.05,0.534176741089126,10.9837768853562,0.972664952437813,1,,1,11902,120,0.00242
KR-CAL-02,MODEL_A_SWITCHED_EQUATION,high_D,24,0.6,7.5,sigmaV=1mV; sigmaI=0.5mA,fsADC=5000000Hz; phase=0.37; guard=0.5us; window=2us; method=timestamped_linear,0.05,0.537894393696632,10.9897806168806,0.978899238207559,1,,1,11902,121,0.00244
KR-CAL-02,MODEL_A_SWITCHED_EQUATION,high_D,24,0.6,7.5,sigmaV=1mV; sigmaI=0.5mA,fsADC=5000000Hz; phase=0.37; guard=0.5us; window=2us; method=timestamped_linear,0.05,0.537561469582663,10.997127142332,0.977639819245866,1,,1,11902,122,0.00246
KR-CAL-02,MODEL_A_SWITCHED_EQUATION,high_D,24,0.6,7.5,sigmaV=1mV; sigmaI=0.5mA,fsADC=5000000Hz; phase=0.37; guard=0.5us; window=2us; method=timestamped_linear,0.05,0.537311776497006,10.9917448691539,0.97766420689924,1,,1,11902,123,0.00248
KR-CAL-02,MODEL_A_SWITCHED_EQUATION,high_D,24,0.6,7.5,sigmaV=1mV; sigmaI=0.5mA,fsADC=5000000Hz; phase=0.37; guard=0.5us; window=2us; method=timestamped_linear,0.05,0.537811162668028,10.9881048988396,0.978897030232799,1,,1,11902,124,0.0025
KR-CAL-02,MODEL_A_SWITCHED_EQUATION,high_D,24,0.6,7.5,sigmaV=1mV; sigmaI=0.5mA,fsADC=5000000Hz; phase=0.37; guard=0.5us; window=2us; method=timestamped_linear,0.05,0.536756902973629,10.9839211524723,0.977350247735189,1,,1,11902,125,0.00252
KR-CAL-02,MODEL_A_SWITCHED_EQUATION,high_D,24,0.6,7.5,sigmaV=1mV; sigmaI=0.5mA,fsADC=5000000Hz; phase=0.37; guard=0.5us; window=2us; method=timestamped_linear,0.05,0.537339520173092,10.9816794634373,0.978610825351668,1,,1,11902,126,0.00254
KR-CAL-02,MODEL_A_SWITCHED_EQUATION,high_D,24,0.6,7.5,sigmaV=1mV; sigmaI=0.5mA,fsADC=5000000Hz; phase=0.37; guard=0.5us; window=2us; method=timestamped_linear,0.05,0.537533725906393,10.9901246384652,0.978212247065944,1,,1,11902,127,0.00256
KR-CAL-02,MODEL_A_SWITCHED_EQUATION,high_D,24,0.6,7.5,sigmaV=1mV; sigmaI=0.5mA,fsADC=5000000Hz; phase=0.37; guard=0.5us; window=2us; method=timestamped_linear,0.05,0.536840134001935,11.0007338202348,0.976007860520119,1,,1,11902,128,0.00258
KR-CAL-02,MODEL_A_SWITCHED_EQUATION,high_D,24,0.6,7.5,sigmaV=1mV; sigmaI=0.5mA,fsADC=5000000Hz; phase=0.37; guard=0.5us; window=2us; method=timestamped_linear,0.05,0.535064538726658,11.0112986121226,0.9718463871965,1,,1,11902,129,0.0026
KR-CAL-02,MODEL_A_SWITCHED_EQUATION,high_D,24,0.6,7.5,sigmaV=1mV; sigmaI=0.5mA,fsADC=5000000Hz; phase=0.37; guard=0.5us; window=2us; method=timestamped_linear,0.05,0.538033112077521,11.0225292522386,0.976242566048536,1,,1,11902,130,0.00262
KR-CAL-02,MODEL_A_SWITCHED_EQUATION,high_D,24,0.6,7.5,sigmaV=1mV; sigmaI=0.5mA,fsADC=5000000Hz; phase=0.37; guard=0.5us; window=2us; method=timestamped_linear,0.05,0.537977624725144,11.019943541619,0.97637092729807,1,,1,11902,131,0.00264
KR-CAL-02,MODEL_A_SWITCHED_EQUATION,high_D,24,0.6,7.5,sigmaV=1mV; sigmaI=0.5mA,fsADC=5000000Hz; phase=0.37; guard=0.5us; window=2us; method=timestamped_linear,0.05,0.540419068228523,11.0191001338632,0.980876953042181,1,,1,11902,132,0.00266
KR-CAL-02,MODEL_A_SWITCHED_EQUATION,high_D,24,0.6,7.5,sigmaV=1mV; sigmaI=0.5mA,fsADC=5000000Hz; phase=0.37; guard=0.5us; window=2us; method=timestamped_linear,0.05,0.539142859124624,11.0196328124458,0.978513292231852,1,,1,11902,133,0.00268
KR-CAL-02,MODEL_A_SWITCHED_EQUATION,high_D,24,0.6,7.5,sigmaV=1mV; sigmaI=0.5mA,fsADC=5000000Hz; phase=0.37; guard=0.5us; window=2us; method=timestamped_linear,0.05,0.538532498248721,11.0183233109303,0.977521684655034,1,,1,11902,134,0.0027
KR-CAL-02,MODEL_A_SWITCHED_EQUATION,high_D,24,0.6,7.5,sigmaV=1mV; sigmaI=0.5mA,fsADC=5000000Hz; phase=0.37; guard=0.5us; window=2us; method=timestamped_linear,0.05,0.53839377986786,11.0187561122786,0.97723150305125,1,,1,11902,135,0.00272
KR-CAL-02,MODEL_A_SWITCHED_EQUATION,high_D,24,0.6,7.5,sigmaV=1mV; sigmaI=0.5mA,fsADC=5000000Hz; phase=0.37; guard=0.5us; window=2us; method=timestamped_linear,0.05,0.538477010896472,11.0311408893235,0.976285256981235,1,,1,11902,136,0.00274
KR-CAL-02,MODEL_A_SWITCHED_EQUATION,high_D,24,0.6,7.5,sigmaV=1mV; sigmaI=0.5mA,fsADC=5000000Hz; phase=0.37; guard=0.5us; window=2us; method=timestamped_linear,0.05,0.54294374276067,11.0446576083564,0.98317894861653,1,,1,11902,137,0.00276
KR-CAL-02,MODEL_A_SWITCHED_EQUATION,high_D,24,0.6,7.5,sigmaV=1mV; sigmaI=0.5mA,fsADC=5000000Hz; phase=0.37; guard=0.5us; window=2us; method=timestamped_linear,0.05,0.540141631466987,11.0556773965334,0.977129871094742,1,,1,11902,138,0.00278
KR-CAL-02,MODEL_A_SWITCHED_EQUATION,high_D,24,0.6,7.5,sigmaV=1mV; sigmaI=0.5mA,fsADC=5000000Hz; phase=0.37; guard=0.5us; window=2us; method=timestamped_linear,0.05,0.542250150856233,11.0692496029186,0.979741482590218,1,,1,11902,139,0.0028
KR-CAL-02,MODEL_A_SWITCHED_EQUATION,high_D,24,0.6,7.5,sigmaV=1mV; sigmaI=0.5mA,fsADC=5000000Hz; phase=0.37; guard=0.5us; window=2us; method=timestamped_linear,0.05,0.540197118819393,11.0713248298966,0.975849100481029,1,,1,11902,140,0.00282
KR-CAL-02,MODEL_A_SWITCHED_EQUATION,high_D,24,0.6,7.5,sigmaV=1mV; sigmaI=0.5mA,fsADC=5000000Hz; phase=0.37; guard=0.5us; window=2us; method=timestamped_linear,0.05,0.540197118819336,11.0722348224751,0.975768898475326,1,,1,11902,141,0.00284
KR-CAL-02,MODEL_A_SWITCHED_EQUATION,high_D,24,0.6,7.5,sigmaV=1mV; sigmaI=0.5mA,fsADC=5000000Hz; phase=0.37; guard=0.5us; window=2us; method=timestamped_linear,0.05,0.540280349847919,11.0727675010577,0.975872291721666,1,,1,11902,142,0.00286
KR-CAL-02,MODEL_A_SWITCHED_EQUATION,high_D,24,0.6,7.5,sigmaV=1mV; sigmaI=0.5mA,fsADC=5000000Hz; phase=0.37; guard=0.5us; window=2us; method=timestamped_linear,0.05,0.539170602800723,11.0731226201128,0.973836597494903,1,,1,11902,143,0.00288
KR-CAL-02,MODEL_A_SWITCHED_EQUATION,high_D,24,0.6,7.5,sigmaV=1mV; sigmaI=0.5mA,fsADC=5000000Hz; phase=0.37; guard=0.5us; window=2us; method=timestamped_linear,0.05,0.542388869237108,11.0860067833288,0.978510801658097,1,,1,11902,144,0.0029
KR-CAL-02,MODEL_A_SWITCHED_EQUATION,high_D,24,0.6,7.5,sigmaV=1mV; sigmaI=0.5mA,fsADC=5000000Hz; phase=0.37; guard=0.5us; window=2us; method=timestamped_linear,0.05,0.541279122189984,11.0982916831395,0.975427818341259,1,,1,11902,145,0.00292
KR-CAL-02,MODEL_A_SWITCHED_EQUATION,high_D,24,0.6,7.5,sigmaV=1mV; sigmaI=0.5mA,fsADC=5000000Hz; phase=0.37; guard=0.5us; window=2us; method=timestamped_linear,0.05,0.540058400438404,11.1109317020052,0.972120817448534,1,,1,11902,146,0.00294
KR-CAL-02,MODEL_A_SWITCHED_EQUATION,high_D,24,0.6,7.5,sigmaV=1mV; sigmaI=0.5mA,fsADC=5000000Hz; phase=0.37; guard=0.5us; window=2us; method=timestamped_linear,0.05,0.542055945123103,11.1245926881541,0.974518277330376,1,,1,11902,147,0.00296
KR-CAL-03,MODEL_A_SWITCHED_EQUATION,noisy,24,0.4,10,sigmaV=10mV; sigmaI=5mA,fsADC=5000000Hz; phase=0.37; guard=0.5us; window=2us; method=timestamped_linear,0.05,0.129895891855092,2.65590212031045,0.97816776350108,1,,1,11903,1,4e-05
KR-CAL-03,MODEL_A_SWITCHED_EQUATION,noisy,24,0.4,10,sigmaV=10mV; sigmaI=5mA,fsADC=5000000Hz; phase=0.37; guard=0.5us; window=2us; method=timestamped_linear,0.05,0.130755945816624,2.66673325148949,0.980645107594402,1,,1,11903,2,6e-05
KR-CAL-03,MODEL_A_SWITCHED_EQUATION,noisy,24,0.4,10,sigmaV=10mV; sigmaI=5mA,fsADC=5000000Hz; phase=0.37; guard=0.5us; window=2us; method=timestamped_linear,0.05,0.138080276327059,2.66079610478786,1.03788693976661,1,,1,11903,3,8e-05
KR-CAL-03,MODEL_A_SWITCHED_EQUATION,noisy,24,0.4,10,sigmaV=10mV; sigmaI=5mA,fsADC=5000000Hz; phase=0.37; guard=0.5us; window=2us; method=timestamped_linear,0.05,0.126427932333193,2.66094037190398,0.95025002189531,1,,1,11903,4,0.0001
KR-CAL-03,MODEL_A_SWITCHED_EQUATION,noisy,24,0.4,10,sigmaV=10mV; sigmaI=5mA,fsADC=5000000Hz; phase=0.37; guard=0.5us; window=2us; method=timestamped_linear,0.05,0.129174556274556,2.65414871997614,0.973378434315598,1,,1,11903,5,0.00012
KR-CAL-03,MODEL_A_SWITCHED_EQUATION,noisy,24,0.4,10,sigmaV=10mV; sigmaI=5mA,fsADC=5000000Hz; phase=0.37; guard=0.5us; window=2us; method=timestamped_linear,0.05,0.134917497242952,2.65094155101021,1.01788360585723,1,,1,11903,6,0.00014
KR-CAL-03,MODEL_A_SWITCHED_EQUATION,noisy,24,0.4,10,sigmaV=10mV; sigmaI=5mA,fsADC=5000000Hz; phase=0.37; guard=0.5us; window=2us; method=timestamped_linear,0.05,0.132392822710983,2.64943229502625,0.999405215672224,1,,1,11903,7,0.00016
KR-CAL-03,MODEL_A_SWITCHED_EQUATION,noisy,24,0.4,10,sigmaV=10mV; sigmaI=5mA,fsADC=5000000Hz; phase=0.37; guard=0.5us; window=2us; method=timestamped_linear,0.05,0.12992363553127,2.63478363400542,0.986218631802863,1,,1,11903,8,0.00018
KR-CAL-03,MODEL_A_SWITCHED_EQUATION,noisy,24,0.4,10,sigmaV=10mV; sigmaI=5mA,fsADC=5000000Hz; phase=0.37; guard=0.5us; window=2us; method=timestamped_linear,0.05,0.117244775519026,2.63709190786325,0.889197491899522,1,,1,11903,9,0.0002
KR-CAL-03,MODEL_A_SWITCHED_EQUATION,noisy,24,0.4,10,sigmaV=10mV; sigmaI=5mA,fsADC=5000000Hz; phase=0.37; guard=0.5us; window=2us; method=timestamped_linear,0.05,0.145321375808741,2.63038903569917,1.1049420738641,1,,1,11903,10,0.00022
KR-CAL-03,MODEL_A_SWITCHED_EQUATION,noisy,24,0.4,10,sigmaV=10mV; sigmaI=5mA,fsADC=5000000Hz; phase=0.37; guard=0.5us; window=2us; method=timestamped_linear,0.05,0.147318920493497,2.64048773382717,1.11584627799024,1,,1,11903,11,0.00024
KR-CAL-03,MODEL_A_SWITCHED_EQUATION,noisy,24,0.4,10,sigmaV=10mV; sigmaI=5mA,fsADC=5000000Hz; phase=0.37; guard=0.5us; window=2us; method=timestamped_linear,0.05,0.130839176845036,2.64097602252786,0.990839566349421,1,,1,11903,12,0.00026
KR-CAL-03,MODEL_A_SWITCHED_EQUATION,noisy,24,0.4,10,sigmaV=10mV; sigmaI=5mA,fsADC=5000000Hz; phase=0.37; guard=0.5us; window=2us; method=timestamped_linear,0.05,0.152701193671696,2.64844462015439,1.15313865738143,1,,1,11903,13,0.00028
KR-CAL-03,MODEL_A_SWITCHED_EQUATION,noisy,24,0.4,10,sigmaV=10mV; sigmaI=5mA,fsADC=5000000Hz; phase=0.37; guard=0.5us; window=2us; method=timestamped_linear,0.05,0.136276937375555,2.63991066536271,1.03243597719873,1,,1,11903,14,0.0003
KR-CAL-03,MODEL_A_SWITCHED_EQUATION,noisy,24,0.4,10,sigmaV=10mV; sigmaI=5mA,fsADC=5000000Hz; phase=0.37; guard=0.5us; window=2us; method=timestamped_linear,0.05,0.128064809227439,2.6424963759823,0.969271408592441,1,,1,11903,15,0.00032
KR-CAL-03,MODEL_A_SWITCHED_EQUATION,noisy,24,0.4,10,sigmaV=10mV; sigmaI=5mA,fsADC=5000000Hz; phase=0.37; guard=0.5us; window=2us; method=timestamped_linear,0.05,0.13905130499321,2.63847909167204,1.05402620344504,1,,1,11903,16,0.00034
KR-CAL-03,MODEL_A_SWITCHED_EQUATION,noisy,24,0.4,10,sigmaV=10mV; sigmaI=5mA,fsADC=5000000Hz; phase=0.37; guard=0.5us; window=2us; method=timestamped_linear,0.05,0.134362623719461,2.63102159151598,1.02137226203486,1,,1,11903,17,0.00036
KR-CAL-03,MODEL_A_SWITCHED_EQUATION,noisy,24,0.4,10,sigmaV=10mV; sigmaI=5mA,fsADC=5000000Hz; phase=0.37; guard=0.5us; window=2us; method=timestamped_linear,0.05,0.141797928934629,2.60917067215992,1.08691953690593,1,,1,11903,18,0.00038
KR-CAL-03,MODEL_A_SWITCHED_EQUATION,noisy,24,0.4,10,sigmaV=10mV; sigmaI=5mA,fsADC=5000000Hz; phase=0.37; guard=0.5us; window=2us; method=timestamped_linear,0.05,0.121877969440391,2.61645061278845,0.93162828180044,1,,1,11903,19,0.0004
KR-CAL-03,MODEL_A_SWITCHED_EQUATION,noisy,24,0.4,10,sigmaV=10mV; sigmaI=5mA,fsADC=5000000Hz; phase=0.37; guard=0.5us; window=2us; method=timestamped_linear,0.05,0.152479244262338,2.58828523273476,1.17822597242291,1,,1,11903,20,0.00042
KR-CAL-03,MODEL_A_SWITCHED_EQUATION,noisy,24,0.4,10,sigmaV=10mV; sigmaI=5mA,fsADC=5000000Hz; phase=0.37; guard=0.5us; window=2us; method=timestamped_linear,0.05,0.11252835056915,2.58763048197701,0.869740493110713,1,,1,11903,21,0.00044
KR-CAL-03,MODEL_A_SWITCHED_EQUATION,noisy,24,0.4,10,sigmaV=10mV; sigmaI=5mA,fsADC=5000000Hz; phase=0.37; guard=0.5us; window=2us; method=timestamped_linear,0.05,0.110752755293944,2.58379075719428,0.857288888317025,1,,1,11903,22,0.00046
KR-CAL-03,MODEL_A_SWITCHED_EQUATION,noisy,24,0.4,10,sigmaV=10mV; sigmaI=5mA,fsADC=5000000Hz; phase=0.37; guard=0.5us; window=2us; method=timestamped_linear,0.05,0.135916269585351,2.56169569348787,1.06114297596601,1,,1,11903,23,0.00048
KR-CAL-03,MODEL_A_SWITCHED_EQUATION,noisy,24,0.4,10,sigmaV=10mV; sigmaI=5mA,fsADC=5000000Hz; phase=0.37; guard=0.5us; window=2us; method=timestamped_linear,0.05,0.122183149878239,2.56235044424561,0.953680244266601,1,,1,11903,24,0.0005
KR-CAL-03,MODEL_A_SWITCHED_EQUATION,noisy,24,0.4,10,sigmaV=10mV; sigmaI=5mA,fsADC=5000000Hz; phase=0.37; guard=0.5us; window=2us; method=timestamped_linear,0.05,0.151619190300806,2.55966485639179,1.18468001716861,1,,1,11903,25,0.00052
KR-CAL-03,MODEL_A_SWITCHED_EQUATION,noisy,24,0.4,10,sigmaV=10mV; sigmaI=5mA,fsADC=5000000Hz; phase=0.37; guard=0.5us; window=2us; method=timestamped_linear,0.05,0.125484647343171,2.54115427564729,0.987619276371619,1,,1,11903,26,0.00054
KR-CAL-03,MODEL_A_SWITCHED_EQUATION,noisy,24,0.4,10,sigmaV=10mV; sigmaI=5mA,fsADC=5000000Hz; phase=0.37; guard=0.5us; window=2us; method=timestamped_linear,0.05,0.114553638929891,2.53073375087566,0.905299807933209,1,,1,11903,27,0.00056
KR-CAL-03,MODEL_A_SWITCHED_EQUATION,noisy,24,0.4,10,sigmaV=10mV; sigmaI=5mA,fsADC=5000000Hz; phase=0.37; guard=0.5us; window=2us; method=timestamped_linear,0.05,0.116412465233765,2.53549456570743,0.918262391947069,1,,1,11903,28,0.00058
KR-CAL-03,MODEL_A_SWITCHED_EQUATION,noisy,24,0.4,10,sigmaV=10mV; sigmaI=5mA,fsADC=5000000Hz; phase=0.37; guard=0.5us; window=2us; method=timestamped_linear,0.05,0.120574016660058,2.51569667838837,0.958573564896554,1,,1,11903,29,0.0006
KR-CAL-03,MODEL_A_SWITCHED_EQUATION,noisy,24,0.4,10,sigmaV=10mV; sigmaI=5mA,fsADC=5000000Hz; phase=0.37; guard=0.5us; window=2us; method=timestamped_linear,0.05,0.124430387648374,2.51140195731635,0.990923713234171,1,,1,11903,30,0.00062
KR-CAL-03,MODEL_A_SWITCHED_EQUATION,noisy,24,0.4,10,sigmaV=10mV; sigmaI=5mA,fsADC=5000000Hz; phase=0.37; guard=0.5us; window=2us; method=timestamped_linear,0.05,0.114248458492028,2.50927124298605,0.910610670818288,1,,1,11903,31,0.00064
KR-CAL-03,MODEL_A_SWITCHED_EQUATION,noisy,24,0.4,10,sigmaV=10mV; sigmaI=5mA,fsADC=5000000Hz; phase=0.37; guard=0.5us; window=2us; method=timestamped_linear,0.05,0.130700458464339,2.49628720253577,1.04715882316403,1,,1,11903,32,0.00066
KR-CAL-03,MODEL_A_SWITCHED_EQUATION,noisy,24,0.4,10,sigmaV=10mV; sigmaI=5mA,fsADC=5000000Hz; phase=0.37; guard=0.5us; window=2us; method=timestamped_linear,0.05,0.0902779222760159,2.48091720593437,0.727778597851396,1,,1,11903,33,0.00068
KR-CAL-03,MODEL_A_SWITCHED_EQUATION,noisy,24,0.4,10,sigmaV=10mV; sigmaI=5mA,fsADC=5000000Hz; phase=0.37; guard=0.5us; window=2us; method=timestamped_linear,0.05,0.119519756965367,2.48089501099343,0.963521281116266,1,,1,11903,34,0.0007
KR-CAL-03,MODEL_A_SWITCHED_EQUATION,noisy,24,0.4,10,sigmaV=10mV; sigmaI=5mA,fsADC=5000000Hz; phase=0.37; guard=0.5us; window=2us; method=timestamped_linear,0.05,0.120296579898323,2.47724394320869,0.971213030740176,1,,1,11903,35,0.00072
KR-CAL-03,MODEL_A_SWITCHED_EQUATION,noisy,24,0.4,10,sigmaV=10mV; sigmaI=5mA,fsADC=5000000Hz; phase=0.37; guard=0.5us; window=2us; method=timestamped_linear,0.05,0.112250913807216,2.46581354862426,0.910457433976253,1,,1,11903,36,0.00074
KR-CAL-03,MODEL_A_SWITCHED_EQUATION,noisy,24,0.4,10,sigmaV=10mV; sigmaI=5mA,fsADC=5000000Hz; phase=0.37; guard=0.5us; window=2us; method=timestamped_linear,0.05,0.108089362380916,2.4495668518557,0.882518166826364,1,,1,11903,37,0.00076
KR-CAL-03,MODEL_A_SWITCHED_EQUATION,noisy,24,0.4,10,sigmaV=10mV; sigmaI=5mA,fsADC=5000000Hz; phase=0.37; guard=0.5us; window=2us; method=timestamped_linear,0.05,0.118964883441912,2.4497555088537,0.971238827809216,1,,1,11903,38,0.00078
KR-CAL-03,MODEL_A_SWITCHED_EQUATION,noisy,24,0.4,10,sigmaV=10mV; sigmaI=5mA,fsADC=5000000Hz; phase=0.37; guard=0.5us; window=2us; method=timestamped_linear,0.05,0.128009321875204,2.43125602557967,1.05303037218949,1,,1,11903,39,0.0008
KR-CAL-03,MODEL_A_SWITCHED_EQUATION,noisy,24,0.4,10,sigmaV=10mV; sigmaI=5mA,fsADC=5000000Hz; phase=0.37; guard=0.5us; window=2us; method=timestamped_linear,0.05,0.137858326917566,2.41822759524751,1.1401600675511,1,,1,11903,40,0.00082
KR-CAL-03,MODEL_A_SWITCHED_EQUATION,noisy,24,0.4,10,sigmaV=10mV; sigmaI=5mA,fsADC=5000000Hz; phase=0.37; guard=0.5us; window=2us; method=timestamped_linear,0.05,0.123181922220496,2.38792040339305,1.03170877928313,1,,1,11903,41,0.00084
KR-CAL-03,MODEL_A_SWITCHED_EQUATION,noisy,24,0.4,10,sigmaV=10mV; sigmaI=5mA,fsADC=5000000Hz; phase=0.37; guard=0.5us; window=2us; method=timestamped_linear,0.05,0.147513126226663,2.39279219292953,1.23297899970211,1,,1,11903,42,0.00086
KR-CAL-03,MODEL_A_SWITCHED_EQUATION,noisy,24,0.4,10,sigmaV=10mV; sigmaI=5mA,fsADC=5000000Hz; phase=0.37; guard=0.5us; window=2us; method=timestamped_linear,0.05,0.122377355611519,2.3913051318865,1.02351936588683,1,,1,11903,43,0.00088
KR-CAL-03,MODEL_A_SWITCHED_EQUATION,noisy,24,0.4,10,sigmaV=10mV; sigmaI=5mA,fsADC=5000000Hz; phase=0.37; guard=0.5us; window=2us; method=timestamped_linear,0.05,0.0887797637625241,2.3672236209659,0.75007500750013,1,,1,11903,44,0.0009
KR-CAL-03,MODEL_A_SWITCHED_EQUATION,noisy,24,0.4,10,sigmaV=10mV; sigmaI=5mA,fsADC=5000000Hz; phase=0.37; guard=0.5us; window=2us; method=timestamped_linear,0.05,0.104232991392642,2.36876616936127,0.880061466098601,1,,1,11903,45,0.00092
KR-CAL-03,MODEL_A_SWITCHED_EQUATION,noisy,24,0.4,10,sigmaV=10mV; sigmaI=5mA,fsADC=5000000Hz; phase=0.37; guard=0.5us; window=2us; method=timestamped_linear,0.05,0.118354522565966,2.36601399668463,1.00045496545506,1,,1,11903,46,0.00094
KR-CAL-03,MODEL_A_SWITCHED_EQUATION,noisy,24,0.4,10,sigmaV=10mV; sigmaI=5mA,fsADC=5000000Hz; phase=0.37; guard=0.5us; window=2us; method=timestamped_linear,0.05,0.129646198769542,2.34938998592008,1.10365839257436,1,,1,11903,47,0.00096
KR-CAL-03,MODEL_A_SWITCHED_EQUATION,noisy,24,0.4,10,sigmaV=10mV; sigmaI=5mA,fsADC=5000000Hz; phase=0.37; guard=0.5us; window=2us; method=timestamped_linear,0.05,0.153117348814227,2.34689305506427,1.30485152260195,1,,1,11903,48,0.00098
KR-CAL-03,MODEL_A_SWITCHED_EQUATION,noisy,24,0.4,10,sigmaV=10mV; sigmaI=5mA,fsADC=5000000Hz; phase=0.37; guard=0.5us; window=2us; method=timestamped_linear,0.05,0.121239864888352,2.31972644735291,1.04529450036405,1,,1,11903,49,0.001
KR-CAL-03,MODEL_A_SWITCHED_EQUATION,noisy,24,0.4,10,sigmaV=10mV; sigmaI=5mA,fsADC=5000000Hz; phase=0.37; guard=0.5us; window=2us; method=timestamped_linear,0.05,0.113943278054101,2.31918267129986,0.9826158108558,1,,1,11903,50,0.00102
KR-CAL-03,MODEL_A_SWITCHED_EQUATION,noisy,24,0.4,10,sigmaV=10mV; sigmaI=5mA,fsADC=5000000Hz; phase=0.37; guard=0.5us; window=2us; method=timestamped_linear,0.05,0.137913814269943,2.29384714621611,1.20246734397663,1,,1,11903,51,0.00104
KR-CAL-03,MODEL_A_SWITCHED_EQUATION,noisy,24,0.4,10,sigmaV=10mV; sigmaI=5mA,fsADC=5000000Hz; phase=0.37; guard=0.5us; window=2us; method=timestamped_linear,0.05,0.116995082433306,2.29152777488781,1.02110987888011,1,,1,11903,52,0.00106
KR-CAL-03,MODEL_A_SWITCHED_EQUATION,noisy,24,0.4,10,sigmaV=10mV; sigmaI=5mA,fsADC=5000000Hz; phase=0.37; guard=0.5us; window=2us; method=timestamped_linear,0.05,0.114303945844497,2.26864479077801,1.00768481966979,1,,1,11903,53,0.00108
KR-CAL-03,MODEL_A_SWITCHED_EQUATION,noisy,24,0.4,10,sigmaV=10mV; sigmaI=5mA,fsADC=5000000Hz; phase=0.37; guard=0.5us; window=2us; method=timestamped_linear,0.05,0.116440208909843,2.27645740998911,1.02299483749534,1,,1,11903,54,0.0011
KR-CAL-03,MODEL_A_SWITCHED_EQUATION,noisy,24,0.4,10,sigmaV=10mV; sigmaI=5mA,fsADC=5000000Hz; phase=0.37; guard=0.5us; window=2us; method=timestamped_linear,0.05,0.112639325273882,2.27685691892605,0.989428227462024,1,,1,11903,55,0.00112
KR-CAL-03,MODEL_A_SWITCHED_EQUATION,noisy,24,0.4,10,sigmaV=10mV; sigmaI=5mA,fsADC=5000000Hz; phase=0.37; guard=0.5us; window=2us; method=timestamped_linear,0.05,0.104399453449439,2.26271874154685,0.922778881285696,1,,1,11903,56,0.00114
KR-CAL-03,MODEL_A_SWITCHED_EQUATION,noisy,24,0.4,10,sigmaV=10mV; sigmaI=5mA,fsADC=5000000Hz; phase=0.37; guard=0.5us; window=2us; method=timestamped_linear,0.05,0.112195426455088,2.23479750584352,1.00407688984546,1,,1,11903,57,0.00116
KR-CAL-03,MODEL_A_SWITCHED_EQUATION,noisy,24,0.4,10,sigmaV=10mV; sigmaI=5mA,fsADC=5000000Hz; phase=0.37; guard=0.5us; window=2us; method=timestamped_linear,0.05,0.122072175173543,2.2351748198395,1.09228302046019,1,,1,11903,58,0.00118
KR-CAL-03,MODEL_A_SWITCHED_EQUATION,noisy,24,0.4,10,sigmaV=10mV; sigmaI=5mA,fsADC=5000000Hz; phase=0.37; guard=0.5us; window=2us; method=timestamped_linear,0.05,0.107534488857496,2.2249318545954,0.96663175220754,1,,1,11903,59,0.0012
KR-CAL-03,MODEL_A_SWITCHED_EQUATION,noisy,24,0.4,10,sigmaV=10mV; sigmaI=5mA,fsADC=5000000Hz; phase=0.37; guard=0.5us; window=2us; method=timestamped_linear,0.05,0.0966867114727137,2.21013892645845,0.874937863093028,1,,1,11903,60,0.00122
KR-CAL-03,MODEL_A_SWITCHED_EQUATION,noisy,24,0.4,10,sigmaV=10mV; sigmaI=5mA,fsADC=5000000Hz; phase=0.37; guard=0.5us; window=2us; method=timestamped_linear,0.05,0.120906940774233,2.19603404149067,1.10113903964951,1,,1,11903,61,0.00124
KR-CAL-03,MODEL_A_SWITCHED_EQUATION,noisy,24,0.4,10,sigmaV=10mV; sigmaI=5mA,fsADC=5000000Hz; phase=0.37; guard=0.5us; window=2us; method=timestamped_linear,0.05,0.0896398177239419,2.20244837942252,0.814001531762988,1,,1,11903,62,0.00126
KR-CAL-03,MODEL_A_SWITCHED_EQUATION,noisy,24,0.4,10,sigmaV=10mV; sigmaI=5mA,fsADC=5000000Hz; phase=0.37; guard=0.5us; window=2us; method=timestamped_linear,0.05,0.0710238110101926,2.18007587895434,0.651571917251418,1,,1,11903,63,0.00128
KR-CAL-03,MODEL_A_SWITCHED_EQUATION,noisy,24,0.4,10,sigmaV=10mV; sigmaI=5mA,fsADC=5000000Hz; phase=0.37; guard=0.5us; window=2us; method=timestamped_linear,0.05,0.124125207210504,2.17012144794246,1.14394710331249,1,,1,11903,64,0.0013
KR-CAL-03,MODEL_A_SWITCHED_EQUATION,noisy,24,0.4,10,sigmaV=10mV; sigmaI=5mA,fsADC=5000000Hz; phase=0.37; guard=0.5us; window=2us; method=timestamped_linear,0.05,0.120879197097899,2.16729159297254,1.1154862362762,1,,1,11903,65,0.00132
KR-CAL-03,MODEL_A_SWITCHED_EQUATION,noisy,24,0.4,10,sigmaV=10mV; sigmaI=5mA,fsADC=5000000Hz; phase=0.37; guard=0.5us; window=2us; method=timestamped_linear,0.05,0.0993223607093654,2.15503998557329,0.921768146988173,1,,1,11903,66,0.00134
KR-CAL-03,MODEL_A_SWITCHED_EQUATION,noisy,24,0.4,10,sigmaV=10mV; sigmaI=5mA,fsADC=5000000Hz; phase=0.37; guard=0.5us; window=2us; method=timestamped_linear,0.05,0.111640552931462,2.15373048405779,1.03671795294574,1,,1,11903,67,0.00136
KR-CAL-03,MODEL_A_SWITCHED_EQUATION,noisy,24,0.4,10,sigmaV=10mV; sigmaI=5mA,fsADC=5000000Hz; phase=0.37; guard=0.5us; window=2us; method=timestamped_linear,0.05,0.098018407929203,2.15394133599673,0.910130710536231,1,,1,11903,68,0.00138
KR-CAL-03,MODEL_A_SWITCHED_EQUATION,noisy,24,0.4,10,sigmaV=10mV; sigmaI=5mA,fsADC=5000000Hz; phase=0.37; guard=0.5us; window=2us; method=timestamped_linear,0.05,0.102707089202781,2.13426552085285,0.962458402661532,1,,1,11903,69,0.0014
KR-CAL-03,MODEL_A_SWITCHED_EQUATION,noisy,24,0.4,10,sigmaV=10mV; sigmaI=5mA,fsADC=5000000Hz; phase=0.37; guard=0.5us; window=2us; method=timestamped_linear,0.05,0.114387176872782,2.12805093738946,1.07504171881434,1,,1,11903,70,0.00142
KR-CAL-03,MODEL_A_SWITCHED_EQUATION,noisy,24,0.4,10,sigmaV=10mV; sigmaI=5mA,fsADC=5000000Hz; phase=0.37; guard=0.5us; window=2us; method=timestamped_linear,0.05,0.0888629947909934,2.10573392427364,0.844009718100031,1,,1,11903,71,0.00144
KR-CAL-03,MODEL_A_SWITCHED_EQUATION,noisy,24,0.4,10,sigmaV=10mV; sigmaI=5mA,fsADC=5000000Hz; phase=0.37; guard=0.5us; window=2us; method=timestamped_linear,0.05,0.111057935731864,2.10379186694133,1.05578824100437,1,,1,11903,72,0.00146
KR-CAL-03,MODEL_A_SWITCHED_EQUATION,noisy,24,0.4,10,sigmaV=10mV; sigmaI=5mA,fsADC=5000000Hz; phase=0.37; guard=0.5us; window=2us; method=timestamped_linear,0.05,0.101652829508289,2.09843178870417,0.968845688056051,1,,1,11903,73,0.00148
KR-CAL-03,MODEL_A_SWITCHED_EQUATION,noisy,24,0.4,10,sigmaV=10mV; sigmaI=5mA,fsADC=5000000Hz; phase=0.37; guard=0.5us; window=2us; method=timestamped_linear,0.05,0.0932742393030566,2.09261671417771,0.891460329749956,1,,1,11903,74,0.0015
KR-CAL-03,MODEL_A_SWITCHED_EQUATION,noisy,24,0.4,10,sigmaV=10mV; sigmaI=5mA,fsADC=5000000Hz; phase=0.37; guard=0.5us; window=2us; method=timestamped_linear,0.05,0.107035102686254,2.0705549428827,1.03387841075336,1,,1,11903,75,0.00152
KR-CAL-03,MODEL_A_SWITCHED_EQUATION,noisy,24,0.4,10,sigmaV=10mV; sigmaI=5mA,fsADC=5000000Hz; phase=0.37; guard=0.5us; window=2us; method=timestamped_linear,0.05,0.103733605221414,2.07519368553931,0.999748659069921,1,,1,11903,76,0.00154
KR-CAL-03,MODEL_A_SWITCHED_EQUATION,noisy,24,0.4,10,sigmaV=10mV; sigmaI=5mA,fsADC=5000000Hz; phase=0.37; guard=0.5us; window=2us; method=timestamped_linear,0.05,0.103150988021667,2.06454011388779,0.9992635873509,1,,1,11903,77,0.00156
KR-CAL-03,MODEL_A_SWITCHED_EQUATION,noisy,24,0.4,10,sigmaV=10mV; sigmaI=5mA,fsADC=5000000Hz; phase=0.37; guard=0.5us; window=2us; method=timestamped_linear,0.05,0.0981293826338288,2.0673810663282,0.94931103154691,1,,1,11903,78,0.00158
KR-CAL-03,MODEL_A_SWITCHED_EQUATION,noisy,24,0.4,10,sigmaV=10mV; sigmaI=5mA,fsADC=5000000Hz; phase=0.37; guard=0.5us; window=2us; method=timestamped_linear,0.05,0.0983513320432507,2.04736122959972,0.960761888242645,1,,1,11903,79,0.0016
KR-CAL-03,MODEL_A_SWITCHED_EQUATION,noisy,24,0.4,10,sigmaV=10mV; sigmaI=5mA,fsADC=5000000Hz; phase=0.37; guard=0.5us; window=2us; method=timestamped_linear,0.05,0.104815608592212,2.03680753518245,1.02921465854477,1,,1,11903,80,0.00162
KR-CAL-03,MODEL_A_SWITCHED_EQUATION,noisy,24,0.4,10,sigmaV=10mV; sigmaI=5mA,fsADC=5000000Hz; phase=0.37; guard=0.5us; window=2us; method=timestamped_linear,0.05,0.10131990539405,2.04773854359572,0.989578534925043,1,,1,11903,81,0.00164
KR-CAL-03,MODEL_A_SWITCHED_EQUATION,noisy,24,0.4,10,sigmaV=10mV; sigmaI=5mA,fsADC=5000000Hz; phase=0.37; guard=0.5us; window=2us; method=timestamped_linear,0.05,0.0982958446909663,2.04630696990506,0.960714556873418,1,,1,11903,82,0.00166
KR-CAL-03,MODEL_A_SWITCHED_EQUATION,noisy,24,0.4,10,sigmaV=10mV; sigmaI=5mA,fsADC=5000000Hz; phase=0.37; guard=0.5us; window=2us; method=timestamped_linear,0.05,0.0831200538227606,2.02795175374713,0.81974389843522,1,,1,11903,83,0.00168
KR-CAL-03,MODEL_A_SWITCHED_EQUATION,noisy,24,0.4,10,sigmaV=10mV; sigmaI=5mA,fsADC=5000000Hz; phase=0.37; guard=0.5us; window=2us; method=timestamped_linear,0.05,0.10725705209574,2.02944991226063,1.0570061517435,1,,1,11903,84,0.0017
KR-CAL-03,MODEL_A_SWITCHED_EQUATION,noisy,24,0.4,10,sigmaV=10mV; sigmaI=5mA,fsADC=5000000Hz; phase=0.37; guard=0.5us; window=2us; method=timestamped_linear,0.05,0.128564195398674,2.02202570451598,1.27163759700522,1,,1,11903,85,0.00172
KR-CAL-03,MODEL_A_SWITCHED_EQUATION,noisy,24,0.4,10,sigmaV=10mV; sigmaI=5mA,fsADC=5000000Hz; phase=0.37; guard=0.5us; window=2us; method=timestamped_linear,0.05,0.0892514062576097,2.01980621042192,0.883762073778017,1,,1,11903,86,0.00174
KR-CAL-03,MODEL_A_SWITCHED_EQUATION,noisy,24,0.4,10,sigmaV=10mV; sigmaI=5mA,fsADC=5000000Hz; phase=0.37; guard=0.5us; window=2us; method=timestamped_linear,0.05,0.0871983742204918,2.00717728902668,0.868865692106111,1,,1,11903,87,0.00176
KR-CAL-03,MODEL_A_SWITCHED_EQUATION,noisy,24,0.4,10,sigmaV=10mV; sigmaI=5mA,fsADC=5000000Hz; phase=0.37; guard=0.5us; window=2us; method=timestamped_linear,0.05,0.10309550066934,2.01372479660418,1.02392840216493,1,,1,11903,88,0.00178
KR-CAL-03,MODEL_A_SWITCHED_EQUATION,noisy,24,0.4,10,sigmaV=10mV; sigmaI=5mA,fsADC=5000000Hz; phase=0.37; guard=0.5us; window=2us; method=timestamped_linear,0.05,0.106757665924555,2.00824264619183,1.06319488959161,1,,1,11903,89,0.0018
KR-CAL-03,MODEL_A_SWITCHED_EQUATION,noisy,24,0.4,10,sigmaV=10mV; sigmaI=5mA,fsADC=5000000Hz; phase=0.37; guard=0.5us; window=2us; method=timestamped_linear,0.05,0.0798740437101131,2.00939678312076,0.795005191419309,1,,1,11903,90,0.00182
KR-CAL-03,MODEL_A_SWITCHED_EQUATION,noisy,24,0.4,10,sigmaV=10mV; sigmaI=5mA,fsADC=5000000Hz; phase=0.37; guard=0.5us; window=2us; method=timestamped_linear,0.05,0.0785700909297731,2.00870873995159,0.782294509573018,1,,1,11903,91,0.00184
KR-CAL-03,MODEL_A_SWITCHED_EQUATION,noisy,24,0.4,10,sigmaV=10mV; sigmaI=5mA,fsADC=5000000Hz; phase=0.37; guard=0.5us; window=2us; method=timestamped_linear,0.05,0.0767112646261623,2.00402560741311,0.765571700704809,1,,1,11903,92,0.00186
KR-CAL-03,MODEL_A_SWITCHED_EQUATION,noisy,24,0.4,10,sigmaV=10mV; sigmaI=5mA,fsADC=5000000Hz; phase=0.37; guard=0.5us; window=2us; method=timestamped_linear,0.05,0.0931355209222033,1.99825492276854,0.932168562289,1,,1,11903,93,0.00188
KR-CAL-03,MODEL_A_SWITCHED_EQUATION,noisy,24,0.4,10,sigmaV=10mV; sigmaI=5mA,fsADC=5000000Hz; phase=0.37; guard=0.5us; window=2us; method=timestamped_linear,0.05,0.0995997974711926,2.00238318178351,0.994812565120325,1,,1,11903,94,0.0019
KR-CAL-03,MODEL_A_SWITCHED_EQUATION,noisy,24,0.4,10,sigmaV=10mV; sigmaI=5mA,fsADC=5000000Hz; phase=0.37; guard=0.5us; window=2us; method=timestamped_linear,0.05,0.0881416592104927,1.99543616526908,0.88343251209549,1,,1,11903,95,0.00192
KR-CAL-03,MODEL_A_SWITCHED_EQUATION,noisy,24,0.4,10,sigmaV=10mV; sigmaI=5mA,fsADC=5000000Hz; phase=0.37; guard=0.5us; window=2us; method=timestamped_linear,0.05,0.0737704349514772,1.98700208771163,0.74253001954755,1,,1,11903,96,0.00194
KR-CAL-03,MODEL_A_SWITCHED_EQUATION,noisy,24,0.4,10,sigmaV=10mV; sigmaI=5mA,fsADC=5000000Hz; phase=0.37; guard=0.5us; window=2us; method=timestamped_linear,0.05,0.085006623802677,1.9998418610458,0.850133457634728,1,,1,11903,97,0.00196
KR-CAL-03,MODEL_A_SWITCHED_EQUATION,noisy,24,0.4,10,sigmaV=10mV; sigmaI=5mA,fsADC=5000000Hz; phase=0.37; guard=0.5us; window=2us; method=timestamped_linear,0.05,0.0908327957996491,1.99581347926508,0.9102333133164,1,,1,11903,98,0.00198
KR-CAL-03,MODEL_A_SWITCHED_EQUATION,noisy,24,0.4,10,sigmaV=10mV; sigmaI=5mA,fsADC=5000000Hz; phase=0.37; guard=0.5us; window=2us; method=timestamped_linear,0.05,0.092996802541343,1.99645713255235,0.931618325533011,1,,1,11903,99,0.002
KR-CAL-03,MODEL_A_SWITCHED_EQUATION,noisy,24,0.4,10,sigmaV=10mV; sigmaI=5mA,fsADC=5000000Hz; phase=0.37; guard=0.5us; window=2us; method=timestamped_linear,0.05,0.0857279593833127,1.98582575584178,0.863398605150763,1,,1,11903,100,0.00202
KR-CAL-03,MODEL_A_SWITCHED_EQUATION,noisy,24,0.4,10,sigmaV=10mV; sigmaI=5mA,fsADC=5000000Hz; phase=0.37; guard=0.5us; window=2us; method=timestamped_linear,0.05,0.0915263877040786,1.99158534301588,0.91913096292905,1,,1,11903,101,0.00204
KR-CAL-03,MODEL_A_SWITCHED_EQUATION,noisy,24,0.4,10,sigmaV=10mV; sigmaI=5mA,fsADC=5000000Hz; phase=0.37; guard=0.5us; window=2us; method=timestamped_linear,0.05,0.0958821448636513,1.98494905567462,0.966091745171407,1,,1,11903,102,0.00206
KR-CAL-03,MODEL_A_SWITCHED_EQUATION,noisy,24,0.4,10,sigmaV=10mV; sigmaI=5mA,fsADC=5000000Hz; phase=0.37; guard=0.5us; window=2us; method=timestamped_linear,0.05,0.101874778917434,1.99233997100786,1.02266460945316,1,,1,11903,103,0.00208
KR-CAL-03,MODEL_A_SWITCHED_EQUATION,noisy,24,0.4,10,sigmaV=10mV; sigmaI=5mA,fsADC=5000000Hz; phase=0.37; guard=0.5us; window=2us; method=timestamped_linear,0.05,0.120684991364833,1.99218460642128,1.21158441818933,1,,1,11903,104,0.0021
KR-CAL-03,MODEL_A_SWITCHED_EQUATION,noisy,24,0.4,10,sigmaV=10mV; sigmaI=5mA,fsADC=5000000Hz; phase=0.37; guard=0.5us; window=2us; method=timestamped_linear,0.05,0.0941065495884672,2.00221671972646,0.94002361144326,1,,1,11903,105,0.00212
KR-CAL-03,MODEL_A_SWITCHED_EQUATION,noisy,24,0.4,10,sigmaV=10mV; sigmaI=5mA,fsADC=5000000Hz; phase=0.37; guard=0.5us; window=2us; method=timestamped_linear,0.05,0.0870596558397594,1.98727952447339,0.876169202848598,1,,1,11903,106,0.00214
KR-CAL-03,MODEL_A_SWITCHED_EQUATION,noisy,24,0.4,10,sigmaV=10mV; sigmaI=5mA,fsADC=5000000Hz; phase=0.37; guard=0.5us; window=2us; method=timestamped_linear,0.05,0.0832310285274431,2.00119575244318,0.831812964082395,1,,1,11903,107,0.00216
KR-CAL-03,MODEL_A_SWITCHED_EQUATION,noisy,24,0.4,10,sigmaV=10mV; sigmaI=5mA,fsADC=5000000Hz; phase=0.37; guard=0.5us; window=2us; method=timestamped_linear,0.05,0.114914306720173,2.01652135916269,1.13972813824187,1,,1,11903,108,0.00218
KR-CAL-03,MODEL_A_SWITCHED_EQUATION,noisy,24,0.4,10,sigmaV=10mV; sigmaI=5mA,fsADC=5000000Hz; phase=0.37; guard=0.5us; window=2us; method=timestamped_linear,0.05,0.0962150689776777,2.0093412957684,0.957677714386333,1,,1,11903,109,0.0022
KR-CAL-03,MODEL_A_SWITCHED_EQUATION,noisy,24,0.4,10,sigmaV=10mV; sigmaI=5mA,fsADC=5000000Hz; phase=0.37; guard=0.5us; window=2us; method=timestamped_linear,0.05,0.085561497326168,2.00630058885953,0.852927998937636,1,,1,11903,110,0.00222
KR-CAL-03,MODEL_A_SWITCHED_EQUATION,noisy,24,0.4,10,sigmaV=10mV; sigmaI=5mA,fsADC=5000000Hz; phase=0.37; guard=0.5us; window=2us; method=timestamped_linear,0.05,0.095355015016203,2.0033930515963,0.951935167592043,1,,1,11903,111,0.00224
KR-CAL-03,MODEL_A_SWITCHED_EQUATION,noisy,24,0.4,10,sigmaV=10mV; sigmaI=5mA,fsADC=5000000Hz; phase=0.37; guard=0.5us; window=2us; method=timestamped_linear,0.05,0.076683520949878,2.02193692475221,0.758515461200902,1,,1,11903,112,0.00226
KR-CAL-03,MODEL_A_SWITCHED_EQUATION,noisy,24,0.4,10,sigmaV=10mV; sigmaI=5mA,fsADC=5000000Hz; phase=0.37; guard=0.5us; window=2us; method=timestamped_linear,0.05,0.0937181381219361,2.01605526540295,0.929717947024676,1,,1,11903,113,0.00228
KR-CAL-03,MODEL_A_SWITCHED_EQUATION,noisy,24,0.4,10,sigmaV=10mV; sigmaI=5mA,fsADC=5000000Hz; phase=0.37; guard=0.5us; window=2us; method=timestamped_linear,0.05,0.0952995276637978,2.03222427987822,0.937883959043228,1,,1,11903,114,0.0023
KR-CAL-03,MODEL_A_SWITCHED_EQUATION,noisy,24,0.4,10,sigmaV=10mV; sigmaI=5mA,fsADC=5000000Hz; phase=0.37; guard=0.5us; window=2us; method=timestamped_linear,0.05,0.0979906642528903,2.0367520478301,0.962224777014824,1,,1,11903,115,0.00232
KR-CAL-03,MODEL_A_SWITCHED_EQUATION,noisy,24,0.4,10,sigmaV=10mV; sigmaI=5mA,fsADC=5000000Hz; phase=0.37; guard=0.5us; window=2us; method=timestamped_linear,0.05,0.101736060536737,2.03773972270196,0.998518696017168,1,,1,11903,116,0.00234
KR-CAL-03,MODEL_A_SWITCHED_EQUATION,noisy,24,0.4,10,sigmaV=10mV; sigmaI=5mA,fsADC=5000000Hz; phase=0.37; guard=0.5us; window=2us; method=timestamped_linear,0.05,0.108089362380916,2.03997031426649,1.0597150519789,1,,1,11903,117,0.00236
KR-CAL-03,MODEL_A_SWITCHED_EQUATION,noisy,24,0.4,10,sigmaV=10mV; sigmaI=5mA,fsADC=5000000Hz; phase=0.37; guard=0.5us; window=2us; method=timestamped_linear,0.05,0.0953272713401248,2.04922560463874,0.9303736116154,1,,1,11903,118,0.00238
KR-CAL-03,MODEL_A_SWITCHED_EQUATION,noisy,24,0.4,10,sigmaV=10mV; sigmaI=5mA,fsADC=5000000Hz; phase=0.37; guard=0.5us; window=2us; method=timestamped_linear,0.05,0.0942452679692778,2.04112445119541,0.923464200471282,1,,1,11903,119,0.0024
KR-CAL-03,MODEL_A_SWITCHED_EQUATION,noisy,24,0.4,10,sigmaV=10mV; sigmaI=5mA,fsADC=5000000Hz; phase=0.37; guard=0.5us; window=2us; method=timestamped_linear,0.05,0.108006131352596,2.03495425761391,1.06150918084261,1,,1,11903,120,0.00242
KR-CAL-03,MODEL_A_SWITCHED_EQUATION,noisy,24,0.4,10,sigmaV=10mV; sigmaI=5mA,fsADC=5000000Hz; phase=0.37; guard=0.5us; window=2us; method=timestamped_linear,0.05,0.101125699660813,2.05271021036642,0.985289585934889,1,,1,11903,121,0.00244
KR-CAL-03,MODEL_A_SWITCHED_EQUATION,noisy,24,0.4,10,sigmaV=10mV; sigmaI=5mA,fsADC=5000000Hz; phase=0.37; guard=0.5us; window=2us; method=timestamped_linear,0.05,0.105536944172769,2.07195322416197,1.01871937012917,1,,1,11903,122,0.00246
KR-CAL-03,MODEL_A_SWITCHED_EQUATION,noisy,24,0.4,10,sigmaV=10mV; sigmaI=5mA,fsADC=5000000Hz; phase=0.37; guard=0.5us; window=2us; method=timestamped_linear,0.05,0.0901392038951911,2.08302849969135,0.865462992067055,1,,1,11903,123,0.00248
KR-CAL-03,MODEL_A_SWITCHED_EQUATION,noisy,24,0.4,10,sigmaV=10mV; sigmaI=5mA,fsADC=5000000Hz; phase=0.37; guard=0.5us; window=2us; method=timestamped_linear,0.05,0.0987397435097606,2.0915735519535,0.944167069023597,1,,1,11903,124,0.0025
KR-CAL-03,MODEL_A_SWITCHED_EQUATION,noisy,24,0.4,10,sigmaV=10mV; sigmaI=5mA,fsADC=5000000Hz; phase=0.37; guard=0.5us; window=2us; method=timestamped_linear,0.05,0.0810947654619198,2.08574737995658,0.777608700279014,1,,1,11903,125,0.00252
KR-CAL-03,MODEL_A_SWITCHED_EQUATION,noisy,24,0.4,10,sigmaV=10mV; sigmaI=5mA,fsADC=5000000Hz; phase=0.37; guard=0.5us; window=2us; method=timestamped_linear,0.05,0.0783758851965928,2.08808894622582,0.750694891022298,1,,1,11903,126,0.00254
KR-CAL-03,MODEL_A_SWITCHED_EQUATION,noisy,24,0.4,10,sigmaV=10mV; sigmaI=5mA,fsADC=5000000Hz; phase=0.37; guard=0.5us; window=2us; method=timestamped_linear,0.05,0.116135028471994,2.08537006596059,1.11380737997214,1,,1,11903,127,0.00256
KR-CAL-03,MODEL_A_SWITCHED_EQUATION,noisy,24,0.4,10,sigmaV=10mV; sigmaI=5mA,fsADC=5000000Hz; phase=0.37; guard=0.5us; window=2us; method=timestamped_linear,0.05,0.0729103809900806,2.10009640927471,0.694352703695741,1,,1,11903,128,0.00258
KR-CAL-03,MODEL_A_SWITCHED_EQUATION,noisy,24,0.4,10,sigmaV=10mV; sigmaI=5mA,fsADC=5000000Hz; phase=0.37; guard=0.5us; window=2us; method=timestamped_linear,0.05,0.100432107756419,2.10294845918559,0.955155199526981,1,,1,11903,129,0.0026
KR-CAL-03,MODEL_A_SWITCHED_EQUATION,noisy,24,0.4,10,sigmaV=10mV; sigmaI=5mA,fsADC=5000000Hz; phase=0.37; guard=0.5us; window=2us; method=timestamped_linear,0.05,0.0967976861774602,2.12918287937744,0.909247271476869,1,,1,11903,130,0.00262
KR-CAL-03,MODEL_A_SWITCHED_EQUATION,noisy,24,0.4,10,sigmaV=10mV; sigmaI=5mA,fsADC=5000000Hz; phase=0.37; guard=0.5us; window=2us; method=timestamped_linear,0.05,0.105842124610774,2.1265083889941,0.995454569176101,1,,1,11903,131,0.00264
KR-CAL-03,MODEL_A_SWITCHED_EQUATION,noisy,24,0.4,10,sigmaV=10mV; sigmaI=5mA,fsADC=5000000Hz; phase=0.37; guard=0.5us; window=2us; method=timestamped_linear,0.05,0.108477773847341,2.1452742115594,1.0113184903154,1,,1,11903,132,0.00266
KR-CAL-03,MODEL_A_SWITCHED_EQUATION,noisy,24,0.4,10,sigmaV=10mV; sigmaI=5mA,fsADC=5000000Hz; phase=0.37; guard=0.5us; window=2us; method=timestamped_linear,0.05,0.126178239247608,2.15419657781755,1.17146448515336,1,,1,11903,133,0.00268
KR-CAL-03,MODEL_A_SWITCHED_EQUATION,noisy,24,0.4,10,sigmaV=10mV; sigmaI=5mA,fsADC=5000000Hz; phase=0.37; guard=0.5us; window=2us; method=timestamped_linear,0.05,0.12340387162989,2.15066758220798,1.14758666239994,1,,1,11903,134,0.0027
KR-CAL-03,MODEL_A_SWITCHED_EQUATION,noisy,24,0.4,10,sigmaV=10mV; sigmaI=5mA,fsADC=5000000Hz; phase=0.37; guard=0.5us; window=2us; method=timestamped_linear,0.05,0.105620175201324,2.15468486651824,0.980377008652739,1,,1,11903,135,0.00272
KR-CAL-03,MODEL_A_SWITCHED_EQUATION,noisy,24,0.4,10,sigmaV=10mV; sigmaI=5mA,fsADC=5000000Hz; phase=0.37; guard=0.5us; window=2us; method=timestamped_linear,0.05,0.0976022527865581,2.16319662636898,0.902389099509532,1,,1,11903,136,0.00274
KR-CAL-03,MODEL_A_SWITCHED_EQUATION,noisy,24,0.4,10,sigmaV=10mV; sigmaI=5mA,fsADC=5000000Hz; phase=0.37; guard=0.5us; window=2us; method=timestamped_linear,0.05,0.10786741297148,2.16330760107369,0.997245263853767,1,,1,11903,137,0.00276
KR-CAL-03,MODEL_A_SWITCHED_EQUATION,noisy,24,0.4,10,sigmaV=10mV; sigmaI=5mA,fsADC=5000000Hz; phase=0.37; guard=0.5us; window=2us; method=timestamped_linear,0.05,0.079402401215205,2.18257280981017,0.727603687339175,1,,1,11903,138,0.00278
KR-CAL-03,MODEL_A_SWITCHED_EQUATION,noisy,24,0.4,10,sigmaV=10mV; sigmaI=5mA,fsADC=5000000Hz; phase=0.37; guard=0.5us; window=2us; method=timestamped_linear,0.05,0.106674434896,2.18457035449483,0.976617069590031,1,,1,11903,139,0.0028
KR-CAL-03,MODEL_A_SWITCHED_EQUATION,noisy,24,0.4,10,sigmaV=10mV; sigmaI=5mA,fsADC=5000000Hz; phase=0.37; guard=0.5us; window=2us; method=timestamped_linear,0.05,0.11155732190295,2.20413519493401,1.01225480323851,1,,1,11903,140,0.00282
KR-CAL-03,MODEL_A_SWITCHED_EQUATION,noisy,24,0.4,10,sigmaV=10mV; sigmaI=5mA,fsADC=5000000Hz; phase=0.37; guard=0.5us; window=2us; method=timestamped_linear,0.05,0.103234219050123,2.20999465934234,0.934248583938602,1,,1,11903,141,0.00284
KR-CAL-03,MODEL_A_SWITCHED_EQUATION,noisy,24,0.4,10,sigmaV=10mV; sigmaI=5mA,fsADC=5000000Hz; phase=0.37; guard=0.5us; window=2us; method=timestamped_linear,0.05,0.117383493899958,2.22037079423208,1.05733235372117,1,,1,11903,142,0.00286
KR-CAL-03,MODEL_A_SWITCHED_EQUATION,noisy,24,0.4,10,sigmaV=10mV; sigmaI=5mA,fsADC=5000000Hz; phase=0.37; guard=0.5us; window=2us; method=timestamped_linear,0.05,0.0997940032043871,2.22189114768653,0.898279857753557,1,,1,11903,143,0.00288
KR-CAL-03,MODEL_A_SWITCHED_EQUATION,noisy,24,0.4,10,sigmaV=10mV; sigmaI=5mA,fsADC=5000000Hz; phase=0.37; guard=0.5us; window=2us; method=timestamped_linear,0.05,0.104982070649363,2.23503055272338,0.939424031778384,1,,1,11903,144,0.0029
KR-CAL-03,MODEL_A_SWITCHED_EQUATION,noisy,24,0.4,10,sigmaV=10mV; sigmaI=5mA,fsADC=5000000Hz; phase=0.37; guard=0.5us; window=2us; method=timestamped_linear,0.05,0.102485139793458,2.23661749100066,0.916429744521105,1,,1,11903,145,0.00292
KR-CAL-03,MODEL_A_SWITCHED_EQUATION,noisy,24,0.4,10,sigmaV=10mV; sigmaI=5mA,fsADC=5000000Hz; phase=0.37; guard=0.5us; window=2us; method=timestamped_linear,0.05,0.106369254458038,2.24529571290845,0.947485481279898,1,,1,11903,146,0.00294
KR-CAL-03,MODEL_A_SWITCHED_EQUATION,noisy,24,0.4,10,sigmaV=10mV; sigmaI=5mA,fsADC=5000000Hz; phase=0.37; guard=0.5us; window=2us; method=timestamped_linear,0.05,0.100820519222871,2.25307503970815,0.894959266300615,1,,1,11903,147,0.00296
KR-CAL-04,MODEL_B_SIMSCAPE_ESL_10nH,modelB_parasitic_nominal,24,0.4,10,sigmaV=1mV; sigmaI=0.5mA,fsADC=5000000Hz; phase=0.37; guard=0.5us; window=2us; method=timestamped_linear,0.05,0.131033382578437,2.65649028624538,0.986515051509083,1,,1,11904,1,4e-05
KR-CAL-04,MODEL_B_SIMSCAPE_ESL_10nH,modelB_parasitic_nominal,24,0.4,10,sigmaV=1mV; sigmaI=0.5mA,fsADC=5000000Hz; phase=0.37; guard=0.5us; window=2us; method=timestamped_linear,0.05,0.128342245989302,2.65166288659078,0.968013291872936,1,,1,11904,2,6e-05
KR-CAL-04,MODEL_B_SIMSCAPE_ESL_10nH,modelB_parasitic_nominal,24,0.4,10,sigmaV=1mV; sigmaI=0.5mA,fsADC=5000000Hz; phase=0.37; guard=0.5us; window=2us; method=timestamped_linear,0.05,0.128564195398631,2.65058643195516,0.970081140148282,1,,1,11904,3,8e-05
KR-CAL-04,MODEL_B_SIMSCAPE_ESL_10nH,modelB_parasitic_nominal,24,0.4,10,sigmaV=1mV; sigmaI=0.5mA,fsADC=5000000Hz; phase=0.37; guard=0.5us; window=2us; method=timestamped_linear,0.05,0.127815116142067,2.64564805759587,0.966229168502583,1,,1,11904,4,0.0001
KR-CAL-04,MODEL_B_SIMSCAPE_ESL_10nH,modelB_parasitic_nominal,24,0.4,10,sigmaV=1mV; sigmaI=0.5mA,fsADC=5000000Hz; phase=0.37; guard=0.5us; window=2us; method=timestamped_linear,0.05,0.128591939074965,2.63961103366002,0.974324909505044,1,,1,11904,5,0.00012
KR-CAL-04,MODEL_B_SIMSCAPE_ESL_10nH,modelB_parasitic_nominal,24,0.4,10,sigmaV=1mV; sigmaI=0.5mA,fsADC=5000000Hz; phase=0.37; guard=0.5us; window=2us; method=timestamped_linear,0.05,0.129951379207412,2.63567143164305,0.986096959182823,1,,1,11904,6,0.00014
KR-CAL-04,MODEL_B_SIMSCAPE_ESL_10nH,modelB_parasitic_nominal,24,0.4,10,sigmaV=1mV; sigmaI=0.5mA,fsADC=5000000Hz; phase=0.37; guard=0.5us; window=2us; method=timestamped_linear,0.05,0.128369989665394,2.63073305728375,0.975925621263429,1,,1,11904,7,0.00016
KR-CAL-04,MODEL_B_SIMSCAPE_ESL_10nH,modelB_parasitic_nominal,24,0.4,10,sigmaV=1mV; sigmaI=0.5mA,fsADC=5000000Hz; phase=0.37; guard=0.5us; window=2us; method=timestamped_linear,0.05,0.12542915999083,2.62497347010965,0.955660401288477,1,,1,11904,8,0.00018
KR-CAL-04,MODEL_B_SIMSCAPE_ESL_10nH,modelB_parasitic_nominal,24,0.4,10,sigmaV=1mV; sigmaI=0.5mA,fsADC=5000000Hz; phase=0.37; guard=0.5us; window=2us; method=timestamped_linear,0.05,0.129174556274521,2.61924717534697,0.986348730202669,1,,1,11904,9,0.0002
KR-CAL-04,MODEL_B_SIMSCAPE_ESL_10nH,modelB_parasitic_nominal,24,0.4,10,sigmaV=1mV; sigmaI=0.5mA,fsADC=5000000Hz; phase=0.37; guard=0.5us; window=2us; method=timestamped_linear,0.05,0.129063581569888,2.61224467148019,0.988143132065463,1,,1,11904,10,0.00022
KR-CAL-04,MODEL_B_SIMSCAPE_ESL_10nH,modelB_parasitic_nominal,24,0.4,10,sigmaV=1mV; sigmaI=0.5mA,fsADC=5000000Hz; phase=0.37; guard=0.5us; window=2us; method=timestamped_linear,0.05,0.127482192027919,2.60645179189468,0.978204871652354,1,,1,11904,11,0.00024
KR-CAL-04,MODEL_B_SIMSCAPE_ESL_10nH,modelB_parasitic_nominal,24,0.4,10,sigmaV=1mV; sigmaI=0.5mA,fsADC=5000000Hz; phase=0.37; guard=0.5us; window=2us; method=timestamped_linear,0.05,0.125484647343228,2.59947148296885,0.965462773224289,1,,1,11904,12,0.00026
KR-CAL-04,MODEL_B_SIMSCAPE_ESL_10nH,modelB_parasitic_nominal,24,0.4,10,sigmaV=1mV; sigmaI=0.5mA,fsADC=5000000Hz; phase=0.37; guard=0.5us; window=2us; method=timestamped_linear,0.05,0.126955062180514,2.59052692176977,0.980148564476466,1,,1,11904,13,0.00028
KR-CAL-04,MODEL_B_SIMSCAPE_ESL_10nH,modelB_parasitic_nominal,24,0.4,10,sigmaV=1mV; sigmaI=0.5mA,fsADC=5000000Hz; phase=0.37; guard=0.5us; window=2us; method=timestamped_linear,0.05,0.126483419685506,2.58577720440847,0.978300987957244,1,,1,11904,14,0.0003
KR-CAL-04,MODEL_B_SIMSCAPE_ESL_10nH,modelB_parasitic_nominal,24,0.4,10,sigmaV=1mV; sigmaI=0.5mA,fsADC=5000000Hz; phase=0.37; guard=0.5us; window=2us; method=timestamped_linear,0.05,0.125734340428728,2.5767549609161,0.975912279870235,1,,1,11904,15,0.00032
KR-CAL-04,MODEL_B_SIMSCAPE_ESL_10nH,modelB_parasitic_nominal,24,0.4,10,sigmaV=1mV; sigmaI=0.5mA,fsADC=5000000Hz; phase=0.37; guard=0.5us; window=2us; method=timestamped_linear,0.05,0.12664988174258,2.56749967054385,0.986562009690564,1,,1,11904,16,0.00034
KR-CAL-04,MODEL_B_SIMSCAPE_ESL_10nH,modelB_parasitic_nominal,24,0.4,10,sigmaV=1mV; sigmaI=0.5mA,fsADC=5000000Hz; phase=0.37; guard=0.5us; window=2us; method=timestamped_linear,0.05,0.125984033514328,2.55998668303543,0.984255381867424,1,,1,11904,17,0.00036
KR-CAL-04,MODEL_B_SIMSCAPE_ESL_10nH,modelB_parasitic_nominal,24,0.4,10,sigmaV=1mV; sigmaI=0.5mA,fsADC=5000000Hz; phase=0.37; guard=0.5us; window=2us; method=timestamped_linear,0.05,0.125123979552853,2.55079797748601,0.981057540873323,1,,1,11904,18,0.00038
KR-CAL-04,MODEL_B_SIMSCAPE_ESL_10nH,modelB_parasitic_nominal,24,0.4,10,sigmaV=1mV; sigmaI=0.5mA,fsADC=5000000Hz; phase=0.37; guard=0.5us; window=2us; method=timestamped_linear,0.05,0.123376127953875,2.54248597210373,0.970515702407516,1,,1,11904,19,0.0004
KR-CAL-04,MODEL_B_SIMSCAPE_ESL_10nH,modelB_parasitic_nominal,24,0.4,10,sigmaV=1mV; sigmaI=0.5mA,fsADC=5000000Hz; phase=0.37; guard=0.5us; window=2us; method=timestamped_linear,0.05,0.126011777190463,2.53388543248923,0.994613060044093,1,,1,11904,20,0.00042
KR-CAL-04,MODEL_B_SIMSCAPE_ESL_10nH,modelB_parasitic_nominal,24,0.4,10,sigmaV=1mV; sigmaI=0.5mA,fsADC=5000000Hz; phase=0.37; guard=0.5us; window=2us; method=timestamped_linear,0.05,0.122571561344692,2.52517391817003,0.97079698521137,1,,1,11904,21,0.00044
KR-CAL-04,MODEL_B_SIMSCAPE_ESL_10nH,modelB_parasitic_nominal,24,0.4,10,sigmaV=1mV; sigmaI=0.5mA,fsADC=5000000Hz; phase=0.37; guard=0.5us; window=2us; method=timestamped_linear,0.05,0.12393100147726,2.51485327063263,0.985592304127424,1,,1,11904,22,0.00046
KR-CAL-04,MODEL_B_SIMSCAPE_ESL_10nH,modelB_parasitic_nominal,24,0.4,10,sigmaV=1mV; sigmaI=0.5mA,fsADC=5000000Hz; phase=0.37; guard=0.5us; window=2us; method=timestamped_linear,0.05,0.124707824410251,2.5045437205657,0.995852644824931,1,,1,11904,23,0.00048
KR-CAL-04,MODEL_B_SIMSCAPE_ESL_10nH,modelB_parasitic_nominal,24,0.4,10,sigmaV=1mV; sigmaI=0.5mA,fsADC=5000000Hz; phase=0.37; guard=0.5us; window=2us; method=timestamped_linear,0.05,0.12162827635477,2.49583220624648,0.974651068692539,1,,1,11904,24,0.0005
KR-CAL-04,MODEL_B_SIMSCAPE_ESL_10nH,modelB_parasitic_nominal,24,0.4,10,sigmaV=1mV; sigmaI=0.5mA,fsADC=5000000Hz; phase=0.37; guard=0.5us; window=2us; method=timestamped_linear,0.05,0.123487102658629,2.48574460558896,0.99356227008181,1,,1,11904,25,0.00052
KR-CAL-04,MODEL_B_SIMSCAPE_ESL_10nH,modelB_parasitic_nominal,24,0.4,10,sigmaV=1mV; sigmaI=0.5mA,fsADC=5000000Hz; phase=0.37; guard=0.5us; window=2us; method=timestamped_linear,0.05,0.12190571311649,2.47449177053205,0.985298998107225,1,,1,11904,26,0.00054
KR-CAL-04,MODEL_B_SIMSCAPE_ESL_10nH,modelB_parasitic_nominal,24,0.4,10,sigmaV=1mV; sigmaI=0.5mA,fsADC=5000000Hz; phase=0.37; guard=0.5us; window=2us; method=timestamped_linear,0.05,0.119381038584599,2.46361624947113,0.969152875251792,1,,1,11904,27,0.00056
KR-CAL-04,MODEL_B_SIMSCAPE_ESL_10nH,modelB_parasitic_nominal,24,0.4,10,sigmaV=1mV; sigmaI=0.5mA,fsADC=5000000Hz; phase=0.37; guard=0.5us; window=2us; method=timestamped_linear,0.05,0.118604215651487,2.45422778945324,0.9665298075523,1,,1,11904,28,0.00058
KR-CAL-04,MODEL_B_SIMSCAPE_ESL_10nH,modelB_parasitic_nominal,24,0.4,10,sigmaV=1mV; sigmaI=0.5mA,fsADC=5000000Hz; phase=0.37; guard=0.5us; window=2us; method=timestamped_linear,0.05,0.121239864888295,2.44394043432725,0.992167101827663,1,,1,11904,29,0.0006
KR-CAL-04,MODEL_B_SIMSCAPE_ESL_10nH,modelB_parasitic_nominal,24,0.4,10,sigmaV=1mV; sigmaI=0.5mA,fsADC=5000000Hz; phase=0.37; guard=0.5us; window=2us; method=timestamped_linear,0.05,0.120352067250607,2.43380844378784,0.989001969795931,1,,1,11904,30,0.00062
KR-CAL-04,MODEL_B_SIMSCAPE_ESL_10nH,modelB_parasitic_nominal,24,0.4,10,sigmaV=1mV; sigmaI=0.5mA,fsADC=5000000Hz; phase=0.37; guard=0.5us; window=2us; method=timestamped_linear,0.05,0.118215804185112,2.42176768832754,0.976276995971912,1,,1,11904,31,0.00064
KR-CAL-04,MODEL_B_SIMSCAPE_ESL_10nH,modelB_parasitic_nominal,24,0.4,10,sigmaV=1mV; sigmaI=0.5mA,fsADC=5000000Hz; phase=0.37; guard=0.5us; window=2us; method=timestamped_linear,0.05,0.116995082433384,2.41115850655791,0.970447045394806,1,,1,11904,32,0.00066
KR-CAL-04,MODEL_B_SIMSCAPE_ESL_10nH,modelB_parasitic_nominal,24,0.4,10,sigmaV=1mV; sigmaI=0.5mA,fsADC=5000000Hz; phase=0.37; guard=0.5us; window=2us; method=timestamped_linear,0.05,0.118493240946741,2.39928421315466,0.987738262078937,1,,1,11904,33,0.00068
KR-CAL-04,MODEL_B_SIMSCAPE_ESL_10nH,modelB_parasitic_nominal,24,0.4,10,sigmaV=1mV; sigmaI=0.5mA,fsADC=5000000Hz; phase=0.37; guard=0.5us; window=2us; method=timestamped_linear,0.05,0.117161544490472,2.38765406410176,0.981394635445633,1,,1,11904,34,0.0007
KR-CAL-04,MODEL_B_SIMSCAPE_ESL_10nH,modelB_parasitic_nominal,24,0.4,10,sigmaV=1mV; sigmaI=0.5mA,fsADC=5000000Hz; phase=0.37; guard=0.5us; window=2us; method=timestamped_linear,0.05,0.117910623747186,2.3770559798026,0.99207275511431,1,,1,11904,35,0.00072
KR-CAL-04,MODEL_B_SIMSCAPE_ESL_10nH,modelB_parasitic_nominal,24,0.4,10,sigmaV=1mV; sigmaI=0.5mA,fsADC=5000000Hz; phase=0.37; guard=0.5us; window=2us; method=timestamped_linear,0.05,0.116800876700239,2.36537034339735,0.987590607333643,1,,1,11904,36,0.00074
KR-CAL-04,MODEL_B_SIMSCAPE_ESL_10nH,modelB_parasitic_nominal,24,0.4,10,sigmaV=1mV; sigmaI=0.5mA,fsADC=5000000Hz; phase=0.37; guard=0.5us; window=2us; method=timestamped_linear,0.05,0.115025281424913,2.35382897410821,0.977346125739591,1,,1,11904,37,0.00076
KR-CAL-04,MODEL_B_SIMSCAPE_ESL_10nH,modelB_parasitic_nominal,24,0.4,10,sigmaV=1mV; sigmaI=0.5mA,fsADC=5000000Hz; phase=0.37; guard=0.5us; window=2us; method=timestamped_linear,0.05,0.115025281424927,2.34326418222046,0.981752568043179,1,,1,11904,38,0.00078
KR-CAL-04,MODEL_B_SIMSCAPE_ESL_10nH,modelB_parasitic_nominal,24,0.4,10,sigmaV=1mV; sigmaI=0.5mA,fsADC=5000000Hz; phase=0.37; guard=0.5us; window=2us; method=timestamped_linear,0.05,0.112223170131053,2.33133440146486,0.962737649824398,1,,1,11904,39,0.0008
KR-CAL-04,MODEL_B_SIMSCAPE_ESL_10nH,modelB_parasitic_nominal,24,0.4,10,sigmaV=1mV; sigmaI=0.5mA,fsADC=5000000Hz; phase=0.37; guard=0.5us; window=2us; method=timestamped_linear,0.05,0.112778043654636,2.32086948681135,0.971860281635931,1,,1,11904,40,0.00082
KR-CAL-04,MODEL_B_SIMSCAPE_ESL_10nH,modelB_parasitic_nominal,24,0.4,10,sigmaV=1mV; sigmaI=0.5mA,fsADC=5000000Hz; phase=0.37; guard=0.5us; window=2us; method=timestamped_linear,0.05,0.112694812626074,2.30780776406777,0.97663951374734,1,,1,11904,41,0.00084
KR-CAL-04,MODEL_B_SIMSCAPE_ESL_10nH,modelB_parasitic_nominal,24,0.4,10,sigmaV=1mV; sigmaI=0.5mA,fsADC=5000000Hz; phase=0.37; guard=0.5us; window=2us; method=timestamped_linear,0.05,0.113860047025589,2.29598895801688,0.991817026192791,1,,1,11904,42,0.00086
KR-CAL-04,MODEL_B_SIMSCAPE_ESL_10nH,modelB_parasitic_nominal,24,0.4,10,sigmaV=1mV; sigmaI=0.5mA,fsADC=5000000Hz; phase=0.37; guard=0.5us; window=2us; method=timestamped_linear,0.05,0.113665841292232,2.28600123459358,0.994451267760926,1,,1,11904,43,0.00088
KR-CAL-04,MODEL_B_SIMSCAPE_ESL_10nH,modelB_parasitic_nominal,24,0.4,10,sigmaV=1mV; sigmaI=0.5mA,fsADC=5000000Hz; phase=0.37; guard=0.5us; window=2us; method=timestamped_linear,0.05,0.112028964397872,2.27531437053067,0.984733941373946,1,,1,11904,44,0.0009
KR-CAL-04,MODEL_B_SIMSCAPE_ESL_10nH,modelB_parasitic_nominal,24,0.4,10,sigmaV=1mV; sigmaI=0.5mA,fsADC=5000000Hz; phase=0.37; guard=0.5us; window=2us; method=timestamped_linear,0.05,0.11069726794144,2.26395056076905,0.977912414340325,1,,1,11904,45,0.00092
KR-CAL-04,MODEL_B_SIMSCAPE_ESL_10nH,modelB_parasitic_nominal,24,0.4,10,sigmaV=1mV; sigmaI=0.5mA,fsADC=5000000Hz; phase=0.37; guard=0.5us; window=2us; method=timestamped_linear,0.05,0.109199109427891,2.25057810885232,0.970409416126216,1,,1,11904,46,0.00094
KR-CAL-04,MODEL_B_SIMSCAPE_ESL_10nH,modelB_parasitic_nominal,24,0.4,10,sigmaV=1mV; sigmaI=0.5mA,fsADC=5000000Hz; phase=0.37; guard=0.5us; window=2us; method=timestamped_linear,0.05,0.111474090874459,2.24095660195454,0.994879515089519,1,,1,11904,47,0.00096
KR-CAL-04,MODEL_B_SIMSCAPE_ESL_10nH,modelB_parasitic_nominal,24,0.4,10,sigmaV=1mV; sigmaI=0.5mA,fsADC=5000000Hz; phase=0.37; guard=0.5us; window=2us; method=timestamped_linear,0.05,0.1106140369128,2.23081351394467,0.991692368917067,1,,1,11904,48,0.00098
KR-CAL-04,MODEL_B_SIMSCAPE_ESL_10nH,modelB_parasitic_nominal,24,0.4,10,sigmaV=1mV; sigmaI=0.5mA,fsADC=5000000Hz; phase=0.37; guard=0.5us; window=2us; method=timestamped_linear,0.05,0.108200337085691,2.21765191396687,0.975809922235682,1,,1,11904,49,0.001
KR-CAL-04,MODEL_B_SIMSCAPE_ESL_10nH,modelB_parasitic_nominal,24,0.4,10,sigmaV=1mV; sigmaI=0.5mA,fsADC=5000000Hz; phase=0.37; guard=0.5us; window=2us; method=timestamped_linear,0.05,0.109504289865882,2.20763089813215,0.992052520722843,1,,1,11904,50,0.00102
KR-CAL-04,MODEL_B_SIMSCAPE_ESL_10nH,modelB_parasitic_nominal,24,0.4,10,sigmaV=1mV; sigmaI=0.5mA,fsADC=5000000Hz; phase=0.37; guard=0.5us; window=2us; method=timestamped_linear,0.05,0.106813153276818,2.19655562260278,0.972551317869666,1,,1,11904,51,0.00104
KR-CAL-04,MODEL_B_SIMSCAPE_ESL_10nH,modelB_parasitic_nominal,24,0.4,10,sigmaV=1mV; sigmaI=0.5mA,fsADC=5000000Hz; phase=0.37; guard=0.5us; window=2us; method=timestamped_linear,0.05,0.106008586667805,2.18639033965196,0.969713273474125,1,,1,11904,52,0.00106
KR-CAL-04,MODEL_B_SIMSCAPE_ESL_10nH,modelB_parasitic_nominal,24,0.4,10,sigmaV=1mV; sigmaI=0.5mA,fsADC=5000000Hz; phase=0.37; guard=0.5us; window=2us; method=timestamped_linear,0.05,0.104871095944574,2.17530396665211,0.964197165566481,1,,1,11904,53,0.00108
KR-CAL-04,MODEL_B_SIMSCAPE_ESL_10nH,modelB_parasitic_nominal,24,0.4,10,sigmaV=1mV; sigmaI=0.5mA,fsADC=5000000Hz; phase=0.37; guard=0.5us; window=2us; method=timestamped_linear,0.05,0.104066529335505,2.16586001928185,0.960971885616235,1,,1,11904,54,0.0011
KR-CAL-04,MODEL_B_SIMSCAPE_ESL_10nH,modelB_parasitic_nominal,24,0.4,10,sigmaV=1mV; sigmaI=0.5mA,fsADC=5000000Hz; phase=0.37; guard=0.5us; window=2us; method=timestamped_linear,0.05,0.106230536077234,2.15474035387059,0.986017047357104,1,,1,11904,55,0.00112
KR-CAL-04,MODEL_B_SIMSCAPE_ESL_10nH,modelB_parasitic_nominal,24,0.4,10,sigmaV=1mV; sigmaI=0.5mA,fsADC=5000000Hz; phase=0.37; guard=0.5us; window=2us; method=timestamped_linear,0.05,0.104232991392486,2.14494128744529,0.971895986175281,1,,1,11904,56,0.00114
KR-CAL-04,MODEL_B_SIMSCAPE_ESL_10nH,modelB_parasitic_nominal,24,0.4,10,sigmaV=1mV; sigmaI=0.5mA,fsADC=5000000Hz; phase=0.37; guard=0.5us; window=2us; method=timestamped_linear,0.05,0.106036330343933,2.13575258189587,0.992964552568224,1,,1,11904,57,0.00116
KR-CAL-04,MODEL_B_SIMSCAPE_ESL_10nH,modelB_parasitic_nominal,24,0.4,10,sigmaV=1mV; sigmaI=0.5mA,fsADC=5000000Hz; phase=0.37; guard=0.5us; window=2us; method=timestamped_linear,0.05,0.104704633887401,2.12483267095306,0.985532981667092,1,,1,11904,58,0.00118
KR-CAL-04,MODEL_B_SIMSCAPE_ESL_10nH,modelB_parasitic_nominal,24,0.4,10,sigmaV=1mV; sigmaI=0.5mA,fsADC=5000000Hz; phase=0.37; guard=0.5us; window=2us; method=timestamped_linear,0.05,0.101264418041701,2.1169312719782,0.956709548223294,1,,1,11904,59,0.0012
KR-CAL-04,MODEL_B_SIMSCAPE_ESL_10nH,modelB_parasitic_nominal,24,0.4,10,sigmaV=1mV; sigmaI=0.5mA,fsADC=5000000Hz; phase=0.37; guard=0.5us; window=2us; method=timestamped_linear,0.05,0.104732377563678,2.10578941162599,0.994708938941898,1,,1,11904,60,0.00122
KR-CAL-04,MODEL_B_SIMSCAPE_ESL_10nH,modelB_parasitic_nominal,24,0.4,10,sigmaV=1mV; sigmaI=0.5mA,fsADC=5000000Hz; phase=0.37; guard=0.5us; window=2us; method=timestamped_linear,0.05,0.103178731697781,2.09777703794642,0.983695882178081,1,,1,11904,61,0.00124
KR-CAL-04,MODEL_B_SIMSCAPE_ESL_10nH,modelB_parasitic_nominal,24,0.4,10,sigmaV=1mV; sigmaI=0.5mA,fsADC=5000000Hz; phase=0.37; guard=0.5us; window=2us; method=timestamped_linear,0.05,0.101819291565199,2.08878808686545,0.974912603202319,1,,1,11904,62,0.00126
KR-CAL-04,MODEL_B_SIMSCAPE_ESL_10nH,modelB_parasitic_nominal,24,0.4,10,sigmaV=1mV; sigmaI=0.5mA,fsADC=5000000Hz; phase=0.37; guard=0.5us; window=2us; method=timestamped_linear,0.05,0.102290934060157,2.08023193713283,0.983457010098057,1,,1,11904,63,0.00128
KR-CAL-04,MODEL_B_SIMSCAPE_ESL_10nH,modelB_parasitic_nominal,24,0.4,10,sigmaV=1mV; sigmaI=0.5mA,fsADC=5000000Hz; phase=0.37; guard=0.5us; window=2us; method=timestamped_linear,0.05,0.100237902023331,2.07137615569751,0.967838716764378,1,,1,11904,64,0.0013
KR-CAL-04,MODEL_B_SIMSCAPE_ESL_10nH,modelB_parasitic_nominal,24,0.4,10,sigmaV=1mV; sigmaI=0.5mA,fsADC=5000000Hz; phase=0.37; guard=0.5us; window=2us; method=timestamped_linear,0.05,0.0995720537950078,2.06280890849443,0.965402596284907,1,,1,11904,65,0.00132
KR-CAL-04,MODEL_B_SIMSCAPE_ESL_10nH,modelB_parasitic_nominal,24,0.4,10,sigmaV=1mV; sigmaI=0.5mA,fsADC=5000000Hz; phase=0.37; guard=0.5us; window=2us; method=timestamped_linear,0.05,0.0975467654341031,2.0553736032793,0.949187683236464,1,,1,11904,66,0.00134
KR-CAL-04,MODEL_B_SIMSCAPE_ESL_10nH,modelB_parasitic_nominal,24,0.4,10,sigmaV=1mV; sigmaI=0.5mA,fsADC=5000000Hz; phase=0.37; guard=0.5us; window=2us; method=timestamped_linear,0.05,0.0996830284995838,2.04872621846758,0.973122007235748,1,,1,11904,67,0.00136
KR-CAL-04,MODEL_B_SIMSCAPE_ESL_10nH,modelB_parasitic_nominal,24,0.4,10,sigmaV=1mV; sigmaI=0.5mA,fsADC=5000000Hz; phase=0.37; guard=0.5us; window=2us; method=timestamped_linear,0.05,0.0999882089375816,2.03983714462085,0.980354820984171,1,,1,11904,68,0.00138
KR-CAL-04,MODEL_B_SIMSCAPE_ESL_10nH,modelB_parasitic_nominal,24,0.4,10,sigmaV=1mV; sigmaI=0.5mA,fsADC=5000000Hz; phase=0.37; guard=0.5us; window=2us; method=timestamped_linear,0.05,0.102124472003098,2.03073721883519,1.00578716986017,1,,1,11904,69,0.0014
KR-CAL-04,MODEL_B_SIMSCAPE_ESL_10nH,modelB_parasitic_nominal,24,0.4,10,sigmaV=1mV; sigmaI=0.5mA,fsADC=5000000Hz; phase=0.37; guard=0.5us; window=2us; method=timestamped_linear,0.05,0.0988229745382441,2.02632042558799,0.975393361191311,1,,1,11904,70,0.00142
KR-CAL-04,MODEL_B_SIMSCAPE_ESL_10nH,modelB_parasitic_nominal,24,0.4,10,sigmaV=1mV; sigmaI=0.5mA,fsADC=5000000Hz; phase=0.37; guard=0.5us; window=2us; method=timestamped_linear,0.05,0.0994333354141048,2.01968413824674,0.984642435231693,1,,1,11904,71,0.00144
KR-CAL-04,MODEL_B_SIMSCAPE_ESL_10nH,modelB_parasitic_nominal,24,0.4,10,sigmaV=1mV; sigmaI=0.5mA,fsADC=5000000Hz; phase=0.37; guard=0.5us; window=2us; method=timestamped_linear,0.05,0.0982126136623833,2.01350284719477,0.975539853834466,1,,1,11904,72,0.00146
KR-CAL-04,MODEL_B_SIMSCAPE_ESL_10nH,modelB_parasitic_nominal,24,0.4,10,sigmaV=1mV; sigmaI=0.5mA,fsADC=5000000Hz; phase=0.37; guard=0.5us; window=2us; method=timestamped_linear,0.05,0.0991836423285761,2.00674448767835,0.9885029503016,1,,1,11904,73,0.00148
KR-CAL-04,MODEL_B_SIMSCAPE_ESL_10nH,modelB_parasitic_nominal,24,0.4,10,sigmaV=1mV; sigmaI=0.5mA,fsADC=5000000Hz; phase=0.37; guard=0.5us; window=2us; method=timestamped_linear,0.05,0.094911116197423,2.00035234468743,0.948943984288462,1,,1,11904,74,0.0015
KR-CAL-04,MODEL_B_SIMSCAPE_ESL_10nH,modelB_parasitic_nominal,24,0.4,10,sigmaV=1mV; sigmaI=0.5mA,fsADC=5000000Hz; phase=0.37; guard=0.5us; window=2us; method=timestamped_linear,0.05,0.0992044500856721,1.99637390152382,0.993846393302879,1,,1,11904,75,0.00152005
KR-CAL-04,MODEL_B_SIMSCAPE_ESL_10nH,modelB_parasitic_nominal,24,0.4,10,sigmaV=1mV; sigmaI=0.5mA,fsADC=5000000Hz; phase=0.37; guard=0.5us; window=2us; method=timestamped_linear,0.05,0.0971930335630091,1.98922343138411,0.977195744123946,1,,1,11904,76,0.00154005
KR-CAL-04,MODEL_B_SIMSCAPE_ESL_10nH,modelB_parasitic_nominal,24,0.4,10,sigmaV=1mV; sigmaI=0.5mA,fsADC=5000000Hz; phase=0.37; guard=0.5us; window=2us; method=timestamped_linear,0.05,0.0973248160248517,1.98508222532026,0.980562062200217,1,,1,11904,77,0.00156
KR-CAL-04,MODEL_B_SIMSCAPE_ESL_10nH,modelB_parasitic_nominal,24,0.4,10,sigmaV=1mV; sigmaI=0.5mA,fsADC=5000000Hz; phase=0.37; guard=0.5us; window=2us; method=timestamped_linear,0.05,0.0986565124810781,1.97971104961264,0.996675878536738,1,,1,11904,78,0.00158
KR-CAL-04,MODEL_B_SIMSCAPE_ESL_10nH,modelB_parasitic_nominal,24,0.4,10,sigmaV=1mV; sigmaI=0.5mA,fsADC=5000000Hz; phase=0.37; guard=0.5us; window=2us; method=timestamped_linear,0.05,0.0979421128195881,1.97778933764285,0.990420071091259,1,,1,11904,79,0.00160005
KR-CAL-04,MODEL_B_SIMSCAPE_ESL_10nH,modelB_parasitic_nominal,24,0.4,10,sigmaV=1mV; sigmaI=0.5mA,fsADC=5000000Hz; phase=0.37; guard=0.5us; window=2us; method=timestamped_linear,0.05,0.0952995276639257,1.97287500780291,0.966097976678774,1,,1,11904,80,0.00162
KR-CAL-04,MODEL_B_SIMSCAPE_ESL_10nH,modelB_parasitic_nominal,24,0.4,10,sigmaV=1mV; sigmaI=0.5mA,fsADC=5000000Hz; phase=0.37; guard=0.5us; window=2us; method=timestamped_linear,0.05,0.0960324231095271,1.96951617340722,0.975187961451396,1,,1,11904,81,0.00164005
KR-CAL-04,MODEL_B_SIMSCAPE_ESL_10nH,modelB_parasitic_nominal,24,0.4,10,sigmaV=1mV; sigmaI=0.5mA,fsADC=5000000Hz; phase=0.37; guard=0.5us; window=2us; method=timestamped_linear,0.05,0.0952740959607041,1.96551183614585,0.969458379325009,1,,1,11904,82,0.00166005
KR-CAL-04,MODEL_B_SIMSCAPE_ESL_10nH,modelB_parasitic_nominal,24,0.4,10,sigmaV=1mV; sigmaI=0.5mA,fsADC=5000000Hz; phase=0.37; guard=0.5us; window=2us; method=timestamped_linear,0.05,0.0979629205766344,1.9618441221554,0.998681999964467,1,,1,11904,83,0.00168
KR-CAL-04,MODEL_B_SIMSCAPE_ESL_10nH,modelB_parasitic_nominal,24,0.4,10,sigmaV=1mV; sigmaI=0.5mA,fsADC=5000000Hz; phase=0.37; guard=0.5us; window=2us; method=timestamped_linear,0.05,0.0948348210878933,1.96124670832842,0.96708711540652,1,,1,11904,84,0.00170005
KR-CAL-04,MODEL_B_SIMSCAPE_ESL_10nH,modelB_parasitic_nominal,24,0.4,10,sigmaV=1mV; sigmaI=0.5mA,fsADC=5000000Hz; phase=0.37; guard=0.5us; window=2us; method=timestamped_linear,0.05,0.0952440403115276,1.95748559062818,0.973126349103417,1,,1,11904,85,0.00172005
KR-CAL-04,MODEL_B_SIMSCAPE_ESL_10nH,modelB_parasitic_nominal,24,0.4,10,sigmaV=1mV; sigmaI=0.5mA,fsADC=5000000Hz; phase=0.37; guard=0.5us; window=2us; method=timestamped_linear,0.05,0.0945227047309416,1.95513015252087,0.966919819727272,1,,1,11904,86,0.00174
KR-CAL-04,MODEL_B_SIMSCAPE_ESL_10nH,modelB_parasitic_nominal,24,0.4,10,sigmaV=1mV; sigmaI=0.5mA,fsADC=5000000Hz; phase=0.37; guard=0.5us; window=2us; method=timestamped_linear,0.05,0.0945227047309913,1.95412028270806,0.967419514217413,1,,1,11904,87,0.00176
KR-CAL-04,MODEL_B_SIMSCAPE_ESL_10nH,modelB_parasitic_nominal,24,0.4,10,sigmaV=1mV; sigmaI=0.5mA,fsADC=5000000Hz; phase=0.37; guard=0.5us; window=2us; method=timestamped_linear,0.05,0.0953434551511805,1.95256756163142,0.976595709410622,1,,1,11904,88,0.00178005
KR-CAL-04,MODEL_B_SIMSCAPE_ESL_10nH,modelB_parasitic_nominal,24,0.4,10,sigmaV=1mV; sigmaI=0.5mA,fsADC=5000000Hz; phase=0.37; guard=0.5us; window=2us; method=timestamped_linear,0.05,0.0958544011874167,1.95170103414553,0.982265208763213,1,,1,11904,89,0.0018
KR-CAL-04,MODEL_B_SIMSCAPE_ESL_10nH,modelB_parasitic_nominal,24,0.4,10,sigmaV=1mV; sigmaI=0.5mA,fsADC=5000000Hz; phase=0.37; guard=0.5us; window=2us; method=timestamped_linear,0.05,0.0970820588582839,1.95028703144978,0.995566881107921,1,,1,11904,90,0.00182005
KR-CAL-04,MODEL_B_SIMSCAPE_ESL_10nH,modelB_parasitic_nominal,24,0.4,10,sigmaV=1mV; sigmaI=0.5mA,fsADC=5000000Hz; phase=0.37; guard=0.5us; window=2us; method=timestamped_linear,0.05,0.095022090902134,1.94948154005146,0.97484473640746,1,,1,11904,91,0.00184
KR-CAL-04,MODEL_B_SIMSCAPE_ESL_10nH,modelB_parasitic_nominal,24,0.4,10,sigmaV=1mV; sigmaI=0.5mA,fsADC=5000000Hz; phase=0.37; guard=0.5us; window=2us; method=timestamped_linear,0.05,0.0949111161974017,1.95052470227568,0.973185482723381,1,,1,11904,92,0.00186
KR-CAL-04,MODEL_B_SIMSCAPE_ESL_10nH,modelB_parasitic_nominal,24,0.4,10,sigmaV=1mV; sigmaI=0.5mA,fsADC=5000000Hz; phase=0.37; guard=0.5us; window=2us; method=timestamped_linear,0.05,0.0982912207448479,1.95285517107444,1.00664117033081,1,,1,11904,93,0.00188005
KR-CAL-04,MODEL_B_SIMSCAPE_ESL_10nH,modelB_parasitic_nominal,24,0.4,10,sigmaV=1mV; sigmaI=0.5mA,fsADC=5000000Hz; phase=0.37; guard=0.5us; window=2us; method=timestamped_linear,0.05,0.0954821735320337,1.95018715421554,0.979210362714559,1,,1,11904,94,0.00190005
KR-CAL-04,MODEL_B_SIMSCAPE_ESL_10nH,modelB_parasitic_nominal,24,0.4,10,sigmaV=1mV; sigmaI=0.5mA,fsADC=5000000Hz; phase=0.37; guard=0.5us; window=2us; method=timestamped_linear,0.05,0.0961318379490947,1.95210054308246,0.984906625734533,1,,1,11904,95,0.00192
KR-CAL-04,MODEL_B_SIMSCAPE_ESL_10nH,modelB_parasitic_nominal,24,0.4,10,sigmaV=1mV; sigmaI=0.5mA,fsADC=5000000Hz; phase=0.37; guard=0.5us; window=2us; method=timestamped_linear,0.05,0.0945620082721703,1.95191558524129,0.968914936559418,1,,1,11904,96,0.00194005
KR-CAL-04,MODEL_B_SIMSCAPE_ESL_10nH,modelB_parasitic_nominal,24,0.4,10,sigmaV=1mV; sigmaI=0.5mA,fsADC=5000000Hz; phase=0.37; guard=0.5us; window=2us; method=timestamped_linear,0.05,0.0947030386260934,1.95444858287614,0.969102379625967,1,,1,11904,97,0.00196005
KR-CAL-04,MODEL_B_SIMSCAPE_ESL_10nH,modelB_parasitic_nominal,24,0.4,10,sigmaV=1mV; sigmaI=0.5mA,fsADC=5000000Hz; phase=0.37; guard=0.5us; window=2us; method=timestamped_linear,0.05,0.0961040942731302,1.95597356027661,0.982672733669664,1,,1,11904,98,0.00198
KR-CAL-04,MODEL_B_SIMSCAPE_ESL_10nH,modelB_parasitic_nominal,24,0.4,10,sigmaV=1mV; sigmaI=0.5mA,fsADC=5000000Hz; phase=0.37; guard=0.5us; window=2us; method=timestamped_linear,0.05,0.0985177941003315,1.95723867191023,1.00670189603581,1,,1,11904,99,0.002
KR-CAL-04,MODEL_B_SIMSCAPE_ESL_10nH,modelB_parasitic_nominal,24,0.4,10,sigmaV=1mV; sigmaI=0.5mA,fsADC=5000000Hz; phase=0.37; guard=0.5us; window=2us; method=timestamped_linear,0.05,0.0947723978165342,1.9620327791534,0.966063348415896,1,,1,11904,100,0.00202
KR-CAL-04,MODEL_B_SIMSCAPE_ESL_10nH,modelB_parasitic_nominal,24,0.4,10,sigmaV=1mV; sigmaI=0.5mA,fsADC=5000000Hz; phase=0.37; guard=0.5us; window=2us; method=timestamped_linear,0.05,0.0946336794355886,1.96346435284408,0.963945989633187,1,,1,11904,101,0.00204
KR-CAL-04,MODEL_B_SIMSCAPE_ESL_10nH,modelB_parasitic_nominal,24,0.4,10,sigmaV=1mV; sigmaI=0.5mA,fsADC=5000000Hz; phase=0.37; guard=0.5us; window=2us; method=timestamped_linear,0.05,0.0950775782544824,1.96580591911331,0.967313988935061,1,,1,11904,102,0.00206
KR-CAL-04,MODEL_B_SIMSCAPE_ESL_10nH,modelB_parasitic_nominal,24,0.4,10,sigmaV=1mV; sigmaI=0.5mA,fsADC=5000000Hz; phase=0.37; guard=0.5us; window=2us; method=timestamped_linear,0.05,0.0957156828065777,1.97020051741957,0.971633922134377,1,,1,11904,103,0.00208
KR-CAL-04,MODEL_B_SIMSCAPE_ESL_10nH,modelB_parasitic_nominal,24,0.4,10,sigmaV=1mV; sigmaI=0.5mA,fsADC=5000000Hz; phase=0.37; guard=0.5us; window=2us; method=timestamped_linear,0.05,0.097687795787877,1.97331890662172,0.990086249719428,1,,1,11904,104,0.00210005
KR-CAL-04,MODEL_B_SIMSCAPE_ESL_10nH,modelB_parasitic_nominal,24,0.4,10,sigmaV=1mV; sigmaI=0.5mA,fsADC=5000000Hz; phase=0.37; guard=0.5us; window=2us; method=timestamped_linear,0.05,0.0961526457062405,1.978126885703,0.972158524321046,1,,1,11904,105,0.00212005
KR-CAL-04,MODEL_B_SIMSCAPE_ESL_10nH,modelB_parasitic_nominal,24,0.4,10,sigmaV=1mV; sigmaI=0.5mA,fsADC=5000000Hz; phase=0.37; guard=0.5us; window=2us; method=timestamped_linear,0.05,0.0959653758921064,1.98168639935634,0.968522324453317,1,,1,11904,106,0.00214
KR-CAL-04,MODEL_B_SIMSCAPE_ESL_10nH,modelB_parasitic_nominal,24,0.4,10,sigmaV=1mV; sigmaI=0.5mA,fsADC=5000000Hz; phase=0.37; guard=0.5us; window=2us; method=timestamped_linear,0.05,0.0978796895482859,1.98574807354849,0.985821825558936,1,,1,11904,107,0.00216
KR-CAL-04,MODEL_B_SIMSCAPE_ESL_10nH,modelB_parasitic_nominal,24,0.4,10,sigmaV=1mV; sigmaI=0.5mA,fsADC=5000000Hz; phase=0.37; guard=0.5us; window=2us; method=timestamped_linear,0.05,0.0985732814527864,1.98917719192382,0.99109603561714,1,,1,11904,108,0.00218
KR-CAL-04,MODEL_B_SIMSCAPE_ESL_10nH,modelB_parasitic_nominal,24,0.4,10,sigmaV=1mV; sigmaI=0.5mA,fsADC=5000000Hz; phase=0.37; guard=0.5us; window=2us; method=timestamped_linear,0.05,0.0984623067478338,1.99636835278859,0.986414221707116,1,,1,11904,109,0.0022
KR-CAL-04,MODEL_B_SIMSCAPE_ESL_10nH,modelB_parasitic_nominal,24,0.4,10,sigmaV=1mV; sigmaI=0.5mA,fsADC=5000000Hz; phase=0.37; guard=0.5us; window=2us; method=timestamped_linear,0.05,0.0969202207471085,2.00131874940755,0.968563561159856,1,,1,11904,110,0.00222005
KR-CAL-04,MODEL_B_SIMSCAPE_ESL_10nH,modelB_parasitic_nominal,24,0.4,10,sigmaV=1mV; sigmaI=0.5mA,fsADC=5000000Hz; phase=0.37; guard=0.5us; window=2us; method=timestamped_linear,0.05,0.100956925630761,2.0068656350643,1.0061154455667,1,,1,11904,111,0.00224005
KR-CAL-04,MODEL_B_SIMSCAPE_ESL_10nH,modelB_parasitic_nominal,24,0.4,10,sigmaV=1mV; sigmaI=0.5mA,fsADC=5000000Hz; phase=0.37; guard=0.5us; window=2us; method=timestamped_linear,0.05,0.098457682801822,2.01260117771905,0.978412254666448,1,,1,11904,112,0.00226005
KR-CAL-04,MODEL_B_SIMSCAPE_ESL_10nH,modelB_parasitic_nominal,24,0.4,10,sigmaV=1mV; sigmaI=0.5mA,fsADC=5000000Hz; phase=0.37; guard=0.5us; window=2us; method=timestamped_linear,0.05,0.101255170149628,2.01894245730365,1.00305157072042,1,,1,11904,113,0.00228005
KR-CAL-04,MODEL_B_SIMSCAPE_ESL_10nH,modelB_parasitic_nominal,24,0.4,10,sigmaV=1mV; sigmaI=0.5mA,fsADC=5000000Hz; phase=0.37; guard=0.5us; window=2us; method=timestamped_linear,0.05,0.101960321919123,2.02476215577613,1.00713381695974,1,,1,11904,114,0.00230005
KR-CAL-04,MODEL_B_SIMSCAPE_ESL_10nH,modelB_parasitic_nominal,24,0.4,10,sigmaV=1mV; sigmaI=0.5mA,fsADC=5000000Hz; phase=0.37; guard=0.5us; window=2us; method=timestamped_linear,0.05,0.0994333354140622,2.0305818542486,0.979358061395232,1,,1,11904,115,0.00232
KR-CAL-04,MODEL_B_SIMSCAPE_ESL_10nH,modelB_parasitic_nominal,24,0.4,10,sigmaV=1mV; sigmaI=0.5mA,fsADC=5000000Hz; phase=0.37; guard=0.5us; window=2us; method=timestamped_linear,0.05,0.0996552848234273,2.03763984546772,0.978144249044682,1,,1,11904,116,0.00234
KR-CAL-04,MODEL_B_SIMSCAPE_ESL_10nH,modelB_parasitic_nominal,24,0.4,10,sigmaV=1mV; sigmaI=0.5mA,fsADC=5000000Hz; phase=0.37; guard=0.5us; window=2us; method=timestamped_linear,0.05,0.101292161717794,2.04383223399016,0.991198397140861,1,,1,11904,117,0.00236
KR-CAL-04,MODEL_B_SIMSCAPE_ESL_10nH,modelB_parasitic_nominal,24,0.4,10,sigmaV=1mV; sigmaI=0.5mA,fsADC=5000000Hz; phase=0.37; guard=0.5us; window=2us; method=timestamped_linear,0.05,0.0996830284996264,2.05101229738446,0.972037355668188,1,,1,11904,118,0.00238
KR-CAL-04,MODEL_B_SIMSCAPE_ESL_10nH,modelB_parasitic_nominal,24,0.4,10,sigmaV=1mV; sigmaI=0.5mA,fsADC=5000000Hz; phase=0.37; guard=0.5us; window=2us; method=timestamped_linear,0.05,0.100543082461073,2.05824784813112,0.976977408744678,1,,1,11904,119,0.0024
KR-CAL-04,MODEL_B_SIMSCAPE_ESL_10nH,modelB_parasitic_nominal,24,0.4,10,sigmaV=1mV; sigmaI=0.5mA,fsADC=5000000Hz; phase=0.37; guard=0.5us; window=2us; method=timestamped_linear,0.05,0.100765031870488,2.06582742046235,0.975541624362168,1,,1,11904,120,0.00242
KR-CAL-04,MODEL_B_SIMSCAPE_ESL_10nH,modelB_parasitic_nominal,24,0.4,10,sigmaV=1mV; sigmaI=0.5mA,fsADC=5000000Hz; phase=0.37; guard=0.5us; window=2us; method=timestamped_linear,0.05,0.101440127990791,2.07479232702395,0.977834038323204,1,,1,11904,121,0.00244005
KR-CAL-04,MODEL_B_SIMSCAPE_ESL_10nH,modelB_parasitic_nominal,24,0.4,10,sigmaV=1mV; sigmaI=0.5mA,fsADC=5000000Hz; phase=0.37; guard=0.5us; window=2us; method=timestamped_linear,0.05,0.10322959510416,2.08128712161672,0.991978415971487,1,,1,11904,122,0.00246005
KR-CAL-04,MODEL_B_SIMSCAPE_ESL_10nH,modelB_parasitic_nominal,24,0.4,10,sigmaV=1mV; sigmaI=0.5mA,fsADC=5000000Hz; phase=0.37; guard=0.5us; window=2us; method=timestamped_linear,0.05,0.103012269640871,2.08844406528087,0.986497760254997,1,,1,11904,123,0.00248
KR-CAL-04,MODEL_B_SIMSCAPE_ESL_10nH,modelB_parasitic_nominal,24,0.4,10,sigmaV=1mV; sigmaI=0.5mA,fsADC=5000000Hz; phase=0.37; guard=0.5us; window=2us; method=timestamped_linear,0.05,0.104094273011711,2.09698911754302,0.992797455560238,1,,1,11904,124,0.0025
KR-CAL-04,MODEL_B_SIMSCAPE_ESL_10nH,modelB_parasitic_nominal,24,0.4,10,sigmaV=1mV; sigmaI=0.5mA,fsADC=5000000Hz; phase=0.37; guard=0.5us; window=2us; method=timestamped_linear,0.05,0.102901294936089,2.10646635732468,0.977003924874252,1,,1,11904,125,0.00252
KR-CAL-04,MODEL_B_SIMSCAPE_ESL_10nH,modelB_parasitic_nominal,24,0.4,10,sigmaV=1mV; sigmaI=0.5mA,fsADC=5000000Hz; phase=0.37; guard=0.5us; window=2us; method=timestamped_linear,0.05,0.102873551259904,2.11415690436061,0.973187477691175,1,,1,11904,126,0.00254
KR-CAL-04,MODEL_B_SIMSCAPE_ESL_10nH,modelB_parasitic_nominal,24,0.4,10,sigmaV=1mV; sigmaI=0.5mA,fsADC=5000000Hz; phase=0.37; guard=0.5us; window=2us; method=timestamped_linear,0.05,0.102346421412605,2.12213598562878,0.964560443870709,1,,1,11904,127,0.00256
KR-CAL-04,MODEL_B_SIMSCAPE_ESL_10nH,modelB_parasitic_nominal,24,0.4,10,sigmaV=1mV; sigmaI=0.5mA,fsADC=5000000Hz; phase=0.37; guard=0.5us; window=2us; method=timestamped_linear,0.05,0.105162404544423,2.13240299539224,0.986327676069307,1,,1,11904,128,0.00258005
KR-CAL-04,MODEL_B_SIMSCAPE_ESL_10nH,modelB_parasitic_nominal,24,0.4,10,sigmaV=1mV; sigmaI=0.5mA,fsADC=5000000Hz; phase=0.37; guard=0.5us; window=2us; method=timestamped_linear,0.05,0.107016606902192,2.14023595996588,1.00004493807214,1,,1,11904,129,0.00260005
KR-CAL-04,MODEL_B_SIMSCAPE_ESL_10nH,modelB_parasitic_nominal,24,0.4,10,sigmaV=1mV; sigmaI=0.5mA,fsADC=5000000Hz; phase=0.37; guard=0.5us; window=2us; method=timestamped_linear,0.05,0.106010898640712,2.14920364089511,0.98651329844723,1,,1,11904,130,0.00262005
KR-CAL-04,MODEL_B_SIMSCAPE_ESL_10nH,modelB_parasitic_nominal,24,0.4,10,sigmaV=1mV; sigmaI=0.5mA,fsADC=5000000Hz; phase=0.37; guard=0.5us; window=2us; method=timestamped_linear,0.05,0.107307915501977,2.15872064661262,0.99418065668071,1,,1,11904,131,0.00264005
KR-CAL-04,MODEL_B_SIMSCAPE_ESL_10nH,modelB_parasitic_nominal,24,0.4,10,sigmaV=1mV; sigmaI=0.5mA,fsADC=5000000Hz; phase=0.37; guard=0.5us; window=2us; method=timestamped_linear,0.05,0.104122016687803,2.16634830798255,0.96126755152101,1,,1,11904,132,0.00266
KR-CAL-04,MODEL_B_SIMSCAPE_ESL_10nH,modelB_parasitic_nominal,24,0.4,10,sigmaV=1mV; sigmaI=0.5mA,fsADC=5000000Hz; phase=0.37; guard=0.5us; window=2us; method=timestamped_linear,0.05,0.105925355639137,2.1765024934629,0.973353864351475,1,,1,11904,133,0.00268
KR-CAL-04,MODEL_B_SIMSCAPE_ESL_10nH,modelB_parasitic_nominal,24,0.4,10,sigmaV=1mV; sigmaI=0.5mA,fsADC=5000000Hz; phase=0.37; guard=0.5us; window=2us; method=timestamped_linear,0.05,0.107950644000063,2.18582436865797,0.987733923621148,1,,1,11904,134,0.0027
KR-CAL-04,MODEL_B_SIMSCAPE_ESL_10nH,modelB_parasitic_nominal,24,0.4,10,sigmaV=1mV; sigmaI=0.5mA,fsADC=5000000Hz; phase=0.37; guard=0.5us; window=2us; method=timestamped_linear,0.05,0.105592431525189,2.19341503845967,0.962813053377633,1,,1,11904,135,0.00272
KR-CAL-04,MODEL_B_SIMSCAPE_ESL_10nH,modelB_parasitic_nominal,24,0.4,10,sigmaV=1mV; sigmaI=0.5mA,fsADC=5000000Hz; phase=0.37; guard=0.5us; window=2us; method=timestamped_linear,0.05,0.105481456820442,2.20293666812321,0.957644024422244,1,,1,11904,136,0.00274
KR-CAL-04,MODEL_B_SIMSCAPE_ESL_10nH,modelB_parasitic_nominal,24,0.4,10,sigmaV=1mV; sigmaI=0.5mA,fsADC=5000000Hz; phase=0.37; guard=0.5us; window=2us; method=timestamped_linear,0.05,0.109811782276729,2.21310287586324,0.99237846983409,1,,1,11904,137,0.00276005
KR-CAL-04,MODEL_B_SIMSCAPE_ESL_10nH,modelB_parasitic_nominal,24,0.4,10,sigmaV=1mV; sigmaI=0.5mA,fsADC=5000000Hz; phase=0.37; guard=0.5us; window=2us; method=timestamped_linear,0.05,0.109360947538903,2.22183566033417,0.984419770474425,1,,1,11904,138,0.00278005
KR-CAL-04,MODEL_B_SIMSCAPE_ESL_10nH,modelB_parasitic_nominal,24,0.4,10,sigmaV=1mV; sigmaI=0.5mA,fsADC=5000000Hz; phase=0.37; guard=0.5us; window=2us; method=timestamped_linear,0.05,0.112551470299167,2.23089119623796,1.00902697979145,1,,1,11904,139,0.00280005
KR-CAL-04,MODEL_B_SIMSCAPE_ESL_10nH,modelB_parasitic_nominal,24,0.4,10,sigmaV=1mV; sigmaI=0.5mA,fsADC=5000000Hz; phase=0.37; guard=0.5us; window=2us; method=timestamped_linear,0.05,0.108144849733279,2.23956941814575,0.965764658662082,1,,1,11904,140,0.00282
KR-CAL-04,MODEL_B_SIMSCAPE_ESL_10nH,modelB_parasitic_nominal,24,0.4,10,sigmaV=1mV; sigmaI=0.5mA,fsADC=5000000Hz; phase=0.37; guard=0.5us; window=2us; method=timestamped_linear,0.05,0.109060391047088,2.24937958204152,0.969693082641973,1,,1,11904,141,0.00284
KR-CAL-04,MODEL_B_SIMSCAPE_ESL_10nH,modelB_parasitic_nominal,24,0.4,10,sigmaV=1mV; sigmaI=0.5mA,fsADC=5000000Hz; phase=0.37; guard=0.5us; window=2us; method=timestamped_linear,0.05,0.11302773674025,2.25770268489426,1.00126325309786,1,,1,11904,142,0.00286
KR-CAL-04,MODEL_B_SIMSCAPE_ESL_10nH,modelB_parasitic_nominal,24,0.4,10,sigmaV=1mV; sigmaI=0.5mA,fsADC=5000000Hz; phase=0.37; guard=0.5us; window=2us; method=timestamped_linear,0.05,0.109892701332484,2.26671383091617,0.969621306700785,1,,1,11904,143,0.00288
KR-CAL-04,MODEL_B_SIMSCAPE_ESL_10nH,modelB_parasitic_nominal,24,0.4,10,sigmaV=1mV; sigmaI=0.5mA,fsADC=5000000Hz; phase=0.37; guard=0.5us; window=2us; method=timestamped_linear,0.05,0.112389632188354,2.27490376412326,0.98808251989216,1,,1,11904,144,0.0029
KR-CAL-04,MODEL_B_SIMSCAPE_ESL_10nH,modelB_parasitic_nominal,24,0.4,10,sigmaV=1mV; sigmaI=0.5mA,fsADC=5000000Hz; phase=0.37; guard=0.5us; window=2us; method=timestamped_linear,0.05,0.111524954280753,2.28659125010694,0.975469089856245,1,,1,11904,145,0.00292005
KR-CAL-04,MODEL_B_SIMSCAPE_ESL_10nH,modelB_parasitic_nominal,24,0.4,10,sigmaV=1mV; sigmaI=0.5mA,fsADC=5000000Hz; phase=0.37; guard=0.5us; window=2us; method=timestamped_linear,0.05,0.114005701325532,2.2954396332286,0.993323454689847,1,,1,11904,146,0.00294005
KR-CAL-04,MODEL_B_SIMSCAPE_ESL_10nH,modelB_parasitic_nominal,24,0.4,10,sigmaV=1mV; sigmaI=0.5mA,fsADC=5000000Hz; phase=0.37; guard=0.5us; window=2us; method=timestamped_linear,0.05,0.114528207226712,2.3029498463694,0.994621809999606,1,,1,11904,147,0.00296005
