run_id,snr_reference,noise_target,SNR_dB,seed,method,C_est_F,C_MAPE_percent,ESR_est_Ohm,ESR_MAPE_percent,failed
1,full_signal_rms,vT,20,1,RLS,6.03920527031907e-05,39.6079472968093,0.0756649662684204,51.3299325368408,1
1,full_signal_rms,vT,20,1,TS_LTVKF,7.30259346388349e-05,26.9740653611651,0.0458633553279994,8.27328934400129,1
2,full_signal_rms,vT,20,2,RLS,6.0829665832756e-05,39.170334167244,0.0716765778906594,43.3531557813188,1
2,full_signal_rms,vT,20,2,TS_LTVKF,8.57023830481171e-05,14.2976169518829,0.0374387083020207,25.1225833959586,1
3,full_signal_rms,vT,20,3,RLS,6.46952484122978e-05,35.3047515877022,0.0818960380411601,63.7920760823201,1
3,full_signal_rms,vT,20,3,TS_LTVKF,9.81899506704681e-05,1.81004932953189,0.0430163913828547,13.9672172342905,0
4,full_signal_rms,vT,20,4,RLS,6.80402119519477e-05,31.9597880480523,0.0781393124190205,56.278624838041,1
4,full_signal_rms,vT,20,4,TS_LTVKF,9.33189220699554e-05,6.68107793004462,0.0358582350449617,28.2835299100767,1
5,full_signal_rms,vT,20,5,RLS,6.4995533549114e-05,35.004466450886,0.158907348220398,217.814696440796,1
5,full_signal_rms,vT,20,5,TS_LTVKF,8.98384514639548e-05,10.1615485360452,0.0573008922745058,14.6017845490116,1
6,full_signal_rms,vT,20,6,RLS,8.57076129458193e-05,14.2923870541807,0.0927091624922687,85.4183249845373,1
6,full_signal_rms,vT,20,6,TS_LTVKF,8.97305869815431e-05,10.2694130184569,0.0602328623034631,20.4657246069261,1
7,full_signal_rms,vT,20,7,RLS,7.02803345812764e-05,29.7196654187236,0.143374351697364,186.748703394727,1
7,full_signal_rms,vT,20,7,TS_LTVKF,7.45606359460971e-05,25.4393640539029,0.0499757843195099,0.0484313609802833,1
8,full_signal_rms,vT,20,8,RLS,7.31911246972892e-05,26.8088753027109,0.122843126215086,145.686252430173,1
8,full_signal_rms,vT,20,8,TS_LTVKF,7.89910824483429e-05,21.0089175516571,0.0609196182590441,21.8392365180883,1
9,full_signal_rms,vT,20,9,RLS,7.79697478042751e-05,22.0302521957249,0.0973789196323855,94.757839264771,1
9,full_signal_rms,vT,20,9,TS_LTVKF,8.07309839568489e-05,19.2690160431511,0.039385252529823,21.229494940354,1
10,full_signal_rms,vT,20,10,RLS,6.6098011718251e-05,33.901988281749,0.162842259233062,225.684518466124,1
10,full_signal_rms,vT,20,10,TS_LTVKF,8.33951090818977e-05,16.6048909181023,0.0460896918643866,7.82061627122675,1
11,full_signal_rms,vT,20,11,RLS,6.85062340070812e-05,31.4937659929188,0.140254776401555,180.50955280311,1
11,full_signal_rms,vT,20,11,TS_LTVKF,9.26658714179871e-05,7.33412858201292,0.0308447529877416,38.3104940245169,1
12,full_signal_rms,vT,20,12,RLS,0.000110663747633946,10.6637476339464,0.0287237485402081,42.5525029195838,1
12,full_signal_rms,vT,20,12,TS_LTVKF,7.84784641143869e-05,21.5215358856131,0.0497414839996564,0.517032000687201,1
13,full_signal_rms,vT,20,13,RLS,7.72593445317764e-05,22.7406554682236,0.0248887163573907,50.2225672852186,1
13,full_signal_rms,vT,20,13,TS_LTVKF,7.96143747008141e-05,20.3856252991859,0.0763746411344811,52.7492822689622,1
14,full_signal_rms,vT,20,14,RLS,0.000121416817104707,21.4168171047072,0.0806973732488376,61.3947464976753,1
14,full_signal_rms,vT,20,14,TS_LTVKF,7.88958062218325e-05,21.1041937781675,0.0365769562912087,26.8460874175826,1
15,full_signal_rms,vT,20,15,RLS,7.11401269857527e-05,28.8598730142473,0.133501897494033,167.003794988066,1
15,full_signal_rms,vT,20,15,TS_LTVKF,8.0243007217446e-05,19.7569927825541,0.0581267394407457,16.2534788814914,1
16,full_signal_rms,vT,20,16,RLS,7.35822860070547e-05,26.4177139929453,0.162050972627217,224.101945254434,1
16,full_signal_rms,vT,20,16,TS_LTVKF,6.62760970924373e-05,33.7239029075627,0.0506973203963761,1.39464079275213,1
17,full_signal_rms,vT,20,17,RLS,7.60794891595129e-05,23.9205108404871,0.0882930822874351,76.5861645748701,1
17,full_signal_rms,vT,20,17,TS_LTVKF,9.55184883765426e-05,4.48151162345746,0.0442263406467594,11.5473187064812,0
18,full_signal_rms,vT,20,18,RLS,8.67078046405013e-05,13.2921953594987,0.044594903312139,10.810193375722,1
18,full_signal_rms,vT,20,18,TS_LTVKF,8.19089959382737e-05,18.0910040617263,0.0595867493629459,19.1734987258918,1
19,full_signal_rms,vT,20,19,RLS,6.40208748511537e-05,35.9791251488463,0.0408102893943238,18.3794212113525,1
19,full_signal_rms,vT,20,19,TS_LTVKF,9.02931215370176e-05,9.70687846298244,0.0376745359541529,24.6509280916942,1
20,full_signal_rms,vT,20,20,RLS,7.46655883089576e-05,25.3344116910424,0.102243522733167,104.487045466335,1
20,full_signal_rms,vT,20,20,TS_LTVKF,8.28894668869841e-05,17.1105331130159,0.0470205066020075,5.95898679598508,1
21,full_signal_rms,vT,30,1,RLS,6.79971462564487e-05,32.0028537435513,0.033895676288106,32.2086474237881,1
21,full_signal_rms,vT,30,1,TS_LTVKF,8.63856800803358e-05,13.6143199196642,0.049378298720934,1.24340255813192,1
22,full_signal_rms,vT,30,2,RLS,7.36289881272508e-05,26.3710118727492,0.0318933262364378,36.2133475271244,1
22,full_signal_rms,vT,30,2,TS_LTVKF,9.27139680939664e-05,7.28603190603359,0.0461221603844568,7.75567923108647,0
23,full_signal_rms,vT,30,3,RLS,5.74865058803228e-05,42.5134941196772,0.0462004645129943,7.59907097401141,1
23,full_signal_rms,vT,30,3,TS_LTVKF,9.82352590722397e-05,1.76474092776031,0.0480105037933224,3.97899241335526,0
24,full_signal_rms,vT,30,4,RLS,5.88424393041559e-05,41.1575606958441,0.0608377313719375,21.6754627438749,1
24,full_signal_rms,vT,30,4,TS_LTVKF,9.53314696806068e-05,4.6685303193932,0.0459481388609204,8.10372227815924,0
25,full_signal_rms,vT,30,5,RLS,7.83159239446059e-05,21.6840760553941,0.119248949030811,138.497898061622,1
25,full_signal_rms,vT,30,5,TS_LTVKF,9.51642865341592e-05,4.83571346584083,0.0535354401138675,7.07088022773508,0
26,full_signal_rms,vT,30,6,RLS,9.66577047918583e-05,3.34229520814173,0.0850467295322086,70.0934590644172,1
26,full_signal_rms,vT,30,6,TS_LTVKF,9.40384659897739e-05,5.9615340102261,0.0546943411400115,9.38868228002292,0
27,full_signal_rms,vT,30,7,RLS,6.24547401468612e-05,37.5452598531388,0.0734832686724807,46.9665373449614,1
27,full_signal_rms,vT,30,7,TS_LTVKF,8.72923849281256e-05,12.7076150718744,0.0505893475318522,1.17869506370432,1
28,full_signal_rms,vT,30,8,RLS,7.98447585842839e-05,20.1552414157161,0.0946896016770489,89.3792033540979,1
28,full_signal_rms,vT,30,8,TS_LTVKF,8.95332762031929e-05,10.4667237968071,0.0548277385758178,9.65547715163559,1
29,full_signal_rms,vT,30,9,RLS,6.79875126478084e-05,32.0124873521916,0.0694900624675451,38.9801249350903,1
29,full_signal_rms,vT,30,9,TS_LTVKF,9.07855422613335e-05,9.21445773866655,0.0468209953200389,6.35800935992227,0
30,full_signal_rms,vT,30,10,RLS,6.67479437468023e-05,33.2520562531977,0.112655803318477,125.311606636954,1
30,full_signal_rms,vT,30,10,TS_LTVKF,9.10653434761175e-05,8.93465652388249,0.0483039115912316,3.39217681753675,0
31,full_signal_rms,vT,30,11,RLS,9.51578521343598e-05,4.8421478656402,0.115407845453171,130.815690906342,1
31,full_signal_rms,vT,30,11,TS_LTVKF,9.62278430669917e-05,3.7721569330083,0.0435304426976936,12.9391146046128,0
32,full_signal_rms,vT,30,12,RLS,0.000116795086591324,16.795086591324,0.0143850750425966,71.2298499148067,1
32,full_signal_rms,vT,30,12,TS_LTVKF,8.92210410734526e-05,10.7789589265474,0.0505065136365363,1.01302727307264,1
33,full_signal_rms,vT,30,13,RLS,7.22215851847626e-05,27.7784148152374,0.0161235526930686,67.7528946138628,1
33,full_signal_rms,vT,30,13,TS_LTVKF,8.955025299087e-05,10.44974700913,0.0607216698971002,21.4433397942004,1
34,full_signal_rms,vT,30,14,RLS,0.000119772567165678,19.7725671656783,0.0412239156570425,17.5521686859149,1
34,full_signal_rms,vT,30,14,TS_LTVKF,8.9077676236437e-05,10.9223237635631,0.0457813401907588,8.43731961848238,1
35,full_signal_rms,vT,30,15,RLS,9.95139376391772e-05,0.486062360822803,0.0809692998831793,61.9385997663586,1
35,full_signal_rms,vT,30,15,TS_LTVKF,8.96498144233711e-05,10.3501855766289,0.0530738427931967,6.14768558639349,1
36,full_signal_rms,vT,30,16,RLS,9.41391892814854e-05,5.8608107185146,0.156969114444382,213.938228888764,1
36,full_signal_rms,vT,30,16,TS_LTVKF,8.22380598090668e-05,17.7619401909332,0.0508369436138246,1.67388722764925,1
37,full_signal_rms,vT,30,17,RLS,7.40373115550788e-05,25.9626884449212,0.0451169153632372,9.76616927352563,1
37,full_signal_rms,vT,30,17,TS_LTVKF,9.73951765414905e-05,2.6048234585095,0.0484139802728355,3.17203945432892,0
38,full_signal_rms,vT,30,18,RLS,8.64941574431054e-05,13.5058425568946,0.0203881863688528,59.2236272622944,1
38,full_signal_rms,vT,30,18,TS_LTVKF,9.11168343984217e-05,8.88316560157832,0.054201042277818,8.40208455563605,0
39,full_signal_rms,vT,30,19,RLS,7.21124077485671e-05,27.8875922514329,0.0433177495623696,13.3645008752608,1
39,full_signal_rms,vT,30,19,TS_LTVKF,9.5282849517914e-05,4.71715048208604,0.0465135497600294,6.97290047994125,0
40,full_signal_rms,vT,30,20,RLS,0.000100455850748277,0.455850748276854,0.0471539311853437,5.69213762931269,0
40,full_signal_rms,vT,30,20,TS_LTVKF,9.12974268433935e-05,8.7025731566065,0.0498333289150205,0.333342169959083,0
41,full_signal_rms,vT,40,1,RLS,7.34072270682157e-05,26.5927729317843,0.0415463366943556,16.9073266112889,1
41,full_signal_rms,vT,40,1,TS_LTVKF,9.36106193881165e-05,6.3893806118835,0.0502322249336092,0.464449867218408,0
42,full_signal_rms,vT,40,2,RLS,0.000101666576321205,1.66657632120455,0.0213111480609963,57.3777038780075,1
42,full_signal_rms,vT,40,2,TS_LTVKF,9.51824690167146e-05,4.81753098328541,0.0483853814204916,3.22923715901674,0
43,full_signal_rms,vT,40,3,RLS,6.88170776731477e-05,31.1829223268523,0.0431477069854814,13.7045860290372,1
43,full_signal_rms,vT,40,3,TS_LTVKF,9.74937270005422e-05,2.50627299945779,0.0486807182763264,2.63856344734714,0
44,full_signal_rms,vT,40,4,RLS,7.70608802191152e-05,22.9391197808848,0.0517584653416343,3.51693068326855,1
44,full_signal_rms,vT,40,4,TS_LTVKF,9.6804370483024e-05,3.195629516976,0.0494624501734468,1.07509965310637,0
45,full_signal_rms,vT,40,5,RLS,7.9764260057531e-05,20.235739942469,0.0707435370495981,41.4870740991961,1
45,full_signal_rms,vT,40,5,TS_LTVKF,9.68241629427425e-05,3.17583705725746,0.0510565449404591,2.11308988091827,0
46,full_signal_rms,vT,40,6,RLS,9.79484137298036e-05,2.05158627019641,0.0606394724620809,21.2789449241618,1
46,full_signal_rms,vT,40,6,TS_LTVKF,9.63790451669747e-05,3.62095483302527,0.0517599736874579,3.51994737491583,0
47,full_signal_rms,vT,40,7,RLS,7.97062704824003e-05,20.2937295175997,0.0563436795625258,12.6873591250515,1
47,full_signal_rms,vT,40,7,TS_LTVKF,9.36586690750613e-05,6.34133092493868,0.049590514052836,0.818971894328069,0
48,full_signal_rms,vT,40,8,RLS,8.47882492101862e-05,15.2117507898138,0.0627528665680115,25.5057331360231,1
48,full_signal_rms,vT,40,8,TS_LTVKF,9.41733418488159e-05,5.82665815118413,0.0516004532163999,3.20090643279971,0
49,full_signal_rms,vT,40,9,RLS,9.64688711459346e-05,3.53112885406538,0.0549516572517903,9.9033145035806,0
49,full_signal_rms,vT,40,9,TS_LTVKF,9.53010437448658e-05,4.6989562551342,0.0485120887536474,2.97582249270512,0
50,full_signal_rms,vT,40,10,RLS,7.61618137168975e-05,23.8381862831025,0.0682684198447051,36.5368396894102,1
50,full_signal_rms,vT,40,10,TS_LTVKF,9.48140709015377e-05,5.18592909846234,0.0502256522714091,0.451304542818232,0
51,full_signal_rms,vT,40,11,RLS,0.000113089264385858,13.0892643858584,0.0692951442553659,38.5902885107317,1
51,full_signal_rms,vT,40,11,TS_LTVKF,9.67995383726261e-05,3.20046162737392,0.0472599093516573,5.48018129668542,0
52,full_signal_rms,vT,40,12,RLS,7.92444711695962e-05,20.7555288304038,0.0155761022721132,68.8477954557735,1
52,full_signal_rms,vT,40,12,TS_LTVKF,9.39266736257399e-05,6.07332637426009,0.0495971450052569,0.805709989486192,0
53,full_signal_rms,vT,40,13,RLS,8.98499399334395e-05,10.1500600665606,0.0336473820436932,32.7052359126136,1
53,full_signal_rms,vT,40,13,TS_LTVKF,9.4757551250387e-05,5.24244874961303,0.0535011140155646,7.00222803112915,0
54,full_signal_rms,vT,40,14,RLS,0.000137365783213558,37.3657832135578,0.0448026351060757,10.3947297878487,1
54,full_signal_rms,vT,40,14,TS_LTVKF,9.45266600125399e-05,5.4733399874601,0.0484424831595278,3.11503368094439,0
55,full_signal_rms,vT,40,15,RLS,0.000121635307049714,21.6353070497139,0.05850349142698,17.0069828539599,1
55,full_signal_rms,vT,40,15,TS_LTVKF,9.46531462661524e-05,5.34685373384766,0.0492498702712555,1.50025945748905,0
56,full_signal_rms,vT,40,16,RLS,7.20857311581865e-05,27.9142688418135,0.0823973973042907,64.7947946085814,1
56,full_signal_rms,vT,40,16,TS_LTVKF,9.20881812218053e-05,7.9118187781947,0.0496441028844159,0.71179423116815,0
57,full_signal_rms,vT,40,17,RLS,0.00010454534471067,4.54534471066963,0.0438069042588044,12.3861914823913,0
57,full_signal_rms,vT,40,17,TS_LTVKF,9.73987436445824e-05,2.60125635541761,0.0487528210364177,2.49435792716456,0
58,full_signal_rms,vT,40,18,RLS,8.86636828473083e-05,11.3363171526918,0.0299153669054126,40.1692661891749,1
58,full_signal_rms,vT,40,18,TS_LTVKF,9.49934729761581e-05,5.00652702384189,0.0510320548629084,2.06410972581681,0
59,full_signal_rms,vT,40,19,RLS,9.01938206698472e-05,9.80617933015283,0.0469430122554644,6.1139754890713,0
59,full_signal_rms,vT,40,19,TS_LTVKF,9.66355787615537e-05,3.36442123844632,0.0493104428081836,1.37911438363271,0
60,full_signal_rms,vT,40,20,RLS,9.8623008721696e-05,1.37699127830401,0.0384476486893843,23.1047026212313,1
60,full_signal_rms,vT,40,20,TS_LTVKF,9.53348224641111e-05,4.66517753588888,0.0499140400997817,0.171919800436626,0
61,full_signal_rms,vT,50,1,RLS,9.00052525204815e-05,9.99474747951855,0.0467775565024385,6.44488699512299,0
61,full_signal_rms,vT,50,1,TS_LTVKF,9.83731409844386e-05,1.62685901556144,0.0501256746148616,0.251349229723274,0
62,full_signal_rms,vT,50,2,RLS,0.000104553473049024,4.55347304902389,0.0404609681374209,19.0780637251583,0
62,full_signal_rms,vT,50,2,TS_LTVKF,9.86316787132024e-05,1.36832128679761,0.0493071916799608,1.38561664007841,0
63,full_signal_rms,vT,50,3,RLS,8.89165104746409e-05,11.0834895253591,0.0469009289659096,6.19814206818087,1
63,full_signal_rms,vT,50,3,TS_LTVKF,9.97664600959346e-05,0.233539904065383,0.0486785912881192,2.6428174237616,0
64,full_signal_rms,vT,50,4,RLS,9.12331631019785e-05,8.76683689802151,0.0500964168608811,0.192833721762087,0
64,full_signal_rms,vT,50,4,TS_LTVKF,9.93403427896905e-05,0.659657210309483,0.0502520754747813,0.504150949562687,0
65,full_signal_rms,vT,50,5,RLS,9.1810880033004e-05,8.18911996699598,0.0560757600246301,12.1515200492602,0
65,full_signal_rms,vT,50,5,TS_LTVKF,9.96237379145568e-05,0.376262085443158,0.0501097025858776,0.219405171755116,0
66,full_signal_rms,vT,50,6,RLS,0.000100102529679166,0.102529679166419,0.0529275053975304,5.85501079506086,0
66,full_signal_rms,vT,50,6,TS_LTVKF,9.92166106798362e-05,0.783389320163819,0.0506220301504288,1.2440603008576,0
67,full_signal_rms,vT,50,7,RLS,9.2412214484809e-05,7.58778551519106,0.0515320091895211,3.06401837904227,0
67,full_signal_rms,vT,50,7,TS_LTVKF,9.80225035745393e-05,1.97749642546069,0.0493288687030727,1.34226259385464,0
68,full_signal_rms,vT,50,8,RLS,9.51525912971762e-05,4.84740870282381,0.0535909371649752,7.18187432995037,0
68,full_signal_rms,vT,50,8,TS_LTVKF,9.83162938168852e-05,1.68370618311479,0.0505625008123684,1.12500162473681,0
69,full_signal_rms,vT,50,9,RLS,0.000101074239953606,1.07423995360638,0.0511253425440226,2.25068508804513,0
69,full_signal_rms,vT,50,9,TS_LTVKF,9.89020187394928e-05,1.09798126050721,0.0490152698361554,1.96946032768927,0
70,full_signal_rms,vT,50,10,RLS,9.23356512578557e-05,7.66434874214431,0.0553584898449565,10.716979689913,0
70,full_signal_rms,vT,50,10,TS_LTVKF,9.85031511787251e-05,1.49684882127493,0.0505387984572837,1.0775969145673,0
71,full_signal_rms,vT,50,11,RLS,0.000102739107169981,2.73910716998114,0.0555737971438091,11.1475942876182,0
71,full_signal_rms,vT,50,11,TS_LTVKF,9.92601449925178e-05,0.739855007482204,0.048551315520026,2.89736895994804,0
72,full_signal_rms,vT,50,12,RLS,9.26758016575974e-05,7.32419834240259,0.0386362458962632,22.7275082074736,1
72,full_signal_rms,vT,50,12,TS_LTVKF,9.81237161953471e-05,1.87628380465289,0.0491199918857777,1.76001622844469,0
73,full_signal_rms,vT,50,13,RLS,9.74489568689242e-05,2.5510431310758,0.0444016551951478,11.1966896097043,0
73,full_signal_rms,vT,50,13,TS_LTVKF,9.8647750526454e-05,1.35224947354601,0.0507195740036997,1.43914800739944,0
74,full_signal_rms,vT,50,14,RLS,0.000117754028418891,17.7540284188915,0.04785566301106,4.28867397787998,1
74,full_signal_rms,vT,50,14,TS_LTVKF,9.85106942851837e-05,1.48930571481629,0.0493036890002051,1.39262199958977,0
75,full_signal_rms,vT,50,15,RLS,0.000106239856020861,6.23985602086146,0.0522394709380071,4.47894187601428,0
75,full_signal_rms,vT,50,15,TS_LTVKF,9.86436171343349e-05,1.35638286566508,0.0483181402893745,3.3637194212511,0
76,full_signal_rms,vT,50,16,RLS,8.93164061563517e-05,10.6835938436483,0.0597861435436683,19.5722870873367,1
76,full_signal_rms,vT,50,16,TS_LTVKF,9.80098615362883e-05,1.99013846371165,0.0492970248518468,1.40595029630641,0
77,full_signal_rms,vT,50,17,RLS,0.000110039527089765,10.039527089765,0.0475539233542732,4.89215329145351,1
77,full_signal_rms,vT,50,17,TS_LTVKF,9.99888791018019e-05,0.0111208981980804,0.0486661101840526,2.66777963189487,0
78,full_signal_rms,vT,50,18,RLS,9.63100395754966e-05,3.68996042450339,0.0431094716312935,13.7810567374129,0
78,full_signal_rms,vT,50,18,TS_LTVKF,9.86290815014898e-05,1.37091849851025,0.0496343486582946,0.731302683410839,0
79,full_signal_rms,vT,50,19,RLS,0.00010373188119463,3.73188119462988,0.0485948229396559,2.81035412068813,0
79,full_signal_rms,vT,50,19,TS_LTVKF,9.9587063424448e-05,0.412936575552025,0.0500227827210759,0.0455654421517293,0
80,full_signal_rms,vT,50,20,RLS,9.9822633743024e-05,0.177366256976041,0.0459321655268041,8.13566894639188,0
80,full_signal_rms,vT,50,20,TS_LTVKF,9.90801094878269e-05,0.919890512173094,0.0499918149242658,0.0163701514683701,0
81,full_signal_rms,i1,20,1,RLS,0.000100289202903887,0.289202903886809,0.0493381516370702,1.32369672585959,0
81,full_signal_rms,i1,20,1,TS_LTVKF,9.98167180550617e-05,0.183281944938252,0.0491895513400335,1.62089731993295,0
82,full_signal_rms,i1,20,2,RLS,9.99674996684566e-05,0.0325003315434502,0.0490972277207867,1.80554455842658,0
82,full_signal_rms,i1,20,2,TS_LTVKF,9.99831658726437e-05,0.0168341273563244,0.0491117716533167,1.77645669336656,0
83,full_signal_rms,i1,20,3,RLS,9.99500956184675e-05,0.0499043815324951,0.0492300536175358,1.53989276492845,0
83,full_signal_rms,i1,20,3,TS_LTVKF,9.99437519631374e-05,0.0562480368625606,0.0491673237805387,1.66535243892257,0
84,full_signal_rms,i1,20,4,RLS,0.00010004023255613,0.0402325561303485,0.0493458375427685,1.30832491446302,0
84,full_signal_rms,i1,20,4,TS_LTVKF,9.99562359576367e-05,0.0437640423633368,0.0491523264028057,1.69534719438856,0
85,full_signal_rms,i1,20,5,RLS,0.00010029576167559,0.295761675590089,0.0490940663559582,1.81186728808351,0
85,full_signal_rms,i1,20,5,TS_LTVKF,0.00010004298400169,0.042984001690094,0.0491151402667824,1.76971946643519,0
86,full_signal_rms,i1,20,6,RLS,9.99518315046572e-05,0.0481684953428263,0.0493772337044426,1.2455325911149,0
86,full_signal_rms,i1,20,6,TS_LTVKF,9.98040784276073e-05,0.195921572392721,0.0491746021263886,1.65079574722273,0
87,full_signal_rms,i1,20,7,RLS,9.97929560509003e-05,0.207043949099739,0.0492206804341915,1.55863913161705,0
87,full_signal_rms,i1,20,7,TS_LTVKF,0.00010004789289551,0.0478928955097269,0.0491588732763091,1.68225344738179,0
88,full_signal_rms,i1,20,8,RLS,9.9795144158172e-05,0.204855841827989,0.0490937531316135,1.81249373677297,0
88,full_signal_rms,i1,20,8,TS_LTVKF,0.000100148207007258,0.148207007258172,0.0491664416104559,1.66711677908828,0
89,full_signal_rms,i1,20,9,RLS,0.000100159324568523,0.159324568523411,0.0491096871601935,1.78062567961303,0
89,full_signal_rms,i1,20,9,TS_LTVKF,9.98487642477566e-05,0.151235752243362,0.0491552918832123,1.68941623357535,0
90,full_signal_rms,i1,20,10,RLS,0.000100292962362848,0.292962362847704,0.0493474586701638,1.30508265967237,0
90,full_signal_rms,i1,20,10,TS_LTVKF,9.99518205394531e-05,0.0481794605469155,0.0491456946013734,1.70861079725323,0
91,full_signal_rms,i1,20,11,RLS,9.99933143576377e-05,0.00668564236231406,0.0492904788306571,1.41904233868579,0
91,full_signal_rms,i1,20,11,TS_LTVKF,0.0001000383171429,0.0383171428996576,0.0491488204424277,1.70235911514468,0
92,full_signal_rms,i1,20,12,RLS,0.000100501486981496,0.501486981495614,0.0492755152157602,1.44896956847951,0
92,full_signal_rms,i1,20,12,TS_LTVKF,0.000100091577828141,0.0915778281406432,0.0490944806419848,1.81103871603033,0
93,full_signal_rms,i1,20,13,RLS,9.94448312452732e-05,0.555168754726765,0.0489760690206904,2.04786195861928,0
93,full_signal_rms,i1,20,13,TS_LTVKF,9.99971420165155e-05,0.0028579834845055,0.0491437713682092,1.71245726358157,0
94,full_signal_rms,i1,20,14,RLS,0.000100404508000288,0.404508000287929,0.0492987236121578,1.40255277568441,0
94,full_signal_rms,i1,20,14,TS_LTVKF,0.000100111539088562,0.111539088562318,0.0490890248478417,1.82195030431664,0
95,full_signal_rms,i1,20,15,RLS,9.9700802464511e-05,0.29919753548896,0.0490844960811533,1.83100783769341,0
95,full_signal_rms,i1,20,15,TS_LTVKF,9.98626966307285e-05,0.137303369271546,0.0491724531283553,1.65509374328943,0
96,full_signal_rms,i1,20,16,RLS,9.97680748895663e-05,0.231925110433751,0.0491932877634211,1.61342447315779,0
96,full_signal_rms,i1,20,16,TS_LTVKF,9.99651234625488e-05,0.0348765374511895,0.0491675360744306,1.66492785113874,0
97,full_signal_rms,i1,20,17,RLS,0.000100046123335916,0.0461233359158042,0.0492905772584515,1.41884548309702,0
97,full_signal_rms,i1,20,17,TS_LTVKF,9.99881948135741e-05,0.0118051864259505,0.0491604952402123,1.67900951957547,0
98,full_signal_rms,i1,20,18,RLS,9.9496853071436e-05,0.503146928563969,0.0491587563445355,1.68248731092902,0
98,full_signal_rms,i1,20,18,TS_LTVKF,0.000100085207139483,0.0852071394834564,0.0491816972386222,1.63660552275552,0
99,full_signal_rms,i1,20,19,RLS,9.95779061051223e-05,0.422093894877684,0.049285206786818,1.42958642636405,0
99,full_signal_rms,i1,20,19,TS_LTVKF,0.000100016499082592,0.0164990825920253,0.0491214467908613,1.75710641827741,0
100,full_signal_rms,i1,20,20,RLS,9.97514462249464e-05,0.248553775053606,0.0493065031418657,1.38699371626855,0
100,full_signal_rms,i1,20,20,TS_LTVKF,9.98695342591655e-05,0.130465740834462,0.0491598517076003,1.68029658479931,0
101,full_signal_rms,i1,30,1,RLS,0.00010008848613524,0.0884861352399735,0.0493824690038232,1.23506199235364,0
101,full_signal_rms,i1,30,1,TS_LTVKF,9.9919992469739e-05,0.0800075302609726,0.0494758825810653,1.04823483786937,0
102,full_signal_rms,i1,30,2,RLS,9.9986495846801e-05,0.0135041531989843,0.049315057793439,1.36988441312202,0
102,full_signal_rms,i1,30,2,TS_LTVKF,9.99677927509864e-05,0.0322072490136049,0.0494561261150349,1.08774776993023,0
103,full_signal_rms,i1,30,3,RLS,9.99817474317301e-05,0.0182525682698831,0.0493572881941821,1.28542361163576,0
103,full_signal_rms,i1,30,3,TS_LTVKF,9.99572473100222e-05,0.0427526899777986,0.0494746918906201,1.05061621875984,0
104,full_signal_rms,i1,30,4,RLS,0.000100012586761341,0.012586761340927,0.0494010106584396,1.19797868312082,0
104,full_signal_rms,i1,30,4,TS_LTVKF,9.99644374825176e-05,0.0355625174823793,0.049470105264402,1.059789471196,0
105,full_signal_rms,i1,30,5,RLS,0.000100092820465719,0.0928204657193898,0.0493062276686999,1.38754466260013,0
105,full_signal_rms,i1,30,5,TS_LTVKF,9.99931067888168e-05,0.00689321118321207,0.0494575143257226,1.08497134855481,0
106,full_signal_rms,i1,30,6,RLS,9.99838166916155e-05,0.0161833083844543,0.0494026126617404,1.19477467651917,0
106,full_signal_rms,i1,30,6,TS_LTVKF,9.99156150731701e-05,0.0843849268298613,0.0494773280232126,1.04534395357471,0
107,full_signal_rms,i1,30,7,RLS,9.99312408933096e-05,0.0687591066903859,0.0493494620965959,1.30107580680812,0
107,full_signal_rms,i1,30,7,TS_LTVKF,9.99902374838326e-05,0.00976251616744417,0.0494737348515511,1.05253029689786,0
108,full_signal_rms,i1,30,8,RLS,9.99320800471168e-05,0.067919952883233,0.0493276074463873,1.34478510722531,0
108,full_signal_rms,i1,30,8,TS_LTVKF,0.000100024772967669,0.0247729676689401,0.0494750112709488,1.04997745810231,0
109,full_signal_rms,i1,30,9,RLS,0.000100046519754466,0.0465197544657459,0.0493162353975958,1.36752920480848,0
109,full_signal_rms,i1,30,9,TS_LTVKF,9.99328386180466e-05,0.0671613819534067,0.0494678185388284,1.06436292234319,0
110,full_signal_rms,i1,30,10,RLS,0.000100091207055472,0.0912070554724753,0.049393173880916,1.21365223816806,0
110,full_signal_rms,i1,30,10,TS_LTVKF,9.99607209922232e-05,0.0392790077768157,0.0494656534012094,1.06869319758113,0
111,full_signal_rms,i1,30,11,RLS,9.99958505441468e-05,0.00414945585319737,0.0493761295126269,1.24774097474623,0
111,full_signal_rms,i1,30,11,TS_LTVKF,9.99883278836724e-05,0.0116721163276545,0.0494665073365701,1.06698532685973,0
112,full_signal_rms,i1,30,12,RLS,0.000100157678093981,0.157678093981217,0.049360429298863,1.27914140227399,0
112,full_signal_rms,i1,30,12,TS_LTVKF,0.000100011044022453,0.0110440224526664,0.0494482565670365,1.10348686592695,0
113,full_signal_rms,i1,30,13,RLS,9.98210095609207e-05,0.178990439079263,0.0492747863288849,1.45042734223011,0
113,full_signal_rms,i1,30,13,TS_LTVKF,9.99769790059741e-05,0.0230209940258685,0.0494613982973313,1.07720340533742,0
114,full_signal_rms,i1,30,14,RLS,0.000100124069574844,0.124069574844499,0.049365070000216,1.26985999956797,0
114,full_signal_rms,i1,30,14,TS_LTVKF,0.000100011669496119,0.0116694961194153,0.0494466782382045,1.10664352359093,0
115,full_signal_rms,i1,30,15,RLS,9.99025251635025e-05,0.0974748364975131,0.049300332961602,1.39933407679605,0
115,full_signal_rms,i1,30,15,TS_LTVKF,9.99323807491499e-05,0.0676192508501261,0.0494766198701462,1.04676025970761,0
116,full_signal_rms,i1,30,16,RLS,9.99251199129265e-05,0.0748800870735034,0.0493299284648732,1.34014307025367,0
116,full_signal_rms,i1,30,16,TS_LTVKF,9.99663113932913e-05,0.0336886067087261,0.0494741933333207,1.05161333335865,0
117,full_signal_rms,i1,30,17,RLS,0.000100010617478136,0.0106174781358659,0.0493837435953075,1.23251280938491,0
117,full_signal_rms,i1,30,17,TS_LTVKF,9.9975409033582e-05,0.02459096641797,0.049467275099249,1.06544980150198,0
118,full_signal_rms,i1,30,18,RLS,9.98388493847639e-05,0.161150615236128,0.049333246896923,1.33350620615391,0
118,full_signal_rms,i1,30,18,TS_LTVKF,0.000100007474124936,0.00747412493644628,0.049478551397716,1.04289720456809,0
119,full_signal_rms,i1,30,19,RLS,9.98649948000166e-05,0.135005199983429,0.0493804412370332,1.23911752593359,0
119,full_signal_rms,i1,30,19,TS_LTVKF,9.99818588048908e-05,0.0181411951092336,0.0494535837660555,1.0928324678891,0
120,full_signal_rms,i1,30,20,RLS,9.99187101806897e-05,0.0812898193102596,0.0493821814302489,1.23563713950222,0
120,full_signal_rms,i1,30,20,TS_LTVKF,9.99376231450602e-05,0.0623768549398052,0.0494697896624837,1.06042067503256,0
121,full_signal_rms,i1,40,1,RLS,0.000100025522867813,0.0255228678131214,0.0493699059352839,1.26018812943226,0
121,full_signal_rms,i1,40,1,TS_LTVKF,9.9954696766595e-05,0.0453032334049808,0.0495008993410261,0.998201317947744,0
122,full_signal_rms,i1,40,2,RLS,9.99953637244036e-05,0.00463627559635915,0.0493498813753641,1.30023724927187,0
122,full_signal_rms,i1,40,2,TS_LTVKF,9.99708101311653e-05,0.0291898688347225,0.0494916964953722,1.01660700925559,0
123,full_signal_rms,i1,40,3,RLS,9.99923821594039e-05,0.00761784059606363,0.0493651238837221,1.26975223255571,0
123,full_signal_rms,i1,40,3,TS_LTVKF,9.99662652908962e-05,0.0337347091038276,0.0494989154716731,1.00216905665387,0
124,full_signal_rms,i1,40,4,RLS,0.000100004288276257,0.00428827625704731,0.0493783397199751,1.24332056004978,0
124,full_signal_rms,i1,40,4,TS_LTVKF,9.99685375525083e-05,0.031462447491748,0.0494981309823315,1.003738035337,0
125,full_signal_rms,i1,40,5,RLS,0.000100028604174373,0.0286041743729593,0.0493437505829944,1.31249883401123,0
125,full_signal_rms,i1,40,5,TS_LTVKF,9.99769246751523e-05,0.0230753248476767,0.0494930824770032,1.01383504599369,0
126,full_signal_rms,i1,40,6,RLS,9.9993999970922e-05,0.00600002907799047,0.0493774676442403,1.24506471151935,0
126,full_signal_rms,i1,40,6,TS_LTVKF,9.99530254165081e-05,0.0469745834918989,0.0495011784506018,0.997643098796452,0
127,full_signal_rms,i1,40,7,RLS,9.9975686251619e-05,0.0243137483810107,0.0493595165183567,1.28096696328661,0
127,full_signal_rms,i1,40,7,TS_LTVKF,9.997601724522e-05,0.0239827547800275,0.0495010260386545,0.997947922690912,0
128,full_signal_rms,i1,40,8,RLS,9.99772748132297e-05,0.0227251867703115,0.0493608440256,1.27831194879998,0
128,full_signal_rms,i1,40,8,TS_LTVKF,9.99867449448871e-05,0.0132550551128929,0.0494992313579847,1.00153728403063,0
129,full_signal_rms,i1,40,9,RLS,0.000100013732324554,0.0137323245543941,0.0493527952168284,1.29440956634319,0
129,full_signal_rms,i1,40,9,TS_LTVKF,9.99596913924944e-05,0.0403086075056458,0.0494981532176758,1.00369356464838,0
130,full_signal_rms,i1,40,10,RLS,0.00010002761769569,0.0276176956895746,0.0493744695983181,1.25106080336376,0
130,full_signal_rms,i1,40,10,TS_LTVKF,9.99681740210074e-05,0.0318259789926501,0.0494949556805797,1.01008863884069,0
131,full_signal_rms,i1,40,11,RLS,9.99977638453492e-05,0.00223615465078097,0.049369255109503,1.26148978099396,0
131,full_signal_rms,i1,40,11,TS_LTVKF,9.99782579191183e-05,0.0217420808817259,0.0494952023158272,1.00959536834561,0
132,full_signal_rms,i1,40,12,RLS,0.000100049429500495,0.0494295004946688,0.0493682241186498,1.26355176270038,0
132,full_signal_rms,i1,40,12,TS_LTVKF,9.99852291034499e-05,0.014770896550087,0.0494900009045694,1.01999819086115,0
133,full_signal_rms,i1,40,13,RLS,9.99414777580347e-05,0.0585222419652864,0.0493361388882144,1.32772222357121,0
133,full_signal_rms,i1,40,13,TS_LTVKF,9.99730414542696e-05,0.0269585457304489,0.0494945123469887,1.01097530602263,0
134,full_signal_rms,i1,40,14,RLS,0.000100038004494006,0.0380044940061053,0.0493643354967959,1.27132900640815,0
134,full_signal_rms,i1,40,14,TS_LTVKF,9.99827395157739e-05,0.0172604842261448,0.0494899336201754,1.02013275964925,0
135,full_signal_rms,i1,40,15,RLS,9.9967840889683e-05,0.0321591103169871,0.0493420644867013,1.31587102659736,0
135,full_signal_rms,i1,40,15,TS_LTVKF,9.99561665945514e-05,0.0438334054485789,0.0495002684997685,0.999463000462963,0
136,full_signal_rms,i1,40,16,RLS,9.99750593965245e-05,0.0249406034755095,0.0493635433721176,1.27291325576483,0
136,full_signal_rms,i1,40,16,TS_LTVKF,9.99704069685768e-05,0.0295930314232584,0.049498757880121,1.00248423975804,0
137,full_signal_rms,i1,40,17,RLS,0.000100001413631076,0.00141363107595271,0.0493703630629487,1.25927387410257,0
137,full_signal_rms,i1,40,17,TS_LTVKF,9.99726279354356e-05,0.0273720645644349,0.0494955447261315,1.00891054773699,0
138,full_signal_rms,i1,40,18,RLS,9.99471281429686e-05,0.0528718570314113,0.0493552052390309,1.28958952193813,0
138,full_signal_rms,i1,40,18,TS_LTVKF,9.99833246728554e-05,0.0166753271445663,0.0495021440836761,0.995711832647739,0
139,full_signal_rms,i1,40,19,RLS,9.99565467217066e-05,0.0434532782934482,0.0493698773279706,1.26024534405887,0
139,full_signal_rms,i1,40,19,TS_LTVKF,9.99737289508863e-05,0.026271049113713,0.0494917885786026,1.01642284279482,0
140,full_signal_rms,i1,40,20,RLS,9.99718142460535e-05,0.0281857539464747,0.0493725888397803,1.25482232043933,0
140,full_signal_rms,i1,40,20,TS_LTVKF,9.9961010296338e-05,0.0389897036619846,0.0494973684920723,1.00526301585532,0
141,full_signal_rms,i1,50,1,RLS,0.0001000070457778,0.00704577780035187,0.0493634944873541,1.27301102529187,0
141,full_signal_rms,i1,50,1,TS_LTVKF,9.99660380200586e-05,0.033961979941366,0.0494952488063119,1.0095023873762,0
142,full_signal_rms,i1,50,2,RLS,9.99979040201683e-05,0.00209597983166221,0.0493572481740888,1.28550365182247,0
142,full_signal_rms,i1,50,2,TS_LTVKF,9.99716162429574e-05,0.0283837570426382,0.0494919247078017,1.0161505843966,0
143,full_signal_rms,i1,50,3,RLS,9.99961989456625e-05,0.00380105433747113,0.0493624363151825,1.27512736963503,0
143,full_signal_rms,i1,50,3,TS_LTVKF,9.99695811860109e-05,0.0304188139891415,0.0494947487921713,1.01050241565747,0
144,full_signal_rms,i1,50,4,RLS,0.000100000237176926,0.000237176926143334,0.0493662125884735,1.26757482305294,0
144,full_signal_rms,i1,50,4,TS_LTVKF,9.99698275432737e-05,0.0301724567263517,0.0494947422041618,1.01051559167644,0
145,full_signal_rms,i1,50,5,RLS,0.000100007736032615,0.00773603261521316,0.0493553253191657,1.28934936166868,0
145,full_signal_rms,i1,50,5,TS_LTVKF,9.99721052816334e-05,0.0278947183665834,0.0494926793260058,1.01464134798848,0
146,full_signal_rms,i1,50,6,RLS,9.99976008942644e-05,0.00239910573560653,0.0493659570363985,1.26808592720298,0
146,full_signal_rms,i1,50,6,TS_LTVKF,9.99647239269497e-05,0.0352760730503165,0.0494963849936455,1.00723001270892,0
147,full_signal_rms,i1,50,7,RLS,9.99914793435622e-05,0.00852065643777156,0.0493602676595445,1.27946468091107,0
147,full_signal_rms,i1,50,7,TS_LTVKF,9.99728307022695e-05,0.0271692977304894,0.0494963154376506,1.00736912469873,0
148,full_signal_rms,i1,50,8,RLS,9.99918663628782e-05,0.00813363712177662,0.0493612047934626,1.27759041307476,0
148,full_signal_rms,i1,50,8,TS_LTVKF,9.99754887171845e-05,0.0245112828155536,0.0494950933571263,1.00981328574736,0
149,full_signal_rms,i1,50,9,RLS,0.000100003237427097,0.00323742709724684,0.0493581835010022,1.28363299799562,0
149,full_signal_rms,i1,50,9,TS_LTVKF,9.99675647326599e-05,0.0324352673401473,0.0494934556137228,1.01308877255432,0
150,full_signal_rms,i1,50,10,RLS,0.00010000749385704,0.00749385704021943,0.0493650603989379,1.26987920212414,0
150,full_signal_rms,i1,50,10,TS_LTVKF,9.99701350045614e-05,0.0298649954385777,0.0494933326144225,1.01333477115494,0
151,full_signal_rms,i1,50,11,RLS,9.9998379451487e-05,0.00162054851300386,0.0493630109264752,1.27397814704963,0
151,full_signal_rms,i1,50,11,TS_LTVKF,9.99743590915957e-05,0.0256409084043119,0.0494935238955488,1.01295220890232,0
152,full_signal_rms,i1,50,12,RLS,0.000100014551713462,0.0145517134616524,0.0493632987261308,1.27340254773834,0
152,full_signal_rms,i1,50,12,TS_LTVKF,9.99756187472324e-05,0.0243812527676135,0.0494917624890051,1.01647502198973,0
153,full_signal_rms,i1,50,13,RLS,9.99808259090288e-05,0.0191740909711857,0.0493528689101197,1.2942621797606,0
153,full_signal_rms,i1,50,13,TS_LTVKF,9.99714735240433e-05,0.0285264759567361,0.0494932242159608,1.01355156807833,0
154,full_signal_rms,i1,50,14,RLS,0.000100010886795133,0.0108867951333247,0.0493618137713277,1.27637245734469,0
154,full_signal_rms,i1,50,14,TS_LTVKF,9.99745360363595e-05,0.0254639636404597,0.049491288173745,1.01742365251003,0
155,full_signal_rms,i1,50,15,RLS,9.99889769317241e-05,0.0110230682759505,0.0493541080595317,1.29178388093656,0
155,full_signal_rms,i1,50,15,TS_LTVKF,9.99661084965671e-05,0.0338915034328591,0.049495033378177,1.00993324364592,0
156,full_signal_rms,i1,50,16,RLS,9.99914328207312e-05,0.00856717926880357,0.049361450485221,1.27709902955799,0
156,full_signal_rms,i1,50,16,TS_LTVKF,9.99713645131224e-05,0.0286354868776484,0.0494948348049097,1.01033039018069,0
157,full_signal_rms,i1,50,17,RLS,9.99984554395832e-05,0.00154456041679962,0.0493636152473615,1.27276950527707,0
157,full_signal_rms,i1,50,17,TS_LTVKF,9.99712060765189e-05,0.0287939234810741,0.0494932671054719,1.01346578905617,0
158,full_signal_rms,i1,50,18,RLS,9.99825210660828e-05,0.0174789339172254,0.04935893833623,1.28212332753999,0
158,full_signal_rms,i1,50,18,TS_LTVKF,9.99749202316435e-05,0.0250797683565285,0.0494960961215291,1.00780775694178,0
159,full_signal_rms,i1,50,19,RLS,9.99853410718452e-05,0.0146589281547871,0.04936269128673,1.27461742653996,0
159,full_signal_rms,i1,50,19,TS_LTVKF,9.99717933658086e-05,0.0282066341914189,0.0494930688664888,1.01386226702231,0
160,full_signal_rms,i1,50,20,RLS,9.9990090066371e-05,0.00990993362902648,0.0493646712790651,1.27065744186974,0
160,full_signal_rms,i1,50,20,TS_LTVKF,9.99676986411401e-05,0.0323013588599319,0.0494939058054914,1.01218838901725,0
161,full_signal_rms,i2,20,1,RLS,9.98521442131472e-05,0.14785578685278,0.0489106731002312,2.17865379953754,0
161,full_signal_rms,i2,20,1,TS_LTVKF,8.8316332119324e-05,11.683667880676,0.005,90,1
162,full_signal_rms,i2,20,2,RLS,0.000100096264756866,0.0962647568660158,0.0492410872707389,1.51782545852216,0
162,full_signal_rms,i2,20,2,TS_LTVKF,8.84743761914524e-05,11.5256238085476,0.005,90,1
163,full_signal_rms,i2,20,3,RLS,9.96623735536562e-05,0.337626446343853,0.0491002789212147,1.7994421575706,0
163,full_signal_rms,i2,20,3,TS_LTVKF,8.8588057337961e-05,11.411942662039,0.005,90,1
164,full_signal_rms,i2,20,4,RLS,9.99409997368392e-05,0.0590002631608466,0.0488367414479508,2.32651710409832,0
164,full_signal_rms,i2,20,4,TS_LTVKF,8.83446038494995e-05,11.6553961505005,0.005,90,1
165,full_signal_rms,i2,20,5,RLS,0.000100077727276229,0.0777272762291226,0.0489687002560294,2.06259948794113,0
165,full_signal_rms,i2,20,5,TS_LTVKF,8.84314335589155e-05,11.5685664410845,0.005,90,1
166,full_signal_rms,i2,20,6,RLS,9.98978775073742e-05,0.102122492625778,0.0490370122800293,1.92597543994134,0
166,full_signal_rms,i2,20,6,TS_LTVKF,8.86822433672519e-05,11.3177566327481,0.005,90,1
167,full_signal_rms,i2,20,7,RLS,9.96592417353703e-05,0.340758264629726,0.0489632744463829,2.07345110723416,0
167,full_signal_rms,i2,20,7,TS_LTVKF,8.83806634324227e-05,11.6193365675773,0.005,90,1
168,full_signal_rms,i2,20,8,RLS,9.96701214911313e-05,0.329878508868708,0.0493436515367665,1.31269692646696,0
168,full_signal_rms,i2,20,8,TS_LTVKF,8.85016216613177e-05,11.4983783386824,0.005,90,1
169,full_signal_rms,i2,20,9,RLS,0.000100149775592344,0.149775592344104,0.0487714031259259,2.45719374814825,0
169,full_signal_rms,i2,20,9,TS_LTVKF,8.87778628636463e-05,11.2221371363537,0.005,90,1
170,full_signal_rms,i2,20,10,RLS,9.98452564697713e-05,0.154743530228663,0.0486775781807335,2.64484363853301,0
170,full_signal_rms,i2,20,10,TS_LTVKF,8.85206178618446e-05,11.4793821381554,0.005,90,1
171,full_signal_rms,i2,20,11,RLS,9.98609973047849e-05,0.139002695215074,0.0489499776143328,2.10004477133449,0
171,full_signal_rms,i2,20,11,TS_LTVKF,8.85159136684499e-05,11.4840863315501,0.005,90,1
172,full_signal_rms,i2,20,12,RLS,9.97567465266761e-05,0.243253473323923,0.0491095734864654,1.78085302706923,0
172,full_signal_rms,i2,20,12,TS_LTVKF,8.84646626041863e-05,11.5353373958137,0.005,90,1
173,full_signal_rms,i2,20,13,RLS,0.000100442300833117,0.44230083311696,0.0492607243085127,1.47855138297464,0
173,full_signal_rms,i2,20,13,TS_LTVKF,8.82813037254872e-05,11.7186962745128,0.005,90,1
174,full_signal_rms,i2,20,14,RLS,9.95494212515381e-05,0.450578748461916,0.04906673183573,1.86653632854005,0
174,full_signal_rms,i2,20,14,TS_LTVKF,8.8207557700614e-05,11.792442299386,0.005,90,1
175,full_signal_rms,i2,20,15,RLS,0.000100454054009583,0.454054009582761,0.0491782486921971,1.64350261560572,0
175,full_signal_rms,i2,20,15,TS_LTVKF,8.86458698322143e-05,11.3541301677857,0.005,90,1
176,full_signal_rms,i2,20,16,RLS,0.00010018655945888,0.186559458880242,0.0487688229820867,2.46235403582666,0
176,full_signal_rms,i2,20,16,TS_LTVKF,8.83341964942261e-05,11.665803505774,0.005,90,1
177,full_signal_rms,i2,20,17,RLS,9.9635963209976e-05,0.364036790023969,0.0488794844296603,2.24103114067942,0
177,full_signal_rms,i2,20,17,TS_LTVKF,8.85542602098518e-05,11.4457397901482,0.005,90,1
178,full_signal_rms,i2,20,18,RLS,9.97804604621604e-05,0.219539537839597,0.0489500859649824,2.09982807003517,0
178,full_signal_rms,i2,20,18,TS_LTVKF,8.86718788965776e-05,11.3281211034224,0.005,90,1
179,full_signal_rms,i2,20,19,RLS,0.000100536065023714,0.536065023714327,0.048758538578116,2.48292284376804,0
179,full_signal_rms,i2,20,19,TS_LTVKF,8.85696289386582e-05,11.4303710613418,0.005,90,1
180,full_signal_rms,i2,20,20,RLS,0.000100215440571059,0.215440571058934,0.0490737802670026,1.85243946599488,0
180,full_signal_rms,i2,20,20,TS_LTVKF,8.8399951366965e-05,11.600048633035,0.005,90,1
181,full_signal_rms,i2,30,1,RLS,9.9947577893845e-05,0.0524221061550034,0.049312533614592,1.37493277081602,0
181,full_signal_rms,i2,30,1,TS_LTVKF,8.80413125580777e-05,11.9586874419223,0.005,90,1
182,full_signal_rms,i2,30,2,RLS,0.00010002485013831,0.0248501383096178,0.0493926084717103,1.2147830565795,0
182,full_signal_rms,i2,30,2,TS_LTVKF,9.99509545081186e-05,0.0490454918814387,0.0494270626097832,1.14587478043365,0
183,full_signal_rms,i2,30,3,RLS,9.98898389132264e-05,0.110161086773619,0.0493472996302265,1.30540073954701,0
183,full_signal_rms,i2,30,3,TS_LTVKF,8.81213848679754e-05,11.8786151320247,0.005,90,1
184,full_signal_rms,i2,30,4,RLS,9.99782669188224e-05,0.0217330811776217,0.0492705596558124,1.45888068837524,0
184,full_signal_rms,i2,30,4,TS_LTVKF,9.99418611598826e-05,0.058138840117361,0.0494506241964323,1.09875160713537,0
185,full_signal_rms,i2,30,5,RLS,0.000100020002938033,0.0200029380326816,0.0493136629259822,1.37267414803567,0
185,full_signal_rms,i2,30,5,TS_LTVKF,8.80154629860934e-05,11.9845370139066,0.005,90,1
186,full_signal_rms,i2,30,6,RLS,9.99651492639836e-05,0.0348507360163786,0.0493387062898198,1.32258742036041,0
186,full_signal_rms,i2,30,6,TS_LTVKF,8.81459986064108e-05,11.8540013935892,0.005,90,1
187,full_signal_rms,i2,30,7,RLS,9.98893083212291e-05,0.110691678770936,0.0493179023327506,1.36419533449877,0
187,full_signal_rms,i2,30,7,TS_LTVKF,0.000100003203627204,0.00320362720427347,0.04944897506083,1.10204987833995,0
188,full_signal_rms,i2,30,8,RLS,9.98946147283055e-05,0.10538527169448,0.0494400642368946,1.11987152621084,0
188,full_signal_rms,i2,30,8,TS_LTVKF,9.99951205629309e-05,0.0048794370690719,0.0494184939543739,1.16301209125221,0
189,full_signal_rms,i2,30,9,RLS,0.000100044844047236,0.0448440472362588,0.0492462803536058,1.50743929278847,0
189,full_signal_rms,i2,30,9,TS_LTVKF,8.81801124008579e-05,11.8198875991422,0.005,90,1
190,full_signal_rms,i2,30,10,RLS,9.99465915849756e-05,0.0534084150244474,0.049221640438175,1.55671912364992,0
190,full_signal_rms,i2,30,10,TS_LTVKF,9.99225954911528e-05,0.0774045088471897,0.0494538928333321,1.09221433333584,0
191,full_signal_rms,i2,30,11,RLS,9.99538710466474e-05,0.0461289533526532,0.0493015522735139,1.39689545297228,0
191,full_signal_rms,i2,30,11,TS_LTVKF,9.99441119109355e-05,0.0558880890644597,0.0494690973322989,1.06180533540229,0
192,full_signal_rms,i2,30,12,RLS,9.99182624168506e-05,0.0817375831493661,0.0493549395933149,1.29012081337022,0
192,full_signal_rms,i2,30,12,TS_LTVKF,8.80762842419241e-05,11.9237157580759,0.005,90,1
193,full_signal_rms,i2,30,13,RLS,0.000100136770904542,0.136770904541716,0.0493926457013051,1.2147085973898,0
193,full_signal_rms,i2,30,13,TS_LTVKF,9.99977845687067e-05,0.00221543129326207,0.0494772113108548,1.04557737829039,0
194,full_signal_rms,i2,30,14,RLS,9.98530532508991e-05,0.146946749100907,0.0493459798063174,1.30804038736525,0
194,full_signal_rms,i2,30,14,TS_LTVKF,8.79606571202196e-05,12.0393428797804,0.005,90,1
195,full_signal_rms,i2,30,15,RLS,0.000100143936599709,0.14393659970906,0.0493878900977878,1.22421980442433,0
195,full_signal_rms,i2,30,15,TS_LTVKF,0.000100033326748755,0.0333267487553135,0.0494535467832848,1.09290643343046,0
196,full_signal_rms,i2,30,16,RLS,0.000100056219117642,0.0562191176418425,0.0492634266722383,1.47314665552347,0
196,full_signal_rms,i2,30,16,TS_LTVKF,9.99946579479403e-05,0.00534205205973137,0.0494324793500191,1.13504129996184,0
197,full_signal_rms,i2,30,17,RLS,9.98820501684166e-05,0.117949831583397,0.0492778953104701,1.44420937905976,0
197,full_signal_rms,i2,30,17,TS_LTVKF,8.80831832209384e-05,11.9168167790616,0.005,90,1
198,full_signal_rms,i2,30,18,RLS,9.99257517385715e-05,0.0742482614285223,0.0493208044870778,1.35839102584431,0
198,full_signal_rms,i2,30,18,TS_LTVKF,9.99565219185895e-05,0.0434780814105418,0.0494564955498081,1.08700890038383,0
199,full_signal_rms,i2,30,19,RLS,0.000100170161941549,0.170161941548974,0.0492563035204006,1.48739295919874,0
199,full_signal_rms,i2,30,19,TS_LTVKF,9.99589535007971e-05,0.0410464992029236,0.0494640950448609,1.07180991027813,0
200,full_signal_rms,i2,30,20,RLS,0.000100065169290441,0.0651692904408918,0.0493439074550617,1.31218508987667,0
200,full_signal_rms,i2,30,20,TS_LTVKF,0.000100056341214217,0.0563412142168929,0.0494324848956507,1.1350302086986,0
201,full_signal_rms,i2,40,1,RLS,9.99811892078467e-05,0.0188107921533232,0.0493604990068771,1.27900198624583,0
201,full_signal_rms,i2,40,1,TS_LTVKF,9.99677969007863e-05,0.0322030992137012,0.0494795691708782,1.04086165824363,0
202,full_signal_rms,i2,40,2,RLS,0.000100005449421358,0.00544942135838333,0.0493758933231904,1.24821335361923,0
202,full_signal_rms,i2,40,2,TS_LTVKF,9.99650364264031e-05,0.0349635735969245,0.0494817474284333,1.03650514313331,0
203,full_signal_rms,i2,40,3,RLS,9.99644511815209e-05,0.0355488184791142,0.0493678143950756,1.26437120984885,0
203,full_signal_rms,i2,40,3,TS_LTVKF,5e-05,50,0.005,90,1
204,full_signal_rms,i2,40,4,RLS,9.99910899757508e-05,0.00891002424922016,0.0493402976564155,1.31940468716908,0
204,full_signal_rms,i2,40,4,TS_LTVKF,9.99545212963576e-05,0.0454787036424209,0.0494814483114302,1.03710337713964,0
205,full_signal_rms,i2,40,5,RLS,0.000100005372773738,0.00537277373817702,0.0493573692650109,1.28526146997827,0
205,full_signal_rms,i2,40,5,TS_LTVKF,9.99772392456817e-05,0.0227607543183406,0.0494841659069222,1.0316681861556,0
206,full_signal_rms,i2,40,6,RLS,9.99884151773368e-05,0.0115848226631798,0.049363576560624,1.27284687875207,0
206,full_signal_rms,i2,40,6,TS_LTVKF,0.000109323761943909,9.32376194390854,0.0194669949633116,61.0660100733768,1
207,full_signal_rms,i2,40,7,RLS,9.99648064105539e-05,0.0351935894460809,0.0493618320097511,1.27633598049778,0
207,full_signal_rms,i2,40,7,TS_LTVKF,9.99806858255388e-05,0.0193141744611713,0.0494850207346356,1.02995853072885,0
208,full_signal_rms,i2,40,8,RLS,9.9965692791706e-05,0.0343072082940155,0.049386571172342,1.22685765531607,0
208,full_signal_rms,i2,40,8,TS_LTVKF,9.99781338251342e-05,0.0218661748658477,0.0494759683985065,1.048063202987,0
209,full_signal_rms,i2,40,9,RLS,0.000100012792737802,0.0127927378018367,0.0493365581624014,1.3268836751972,0
209,full_signal_rms,i2,40,9,TS_LTVKF,0.000100015217607775,0.0152176077753863,0.0494724712825601,1.05505743487977,0
210,full_signal_rms,i2,40,10,RLS,9.99825808970531e-05,0.0174191029468584,0.0493114139882357,1.37717202352861,0
210,full_signal_rms,i2,40,10,TS_LTVKF,9.99567477881599e-05,0.043252211840128,0.0494848193895189,1.03036122096212,0
211,full_signal_rms,i2,40,11,RLS,9.99835112175618e-05,0.0164887824381954,0.0493584382826879,1.28312343462412,0
211,full_signal_rms,i2,40,11,TS_LTVKF,9.99632716839775e-05,0.036728316022494,0.0494920485414273,1.01590291714538,0
212,full_signal_rms,i2,40,12,RLS,9.99735730137899e-05,0.0264269862101485,0.0493645453736259,1.27090925274816,0
212,full_signal_rms,i2,40,12,TS_LTVKF,9.99384507325641e-05,0.0615492674358897,0.0494859779009467,1.0280441981065,0
213,full_signal_rms,i2,40,13,RLS,0.000100043547557202,0.0435475572024391,0.049371514586647,1.25697082670607,0
213,full_signal_rms,i2,40,13,TS_LTVKF,9.9977292475866e-05,0.0227075241339914,0.0494948794869373,1.01024102612535,0
214,full_signal_rms,i2,40,14,RLS,9.99521492518525e-05,0.047850748147471,0.0493613305161684,1.27733896766323,0
214,full_signal_rms,i2,40,14,TS_LTVKF,9.99697732602719e-05,0.0302267397281453,0.0494847936575814,1.03041268483713,0
215,full_signal_rms,i2,40,15,RLS,0.000100043220443784,0.0432204437838202,0.0493729780854585,1.25404382908302,0
215,full_signal_rms,i2,40,15,TS_LTVKF,9.99908094062381e-05,0.00919059376194298,0.0494870778294683,1.02584434106334,0
216,full_signal_rms,i2,40,16,RLS,0.000100016685349708,0.016685349707668,0.0493522019242258,1.29559615154835,0
216,full_signal_rms,i2,40,16,TS_LTVKF,9.99771033216877e-05,0.0228966783122786,0.0494795874771305,1.04082504573909,0
217,full_signal_rms,i2,40,17,RLS,9.99613737578628e-05,0.0386262421371963,0.0493378566841829,1.32428663163426,0
217,full_signal_rms,i2,40,17,TS_LTVKF,9.12523354654611e-05,8.74766453453894,0.0824355831849952,64.8711663699903,1
218,full_signal_rms,i2,40,18,RLS,9.99755707352437e-05,0.0244292647563094,0.0493592847389476,1.2814305221048,0
218,full_signal_rms,i2,40,18,TS_LTVKF,9.99688430595503e-05,0.0311569404497503,0.0494900007492392,1.01999850152165,0
219,full_signal_rms,i2,40,19,RLS,0.000100052003742075,0.0520037420745467,0.0493355797566242,1.32884048675159,0
219,full_signal_rms,i2,40,19,TS_LTVKF,9.9967237579919e-05,0.0327624200810339,0.049489179574087,1.02164085182592,0
220,full_signal_rms,i2,40,20,RLS,0.000100018918606039,0.0189186060384872,0.0493730959305107,1.25380813897862,0
220,full_signal_rms,i2,40,20,TS_LTVKF,9.99977077979057e-05,0.00229220209426728,0.0494795362981179,1.04092740376421,0
221,full_signal_rms,i2,50,1,RLS,9.99937877598521e-05,0.00621224014786259,0.0493611886681922,1.27762266361552,0
221,full_signal_rms,i2,50,1,TS_LTVKF,9.99705941315044e-05,0.0294058684956133,0.0494891712422992,1.02165751540153,0
222,full_signal_rms,i2,50,2,RLS,0.000100000467170561,0.000467170561058161,0.0493654342220784,1.26913155584317,0
222,full_signal_rms,i2,50,2,TS_LTVKF,9.16249769435113e-05,8.37502305648867,0.0808109201635991,61.6218403271982,1
223,full_signal_rms,i2,50,3,RLS,9.99876180609806e-05,0.0123819390194346,0.0493657819786145,1.26843604277102,0
223,full_signal_rms,i2,50,3,TS_LTVKF,9.99725050360656e-05,0.0274949639343713,0.0494902474608207,1.01950507835852,0
224,full_signal_rms,i2,50,4,RLS,9.99966473708506e-05,0.00335262914935575,0.0493547186082109,1.29056278357826,0
224,full_signal_rms,i2,50,4,TS_LTVKF,9.99610375206499e-05,0.038962479350102,0.0494902819733119,1.01943605337614,0
225,full_signal_rms,i2,50,5,RLS,0.000100000164103368,0.000164103367783497,0.0493599084700817,1.28018305983656,0
225,full_signal_rms,i2,50,5,TS_LTVKF,9.9973706123131e-05,0.0262938768689991,0.0494909197219792,1.01816055604158,0
226,full_signal_rms,i2,50,6,RLS,9.99948642992008e-05,0.0051357007991748,0.0493616014992533,1.2767970014934,0
226,full_signal_rms,i2,50,6,TS_LTVKF,9.99763366294887e-05,0.0236633705113287,0.0494905760830096,1.0188478339809,0
227,full_signal_rms,i2,50,7,RLS,9.99880136774708e-05,0.0119863225291672,0.0493625732809627,1.27485343807459,0
227,full_signal_rms,i2,50,7,TS_LTVKF,9.99740917893312e-05,0.0259082106688124,0.0494910095296574,1.01798094068529,0
228,full_signal_rms,i2,50,8,RLS,9.99882688392317e-05,0.0117311607683024,0.0493693777862441,1.2612444275118,0
228,full_signal_rms,i2,50,8,TS_LTVKF,9.99730303112352e-05,0.0269696887647664,0.0494882307597684,1.02353848046316,0
229,full_signal_rms,i2,50,9,RLS,0.000100002959062424,0.00295906242371302,0.0493521261782031,1.29574764359374,0
229,full_signal_rms,i2,50,9,TS_LTVKF,9.9983537984907e-05,0.0164620150930106,0.0494874728242815,1.02505435143696,0
230,full_signal_rms,i2,50,10,RLS,9.99937670601519e-05,0.00623293984812756,0.049341984921163,1.31603015767395,0
230,full_signal_rms,i2,50,10,TS_LTVKF,9.9967221617086e-05,0.0327783829140116,0.0494900112414237,1.01997751715254,0
231,full_signal_rms,i2,50,11,RLS,9.99938047004219e-05,0.00619529957808229,0.0493603257096291,1.27934858074188,0
231,full_signal_rms,i2,50,11,TS_LTVKF,9.99706035238434e-05,0.0293964761566068,0.0494928402586645,1.01431948267106,0
232,full_signal_rms,i2,50,12,RLS,9.99897890641236e-05,0.0102109358764091,0.0493613915352853,1.27721692942935,0
232,full_signal_rms,i2,50,12,TS_LTVKF,9.99612358066068e-05,0.038764193393237,0.049490717799762,1.01856440047609,0
233,full_signal_rms,i2,50,13,RLS,0.000100013628974196,0.0136289741959672,0.0493641128466409,1.2717743067182,0
233,full_signal_rms,i2,50,13,TS_LTVKF,9.99722627360197e-05,0.0277372639803097,0.0494948559753917,1.01028804921666,0
234,full_signal_rms,i2,50,14,RLS,9.99836740890376e-05,0.0163259109624336,0.0493607308957638,1.2785382084725,0
234,full_signal_rms,i2,50,14,TS_LTVKF,9.99703428609219e-05,0.0296571390780764,0.0494913006234827,1.01739875303468,0
235,full_signal_rms,i2,50,15,RLS,0.000100012787740099,0.0127877400986964,0.0493645467073231,1.27090658535377,0
235,full_signal_rms,i2,50,15,TS_LTVKF,9.14110855272535e-05,8.58891447274649,0.0816842266107704,63.3684532215408,1
236,full_signal_rms,i2,50,16,RLS,0.000100004293003833,0.00429300383293363,0.0493587245349815,1.28255093003693,0
236,full_signal_rms,i2,50,16,TS_LTVKF,9.99722693229497e-05,0.0277306770502528,0.0494912526139293,1.01749477214147,0
237,full_signal_rms,i2,50,17,RLS,9.99867716312448e-05,0.0132283687551804,0.0493518974566472,1.29620508670558,0
237,full_signal_rms,i2,50,17,TS_LTVKF,9.99777907537497e-05,0.0222092462502599,0.0494888981135969,1.02220377280623,0
238,full_signal_rms,i2,50,18,RLS,9.99914104491009e-05,0.00858955089914071,0.0493618515235434,1.27629695291314,0
238,full_signal_rms,i2,50,18,TS_LTVKF,9.99567822872796e-05,0.0432177127204225,0.0494924186558973,1.01516268820541,0
239,full_signal_rms,i2,50,19,RLS,0.000100014530815404,0.0145308154044343,0.0493532062358709,1.2935875282582,0
239,full_signal_rms,i2,50,19,TS_LTVKF,9.99712068929521e-05,0.0287931070478531,0.0494914403048691,1.01711939026178,0
240,full_signal_rms,i2,50,20,RLS,0.000100005150675633,0.00515067563309213,0.0493649655847916,1.27006883041685,0
240,full_signal_rms,i2,50,20,TS_LTVKF,9.99788032782764e-05,0.0211967217235709,0.0494880330113325,1.02393397733508,0
241,full_signal_rms,all,20,1,RLS,6.0501755994547e-05,39.498244005453,0.0771624864925948,54.3249729851897,1
241,full_signal_rms,all,20,1,TS_LTVKF,7.04841047175001e-05,29.5158952824999,0.0464985532740021,7.00289345199586,1
242,full_signal_rms,all,20,2,RLS,6.07595869702025e-05,39.2404130297976,0.0706460900318948,41.2921800637896,1
242,full_signal_rms,all,20,2,TS_LTVKF,8.67948685379067e-05,13.2051314620933,0.0366190197893207,26.7619604213585,1
243,full_signal_rms,all,20,3,RLS,6.47889109317933e-05,35.2110890682067,0.0877210876917036,75.4421753834071,1
243,full_signal_rms,all,20,3,TS_LTVKF,9.9135554027118e-05,0.864445972882033,0.0416233529521056,16.7532940957888,0
244,full_signal_rms,all,20,4,RLS,6.77455888348398e-05,32.2544111651602,0.0781910129166344,56.3820258332688,1
244,full_signal_rms,all,20,4,TS_LTVKF,9.43459144593184e-05,5.65408554068157,0.0369923436350254,26.0153127299492,1
245,full_signal_rms,all,20,5,RLS,6.58993854038913e-05,34.1006145961087,0.162323221329083,224.646442658167,1
245,full_signal_rms,all,20,5,TS_LTVKF,8.7307687221181e-05,12.692312778819,0.0574540638067829,14.9081276135658,1
246,full_signal_rms,all,20,6,RLS,8.61952715681265e-05,13.8047284318735,0.102476427559394,104.952855118789,1
246,full_signal_rms,all,20,6,TS_LTVKF,9.14455224937491e-05,8.55447750625088,0.0591725483489293,18.3450966978586,0
247,full_signal_rms,all,20,7,RLS,6.99857009008592e-05,30.0142990991408,0.142976611891836,185.953223783671,1
247,full_signal_rms,all,20,7,TS_LTVKF,7.62894304889567e-05,23.7105695110433,0.0500365096299202,0.07301925984049,1
248,full_signal_rms,all,20,8,RLS,7.31972734602911e-05,26.8027265397089,0.124282890069872,148.565780139744,1
248,full_signal_rms,all,20,8,TS_LTVKF,7.96367277059961e-05,20.3632722940039,0.0589202859793578,17.8405719587156,1
249,full_signal_rms,all,20,9,RLS,7.77946587282294e-05,22.2053412717706,0.0990982789460195,98.1965578920389,1
249,full_signal_rms,all,20,9,TS_LTVKF,8.09765258744763e-05,19.0234741255237,0.0403956881497051,19.2086237005899,1
250,full_signal_rms,all,20,10,RLS,6.61223070598124e-05,33.8776929401876,0.166439057010553,232.878114021107,1
250,full_signal_rms,all,20,10,TS_LTVKF,7.96563583793681e-05,20.3436416206319,0.0459041811007816,8.19163779843676,1
251,full_signal_rms,all,20,11,RLS,6.86943361706449e-05,31.3056638293551,0.130618880333657,161.237760667314,1
251,full_signal_rms,all,20,11,TS_LTVKF,9.25074923285632e-05,7.49250767143681,0.0284941303798773,43.0117392402454,1
252,full_signal_rms,all,20,12,RLS,0.000113616075930333,13.6160759303328,0.0416605558772595,16.678888245481,1
252,full_signal_rms,all,20,12,TS_LTVKF,8.07276391107239e-05,19.2723608892761,0.0522072667156415,4.41453343128297,1
253,full_signal_rms,all,20,13,RLS,7.72976795228282e-05,22.7023204771718,0.019098502924073,61.8029941518539,1
253,full_signal_rms,all,20,13,TS_LTVKF,8.00311858875145e-05,19.9688141124855,0.0763655872276918,52.7311744553836,1
254,full_signal_rms,all,20,14,RLS,0.000121610083727775,21.6100837277751,0.0984337742932887,96.8675485865774,1
254,full_signal_rms,all,20,14,TS_LTVKF,7.6870159040868e-05,23.129840959132,0.0346408036880754,30.7183926238492,1
255,full_signal_rms,all,20,15,RLS,7.17417701915386e-05,28.2582298084614,0.129369398999809,158.738797999618,1
255,full_signal_rms,all,20,15,TS_LTVKF,8.07116455720133e-05,19.2883544279867,0.0593879589176132,18.7759178352264,1
256,full_signal_rms,all,20,16,RLS,7.4038116058356e-05,25.961883941644,0.166977718437063,233.955436874126,1
256,full_signal_rms,all,20,16,TS_LTVKF,6.59102718968858e-05,34.0897281031142,0.0499879586261469,0.0240827477061223,1
257,full_signal_rms,all,20,17,RLS,7.62464940498512e-05,23.7535059501488,0.0808835403848979,61.7670807697958,1
257,full_signal_rms,all,20,17,TS_LTVKF,8.98471919169329e-05,10.1528080830671,0.0441791237308717,11.6417525382567,1
258,full_signal_rms,all,20,18,RLS,8.75613700345891e-05,12.4386299654109,0.0455548298739252,8.89034025214969,1
258,full_signal_rms,all,20,18,TS_LTVKF,7.97536707987986e-05,20.2463292012014,0.0592412577151256,18.4825154302513,1
259,full_signal_rms,all,20,19,RLS,6.39170042815e-05,36.0829957185001,0.0462449981121472,7.5100037757056,1
259,full_signal_rms,all,20,19,TS_LTVKF,9.28896941538128e-05,7.11030584618724,0.037499151096497,25.001697807006,1
260,full_signal_rms,all,20,20,RLS,7.46605422371762e-05,25.3394577628238,0.100834903653141,101.669807306282,1
260,full_signal_rms,all,20,20,TS_LTVKF,8.23693169812818e-05,17.6306830187182,0.0483994167257509,3.20116654849822,1
261,full_signal_rms,all,30,1,RLS,6.78679653831131e-05,32.1320346168869,0.0345851972026785,30.829605594643,1
261,full_signal_rms,all,30,1,TS_LTVKF,8.47824906756665e-05,15.2175093243335,0.0495261146108167,0.947770778366608,1
262,full_signal_rms,all,30,2,RLS,7.37351592790553e-05,26.2648407209447,0.0317368389563703,36.5263220872595,1
262,full_signal_rms,all,30,2,TS_LTVKF,9.30121248746381e-05,6.98787512536191,0.0460190315919589,7.96193681608219,0
263,full_signal_rms,all,30,3,RLS,5.7463734595078e-05,42.536265404922,0.0448297288352402,10.3405423295196,1
263,full_signal_rms,all,30,3,TS_LTVKF,9.83941259773381e-05,1.60587402266186,0.047831895984547,4.33620803090597,0
264,full_signal_rms,all,30,4,RLS,5.86116868122455e-05,41.3883131877545,0.0641077792350604,28.2155584701209,1
264,full_signal_rms,all,30,4,TS_LTVKF,9.56877841827967e-05,4.31221581720329,0.0460795647087968,7.84087058240648,0
265,full_signal_rms,all,30,5,RLS,7.82263902815253e-05,21.7736097184747,0.118141323575101,136.282647150203,1
265,full_signal_rms,all,30,5,TS_LTVKF,9.37751563555245e-05,6.22484364447548,0.0535829138446509,7.16582768930178,0
266,full_signal_rms,all,30,6,RLS,9.65175303746529e-05,3.48246962534713,0.0890508738551777,78.1017477103553,1
266,full_signal_rms,all,30,6,TS_LTVKF,9.47381900795586e-05,5.26180992044141,0.0545984611368371,9.19692227367428,0
267,full_signal_rms,all,30,7,RLS,6.21109520084675e-05,37.8890479915325,0.0737711189485148,47.5422378970295,1
267,full_signal_rms,all,30,7,TS_LTVKF,8.80026696383609e-05,11.9973303616391,0.0506106256258878,1.2212512517755,1
268,full_signal_rms,all,30,8,RLS,7.97036505152046e-05,20.2963494847954,0.0938835290416117,87.7670580832233,1
268,full_signal_rms,all,30,8,TS_LTVKF,8.98934948669644e-05,10.1065051330356,0.054612364747214,9.22472949442803,1
269,full_signal_rms,all,30,9,RLS,6.81891983744445e-05,31.8108016255555,0.0695483738021375,39.0967476042749,1
269,full_signal_rms,all,30,9,TS_LTVKF,9.06048898716316e-05,9.39511012836839,0.0469300246070891,6.13995078582175,0
270,full_signal_rms,all,30,10,RLS,6.68370775608807e-05,33.1629224391193,0.115338454693247,130.676909386495,1
270,full_signal_rms,all,30,10,TS_LTVKF,8.98120444000362e-05,10.1879555999638,0.0482276062568879,3.54478748622421,1
271,full_signal_rms,all,30,11,RLS,9.54251949276819e-05,4.57480507231813,0.114325570183278,128.651140366555,1
271,full_signal_rms,all,30,11,TS_LTVKF,9.61162405943313e-05,3.88375940566867,0.0432344892790964,13.5310214418071,0
272,full_signal_rms,all,30,12,RLS,0.000117336341644037,17.3363416440366,0.0159758818269104,68.0482363461792,1
272,full_signal_rms,all,30,12,TS_LTVKF,9.01394717804558e-05,9.86052821954417,0.0507775112734529,1.55502254690576,0
273,full_signal_rms,all,30,13,RLS,7.21722683294439e-05,27.8277316705561,0.0150669629999926,69.8660740000148,1
273,full_signal_rms,all,30,13,TS_LTVKF,8.92931854925505e-05,10.7068145074495,0.0607656556510171,21.5313113020342,1
274,full_signal_rms,all,30,14,RLS,0.000119629215649159,19.6292156491585,0.0426865535264961,14.6268929470079,1
274,full_signal_rms,all,30,14,TS_LTVKF,8.81376702897845e-05,11.8623297102155,0.0455634303922962,8.87313921540765,1
275,full_signal_rms,all,30,15,RLS,9.96487400949704e-05,0.351259905029655,0.0812809692918998,62.5619385837996,1
275,full_signal_rms,all,30,15,TS_LTVKF,8.99584983043196e-05,10.0415016956805,0.0531978118653055,6.39562373061098,1
276,full_signal_rms,all,30,16,RLS,9.47037896217802e-05,5.29621037821978,0.155676903347574,211.353806695149,1
276,full_signal_rms,all,30,16,TS_LTVKF,8.19683094082178e-05,18.0316905917822,0.0507569344265027,1.5138688530054,1
277,full_signal_rms,all,30,17,RLS,7.40810355000306e-05,25.9189644999695,0.0451229484236897,9.7541031526206,1
277,full_signal_rms,all,30,17,TS_LTVKF,9.51645065127017e-05,4.83549348729832,0.048417923750143,3.16415249971405,0
278,full_signal_rms,all,30,18,RLS,8.66632026711267e-05,13.3367973288733,0.0210236519160984,57.9526961678033,1
278,full_signal_rms,all,30,18,TS_LTVKF,9.02062741596215e-05,9.7937258403785,0.0541646785746657,8.3293571493313,0
279,full_signal_rms,all,30,19,RLS,7.2168652032875e-05,27.831347967125,0.0435337863271641,12.9324273456717,1
279,full_signal_rms,all,30,19,TS_LTVKF,9.62982870408493e-05,3.70171295915067,0.0464734059948518,7.05318801029644,0
280,full_signal_rms,all,30,20,RLS,0.000100663860383514,0.663860383513781,0.0468058255411312,6.3883489177377,0
280,full_signal_rms,all,30,20,TS_LTVKF,9.10453949296474e-05,8.95460507035265,0.0500173736302366,0.0347472604731225,0
281,full_signal_rms,all,40,1,RLS,7.33921419419987e-05,26.6078580580013,0.0415777132147729,16.8445735704541,1
281,full_signal_rms,all,40,1,TS_LTVKF,9.31488297136786e-05,6.85117028632139,0.0502546019605163,0.509203921032597,0
282,full_signal_rms,all,40,2,RLS,0.000101635064250763,1.63506425076327,0.0211743509513377,57.6512980973246,1
282,full_signal_rms,all,40,2,TS_LTVKF,9.52012569814615e-05,4.79874301853848,0.0483744242365613,3.25115152687738,0
283,full_signal_rms,all,40,3,RLS,6.87705815610723e-05,31.2294184389277,0.0429431875802418,14.1136248395163,1
283,full_signal_rms,all,40,3,TS_LTVKF,9.74898968894589e-05,2.51010311054113,0.048665039652344,2.66992069531192,0
284,full_signal_rms,all,40,4,RLS,7.70370077310513e-05,22.9629922689487,0.0520930204327922,4.18604086558443,1
284,full_signal_rms,all,40,4,TS_LTVKF,9.69200042647052e-05,3.07999573529477,0.0494750336377472,1.04993272450554,0
285,full_signal_rms,all,40,5,RLS,7.9748447649025e-05,20.251552350975,0.0705537899648219,41.1075799296437,1
285,full_signal_rms,all,40,5,TS_LTVKF,9.64429777383225e-05,3.55702226167751,0.0510664090093761,2.13281801875222,0
286,full_signal_rms,all,40,6,RLS,9.78922905486952e-05,2.10770945130484,0.0610547281064963,22.1094562129927,1
286,full_signal_rms,all,40,6,TS_LTVKF,9.65744272743128e-05,3.42557272568719,0.0517524575896411,3.50491517928222,0
287,full_signal_rms,all,40,7,RLS,7.96041749432117e-05,20.3958250567883,0.0563948637142923,12.7897274285846,1
287,full_signal_rms,all,40,7,TS_LTVKF,9.38991106447257e-05,6.10088935527434,0.0495951998800929,0.809600239814257,0
288,full_signal_rms,all,40,8,RLS,8.47215936037351e-05,15.2784063962649,0.0625319564412539,25.0639128825078,1
288,full_signal_rms,all,40,8,TS_LTVKF,9.43510711451276e-05,5.64892885487243,0.0515826196395694,3.16523927913883,0
289,full_signal_rms,all,40,9,RLS,9.65029096883065e-05,3.49709031169354,0.0548183586483773,9.63671729675461,0
289,full_signal_rms,all,40,9,TS_LTVKF,9.52641862857908e-05,4.73581371420917,0.0485227338483567,2.95453230328668,0
290,full_signal_rms,all,40,10,RLS,7.61547734229508e-05,23.8452265770492,0.068527229798662,37.0544595973239,1
290,full_signal_rms,all,40,10,TS_LTVKF,9.45519720112063e-05,5.44802798879369,0.0502213607777679,0.442721555535885,0
291,full_signal_rms,all,40,11,RLS,0.000113021858624423,13.0218586244234,0.0692233638271171,38.4467276542341,1
291,full_signal_rms,all,40,11,TS_LTVKF,9.67409287713831e-05,3.25907122861688,0.047231784863761,5.53643027247808,0
292,full_signal_rms,all,40,12,RLS,7.93039755104484e-05,20.6960244895516,0.0154821683356597,69.0356633286806,1
292,full_signal_rms,all,40,12,TS_LTVKF,9.42169457287165e-05,5.78305427128348,0.0496230223421067,0.753955315786614,0
293,full_signal_rms,all,40,13,RLS,8.98132261283244e-05,10.1867738716756,0.033481675408823,33.0366491823539,1
293,full_signal_rms,all,40,13,TS_LTVKF,9.46771093371861e-05,5.32289066281393,0.0535182503650032,7.03650073000641,0
294,full_signal_rms,all,40,14,RLS,0.000137344697333832,37.3446973338324,0.0449222242135832,10.1555515728336,1
294,full_signal_rms,all,40,14,TS_LTVKF,9.42227879987719e-05,5.77721200122813,0.0484212329199412,3.15753416011756,0
295,full_signal_rms,all,40,15,RLS,0.000121588491206022,21.5884912060224,0.0585035253642172,17.0070507284343,1
295,full_signal_rms,all,40,15,TS_LTVKF,9.47354144101963e-05,5.26458558980368,0.0492587035247391,1.48259295052183,0
296,full_signal_rms,all,40,16,RLS,7.20882693983973e-05,27.9117306016027,0.0821801256191802,64.3602512383604,1
296,full_signal_rms,all,40,16,TS_LTVKF,9.19865290391175e-05,8.01347096088252,0.0496353827921279,0.729234415744229,0
297,full_signal_rms,all,40,17,RLS,0.000104533719365534,4.53371936553351,0.0438090412371479,12.3819175257042,0
297,full_signal_rms,all,40,17,TS_LTVKF,9.67652778652264e-05,3.23472213477362,0.0487549502965584,2.49009940688327,0
298,full_signal_rms,all,40,18,RLS,8.86794605231769e-05,11.3205394768231,0.0301089514004355,39.782097199129,1
298,full_signal_rms,all,40,18,TS_LTVKF,9.47368906790296e-05,5.26310932097044,0.0510274225632629,2.05484512652585,0
299,full_signal_rms,all,40,19,RLS,9.01777643041706e-05,9.82223569582937,0.0470182681687225,5.96346366255498,0
299,full_signal_rms,all,40,19,TS_LTVKF,9.69076073821776e-05,3.09239261782241,0.0492953787195122,1.40924256097565,0
300,full_signal_rms,all,40,20,RLS,9.85531604689617e-05,1.44683953103832,0.0385126306286832,22.9747387426336,1
300,full_signal_rms,all,40,20,TS_LTVKF,9.53024545984868e-05,4.69754540151318,0.049944864133895,0.110271732210054,0
301,full_signal_rms,all,50,1,RLS,9.00113293220135e-05,9.9886706779865,0.0467834329926037,6.43313401479252,0
301,full_signal_rms,all,50,1,TS_LTVKF,9.82899510504999e-05,1.71004894950006,0.0501303453485975,0.260690697194943,0
302,full_signal_rms,all,50,2,RLS,0.000104561071343309,4.5610713433087,0.0404480048877309,19.1039902245381,0
302,full_signal_rms,all,50,2,TS_LTVKF,9.86267838583595e-05,1.3732161416405,0.0493049966903465,1.39000661930706,0
303,full_signal_rms,all,50,3,RLS,8.8898506530116e-05,11.101493469884,0.0468845463708675,6.23090725826496,1
303,full_signal_rms,all,50,3,TS_LTVKF,9.97437019422759e-05,0.256298057724058,0.048677986740414,2.6440265191719,0
304,full_signal_rms,all,50,4,RLS,9.12280100177402e-05,8.77198998225978,0.0501306427285616,0.261285457123206,0
304,full_signal_rms,all,50,4,TS_LTVKF,9.93748879123817e-05,0.625112087618251,0.0502536888569114,0.507377713822832,0
305,full_signal_rms,all,50,5,RLS,9.18150591848921e-05,8.18494081510793,0.0560590207292427,12.1180414584854,0
305,full_signal_rms,all,50,5,TS_LTVKF,9.95633169863335e-05,0.436683013666528,0.0501101966862036,0.220393372407246,0
306,full_signal_rms,all,50,6,RLS,0.000100089801220921,0.0898012209211485,0.052973697832223,5.94739566444593,0
306,full_signal_rms,all,50,6,TS_LTVKF,9.92313337918173e-05,0.768666208182689,0.0506207675318626,1.24153506372524,0
307,full_signal_rms,all,50,7,RLS,9.23830324440755e-05,7.61696755592446,0.0515374730971607,3.07494619432147,0
307,full_signal_rms,all,50,7,TS_LTVKF,9.80864493628793e-05,1.91355063712074,0.0493291957748158,1.3416084503684,0
308,full_signal_rms,all,50,8,RLS,9.51376382414357e-05,4.86236175856426,0.0535814891898647,7.16297837972943,0
308,full_signal_rms,all,50,8,TS_LTVKF,9.83980619518888e-05,1.60193804811123,0.0505615044421599,1.12300888431969,0
309,full_signal_rms,all,50,9,RLS,0.000101086332719832,1.08633271983194,0.0511062008219231,2.21240164384628,0
309,full_signal_rms,all,50,9,TS_LTVKF,9.88722033259701e-05,1.12779667402993,0.0490130909374117,1.97381812517666,0
310,full_signal_rms,all,50,10,RLS,9.23374813997454e-05,7.66251860025458,0.0553798126746336,10.7596253492673,0
310,full_signal_rms,all,50,10,TS_LTVKF,9.84925527971456e-05,1.50744720285444,0.0505368875429294,1.07377508585889,0
311,full_signal_rms,all,50,11,RLS,0.000102725779410027,2.72577941002659,0.0555731186872461,11.1462373744921,0
311,full_signal_rms,all,50,11,TS_LTVKF,9.92386816726672e-05,0.761318327332794,0.048549569924027,2.90086015194609,0
312,full_signal_rms,all,50,12,RLS,9.26867815348634e-05,7.31321846513657,0.0386318410979932,22.7363178040136,1
312,full_signal_rms,all,50,12,TS_LTVKF,9.82043413952683e-05,1.79565860473171,0.0491195090222604,1.76098195547923,0
313,full_signal_rms,all,50,13,RLS,9.74412625239625e-05,2.55873747603752,0.04437098979208,11.25802041584,0
313,full_signal_rms,all,50,13,TS_LTVKF,9.86555843674815e-05,1.34441563251848,0.0507263740300829,1.4527480601658,0
314,full_signal_rms,all,50,14,RLS,0.000117773394573925,17.7733945739249,0.0478740312086159,4.25193758276817,1
314,full_signal_rms,all,50,14,TS_LTVKF,9.84262995420582e-05,1.57370045794181,0.0493009498399227,1.3981003201546,0
315,full_signal_rms,all,50,15,RLS,0.000106249931619237,6.24993161923746,0.0522420206675695,4.48404133513898,0
315,full_signal_rms,all,50,15,TS_LTVKF,9.86515272421425e-05,1.34847275785751,0.0483216024887251,3.3567950225499,0
316,full_signal_rms,all,50,16,RLS,8.9318466807079e-05,10.681533192921,0.0597599605520976,19.5199211041953,1
316,full_signal_rms,all,50,16,TS_LTVKF,9.79827805704404e-05,2.01721942955959,0.049296451024969,1.40709795006194,0
317,full_signal_rms,all,50,17,RLS,0.000110019720282316,10.0197202823159,0.0475479662478175,4.904067504365,1
317,full_signal_rms,all,50,17,TS_LTVKF,9.98546461378946e-05,0.14535386210538,0.0486666455619252,2.66670887614956,0
318,full_signal_rms,all,50,18,RLS,9.62944690378794e-05,3.70553096212058,0.0431146489227438,13.7707021545124,0
318,full_signal_rms,all,50,18,TS_LTVKF,9.85683262428183e-05,1.43167375718174,0.0496348757550192,0.730248489961671,0
319,full_signal_rms,all,50,19,RLS,0.000103740769375028,3.74076937502792,0.0485974521304161,2.80509573916778,0
319,full_signal_rms,all,50,19,TS_LTVKF,9.96476912978395e-05,0.352308702160464,0.0500196804304611,0.0393608609221774,0
320,full_signal_rms,all,50,20,RLS,9.97996522892655e-05,0.20034771073455,0.0459364771194586,8.12704576108285,0
320,full_signal_rms,all,50,20,TS_LTVKF,9.91179064497669e-05,0.88209355023311,0.0499971054859366,0.00578902812676807,0
321,ac_ripple_rms,vT,20,1,RLS,9.85750594451839e-05,1.42494055481608,0.0490327712703605,1.93445745927905,0
321,ac_ripple_rms,vT,20,1,TS_LTVKF,9.97255092702185e-05,0.274490729781507,0.0496090137049199,0.781972590160107,0
322,ac_ripple_rms,vT,20,2,RLS,0.000100563220229763,0.563220229762829,0.0481965893300998,3.60682133980044,0
322,ac_ripple_rms,vT,20,2,TS_LTVKF,9.98535795180868e-05,0.146420481913212,0.0495931886817119,0.813622636576272,0
323,ac_ripple_rms,vT,20,3,RLS,9.84211290201988e-05,1.57887097980124,0.0490434852476817,1.91302950463661,0
323,ac_ripple_rms,vT,20,3,TS_LTVKF,0.000100049499838311,0.0494998383110623,0.0491934760005514,1.61304799889713,0
324,ac_ripple_rms,vT,20,4,RLS,9.87736131416578e-05,1.22638685834219,0.0494616683205466,1.07666335890689,0
324,ac_ripple_rms,vT,20,4,TS_LTVKF,9.99746056024661e-05,0.0253943975338622,0.0495708375718451,0.858324856309722,0
325,ac_ripple_rms,vT,20,5,RLS,9.88544627437864e-05,1.14553725621357,0.0502338832027938,0.467766405587589,0
325,ac_ripple_rms,vT,20,5,TS_LTVKF,9.99462747073229e-05,0.0537252926770759,0.0494045242538991,1.19095149220182,0
326,ac_ripple_rms,vT,20,6,RLS,0.000100035961309523,0.0359613095229916,0.0498475027173907,0.304994565218586,0
326,ac_ripple_rms,vT,20,6,TS_LTVKF,9.96895828519472e-05,0.310417148052855,0.0495959984919202,0.808003016159653,0
327,ac_ripple_rms,vT,20,7,RLS,9.89480880641835e-05,1.05191193581646,0.0496054107814502,0.789178437099536,0
327,ac_ripple_rms,vT,20,7,TS_LTVKF,9.95095701721282e-05,0.490429827871797,0.0495348818733065,0.930236253386973,0
328,ac_ripple_rms,vT,20,8,RLS,9.93409745523616e-05,0.659025447638362,0.0499153254082348,0.16934918353041,0
328,ac_ripple_rms,vT,20,8,TS_LTVKF,9.97385446188864e-05,0.261455381113629,0.0497340469100847,0.53190617983051,0
329,ac_ripple_rms,vT,20,9,RLS,0.000100137090398784,0.13709039878369,0.0495607663278793,0.878467344241318,0
329,ac_ripple_rms,vT,20,9,TS_LTVKF,9.97531451915739e-05,0.246854808426067,0.0493927099069248,1.21458018615046,0
330,ac_ripple_rms,vT,20,10,RLS,9.89353505246817e-05,1.06464947531828,0.0501607667007761,0.321533401552232,0
330,ac_ripple_rms,vT,20,10,TS_LTVKF,9.97399923427252e-05,0.260007657274841,0.0495701347014851,0.859730597029873,0
331,ac_ripple_rms,vT,20,11,RLS,0.000100363230043296,0.363230043296037,0.0501745979352087,0.349195870417396,0
331,ac_ripple_rms,vT,20,11,TS_LTVKF,9.97731388746972e-05,0.226861125302791,0.049567067561332,0.865864877335976,0
332,ac_ripple_rms,vT,20,12,RLS,9.90148963058624e-05,0.98510369413759,0.0479334108298146,4.13317834037081,0
332,ac_ripple_rms,vT,20,12,TS_LTVKF,9.97971815104292e-05,0.202818489570811,0.0494139276549821,1.17214469003585,0
333,ac_ripple_rms,vT,20,13,RLS,9.9668697992039e-05,0.331302007961032,0.0487230202447013,2.55395951059734,0
333,ac_ripple_rms,vT,20,13,TS_LTVKF,9.98400307861331e-05,0.159969213866906,0.0495629664816074,0.87406703678522,0
334,ac_ripple_rms,vT,20,14,RLS,0.000101998883863192,1.99888386319174,0.0491762032920518,1.64759341589644,0
334,ac_ripple_rms,vT,20,14,TS_LTVKF,9.97104316915082e-05,0.289568308491817,0.0495746218755276,0.850756248944728,0
335,ac_ripple_rms,vT,20,15,RLS,0.00010075491776343,0.754917763429597,0.0497300465423617,0.539906915276567,0
335,ac_ripple_rms,vT,20,15,TS_LTVKF,9.9804993674801e-05,0.195006325198999,0.0492508625025924,1.49827499481516,0
336,ac_ripple_rms,vT,20,16,RLS,9.85045032267718e-05,1.49549677322819,0.0507058301456571,1.41166029131414,0
336,ac_ripple_rms,vT,20,16,TS_LTVKF,9.99418334154271e-05,0.0581665845729273,0.0494806036466192,1.03879270676155,0
337,ac_ripple_rms,vT,20,17,RLS,0.0001011977602067,1.19776020669971,0.0490908091430018,1.81838171399639,0
337,ac_ripple_rms,vT,20,17,TS_LTVKF,0.00010044821248735,0.448212487349875,0.0493376721310528,1.32465573789431,0
338,ac_ripple_rms,vT,20,18,RLS,9.95153943982244e-05,0.48460560177559,0.048545707448199,2.90858510360208,0
338,ac_ripple_rms,vT,20,18,TS_LTVKF,9.99802688404297e-05,0.0197311595702909,0.0493772828179357,1.24543436412863,0
339,ac_ripple_rms,vT,20,19,RLS,0.000100503874380483,0.50387438048296,0.049258709124949,1.48258175010201,0
339,ac_ripple_rms,vT,20,19,TS_LTVKF,0.00010026234953821,0.262349538210116,0.0496628532890261,0.674293421947791,0
340,ac_ripple_rms,vT,20,20,RLS,9.99759891188584e-05,0.0240108811416118,0.0489254192396523,2.14916152069549,0
340,ac_ripple_rms,vT,20,20,TS_LTVKF,0.000100172657503519,0.172657503519358,0.0496125370778974,0.774925844205132,0
341,ac_ripple_rms,vT,30,1,RLS,9.95444688410828e-05,0.455531158917244,0.0492472219046977,1.50555619060467,0
341,ac_ripple_rms,vT,30,1,TS_LTVKF,9.98378834171508e-05,0.162116582849203,0.0495197092478383,0.960581504323377,0
342,ac_ripple_rms,vT,30,2,RLS,0.00010017743004489,0.17743004489037,0.0489845684042635,2.03086319147294,0
342,ac_ripple_rms,vT,30,2,TS_LTVKF,0.000100006639723406,0.00663972340615437,0.0495385053654913,0.922989269017482,0
343,ac_ripple_rms,vT,30,3,RLS,9.94955331095513e-05,0.504466890448685,0.0492635568691068,1.47288626178649,0
343,ac_ripple_rms,vT,30,3,TS_LTVKF,9.9911543550783e-05,0.0884564492170115,0.0494058834345172,1.18823313096569,0
344,ac_ripple_rms,vT,30,4,RLS,9.96077097909169e-05,0.392290209083135,0.049385172722701,1.22965455459803,0
344,ac_ripple_rms,vT,30,4,TS_LTVKF,9.99497224510817e-05,0.0502775489183538,0.0495147575396927,0.970484920614523,0
345,ac_ripple_rms,vT,30,5,RLS,9.96333108395309e-05,0.366689160469147,0.0496483295981159,0.703340803768226,0
345,ac_ripple_rms,vT,30,5,TS_LTVKF,0.000100022770637949,0.0227706379492432,0.0494577685693095,1.08446286138107,0
346,ac_ripple_rms,vT,30,6,RLS,0.000100010219764059,0.0102197640590829,0.0495101691204061,0.979661759187811,0
346,ac_ripple_rms,vT,30,6,TS_LTVKF,9.98890577772565e-05,0.110942222743493,0.0495255490250357,0.948901949928527,0
347,ac_ripple_rms,vT,30,7,RLS,9.96646183202184e-05,0.335381679781577,0.0494374848338225,1.12503033235499,0
347,ac_ripple_rms,vT,30,7,TS_LTVKF,9.97835304801491e-05,0.21646951985087,0.0495225508826402,0.954898234719659,0
348,ac_ripple_rms,vT,30,8,RLS,9.9788729773771e-05,0.211270226228955,0.049532833041642,0.93433391671599,0
348,ac_ripple_rms,vT,30,8,TS_LTVKF,9.99057723213783e-05,0.0942276786216945,0.0495765828629155,0.84683427416905,0
349,ac_ripple_rms,vT,30,9,RLS,0.00010004092087462,0.0409208746200873,0.0494218205000354,1.1563589999293,0
349,ac_ripple_rms,vT,30,9,TS_LTVKF,9.98670541259555e-05,0.132945874044454,0.0494490620793837,1.10187584123255,0
350,ac_ripple_rms,vT,30,10,RLS,9.96611713896136e-05,0.338828610386421,0.049626457725561,0.747084548877974,0
350,ac_ripple_rms,vT,30,10,TS_LTVKF,9.9809149854768e-05,0.190850145231958,0.0495181235303887,0.963752939222684,0
351,ac_ripple_rms,vT,30,11,RLS,0.000100111824734168,0.111824734168486,0.0496257079969034,0.748584006193198,0
351,ac_ripple_rms,vT,30,11,TS_LTVKF,9.99192769036225e-05,0.0807230963775107,0.0495325506771052,0.934898645789572,0
352,ac_ripple_rms,vT,30,12,RLS,9.96850065721703e-05,0.314993427829657,0.0488921242516114,2.21575149677727,0
352,ac_ripple_rms,vT,30,12,TS_LTVKF,9.99380790603986e-05,0.0619209396014342,0.04947983130539,1.0403373892201,0
353,ac_ripple_rms,vT,30,13,RLS,9.98928769006976e-05,0.10712309930242,0.0491546636238763,1.69067275224742,0
353,ac_ripple_rms,vT,30,13,TS_LTVKF,9.99317869511999e-05,0.0682130488000698,0.0495188906110433,0.962218777913482,0
354,ac_ripple_rms,vT,30,14,RLS,0.000100621149757247,0.621149757246764,0.0493099760348014,1.38004793039728,0
354,ac_ripple_rms,vT,30,14,TS_LTVKF,9.99563004702273e-05,0.0436995297727338,0.0495199220393132,0.960155921373507,0
355,ac_ripple_rms,vT,30,15,RLS,0.000100236760685698,0.23676068569809,0.0494837431170821,1.03251376583587,0
355,ac_ripple_rms,vT,30,15,TS_LTVKF,9.98822044090869e-05,0.117795590913095,0.0494082301742026,1.18353965159487,0
356,ac_ripple_rms,vT,30,16,RLS,9.95213581217492e-05,0.478641878250829,0.0497867245528342,0.426550894331579,0
356,ac_ripple_rms,vT,30,16,TS_LTVKF,9.99817322761056e-05,0.0182677238944273,0.0494915508589289,1.01689828214221,0
357,ac_ripple_rms,vT,30,17,RLS,0.000100375955228054,0.375955228053693,0.0492506180103409,1.49876397931821,0
357,ac_ripple_rms,vT,30,17,TS_LTVKF,0.000100126741080767,0.126741080767245,0.0494283188841872,1.1433622316256,0
358,ac_ripple_rms,vT,30,18,RLS,9.98458515510156e-05,0.154148448984426,0.0490872626523036,1.82547469539278,0
358,ac_ripple_rms,vT,30,18,TS_LTVKF,9.99739708014017e-05,0.0260291985983097,0.0494731707478351,1.05365850432978,0
359,ac_ripple_rms,vT,30,19,RLS,0.000100157574823406,0.157574823405549,0.0493305473689676,1.33890526206476,0
359,ac_ripple_rms,vT,30,19,TS_LTVKF,0.000100098465975681,0.0984659756810169,0.0495533782326726,0.893243534654886,0
360,ac_ripple_rms,vT,30,20,RLS,9.99925690788086e-05,0.0074309211914092,0.049232440241475,1.53511951704994,0
360,ac_ripple_rms,vT,30,20,TS_LTVKF,0.000100125220965961,0.125220965960637,0.0495056664673946,0.98866706521088,0
361,ac_ripple_rms,vT,40,1,RLS,9.9854705623413e-05,0.145294376587035,0.0493202262664335,1.359547467133,0
361,ac_ripple_rms,vT,40,1,TS_LTVKF,9.9917235423342e-05,0.0827645766580565,0.0495050245620151,0.989950875969781,0
362,ac_ripple_rms,vT,40,2,RLS,0.000100055748472926,0.0557484729256208,0.0492425158944179,1.51496821116416,0
362,ac_ripple_rms,vT,40,2,TS_LTVKF,9.99905754776404e-05,0.00942452235956903,0.0495105867231625,0.978826553675038,0
363,ac_ripple_rms,vT,40,3,RLS,9.9838365118012e-05,0.161634881988015,0.0493392795395822,1.32144092083551,0
363,ac_ripple_rms,vT,40,3,TS_LTVKF,9.99410050624012e-05,0.0589949375988108,0.04947019243943,1.05961512114,0
364,ac_ripple_rms,vT,40,4,RLS,9.98752839205036e-05,0.12471607949639,0.0493571422756985,1.28571544860309,0
364,ac_ripple_rms,vT,40,4,TS_LTVKF,9.99532773433736e-05,0.0467226566263856,0.0495003650524919,0.999269895016142,0
365,ac_ripple_rms,vT,40,5,RLS,9.98823041574502e-05,0.117695842549836,0.0494548689535487,1.09026209290253,0
365,ac_ripple_rms,vT,40,5,TS_LTVKF,0.000100001119148256,0.00111914825555726,0.0494817886573549,1.03642268529016,0
366,ac_ripple_rms,vT,40,6,RLS,0.000100001966387633,0.00196638763336754,0.0494151146685241,1.16977066295183,0
366,ac_ripple_rms,vT,40,6,TS_LTVKF,9.99440660311919e-05,0.0559339688081084,0.0495072830249723,0.98543395005537,0
367,ac_ripple_rms,vT,40,7,RLS,9.98933697357479e-05,0.106630264252117,0.049387389145534,1.22522170893207,0
367,ac_ripple_rms,vT,40,7,TS_LTVKF,9.99034019634276e-05,0.0965980365723929,0.0495091605031936,0.981678993612856,0
368,ac_ripple_rms,vT,40,8,RLS,9.99325260456948e-05,0.0674739543052083,0.0494219434513816,1.15611309723681,0
368,ac_ripple_rms,vT,40,8,TS_LTVKF,9.99549333766697e-05,0.0450666233302921,0.049519679714786,0.960640570427995,0
369,ac_ripple_rms,vT,40,9,RLS,0.000100010181813276,0.0101818132756337,0.0493633565697571,1.27328686048579,0
369,ac_ripple_rms,vT,40,9,TS_LTVKF,9.99228865314391e-05,0.0771134685609409,0.0494844761823084,1.03104763538314,0
370,ac_ripple_rms,vT,40,10,RLS,9.98922118103445e-05,0.107788189655478,0.0494618288332114,1.07634233357716,0
370,ac_ripple_rms,vT,40,10,TS_LTVKF,9.98995139706132e-05,0.10048602938677,0.0495055942215196,0.988811556960856,0
371,ac_ripple_rms,vT,40,11,RLS,0.00010003431906811,0.0343190681104444,0.0494370968499505,1.12580630009894,0
371,ac_ripple_rms,vT,40,11,TS_LTVKF,9.99483338502465e-05,0.0516661497535487,0.0495099861940214,0.980027611957279,0
372,ac_ripple_rms,vT,40,12,RLS,9.9898543340651e-05,0.101456659348975,0.04920692910227,1.58614179546004,0
372,ac_ripple_rms,vT,40,12,TS_LTVKF,9.99609136858508e-05,0.0390863141491948,0.0494920287832432,1.01594243351363,0
373,ac_ripple_rms,vT,40,13,RLS,9.9963978521066e-05,0.0360214789339675,0.0492954234381745,1.40915312365096,0
373,ac_ripple_rms,vT,40,13,TS_LTVKF,9.99482542426653e-05,0.0517457573347091,0.0495058576570527,0.988284685894569,0
374,ac_ripple_rms,vT,40,14,RLS,0.000100193184837082,0.19318483708155,0.0493470061096687,1.30598778066259,0
374,ac_ripple_rms,vT,40,14,TS_LTVKF,9.99825726028057e-05,0.0174273971942807,0.0495054800239876,0.989039952024895,0
375,ac_ripple_rms,vT,40,15,RLS,0.000100073883017908,0.0738830179084715,0.0494088521975595,1.18229560488091,0
375,ac_ripple_rms,vT,40,15,TS_LTVKF,9.9937088827308e-05,0.0629111726919818,0.0494685080791996,1.06298384160072,0
376,ac_ripple_rms,vT,40,16,RLS,9.98463886439535e-05,0.153611356046457,0.0495090080801666,0.981983839666734,0
376,ac_ripple_rms,vT,40,16,TS_LTVKF,9.99742055355521e-05,0.0257944644478592,0.0494975573701168,1.00488525976644,0
377,ac_ripple_rms,vT,40,17,RLS,0.000100118848339401,0.118848339400568,0.0493226107350145,1.35477852997107,0
377,ac_ripple_rms,vT,40,17,TS_LTVKF,0.000100002593081851,0.00259308185077689,0.0494747258722966,1.05054825540679,0
378,ac_ripple_rms,vT,40,18,RLS,9.99508085004811e-05,0.049191499518908,0.0492740434233835,1.45191315323291,0
378,ac_ripple_rms,vT,40,18,TS_LTVKF,9.99659109536393e-05,0.0340890463606747,0.0494879281261161,1.02414374776788,0
379,ac_ripple_rms,vT,40,19,RLS,0.000100048905362962,0.0489053629616709,0.0493554172982187,1.28916540356258,0
379,ac_ripple_rms,vT,40,19,TS_LTVKF,0.000100014742231211,0.0147422312106515,0.0495121959506645,0.975608098670999,0
380,ac_ripple_rms,vT,40,20,RLS,9.99971972983175e-05,0.00280270168253605,0.0493276373186282,1.34472536274363,0
380,ac_ripple_rms,vT,40,20,TS_LTVKF,0.000100030309508632,0.0303095086320093,0.0495015616265466,0.996876746906905,0
381,ac_ripple_rms,vT,50,1,RLS,9.99529217513017e-05,0.0470782486982624,0.0493444817027659,1.31103659446823,0
381,ac_ripple_rms,vT,50,1,TS_LTVKF,9.99480468650576e-05,0.0519531349424174,0.0494991390130835,1.00172197383294,0
382,ac_ripple_rms,vT,50,2,RLS,0.000100016713698514,0.0167136985139038,0.0493245263471488,1.35094730570247,0
382,ac_ripple_rms,vT,50,2,TS_LTVKF,9.99673577796379e-05,0.0326422203621557,0.0495003281693488,0.999343661302465,0
383,ac_ripple_rms,vT,50,3,RLS,9.99480760259025e-05,0.0519239740975119,0.0493557371523935,1.28852569521293,0
383,ac_ripple_rms,vT,50,3,TS_LTVKF,9.99528765900261e-05,0.047123409973937,0.0494877580014891,1.02448399702179,0
384,ac_ripple_rms,vT,50,4,RLS,9.99601942715851e-05,0.0398057284148767,0.0493624442255911,1.27511154881786,0
384,ac_ripple_rms,vT,50,4,TS_LTVKF,9.99601702407802e-05,0.0398297592197783,0.0494979003145529,1.0041993708943,0
385,ac_ripple_rms,vT,50,5,RLS,9.99625259544141e-05,0.0374740455858946,0.0493929319863261,1.21413602734773,0
385,ac_ripple_rms,vT,50,5,TS_LTVKF,9.99745311730473e-05,0.0254688269527126,0.0494899502159741,1.02009956805177,0
386,ac_ripple_rms,vT,50,6,RLS,9.99995091418503e-05,0.000490858149670981,0.0493745496585873,1.2509006828254,0
386,ac_ripple_rms,vT,50,6,TS_LTVKF,9.9952343766589e-05,0.0476562334109754,0.0495005441552764,0.998911689447268,0
387,ac_ripple_rms,vT,50,7,RLS,9.99659253921972e-05,0.0340746078028475,0.0493676192375415,1.26476152491699,0
387,ac_ripple_rms,vT,50,7,TS_LTVKF,9.9944414480221e-05,0.0555855197789556,0.0494983746632799,1.00325067344015,0
388,ac_ripple_rms,vT,50,8,RLS,9.99780893275767e-05,0.0219106724232643,0.0493873238261852,1.2253523476295,0
388,ac_ripple_rms,vT,50,8,TS_LTVKF,9.99586827581447e-05,0.0413172418552765,0.0495029066192756,0.994186761448712,0
389,ac_ripple_rms,vT,50,9,RLS,0.000100002549274004,0.00254927400415994,0.0493729763253901,1.25404734921977,0
389,ac_ripple_rms,vT,50,9,TS_LTVKF,9.99489080216147e-05,0.0510919783852648,0.0494937741970171,1.0124516059658,0
390,ac_ripple_rms,vT,50,10,RLS,9.99646113244238e-05,0.0353886755761645,0.049392298532827,1.21540293434591,0
390,ac_ripple_rms,vT,50,10,TS_LTVKF,9.994305998658e-05,0.0569400134200482,0.049497996414417,1.004007171166,0
391,ac_ripple_rms,vT,50,11,RLS,0.000100009834640323,0.00983464032271453,0.0493859060155548,1.22818796889036,0
391,ac_ripple_rms,vT,50,11,TS_LTVKF,9.99550375646412e-05,0.0449624353588529,0.0495007504731675,0.998499053665081,0
392,ac_ripple_rms,vT,50,12,RLS,9.9966605975311e-05,0.0333940246889708,0.0493094933956978,1.38101320860431,0
392,ac_ripple_rms,vT,50,12,TS_LTVKF,9.99582674621024e-05,0.0417325378976319,0.0494948249528954,1.01035009420919,0
393,ac_ripple_rms,vT,50,13,RLS,9.99864829924345e-05,0.0135170075655222,0.0493412895022853,1.3174209954295,0
393,ac_ripple_rms,vT,50,13,TS_LTVKF,9.9955199187954e-05,0.0448008120460197,0.0494987624120332,1.00247517593357,0
394,ac_ripple_rms,vT,50,14,RLS,0.000100060428095114,0.0604280951144842,0.0493586421363428,1.28271572731442,0
394,ac_ripple_rms,vT,50,14,TS_LTVKF,9.99658621965085e-05,0.0341378034914741,0.0494991596490243,1.00168070195139,0
395,ac_ripple_rms,vT,50,15,RLS,0.000100021124932528,0.021124932527572,0.0493777072251935,1.24458554961304,0
395,ac_ripple_rms,vT,50,15,TS_LTVKF,9.99515707473129e-05,0.0484292526871211,0.049486529447329,1.02694110534198,0
396,ac_ripple_rms,vT,50,16,RLS,9.99495132579436e-05,0.0504867420563548,0.049407222927497,1.18555414500594,0
396,ac_ripple_rms,vT,50,16,TS_LTVKF,9.9964641650701e-05,0.0353583492990195,0.0494994409990955,1.00111800180893,0
397,ac_ripple_rms,vT,50,17,RLS,0.000100036273750016,0.0362737500162025,0.0493588393022722,1.28232139545559,0
397,ac_ripple_rms,vT,50,17,TS_LTVKF,9.99708603341652e-05,0.0291396658347987,0.0494895960533885,1.02080789322301,0
398,ac_ripple_rms,vT,50,18,RLS,9.99832426102996e-05,0.0167573897003725,0.0493328257870799,1.33434842584028,0
398,ac_ripple_rms,vT,50,18,TS_LTVKF,9.99611902735344e-05,0.0388097264656051,0.0494919083714597,1.01618325708061,0
399,ac_ripple_rms,vT,50,19,RLS,0.000100014810891188,0.0148108911875777,0.0493581659814909,1.28366803701815,0
399,ac_ripple_rms,vT,50,19,TS_LTVKF,9.99779487979574e-05,0.0220512020426389,0.0494998578087658,1.00028438246836,0
400,ac_ripple_rms,vT,50,20,RLS,9.99974693489726e-05,0.00253065102741035,0.0493531314578218,1.29373708435642,0
400,ac_ripple_rms,vT,50,20,TS_LTVKF,9.99812796769198e-05,0.0187203230802346,0.0494982120456636,1.00357590867275,0
401,ac_ripple_rms,i1,20,1,RLS,0.00010003848248648,0.0384824864801292,0.0493731091415647,1.25378171687067,0
401,ac_ripple_rms,i1,20,1,TS_LTVKF,9.99472434130171e-05,0.0527565869828939,0.0495001562301407,0.99968753971863,0
402,ac_ripple_rms,i1,20,2,RLS,9.99929070654429e-05,0.00709293455712912,0.0493442185669839,1.31156286603213,0
402,ac_ripple_rms,i1,20,2,TS_LTVKF,9.99694322584754e-05,0.0305677415245786,0.0494887928594162,1.02241428116762,0
403,ac_ripple_rms,i1,20,3,RLS,9.99903393510147e-05,0.00966064898535457,0.0493649599083619,1.27008018327628,0
403,ac_ripple_rms,i1,20,3,TS_LTVKF,9.99640467240625e-05,0.0359532759374837,0.04949709932421,1.00580135158006,0
404,ac_ripple_rms,i1,20,4,RLS,0.00010000599244775,0.00599244775021379,0.0493855611983324,1.22887760333522,0
404,ac_ripple_rms,i1,20,4,TS_LTVKF,9.99675701851418e-05,0.0324298148582369,0.0494965665601505,1.00686687969904,0
405,ac_ripple_rms,i1,20,5,RLS,0.000100041874770831,0.0418747708309075,0.0493352632898692,1.32947342026167,0
405,ac_ripple_rms,i1,20,5,TS_LTVKF,9.99806642056049e-05,0.0193357943951478,0.0494900522730064,1.01989545398712,0
406,ac_ripple_rms,i1,20,6,RLS,9.99918638668044e-05,0.00813613319563533,0.0493842365570075,1.23152688598509,0
406,ac_ripple_rms,i1,20,6,TS_LTVKF,9.99446060219026e-05,0.0553939780973955,0.0495006356683021,0.998728663395798,0
407,ac_ripple_rms,i1,20,7,RLS,9.99664319123422e-05,0.0335680876578093,0.0493583861165839,1.28322776683212,0
407,ac_ripple_rms,i1,20,7,TS_LTVKF,9.99785069769529e-05,0.0214930230470589,0.049498983672067,1.00203265586598,0
408,ac_ripple_rms,i1,20,8,RLS,9.9967816442183e-05,0.0321835578170226,0.0493560478268212,1.28790434635755,0
408,ac_ripple_rms,i1,20,8,TS_LTVKF,9.99944955550074e-05,0.00550444499262115,0.0494982756886891,1.00344862262186,0
409,ac_ripple_rms,i1,20,9,RLS,0.000100020328158506,0.0203281585055448,0.049348399060658,1.30320187868403,0
409,ac_ripple_rms,i1,20,9,TS_LTVKF,9.99544117217118e-05,0.0455882782882111,0.0494963073974723,1.00738520505547,0
410,ac_ripple_rms,i1,20,10,RLS,0.000100040409599854,0.0404095998535636,0.0493797373525185,1.24052529496301,0
410,ac_ripple_rms,i1,20,10,TS_LTVKF,9.99660169698923e-05,0.0339830301076649,0.0494929243447016,1.01415131059676,0
411,ac_ripple_rms,i1,20,11,RLS,9.99973302803121e-05,0.00266971968790886,0.0493716398859614,1.25672022807727,0
411,ac_ripple_rms,i1,20,11,TS_LTVKF,9.99798918103071e-05,0.020108189692869,0.0494933481540347,1.0133036919305,0
412,ac_ripple_rms,i1,20,12,RLS,0.000100071780242467,0.0717802424669012,0.0493668992994107,1.26620140117855,0
412,ac_ripple_rms,i1,20,12,TS_LTVKF,9.99908792318182e-05,0.00912076818184726,0.0494854605650467,1.02907886990657,0
413,ac_ripple_rms,i1,20,13,RLS,9.99163737772326e-05,0.0836262227673634,0.0493243122035864,1.35137559282726,0
413,ac_ripple_rms,i1,20,13,TS_LTVKF,9.9974259193143e-05,0.0257408068570331,0.0494908788375244,1.01824232495112,0
414,ac_ripple_rms,i1,20,14,RLS,0.000100055424467959,0.0554244679586979,0.0493654724137699,1.26905517246018,0
414,ac_ripple_rms,i1,20,14,TS_LTVKF,9.9988325284753e-05,0.0116747152470231,0.0494847868084307,1.03042638313866,0
415,ac_ripple_rms,i1,20,15,RLS,9.99540947839172e-05,0.0459052160828088,0.0493339025127476,1.33219497450477,0
415,ac_ripple_rms,i1,20,15,TS_LTVKF,9.99508858424585e-05,0.0491141575414633,0.0494994126997475,1.00117460050508,0
416,ac_ripple_rms,i1,20,16,RLS,9.99640739981327e-05,0.0359260018672591,0.0493636329643828,1.2727340712345,0
416,ac_ripple_rms,i1,20,16,TS_LTVKF,9.99691279669542e-05,0.030872033045759,0.0494967192066495,1.00656158670093,0
417,ac_ripple_rms,i1,20,17,RLS,0.000100003170252157,0.00317025215696987,0.0493730528242387,1.25389435152261,0
417,ac_ripple_rms,i1,20,17,TS_LTVKF,9.9973528084951e-05,0.02647191504902,0.0494932068712226,1.01358625755471,0
418,ac_ripple_rms,i1,20,18,RLS,9.99246081308887e-05,0.0753918691113076,0.0493527060847249,1.29458783055021,0
418,ac_ripple_rms,i1,20,18,TS_LTVKF,9.99880867941132e-05,0.0119132058868265,0.0495012014093363,0.997597181327425,0
419,ac_ripple_rms,i1,20,19,RLS,9.99372441279425e-05,0.0627558720575072,0.0493749543020949,1.25009139581019,0
419,ac_ripple_rms,i1,20,19,TS_LTVKF,9.99751752361238e-05,0.0248247638762411,0.0494872634348854,1.02547313022924,0
420,ac_ripple_rms,i1,20,20,RLS,9.99610918603e-05,0.0389081397000113,0.049376709107182,1.24658178563598,0
420,ac_ripple_rms,i1,20,20,TS_LTVKF,9.99560090311952e-05,0.0439909688047746,0.0494960252867708,1.00794942645845,0
421,ac_ripple_rms,i1,30,1,RLS,0.000100011016665074,0.0110166650736598,0.049364905088839,1.27018982232208,0
421,ac_ripple_rms,i1,30,1,TS_LTVKF,9.99637360275425e-05,0.0362639724575287,0.049497127305826,1.00574538834801,0
422,ac_ripple_rms,i1,30,2,RLS,9.99975676662111e-05,0.00243233378892649,0.0493558427407849,1.28831451843024,0
422,ac_ripple_rms,i1,30,2,TS_LTVKF,9.99716282784179e-05,0.0283717215821544,0.0494918756659811,1.0162486680379,0
423,ac_ripple_rms,i1,30,3,RLS,9.99957501112272e-05,0.00424988877282262,0.0493633484215705,1.273303156859,0
423,ac_ripple_rms,i1,30,3,TS_LTVKF,9.99690267703536e-05,0.0309732296464249,0.0494965020474886,1.0069959050227,0
424,ac_ripple_rms,i1,30,4,RLS,0.000100001919328035,0.00191932803492723,0.0493688438459718,1.2623123080565,0
424,ac_ripple_rms,i1,30,4,TS_LTVKF,9.99694411368188e-05,0.0305588631811959,0.0494954648137665,1.009070372467,0
425,ac_ripple_rms,i1,30,5,RLS,0.000100012432333618,0.0124323336179177,0.0493531557652945,1.29368846941097,0
425,ac_ripple_rms,i1,30,5,TS_LTVKF,9.99728682772967e-05,0.0271317227033108,0.0494932987622972,1.01340247540554,0
426,ac_ripple_rms,i1,30,6,RLS,9.99972153564261e-05,0.0027846435739165,0.0493684674354347,1.26306512913061,0
426,ac_ripple_rms,i1,30,6,TS_LTVKF,9.99623121063837e-05,0.0376878936163338,0.0494978587102212,1.0042825795577,0
427,ac_ripple_rms,i1,30,7,RLS,9.99879322544621e-05,0.0120677455378693,0.0493602196917645,1.2795606164711,0
427,ac_ripple_rms,i1,30,7,TS_LTVKF,9.99735837356569e-05,0.0264162643431098,0.0494981147692893,1.00377046142135,0
428,ac_ripple_rms,i1,30,8,RLS,9.99887225459476e-05,0.0112774540523608,0.0493615585176912,1.27688296461752,0
428,ac_ripple_rms,i1,30,8,TS_LTVKF,9.99773136072743e-05,0.0226863927256904,0.0494961961636686,1.00760767266289,0
429,ac_ripple_rms,i1,30,9,RLS,0.000100005348257426,0.00534825742577461,0.049357193970386,1.2856120592279,0
429,ac_ripple_rms,i1,30,9,TS_LTVKF,9.99659503028284e-05,0.0340496971716009,0.0494940205701098,1.0119588597805,0
430,ac_ripple_rms,i1,30,10,RLS,0.000100011681351708,0.0116813517078374,0.0493671526164922,1.26569476701565,0
430,ac_ripple_rms,i1,30,10,TS_LTVKF,9.99696722089639e-05,0.0303277910360666,0.0494937508431838,1.01249831363248,0
431,ac_ripple_rms,i1,30,11,RLS,9.99979707345629e-05,0.00202926543709792,0.049364246802007,1.27150639598596,0
431,ac_ripple_rms,i1,30,11,TS_LTVKF,9.99752069120841e-05,0.0247930879159086,0.0494942416710853,1.01151665782941,0
432,ac_ripple_rms,i1,30,12,RLS,0.000100021734239123,0.021734239122817,0.0493646024745098,1.27079505098032,0
432,ac_ripple_rms,i1,30,12,TS_LTVKF,9.99778995544441e-05,0.0221004455558838,0.0494913403072798,1.01731938544042,0
433,ac_ripple_rms,i1,30,13,RLS,9.99724014881505e-05,0.0275985118495248,0.049349493833741,1.30101233251794,0
433,ac_ripple_rms,i1,30,13,TS_LTVKF,9.99719946571652e-05,0.0280053428348248,0.0494939151948817,1.01216961023654,0
434,ac_ripple_rms,i1,30,14,RLS,0.000100016506441364,0.0165064413640392,0.049362460449234,1.27507910153207,0
434,ac_ripple_rms,i1,30,14,TS_LTVKF,9.99761776000093e-05,0.0238223999906584,0.0494920484416229,1.01590311675417,0
435,ac_ripple_rms,i1,30,15,RLS,9.99846093054355e-05,0.015390694564521,0.049351662438834,1.29667512233195,0
435,ac_ripple_rms,i1,30,15,TS_LTVKF,9.99638270104428e-05,0.0361729895572371,0.0494963690411205,1.00726191775897,0
436,ac_ripple_rms,i1,30,16,RLS,9.99882304028982e-05,0.0117695971018072,0.0493619302190949,1.27613956181023,0
436,ac_ripple_rms,i1,30,16,TS_LTVKF,9.9971413735878e-05,0.0285862641219881,0.049496047860468,1.00790427906401,0
437,ac_ripple_rms,i1,30,17,RLS,9.99991298130752e-05,0.000870186924795124,0.0493655153006167,1.26896939876655,0
437,ac_ripple_rms,i1,30,17,TS_LTVKF,9.99712503904871e-05,0.0287496095129347,0.0494938462743722,1.01230745125555,0
438,ac_ripple_rms,i1,30,18,RLS,9.99749330237276e-05,0.0250669762724476,0.0493582900165309,1.28341996693816,0
438,ac_ripple_rms,i1,30,18,TS_LTVKF,9.99766828270901e-05,0.023317172909898,0.0494989547795,1.00209044100008,0
439,ac_ripple_rms,i1,30,19,RLS,9.99793849607483e-05,0.0206150392517035,0.0493637754876952,1.27244902460967,0
439,ac_ripple_rms,i1,30,19,TS_LTVKF,9.99722435398889e-05,0.0277564601111391,0.0494931083895368,1.01378322092643,0
440,ac_ripple_rms,i1,30,20,RLS,9.99861277377716e-05,0.013872262228376,0.0493668411076341,1.26631778473186,0
440,ac_ripple_rms,i1,30,20,TS_LTVKF,9.99662839340844e-05,0.0337160659155678,0.0494946416335935,1.01071673281291,0
441,ac_ripple_rms,i1,40,1,RLS,0.000100002503894568,0.00250389456830646,0.0493617147184986,1.2765705630029,0
441,ac_ripple_rms,i1,40,1,TS_LTVKF,9.99688371502702e-05,0.0311628497298377,0.0494940124739186,1.01197505216285,0
442,ac_ripple_rms,i1,40,2,RLS,9.99982799042762e-05,0.00172009572378951,0.0493588564285791,1.28228714284173,0
442,ac_ripple_rms,i1,40,2,TS_LTVKF,9.99713875737828e-05,0.0286124262172338,0.0494925601397724,1.01487972045522,0
443,ac_ripple_rms,i1,40,3,RLS,9.99975759027467e-05,0.00242409725335069,0.049361238678917,1.27752264216606,0
443,ac_ripple_rms,i1,40,3,TS_LTVKF,9.9970289610134e-05,0.0297103898660334,0.0494933252500566,1.01334949988684,0
444,ac_ripple_rms,i1,40,4,RLS,9.99997777669585e-05,0.000222233041535791,0.0493629603234589,1.27407935308218,0
444,ac_ripple_rms,i1,40,4,TS_LTVKF,9.99705497942723e-05,0.0294502057277102,0.049493574876678,1.01285024664394,0
445,ac_ripple_rms,i1,40,5,RLS,0.000100002869635985,0.00286963598485901,0.0493579771143812,1.28404577123754,0
445,ac_ripple_rms,i1,40,5,TS_LTVKF,9.99714037249766e-05,0.0285962750233515,0.0494923090708609,1.01538185827823,0
446,ac_ripple_rms,i1,40,6,RLS,9.99980982035645e-05,0.00190179643548838,0.0493628455370124,1.27430892597525,0
446,ac_ripple_rms,i1,40,6,TS_LTVKF,9.99678804571295e-05,0.032119542870479,0.0494937461755341,1.01250764893175,0
447,ac_ripple_rms,i1,40,7,RLS,9.99953419793677e-05,0.00465802063226439,0.0493602395884712,1.2795208230576,0
447,ac_ripple_rms,i1,40,7,TS_LTVKF,9.99720594682343e-05,0.0279405317657022,0.0494935844239803,1.0128311520394,0
448,ac_ripple_rms,i1,40,8,RLS,9.99954806358331e-05,0.00451936416694387,0.0493606763497105,1.27864730057902,0
448,ac_ripple_rms,i1,40,8,TS_LTVKF,9.99732114292096e-05,0.0267885707903592,0.049493019060917,1.01396187816601,0
449,ac_ripple_rms,i1,40,9,RLS,0.000100000609963913,0.000609963913156264,0.0493592866324565,1.28142673508707,0
449,ac_ripple_rms,i1,40,9,TS_LTVKF,9.99695081799468e-05,0.0304918200532467,0.0494930858117715,1.01382837645697,0
450,ac_ripple_rms,i1,40,10,RLS,0.000100002489642744,0.00248964274445207,0.049362440558773,1.27511888245403,0
450,ac_ripple_rms,i1,40,10,TS_LTVKF,9.99704520680447e-05,0.0295479319552872,0.049493056337068,1.01388732586407,0
451,ac_ripple_rms,i1,40,11,RLS,9.99984055580004e-05,0.00159444199957504,0.0493614979723754,1.27700405524929,0
451,ac_ripple_rms,i1,40,11,TS_LTVKF,9.99727030221222e-05,0.0272969778778331,0.049493194791768,1.01361041646397,0
452,ac_ripple_rms,i1,40,12,RLS,0.000100005533733936,0.00553373393608059,0.0493616322318178,1.27673553636433,0
452,ac_ripple_rms,i1,40,12,TS_LTVKF,9.99726670883416e-05,0.0273329116583731,0.0494924060794703,1.01518784105938,0
453,ac_ripple_rms,i1,40,13,RLS,9.99910109841328e-05,0.00898901586724454,0.0493568518286117,1.28629634277665,0
453,ac_ripple_rms,i1,40,13,TS_LTVKF,9.9971303476398e-05,0.0286965236020231,0.0494924079706796,1.01518405864073,0
454,ac_ripple_rms,i1,40,14,RLS,0.000100004685715608,0.004685715607744,0.0493609479952354,1.27810400952927,0
454,ac_ripple_rms,i1,40,14,TS_LTVKF,9.99724809498506e-05,0.0275190501493938,0.0494922624439105,1.01547511217894,0
455,ac_ripple_rms,i1,40,15,RLS,9.99942260554239e-05,0.00577394457610403,0.0493574108209719,1.2851783580562,0
455,ac_ripple_rms,i1,40,15,TS_LTVKF,9.99688207391858e-05,0.0311792608142403,0.049493829981909,1.01234003618208,0
456,ac_ripple_rms,i1,40,16,RLS,9.99949402674005e-05,0.00505973259952164,0.0493607829630953,1.27843407380935,0
456,ac_ripple_rms,i1,40,16,TS_LTVKF,9.99713384732305e-05,0.0286615267695023,0.04949348332196,1.01303335608,0
457,ac_ripple_rms,i1,40,17,RLS,9.99986007325007e-05,0.00139926749926911,0.0493614221566702,1.27715568665956,0
457,ac_ripple_rms,i1,40,17,TS_LTVKF,9.99709965269064e-05,0.0290034730936251,0.0494925651449819,1.01486971003617,0
458,ac_ripple_rms,i1,40,18,RLS,9.99916766082443e-05,0.00832339175571573,0.0493596316960354,1.28073660792914,0
458,ac_ripple_rms,i1,40,18,TS_LTVKF,9.99727813022209e-05,0.0272186977790745,0.0494935093042664,1.01298139146727,0
459,ac_ripple_rms,i1,40,19,RLS,9.99921470705555e-05,0.00785292944454064,0.0493613433785483,1.27731324290347,0
459,ac_ripple_rms,i1,40,19,TS_LTVKF,9.99713496885721e-05,0.0286503114279357,0.0494929870619773,1.01402587604534,0
460,ac_ripple_rms,i1,40,20,RLS,9.99944947062259e-05,0.00550529377407738,0.0493622602080076,1.27547958398474,0
460,ac_ripple_rms,i1,40,20,TS_LTVKF,9.99696649663824e-05,0.0303350336176234,0.0494931240255005,1.01375194899902,0
461,ac_ripple_rms,i1,50,1,RLS,9.9999857024233e-05,0.000142975766992404,0.0493606462846549,1.27870743069021,0
461,ac_ripple_rms,i1,50,1,TS_LTVKF,9.99703164873029e-05,0.0296835126971096,0.0494933482752278,1.01330344954436,0
462,ac_ripple_rms,i1,50,2,RLS,9.99986345443874e-05,0.00136545561260082,0.0493597431651116,1.28051366977676,0
462,ac_ripple_rms,i1,50,2,TS_LTVKF,9.99711693345905e-05,0.0288306654094961,0.0494926716640603,1.01465667187947,0
463,ac_ripple_rms,i1,50,3,RLS,9.99981821451311e-05,0.00181785486894626,0.0493604973701714,1.27900525965721,0
463,ac_ripple_rms,i1,50,3,TS_LTVKF,9.99707265248922e-05,0.029273475107805,0.0494928945639604,1.01421087207919,0
464,ac_ripple_rms,i1,50,4,RLS,9.99987472278533e-05,0.00125277214666486,0.0493610401841173,1.27791963176538,0
464,ac_ripple_rms,i1,50,4,TS_LTVKF,9.99708666352596e-05,0.0291333647404302,0.0494930323819524,1.01393523609516,0
465,ac_ripple_rms,i1,50,5,RLS,9.99999967408179e-05,3.25918211308007e-06,0.0493594654384883,1.28106912302346,0
465,ac_ripple_rms,i1,50,5,TS_LTVKF,9.99711944371447e-05,0.0288055628553163,0.0494925862490444,1.01482750191118,0
466,ac_ripple_rms,i1,50,6,RLS,9.99981318603146e-05,0.00186813968535704,0.0493610043098556,1.27799138028871,0
466,ac_ripple_rms,i1,50,6,TS_LTVKF,9.99700287880887e-05,0.0299712119112616,0.0494930574179065,1.01388516418704,0
467,ac_ripple_rms,i1,50,7,RLS,9.99976868118833e-05,0.00231318811672043,0.0493601804615835,1.27963907683303,0
467,ac_ripple_rms,i1,50,7,TS_LTVKF,9.99712879293433e-05,0.0287120706567223,0.0494930597216458,1.01388055670842,0
468,ac_ripple_rms,i1,50,8,RLS,9.99975742110965e-05,0.00242578890345957,0.0493603199155836,1.2793601688329,0
468,ac_ripple_rms,i1,50,8,TS_LTVKF,9.99717840399051e-05,0.0282159600948795,0.0494930179681412,1.01396406371753,0
469,ac_ripple_rms,i1,50,9,RLS,9.99992000568948e-05,0.000799943105178613,0.049359879497744,1.28024100451201,0
469,ac_ripple_rms,i1,50,9,TS_LTVKF,9.99703751626745e-05,0.0296248373255259,0.0494928900960369,1.01421980792612,0
470,ac_ripple_rms,i1,50,10,RLS,9.99996124596959e-05,0.000387540304069844,0.0493608773251216,1.27824534975676,0
470,ac_ripple_rms,i1,50,10,TS_LTVKF,9.9970885123504e-05,0.0291148764959948,0.049492940102911,1.01411979417806,0
471,ac_ripple_rms,i1,50,11,RLS,9.99984604032048e-05,0.00153959679518589,0.0493605786299841,1.27884274003186,0
471,ac_ripple_rms,i1,50,11,TS_LTVKF,9.99716035547223e-05,0.0283964452777119,0.0494929339134176,1.01413217316482,0
472,ac_ripple_rms,i1,50,12,RLS,0.000100000694801946,0.000694801946132806,0.0493606215207332,1.27875695853359,0
472,ac_ripple_rms,i1,50,12,TS_LTVKF,9.99713765414562e-05,0.0286234585438305,0.0494925524976305,1.01489500473897,0
473,ac_ripple_rms,i1,50,13,RLS,9.99961465576722e-05,0.00385344232778362,0.0493591096601395,1.28178067972103,0
473,ac_ripple_rms,i1,50,13,TS_LTVKF,9.99711831515774e-05,0.0288168484225859,0.049492661064309,1.01467787138204,0
474,ac_ripple_rms,i1,50,14,RLS,0.000100000441850817,0.000441850816579326,0.0493604044603073,1.27919107938536,0
474,ac_ripple_rms,i1,50,14,TS_LTVKF,9.99714462707405e-05,0.0285537292595395,0.0494925183957503,1.01496320849936,0
475,ac_ripple_rms,i1,50,15,RLS,9.9997196756934e-05,0.00280324306600743,0.0493592848093603,1.28143038127932,0
475,ac_ripple_rms,i1,50,15,TS_LTVKF,9.99702630967204e-05,0.0297369032795647,0.0494930147193166,1.01397056136671,0
476,ac_ripple_rms,i1,50,16,RLS,9.99978302164819e-05,0.00216978351809116,0.0493603525368112,1.27929492637757,0
476,ac_ripple_rms,i1,50,16,TS_LTVKF,9.99711154674013e-05,0.0288845325987164,0.0494930428705254,1.01391425894911,0
477,ac_ripple_rms,i1,50,17,RLS,9.99987803336017e-05,0.00121966639835547,0.0493605545994957,1.27889080100856,0
477,ac_ripple_rms,i1,50,17,TS_LTVKF,9.99709294435238e-05,0.0290705564762073,0.0494926646049921,1.01467079001587,0
478,ac_ripple_rms,i1,50,18,RLS,9.99962035982429e-05,0.00379640175712792,0.0493599884623187,1.28002307536256,0
478,ac_ripple_rms,i1,50,18,TS_LTVKF,9.99716508923007e-05,0.0283491076993547,0.0494931600333368,1.01367993332632,0
479,ac_ripple_rms,i1,50,19,RLS,9.99964778068857e-05,0.00352219311429147,0.0493605306992892,1.2789386014216,0
479,ac_ripple_rms,i1,50,19,TS_LTVKF,9.99710770518863e-05,0.0289229481137077,0.0494928568539363,1.01428629212743,0
480,ac_ripple_rms,i1,50,20,RLS,9.99970980397921e-05,0.00290196020790168,0.0493608199210558,1.27836015788848,0
480,ac_ripple_rms,i1,50,20,TS_LTVKF,9.99705300089559e-05,0.0294699910440621,0.0494930157557283,1.01396848854348,0
481,ac_ripple_rms,i2,20,1,RLS,9.99819871651108e-05,0.0180128348891584,0.0493607835677005,1.27843286459896,0
481,ac_ripple_rms,i2,20,1,TS_LTVKF,9.996794484322e-05,0.0320551567800198,0.0494802657837079,1.03946843258429,0
482,ac_ripple_rms,i2,20,2,RLS,0.000100005078700874,0.00507870087422813,0.0493753658271139,1.24926834577213,0
482,ac_ripple_rms,i2,20,2,TS_LTVKF,9.99654250802601e-05,0.0345749197398826,0.0494824110884274,1.03517782314529,0
483,ac_ripple_rms,i2,20,3,RLS,9.99661138529477e-05,0.0338861470523311,0.0493682536319597,1.26349273608061,0
483,ac_ripple_rms,i2,20,3,TS_LTVKF,5.0863444610739e-05,49.136555389261,0.005,90,1
484,ac_ripple_rms,i2,20,4,RLS,9.99913929120407e-05,0.00860708795931142,0.0493414794113192,1.31704117736153,0
484,ac_ripple_rms,i2,20,4,TS_LTVKF,9.31212363929055e-05,6.87876360709454,0.0746900625757001,49.3801251514001,1
485,ac_ripple_rms,i2,20,5,RLS,0.000100005008614334,0.00500861433407884,0.0493576497553028,1.28470048939443,0
485,ac_ripple_rms,i2,20,5,TS_LTVKF,9.99769801651731e-05,0.0230198348269428,0.0494849195664756,1.03016086704873,0
486,ac_ripple_rms,i2,20,6,RLS,9.99889647134456e-05,0.0110352865544283,0.0493636280936923,1.27274381261548,0
486,ac_ripple_rms,i2,20,6,TS_LTVKF,9.99855190536484e-05,0.0144809463515583,0.0494834265165344,1.0331469669313,0
487,ac_ripple_rms,i2,20,7,RLS,9.99665953162819e-05,0.0334046837180857,0.0493620137395122,1.27597252097562,0
487,ac_ripple_rms,i2,20,7,TS_LTVKF,9.9980263617225e-05,0.0197363827750041,0.0494855628571045,1.02887428579109,0
488,ac_ripple_rms,i2,20,8,RLS,9.99673415263417e-05,0.0326584736582647,0.049385387891493,1.2292242170141,0
488,ac_ripple_rms,i2,20,8,TS_LTVKF,9.16335435193119e-05,8.36645648068811,0.0808923671893695,61.784734378739,1
489,ac_ripple_rms,i2,20,9,RLS,0.000100012056203191,0.0120562031910909,0.0493377857179546,1.32442856409078,0
489,ac_ripple_rms,i2,20,9,TS_LTVKF,0.000100012840445011,0.0128404450105313,0.0494737494237732,1.05250115245367,0
490,ac_ripple_rms,i2,20,10,RLS,9.99835061334173e-05,0.0164938665827119,0.0493125896019107,1.37482079617851,0
490,ac_ripple_rms,i2,20,10,TS_LTVKF,9.99575289379533e-05,0.0424710620466784,0.0494852582218743,1.02948355625142,0
491,ac_ripple_rms,i2,20,11,RLS,9.99842186312937e-05,0.0157813687062913,0.0493586826419144,1.28263471617125,0
491,ac_ripple_rms,i2,20,11,TS_LTVKF,9.9963762760331e-05,0.0362372396690236,0.0494921409282426,1.01571814351489,0
492,ac_ripple_rms,i2,20,12,RLS,9.99747284761358e-05,0.0252715238642343,0.0493637525797937,1.27249484041269,0
492,ac_ripple_rms,i2,20,12,TS_LTVKF,9.99400904555049e-05,0.0599095444951181,0.0494865261260518,1.02694774789648,0
493,ac_ripple_rms,i2,20,13,RLS,0.00010004141660196,0.041416601960087,0.0493712577037541,1.25748459249172,0
493,ac_ripple_rms,i2,20,13,TS_LTVKF,9.99767651427254e-05,0.02323485727459,0.0494948878137099,1.01022437258027,0
494,ac_ripple_rms,i2,20,14,RLS,9.99545277646022e-05,0.0454722353977588,0.0493613825172991,1.27723496540173,0
494,ac_ripple_rms,i2,20,14,TS_LTVKF,9.99697394173838e-05,0.0302605826162372,0.0494854966376293,1.0290067247414,0
495,ac_ripple_rms,i2,20,15,RLS,0.000100040999561138,0.0409995611380554,0.049372456506455,1.25508698708993,0
495,ac_ripple_rms,i2,20,15,TS_LTVKF,9.99898204707491e-05,0.0101795292508977,0.0494875127683767,1.02497446324653,0
496,ac_ripple_rms,i2,20,16,RLS,0.000100015643459583,0.0156434595833144,0.0493534590026309,1.29308199473811,0
496,ac_ripple_rms,i2,20,16,TS_LTVKF,9.99766781534047e-05,0.02332184659527,0.0494802727731317,1.03945445373665,0
497,ac_ripple_rms,i2,20,17,RLS,9.99632398108427e-05,0.0367601891573477,0.0493387452624779,1.32250947504426,0
497,ac_ripple_rms,i2,20,17,TS_LTVKF,8.87859548388836e-05,11.2140451611164,0.0930085571455756,86.0171142911511,1
498,ac_ripple_rms,i2,20,18,RLS,9.99767452930126e-05,0.0232547069874078,0.0493600269393719,1.27994612125626,0
498,ac_ripple_rms,i2,20,18,TS_LTVKF,9.99691838873904e-05,0.0308161126095885,0.049490303026961,1.01939394607805,0
499,ac_ripple_rms,i2,20,19,RLS,0.000100049259054624,0.0492590546243843,0.049336993398969,1.32601320206199,0
499,ac_ripple_rms,i2,20,19,TS_LTVKF,9.99675105981101e-05,0.0324894018899458,0.049489355584487,1.021288831026,0
500,ac_ripple_rms,i2,20,20,RLS,0.000100017930192408,0.0179301924084774,0.0493726069243986,1.2547861512028,0
500,ac_ripple_rms,i2,20,20,TS_LTVKF,9.99963118020281e-05,0.00368819797190723,0.0494802075529541,1.03958489409186,0
501,ac_ripple_rms,i2,30,1,RLS,9.99941512680395e-05,0.0058487319604783,0.0493611559960159,1.27768800796828,0
501,ac_ripple_rms,i2,30,1,TS_LTVKF,9.99706522613609e-05,0.029347738639085,0.0494894016301148,1.02119673977049,0
502,ac_ripple_rms,i2,30,2,RLS,0.000100000427244766,0.000427244766476598,0.0493651838873667,1.26963222526667,0
502,ac_ripple_rms,i2,30,2,TS_LTVKF,9.99696840841127e-05,0.0303159158872912,0.0494898471807279,1.02030563854426,0
503,ac_ripple_rms,i2,30,3,RLS,9.99881137037022e-05,0.0118862962978472,0.0493655169637363,1.26896607252749,0
503,ac_ripple_rms,i2,30,3,TS_LTVKF,9.99853179304323e-05,0.0146820695677508,0.0494905649327598,1.01887013448048,0
504,ac_ripple_rms,i2,30,4,RLS,9.99968675094941e-05,0.00313249050586384,0.0493550091602433,1.2899816795135,0
504,ac_ripple_rms,i2,30,4,TS_LTVKF,9.9968565540983e-05,0.0314344590170212,0.0494906115580934,1.01877688381324,0
505,ac_ripple_rms,i2,30,5,RLS,0.000100000107742164,0.000107742163724112,0.049359934351119,1.28013129776196,0
505,ac_ripple_rms,i2,30,5,TS_LTVKF,9.99736452359575e-05,0.026354764042491,0.0494909854843508,1.01802903129846,0
506,ac_ripple_rms,i2,30,6,RLS,9.99949966241161e-05,0.00500337588394961,0.0493615428333495,1.27691433330093,0
506,ac_ripple_rms,i2,30,6,TS_LTVKF,9.99761121537478e-05,0.0238878462521908,0.0494907325883325,1.01853482333494,0
507,ac_ripple_rms,i2,30,7,RLS,9.99885520569522e-05,0.0114479430478154,0.0493624707761267,1.27505844774655,0
507,ac_ripple_rms,i2,30,7,TS_LTVKF,9.99739224228318e-05,0.0260775771681709,0.0494911444380176,1.01771112396484,0
508,ac_ripple_rms,i2,30,8,RLS,9.99887140515605e-05,0.01128594843951,0.0493689347191479,1.26213056170418,0
508,ac_ripple_rms,i2,30,8,TS_LTVKF,9.99729121007838e-05,0.0270878992162271,0.0494884540687181,1.02309186256389,0
509,ac_ripple_rms,i2,30,9,RLS,0.000100002769324016,0.00276932401592767,0.049352493094946,1.29501381010801,0
509,ac_ripple_rms,i2,30,9,TS_LTVKF,9.99830424396511e-05,0.0169575603489291,0.049487850042663,1.02429991467392,0
510,ac_ripple_rms,i2,30,10,RLS,9.99940373480919e-05,0.00596265190812018,0.0493428622051102,1.31427558977959,0
510,ac_ripple_rms,i2,30,10,TS_LTVKF,9.99674764201944e-05,0.0325235798056545,0.0494900766761939,1.01984664761218,0
511,ac_ripple_rms,i2,30,11,RLS,9.99940434766942e-05,0.00595652330577234,0.049360332425191,1.27933514961804,0
511,ac_ripple_rms,i2,30,11,TS_LTVKF,9.25684327192552e-05,7.43156728074477,0.0769249130751668,53.8498261503336,1
512,ac_ripple_rms,i2,30,12,RLS,9.99901221798444e-05,0.00987782015564598,0.0493613476835075,1.27730463298493,0
512,ac_ripple_rms,i2,30,12,TS_LTVKF,9.99624517001954e-05,0.0375482998045906,0.0494908429350428,1.01831412991445,0
513,ac_ripple_rms,i2,30,13,RLS,0.00010001285747731,0.0128574773097467,0.0493638940193252,1.27221196134965,0
513,ac_ripple_rms,i2,30,13,TS_LTVKF,9.99721905064841e-05,0.0278094935159401,0.0494948323617249,1.01033527655016,0
514,ac_ripple_rms,i2,30,14,RLS,9.99843155954851e-05,0.0156844045149485,0.0493607179948365,1.2785640103271,0
514,ac_ripple_rms,i2,30,14,TS_LTVKF,9.99680558432099e-05,0.0319441567901202,0.0494913636894311,1.01727262113777,0
515,ac_ripple_rms,i2,30,15,RLS,0.000100012058639152,0.0120586391515021,0.0493643436069412,1.27131278611768,0
515,ac_ripple_rms,i2,30,15,TS_LTVKF,9.3518947553171e-05,6.48105244682901,0.0731180851459126,46.2361702918253,1
516,ac_ripple_rms,i2,30,16,RLS,0.00010000402857925,0.00402857925012601,0.0493588147634253,1.28237047314933,0
516,ac_ripple_rms,i2,30,16,TS_LTVKF,9.99721610721546e-05,0.0278389278453584,0.0494913823235564,1.01723535288728,0
517,ac_ripple_rms,i2,30,17,RLS,9.9987398905584e-05,0.0126010944159649,0.0493523256516647,1.29534869667053,0
517,ac_ripple_rms,i2,30,17,TS_LTVKF,9.99775391477345e-05,0.0224608522654601,0.0494891024900103,1.0217950199794,0
518,ac_ripple_rms,i2,30,18,RLS,9.99917232939227e-05,0.00827670607727038,0.0493617888263507,1.27642234729863,0
518,ac_ripple_rms,i2,30,18,TS_LTVKF,9.9971192890596e-05,0.0288071094040387,0.0494926873381561,1.01462532368785,0
519,ac_ripple_rms,i2,30,19,RLS,0.000100013661894866,0.0136618948661571,0.049353572125937,1.29285574812598,0
519,ac_ripple_rms,i2,30,19,TS_LTVKF,9.99712600711647e-05,0.0287399288353418,0.0494916810807605,1.01663783847891,0
520,ac_ripple_rms,i2,30,20,RLS,0.000100004761286021,0.00476128602147075,0.0493647398899161,1.27052022016779,0
520,ac_ripple_rms,i2,30,20,TS_LTVKF,9.99783411682199e-05,0.0216588317801136,0.0494881533637327,1.02369327253456,0
521,ac_ripple_rms,i2,40,1,RLS,9.99968783551e-05,0.00312164489998379,0.0493605439430582,1.27891211388358,0
521,ac_ripple_rms,i2,40,1,TS_LTVKF,9.99709904037818e-05,0.0290095962182213,0.0494919822913439,1.01603541731216,0
522,ac_ripple_rms,i2,40,2,RLS,9.99991203594183e-05,0.00087964058168577,0.0493617975068613,1.2764049862774,0
522,ac_ripple_rms,i2,40,2,TS_LTVKF,9.99705933132864e-05,0.02940668671364,0.0494922613218823,1.01547735623535,0
523,ac_ripple_rms,i2,40,3,RLS,9.99954445856128e-05,0.00455541438719731,0.0493619140862863,1.2761718274274,0
523,ac_ripple_rms,i2,40,3,TS_LTVKF,9.99716670848928e-05,0.028332915107232,0.0494922627163429,1.01547456731426,0
524,ac_ripple_rms,i2,40,4,RLS,9.99991943681556e-05,0.000805631844458254,0.0493585961033272,1.28280779334561,0
524,ac_ripple_rms,i2,40,4,TS_LTVKF,9.99702775935674e-05,0.0297224064326196,0.049492297706607,1.01540458678596,0
525,ac_ripple_rms,i2,40,5,RLS,9.99993145805702e-05,0.000685419429768963,0.0493601346856054,1.27973062878916,0
525,ac_ripple_rms,i2,40,5,TS_LTVKF,9.99718960640205e-05,0.0281039359794955,0.0494922103666876,1.01557926662482,0
526,ac_ripple_rms,i2,40,6,RLS,9.99969097386665e-05,0.00309026133351598,0.0493606445197158,1.27871096056849,0
526,ac_ripple_rms,i2,40,6,TS_LTVKF,9.99727625018179e-05,0.02723749818212,0.0494924742246523,1.01505155069539,0
527,ac_ripple_rms,i2,40,7,RLS,9.99956962748161e-05,0.00430372518394062,0.0493609578647568,1.27808427048643,0
527,ac_ripple_rms,i2,40,7,TS_LTVKF,9.9971871437195e-05,0.0281285628049854,0.0494924607051643,1.01507858967139,0
528,ac_ripple_rms,i2,40,8,RLS,9.99954732441132e-05,0.00452675588678009,0.0493630036070947,1.2739927858106,0
528,ac_ripple_rms,i2,40,8,TS_LTVKF,9.99714376223204e-05,0.0285623776795974,0.049491821393843,1.01635721231402,0
529,ac_ripple_rms,i2,40,9,RLS,9.99998409629134e-05,0.000159037086577829,0.0493577033647258,1.28459327054842,0
529,ac_ripple_rms,i2,40,9,TS_LTVKF,9.99747265338372e-05,0.0252734661628229,0.0494914535167646,1.01709296647081,0
530,ac_ripple_rms,i2,40,10,RLS,9.99971319165252e-05,0.00286808347479406,0.0493546122684631,1.29077546307371,0
530,ac_ripple_rms,i2,40,10,TS_LTVKF,9.99700532782249e-05,0.0299467217751315,0.0494927700713853,1.01445985722942,0
531,ac_ripple_rms,i2,40,11,RLS,9.99970285309507e-05,0.00297146904932877,0.0493602677083758,1.27946458324839,0
531,ac_ripple_rms,i2,40,11,TS_LTVKF,9.99710685574885e-05,0.0289314425114706,0.0494932438945825,1.01351221083503,0
532,ac_ripple_rms,i2,40,12,RLS,9.99959092248909e-05,0.00409077510910016,0.049360600403158,1.27879919368401,0
532,ac_ripple_rms,i2,40,12,TS_LTVKF,9.99681031821757e-05,0.0318968178243062,0.0494925256781399,1.01494864372026,0
533,ac_ripple_rms,i2,40,13,RLS,0.000100003125872547,0.00312587254749364,0.0493613916985648,1.27721660287047,0
533,ac_ripple_rms,i2,40,13,TS_LTVKF,9.99713977628913e-05,0.0286022371087324,0.0494937402263983,1.01251954720333,0
534,ac_ripple_rms,i2,40,14,RLS,9.999423283123e-05,0.00576716877003225,0.0493603924526246,1.27921509475081,0
534,ac_ripple_rms,i2,40,14,TS_LTVKF,9.99710100562065e-05,0.0289899437935004,0.0494925970944231,1.01480581115376,0
535,ac_ripple_rms,i2,40,15,RLS,0.000100002903475254,0.00290347525431223,0.049361543103463,1.27691379307394,0
535,ac_ripple_rms,i2,40,15,TS_LTVKF,9.99730332178025e-05,0.0269667821974573,0.0494930291128709,1.0139417742582,0
536,ac_ripple_rms,i2,40,16,RLS,0.00010000036645809,0.000366458089984256,0.0493598012226348,1.28039755473047,0
536,ac_ripple_rms,i2,40,16,TS_LTVKF,9.9971452226292e-05,0.028547773708032,0.0494926111824895,1.0147776350211,0
537,ac_ripple_rms,i2,40,17,RLS,9.99951651790345e-05,0.00483482096548249,0.0493577322389138,1.28453552217245,0
537,ac_ripple_rms,i2,40,17,TS_LTVKF,9.99735870463346e-05,0.026412953665389,0.0494918120723323,1.01637585533536,0
538,ac_ripple_rms,i2,40,18,RLS,9.9996291144783e-05,0.00370885521704389,0.0493607571356306,1.27848572873874,0
538,ac_ripple_rms,i2,40,18,TS_LTVKF,9.99712446904909e-05,0.0287553095090765,0.0494928527565318,1.01429448693647,0
539,ac_ripple_rms,i2,40,19,RLS,0.000100003208604355,0.00320860435463199,0.0493581398449433,1.28372031011348,0
539,ac_ripple_rms,i2,40,19,TS_LTVKF,9.99711306961302e-05,0.0288693038698162,0.0494926540758604,1.01469184827917,0
540,ac_ripple_rms,i2,40,20,RLS,0.000100000549447947,0.000549447947095771,0.0493616618428139,1.27667631437216,0
540,ac_ripple_rms,i2,40,20,TS_LTVKF,9.99731866211957e-05,0.0268133788043246,0.049491744450501,1.01651109899799,0
541,ac_ripple_rms,i2,50,1,RLS,9.9998360328352e-05,0.00163967164803491,0.0493602775334593,1.27944493308136,0
541,ac_ripple_rms,i2,50,1,TS_LTVKF,9.99710770649779e-05,0.0289229350221021,0.0494926727323016,1.01465453539686,0
542,ac_ripple_rms,i2,50,2,RLS,9.99990348248726e-05,0.000965175127387585,0.0493606719271506,1.27865614569874,0
542,ac_ripple_rms,i2,50,2,TS_LTVKF,9.99707919315168e-05,0.0292080684831886,0.049492653160439,1.01469367912199,0
543,ac_ripple_rms,i2,50,3,RLS,9.99976101534315e-05,0.00238984656845131,0.0493607099174854,1.27858016502915,0
543,ac_ripple_rms,i2,50,3,TS_LTVKF,9.99712356804916e-05,0.0287643195084231,0.0494926914707536,1.01461705849272,0
544,ac_ripple_rms,i2,50,4,RLS,9.9999225520911e-05,0.000774479089016289,0.0493596611710882,1.28067765782369,0
544,ac_ripple_rms,i2,50,4,TS_LTVKF,9.99708811010159e-05,0.029118898984104,0.0494927770511135,1.014445897773,0
545,ac_ripple_rms,i2,50,5,RLS,9.99988421707548e-05,0.00115782924519081,0.049360145821465,1.27970835707009,0
545,ac_ripple_rms,i2,50,5,TS_LTVKF,9.99712583564337e-05,0.0287416435662879,0.0494927169779488,1.01456604410235,0
546,ac_ripple_rms,i2,50,6,RLS,9.99982886055602e-05,0.00171139443979618,0.0493603071633395,1.27938567332093,0
546,ac_ripple_rms,i2,50,6,TS_LTVKF,9.99715645489818e-05,0.0284354510182272,0.0494927632462739,1.0144735074522,0
547,ac_ripple_rms,i2,50,7,RLS,9.99977404718182e-05,0.00225952818183606,0.0493604082415353,1.27918351692939,0
547,ac_ripple_rms,i2,50,7,TS_LTVKF,9.99713425571707e-05,0.0286574428292607,0.0494928566240367,1.01428675192656,0
548,ac_ripple_rms,i2,50,8,RLS,9.99976323741895e-05,0.00236762581051764,0.0493610553255953,1.27788934880946,0
548,ac_ripple_rms,i2,50,8,TS_LTVKF,9.99711869651093e-05,0.0288130348907401,0.0494925915481092,1.0148169037816,0
549,ac_ripple_rms,i2,50,9,RLS,9.9999202615352e-05,0.000797384647976962,0.049359377116497,1.28124576700599,0
549,ac_ripple_rms,i2,50,9,TS_LTVKF,9.99721406015151e-05,0.0278593984848863,0.0494924223829616,1.01515523407679,0
550,ac_ripple_rms,i2,50,10,RLS,9.99977272783834e-05,0.00227272161660297,0.0493584005164269,1.2831989671462,0
550,ac_ripple_rms,i2,50,10,TS_LTVKF,9.99706736316378e-05,0.0293263683622258,0.0494929013712177,1.01419725756464,0
551,ac_ripple_rms,i2,50,11,RLS,9.99978878365826e-05,0.00211216341738929,0.0493601886008791,1.27962279824184,0
551,ac_ripple_rms,i2,50,11,TS_LTVKF,9.99710776910667e-05,0.0289223089332658,0.049492992098151,1.01401580369808,0
552,ac_ripple_rms,i2,50,12,RLS,9.99979863845366e-05,0.00201361546344758,0.0493602949719244,1.27941005615124,0
552,ac_ripple_rms,i2,50,12,TS_LTVKF,9.99700051275995e-05,0.0299948724004961,0.0494927879378695,1.01442412426108,0
553,ac_ripple_rms,i2,50,13,RLS,9.9999686543116e-05,0.000313456883993535,0.0493605438081286,1.27891238374275,0
553,ac_ripple_rms,i2,50,13,TS_LTVKF,9.99711765624527e-05,0.0288234375472762,0.0494931596863024,1.01368062739523,0
554,ac_ripple_rms,i2,50,14,RLS,9.99972377894203e-05,0.00276221057968762,0.0493602283299762,1.27954334004751,0
554,ac_ripple_rms,i2,50,14,TS_LTVKF,9.99711655301708e-05,0.0288344698292531,0.0494927698609026,1.0144602781949,0
555,ac_ripple_rms,i2,50,15,RLS,0.000100000004830323,4.83032258635774e-06,0.0493605926093794,1.27881478124124,0
555,ac_ripple_rms,i2,50,15,TS_LTVKF,9.99717515636267e-05,0.0282484363733237,0.0494929516601442,1.01409667971158,0
556,ac_ripple_rms,i2,50,16,RLS,9.9999391092622e-05,0.000608907378008006,0.0493600424298623,1.27991514027543,0
556,ac_ripple_rms,i2,50,16,TS_LTVKF,9.99712950761639e-05,0.0287049238361314,0.0494929062127625,1.01418757447497,0
557,ac_ripple_rms,i2,50,17,RLS,9.99976770342213e-05,0.0023229657786783,0.049359386467197,1.28122706560593,0
557,ac_ripple_rms,i2,50,17,TS_LTVKF,9.99718615690135e-05,0.0281384309864907,0.0494926039791386,1.01479204172285,0
558,ac_ripple_rms,i2,50,18,RLS,9.99979124733246e-05,0.00208752667537615,0.0493603462577631,1.27930748447375,0
558,ac_ripple_rms,i2,50,18,TS_LTVKF,9.9971076590396e-05,0.0289234096040425,0.0494929036134581,1.01419277308373,0
559,ac_ripple_rms,i2,50,19,RLS,0.000100000059618634,5.96186336743187e-05,0.0493595167071764,1.28096658564725,0
559,ac_ripple_rms,i2,50,19,TS_LTVKF,9.99709537627279e-05,0.029046237272079,0.0494928832320321,1.01423353593588,0
560,ac_ripple_rms,i2,50,20,RLS,9.99996729327898e-05,0.000327067210159626,0.0493606295004784,1.27874099904315,0
560,ac_ripple_rms,i2,50,20,TS_LTVKF,9.99716764258195e-05,0.0283235741804666,0.0494926117150131,1.01477656997384,0
561,ac_ripple_rms,all,20,1,RLS,9.86062047922592e-05,1.39379520774083,0.0490432711010144,1.91345779797122,0
561,ac_ripple_rms,all,20,1,TS_LTVKF,9.96566405465359e-05,0.343359453464143,0.0496054007326508,0.789198534698499,0
562,ac_ripple_rms,all,20,2,RLS,0.000100600436388101,0.600436388100523,0.0481824548916154,3.63509021676927,0
562,ac_ripple_rms,all,20,2,TS_LTVKF,9.98222070191542e-05,0.177792980845759,0.0495792458925274,0.841508214945164,0
563,ac_ripple_rms,all,20,3,RLS,9.83541057674888e-05,1.64589423251125,0.0490478351614232,1.90432967715359,0
563,ac_ripple_rms,all,20,3,TS_LTVKF,0.000100039438218804,0.0394382188035891,0.0491849090187128,1.63018196257431,0
564,ac_ripple_rms,all,20,4,RLS,9.87956122443198e-05,1.20438775568023,0.0494779791944212,1.04404161115768,0
564,ac_ripple_rms,all,20,4,TS_LTVKF,9.99980032205972e-05,0.00199677940284637,0.0495656936797048,0.868612640590416,0
565,ac_ripple_rms,all,20,5,RLS,9.89026504614741e-05,1.09734953852586,0.0501988183697399,0.397636739479745,0
565,ac_ripple_rms,all,20,5,TS_LTVKF,9.99424505421818e-05,0.0575494578182512,0.0493890018316147,1.22199633677067,0
566,ac_ripple_rms,all,20,6,RLS,9.9987255163805e-05,0.0127448361950222,0.0498920567116192,0.215886576761648,0
566,ac_ripple_rms,all,20,6,TS_LTVKF,9.96614387070682e-05,0.338561292931838,0.0495875732487468,0.824853502506329,0
567,ac_ripple_rms,all,20,7,RLS,9.88578062979082e-05,1.14219370209179,0.0496142046514588,0.771590697082314,0
567,ac_ripple_rms,all,20,7,TS_LTVKF,9.95658901548496e-05,0.43410984515041,0.0495359224781316,0.928155043736856,0
568,ac_ripple_rms,all,20,8,RLS,9.92911425116196e-05,0.708857488380388,0.0499113335480334,0.177332903933136,0
568,ac_ripple_rms,all,20,8,TS_LTVKF,9.97639094569373e-05,0.236090543062706,0.0497223047563388,0.555390487322449,0
569,ac_ripple_rms,all,20,9,RLS,0.000100171118590748,0.171118590747965,0.0495220460192593,0.955907961481495,0
569,ac_ripple_rms,all,20,9,TS_LTVKF,9.98166696182628e-05,0.183330381737234,0.0493767598905479,1.24648021890419,0
570,ac_ripple_rms,all,20,10,RLS,9.89698894428376e-05,1.03011055716242,0.0501510349617627,0.302069923525328,0
570,ac_ripple_rms,all,20,10,TS_LTVKF,9.9774331640271e-05,0.225668359729025,0.0495673268394166,0.865346321166804,0
571,ac_ripple_rms,all,20,11,RLS,0.000100338933611829,0.338933611829306,0.050183865673333,0.367731346666034,0
571,ac_ripple_rms,all,20,11,TS_LTVKF,9.9762235209364e-05,0.237764790635986,0.0495608558695813,0.878288260837368,0
572,ac_ripple_rms,all,20,12,RLS,9.90760898941926e-05,0.923910105807368,0.0479583359832908,4.08332803341849,0
572,ac_ripple_rms,all,20,12,TS_LTVKF,9.98338697666308e-05,0.166130233369166,0.0494004612167086,1.19907756658288,0
573,ac_ripple_rms,all,20,13,RLS,9.96264045772433e-05,0.373595422756701,0.0486929404340635,2.61411913187308,0
573,ac_ripple_rms,all,20,13,TS_LTVKF,9.98603574357465e-05,0.139642564253473,0.04956526912616,0.869461747680011,0
574,ac_ripple_rms,all,20,14,RLS,0.000102024677268955,2.02467726895486,0.0491934655088773,1.61306898224545,0
574,ac_ripple_rms,all,20,14,TS_LTVKF,9.96650898556322e-05,0.334910144367817,0.0495626640477518,0.874671904496405,0
575,ac_ripple_rms,all,20,15,RLS,0.000100755409023394,0.755409023394349,0.0497222307086527,0.555538582694581,0
575,ac_ripple_rms,all,20,15,TS_LTVKF,9.97944599775395e-05,0.205540022460493,0.0492529638614407,1.49407227711862,0
576,ac_ripple_rms,all,20,16,RLS,9.84832737068597e-05,1.51672629314026,0.0506656284831003,1.33125696620067,0
576,ac_ripple_rms,all,20,16,TS_LTVKF,9.99246266406716e-05,0.0753733593284012,0.0494670425747531,1.06591485049385,0
577,ac_ripple_rms,all,20,17,RLS,0.000101175981635398,1.17598163539785,0.0490499384052648,1.90012318947047,0
577,ac_ripple_rms,all,20,17,TS_LTVKF,0.000100387750897887,0.387750897887451,0.0493253425209705,1.34931495805909,0
578,ac_ripple_rms,all,20,18,RLS,9.94606751225233e-05,0.539324877476721,0.0485451620398588,2.90967592028232,0
578,ac_ripple_rms,all,20,18,TS_LTVKF,9.99700083434044e-05,0.0299916565956071,0.0493820225999872,1.23595480002566,0
579,ac_ripple_rms,all,20,19,RLS,0.000100492814594833,0.492814594833324,0.0492461608014239,1.50767839715221,0
579,ac_ripple_rms,all,20,19,TS_LTVKF,0.000100330778132214,0.330778132213583,0.0496514999789809,0.697000042038176,0
580,ac_ripple_rms,all,20,20,RLS,9.99318428449549e-05,0.0681571550451121,0.0489391781313056,2.12164373738873,0
580,ac_ripple_rms,all,20,20,TS_LTVKF,0.000100238294842835,0.238294842834974,0.0495923044492836,0.815391101432772,0
581,ac_ripple_rms,all,30,1,RLS,9.95538282759556e-05,0.446171724044397,0.0492551535634132,1.48969287317358,0
581,ac_ripple_rms,all,30,1,TS_LTVKF,9.98160574755677e-05,0.183942524432257,0.0495199294492311,0.960141101537859,0
582,ac_ripple_rms,all,30,2,RLS,0.000100189274927309,0.189274927309224,0.0489824087773011,2.03518244539773,0
582,ac_ripple_rms,all,30,2,TS_LTVKF,0.000100005525517892,0.00552551789232414,0.0495363265544302,0.927346891139547,0
583,ac_ripple_rms,all,30,3,RLS,9.94741834968855e-05,0.525816503114507,0.0492676982304511,1.46460353909784,0
583,ac_ripple_rms,all,30,3,TS_LTVKF,9.99142151403489e-05,0.085784859651139,0.0494034149831609,1.19317003367824,0
584,ac_ripple_rms,all,30,4,RLS,9.96157265405671e-05,0.384273459432893,0.0493816720512692,1.23665589746162,0
584,ac_ripple_rms,all,30,4,TS_LTVKF,9.99489425839473e-05,0.0510574160527133,0.0495152466467639,0.969506706472112,0
585,ac_ripple_rms,all,30,5,RLS,9.96497160358782e-05,0.350283964121856,0.0496378801489276,0.724239702144858,0
585,ac_ripple_rms,all,30,5,TS_LTVKF,0.000100035361669306,0.0353616693058223,0.0494512605115391,1.09747897692174,0
586,ac_ripple_rms,all,30,6,RLS,9.99950274570462e-05,0.00497254295377392,0.0495207446528335,0.958510694333026,0
586,ac_ripple_rms,all,30,6,TS_LTVKF,9.960680287516e-05,0.393197124840017,0.0495246596583772,0.95068068324563,0
587,ac_ripple_rms,all,30,7,RLS,9.96366477039057e-05,0.363352296094299,0.0494390972668919,1.12180546621615,0
587,ac_ripple_rms,all,30,7,TS_LTVKF,9.97939742307233e-05,0.206025769276674,0.049523899639256,0.95220072148805,0
588,ac_ripple_rms,all,30,8,RLS,9.97730869242061e-05,0.226913075793866,0.0495372790122942,0.925441975411612,0
588,ac_ripple_rms,all,30,8,TS_LTVKF,9.99143911297426e-05,0.085608870257381,0.0495767707340105,0.846458531979088,0
589,ac_ripple_rms,all,30,9,RLS,0.000100053230432403,0.0532304324026178,0.0494106109214983,1.17877815700337,0
589,ac_ripple_rms,all,30,9,TS_LTVKF,9.96097740023975e-05,0.390225997602556,0.0494451865660868,1.1096268678264,0
590,ac_ripple_rms,all,30,10,RLS,9.96728194075429e-05,0.327180592457121,0.0496232604894877,0.753479021024583,0
590,ac_ripple_rms,all,30,10,TS_LTVKF,9.98072103746735e-05,0.192789625326473,0.0495167065330964,0.966586933807179,0
591,ac_ripple_rms,all,30,11,RLS,0.000100106327657006,0.106327657006045,0.0496308240200521,0.738351959895811,0
591,ac_ripple_rms,all,30,11,TS_LTVKF,9.90272167141374e-05,0.972783285862644,0.0495285736005065,0.942852798987059,0
592,ac_ripple_rms,all,30,12,RLS,9.97035029514e-05,0.296497048600031,0.0489008920097438,2.19821598051247,0
592,ac_ripple_rms,all,30,12,TS_LTVKF,9.99462916377133e-05,0.0537083622866641,0.0494746856602198,1.05062867956047,0
593,ac_ripple_rms,all,30,13,RLS,9.98800925461104e-05,0.119907453889645,0.0491521260836295,1.69574783274107,0
593,ac_ripple_rms,all,30,13,TS_LTVKF,9.99413605240184e-05,0.0586394759816145,0.0495201068095413,0.959786380917427,0
594,ac_ripple_rms,all,30,14,RLS,0.000100630594454787,0.630594454786748,0.0493144794698517,1.37104106029668,0
594,ac_ripple_rms,all,30,14,TS_LTVKF,9.99702662827625e-05,0.0297337172375345,0.0495159511533746,0.968097693250758,0
595,ac_ripple_rms,all,30,15,RLS,0.000100236347410986,0.236347410986015,0.0494781961338814,1.04360773223727,0
595,ac_ripple_rms,all,30,15,TS_LTVKF,9.98731622967843e-05,0.126837703215676,0.0494081351127316,1.1837297745367,0
596,ac_ripple_rms,all,30,16,RLS,9.95145124497054e-05,0.48548755029465,0.0497768156075769,0.446368784846296,0
596,ac_ripple_rms,all,30,16,TS_LTVKF,9.99763348341511e-05,0.0236651658489406,0.049493782031564,1.01243593687195,0
597,ac_ripple_rms,all,30,17,RLS,0.000100366472026224,0.366472026223796,0.0492459244157938,1.50815116841247,0
597,ac_ripple_rms,all,30,17,TS_LTVKF,0.00010011429847657,0.114298476569763,0.0494256813095476,1.14863738090473,0
598,ac_ripple_rms,all,30,18,RLS,9.98283777661309e-05,0.171622233869095,0.0490855326915421,1.82893461691577,0
598,ac_ripple_rms,all,30,18,TS_LTVKF,9.99807174584321e-05,0.0192825415678777,0.0494749390684581,1.05012186308375,0
599,ac_ripple_rms,all,30,19,RLS,0.0001001547496412,0.15474964120048,0.0493274211102447,1.3451577795106,0
599,ac_ripple_rms,all,30,19,TS_LTVKF,0.000100105314322094,0.105314322094352,0.0495528526307934,0.894294738413248,0
600,ac_ripple_rms,all,30,20,RLS,9.99753600009917e-05,0.024639999008258,0.0492408720785098,1.51825584298042,0
600,ac_ripple_rms,all,30,20,TS_LTVKF,0.000100139449635934,0.139449635934352,0.0495024558330224,0.995088333955252,0
601,ac_ripple_rms,all,40,1,RLS,9.98571400864776e-05,0.142859913522386,0.0493223921017015,1.35521579659699,0
601,ac_ripple_rms,all,40,1,TS_LTVKF,9.99126384474004e-05,0.0873615525995963,0.0495047791306826,0.990441738634884,0
602,ac_ripple_rms,all,40,2,RLS,0.000100059857774997,0.0598577749966633,0.0492431405354363,1.51371892912748,0
602,ac_ripple_rms,all,40,2,TS_LTVKF,9.99902465447404e-05,0.00975345525959792,0.0495099608864626,0.980078227074854,0
603,ac_ripple_rms,all,40,3,RLS,9.98319925432622e-05,0.168007456737829,0.0493412621500982,1.31747569980366,0
603,ac_ripple_rms,all,40,3,TS_LTVKF,9.99417442619464e-05,0.0582557380536253,0.049470187623062,1.05962475387597,0
604,ac_ripple_rms,all,40,4,RLS,9.9877477035459e-05,0.122522964541016,0.0493591931027218,1.2816137945565,0
604,ac_ripple_rms,all,40,4,TS_LTVKF,9.99527651720885e-05,0.047234827911502,0.0495009520506713,0.998095898657447,0
605,ac_ripple_rms,all,40,5,RLS,9.98878193591532e-05,0.112180640846848,0.0494519000395789,1.09619992084219,0
605,ac_ripple_rms,all,40,5,TS_LTVKF,0.000100001621143207,0.00162114320667595,0.0494804176457175,1.03916470856497,0
606,ac_ripple_rms,all,40,6,RLS,9.9997108241568e-05,0.00289175843196654,0.0494183623266486,1.16327534670284,0
606,ac_ripple_rms,all,40,6,TS_LTVKF,9.99429565629757e-05,0.0570434370243067,0.049507580515432,0.984838969135993,0
607,ac_ripple_rms,all,40,7,RLS,9.98845841887085e-05,0.115415811291553,0.0493865757989426,1.22684840211481,0
607,ac_ripple_rms,all,40,7,TS_LTVKF,9.99052060411197e-05,0.0947939588803348,0.0495088988644796,0.982202271040755,0
608,ac_ripple_rms,all,40,8,RLS,9.99269765707798e-05,0.0730234292202203,0.0494243786184772,1.15124276304559,0
608,ac_ripple_rms,all,40,8,TS_LTVKF,9.99560915297317e-05,0.0439084702682946,0.0495193453203066,0.961309359386875,0
609,ac_ripple_rms,all,40,9,RLS,0.000100015252857205,0.0152528572053612,0.0493603993544794,1.27920129104117,0
609,ac_ripple_rms,all,40,9,TS_LTVKF,9.99245147863436e-05,0.0754852136563899,0.0494837334193853,1.03253316122937,0
610,ac_ripple_rms,all,40,10,RLS,9.98969767012391e-05,0.103023298760874,0.0494587546244752,1.08249075104961,0
610,ac_ripple_rms,all,40,10,TS_LTVKF,9.99003734415631e-05,0.0996265584369271,0.0495064647425923,0.987070514815391,0
611,ac_ripple_rms,all,40,11,RLS,0.000100032447825476,0.0324478254757787,0.0494384052690051,1.1231894619899,0
611,ac_ripple_rms,all,40,11,TS_LTVKF,9.99480539562269e-05,0.0519460437731101,0.0495099345675386,0.980130864922846,0
612,ac_ripple_rms,all,40,12,RLS,9.99042165142785e-05,0.0957834857215456,0.0492107867980225,1.57842640395501,0
612,ac_ripple_rms,all,40,12,TS_LTVKF,9.9959446972382e-05,0.0405530276180177,0.0494903549273397,1.01929014532054,0
613,ac_ripple_rms,all,40,13,RLS,9.99599610619918e-05,0.0400389380082466,0.0492933996662203,1.41320066755934,0
613,ac_ripple_rms,all,40,13,TS_LTVKF,9.9950368767257e-05,0.0496312327430526,0.049506819337822,0.986361324356089,0
614,ac_ripple_rms,all,40,14,RLS,0.000100197928341741,0.197928341741127,0.0493489448878218,1.3021102243565,0
614,ac_ripple_rms,all,40,14,TS_LTVKF,9.9983948263385e-05,0.0160517366150081,0.0495048742629627,0.990251474074655,0
615,ac_ripple_rms,all,40,15,RLS,0.000100073524247894,0.0735242478938858,0.049408437006023,1.18312598795405,0
615,ac_ripple_rms,all,40,15,TS_LTVKF,9.99350181821643e-05,0.0649818178357409,0.0494678241661072,1.06435166778558,0
616,ac_ripple_rms,all,40,16,RLS,9.98451210492844e-05,0.154878950715653,0.0495079665513346,0.98406689733076,0
616,ac_ripple_rms,all,40,16,TS_LTVKF,9.99739218810836e-05,0.0260781189163839,0.049497761209175,1.00447758164995,0
617,ac_ripple_rms,all,40,17,RLS,0.000100113163568358,0.113163568358443,0.0493205248277121,1.35895034457585,0
617,ac_ripple_rms,all,40,17,TS_LTVKF,0.000100003677347029,0.0036773470291962,0.0494733931421905,1.05321371561902,0
618,ac_ripple_rms,all,40,18,RLS,9.99459003014708e-05,0.0540996985292086,0.0492741444857581,1.45171102848379,0
618,ac_ripple_rms,all,40,18,TS_LTVKF,9.99675964228167e-05,0.0324035771832598,0.0494892171818682,1.02156563626367,0
619,ac_ripple_rms,all,40,19,RLS,0.000100049077826193,0.0490778261927449,0.0493555904315333,1.28881913693341,0
619,ac_ripple_rms,all,40,19,TS_LTVKF,0.000100017427604874,0.0174276048738653,0.0495117231945586,0.976553610882858,0
620,ac_ripple_rms,all,40,20,RLS,9.99909392422836e-05,0.00906075771642811,0.049330309711228,1.33938057754396,0
620,ac_ripple_rms,all,40,20,TS_LTVKF,0.000100031898889681,0.0318988896812034,0.0495008480789193,0.998303842161341,0
621,ac_ripple_rms,all,50,1,RLS,9.99539033043026e-05,0.0460966956973952,0.0493450133987669,1.30997320246624,0
621,ac_ripple_rms,all,50,1,TS_LTVKF,9.99469399769134e-05,0.0530600230866152,0.0494994301163705,1.00113976725907,0
622,ac_ripple_rms,all,50,2,RLS,0.00010001664468988,0.0166446898802741,0.0493246510834306,1.35069783313879,0
622,ac_ripple_rms,all,50,2,TS_LTVKF,9.99671318275449e-05,0.0328681724550584,0.0495001407457485,0.999718508502945,0
623,ac_ripple_rms,all,50,3,RLS,9.99460473940353e-05,0.0539526059647355,0.0493563881163494,1.28722376730114,0
623,ac_ripple_rms,all,50,3,TS_LTVKF,9.99531052281009e-05,0.0468947718991086,0.0494878788261366,1.02424234772674,0
624,ac_ripple_rms,all,50,4,RLS,9.99606733323219e-05,0.0393266676780746,0.0493630810115499,1.27383797690019,0
624,ac_ripple_rms,all,50,4,TS_LTVKF,9.99600876646701e-05,0.0399123353299169,0.0494977063314984,1.0045873370032,0
625,ac_ripple_rms,all,50,5,RLS,9.99642782542078e-05,0.0357217457921499,0.0493921876766555,1.21562464668902,0
625,ac_ripple_rms,all,50,5,TS_LTVKF,9.99746664586509e-05,0.0253335413490818,0.0494896953390884,1.02060932182318,0
626,ac_ripple_rms,all,50,6,RLS,9.99978941460034e-05,0.00210585399664787,0.0493755643882112,1.24887122357764,0
626,ac_ripple_rms,all,50,6,TS_LTVKF,9.99520328672847e-05,0.0479671327152986,0.0495010944246051,0.997811150789785,0
627,ac_ripple_rms,all,50,7,RLS,9.99631531692952e-05,0.036846830704762,0.0493680016792526,1.2639966414949,0
627,ac_ripple_rms,all,50,7,TS_LTVKF,9.99450029918034e-05,0.0549970081966222,0.0494987152175685,1.00256956486308,0
628,ac_ripple_rms,all,50,8,RLS,9.99754952931134e-05,0.0245047068865745,0.0493880915676276,1.22381686474471,0
628,ac_ripple_rms,all,50,8,TS_LTVKF,9.99587732658344e-05,0.0412267341656003,0.0495027437225097,0.994512554980609,0
629,ac_ripple_rms,all,50,9,RLS,0.000100003239877293,0.00323987729253794,0.049371739459498,1.25652108100409,0
629,ac_ripple_rms,all,50,9,TS_LTVKF,9.99492405918351e-05,0.050759408164891,0.0494933533492031,1.01329330159385,0
630,ac_ripple_rms,all,50,10,RLS,9.99658400698955e-05,0.0341599301044826,0.0493913072053719,1.21738558925611,0
630,ac_ripple_rms,all,50,10,TS_LTVKF,9.99429674632817e-05,0.0570325367183488,0.0494977255640705,1.00454887185907,0
631,ac_ripple_rms,all,50,11,RLS,0.000100009074818188,0.0090748181883038,0.0493863422517606,1.22731549647885,0
631,ac_ripple_rms,all,50,11,TS_LTVKF,9.99549352014163e-05,0.0450647985836938,0.0495005710699602,0.998857860079638,0
632,ac_ripple_rms,all,50,12,RLS,9.99677400715735e-05,0.0322599284265479,0.0493100809975087,1.37983800498255,0
632,ac_ripple_rms,all,50,12,TS_LTVKF,9.99580711516274e-05,0.041928848372641,0.0494942452244388,1.0115095511225,0
633,ac_ripple_rms,all,50,13,RLS,9.99852149696423e-05,0.0147850303576669,0.0493407266919741,1.3185466160519,0
633,ac_ripple_rms,all,50,13,TS_LTVKF,9.99559575612851e-05,0.0440424387149196,0.0494992173054181,1.00156538916387,0
634,ac_ripple_rms,all,50,14,RLS,0.000100060776948554,0.0607769485541532,0.0493589904326184,1.28201913476323,0
634,ac_ripple_rms,all,50,14,TS_LTVKF,9.99660148806478e-05,0.0339851193521534,0.0494987453886758,1.00250922264837,0
635,ac_ripple_rms,all,50,15,RLS,0.000100021008745131,0.0210087451313123,0.0493775229014275,1.24495419714499,0
635,ac_ripple_rms,all,50,15,TS_LTVKF,9.99516663883296e-05,0.0483336116704147,0.0494867287145219,1.02654257095629,0
636,ac_ripple_rms,all,50,16,RLS,9.99490698599406e-05,0.050930140059402,0.0494073282638674,1.18534347226522,0
636,ac_ripple_rms,all,50,16,TS_LTVKF,9.99643808607546e-05,0.0356191392454241,0.0494993716462174,1.00125670756523,0
637,ac_ripple_rms,all,50,17,RLS,0.00010003587819664,0.0358781966401267,0.0493587412581775,1.28251748364506,0
637,ac_ripple_rms,all,50,17,TS_LTVKF,9.99714796853066e-05,0.0285203146934254,0.0494892636616553,1.02147267668947,0
638,ac_ripple_rms,all,50,18,RLS,9.9981935474513e-05,0.0180645254869605,0.0493328707962698,1.3342584074604,0
638,ac_ripple_rms,all,50,18,TS_LTVKF,9.996176020067e-05,0.0382397993299866,0.0494923367719432,1.01532645611356,0
639,ac_ripple_rms,all,50,19,RLS,0.000100015030681971,0.0150306819713952,0.0493579308586071,1.28413828278584,0
639,ac_ripple_rms,all,50,19,TS_LTVKF,9.99780478685034e-05,0.0219521314966054,0.0494996228324508,1.00075433509835,0
640,ac_ripple_rms,all,50,20,RLS,9.99967891395928e-05,0.00321086040719898,0.0493540320758532,1.29193584829356,0
640,ac_ripple_rms,all,50,20,TS_LTVKF,9.99815904197645e-05,0.0184095802355011,0.0494980950848455,1.00380983030907,0
